time_s,all_spc_force_z_N,guide_spc_force_z_N,guide_records
4.5e-08,0.0,0.0,0
2.025e-06,1.6562835999999997e-91,0.0,0
4.005e-06,2.2845908000000004e-59,0.0,0
6.03e-06,1.4990442000000006e-48,0.0,0
8.01e-06,5.522990000000005e-43,0.0,0
1.0035e-05,4.2107835999999996e-39,0.0,0
1.20145e-05,3.0969732000000026e-36,0.0,0
1.40371e-05,6.824511999999997e-34,0.0,0
1.60103e-05,5.373610800000005e-32,0.0,0
1.80233e-05,2.3787124000000005e-30,0.0,0
2.0037e-05,6.325723199999995e-29,0.0,0
2.20165e-05,1.0759285999999988e-27,0.0,0
2.40415e-05,1.414682799999999e-26,0.0,0
2.60215e-05,1.3560634000000013e-25,0.0,0
2.80015e-05,1.0504116000000013e-24,0.0,0
3.00265e-05,7.078374000000003e-24,0.0,0
3.20061e-05,3.914622e-23,0.0,0
3.40281e-05,1.9610673999999955e-22,0.0,0
3.60074e-05,8.459897999999997e-22,0.0,0
3.80323e-05,3.405348800000004e-21,0.0,0
4.00121e-05,1.216096399999999e-20,0.0,0
4.20364e-05,4.1247044e-20,0.0,0
4.40138e-05,1.2683287999999995e-19,0.0,0
4.60352e-05,3.751955999999996e-19,0.0,0
4.80085e-05,1.0227978000000008e-18,0.0,0
5.00217e-05,2.7027841999999982e-18,0.0,0
5.20286e-05,6.793894e-18,0.0,0
5.40282e-05,1.631462800000001e-17,0.0,0
5.60209e-05,3.7582872000000014e-17,0.0,0
5.80078e-05,8.338984000000003e-17,0.0,0
6.00348e-05,1.8188024e-16,0.0,0
6.20158e-05,3.7822676000000003e-16,0.0,0
6.4013e-05,7.695195999999981e-16,0.0,0
6.6037e-05,1.5396795999999997e-15,0.0,0
6.80174e-05,2.9633901999999986e-15,0.0,0
7.00008e-05,5.5848544000000055e-15,0.0,0
7.20142e-05,1.0406211999999988e-14,0.0,0
7.40217e-05,1.8975220000000007e-14,0.0,0
7.60248e-05,3.392303600000002e-14,0.0,0
7.80249e-05,5.955416799999993e-14,0.0,0
8.00242e-05,1.0283944000000006e-13,0.0,0
8.20199e-05,1.7473834000000002e-13,0.0,0
8.40105e-05,2.922890599999998e-13,0.0,0
8.60391e-05,4.869192000000002e-13,0.0,0
8.80173e-05,7.907254000000009e-13,0.0,0
9.0034e-05,1.2802735999999998e-12,0.0,0
9.20037e-05,2.026518799999999e-12,0.0,0
9.4001e-05,3.1931592000000004e-12,0.0,0
9.60438e-05,5.0297020000000034e-12,0.0,0
9.8039e-05,7.759976000000003e-12,0.0,0
0.000100036,1.1861461999999994e-11,0.0,0
0.000102033,1.7967321999999992e-11,0.0,0
0.000104031,2.699633600000001e-11,0.0,0
0.00010603,4.023227600000001e-11,0.0,0
0.000108032,5.951731599999995e-11,0.0,0
0.000110032,8.734720000000001e-11,0.0,0
0.000112028,1.2712094000000002e-10,0.0,0
0.000114021,1.8357306e-10,0.0,0
0.00011601,2.6339939999999975e-10,0.0,0
0.000118042,3.784222399999996e-10,0.0,0
0.000120029,5.357049999999999e-10,0.0,0
0.000122013,7.534016000000002e-10,0.0,0
0.000124006,1.0549112e-09,0.0,0
0.000126002,1.469632599999999e-09,0.0,0
0.000128001,2.0428032000000002e-09,0.0,0
0.000130025,2.8342021999999966e-09,0.0,0
0.000132001,3.8762644e-09,0.0,0
0.000134005,5.298248800000005e-09,0.0,0
0.000136006,7.205943999999996e-09,0.0,0
0.000138008,9.754033999999992e-09,0.0,0
0.000140021,1.3166841999999984e-08,0.0,0
0.000142039,1.7709702000000015e-08,0.0,0
0.000144014,2.3575366000000002e-08,0.0,0
0.00014603,3.1449823999999964e-08,0.0,0
0.000148035,4.172292400000003e-08,0.0,0
0.000150037,5.512759600000002e-08,0.0,0
0.000152035,7.254071999999999e-08,0.0,0
0.000154041,9.522003999999992e-08,0.0,0
0.000156044,1.2450665999999995e-07,0.0,0
0.000158042,1.6219302000000002e-07,0.0,0
0.000160038,2.1055701999999986e-07,0.0,0
0.000162032,2.7248024000000004e-07,0.0,0
0.000164027,3.515868000000003e-07,0.0,0
0.000166034,4.5306251999999957e-07,0.0,0
0.000168003,5.794350000000003e-07,0.0,0
0.000170011,7.425670000000017e-07,0.0,0
0.000172011,9.480934000000007e-07,0.0,0
0.000174005,1.2067591999999996e-06,0.0,0
0.000176004,1.5331503999999996e-06,0.0,0
0.000178044,1.9528086e-06,0.0,0
0.000180037,2.4676942000000015e-06,0.0,0
0.000182029,3.110702399999999e-06,0.0,0
0.00018403,3.9152415999999995e-06,0.0,0
0.000186035,4.919684000000004e-06,0.0,0
0.000188036,6.1667652e-06,0.0,0
0.000190038,7.717499999999997e-06,0.0,0
0.000192002,9.602552000000004e-06,0.0,0
0.000194005,1.1982453999999998e-05,0.0,0
0.000196002,1.4915843999999987e-05,0.0,0
0.000198044,1.8623018e-05,0.0,0
0.000200001,2.3004803999999984e-05,0.0,0
0.000202006,2.8523503999999993e-05,0.0,0
0.000204011,3.533021999999996e-05,0.0,0
0.000206016,4.3707576e-05,0.0,0
0.000208022,5.396300800000006e-05,0.0,0
0.000210027,6.639294e-05,0.0,0
0.000212031,8.126294000000003e-05,0.0,0
0.000214033,9.883843999999989e-05,0.0,0
0.000216034,0.00011941455999999992,0.0,0
0.000218035,0.0001433610400000001,0.0,0
0.000220037,0.0001711359799999999,0.0,0
0.000222039,0.0002032862999999998,0.0,0
0.000224041,0.0002404482399999997,0.0,0
0.000226002,0.00028245528000000043,0.0,0
0.000228017,0.00033222200000000024,0.0,0
0.000230043,0.0003900234400000001,0.0,0
0.000232023,0.0004551202799999997,0.0,0
0.000234001,0.0005298872000000003,0.0,0
0.000236022,0.0006176529600000001,0.0,0
0.000238043,0.0007186117999999994,0.0,0
0.000240017,0.0008316267999999998,0.0,0
0.000242029,0.0009634913999999996,0.0,0
0.000244038,0.0011141443999999987,0.0,0
0.000246002,0.0012822036000000008,0.0,0
0.000248012,0.0014781259999999997,0.0,0
0.000250023,0.0017014844000000004,0.0,0
0.000252035,0.0019557854,0.0,0
0.000254002,0.002237933799999998,0.0,0
0.000256013,0.002564729199999998,0.0,0
0.000258033,0.002936993999999998,0.0,0
0.000260013,0.0033497139999999984,0.0,0
0.000262036,0.0038261263999999954,0.0,0
0.000264007,0.004349427599999999,0.0,0
0.000266014,0.004949922800000003,0.0,0
0.000268017,0.005624099600000002,0.0,0
0.000270018,0.006381579600000006,0.0,0
0.000272037,0.0072394659999999965,0.0,0
0.00027401,0.008179728000000004,0.0,0
0.000276024,0.009254546,0.0,0
0.000278034,0.010454867999999996,0.0,0
0.000280044,0.011796903999999999,0.0,0
0.000282023,0.013270763999999973,0.0,0
0.000284006,0.014916092000000013,0.0,0
0.000286031,0.016788031999999984,0.0,0
0.000288007,0.018819725999999995,0.0,0
0.000290024,0.021123414000000035,0.0,0
0.000292036,0.023676348000000003,0.0,0
0.000294041,0.02649943000000006,0.0,0
0.000296003,0.029557947999999962,0.0,0
0.000298009,0.033013672,0.0,0
0.000300013,0.03683323200000006,0.0,0
0.000302008,0.04103287200000006,0.0,0
0.000304025,0.04571714000000005,0.0,0
0.000306042,0.05088635200000006,0.0,0
0.000308019,0.056468060000000056,0.0,0
0.000310037,0.06273436800000005,0.0,0
0.000312007,0.06945409999999996,0.0,0
0.00031402,0.07699515999999997,0.0,0
0.000316041,0.0853087799999999,0.0,0
0.000318027,0.09426911999999991,0.0,0
0.000320002,0.10401601999999997,0.0,0
0.000322014,0.11488404000000002,0.0,0
0.000324018,0.12671973999999986,0.0,0
0.000326028,0.13969857999999968,0.0,0
0.000328036,0.15385818,0.0,0
0.000330001,0.16895316000000019,0.0,0
0.000332012,0.1857842000000005,0.0,0
0.000334024,0.20413598000000008,0.0,0
0.000336032,0.2240653400000002,0.0,0
0.000338045,0.24579789999999987,0.0,0
0.000340027,0.26904668000000054,0.0,0
0.000342003,0.2941750399999997,0.0,0
0.000344019,0.3219849200000001,0.0,0
0.000346029,0.35204119999999994,0.0,0
0.000348034,0.38453896000000026,0.0,0
0.00035004,0.4197100399999995,0.0,0
0.000352002,0.45689891999999815,0.0,0
0.000354007,0.49794012000000154,0.0,0
0.000356004,0.5420968400000008,0.0,0
0.000358037,0.5906260399999992,0.0,0
0.000360017,0.6415965999999992,0.0,0
0.000362033,0.6975188000000001,0.0,0
0.000364001,0.756279800000001,0.0,0
0.000366026,0.8213620000000003,0.0,0
0.000368044,0.8911278000000018,0.0,0
0.000370013,0.9642651999999988,0.0,0
0.00037201,1.0439253999999987,0.0,0
0.00037403,1.1303850000000013,0.0,0
0.000376006,1.2210993999999962,0.0,0
0.000378008,1.3195951999999984,0.0,0
0.000380015,1.4253782000000026,0.0,0
0.000382023,1.5386536,0.0,0
0.00038403,1.6598455999999988,0.0,0
0.000386036,1.789441399999997,0.0,0
0.000388043,1.927934999999998,0.0,0
0.000390005,2.072493000000001,0.0,0
0.000392013,2.2302187999999967,0.0,0
0.000394017,2.3982385999999902,0.0,0
0.000396019,2.5771829999999962,0.0,0
0.000398029,2.768575600000008,0.0,0
0.000400041,2.9726019999999993,0.0,0
0.000402007,3.184733400000003,0.0,0
0.000404021,3.4157543999999964,0.0,0
0.000406034,3.661354400000003,0.0,0
0.000408001,3.916078399999999,0.0,0
0.00041001,4.192271199999996,0.0,0
0.000412018,4.485394399999995,0.0,0
0.000414027,4.796341599999994,0.0,0
0.000416037,5.1262615999999985,0.0,0
0.000418007,5.468841600000014,0.0,0
0.000420027,5.840475199999988,0.0,0
0.00042201,6.226830399999994,0.0,0
0.000424027,6.642476000000012,0.0,0
0.000426033,7.0795980000000025,0.0,0
0.000428031,7.539667999999998,0.0,0
0.000430022,8.02385999999999,0.0,0
0.00043201,8.534017999999982,0.0,0
0.000434043,9.084707999999978,0.0,0
0.000436009,9.645943999999993,0.0,0
0.000438019,10.250802000000007,0.0,0
0.000440027,10.887788000000024,0.0,0
0.000442039,11.559613999999986,0.0,0
0.000444002,12.249551999999987,0.0,0
0.000446003,12.989074000000006,0.0,0
0.000448003,13.766303999999982,0.0,0
0.00045,14.582102000000024,0.0,0
0.000452039,15.457152000000026,0.0,0
0.000454031,16.355241999999993,0.0,0
0.000456038,17.304792000000038,0.0,0
0.00045802,18.288754000000015,0.0,0
0.000460037,19.338457999999964,0.0,0
0.000462036,20.42966000000003,0.0,0
0.000464032,21.570664000000058,0.0,0
0.000466027,22.764833999999933,0.0,0
0.00046803,24.01953800000002,0.0,0
0.000470002,25.31216599999999,0.0,0
0.000472003,26.683862000000122,0.0,0
0.000474007,28.11909600000003,0.0,0
0.000476012,29.61969399999997,0.0,0
0.000478016,31.187139999999896,0.0,0
0.000480018,32.82207599999991,0.0,0
0.000482037,34.542760000000044,0.0,0
0.000484012,36.29858799999999,0.0,0
0.00048603,38.16978000000008,0.0,0
0.000488002,40.075196000000034,0.0,0
0.000490022,42.10875600000004,0.0,0
0.000492027,44.21186800000017,0.0,0
0.000494038,46.40793599999989,0.0,0
0.000496007,48.645787999999946,0.0,0
0.000498025,51.029996000000104,0.0,0
0.00050004,53.50671200000008,0.0,0
0.00050201,56.02367599999985,0.0,0
0.000504002,58.66811200000008,0.0,0
0.000506035,61.47062000000007,0.0,0
0.000508014,64.30372000000006,0.0,0
0.000510034,67.30480000000003,0.0,0
0.000512004,70.34201999999974,0.0,0
0.000514016,73.5575599999998,0.0,0
0.000516019,76.87644000000012,0.0,0
0.000518032,80.3346399999999,0.0,0
0.000520003,83.84089999999985,0.0,0
0.000522016,87.54882000000015,0.0,0
0.000524027,91.3840599999998,0.0,0
0.000526035,95.34856000000006,0.0,0
0.000528043,99.44829999999985,0.0,0
0.000530004,103.58881999999996,0.0,0
0.000532013,107.97257999999997,0.0,0
0.000534022,112.50268000000025,0.0,0
0.000536032,117.18376000000009,0.0,0
0.000538041,122.01920000000014,0.0,0
0.000540006,126.8963200000003,0.0,0
0.000542013,132.03756,0.0,0
0.00054402,137.34238000000022,0.0,0
0.000546028,142.81464000000017,0.0,0
0.000548036,148.45878000000008,0.0,0
0.000550042,154.26722,0.0,0
0.000552001,160.11126000000013,0.0,0
0.000554009,166.2732200000003,0.0,0
0.000556014,172.61598000000055,0.0,0
0.000558016,179.12783999999976,0.0,0
0.000560023,185.84724,0.0,0
0.000562021,192.72760000000076,0.0,0
0.000564023,199.8147999999997,0.0,0
0.000566034,207.1280200000007,0.0,0
0.000568044,214.64760000000018,0.0,0
0.000570016,222.21678000000048,0.0,0
0.000572032,230.1675999999996,0.0,0
0.000574003,238.1436199999996,0.0,0
0.000576022,246.52690000000015,0.0,0
0.000578,254.95839999999876,0.0,0
0.000580025,263.7999800000003,0.0,0
0.000582,272.6408399999993,0.0,0
0.000584019,281.91122000000047,0.0,0
0.000586044,291.43214000000006,0.0,0
0.000588018,300.9504200000005,0.0,0
0.000590034,310.8884399999996,0.0,0
0.000592004,320.83803999999964,0.0,0
0.000594018,331.2441199999993,0.0,0
0.000596031,341.8879600000005,0.0,0
0.000598037,352.7360000000005,0.0,0
0.00060004,363.808,0.0,0
0.00060204,375.11007999999924,0.0,0
0.000604039,386.64991999999916,0.0,0
0.000606044,398.47396000000055,0.0,0
0.000608003,410.2819200000002,0.0,0
0.000610008,422.6019200000011,0.0,0
0.000612011,435.1680000000003,0.0,0
0.000614012,447.98400000000066,0.0,0
0.000616013,461.05339999999825,0.0,0
0.000618015,474.38404000000037,0.0,0
0.000620018,487.9840000000007,0.0,0
0.000622024,501.8659200000002,0.0,0
0.000624039,516.0747599999999,0.0,0
0.000626005,530.2019199999995,0.0,0
0.000628016,544.9021200000004,0.0,0
0.000630025,559.859920000002,0.0,0
0.000632031,575.0720000000006,0.0,0
0.000634035,590.5243600000006,0.0,0
0.000636036,606.218759999998,0.0,0
0.000638001,621.8940400000004,0.0,0
0.000640015,638.2179200000024,0.0,0
0.000642029,654.8160000000006,0.0,0
0.000644033,671.6010000000018,0.0,0
0.000646042,688.6889999999987,0.0,0
0.000648009,705.6861999999995,0.0,0
0.00065002,723.3213999999988,0.0,0
0.000652032,741.2382000000011,0.0,0
0.000654002,759.032199999999,0.0,0
0.000656013,777.4561999999996,0.0,0
0.000658023,796.1375999999991,0.0,0
0.000660027,815.0280000000001,0.0,0
0.000662023,834.0985999999988,0.0,0
0.000664015,853.3783999999989,0.0,0
0.000666016,873.0053999999994,0.0,0
0.000668025,892.9564000000012,0.0,0
0.000670027,913.1038000000003,0.0,0
0.000672037,933.5757999999988,0.0,0
0.000674041,954.224199999998,0.0,0
0.000676029,974.9601999999959,0.0,0
0.000678012,995.8878000000002,0.0,0
0.000680037,1017.4942000000046,0.0,0
0.000682023,1038.916800000001,0.0,0
0.000684018,1060.6659999999995,0.0,0
0.000686007,1082.5876000000005,0.0,0
0.000688034,1105.1524,0.0,0
0.000690011,1127.3907999999992,0.0,0
0.000692023,1150.2344000000037,0.0,0
0.000694032,1173.2575999999997,0.0,0
0.000696038,1196.4714000000022,0.0,0
0.000698041,1219.8573999999976,0.0,0
0.0007,1242.9317999999982,0.0,0
0.000702005,1266.7370000000014,0.0,0
0.000704012,1290.7810000000031,0.0,0
0.000706016,1314.9778,0.0,0
0.000708044,1339.6508000000001,0.0,0
0.000710003,1363.6649999999947,0.0,0
0.000712003,1388.370599999998,0.0,0
0.000714012,1413.3507999999986,0.0,0
0.000716026,1438.5695999999982,0.0,0
0.000718033,1463.8743999999997,0.0,0
0.000720017,1489.0296000000046,0.0,0
0.000722042,1514.8808,0.0,0
0.000724032,1540.4327999999969,0.0,0
0.00072603,1566.2227999999968,0.0,0
0.000728021,1592.0620000000035,0.0,0
0.000730005,1617.9280000000056,0.0,0
0.000732028,1644.4794000000002,0.0,0
0.000734002,1670.4760000000024,0.0,0
0.000736015,1697.1119999999996,0.0,0
0.000738025,1723.7678000000074,0.0,0
0.000740034,1750.5654000000004,0.0,0
0.00074203,1777.2841999999928,0.0,0
0.000744043,1804.3242000000014,0.0,0
0.000746035,1831.195799999993,0.0,0
0.000748018,1857.9930000000038,0.0,0
0.000750035,1885.286600000006,0.0,0
0.000752014,1912.2010000000025,0.0,0
0.000754038,1939.7570000000003,0.0,0
0.000756018,1966.760200000001,0.0,0
0.000758043,1994.4037999999916,0.0,0
0.00076002,2021.4442000000029,0.0,0
0.000762039,2049.116199999999,0.0,0
0.000764033,2076.4081999999994,0.0,0
0.000766038,2103.919800000004,0.0,0
0.000768009,2130.956000000002,0.0,0
0.000770024,2158.5638000000004,0.0,0
0.000772038,2186.159799999998,0.0,0
0.000774007,2213.116200000005,0.0,0
0.000776025,2240.644200000008,0.0,0
0.000778044,2268.1585999999943,0.0,0
0.000780016,2294.8934000000017,0.0,0
0.000782034,2322.1522000000036,0.0,0
0.000784002,2348.232200000002,0.0,0
0.000786011,2373.9194000000007,0.0,0
0.000788023,2387.6081999999974,0.0,0
0.000790033,2401.2841999999973,0.0,0
0.00079204,2414.8842000000022,0.0,0
0.000794005,2428.164200000001,0.0,0
0.000796014,2441.755799999997,0.0,0
0.000798024,2455.272199999997,0.0,0
0.000800034,2468.7282000000027,0.0,0
0.000802001,2481.924199999997,0.0,0
0.000804015,2495.4082000000035,0.0,0
0.000806034,2508.873799999999,0.0,0
0.000808005,2521.994199999993,0.0,0
0.000810019,2535.3638000000046,0.0,0
0.000812043,2548.7982000000015,0.0,0
0.00081402,2561.9157999999934,0.0,0
0.000816042,2575.2798,0.0,0
0.000818018,2588.323800000004,0.0,0
0.000820034,2601.630199999998,0.0,0
0.000822,2614.564200000009,0.0,0
0.000824007,2627.7681999999954,0.0,0
0.000826017,2641.0322000000006,0.0,0
0.000828032,2654.244200000001,0.0,0
0.000830003,2667.1974000000005,0.0,0
0.000832021,2680.408199999997,0.0,0
0.000834038,2693.6733999999956,0.0,0
0.000836005,2706.5561999999895,0.0,0
0.000838015,2719.7517999999927,0.0,0
0.000840035,2732.956200000003,0.0,0
0.000842011,2745.8490000000006,0.0,0
0.000844034,2759.120199999995,0.0,0
0.000846044,2772.248200000011,0.0,0
0.000848005,2785.1201999999876,0.0,0
0.00085001,2798.242799999997,0.0,0
0.000852014,2811.3582000000056,0.0,0
0.000854007,2824.4001999999955,0.0,0
0.00085602,2837.5961999999977,0.0,0
0.000858041,2850.80820000001,0.0,0
0.00086001,2863.752199999994,0.0,0
0.000862021,2876.888200000006,0.0,0
0.000864036,2890.152200000001,0.0,0
0.000866004,2903.0442000000003,0.0,0
0.000868014,2916.241000000001,0.0,0
0.000870019,2929.4361999999915,0.0,0
0.000872019,2942.5642000000003,0.0,0
0.000874016,2955.751800000007,0.0,0
0.000876009,2968.872199999997,0.0,0
0.000878001,2981.992199999991,0.0,0
0.000880035,2995.4318000000076,0.0,0
0.000882023,3008.5522000000087,0.0,0
0.000884011,3021.6722000000022,0.0,0
0.00088604,3035.1121999999964,0.0,0
0.000888024,3048.2358000000013,0.0,0
0.000890017,3061.436200000014,0.0,0
0.000892018,3074.716199999992,0.0,0
0.000894017,3087.9961999999896,0.0,0
0.000896016,3101.276200000003,0.0,0
0.000898005,3114.4881999999943,0.0,0
0.000900008,3127.8442000000027,0.0,0
0.000902008,3141.2001999999984,0.0,0
0.000904009,3154.563800000008,0.0,0
0.000906024,3168.0237999999963,0.0,0
0.000908039,3181.5202000000086,0.0,0
0.000910018,3194.792199999995,0.0,0
0.000912034,3208.319599999993,0.0,0
0.000914033,3221.6996000000026,0.0,0
0.000916032,3235.121599999995,0.0,0
0.000918038,3248.6399999999985,0.0,0
0.000920009,3261.9199999999923,0.0,0
0.000922013,3275.420800000006,0.0,0
0.000924021,3288.9603999999863,0.0,0
0.000926023,3302.4992000000025,0.0,0
0.00092802,3316.0000000000027,0.0,0
0.00093001,3329.4724000000015,0.0,0
0.000932037,3343.2000000000044,0.0,0
0.000934028,3356.700799999997,0.0,0
0.000936034,3370.3388,0.0,0
0.000938044,3383.9395999999997,0.0,0
0.000940011,3394.239599999992,0.0,0
0.000942023,3398.8799999999933,0.0,0
0.000944023,3403.459199999993,0.0,0
0.000946015,3408.0004000000113,0.0,0
0.000948005,3412.5412000000124,0.0,0
0.000950037,3417.2196000000113,0.0,0
0.000952006,3421.7596000000026,0.0,0
0.000954024,3426.3007999999963,0.0,0
0.000956039,3430.880000000015,0.0,0
0.000958009,3435.3599999999965,0.0,0
0.000960022,3439.878799999991,0.0,0
0.000962026,3444.418799999993,0.0,0
0.00096403,3448.8995999999975,0.0,0
0.000966035,3453.3795999999893,0.0,0
0.000968039,3457.9196000000084,0.0,0
0.00097004,3462.3395999999957,0.0,0
0.000972041,3466.8188000000005,0.0,0
0.000974041,3471.238800000004,0.0,0
0.000976041,3475.6800000000003,0.0,0
0.000978043,3480.0612000000096,0.0,0
0.000980009,3484.419599999993,0.0,0
0.000982015,3488.898799999997,0.0,0
0.00098402,3493.280000000002,0.0,0
0.000986025,3497.6603999999884,0.0,0
0.000988036,3502.079599999992,0.0,0
0.000990011,3506.3611999999957,0.0,0
0.000992027,3510.7204000000006,0.0,0
0.000994042,3515.138799999994,0.0,0
0.000996006,3519.3604000000105,0.0,0
0.00099801,3523.778799999995,0.0,0
0.00100001,3528.060399999999,0.0,0
0.00100201,3532.418800000004,0.0,0
0.001004,3536.6403999999943,0.0,0
0.00100601,3540.95999999999,0.0,0
0.00100803,3545.3404000000087,0.0,0
0.00101002,3549.5999999999917,0.0,0
0.00101204,3553.919600000005,0.0,0
0.00101404,3558.141200000007,0.0,0
0.00101601,3562.399999999991,0.0,0
0.00101801,3566.658799999999,0.0,0
0.00102001,3570.880400000016,0.0,0
0.00102203,3575.1999999999844,0.0,0
0.001024,3579.3600000000097,0.0,0
0.00102603,3583.679600000008,0.0,0
0.00102801,3587.840399999997,0.0,0
0.00103004,3592.160000000005,0.0,0
0.00103201,3596.319999999998,0.0,0
0.00103402,3600.57879999999,0.0,0
0.00103603,3604.7996000000076,0.0,0
0.00103802,3608.960399999998,0.0,0
0.00104002,3613.120400000001,0.0,0
0.00104201,3617.280400000011,0.0,0
0.00104404,3621.600000000018,0.0,0
0.001046,3625.7212000000018,0.0,0
0.00104803,3629.919999999995,0.0,0
0.00105,3634.0800000000077,0.0,0
0.00105202,3638.338799999984,0.0,0
0.00105404,3642.559600000001,0.0,0
0.00105602,3646.658799999999,0.0,0
0.00105803,3650.879600000016,0.0,0
0.00106,3654.9788000000062,0.0,0
0.00106201,3659.1387999999884,0.0,0
0.00106402,3663.359600000006,0.0,0
0.00106602,3667.5195999999964,0.0,0
0.00106802,3671.6795999999995,0.0,0
0.00107002,3675.779600000011,0.0,0
0.00107201,3679.938800000001,0.0,0
0.00107401,3684.0987999999893,0.0,0
0.00107601,3688.2588000000023,0.0,0
0.00107802,3692.4188000000045,0.0,0
0.00108004,3696.6395999999936,0.0,0
0.00108201,3700.7388000000083,0.0,0
0.00108403,3704.898799999994,0.0,0
0.001086,3708.959999999999,0.0,0
0.001088,3712.7999999999984,0.0,0
0.00109,3716.6011999999937,0.0,0
0.001092,3720.320400000001,0.0,0
0.00109404,3724.1603999999884,0.0,0
0.00109604,3727.999600000013,0.0,0
0.00109801,3731.67999999999,0.0,0
0.00110004,3735.4816000000037,0.0,0
0.00110204,3739.260799999999,0.0,0
0.00110404,3743.039999999989,0.0,0
0.00110604,3746.8192000000004,0.0,0
0.001108,3750.521199999985,0.0,0
0.00111,3754.2403999999924,0.0,0
0.001112,3758.079599999996,0.0,0
0.00111404,3761.919600000004,0.0,0
0.00111603,3765.638399999996,0.0,0
0.00111802,3769.4016000000097,0.0,0
0.00112002,3773.120800000001,0.0,0
0.00112202,3776.9596000000106,0.0,0
0.00112401,3780.678799999996,0.0,0
0.00112604,3784.518799999996,0.0,0
0.00112803,3788.2816000000103,0.0,0
0.00113004,3792.121599999997,0.0,0
0.00113201,3795.840000000012,0.0,0
0.00113402,3799.679599999998,0.0,0
0.00113604,3803.519199999993,0.0,0
0.00113801,3807.200000000009,0.0,0
0.00114001,3811.0012000000015,0.0,0
0.00114201,3814.7208000000037,0.0,0
0.001144,3818.559999999998,0.0,0
0.00114604,3822.4004,0.0,0
0.00114803,3826.2396000000103,0.0,0
0.00115004,3830.0792000000115,0.0,0
0.00115204,3833.8588000000072,0.0,0
0.00115404,3837.638400000001,0.0,0
0.00115604,3841.4400000000046,0.0,0
0.00115803,3845.241599999996,0.0,0
0.00116002,3848.960799999998,0.0,0
0.00116201,3852.799999999992,0.0,0
0.00116402,3856.6399999999935,0.0,0
0.00116602,3860.480000000004,0.0,0
0.00116801,3864.3196000000057,0.0,0
0.00117002,3868.1596,0.0,0
0.00117204,3871.999999999987,0.0,0
0.00117401,3875.7792000000118,0.0,0
0.00117602,3879.6791999999987,0.0,0
0.001178,3883.398400000007,0.0,0
0.00118003,3887.3591999999944,0.0,0
0.00118201,3891.139200000005,0.0,0
0.00118403,3895.039200000007,0.0,0
0.00118601,3898.8192,0.0,0
0.00118804,3902.719999999987,0.0,0
0.00119,3906.5592000000142,0.0,0
0.00119201,3910.3995999999997,0.0,0
0.001194,3914.239599999992,0.0,0
0.00119601,3918.0799999999954,0.0,0
0.001198,3921.9200000000046,0.0,0
0.00120004,3925.8815999999915,0.0,0
0.00120203,3929.7216000000126,0.0,0
0.001204,3933.5615999999986,0.0,0
0.00120604,3937.4791999999893,0.0,0
0.00120804,3941.4392000000016,0.0,0
0.00121001,3945.279199999996,0.0,0
0.00121204,3949.120799999982,0.0,0
0.00121403,3952.9608000000085,0.0,0
0.001216,3956.9208000000067,0.0,0
0.00121802,3960.838400000013,0.0,0
0.00122,3964.678399999998,0.0,0
0.00122202,3968.64000000001,0.0,0
0.00122402,3972.4808000000044,0.0,0
0.001226,3976.4416000000015,0.0,0
0.00122803,3980.3591999999917,0.0,0
0.00123002,3984.3192000000054,0.0,0
0.00123204,3988.281600000011,0.0,0
0.00123401,3992.1215999999977,0.0,0
0.00123603,3996.159200000005,0.0,0
0.00123801,4000.0,0.0,0
0.00124,4003.8927999999996,0.0,0
0.00124204,4007.9992000000143,0.0,0
0.00124402,4011.8399999999997,0.0,0
0.001246,4015.740799999995,0.0,0
0.00124803,4019.799199999994,0.0,0
0.00125001,4023.6800000000094,0.0,0
0.00125204,4027.718399999985,0.0,0
0.00125402,4031.6791999999987,0.0,0
0.00125604,4035.641599999992,0.0,0
0.00125802,4039.5583999999853,0.0,0
0.00126,4043.5199999999936,0.0,0
0.00126201,4047.4816000000064,0.0,0
0.00126401,4051.519600000006,0.0,0
0.00126602,4055.4816000000033,0.0,0
0.00126804,4059.5199999999963,0.0,0
0.00127001,4063.481199999991,0.0,0
0.00127203,4067.5195999999946,0.0,0
0.00127404,4071.520000000001,0.0,0
0.00127601,4075.503200000006,0.0,0
0.00127803,4079.4815999999955,0.0,0
0.00128003,4083.519599999993,0.0,0
0.00128204,4087.558399999997,0.0,0
0.001284,4091.519600000006,0.0,0
0.00128602,4095.5584000000104,0.0,0
0.00128804,4099.581199999997,0.0,0
0.00129,4103.558399999998,0.0,0
0.00129201,4107.641199999978,0.0,0
0.00129402,4111.679999999999,0.0,0
0.00129603,4115.7184,0.0,0
0.00129803,4119.741199999998,0.0,0
0.00130003,4123.839599999995,0.0,0
0.00130203,4127.878400000001,0.0,0
0.00130404,4131.921199999996,0.0,0
0.00130604,4135.999999999998,0.0,0
0.00130803,4140.038400000006,0.0,0
0.00131003,4144.061200000001,0.0,0
0.00131204,4148.160399999999,0.0,0
0.00131401,4152.198400000007,0.0,0
0.00131601,4156.221200000005,0.0,0
0.00131801,4160.320400000002,0.0,0
0.00132002,4164.479599999992,0.0,0
0.00132201,4168.479999999992,0.0,0
0.00132401,4172.553200000004,0.0,0
0.001326,4176.640399999992,0.0,0
0.00132804,4180.800400000011,0.0,0
0.00133003,4184.89960000001,0.0,0
0.00133204,4189.0588,0.0,0
0.00133404,4193.119999999999,0.0,0
0.001336,4197.120399999996,0.0,0
0.00133804,4201.3403999999855,0.0,0
0.00134002,4205.439600000002,0.0,0
0.00134202,4209.538800000014,0.0,0
0.00134402,4213.650800000005,0.0,0
0.00134603,4217.759999999992,0.0,0
0.00134804,4221.920000000014,0.0,0
0.00135001,4225.980399999994,0.0,0
0.00135202,4230.14040000001,0.0,0
0.00135403,4234.240399999992,0.0,0
0.00135604,4238.400399999982,0.0,0
0.00135801,4242.499599999987,0.0,0
0.00136002,4246.659200000012,0.0,0
0.00136203,4250.819600000002,0.0,0
0.00136404,4254.979599999992,0.0,0
0.00136601,4259.040400000011,0.0,0
0.00136802,4263.200400000003,0.0,0
0.00137002,4267.360399999993,0.0,0
0.00137204,4271.618800000015,0.0,0
0.00137401,4275.679999999992,0.0,0
0.00137603,4279.86839999998,0.0,0
0.00137801,4283.999600000008,0.0,0
0.00138001,4288.159999999998,0.0,0
0.00138202,4292.3200000000115,0.0,0
0.00138402,4296.480000000005,0.0,0
0.00138601,4300.639999999989,0.0,0
0.00138804,4304.898800000009,0.0,0
0.00139002,4309.020400000004,0.0,0
0.00139204,4313.219199999994,0.0,0
0.00139402,4317.378800000015,0.0,0
0.00139603,4321.539200000007,0.0,0
0.001398,4325.698799999995,0.0,0
0.00140003,4329.919999999989,0.0,0
0.001402,4334.019199999996,0.0,0
0.00140403,4338.239999999993,0.0,0
0.00140604,4342.460799999999,0.0,0
0.00140801,4346.62040000001,0.0,0
0.00141002,4350.780799999996,0.0,0
0.00141203,4354.979599999993,0.0,0
0.00141401,4359.1396,0.0,0
0.00141601,4363.359600000014,0.0,0
0.00141801,4367.520400000003,0.0,0
0.00142001,4371.740399999999,0.0,0
0.00142201,4377.340800000014,0.0,0
0.00142401,4385.340800000003,0.0,0
0.00142602,4393.379599999998,0.0,0
0.00142802,4401.379599999988,0.0,0
0.00143001,4409.379200000003,0.0,0
0.001432,4417.379200000012,0.0,0
0.00143404,4425.539199999999,0.0,0
0.00143603,4433.539199999989,0.0,0
0.00143801,4441.500399999999,0.0,0
0.00144002,4449.539600000013,0.0,0
0.00144202,4457.539599999994,0.0,0
0.00144402,4465.66039999999,0.0,0
0.00144604,4473.699599999999,0.0,0
0.00144802,4481.699600000015,0.0,0
0.00145004,4489.859199999998,0.0,0
0.00145203,4497.8595999999925,0.0,0
0.00145402,4505.920000000007,0.0,0
0.00145601,4513.972400000006,0.0,0
0.001458,4521.980400000003,0.0,0
0.00146003,4530.140800000005,0.0,0
0.00146203,4538.240399999985,0.0,0
0.00146403,4546.322400000006,0.0,0
0.00146602,4554.339199999995,0.0,0
0.00146802,4562.460799999998,0.0,0
0.00147003,4570.560399999998,0.0,0
0.00147203,4578.6596,0.0,0
0.00147402,4586.720000000006,0.0,0
0.001476,4594.780800000006,0.0,0
0.001478,4602.879999999989,0.0,0
0.00148,4610.97920000001,0.0,0
0.00148203,4619.200000000007,0.0,0
0.00148402,4627.299200000005,0.0,0
0.00148602,4635.4123999999965,0.0,0
0.00148801,4643.520000000007,0.0,0
0.00149,4651.618800000009,0.0,0
0.00149204,4659.878799999995,0.0,0
0.001494,4667.839999999991,0.0,0
0.00149602,4676.000400000015,0.0,0
0.00149802,4684.159999999996,0.0,0
0.00150004,4692.381200000009,0.0,0
0.00150203,4700.4800000000005,0.0,0
0.00150401,4708.579199999993,0.0,0
0.00150604,4716.829999999988,0.0,0
0.00150801,4724.838400000007,0.0,0
0.00151,4732.959999999998,0.0,0
0.00151204,4741.27919999999,0.0,0
0.00151401,4749.279999999992,0.0,0
0.00151602,4757.440000000016,0.0,0
0.00151803,4765.600399999997,0.0,0
0.00152003,4773.7984000000015,0.0,0
0.00152202,4781.91920000001,0.0,0
0.00152403,4790.118399999997,0.0,0
0.00152604,4798.239999999993,0.0,0
0.00152804,4806.438400000011,0.0,0
0.00153001,4814.438399999995,0.0,0
0.00153203,4822.649200000005,0.0,0
0.00153403,4830.818799999983,0.0,0
0.00153601,4838.880000000013,0.0,0
0.001538,4847.001200000001,0.0,0
0.00154003,4855.200399999996,0.0,0
0.00154201,4863.261199999998,0.0,0
0.00154401,4871.398799999997,0.0,0
0.00154603,4879.6635999999935,0.0,0
0.00154803,4887.778799999997,0.0,0
0.00155003,4895.900400000002,0.0,0
0.00155203,4904.066799999995,0.0,0
0.00155402,4912.159599999995,0.0,0
0.00155603,4920.319600000011,0.0,0
0.00155804,4928.431600000005,0.0,0
0.00156001,4936.419200000001,0.0,0
0.00156203,4944.567200000005,0.0,0
0.00156403,4952.738800000002,0.0,0
0.00156604,4960.860800000002,0.0,0
0.00156801,4968.860400000004,0.0,0
0.00157001,4976.899599999997,0.0,0
0.00157204,4985.1804000000075,0.0,0
0.00157401,4993.0599999999995,0.0,0
0.00157603,5001.219600000002,0.0,0
0.001578,5009.180799999993,0.0,0
0.00158003,5017.379199999999,0.0,0
0.00158204,5025.500400000004,0.0,0
0.00158401,5033.379600000005,0.0,0
0.00158602,5041.500799999987,0.0,0
0.001588,5049.500400000007,0.0,0
0.00159004,5057.660800000013,0.0,0
0.00159201,5065.5392000000065,0.0,0
0.00159401,5073.539599999995,0.0,0
0.00159602,5081.643999999993,0.0,0
0.00159804,5089.699600000008,0.0,0
0.00160001,5097.539200000016,0.0,0
0.00160201,5105.539200000007,0.0,0
0.00160401,5113.539199999994,0.0,0
0.001606,5121.4399999999905,0.0,0
0.00160802,5129.440399999995,0.0,0
0.00161003,5137.440400000001,0.0,0
0.00161204,5145.44000000001,0.0,0
0.00161404,5153.340800000007,0.0,0
0.00161604,5161.279600000005,0.0,0
0.00161803,5169.120000000002,0.0,0
0.00162002,5176.9604,0.0,0
0.00162202,5184.898800000021,0.0,0
0.00162401,5192.700800000006,0.0,0
0.00162603,5200.639600000018,0.0,0
0.00162804,5208.480000000002,0.0,0
0.00163004,5216.320400000011,0.0,0
0.00163203,5224.139599999997,0.0,0
0.00163404,5231.999600000015,0.0,0
0.00163601,5239.679599999999,0.0,0
0.00163802,5247.481199999997,0.0,0
0.00164002,5255.238399999985,0.0,0
0.00164201,5262.979199999985,0.0,0
0.00164401,5270.719599999991,0.0,0
0.00164601,5278.400000000002,0.0,0
0.00164802,5286.080800000003,0.0,0
0.00165004,5293.958399999999,0.0,0
0.00165204,5301.561599999983,0.0,0
0.00165403,5309.241599999995,0.0,0
0.00165603,5316.860799999998,0.0,0
0.00165801,5324.47999999999,0.0,0
0.00166,5332.0384000000095,0.0,0
0.00166204,5339.823200000004,0.0,0
0.00166403,5347.321599999981,0.0,0
0.00166602,5354.879600000011,0.0,0
0.001668,5362.345199999996,0.0,0
0.00167003,5369.920400000009,0.0,0
0.00167201,5377.439999999996,0.0,0
0.00167401,5384.959600000019,0.0,0
0.00167601,5392.381199999992,0.0,0
0.00167801,5399.840000000001,0.0,0
0.00168,5407.298799999986,0.0,0
0.00168202,5414.780400000011,0.0,0
0.00168404,5422.240000000006,0.0,0
0.00168602,5429.599600000003,0.0,0
0.00168801,5436.860799999996,0.0,0
0.00169004,5444.319999999989,0.0,0
0.00169203,5451.581199999989,0.0,0
0.00169401,5458.879999999994,0.0,0
0.00169603,5466.240000000009,0.0,0
0.00169801,5473.439600000008,0.0,0
0.00170001,5480.700800000021,0.0,0
0.00170202,5487.939199999992,0.0,0
0.00170403,5495.139599999996,0.0,0
0.00170601,5502.300400000003,0.0,0
0.00170803,5509.500799999988,0.0,0
0.00171003,5516.700399999992,0.0,0
0.00171202,5523.740800000001,0.0,0
0.00171403,5530.819599999994,0.0,0
0.001716,5537.820800000013,0.0,0
0.00171802,5544.900000000009,0.0,0
0.00172003,5552.000000000014,0.0,0
0.00172204,5559.040000000003,0.0,0
0.001724,5565.859999999988,0.0,0
0.00172601,5572.8992000000135,0.0,0
0.00172802,5579.900400000001,0.0,0
0.00173001,5586.720000000007,0.0,0
0.00173203,5593.699199999994,0.0,0
0.00173401,5600.480000000001,0.0,0
0.00173601,5607.299599999984,0.0,0
0.00173802,5614.1787999999915,0.0,0
0.00174004,5621.020799999998,0.0,0
0.00174202,5627.680000000005,0.0,0
0.00174402,5634.460399999994,0.0,0
0.00174601,5641.119600000008,0.0,0
0.00174802,5647.839600000008,0.0,0
0.00175003,5654.559599999994,0.0,0
0.00175203,5661.158799999993,0.0,0
0.00175404,5667.741200000005,0.0,0
0.00175603,5674.339200000015,0.0,0
0.00175803,5680.921200000001,0.0,0
0.00176004,5687.459199999991,0.0,0
0.00176204,5693.920399999999,0.0,0
0.00176403,5700.3812000000025,0.0,0
0.00176603,5706.8416000000025,0.0,0
0.00176802,5713.2415999999885,0.0,0
0.00177001,5719.581199999998,0.0,0
0.00177202,5726.041199999985,0.0,0
0.00177402,5732.320399999988,0.0,0
0.00177603,5738.719999999973,0.0,0
0.00177804,5744.998400000015,0.0,0
0.00178003,5751.199999999992,0.0,0
0.00178203,5757.4784,0.0,0
0.00178404,5763.68000000002,0.0,0
0.00178601,5769.760000000011,0.0,0
0.00178801,5775.900799999976,0.0,0
0.00179002,5782.041600000017,0.0,0
0.001792,5788.061199999987,0.0,0
0.00179402,5794.2016,0.0,0
0.00179604,5800.281599999984,0.0,0
0.00179801,5806.239600000003,0.0,0
0.00180002,5812.198400000011,0.0,0
0.00180204,5818.201199999999,0.0,0
0.00180401,5824.000000000001,0.0,0
0.001806,5829.9196000000065,0.0,0
0.001808,5835.680400000002,0.0,0
0.00181001,5841.59999999998,0.0,0
0.00181202,5847.39879999999,0.0,0
0.00181404,5853.219599999989,0.0,0
0.00181604,5858.978799999987,0.0,0
0.00181803,5864.639999999986,0.0,0
0.00182001,5870.239599999987,0.0,0
0.00182204,5875.999599999995,0.0,0
0.001824,5881.440400000003,0.0,0
0.00182604,5887.1392000000005,0.0,0
0.00182804,5892.700799999996,0.0,0
0.00183004,5898.239600000002,0.0,0
0.00183204,5903.6804000000175,0.0,0
0.00183403,5909.119999999999,0.0,0
0.00183602,5914.499600000017,0.0,0
0.00183801,5919.900799999999,0.0,0
0.00184004,5925.340799999999,0.0,0
0.00184202,5930.659200000013,0.0,0
0.00184403,5935.939599999977,0.0,0
0.00184604,5941.219199999987,0.0,0
0.00184804,5946.499600000011,0.0,0
0.00185001,5951.619200000015,0.0,0
0.00185202,5956.860399999995,0.0,0
0.00185403,5962.019200000005,0.0,0
0.00185604,5967.1392000000005,0.0,0
0.00185801,5972.09960000001,0.0,0
0.00186001,5977.180799999999,0.0,0
0.00186202,5982.1800000000185,0.0,0
0.00186402,5987.260400000004,0.0,0
0.00186602,5992.220400000011,0.0,0
0.001868,5997.059199999992,0.0,0
0.00187004,6002.019600000006,0.0,0
0.001872,6006.819200000004,0.0,0
0.00187404,6011.7407999999905,0.0,0
0.00187604,6016.540400000018,0.0,0
0.00187803,6021.27999999999,0.0,0
0.00188003,6025.9807999999875,0.0,0
0.00188202,6030.659200000008,0.0,0
0.00188401,6035.2995999999985,0.0,0
0.001886,6039.939199999996,0.0,0
0.00188803,6044.579599999988,0.0,0
0.00189003,6049.180400000009,0.0,0
0.00189203,6053.6992000000155,0.0,0
0.00189402,6058.179599999999,0.0,0
0.00189601,6062.659200000003,0.0,0
0.00189803,6067.139199999999,0.0,0
0.00190001,6071.5200000000095,0.0,0
0.00190201,6075.900799999978,0.0,0
0.001904,6080.258799999982,0.0,0
0.00190602,6084.541199999986,0.0,0
0.00190804,6088.899599999989,0.0,0
0.00191002,6093.12000000001,0.0,0
0.00191203,6097.340799999981,0.0,0
0.00191404,6101.599600000001,0.0,0
0.00191601,6105.660400000023,0.0,0
0.00191802,6109.820400000008,0.0,0
0.00192002,6113.919599999987,0.0,0
0.00192201,6117.920000000014,0.0,0
0.00192402,6121.980399999998,0.0,0
0.00192602,6126.018799999984,0.0,0
0.00192802,6132.738799999991,0.0,0
0.00193002,6140.380399999998,0.0,0
0.00193202,6147.779199999987,0.0,0
0.00193403,6154.979199999995,0.0,0
0.001936,6161.980799999981,0.0,0
0.00193803,6169.219199999989,0.0,0
0.00194003,6176.259999999973,0.0,0
0.00194201,6183.260400000001,0.0,0
0.00194403,6190.300400000009,0.0,0
0.00194602,6197.180799999996,0.0,0
0.00194801,6203.99960000001,0.0,0
0.00195002,6210.81919999999,0.0,0
0.00195204,6217.5391999999965,0.0,0
0.00195401,6224.060800000018,0.0,0
0.00195604,6230.780799999989,0.0,0
0.00195801,6237.180799999996,0.0,0
0.00196004,6243.740400000002,0.0,0
0.00196201,6250.019600000004,0.0,0
0.00196401,6256.380799999988,0.0,0
0.00196602,6262.659200000024,0.0,0
0.00196804,6268.960000000002,0.0,0
0.00197001,6275.039999999989,0.0,0
0.00197202,6281.2188000000215,0.0,0
0.00197401,6287.2000000000035,0.0,0
0.00197601,6293.180800000004,0.0,0
0.00197802,6299.139199999978,0.0,0
0.00198001,6304.959999999976,0.0,0
0.00198203,6310.7811999999885,0.0,0
0.00198403,6316.5411999999915,0.0,0
0.00198601,6322.178799999985,0.0,0
0.00198802,6327.839999999984,0.0,0
0.00199001,6333.378800000015,0.0,0
0.00199201,6338.819199999994,0.0,0
0.00199401,6344.259600000002,0.0,0
0.00199602,6349.698800000012,0.0,0
0.00199802,6354.941199999993,0.0,0
0.00200003,6360.271599999995,0.0,0
0.00200203,6365.4404000000095,0.0,0
0.00200403,6370.620399999991,0.0,0
0.00200602,6375.67959999999,0.0,0
0.00200802,6380.738799999991,0.0,0
0.00201004,6385.727600000001,0.0,0
0.00201201,6390.560000000014,0.0,0
0.00201402,6395.4588000000185,0.0,0
0.00201604,6400.31999999999,0.0,0
0.00201803,6405.055999999981,0.0,0
0.00202003,6409.724000000009,0.0,0
0.00202203,6414.351999999992,0.0,0
0.00202403,6418.879999999988,0.0,0
0.00202602,6423.419999999981,0.0,0
0.00202802,6427.83999999998,0.0,0
0.00203002,6432.319999999994,0.0,0
0.00203202,6436.603999999996,0.0,0
0.00203403,6440.956,0.0,0
0.00203602,6445.119999999985,0.0,0
0.00203802,6449.279999999982,0.0,0
0.00204002,6453.440000000019,0.0,0
0.00204202,6457.4759999999915,0.0,0
0.00204403,6461.447999999998,0.0,0
0.00204601,6465.404000000005,0.0,0
0.00204803,6469.3799999999865,0.0,0
0.00205003,6473.2200000000075,0.0,0
0.00205201,6476.962000000021,0.0,0
0.00205402,6480.643999999982,0.0,0
0.00205603,6484.416000000002,0.0,0
0.00205804,6487.99999999999,0.0,0
0.00206002,6491.523999999998,0.0,0
0.00206202,6495.0399999999845,0.0,0
0.00206403,6498.559999999993,0.0,0
0.00206604,6502.019999999979,0.0,0
0.00206804,6505.340000000012,0.0,0
0.00207003,6508.655999999996,0.0,0
0.00207204,6511.996000000016,0.0,0
0.00207401,6515.075999999985,0.0,0
0.00207603,6518.276000000014,0.0,0
0.00207803,6521.399999999997,0.0,0
0.00208002,6524.4800000000105,0.0,0
0.00208202,6527.424000000021,0.0,0
0.00208402,6530.398000000003,0.0,0
0.00208601,6533.320000000009,0.0,0
0.002088,6536.119999999995,0.0,0
0.00209003,6539.003999999998,0.0,0
0.00209202,6541.759999999992,0.0,0
0.00209404,6544.44000000001,0.0,0
0.00209602,6547.075999999994,0.0,0
0.00209801,6549.696000000014,0.0,0
0.0021,6552.25599999999,0.0,0
0.00210204,6554.816000000015,0.0,0
0.00210403,6557.24,0.0,0
0.00210603,6559.680000000009,0.0,0
0.00210804,6562.043999999973,0.0,0
0.00211,6564.279999999996,0.0,0
0.00211201,6566.587999999993,0.0,0
0.00211402,6568.797999999994,0.0,0
0.00211604,6571.003999999997,0.0,0
0.00211802,6573.119999999992,0.0,0
0.00212002,6575.159999999998,0.0,0
0.00212202,6577.219999999996,0.0,0
0.00212403,6579.19999999998,0.0,0
0.00212604,6581.124000000012,0.0,0
0.002128,6583.036000000006,0.0,0
0.00213001,6584.871999999989,0.0,0
0.00213203,6586.679999999993,0.0,0
0.002134,6588.431999999985,0.0,0
0.00213602,6590.083999999997,0.0,0
0.00213804,6591.822,0.0,0
0.00214004,6593.442000000016,0.0,0
0.00214203,6595.037999999988,0.0,0
0.00214403,6596.543999999992,0.0,0
0.00214601,6598.079999999998,0.0,0
0.00214801,6599.480000000001,0.0,0
0.00215002,6600.956,0.0,0
0.00215202,6602.243999999987,0.0,0
0.00215401,6603.58399999998,0.0,0
0.00215604,6604.891999999982,0.0,0
0.00215802,6606.083999999996,0.0,0
0.00216,6607.356000000009,0.0,0
0.00216202,6608.477999999992,0.0,0
0.00216403,6609.600000000001,0.0,0
0.00216602,6610.683999999985,0.0,0
0.00216801,6611.715999999993,0.0,0
0.00217,6612.739999999991,0.0,0
0.00217204,6613.755999999997,0.0,0
0.00217403,6614.6600000000035,0.0,0
0.00217604,6615.518000000022,0.0,0
0.00217801,6616.323999999976,0.0,0
0.00218003,6617.15999999999,0.0,0
0.00218203,6617.919999999988,0.0,0
0.00218401,6618.619999999998,0.0,0
0.002186,6619.357999999987,0.0,0
0.00218801,6619.997999999996,0.0,0
0.00219001,6620.61399999998,0.0,0
0.00219201,6621.180000000019,0.0,0
0.00219402,6621.759999999992,0.0,0
0.00219602,6622.241999999988,0.0,0
0.00219802,6622.720000000031,0.0,0
0.0022,6623.1000000000195,0.0,0
0.00220203,6623.521999999976,0.0,0
0.00220403,6623.936000000015,0.0,0
0.00220602,6624.260000000001,0.0,0
0.00220801,6624.51599999999,0.0,0
0.00221,6624.772000000007,0.0,0
0.00221202,6624.9599999999755,0.0,0
0.00221404,6625.216000000004,0.0,0
0.00221601,6625.284000000006,0.0,0
0.00221804,6625.442000000015,0.0,0
0.00222,6625.540000000029,0.0,0
0.00222201,6625.600000000033,0.0,0
0.00222402,6625.600000000033,0.0,0
0.00222602,6625.540000000029,0.0,0
0.00222801,6625.540000000029,0.0,0
0.00223002,6625.442000000015,0.0,0
0.00223203,6625.280000000007,0.0,0
0.00223402,6625.117999999994,0.0,0
0.00223604,6624.9599999999755,0.0,0
0.00223802,6624.704000000002,0.0,0
0.00224002,6624.477999999993,0.0,0
0.00224203,6624.2160000000085,0.0,0
0.00224401,6623.936000000015,0.0,0
0.00224603,6623.521999999976,0.0,0
0.00224801,6623.197999999996,0.0,0
0.00225003,6622.784,0.0,0
0.00225202,6622.339999999998,0.0,0
0.00225404,6621.827999999999,0.0,0
0.00225601,6621.375999999998,0.0,0
0.00225802,6620.863999999998,0.0,0
0.00226004,6620.321999999993,0.0,0
0.00226204,6619.7800000000225,0.0,0
0.00226401,6619.139999999976,0.0,0
0.00226602,6618.499999999998,0.0,0
0.00226804,6617.859999999993,0.0,0
0.00227002,6617.121999999994,0.0,0
0.00227202,6616.383999999988,0.0,0
0.00227403,6615.6799999999885,0.0,0
0.00227604,6614.878000000017,0.0,0
0.00227801,6614.139999999992,0.0,0
0.00228002,6613.282000000006,0.0,0
0.00228203,6612.420000000011,0.0,0
0.00228402,6611.58000000001,0.0,0
0.00228602,6610.623999999991,0.0,0
0.00228803,6609.69800000001,0.0,0
0.00229001,6608.801999999994,0.0,0
0.00229203,6607.777999999988,0.0,0
0.00229403,6606.784000000003,0.0,0
0.00229604,6605.759999999997,0.0,0
0.00229803,6604.736000000008,0.0,0
0.00230003,6603.621999999988,0.0,0
0.00230202,6602.544000000014,0.0,0
0.00230401,6601.437999999999,0.0,0
0.00230604,6600.259999999994,0.0,0
0.00230801,6599.103999999975,0.0,0
0.00231004,6597.869999999996,0.0,0
0.00231201,6596.736000000013,0.0,0
0.00231403,6595.460000000021,0.0,0
0.00231602,6594.179999999992,0.0,0
0.002318,6592.899999999998,0.0,0
0.00232002,6591.619999999984,0.0,0
0.00232203,6590.302000000009,0.0,0
0.00232404,6588.9020000000055,0.0,0
0.00232604,6587.580000000001,0.0,0
0.002328,6586.180000000009,0.0,0
0.00233002,6584.738000000004,0.0,0
0.002332,6583.36000000001,0.0,0
0.00233402,6581.862000000001,0.0,0
0.00233602,6580.420000000002,0.0,0
0.00233804,6578.939999999994,0.0,0
0.00234001,6577.381999999994,0.0,0
0.00234202,6575.785999999979,0.0,0
0.00234401,6574.181999999996,0.0,0
0.00234604,6572.540000000012,0.0,0
0.00234801,6570.819999999988,0.0,0
0.00235003,6569.062000000005,0.0,0
0.002352,6567.300000000006,0.0,0
0.00235402,6565.500000000023,0.0,0
0.00235604,6563.579999999979,0.0,0
0.00235803,6561.698000000001,0.0,0
0.00236001,6559.740000000015,0.0,0
0.00236204,6557.6999999999725,0.0,0
0.00236403,6555.682000000004,0.0,0
0.00236602,6553.659999999987,0.0,0
0.00236801,6551.457999999982,0.0,0
0.00237,6549.341999999991,0.0,0
0.00237204,6547.102000000003,0.0,0
0.00237403,6544.899999999982,0.0,0
0.00237602,6542.642000000025,0.0,0
0.00237803,6540.381999999999,0.0,0
0.00238004,6538.018000000003,0.0,0
0.00238204,6535.597999999994,0.0,0
0.00238404,6533.222000000012,0.0,0
0.00238603,6530.781999999994,0.0,0
0.00238802,6528.327999999982,0.0,0
0.00239004,6525.820000000003,0.0,0
0.00239202,6523.298000000001,0.0,0
0.00239401,6520.737999999995,0.0,0
0.002396,6518.178000000018,0.0,0
0.00239804,6515.46000000002,0.0,0
0.00240003,6512.861999999995,0.0,0
0.00240202,6510.177999999992,0.0,0
0.00240401,6507.434000000003,0.0,0
0.00240601,6504.738000000003,0.0,0
0.00240802,6501.921999999972,0.0,0
0.00241004,6499.101999999972,0.0,0
0.00241203,6496.319999999984,0.0,0
0.00241403,6493.439999999985,0.0,0
0.00241603,6490.559999999982,0.0,0
0.00241803,6487.6799999999785,0.0,0
0.00242002,6484.799999999978,0.0,0
0.00242201,6481.822000000001,0.0,0
0.00242402,6478.882000000003,0.0,0
0.00242604,6475.8400000000065,0.0,0
0.00242804,6472.798000000001,0.0,0
0.00243004,6469.759999999986,0.0,0
0.00243204,6466.7220000000125,0.0,0
0.00243401,6463.679999999998,0.0,0
0.00243601,6460.577999999979,0.0,0
0.00243802,6457.438,0.0,0
0.00244002,6454.273999999998,0.0,0
0.00244203,6451.102000000012,0.0,0
0.00244404,6447.901999999988,0.0,0
0.00244604,6444.702000000005,0.0,0
0.00244803,6441.502000000005,0.0,0
0.00245003,6438.242000000024,0.0,0
0.00245203,6435.038,0.0,0
0.00245402,6431.838000000013,0.0,0
0.002456,6428.5340000000015,0.0,0
0.00245801,6425.214000000004,0.0,0
0.00246001,6421.921999999973,0.0,0
0.00246203,6418.550000000004,0.0,0
0.00246401,6415.202000000011,0.0,0
0.00246603,6411.84000000001,0.0,0
0.00246804,6408.477999999995,0.0,0
0.00247003,6405.081999999997,0.0,0
0.00247202,6401.698000000001,0.0,0
0.00247401,6398.240800000022,0.0,0
0.002476,6394.879999999988,0.0,0
0.00247802,6391.398799999981,0.0,0
0.00248003,6387.999200000005,0.0,0
0.00248202,6384.480399999998,0.0,0
0.00248403,6380.960800000017,0.0,0
0.00248601,6377.561599999967,0.0,0
0.00248801,6374.057999999989,0.0,0
0.00249004,6370.521599999979,0.0,0
0.00249201,6367.078400000004,0.0,0
0.00249403,6363.481599999983,0.0,0
0.00249601,6359.986000000005,0.0,0
0.00249801,6356.441599999994,0.0,0
0.00250001,6352.921600000006,0.0,0
0.00250201,6349.320799999991,0.0,0
0.00250401,6345.760800000011,0.0,0
0.00250603,6342.239199999997,0.0,0
0.00250801,6338.663199999986,0.0,0
0.00251004,6335.001599999993,0.0,0
0.00251202,6331.481600000014,0.0,0
0.00251404,6327.839999999995,0.0,0
0.00251602,6324.31920000001,0.0,0
0.00251804,6320.601599999979,0.0,0
0.00252003,6316.96079999999,0.0,0
0.00252202,6313.439599999982,0.0,0
0.00252402,6309.798399999987,0.0,0
0.00252602,6306.160799999985,0.0,0
0.00252803,6302.559200000028,0.0,0
0.00253004,6298.8416000000025,0.0,0
0.00253204,6295.20000000001,0.0,0
0.002534,6291.679600000006,0.0,0
0.00253604,6287.9616,0.0,0
0.002538,6284.32080000001,0.0,0
0.00254002,6280.678399999991,0.0,0
0.00254204,6276.96079999999,0.0,0
0.00254404,6273.3188000000155,0.0,0
0.00254601,6269.745999999983,0.0,0
0.00254802,6266.080000000006,0.0,0
0.00255001,6262.43840000002,0.0,0
0.00255202,6258.7207999999955,0.0,0
0.00255403,6255.078800000003,0.0,0
0.00255604,6251.400800000005,0.0,0
0.00255804,6247.839199999995,0.0,0
0.00256003,6244.121599999996,0.0,0
0.00256204,6240.479999999971,0.0,0
0.002564,6236.931199999988,0.0,0
0.00256604,6233.120800000008,0.0,0
0.00256802,6229.599600000015,0.0,0
0.00257001,6225.9444,0.0,0
0.00257201,6222.240799999997,0.0,0
0.00257401,6218.6592,0.0,0
0.002576,6215.025999999998,0.0,0
0.00257804,6211.359599999997,0.0,0
0.00258004,6207.700399999982,0.0,0
0.00258204,6204.040800000017,0.0,0
0.00258403,6200.479999999971,0.0,0
0.00258601,6196.862800000012,0.0,0
0.00258801,6193.249600000015,0.0,0
0.00259004,6189.600000000016,0.0,0
0.00259202,6186.059200000007,0.0,0
0.00259404,6182.382000000017,0.0,0
0.00259601,6178.829200000002,0.0,0
0.00259804,6175.19960000001,0.0,0
0.00260003,6171.6512000000075,0.0,0
0.00260203,6168.0324000000055,0.0,0
0.002604,6164.508399999998,0.0,0
0.00260602,6160.893200000015,0.0,0
0.00260804,6157.280399999992,0.0,0
0.00261,6153.7604000000065,0.0,0
0.00261202,6150.239600000005,0.0,0
0.00261404,6146.659200000006,0.0,0
0.00261602,6143.1392,0.0,0
0.00261804,6139.558400000016,0.0,0
0.00262004,6136.038399999999,0.0,0
0.00262201,6132.57919999999,0.0,0
0.00262401,6129.083199999981,0.0,0
0.00262604,6125.502800000022,0.0,0
0.002628,6122.079599999987,0.0,0
0.00263002,6118.560000000007,0.0,0
0.00263204,6115.04,0.0,0
0.00263402,6111.581200000009,0.0,0
0.00263604,6108.09320000001,0.0,0
0.00263803,6104.664400000007,0.0,0
0.00264001,6101.2795999999935,0.0,0
0.00264202,6097.760399999991,0.0,0
0.00264402,6094.3612000000085,0.0,0
0.00264602,6090.9588000000085,0.0,0
0.002648,6087.5204000000085,0.0,0
0.00265003,6084.093199999998,0.0,0
0.00265202,6080.771200000005,0.0,0
0.00265402,6077.320799999993,0.0,0
0.00265603,6073.958400000017,0.0,0
0.00265801,6070.621199999984,0.0,0
0.00266004,6067.236399999994,0.0,0
0.00266202,6063.901200000023,0.0,0
0.00266401,6060.639599999984,0.0,0
0.00266602,6057.270000000005,0.0,0
0.00266802,6053.920400000019,0.0,0
0.00267,6050.7195999999985,0.0,0
0.00267203,6047.350000000012,0.0,0
0.00267401,6044.0851999999995,0.0,0
0.00267602,6040.800400000007,0.0,0
0.00267803,6037.571199999969,0.0,0
0.00268,6034.3711999999905,0.0,0
0.002682,6031.126799999997,0.0,0
0.00268404,6027.829999999994,0.0,0
0.00268604,6024.6260000000075,0.0,0
0.00268804,6021.429999999991,0.0,0
0.00269003,6018.240000000021,0.0,0
0.00269202,6015.078800000003,0.0,0
0.00269402,6011.947199999986,0.0,0
0.00269604,6008.779200000004,0.0,0
0.00269803,6005.6003999999975,0.0,0
0.00270003,6002.485200000024,0.0,0
0.00270204,5999.360000000006,0.0,0
0.00270403,5996.319599999989,0.0,0
0.00270604,5993.152800000008,0.0,0
0.00270803,5990.1183999999985,0.0,0
0.00271,5987.0728,0.0,0
0.00271203,5984.000000000027,0.0,0
0.00271401,5980.960400000017,0.0,0
0.002716,5977.998800000014,0.0,0
0.00271804,5974.880399999987,0.0,0
0.00272001,5971.999599999983,0.0,0
0.00272202,5968.968000000011,0.0,0
0.00272404,5965.920800000001,0.0,0
0.00272603,5963.039999999995,0.0,0
0.00272801,5960.159599999996,0.0,0
0.00273001,5957.198799999994,0.0,0
0.00273201,5954.2723999999835,0.0,0
0.00273401,5951.359999999978,0.0,0
0.00273601,5948.479999999994,0.0,0
0.00273804,5945.561600000002,0.0,0
0.00274004,5942.705999999998,0.0,0
0.00274203,5939.878399999998,0.0,0
0.002744,5937.119200000005,0.0,0
0.00274603,5934.239600000001,0.0,0
0.00274801,5931.408800000006,0.0,0
0.00275004,5928.601600000008,0.0,0
0.00275202,5925.907200000001,0.0,0
0.002754,5923.101199999999,0.0,0
0.00275601,5920.3584,0.0,0
0.00275801,5917.60039999997,0.0,0
0.00276001,5914.918399999992,0.0,0
0.002762,5912.168799999997,0.0,0
0.00276403,5909.478800000007,0.0,0
0.00276602,5906.841599999982,0.0,0
0.002768,5904.160399999997,0.0,0
0.00277002,5901.547199999999,0.0,0
0.002772,5898.918399999998,0.0,0
0.00277402,5896.281599999985,0.0,0
0.00277603,5893.632800000003,0.0,0
0.002778,5891.096799999999,0.0,0
0.00278001,5888.480799999992,0.0,0
0.00278203,5885.920800000001,0.0,0
0.00278402,5883.384799999977,0.0,0
0.00278601,5880.921600000013,0.0,0
0.00278801,5878.424399999995,0.0,0
0.00279001,5875.911199999992,0.0,0
0.00279203,5873.439599999985,0.0,0
0.00279401,5870.973200000013,0.0,0
0.00279603,5868.508399999997,0.0,0
0.00279801,5866.0800000000045,0.0,0
0.00280004,5863.641599999996,0.0,0
0.00280202,5861.279599999994,0.0,0
0.002804,5858.873999999999,0.0,0
0.00280602,5856.4800000000005,0.0,0
0.00280801,5854.118399999995,0.0,0
0.00281004,5851.704800000007,0.0,0
0.00281204,5849.440000000008,0.0,0
0.00281404,5847.103200000007,0.0,0
0.00281604,5844.838399999986,0.0,0
0.00281803,5842.521600000023,0.0,0
0.00282001,5840.281600000002,0.0,0
0.00282203,5838.041600000011,0.0,0
0.00282403,5835.80160000001,0.0,0
0.00282602,5833.56159999999,0.0,0
0.00282802,5831.398399999982,0.0,0
0.00283001,5829.215199999989,0.0,0
0.00283204,5827.039200000001,0.0,0
0.00283401,5824.80079999998,0.0,0
0.00283603,5822.681599999999,0.0,0
0.00283801,5820.639199999984,0.0,0
0.00284003,5818.400799999989,0.0,0
0.00284203,5816.358399999996,0.0,0
0.002844,5814.2408,0.0,0
0.00284601,5812.198399999998,0.0,0
0.00284803,5810.080800000015,0.0,0
0.00285002,5808.15920000001,0.0,0
0.00285202,5806.118400000003,0.0,0
0.00285402,5804.10080000001,0.0,0
0.00285601,5802.080399999988,0.0,0
0.00285804,5800.159199999998,0.0,0
0.00286004,5798.118800000014,0.0,0
0.00286204,5796.198399999982,0.0,0
0.00286404,5794.278399999985,0.0,0
0.002866,5792.358800000011,0.0,0
0.002868,5790.487200000001,0.0,0
0.00287001,5788.639200000011,0.0,0
0.00287203,5786.720000000008,0.0,0
0.00287403,5784.80079999998,0.0,0
0.00287601,5783.001600000013,0.0,0
0.00287801,5781.199200000014,0.0,0
0.00288002,5779.360000000005,0.0,0
0.00288202,5777.5615999999745,0.0,0
0.00288404,5775.8271999999915,0.0,0
0.00288602,5774.041599999993,0.0,0
0.00288803,5772.31920000001,0.0,0
0.00289004,5770.5215999999855,0.0,0
0.002892,5768.800400000004,0.0,0
0.00289403,5767.086800000006,0.0,0
0.00289603,5765.401600000021,0.0,0
0.00289802,5763.704800000003,0.0,0
0.00290003,5762.079999999988,0.0,0
0.00290201,5760.479599999974,0.0,0
0.00290403,5758.7988000000005,0.0,0
0.00290603,5757.158799999988,0.0,0
0.00290803,5755.558799999996,0.0,0
0.00291002,5753.99880000001,0.0,0
0.00291201,5752.467200000012,0.0,0
0.00291402,5750.879600000009,0.0,0
0.00291601,5749.280399999996,0.0,0
0.00291803,5747.7571999999855,0.0,0
0.00292003,5746.251999999989,0.0,0
0.00292204,5744.779199999991,0.0,0
0.002924,5743.261200000002,0.0,0
0.00292601,5741.798400000001,0.0,0
0.00292801,5740.320400000002,0.0,0
0.00293004,5738.879999999997,0.0,0
0.00293204,5737.439999999999,0.0,0
0.00293401,5736.038399999996,0.0,0
0.00293601,5734.620799999998,0.0,0
0.00293802,5733.279600000014,0.0,0
0.00294002,5731.864400000009,0.0,0
0.00294203,5730.461200000005,0.0,0
0.00294404,5729.120399999982,0.0,0
0.00294602,5727.839599999995,0.0,0
0.002948,5726.531599999998,0.0,0
0.00295004,5725.182800000005,0.0,0
0.00295203,5723.8788000000095,0.0,0
0.00295401,5722.638800000016,0.0,0
0.00295604,5721.350800000002,0.0,0
0.00295801,5720.099199999986,0.0,0
0.00296002,5718.879600000002,0.0,0
0.00296203,5717.600399999971,0.0,0
0.00296401,5716.3811999999925,0.0,0
0.00296601,5715.2000000000035,0.0,0
0.00296803,5714.01960000001,0.0,0
0.00297002,5712.8483999999935,0.0,0
0.00297203,5711.680000000001,0.0,0
0.00297401,5710.559999999984,0.0,0
0.00297601,5709.4400000000005,0.0,0
0.00297801,5708.319599999983,0.0,0
0.00298004,5707.200000000006,0.0,0
0.00298202,5706.080400000004,0.0,0
0.002984,5705.05879999999,0.0,0
0.00298603,5703.905200000011,0.0,0
0.00298802,5702.8804000000055,0.0,0
0.00299002,5701.859199999997,0.0,0
0.00299201,5700.860399999998,0.0,0
0.00299402,5699.827600000004,0.0,0
0.002996,5698.809599999998,0.0,0
0.00299804,5697.820799999995,0.0,0
0.00300002,5696.860800000015,0.0,0
0.00300203,5695.900799999996,0.0,0
0.00300402,5694.940799999992,0.0,0
0.00300604,5693.9968000000135,0.0,0
0.00300804,5693.059599999991,0.0,0
0.00301001,5692.220399999992,0.0,0
0.00301203,5691.2971999999945,0.0,0
0.00301404,5690.404000000007,0.0,0
0.00301602,5689.539200000007,0.0,0
0.00301802,5688.700800000003,0.0,0
0.00302004,5687.83999999999,0.0,0
0.00302202,5687.00399999999,0.0,0
0.00302403,5686.179600000002,0.0,0
0.00302603,5685.379600000009,0.0,0
0.00302803,5684.619600000004,0.0,0
0.00303004,5683.840000000005,0.0,0
0.00303201,5683.108799999995,0.0,0
0.00303401,5682.301199999998,0.0,0
0.00303601,5681.600000000004,0.0,0
0.00303802,5680.899199999996,0.0,0
0.00304003,5680.188399999986,0.0,0
0.00304202,5679.481599999998,0.0,0
0.00304404,5678.816800000007,0.0,0
0.00304604,5678.080799999998,0.0,0
0.00304802,5677.472799999993,0.0,0
0.00305004,5676.860800000013,0.0,0
0.00305204,5676.221199999998,0.0,0
0.00305401,5675.679999999992,0.0,0
0.00305603,5675.040399999991,0.0,0
0.003058,5674.499199999984,0.0,0
0.00306001,5673.952000000011,0.0,0
0.00306204,5673.37920000001,0.0,0
0.00306404,5672.860799999996,0.0,0
0.00306603,5672.380399999991,0.0,0
0.00306804,5671.839999999992,0.0,0
0.00307004,5671.36000000001,0.0,0
0.003072,5670.880399999985,0.0,0
0.00307404,5670.470800000006,0.0,0
0.00307604,5670.041599999995,0.0,0
0.00307802,5669.59999999999,0.0,0
0.00308,5669.27960000001,0.0,0
0.00308203,5668.870799999996,0.0,0
0.00308404,5668.480000000002,0.0,0
0.00308603,5668.131599999986,0.0,0
0.00308802,5667.779600000003,0.0,0
0.00309003,5667.500000000003,0.0,0
0.00309203,5667.200400000002,0.0,0
0.003094,5666.9412,0.0,0
0.00309603,5666.709999999988,0.0,0
0.00309803,5666.447200000002,0.0,0
0.00310001,5666.240400000004,0.0,0
0.00310201,5666.080000000003,0.0,0
0.00310402,5665.920000000028,0.0,0
0.00310602,5665.732000000003,0.0,0
0.00310802,5665.660400000002,0.0,0
0.00311001,5665.5011999999815,0.0,0
0.00311204,5665.439999999981,0.0,0
0.00311403,5665.4391999999825,0.0,0
0.00311603,5665.318799999997,0.0,0
0.00311802,5665.312400000001,0.0,0
0.00312004,5665.3404,0.0,0
0.00312203,5665.340799999999,0.0,0
0.00312404,5665.427599999997,0.0,0
0.00312604,5665.4788000000035,0.0,0
0.00312803,5665.599999999988,0.0,0
0.00313001,5665.721199999983,0.0,0
0.00313203,5665.859199999991,0.0,0
0.00313401,5666.0199999999995,0.0,0
0.00313603,5666.240400000013,0.0,0
0.00313804,5666.521200000007,0.0,0
0.00314004,5666.7208,0.0,0
0.00314204,5667.040400000005,0.0,0
0.003144,5667.420399999986,0.0,0
0.00314601,5667.7648000000045,0.0,0
0.00314801,5668.159600000008,0.0,0
0.00315,5668.480400000004,0.0,0
0.00315201,5668.95999999999,0.0,0
0.00315402,5669.412000000006,0.0,0
0.00315601,5669.920400000005,0.0,0
0.00315803,5670.523199999991,0.0,0
0.00316004,5671.039999999991,0.0,0
0.00316201,5671.6196000000045,0.0,0
0.00316402,5672.299600000004,0.0,0
0.00316604,5672.959999999988,0.0,0
0.00316802,5673.661199999992,0.0,0
0.00317003,5674.460400000005,0.0,0
0.00317203,5675.200400000001,0.0,0
0.00317401,5675.999999999986,0.0,0
0.00317604,5676.89880000002,0.0,0
0.00317802,5677.820399999979,0.0,0
0.00318003,5678.719999999991,0.0,0
0.003182,5679.6799999999985,0.0,0
0.00318402,5680.700800000005,0.0,0
0.00318604,5681.791999999993,0.0,0
0.00318803,5682.880000000017,0.0,0
0.00319002,5683.9999999999845,0.0,0
0.00319202,5685.180800000004,0.0,0
0.00319403,5686.400400000006,0.0,0
0.00319604,5687.679999999998,0.0,0
0.00319804,5689.020799999984,0.0,0
0.00320004,5690.355600000009,0.0,0
0.00320202,5691.801200000005,0.0,0
0.00320402,5693.21960000001,0.0,0
0.003206,5694.720000000013,0.0,0
0.003208,5696.319600000014,0.0,0
0.00321004,5697.919599999992,0.0,0
0.003212,5699.560399999998,0.0,0
0.00321401,5701.279599999999,0.0,0
0.00321601,5702.9971999999925,0.0,0
0.00321801,5704.800399999991,0.0,0
0.00322001,5706.681200000018,0.0,0
0.00322204,5708.595600000012,0.0,0
0.00322403,5710.55999999998,0.0,0
0.003226,5712.540799999995,0.0,0
0.00322802,5714.6592000000055,0.0,0
0.00323,5716.779600000005,0.0,0
0.00323201,5719.039200000001,0.0,0
0.00323401,5721.21920000002,0.0,0
0.00323601,5723.520000000001,0.0,0
0.003238,5725.919599999994,0.0,0
0.00324002,5728.38,0.0,0
0.00324201,5730.819200000008,0.0,0
0.00324404,5733.427600000005,0.0,0
0.00324603,5736.000000000009,0.0,0
0.00324802,5738.719200000007,0.0,0
0.00325001,5741.3795999999975,0.0,0
0.00325202,5744.228399999986,0.0,0
0.00325403,5747.07839999999,0.0,0
0.00325603,5750.019199999984,0.0,0
0.00325804,5753.030799999988,0.0,0
0.00326,5756.000399999988,0.0,0
0.003262,5759.139600000012,0.0,0
0.00326403,5762.3976,0.0,0
0.00326601,5765.66040000001,0.0,0
0.00326803,5769.058799999987,0.0,0
0.00327004,5772.44159999999,0.0,0
0.00327204,5775.900800000008,0.0,0
0.00327401,5779.414800000002,0.0,0
0.00327604,5783.100399999999,0.0,0
0.00327802,5786.78000000001,0.0,0
0.00328002,5790.55920000001,0.0,0
0.00328203,5794.339199999991,0.0,0
0.00328404,5798.338800000012,0.0,0
0.00328603,5802.240399999971,0.0,0
0.00328802,5806.326800000006,0.0,0
0.00329002,5810.400399999999,0.0,0
0.00329202,5814.621199999989,0.0,0
0.00329404,5818.979599999998,0.0,0
0.00329603,5823.359999999991,0.0,0
0.00329803,5827.7792000000045,0.0,0
0.00330002,5832.25959999999,0.0,0
0.00330201,5836.8392000000085,0.0,0
0.00330401,5841.501199999993,0.0,0
0.00330601,5846.338800000027,0.0,0
0.00330802,5851.199200000004,0.0,0
0.00331002,5856.065199999992,0.0,0
0.00331203,5861.11999999998,0.0,0
0.003314,5866.0807999999915,0.0,0
0.003316,5871.279200000008,0.0,0
0.00331801,5876.5412000000115,0.0,0
0.00332002,5881.919999999991,0.0,0
0.00332202,5887.299599999999,0.0,0
0.00332403,5892.8604000000105,0.0,0
0.00332604,5898.400399999989,0.0,0
0.00332804,5904.1595999999945,0.0,0
0.00333001,5909.820400000022,0.0,0
0.00333204,5915.679999999993,0.0,0
0.00333403,5921.5999999999985,0.0,0
0.00333603,5927.618800000004,0.0,0
0.00333802,5933.660399999986,0.0,0
0.00334003,5939.839600000014,0.0,0
0.00334203,5946.080000000004,0.0,0
0.00334403,5952.41919999999,0.0,0
0.00334602,5958.780799999996,0.0,0
0.003348,5965.255599999982,0.0,0
0.00335003,5971.961200000006,0.0,0
0.00335203,5978.560400000007,0.0,0
0.00335402,5985.340799999978,0.0,0
0.00335602,5992.220400000024,0.0,0
0.00335803,5999.167599999999,0.0,0
0.00336004,6006.239599999993,0.0,0
0.00336204,6013.279999999986,0.0,0
0.00336404,6020.51839999999,0.0,0
0.00336602,6027.6923999999935,0.0,0
0.00336801,6035.04000000001,0.0,0
0.00337,6042.478800000003,0.0,0
0.00337202,6050.06359999999,0.0,0
0.00337403,6057.681199999987,0.0,0
0.003376,6065.280399999998,0.0,0
0.00337801,6073.1584000000075,0.0,0
0.00338002,6081.06479999999,0.0,0
0.00338202,6088.960400000014,0.0,0
0.00338401,6097.020800000008,0.0,0
0.00338601,6105.15839999998,0.0,0
0.003388,6113.340400000015,0.0,0
0.00339003,6121.760000000004,0.0,0
0.00339204,6130.178799999989,0.0,0
0.00339403,6138.560399999983,0.0,0
0.00339601,6147.0579999999845,0.0,0
0.00339804,6155.831199999993,0.0,0
0.00340004,6164.480399999998,0.0,0
0.00340203,6173.241600000005,0.0,0
0.00340402,6182.079999999997,0.0,0
0.003406,6190.978799999999,0.0,0
0.00340802,6200.03639999999,0.0,0
0.00341002,6209.186399999999,0.0,0
0.00341204,6218.460399999986,0.0,0
0.00341401,6227.580400000015,0.0,0
0.00341602,6236.959599999981,0.0,0
0.00341803,6246.4259999999895,0.0,0
0.00342003,6255.95320000001,0.0,0
0.00342204,6265.500799999979,0.0,0
0.00342403,6275.139200000009,0.0,0
0.00342603,6284.860399999998,0.0,0
0.00342801,6294.557599999996,0.0,0
0.00343002,6304.51400000001,0.0,0
0.00343203,6314.460799999983,0.0,0
0.00343404,6324.578800000002,0.0,0
0.00343602,6334.559599999994,0.0,0
0.00343802,6344.710399999998,0.0,0
0.00344003,6354.940400000012,0.0,0
0.00344201,6365.1199999999835,0.0,0
0.00344402,6375.580399999985,0.0,0
0.00344601,6385.899200000014,0.0,0
0.00344804,6396.555600000002,0.0,0
0.00345002,6406.963999999998,0.0,0
0.00345202,6417.595999999985,0.0,0
0.00345401,6428.1000000000295,0.0,0
0.003456,6438.87799999999,0.0,0
0.00345802,6449.698000000013,0.0,0
0.00346002,6460.480000000015,0.0,0
0.00346202,6471.41999999998,0.0,0
0.00346402,6482.313999999978,0.0,0
0.00346604,6493.379999999983,0.0,0
0.00346804,6504.440000000011,0.0,0
0.00347002,6515.417999999986,0.0,0
0.00347202,6526.542000000006,0.0,0
0.00347402,6537.697999999997,0.0,0
0.00347603,6548.985999999994,0.0,0
0.00347803,6560.182000000008,0.0,0
0.00348003,6571.460000000002,0.0,0
0.00348201,6582.643999999987,0.0,0
0.00348402,6594.077999999997,0.0,0
0.00348601,6605.360000000001,0.0,0
0.00348802,6616.7379999999785,0.0,0
0.00349001,6628.062000000005,0.0,0
0.00349204,6639.6160000000045,0.0,0
0.00349402,6650.917999999998,0.0,0
0.00349603,6662.4199999999755,0.0,0
0.00349804,6673.9399999999905,0.0,0
0.00350003,6685.277999999986,0.0,0
0.00350204,6696.700000000007,0.0,0
0.00350404,6708.072000000012,0.0,0
0.003506,6719.197999999996,0.0,0
0.00350802,6730.56000000001,0.0,0
0.00351003,6741.82000000001,0.0,0
0.003512,6752.801999999985,0.0,0
0.00351404,6764.095999999985,0.0,0
0.00351602,6775.028000000017,0.0,0
0.00351801,6785.698000000004,0.0,0
0.00352004,6796.257999999981,0.0,0
0.003522,6806.079999999993,0.0,0
0.00352402,6815.502000000005,0.0,0
0.00352602,6820.995999999988,0.0,0
0.00352804,6825.219999999992,0.0,0
0.00353003,6829.513999999984,0.0,0
0.00353204,6834.018000000018,0.0,0
0.003534,6838.438000000031,0.0,0
0.003536,6843.102000000022,0.0,0
0.003538,6847.939999999993,0.0,0
0.00354004,6852.864000000012,0.0,0
0.00354201,6857.8179999999975,0.0,0
0.00354401,6862.877999999994,0.0,0
0.00354601,6868.06199999999,0.0,0
0.00354802,6873.3399999999965,0.0,0
0.00355002,6878.71999999997,0.0,0
0.00355203,6884.258000000012,0.0,0
0.00355404,6889.790000000014,0.0,0
0.00355602,6895.419999999998,0.0,0
0.00355804,6901.179999999968,0.0,0
0.00356003,6906.977999999978,0.0,0
0.00356204,6912.936000000014,0.0,0
0.00356401,6918.780000000031,0.0,0
0.00356604,6924.982000000015,0.0,0
0.00356801,6931.037999999995,0.0,0
0.00357004,6937.346000000005,0.0,0
0.00357203,6943.6759999999895,0.0,0
0.00357403,6950.020000000009,0.0,0
0.003576,6956.419999999998,0.0,0
0.00357802,6963.00200000001,0.0,0
0.00358004,6969.709999999977,0.0,0
0.00358202,6976.356000000027,0.0,0
0.00358404,6983.159999999994,0.0,0
0.00358603,6989.949999999984,0.0,0
0.00358803,6996.873999999977,0.0,0
0.00359003,7003.84400000001,0.0,0
0.003592,7010.84200000001,0.0,0
0.00359404,7018.111999999981,0.0,0
0.00359604,7025.339999999998,0.0,0
0.003598,7032.430000000012,0.0,0
0.00360003,7039.875999999999,0.0,0
0.00360202,7047.201999999999,0.0,0
0.00360403,7054.764000000002,0.0,0
0.00360604,7062.30799999999,0.0,0
0.00360801,7069.830000000019,0.0,0
0.00361003,7077.578000000024,0.0,0
0.00361201,7085.230000000021,0.0,0
0.00361401,7093.000000000024,0.0,0
0.00361602,7100.957999999985,0.0,0
0.003618,7108.799999999989,0.0,0
0.00362001,7116.800000000026,0.0,0
0.00362204,7124.921999999991,0.0,0
0.00362401,7132.897999999998,0.0,0
0.00362603,7141.180000000002,0.0,0
0.00362804,7149.379999999995,0.0,0
0.00363003,7157.661999999991,0.0,0
0.003632,7165.862000000024,0.0,0
0.003634,7174.298000000024,0.0,0
0.00363601,7182.779999999983,0.0,0
0.00363803,7191.299999999992,0.0,0
0.00364,7199.770000000001,0.0,0
0.00364202,7208.421999999987,0.0,0
0.00364404,7217.181999999978,0.0,0
0.00364602,7225.819999999992,0.0,0
0.00364801,7234.5600000000195,0.0,0
0.00365,7243.259999999997,0.0,0
0.00365202,7252.225999999974,0.0,0
0.00365401,7261.116000000015,0.0,0
0.00365602,7270.093999999997,0.0,0
0.00365803,7279.166000000013,0.0,0
0.00366004,7288.259999999994,0.0,0
0.00366201,7297.181999999986,0.0,0
0.00366404,7306.499999999998,0.0,0
0.00366602,7315.558000000002,0.0,0
0.003668,7324.707999999998,0.0,0
0.00367001,7333.982000000033,0.0,0
0.00367201,7343.299999999977,0.0,0
0.00367402,7352.679999999993,0.0,0
0.00367601,7362.077999999995,0.0,0
0.00367801,7371.476000000006,0.0,0
0.00368,7380.902000000019,0.0,0
0.00368202,7390.498000000006,0.0,0
0.00368402,7400.0000000000055,0.0,0
0.003686,7409.490000000032,0.0,0
0.00368801,7419.1120000000055,0.0,0
0.00369003,7428.880000000001,0.0,0
0.00369203,7438.541999999995,0.0,0
0.00369404,7448.259999999977,0.0,0
0.00369601,7457.883999999994,0.0,0
0.00369802,7467.677999999966,0.0,0
0.00370003,7477.529999999981,0.0,0
0.00370204,7487.363999999979,0.0,0
0.00370403,7497.181999999985,0.0,0
0.00370601,7506.993999999993,0.0,0
0.00370803,7517.000000000004,0.0,0
0.00371002,7526.858000000017,0.0,0
0.00371202,7536.797999999987,0.0,0
0.003714,7546.717999999998,0.0,0
0.00371603,7556.860000000001,0.0,0
0.00371801,7566.758000000007,0.0,0
0.00372004,7576.939999999994,0.0,0
0.00372203,7586.904000000019,0.0,0
0.00372402,7597.021999999993,0.0,0
0.00372604,7607.198000000002,0.0,0
0.00372803,7617.263999999981,0.0,0
0.00373001,7627.260000000001,0.0,0
0.00373203,7637.542000000011,0.0,0
0.00373403,7647.680000000015,0.0,0
0.00373601,7657.779999999986,0.0,0
0.00373803,7668.096000000042,0.0,0
0.00374002,7678.24199999999,0.0,0
0.00374201,7688.417999999972,0.0,0
0.00374402,7698.674000000022,0.0,0
0.00374603,7708.958000000022,0.0,0
0.00374802,7719.137999999978,0.0,0
0.00375001,7729.35400000002,0.0,0
0.00375201,7739.594000000004,0.0,0
0.00375401,7749.879999999981,0.0,0
0.00375604,7760.340000000008,0.0,0
0.00375803,7770.54800000002,0.0,0
0.00376003,7780.800000000016,0.0,0
0.00376204,7791.100000000019,0.0,0
0.00376404,7801.417999999988,0.0,0
0.00376602,7811.618000000032,0.0,0
0.003768,7821.797999999986,0.0,0
0.00377001,7832.162000000003,0.0,0
0.00377204,7842.563999999998,0.0,0
0.00377403,7852.800000000019,0.0,0
0.00377602,7863.036000000019,0.0,0
0.00377801,7873.279999999976,0.0,0
0.00378003,7883.677999999991,0.0,0
0.00378201,7893.824000000025,0.0,0
0.00378403,7904.195999999999,0.0,0
0.00378602,7914.3939999999875,0.0,0
0.00378803,7924.697999999996,0.0,0
0.00379004,7935.001999999971,0.0,0
0.00379202,7945.150000000012,0.0,0
0.00379404,7955.456,0.0,0
0.00379601,7965.4960000000065,0.0,0
0.003798,7975.663999999992,0.0,0
0.0038,7985.821999999974,0.0,0
0.00380204,7996.226000000016,0.0,0
0.00380403,8006.327999999988,0.0,0
0.00380604,8016.575999999995,0.0,0
0.003808,8026.44799999998,0.0,0
0.00381001,8036.582000000013,0.0,0
0.00381203,8046.818000000007,0.0,0
0.00381402,8056.802000000033,0.0,0
0.00381601,8066.872000000022,0.0,0
0.00381803,8076.9939999999915,0.0,0
0.00382001,8086.887999999986,0.0,0
0.00382202,8096.960000000028,0.0,0
0.003824,8106.8200000000315,0.0,0
0.003826,8116.7999999999965,0.0,0
0.00382804,8126.882000000004,0.0,0
0.00383004,8136.7979999999725,0.0,0
0.00383201,8146.499999999966,0.0,0
0.00383403,8156.479999999987,0.0,0
0.00383601,8166.241999999991,0.0,0
0.00383803,8176.102000000004,0.0,0
0.00384003,8185.848000000015,0.0,0
0.00384204,8195.678000000022,0.0,0
0.00384402,8205.306000000011,0.0,0
0.00384601,8214.941999999997,0.0,0
0.003848,8224.587999999996,0.0,0
0.00385004,8234.389999999998,0.0,0
0.00385202,8243.88399999999,0.0,0
0.00385401,8253.342000000008,0.0,0
0.00385604,8263.002000000008,0.0,0
0.00385801,8272.389999999992,0.0,0
0.00386003,8281.940000000013,0.0,0
0.00386202,8291.323999999991,0.0,0
0.00386401,8300.648000000008,0.0,0
0.00386602,8310.019999999988,0.0,0
0.00386803,8319.419999999978,0.0,0
0.00387004,8328.677999999982,0.0,0
0.00387204,8337.92,0.0,0
0.00387401,8346.978000000025,0.0,0
0.00387603,8356.219999999968,0.0,0
0.00387801,8365.243999999993,0.0,0
0.00388002,8374.339999999986,0.0,0
0.00388201,8383.359999999984,0.0,0
0.00388404,8392.477999999992,0.0,0
0.00388601,8401.279999999984,0.0,0
0.00388802,8410.180000000018,0.0,0
0.00389002,8419.038000000013,0.0,0
0.00389203,8427.84400000001,0.0,0
0.00389401,8436.562000000009,0.0,0
0.00389604,8445.392000000014,0.0,0
0.00389802,8453.921999999988,0.0,0
0.00390002,8462.577999999992,0.0,0
0.00390201,8471.100000000017,0.0,0
0.00390403,8479.679999999986,0.0,0
0.00390602,8488.162000000002,0.0,0
0.00390802,8496.54200000002,0.0,0
0.00391002,8504.948000000022,0.0,0
0.00391203,8513.28000000001,0.0,0
0.00391403,8521.540000000017,0.0,0
0.003916,8529.603999999998,0.0,0
0.00391801,8537.86,0.0,0
0.00392002,8546.017999999982,0.0,0
0.00392201,8554.07800000001,0.0,0
0.00392402,8562.021999999999,0.0,0
0.00392601,8569.980000000021,0.0,0
0.00392802,8577.915999999987,0.0,0
0.00393002,8585.698000000011,0.0,0
0.00393201,8593.442000000008,0.0,0
0.00393402,8601.182000000008,0.0,0
0.00393601,8608.857999999986,0.0,0
0.00393801,8616.443999999972,0.0,0
0.00394001,8623.940000000022,0.0,0
0.00394201,8631.518000000007,0.0,0
0.00394403,8638.942000000003,0.0,0
0.00394603,8646.339999999995,0.0,0
0.00394804,8653.700000000015,0.0,0
0.00395004,8660.901999999993,0.0,0
0.003952,8668.001999999997,0.0,0
0.00395402,8675.14000000003,0.0,0
0.00395604,8682.360000000011,0.0,0
0.003958,8689.219999999985,0.0,0
0.00396,8696.158000000007,0.0,0
0.00396202,8703.112000000021,0.0,0
0.00396401,8709.884,0.0,0
0.00396603,8716.714000000004,0.0,0
0.00396803,8723.362000000017,0.0,0
0.00397003,8729.996,0.0,0
0.00397202,8736.58000000002,0.0,0
0.00397402,8743.039999999979,0.0,0
0.00397601,8749.500000000011,0.0,0
0.003978,8755.840000000011,0.0,0
0.00398003,8762.17999999999,0.0,0
0.00398203,8768.477999999981,0.0,0
0.00398402,8774.655999999995,0.0,0
0.00398602,8780.740000000022,0.0,0
0.00398804,8786.880000000016,0.0,0
0.00399004,8792.839999999984,0.0,0
0.00399204,8798.72800000001,0.0,0
0.00399402,8804.577999999996,0.0,0
0.00399603,8810.360000000033,0.0,0
0.00399802,8816.037999999984,0.0,0
0.00400001,8821.696000000005,0.0,0
0.00400201,8827.260000000013,0.0,0
0.004004,8832.738000000003,0.0,0
0.00400601,8838.237999999996,0.0,0
0.00400802,8843.677999999996,0.0,0
0.00401003,8848.964000000014,0.0,0
0.004012,8854.237999999992,0.0,0
0.00401404,8859.484000000011,0.0,0
0.00401601,8864.497999999992,0.0,0
0.00401802,8869.601999999995,0.0,0
0.00402003,8874.658000000012,0.0,0
0.00402201,8879.522000000026,0.0,0
0.00402403,8884.381999999958,0.0,0
0.00402603,8889.216000000017,0.0,0
0.00402804,8893.921999999988,0.0,0
0.00403003,8898.56,0.0,0
0.004032,8903.138000000026,0.0,0
0.004034,8907.618000000013,0.0,0
0.00403603,8912.158000000012,0.0,0
0.00403804,8916.573999999993,0.0,0
0.00404001,8920.821999999987,0.0,0
0.00404201,8925.06800000002,0.0,0
0.00404401,8929.304000000006,0.0,0
0.00404602,8933.439999999993,0.0,0
0.00404804,8937.563999999998,0.0,0
0.00405,8941.509999999975,0.0,0
0.00405201,8945.44199999999,0.0,0
0.00405402,8949.380000000001,0.0,0
0.00405602,8953.134000000007,0.0,0
0.004058,8956.898000000005,0.0,0
0.00406003,8960.602000000008,0.0,0
0.00406202,8964.240000000003,0.0,0
0.00406404,8967.793999999993,0.0,0
0.00406601,8971.227999999985,0.0,0
0.00406803,8974.720000000012,0.0,0
0.00407002,8978.078000000025,0.0,0
0.004072,8981.380000000005,0.0,0
0.00407404,8984.700000000006,0.0,0
0.00407603,8987.899999999992,0.0,0
0.00407803,8990.979999999974,0.0,0
0.00408002,8994.041999999998,0.0,0
0.00408203,8997.060000000009,0.0,0
0.00408403,9000.064000000017,0.0,0
0.00408603,9002.940000000019,0.0,0
0.00408804,9005.76400000001,0.0,0
0.00409001,9008.580000000002,0.0,0
0.00409201,9011.297999999995,0.0,0
0.004094,9013.922,0.0,0
0.004096,9016.541999999974,0.0,0
0.00409804,9019.19999999999,0.0,0
0.0041,9021.66399999999,0.0,0
0.004102,9024.102000000012,0.0,0
0.00410401,9026.494000000035,0.0,0
0.00410601,9028.84399999998,0.0,0
0.00410804,9031.169999999995,0.0,0
0.00411002,9033.437999999991,0.0,0
0.00411202,9039.265999999994,0.0,0
0.00411402,9048.959999999977,0.0,0
0.00411601,9057.928000000013,0.0,0
0.00411804,9066.425999999996,0.0,0
0.00412003,9074.138000000012,0.0,0
0.00412201,9081.274000000016,0.0,0
0.004124,9087.995999999985,0.0,0
0.004126,9094.570000000007,0.0,0
0.00412801,9101.208000000024,0.0,0
0.00413001,9107.732000000004,0.0,0
0.00413203,9114.235999999972,0.0,0
0.00413404,9120.640000000001,0.0,0
0.00413603,9126.804000000007,0.0,0
0.00413803,9132.831999999993,0.0,0
0.00414003,9138.701999999988,0.0,0
0.00414203,9144.339999999982,0.0,0
0.00414403,9149.820000000005,0.0,0
0.00414602,9154.990000000016,0.0,0
0.00414803,9159.987999999994,0.0,0
0.00415004,9164.799999999976,0.0,0
0.00415202,9169.24,0.0,0
0.00415401,9173.460000000008,0.0,0
0.00415604,9183.452000000018,0.0,0
0.00415801,9192.692000000003,0.0,0
0.00416003,9201.473999999995,0.0,0
0.00416202,9209.663999999988,0.0,0
0.00416403,9217.328000000003,0.0,0
0.004166,9224.383999999998,0.0,0
0.00416803,9231.149999999981,0.0,0
0.00417,9237.275999999994,0.0,0
0.00417204,9243.45000000001,0.0,0
0.00417404,9249.514000000028,0.0,0
0.00417603,9255.482000000018,0.0,0
0.00417801,9261.345999999981,0.0,0
0.00418002,9267.125999999995,0.0,0
0.00418201,9272.778000000024,0.0,0
0.00418402,9278.25599999999,0.0,0
0.00418603,9283.583999999988,0.0,0
0.00418801,9288.604000000003,0.0,0
0.00419,9293.451999999992,0.0,0
0.00419203,9298.162000000011,0.0,0
0.00419401,9302.464000000005,0.0,0
0.00419602,9306.627999999986,0.0,0
0.004198,9310.470000000007,0.0,0
0.00420004,9314.12200000002,0.0,0
0.00420204,9317.412000000026,0.0,0
0.004204,9320.430000000008,0.0,0
0.00420604,9323.320000000003,0.0,0
0.00420803,9326.00400000001,0.0,0
0.00421004,9328.481999999998,0.0,0
0.00421204,9330.793999999985,0.0,0
0.00421403,9333.009999999984,0.0,0
0.00421604,9335.09999999997,0.0,0
0.00421803,9337.051999999996,0.0,0
0.00422004,9338.920000000015,0.0,0
0.00422201,9340.706000000013,0.0,0
0.00422401,9342.40399999998,0.0,0
0.00422604,9344.028000000002,0.0,0
0.00422801,9345.571999999975,0.0,0
0.00423001,9347.018000000018,0.0,0
0.00423203,9348.422000000011,0.0,0
0.00423403,9349.729999999998,0.0,0
0.004236,9350.914000000012,0.0,0
0.00423801,9352.11799999998,0.0,0
0.00424002,9353.162000000002,0.0,0
0.00424203,9354.165999999988,0.0,0
0.00424404,9355.090000000006,0.0,0
0.00424601,9355.908000000007,0.0,0
0.00424801,9356.634000000013,0.0,0
0.00425003,9357.302000000007,0.0,0
0.00425201,9357.876000000004,0.0,0
0.00425402,9358.366000000004,0.0,0
0.00425602,9358.783999999972,0.0,0
0.00425802,9359.132000000005,0.0,0
0.00426003,9359.407999999998,0.0,0
0.00426203,9359.61599999999,0.0,0
0.00426402,9359.744000000002,0.0,0
0.00426602,9359.841999999999,0.0,0
0.00426803,9359.857999999975,0.0,0
0.00427001,9359.855999999994,0.0,0
0.00427204,9359.838000000005,0.0,0
0.004274,9359.736000000015,0.0,0
0.00427604,9359.639999999989,0.0,0
0.004278,9359.488000000005,0.0,0
0.00428004,9359.31799999999,0.0,0
0.00428204,9359.131999999994,0.0,0
0.00428404,9358.929999999984,0.0,0
0.00428603,9358.724000000006,0.0,0
0.00428803,9358.546000000004,0.0,0
0.00429003,9358.318000000008,0.0,0
0.00429202,9358.098000000002,0.0,0
0.00429403,9357.875999999997,0.0,0
0.00429604,9357.641999999985,0.0,0
0.004298,9357.472000000007,0.0,0
0.00430003,9357.28999999999,0.0,0
0.00430201,9357.138000000006,0.0,0
0.00430401,9357.009999999978,0.0,0
0.00430601,9356.876000000022,0.0,0
0.004308,9356.799999999985,0.0,0
0.00431001,9356.764000000005,0.0,0
0.00431202,9356.748000000003,0.0,0
0.00431404,9356.787999999995,0.0,0
0.00431601,9356.848000000005,0.0,0
0.00431802,9356.989999999987,0.0,0
0.00432004,9357.160000000013,0.0,0
0.004322,9357.366000000022,0.0,0
0.00432401,9357.619999999988,0.0,0
0.00432604,9357.921999999979,0.0,0
0.00432802,9358.298000000004,0.0,0
0.00433004,9358.690000000011,0.0,0
0.00433202,9359.164000000012,0.0,0
0.00433401,9359.692,0.0,0
0.00433602,9360.250000000002,0.0,0
0.00433801,9360.915999999992,0.0,0
0.00434,9361.580000000029,0.0,0
0.00434201,9362.331999999988,0.0,0
0.00434401,9363.138000000026,0.0,0
0.004346,9364.005999999988,0.0,0
0.00434804,9364.961999999987,0.0,0
0.00435001,9365.954000000016,0.0,0
0.00435201,9367.02999999998,0.0,0
0.00435403,9368.158000000009,0.0,0
0.00435601,9369.373999999994,0.0,0
0.00435804,9370.619999999995,0.0,0
0.00436003,9371.970000000027,0.0,0
0.00436204,9373.412000000011,0.0,0
0.00436404,9374.881999999983,0.0,0
0.00436602,9376.417999999974,0.0,0
0.00436802,9378.047999999972,0.0,0
0.00437002,9379.78799999998,0.0,0
0.00437202,9381.554000000002,0.0,0
0.00437403,9383.392000000027,0.0,0
0.00437603,9385.356000000023,0.0,0
0.00437803,9387.361999999977,0.0,0
0.00438003,9389.452000000021,0.0,0
0.00438203,9391.61,0.0,0
0.00438403,9393.854000000007,0.0,0
0.00438603,9396.15799999999,0.0,0
0.00438803,9398.535999999987,0.0,0
0.00439002,9400.980000000012,0.0,0
0.004392,9403.519999999986,0.0,0
0.00439401,9406.116000000025,0.0,0
0.00439604,9408.862000000021,0.0,0
0.00439801,9411.568,0.0,0
0.0044,9414.362000000008,0.0,0
0.00440201,9417.276,0.0,0
0.00440403,9420.265999999987,0.0,0
0.00440601,9423.268000000027,0.0,0
0.004408,9426.374,0.0,0
0.00441004,9429.582000000015,0.0,0
0.00441201,9432.73800000001,0.0,0
0.00441402,9436.082000000013,0.0,0
0.00441603,9439.452000000001,0.0,0
0.00441801,9442.827999999985,0.0,0
0.00442,9446.314000000002,0.0,0
0.00442204,9449.915999999987,0.0,0
0.00442404,9453.515999999992,0.0,0
0.00442603,9457.153999999984,0.0,0
0.00442801,9460.823999999995,0.0,0
0.00443001,9464.554000000007,0.0,0
0.00443201,9468.361999999996,0.0,0
0.004434,9472.23800000001,0.0,0
0.00443601,9476.191999999974,0.0,0
0.00443801,9480.15199999999,0.0,0
0.00444002,9484.155999999999,0.0,0
0.00444201,9488.202,0.0,0
0.00444401,9492.249999999993,0.0,0
0.00444603,9496.458,0.0,0
0.00444804,9500.63799999999,0.0,0
0.00445001,9504.801999999985,0.0,0
0.00445204,9509.062000000004,0.0,0
0.004454,9513.265999999981,0.0,0
0.00445602,9517.565999999977,0.0,0
0.00445802,9521.884000000024,0.0,0
0.00446004,9526.17599999999,0.0,0
0.00446203,9530.434000000016,0.0,0
0.00446404,9534.776000000009,0.0,0
0.00446601,9538.93999999996,0.0,0
0.00446803,9543.294,0.0,0
0.00447001,9547.52000000002,0.0,0
0.00447203,9551.873999999998,0.0,0
0.00447403,9556.122000000001,0.0,0
0.004476,9560.336000000034,0.0,0
0.00447804,9564.602000000015,0.0,0
0.00448,9568.356000000009,0.0,0
0.004482,9572.15999999998,0.0,0
0.00448401,9575.940000000037,0.0,0
0.00448602,9579.796000000002,0.0,0
0.004488,9583.660000000009,0.0,0
0.00449001,9587.49199999999,0.0,0
0.00449202,9591.360000000013,0.0,0
0.00449404,9595.255999999996,0.0,0
0.00449601,9599.031999999987,0.0,0
0.00449802,9602.890000000009,0.0,0
0.00450003,9606.759999999997,0.0,0
0.004502,9610.519999999979,0.0,0
0.00450402,9614.311999999993,0.0,0
0.00450603,9618.130000000005,0.0,0
0.00450803,9621.836000000032,0.0,0
0.00451004,9625.599999999988,0.0,0
0.004512,9629.211999999983,0.0,0
0.00451402,9632.922000000002,0.0,0
0.004516,9636.479999999972,0.0,0
0.00451802,9640.158000000021,0.0,0
0.00452003,9643.66600000002,0.0,0
0.00452204,9647.16400000001,0.0,0
0.00452402,9650.560000000005,0.0,0
0.00452603,9653.971999999972,0.0,0
0.00452804,9657.339999999993,0.0,0
0.00453001,9660.550000000016,0.0,0
0.00453202,9663.796000000002,0.0,0
0.00453404,9666.977999999994,0.0,0
0.00453601,9669.981999999973,0.0,0
0.00453801,9672.988000000008,0.0,0
0.00454002,9675.936000000022,0.0,0
0.00454203,9678.78399999998,0.0,0
0.00454401,9681.539999999988,0.0,0
0.00454602,9684.318000000016,0.0,0
0.00454804,9686.905999999972,0.0,0
0.00455001,9689.398000000036,0.0,0
0.00455204,9691.843999999977,0.0,0
0.00455404,9694.237999999988,0.0,0
0.00455602,9696.433999999992,0.0,0
0.00455802,9698.620000000008,0.0,0
0.00456001,9700.642000000023,0.0,0
0.00456204,9702.630000000001,0.0,0
0.00456402,9704.421999999993,0.0,0
0.00456601,9706.202000000012,0.0,0
0.00456801,9707.779999999999,0.0,0
0.00457001,9709.360000000006,0.0,0
0.00457202,9710.740000000002,0.0,0
0.00457402,9712.003999999983,0.0,0
0.00457601,9713.181999999995,0.0,0
0.00457802,9714.272,0.0,0
0.00458003,9715.196000000009,0.0,0
0.00458203,9715.99800000001,0.0,0
0.00458402,9716.655999999966,0.0,0
0.00458602,9717.27800000001,0.0,0
0.00458803,9717.634000000024,0.0,0
0.00459001,9717.92199999997,0.0,0
0.004592,9718.117999999995,0.0,0
0.00459401,9718.126000000022,0.0,0
0.00459601,9718.02000000002,0.0,0
0.00459802,9717.760000000006,0.0,0
0.00460001,9717.282000000014,0.0,0
0.004602,9716.739999999994,0.0,0
0.00460402,9715.93800000001,0.0,0
0.00460603,9714.97799999999,0.0,0
0.00460803,9713.821999999982,0.0,0
0.00461,9712.580000000005,0.0,0
0.00461201,9711.099999999988,0.0,0
0.00461402,9709.478000000003,0.0,0
0.00461602,9707.65600000001,0.0,0
0.004618,9705.664000000006,0.0,0
0.00462001,9703.55800000001,0.0,0
0.004622,9701.229999999992,0.0,0
0.00462402,9698.741999999995,0.0,0
0.00462601,9696.158000000007,0.0,0
0.00462803,9693.293999999973,0.0,0
0.00463001,9690.32399999999,0.0,0
0.00463203,9687.16000000001,0.0,0
0.00463401,9683.899999999972,0.0,0
0.00463604,9680.383999999995,0.0,0
0.00463802,9676.820000000009,0.0,0
0.00464003,9673.020000000004,0.0,0
0.00464204,9669.055999999995,0.0,0
0.00464404,9664.932000000024,0.0,0
0.00464601,9660.722000000005,0.0,0
0.00464803,9656.181999999993,0.0,0
0.00465004,9651.579999999987,0.0,0
0.004652,9646.833999999995,0.0,0
0.00465403,9641.821999999996,0.0,0
0.00465604,9636.663999999995,0.0,0
0.00465804,9631.401999999991,0.0,0
0.00466003,9625.929999999997,0.0,0
0.00466203,9620.320000000003,0.0,0
0.00466402,9614.61799999999,0.0,0
0.00466603,9608.700000000004,0.0,0
0.00466801,9602.721999999996,0.0,0
0.00467003,9596.482000000013,0.0,0
0.00467202,9590.213999999978,0.0,0
0.00467404,9583.739999999993,0.0,0
0.00467603,9577.220000000025,0.0,0
0.00467804,9570.505999999961,0.0,0
0.00468003,9563.764000000032,0.0,0
0.00468203,9556.84800000003,0.0,0
0.00468401,9549.93399999999,0.0,0
0.00468603,9542.776,0.0,0
0.00468804,9535.57599999998,0.0,0
0.00469002,9528.397999999994,0.0,0
0.00469204,9520.93999999999,0.0,0
0.00469403,9513.57599999998,0.0,0
0.00469603,9506.07800000003,0.0,0
0.00469804,9498.436000000014,0.0,0
0.00470004,9490.783999999976,0.0,0
0.004702,9483.212,0.0,0
0.00470401,9475.397999999988,0.0,0
0.00470602,9467.57800000003,0.0,0
0.00470802,9459.721999999985,0.0,0
0.00471,9451.868,0.0,0
0.00471204,9443.804000000027,0.0,0
0.00471402,9435.933999999985,0.0,0
0.00471602,9427.867999999993,0.0,0
0.00471801,9419.917999999976,0.0,0
0.00472,9411.876,0.0,0
0.004722,9403.836000000012,0.0,0
0.004724,9395.738000000005,0.0,0
0.00472604,9387.546000000015,0.0,0
0.00472801,9379.590000000018,0.0,0
0.00473001,9371.44800000002,0.0,0
0.00473201,9363.370000000004,0.0,0
0.00473403,9355.200000000012,0.0,0
0.00473602,9347.228000000008,0.0,0
0.00473804,9339.07400000002,0.0,0
0.00474004,9331.050000000016,0.0,0
0.00474202,9323.108000000013,0.0,0
0.00474404,9315.06800000001,0.0,0
0.00474603,9307.107999999998,0.0,0
0.00474801,9299.273999999992,0.0,0
0.00475002,9291.362,0.0,0
0.00475201,9283.510000000022,0.0,0
0.00475404,9275.564000000008,0.0,0
0.00475601,9267.926000000018,0.0,0
0.00475804,9260.092000000008,0.0,0
0.00476002,9252.522000000014,0.0,0
0.004762,9244.95799999999,0.0,0
0.00476403,9237.266000000003,0.0,0
0.004766,9229.834000000013,0.0,0
0.00476803,9222.314000000026,0.0,0
0.00477004,9214.903999999988,0.0,0
0.00477203,9207.579999999985,0.0,0
0.00477402,9200.340000000026,0.0,0
0.00477603,9193.125999999993,0.0,0
0.00477804,9185.956000000011,0.0,0
0.00478004,9178.908000000027,0.0,0
0.00478203,9171.950000000012,0.0,0
0.00478401,9165.12399999999,0.0,0
0.00478603,9158.207999999993,0.0,0
0.00478802,9151.50800000002,0.0,0
0.00479002,9144.81999999998,0.0,0
0.00479204,9138.208000000008,0.0,0
0.00479401,9131.815999999992,0.0,0
0.00479601,9125.407999999992,0.0,0
0.00479802,9119.020000000015,0.0,0
0.00480002,9112.761999999997,0.0,0
0.00480202,9106.621999999978,0.0,0
0.00480403,9100.516000000005,0.0,0
0.00480602,9094.588000000023,0.0,0
0.004808,9088.726999999975,0.0,0
0.00481004,9082.851999999997,0.0,0
0.004812,9077.240000000013,0.0,0
0.00481401,9071.631999999992,0.0,0
0.00481602,9066.067999999992,0.0,0
0.00481801,9060.704000000007,0.0,0
0.00482003,9055.324,0.0,0
0.00482201,9050.15199999997,0.0,0
0.00482402,9044.994,0.0,0
0.00482604,9039.921999999999,0.0,0
0.00482804,9034.985999999999,0.0,0
0.00483004,9030.134000000002,0.0,0
0.00483204,9025.403999999993,0.0,0
0.00483402,9020.816000000019,0.0,0
0.00483604,9016.226000000019,0.0,0
0.00483804,9011.759999999993,0.0,0
0.00484003,9007.441999999994,0.0,0
0.00484204,9003.171999999979,0.0,0
0.00484402,8999.037999999991,0.0,0
0.004846,8995.038000000008,0.0,0
0.00484802,8991.027999999995,0.0,0
0.00485003,8987.128000000013,0.0,0
0.00485203,8983.364000000012,0.0,0
0.00485401,8979.72400000001,0.0,0
0.00485601,8976.150000000005,0.0,0
0.00485804,8972.573999999997,0.0,0
0.00486001,8969.223999999987,0.0,0
0.004862,8965.934000000014,0.0,0
0.00486404,8962.657999999985,0.0,0
0.00486602,8959.557999999997,0.0,0
0.00486802,8956.50800000001,0.0,0
0.00487001,8953.582000000017,0.0,0
0.00487204,8950.70400000001,0.0,0
0.004874,8947.969999999983,0.0,0
0.00487603,8945.26000000001,0.0,0
0.00487802,8942.640000000012,0.0,0
0.00488003,8940.14,0.0,0
0.00488201,8937.717999999979,0.0,0
0.00488402,8935.372000000003,0.0,0
0.00488604,8933.08,0.0,0
0.00488804,8930.876,0.0,0
0.00489001,8928.796000000024,0.0,0
0.00489203,8926.737999999985,0.0,0
0.004894,8924.799999999996,0.0,0
0.00489602,8922.925999999981,0.0,0
0.00489803,8921.08200000002,0.0,0
0.00490001,8919.379999999992,0.0,0
0.00490202,8917.700000000035,0.0,0
0.00490402,8916.123999999996,0.0,0
0.00490604,8914.554000000006,0.0,0
0.00490803,8913.101999999995,0.0,0
0.00491004,8911.708000000024,0.0,0
0.00491204,8910.36599999997,0.0,0
0.00491404,8909.116,0.0,0
0.00491604,8907.884000000011,0.0,0
0.00491804,8906.748999999982,0.0,0
0.00492004,8905.653999999995,0.0,0
0.00492203,8904.608000000035,0.0,0
0.00492403,8903.634000000002,0.0,0
0.00492601,8902.731999999976,0.0,0
0.00492802,8901.841999999977,0.0,0
0.00493004,8901.015999999985,0.0,0
0.00493201,8900.248000000003,0.0,0
0.00493403,8899.515999999996,0.0,0
0.00493602,8898.81999999999,0.0,0
0.004938,8898.18999999999,0.0,0
0.00494001,8897.611999999986,0.0,0
0.00494202,8897.035999999987,0.0,0
0.00494403,8896.531999999992,0.0,0
0.004946,8896.06199999999,0.0,0
0.00494801,8895.623999999998,0.0,0
0.00495001,8895.198000000008,0.0,0
0.00495202,8894.814000000013,0.0,0
0.00495401,8894.473999999997,0.0,0
0.00495603,8894.185999999992,0.0,0
0.00495804,8893.857999999978,0.0,0
0.00496004,8893.603999999967,0.0,0
0.004962,8893.399999999976,0.0,0
0.00496403,8893.14799999999,0.0,0
0.00496601,8892.955999999993,0.0,0
0.00496804,8892.808000000006,0.0,0
0.00497002,8892.654000000022,0.0,0
0.00497202,8892.530000000022,0.0,0
0.00497403,8892.41600000002,0.0,0
0.00497601,8892.302,0.0,0
0.00497802,8892.188000000002,0.0,0
0.00498003,8892.108000000004,0.0,0
0.00498201,8892.022000000003,0.0,0
0.00498402,8891.982,0.0,0
0.00498604,8891.914000000006,0.0,0
0.00498801,8891.854000000028,0.0,0
0.00499002,8891.800000000028,0.0,0
0.00499201,8891.760000000018,0.0,0
0.00499402,8891.711999999996,0.0,0
0.00499602,8891.66599999998,0.0,0
0.00499803,8891.598000000004,0.0,0
0.00500004,8891.532000000008,0.0,0
0.00500204,8891.496000000012,0.0,0
0.005004,8891.424000000005,0.0,0
0.00500604,8891.361999999981,0.0,0
0.005008,8891.264,0.0,0
0.00501001,8891.196000000009,0.0,0
0.00501202,8891.06999999999,0.0,0
0.00501402,8890.965999999997,0.0,0
0.00501602,8890.847999999994,0.0,0
0.00501801,8890.717999999993,0.0,0
0.00502004,8890.55600000001,0.0,0
0.00502201,8890.394000000004,0.0,0
0.00502402,8890.22600000001,0.0,0
0.00502602,8889.997999999996,0.0,0
0.00502803,8889.81199999998,0.0,0
0.00503003,8889.55200000003,0.0,0
0.00503202,8889.329999999985,0.0,0
0.00503402,8889.017999999993,0.0,0
0.00503603,8888.726000000006,0.0,0
0.00503804,8888.43000000001,0.0,0
0.00504003,8888.078000000038,0.0,0
0.00504202,8887.746000000014,0.0,0
0.00504403,8887.356000000038,0.0,0
0.00504604,8886.938000000007,0.0,0
0.00504801,8886.538000000008,0.0,0
0.00505003,8886.079999999982,0.0,0
0.00505201,8885.603999999994,0.0,0
0.00505404,8885.120000000004,0.0,0
0.00505602,8884.628,0.0,0
0.005058,8884.073999999984,0.0,0
0.00506,8883.516000000005,0.0,0
0.00506204,8882.941999999995,0.0,0
0.00506403,8882.322000000011,0.0,0
0.00506601,8881.71399999999,0.0,0
0.00506804,8881.037999999993,0.0,0
0.00507001,8880.364000000021,0.0,0
0.00507201,8879.708000000011,0.0,0
0.00507403,8878.972000000002,0.0,0
0.00507603,8878.232000000005,0.0,0
0.00507803,8877.507999999998,0.0,0
0.00508002,8876.718000000019,0.0,0
0.00508202,8875.923999999994,0.0,0
0.00508402,8875.11600000001,0.0,0
0.00508601,8874.29799999999,0.0,0
0.00508803,8873.458000000008,0.0,0
0.00509003,8872.599999999999,0.0,0
0.00509202,8871.695999999987,0.0,0
0.00509403,8870.845999999992,0.0,0
0.00509603,8869.937999999998,0.0,0
0.00509804,8869.036000000002,0.0,0
0.0051,8868.112000000001,0.0,0
0.00510201,8867.164000000017,0.0,0
0.00510401,8866.236000000003,0.0,0
0.00510601,8865.307999999979,0.0,0
0.00510803,8864.347999999993,0.0,0
0.00511002,8863.39599999999,0.0,0
0.005112,8862.406000000015,0.0,0
0.00511403,8861.453,0.0,0
0.005116,8860.514000000012,0.0,0
0.00511801,8859.540000000012,0.0,0
0.00512002,8858.55600000002,0.0,0
0.00512201,8857.595999999978,0.0,0
0.00512403,8856.62599999999,0.0,0
0.00512604,8855.69999999998,0.0,0
0.00512801,8854.764000000006,0.0,0
0.00513003,8853.804000000006,0.0,0
0.00513203,8852.926000000014,0.0,0
0.00513401,8852.014000000025,0.0,0
0.00513601,8851.135999999991,0.0,0
0.00513801,8850.244000000004,0.0,0
0.00514004,8849.362,0.0,0
0.00514202,8848.536000000024,0.0,0
0.005144,8847.707999999999,0.0,0
0.00514602,8846.905999999984,0.0,0
0.00514804,8846.142,0.0,0
0.00515002,8845.363999999985,0.0,0
0.00515201,8844.700000000026,0.0,0
0.00515403,8843.988000000005,0.0,0
0.005156,8843.330000000013,0.0,0
0.00515803,8842.712,0.0,0
0.00516001,8842.15600000002,0.0,0
0.00516204,8841.584000000017,0.0,0
0.00516404,8841.101999999995,0.0,0
0.00516602,8840.635999999991,0.0,0
0.00516803,8840.194000000003,0.0,0
0.00517001,8839.839999999997,0.0,0
0.005172,8839.529999999982,0.0,0
0.00517403,8839.242000000007,0.0,0
0.00517604,8839.023999999998,0.0,0
0.00517802,8838.88600000002,0.0,0
0.00518001,8838.782000000014,0.0,0
0.005182,8838.72199999999,0.0,0
0.005184,8838.72000000002,0.0,0
0.00518602,8838.853999999998,0.0,0
0.00518803,8839.008000000002,0.0,0
0.00519003,8839.195999999984,0.0,0
0.00519201,8839.486000000015,0.0,0
0.00519402,8839.862000000021,0.0,0
0.00519601,8840.279999999993,0.0,0
0.00519802,8840.799999999983,0.0,0
0.00520002,8841.394000000008,0.0,0
0.00520201,8842.093999999974,0.0,0
0.005204,8842.855999999992,0.0,0
0.00520602,8843.713999999993,0.0,0
0.00520803,8844.650000000005,0.0,0
0.00521002,8845.674000000019,0.0,0
0.00521202,8846.83000000001,0.0,0
0.00521404,8848.05399999999,0.0,0
0.00521603,8849.363999999983,0.0,0
0.00521801,8850.791999999998,0.0,0
0.00522003,8852.31,0.0,0
0.00522203,8853.975999999997,0.0,0
0.00522402,8855.708000000026,0.0,0
0.00522602,8857.576000000003,0.0,0
0.00522802,8859.532000000014,0.0,0
0.00523001,8861.591999999995,0.0,0
0.00523201,8863.821999999996,0.0,0
0.00523401,8866.135999999991,0.0,0
0.00523601,8868.531999999997,0.0,0
0.00523802,8871.149999999996,0.0,0
0.00524,8873.815999999993,0.0,0
0.00524204,8876.682000000004,0.0,0
0.00524401,8879.583999999995,0.0,0
0.00524604,8882.733999999984,0.0,0
0.00524802,8885.898000000005,0.0,0
0.00525002,8889.263999999996,0.0,0
0.00525201,8892.735999999972,0.0,0
0.00525402,8896.39,0.0,0
0.00525603,8900.16600000003,0.0,0
0.00525802,8904.065999999999,0.0,0
0.00526002,8908.138000000024,0.0,0
0.00526201,8912.319999999998,0.0,0
0.00526401,8916.66199999999,0.0,0
0.005266,8921.128000000012,0.0,0
0.00526803,8925.893999999993,0.0,0
0.00527002,8930.685999999982,0.0,0
0.00527203,8935.635999999999,0.0,0
0.00527401,8940.700000000019,0.0,0
0.005276,8945.948000000022,0.0,0
0.00527802,8951.433999999985,0.0,0
0.00528002,8957.000000000002,0.0,0
0.005282,8962.710000000008,0.0,0
0.00528404,8968.703999999969,0.0,0
0.00528603,8974.725999999995,0.0,0
0.00528803,8980.981999999989,0.0,0
0.00529001,8987.278000000006,0.0,0
0.005292,8993.820000000009,0.0,0
0.00529402,9000.55999999999,0.0,0
0.00529601,9007.380000000028,0.0,0
0.00529803,9014.492000000017,0.0,0
0.00530004,9021.740000000014,0.0,0
0.00530203,9029.091999999995,0.0,0
0.00530402,9036.571999999987,0.0,0
0.00530601,9044.226000000008,0.0,0
0.00530801,9052.115999999978,0.0,0
0.00531001,9060.088000000014,0.0,0
0.00531201,9068.238000000025,0.0,0
0.00531404,9076.72800000001,0.0,0
0.00531603,9085.237999999998,0.0,0
0.00531803,9093.803999999995,0.0,0
0.00532001,9102.557999999972,0.0,0
0.00532202,9111.631999999989,0.0,0
0.00532403,9120.829999999974,0.0,0
0.00532603,9130.114000000023,0.0,0
0.00532802,9139.527999999986,0.0,0
0.00533002,9149.171999999986,0.0,0
0.00533201,9158.922,0.0,0
0.00533401,9168.845999999967,0.0,0
0.005336,9178.915999999994,0.0,0
0.00533804,9189.339999999993,0.0,0
0.00534003,9199.708000000015,0.0,0
0.00534203,9210.216000000011,0.0,0
0.00534403,9220.87799999998,0.0,0
0.00534603,9231.756000000016,0.0,0
0.00534803,9242.730999999978,0.0,0
0.00535001,9253.76100000003,0.0,0
0.00535201,9265.03000000002,0.0,0
0.005354,9276.400000000007,0.0,0
0.00535604,9288.148000000028,0.0,0
0.00535804,9299.84,0.0,0
0.00536002,9311.553999999986,0.0,0
0.00536203,9323.584000000003,0.0,0
0.00536404,9335.675999999996,0.0,0
0.00536601,9347.714000000009,0.0,0
0.00536802,9360.084000000004,0.0,0
0.00537004,9372.687999999986,0.0,0
0.00537202,9385.161999999995,0.0,0
0.005374,9397.714000000013,0.0,0
0.00537603,9410.753999999975,0.0,0
0.00537802,9423.602000000006,0.0,0
0.00538002,9436.622000000001,0.0,0
0.00538203,9449.843999999996,0.0,0
0.00538403,9463.02799999997,0.0,0
0.005386,9476.191999999997,0.0,0
0.00538802,9489.66200000001,0.0,0
0.00539001,9503.185999999994,0.0,0
0.005392,9516.706000000026,0.0,0
0.00539402,9530.534000000003,0.0,0
0.00539603,9544.333999999988,0.0,0
0.00539801,9558.008000000013,0.0,0
0.00540004,9572.084,0.0,0
0.00540201,9585.822000000004,0.0,0
0.00540402,9599.838000000005,0.0,0
0.00540603,9613.695999999987,0.0,0
0.005408,9625.66999999997,0.0,0
0.00541001,9637.341999999982,0.0,0
0.00541201,9649.023999999996,0.0,0
0.005414,9660.70799999999,0.0,0
0.00541604,9672.741999999987,0.0,0
0.00541802,9684.44799999999,0.0,0
0.00542003,9696.440000000033,0.0,0
0.00542202,9708.297000000019,0.0,0
0.00542402,9720.320000000005,0.0,0
0.005426,9732.279999999986,0.0,0
0.00542804,9744.639999999992,0.0,0
0.00543004,9756.800000000001,0.0,0
0.00543204,9769.05800000003,0.0,0
0.00543401,9781.169999999987,0.0,0
0.005436,9793.452000000007,0.0,0
0.00543804,9806.04199999998,0.0,0
0.00544001,9818.30000000002,0.0,0
0.00544202,9830.877999999993,0.0,0
0.00544401,9843.35800000001,0.0,0
0.00544601,9855.874000000038,0.0,0
0.00544802,9868.543999999994,0.0,0
0.00545002,9881.233999999995,0.0,0
0.00545204,9894.019999999982,0.0,0
0.00545403,9906.680000000022,0.0,0
0.00545603,9919.48399999999,0.0,0
0.00545804,9932.277999999991,0.0,0
0.00546001,9944.922000000013,0.0,0
0.00546204,9957.89599999999,0.0,0
0.00546402,9970.598000000016,0.0,0
0.00546603,9983.51800000001,0.0,0
0.00546802,9996.22000000001,0.0,0
0.00547001,10008.900000000009,0.0,0
0.00547204,10021.759999999986,0.0,0
0.00547401,10034.172999999992,0.0,0
0.00547601,10045.53799999999,0.0,0
0.00547804,10056.060000000018,0.0,0
0.00548004,10066.338000000043,0.0,0
0.00548201,10076.480000000003,0.0,0
0.00548404,10086.956000000007,0.0,0
0.00548604,10097.155999999995,0.0,0
0.00548802,10107.324000000035,0.0,0
0.00549004,10117.636000000008,0.0,0
0.00549201,10127.740000000005,0.0,0
0.00549401,10137.919999999995,0.0,0
0.00549602,10148.159999999993,0.0,0
0.00549803,10158.439999999995,0.0,0
0.00550001,10168.481999999995,0.0,0
0.00550203,10178.721999999983,0.0,0
0.00550402,10188.80000000003,0.0,0
0.00550604,10199.039999999999,0.0,0
0.005508,10208.922000000019,0.0,0
0.00551001,10218.977999999976,0.0,0
0.005512,10229.056000000031,0.0,0
0.00551403,10239.209999999988,0.0,0
0.00551604,10249.28000000001,0.0,0
0.00551801,10259.135999999997,0.0,0
0.00552002,10269.120000000015,0.0,0
0.00552202,10278.996000000021,0.0,0
0.00552401,10288.899999999992,0.0,0
0.00552604,10298.820000000027,0.0,0
0.00552802,10308.561999999998,0.0,0
0.00553,10318.241999999973,0.0,0
0.00553203,10328.161999999986,0.0,0
0.00553403,10337.834000000024,0.0,0
0.00553601,10347.323999999975,0.0,0
0.00553803,10357.022000000006,0.0,0
0.00554004,10366.561999999978,0.0,0
0.00554201,10375.901999999971,0.0,0
0.00554401,10385.291999999976,0.0,0
0.00554603,10394.686000000014,0.0,0
0.00554802,10403.938000000006,0.0,0
0.00555003,10413.18000000002,0.0,0
0.00555203,10422.258000000013,0.0,0
0.00555402,10431.261999999993,0.0,0
0.00555603,10440.222000000016,0.0,0
0.00555804,10449.104000000007,0.0,0
0.00556002,10457.758,0.0,0
0.00556203,10466.499999999982,0.0,0
0.00556401,10474.96400000001,0.0,0
0.00556603,10483.460000000041,0.0,0
0.00556802,10491.84000000003,0.0,0
0.00557002,10500.018000000016,0.0,0
0.00557201,10508.104000000043,0.0,0
0.00557403,10516.160000000007,0.0,0
0.00557603,10523.997999999978,0.0,0
0.00557803,10531.741999999995,0.0,0
0.00558004,10539.361999999985,0.0,0
0.00558203,10546.843000000017,0.0,0
0.00558401,10554.119999999997,0.0,0
0.00558602,10561.355999999994,0.0,0
0.00558802,10568.417999999992,0.0,0
0.00559004,10575.359999999999,0.0,0
0.00559202,10582.047999999997,0.0,0
0.00559403,10588.638000000008,0.0,0
0.00559601,10595.04200000002,0.0,0
0.00559803,10601.377999999973,0.0,0
0.00560003,10607.458000000002,0.0,0
0.00560203,10613.380000000026,0.0,0
0.00560403,10619.139999999992,0.0,0
0.005606,10624.678000000002,0.0,0
0.00560801,10630.150000000005,0.0,0
0.00561003,10635.395999999988,0.0,0
0.00561201,10640.478,0.0,0
0.00561403,10645.328000000032,0.0,0
0.005616,10649.98,0.0,0
0.00561801,10654.49799999997,0.0,0
0.00562001,10658.782000000014,0.0,0
0.00562202,10662.94200000003,0.0,0
0.00562403,10666.875999999977,0.0,0
0.00562602,10670.561999999984,0.0,0
0.00562803,10674.097999999967,0.0,0
0.00563003,10677.43599999998,0.0,0
0.00563202,10680.529999999984,0.0,0
0.00563402,10683.460000000014,0.0,0
0.00563604,10686.17799999999,0.0,0
0.005638,10688.639999999981,0.0,0
0.00564001,10690.944,0.0,0
0.00564203,10693.060000000018,0.0,0
0.00564402,10694.942999999988,0.0,0
0.00564603,10696.639999999994,0.0,0
0.005648,10698.101999999988,0.0,0
0.00565001,10699.361999999988,0.0,0
0.00565201,10700.419999999995,0.0,0
0.00565401,10701.262000000032,0.0,0
0.00565603,10701.858000000011,0.0,0
0.00565803,10702.301999999967,0.0,0
0.00566,10702.498000000023,0.0,0
0.00566201,10702.469999999988,0.0,0
0.00566404,10702.298000000008,0.0,0
0.00566604,10701.918000000018,0.0,0
0.00566802,10701.242000000017,0.0,0
0.00567003,10700.41600000001,0.0,0
0.00567203,10699.358000000007,0.0,0
0.005674,10698.09800000001,0.0,0
0.005676,10696.57999999998,0.0,0
0.00567804,10694.878000000042,0.0,0
0.00568004,10692.98600000002,0.0,0
0.00568201,10690.819999999996,0.0,0
0.00568401,10688.441999999975,0.0,0
0.00568604,10685.803999999971,0.0,0
0.005688,10683.037999999973,0.0,0
0.00569002,10679.87599999996,0.0,0
0.00569202,10676.637999999997,0.0,0
0.00569404,10673.023999999985,0.0,0
0.00569604,10669.232000000029,0.0,0
0.00569804,10665.165999999981,0.0,0
0.00570001,10660.847999999998,0.0,0
0.00570204,10656.103999999976,0.0,0
0.005704,10651.321999999998,0.0,0
0.00570601,10646.087999999982,0.0,0
0.00570802,10640.582000000022,0.0,0
0.00571002,10634.879999999992,0.0,0
0.00571201,10628.907999999994,0.0,0
0.00571402,10622.63399999999,0.0,0
0.00571601,10616.22599999996,0.0,0
0.00571804,10609.339999999978,0.0,0
0.00572003,10602.399999999961,0.0,0
0.00572202,10595.244000000004,0.0,0
0.00572402,10587.839999999986,0.0,0
0.00572604,10580.040000000023,0.0,0
0.00572804,10572.159999999985,0.0,0
0.00573004,10564.002000000015,0.0,0
0.005732,10555.84,0.0,0
0.00573401,10547.262000000013,0.0,0
0.00573601,10538.528000000006,0.0,0
0.005738,10529.603999999985,0.0,0
0.00574,10520.478000000023,0.0,0
0.00574201,10511.137999999979,0.0,0
0.005744,10501.696000000045,0.0,0
0.00574601,10491.998000000021,0.0,0
0.00574802,10482.018000000013,0.0,0
0.00575002,10472.034000000021,0.0,0
0.00575202,10461.824000000017,0.0,0
0.005754,10451.592999999986,0.0,0
0.00575602,10441.05400000001,0.0,0
0.00575802,10430.403999999979,0.0,0
0.00576002,10419.621999999994,0.0,0
0.00576204,10408.658000000007,0.0,0
0.00576402,10397.720000000018,0.0,0
0.00576602,10386.580000000002,0.0,0
0.00576802,10375.26200000001,0.0,0
0.00577001,10363.94199999999,0.0,0
0.00577202,10352.33399999999,0.0,0
0.00577402,10340.709999999974,0.0,0
0.00577602,10328.963000000002,0.0,0
0.00577801,10317.234000000004,0.0,0
0.00578002,10305.240000000018,0.0,0
0.005782,10293.346000000016,0.0,0
0.00578401,10281.18200000003,0.0,0
0.00578603,10268.89799999999,0.0,0
0.00578802,10256.711999999974,0.0,0
0.00579002,10244.321999999996,0.0,0
0.00579201,10231.981999999993,0.0,0
0.00579404,10219.259999999971,0.0,0
0.00579603,10206.768000000015,0.0,0
0.00579802,10194.183000000021,0.0,0
0.00580003,10181.5,0.0,0
0.00580202,10168.737999999994,0.0,0
0.00580404,10155.77999999999,0.0,0
0.005806,10143.157999999981,0.0,0
0.00580802,10130.146000000006,0.0,0
0.00581001,10117.229999999989,0.0,0
0.00581203,10103.999999999978,0.0,0
0.005814,10091.16799999999,0.0,0
0.005816,10078.029999999988,0.0,0
0.00581801,10064.801999999989,0.0,0
0.00582003,10051.48200000001,0.0,0
0.00582202,10038.347999999994,0.0,0
0.00582402,10024.960000000017,0.0,0
0.00582603,10011.556000000013,0.0,0
0.00582802,9998.297999999997,0.0,0
0.00583003,9984.838000000032,0.0,0
0.00583201,9971.459999999966,0.0,0
0.00583403,9957.849999999993,0.0,0
0.00583602,9944.38800000003,0.0,0
0.00583801,9930.93999999997,0.0,0
0.00584002,9917.25600000001,0.0,0
0.00584203,9903.590000000004,0.0,0
0.00584401,9890.006,0.0,0
0.00584604,9876.17599999999,0.0,0
0.00584803,9862.463999999993,0.0,0
0.00585,9848.94599999998,0.0,0
0.00585202,9835.004000000006,0.0,0
0.00585402,9821.180000000022,0.0,0
0.005856,9807.41,0.0,0
0.005858,9793.533999999981,0.0,0
0.00586,9779.580000000024,0.0,0
0.005862,9765.60499999999,0.0,0
0.00586403,9751.372999999987,0.0,0
0.00586604,9737.280000000006,0.0,0
0.00586801,9723.41800000003,0.0,0
0.00587001,9709.228,0.0,0
0.00587203,9694.975999999982,0.0,0
0.00587403,9680.798000000004,0.0,0
0.00587604,9666.471999999998,0.0,0
0.00587804,9652.258000000003,0.0,0
0.00588003,9637.982000000015,0.0,0
0.005882,9623.80000000001,0.0,0
0.00588404,9609.121999999985,0.0,0
0.00588604,9594.640000000003,0.0,0
0.00588802,9580.403999999999,0.0,0
0.00589002,9565.824000000028,0.0,0
0.00589201,9551.31300000003,0.0,0
0.00589401,9536.699999999995,0.0,0
0.00589604,9521.821999999998,0.0,0
0.00589803,9507.252000000004,0.0,0
0.00590002,9492.582,0.0,0
0.00590203,9477.662000000004,0.0,0
0.00590402,9462.922000000002,0.0,0
0.00590601,9448.12399999999,0.0,0
0.00590801,9433.219999999974,0.0,0
0.00591003,9418.081999999993,0.0,0
0.00591203,9403.003000000026,0.0,0
0.00591403,9388.058000000021,0.0,0
0.00591604,9372.85999999998,0.0,0
0.00591801,9357.913999999988,0.0,0
0.00592004,9342.459999999995,0.0,0
0.00592202,9327.358000000035,0.0,0
0.00592403,9311.998999999993,0.0,0
0.00592602,9296.73800000003,0.0,0
0.00592801,9281.38199999999,0.0,0
0.00593004,9265.758000000016,0.0,0
0.005932,9250.559999999992,0.0,0
0.00593404,9234.722000000009,0.0,0
0.00593601,9219.417999999996,0.0,0
0.00593803,9203.73800000001,0.0,0
0.00594003,9188.01799999999,0.0,0
0.00594204,9172.304000000015,0.0,0
0.00594404,9156.578,0.0,0
0.00594603,9140.898000000014,0.0,0
0.00594803,9125.082000000008,0.0,0
0.00595002,9109.360000000015,0.0,0
0.00595202,9093.450000000013,0.0,0
0.005954,9077.636999999979,0.0,0
0.00595603,9061.460000000015,0.0,0
0.00595803,9045.537999999993,0.0,0
0.00596004,9029.439999999986,0.0,0
0.00596202,9013.557000000012,0.0,0
0.00596404,8997.293999999983,0.0,0
0.00596602,8981.379999999988,0.0,0
0.00596803,8965.158000000021,0.0,0
0.00597003,8949.022000000015,0.0,0
0.00597201,8932.971000000027,0.0,0
0.00597402,8916.761000000031,0.0,0
0.00597601,8900.523000000036,0.0,0
0.00597801,8884.382000000016,0.0,0
0.00598003,8867.93200000003,0.0,0
0.005982,8851.845999999987,0.0,0
0.00598404,8835.358000000004,0.0,0
0.00598601,8819.264000000006,0.0,0
0.00598801,8802.94399999997,0.0,0
0.00599004,8786.398000000001,0.0,0
0.00599203,8770.18,0.0,0
0.00599403,8753.820000000016,0.0,0
0.00599602,8737.610999999995,0.0,0
0.00599802,8721.283999999996,0.0,0
0.00600003,8704.875999999993,0.0,0
0.00600201,8688.737999999972,0.0,0
0.00600402,8672.380000000001,0.0,0
0.00600601,8656.161999999991,0.0,0
0.00600801,8639.841999999995,0.0,0
0.00601001,8623.615999999985,0.0,0
0.00601202,8607.282000000005,0.0,0
0.00601401,8591.044,0.0,0
0.00601604,8574.558000000006,0.0,0
0.00601804,8558.339999999984,0.0,0
0.00602004,8542.177999999982,0.0,0
0.006022,8526.301999999981,0.0,0
0.00602401,8510.11799999999,0.0,0
0.00602604,8493.764000000017,0.0,0
0.00602804,8477.661999999978,0.0,0
0.00603004,8461.601999999999,0.0,0
0.00603203,8445.74999999998,0.0,0
0.006034,8430.014999999972,0.0,0
0.006036,8414.074000000017,0.0,0
0.00603801,8398.073000000004,0.0,0
0.00604,8382.276000000013,0.0,0
0.00604203,8366.242000000022,0.0,0
0.00604404,8350.456999999986,0.0,0
0.00604601,8334.882000000034,0.0,0
0.00604803,8319.197999999997,0.0,0
0.00605002,8303.582000000002,0.0,0
0.00605202,8288.025999999993,0.0,0
0.00605402,8272.542000000012,0.0,0
0.00605602,8257.15999999998,0.0,0
0.00605801,8242.140000000009,0.0,0
0.00606004,8230.784,0.0,0
0.00606204,8219.601999999979,0.0,0
0.006064,8208.699999999999,0.0,0
0.006066,8197.500000000007,0.0,0
0.00606804,8186.201999999982,0.0,0
0.00607,8175.360000000002,0.0,0
0.00607203,8164.123999999968,0.0,0
0.00607401,8153.3360000000075,0.0,0
0.00607602,8142.242000000006,0.0,0
0.006078,8131.421999999989,0.0,0
0.00608003,8120.384000000014,0.0,0
0.00608202,8109.597999999997,0.0,0
0.006084,8098.870999999994,0.0,0
0.00608602,8088.060000000003,0.0,0
0.006088,8077.341999999991,0.0,0
0.00609004,8066.559999999986,0.0,0
0.00609202,8055.999999999994,0.0,0
0.00609401,8045.538000000011,0.0,0
0.00609601,8035.038000000032,0.0,0
0.00609803,8026.33799999999,0.0,0
0.00610003,8021.364000000002,0.0,0
0.00610204,8016.477999999996,0.0,0
0.006104,8011.677999999978,0.0,0
0.00610603,8006.818000000007,0.0,0
0.00610804,8002.021999999998,0.0,0
0.00611003,7997.282000000011,0.0,0
0.00611201,7992.639999999997,0.0,0
0.00611404,7987.899999999994,0.0,0
0.00611602,7983.268000000018,0.0,0
0.00611803,7978.718000000029,0.0,0
0.00612002,7974.182000000005,0.0,0
0.00612202,7969.688000000013,0.0,0
0.00612403,7965.183999999992,0.0,0
0.00612602,7960.798000000015,0.0,0
0.00612801,7956.442000000023,0.0,0
0.00613003,7952.054999999987,0.0,0
0.00613203,7947.741999999982,0.0,0
0.00613403,7943.426000000026,0.0,0
0.00613603,7939.20400000003,0.0,0
0.00613804,7935.040000000003,0.0,0
0.00614,7930.940000000023,0.0,0
0.00614203,7926.720000000003,0.0,0
0.00614402,7922.657999999977,0.0,0
0.00614604,7918.561999999999,0.0,0
0.006148,7914.597999999991,0.0,0
0.00615,7910.571999999967,0.0,0
0.00615203,7906.674000000023,0.0,0
0.00615402,7902.757999999997,0.0,0
0.006156,7898.918000000004,0.0,0
0.006158,7895.039999999996,0.0,0
0.00616002,7891.2000000000035,0.0,0
0.00616202,7887.4340000000075,0.0,0
0.00616404,7883.622,0.0,0
0.00616601,7879.999999999976,0.0,0
0.00616802,7876.279999999981,0.0,0
0.00617003,7872.596000000009,0.0,0
0.00617203,7869.021999999973,0.0,0
0.00617404,7865.438000000009,0.0,0
0.00617602,7861.8580000000065,0.0,0
0.00617802,7858.36,0.0,0
0.00618002,7854.878000000023,0.0,0
0.00618203,7851.361999999979,0.0,0
0.00618404,7847.939999999986,0.0,0
0.00618602,7844.599999999981,0.0,0
0.00618803,7841.220000000005,0.0,0
0.00619003,7837.91800000001,0.0,0
0.00619202,7834.562000000004,0.0,0
0.00619401,7831.355999999985,0.0,0
0.00619602,7828.061999999993,0.0,0
0.00619801,7824.8959999999815,0.0,0
0.00620001,7821.699999999999,0.0,0
0.00620201,7818.4979999999905,0.0,0
0.00620401,7815.364000000016,0.0,0
0.00620601,7812.3180000000275,0.0,0
0.00620804,7809.1330000000125,0.0,0
0.00621003,7806.139999999992,0.0,0
0.00621201,7803.102000000001,0.0,0
0.00621403,7800.059999999999,0.0,0
0.006216,7797.157999999986,0.0,0
0.00621801,7794.236000000014,0.0,0
0.00622003,7791.202000000012,0.0,0
0.00622203,7788.322000000012,0.0,0
0.00622401,7785.501999999977,0.0,0
0.006226,7782.660000000008,0.0,0
0.00622803,7779.779999999976,0.0,0
0.00623002,7777.0200000000095,0.0,0
0.00623201,7774.23799999998,0.0,0
0.00623402,7771.4219999999905,0.0,0
0.00623603,7768.700000000026,0.0,0
0.00623804,7765.97400000001,0.0,0
0.00624001,7763.333999999992,0.0,0
0.00624201,7760.682999999979,0.0,0
0.00624402,7758.0180000000155,0.0,0
0.006246,7755.422000000009,0.0,0
0.00624804,7752.737999999995,0.0,0
0.00625,7750.200000000028,0.0,0
0.00625204,7747.617999999984,0.0,0
0.00625404,7745.024000000014,0.0,0
0.00625601,7742.55799999999,0.0,0
0.006258,7740.026000000012,0.0,0
0.00626004,7737.539999999985,0.0,0
0.00626201,7735.104000000027,0.0,0
0.00626401,7732.637999999989,0.0,0
0.00626604,7730.166000000001,0.0,0
0.00626802,7727.790000000005,0.0,0
0.00627001,7725.380000000009,0.0,0
0.00627202,7723.003000000013,0.0,0
0.00627403,7720.620000000015,0.0,0
0.00627602,7718.301999999979,0.0,0
0.00627802,7715.90399999997,0.0,0
0.00628001,7713.599999999998,0.0,0
0.00628204,7711.296000000005,0.0,0
0.00628404,7708.958000000008,0.0,0
0.00628604,7706.6580000000195,0.0,0
0.00628804,7704.381000000025,0.0,0
0.00629004,7702.139999999992,0.0,0
0.00629204,7699.899999999999,0.0,0
0.00629402,7697.702000000023,0.0,0
0.00629602,7695.457999999996,0.0,0
0.00629803,7693.2530000000015,0.0,0
0.00630002,7691.041999999966,0.0,0
0.006302,7688.899999999985,0.0,0
0.006304,7686.71999999999,0.0,0
0.00630603,7684.568000000008,0.0,0
0.00630803,7682.34200000001,0.0,0
0.00631002,7680.260000000024,0.0,0
0.00631203,7678.079999999986,0.0,0
0.00631404,7675.953999999994,0.0,0
0.00631602,7673.821999999995,0.0,0
0.006318,7671.75300000001,0.0,0
0.00632,7669.6959999999945,0.0,0
0.00632201,7667.557999999997,0.0,0
0.00632403,7665.438,0.0,0
0.006326,7663.360000000011,0.0,0
0.006328,7661.341999999963,0.0,0
0.00633,7659.287999999973,0.0,0
0.006332,7657.180000000025,0.0,0
0.00633402,7655.129999999984,0.0,0
0.006336,7653.081999999977,0.0,0
0.00633801,7651.037999999987,0.0,0
0.00634002,7648.959999999969,0.0,0
0.00634202,7646.93799999997,0.0,0
0.006344,7644.919999999967,0.0,0
0.00634602,7642.877999999976,0.0,0
0.006348,7640.862000000012,0.0,0
0.00635,7638.866000000011,0.0,0
0.006352,7636.8600000000015,0.0,0
0.006354,7634.817999999987,0.0,0
0.00635601,7632.840000000013,0.0,0
0.00635802,7630.783999999999,0.0,0
0.00636001,7628.806999999991,0.0,0
0.00636201,7626.806000000027,0.0,0
0.00636402,7624.784000000007,0.0,0
0.00636602,7622.788999999987,0.0,0
0.00636803,7620.787999999979,0.0,0
0.00637003,7618.722000000005,0.0,0
0.00637201,7616.798000000016,0.0,0
0.00637403,7614.758000000026,0.0,0
0.00637602,7612.800000000016,0.0,0
0.00637804,7610.781999999984,0.0,0
0.00638002,7608.798000000004,0.0,0
0.00638203,7606.784000000007,0.0,0
0.00638403,7604.83400000003,0.0,0
0.00638601,7602.856999999996,0.0,0
0.006388,7600.858000000013,0.0,0
0.00639003,7598.817999999995,0.0,0
0.00639201,7596.873000000016,0.0,0
0.00639403,7594.8759999999775,0.0,0
0.006396,7592.86200000001,0.0,0
0.00639801,7590.8660000000245,0.0,0
0.00640004,7588.803999999975,0.0,0
0.00640204,7586.860000000005,0.0,0
0.00640402,7584.858000000012,0.0,0
0.00640604,7582.8180000000075,0.0,0
0.00640803,7580.87099999998,0.0,0
0.00641001,7578.848999999985,0.0,0
0.00641202,7576.888000000007,0.0,0
0.00641401,7574.8440000000055,0.0,0
0.00641601,7572.859999999991,0.0,0
0.006418,7570.842000000019,0.0,0
0.00642001,7568.833000000007,0.0,0
0.00642202,7566.79300000001,0.0,0
0.006424,7564.800000000005,0.0,0
0.00642601,7562.795000000011,0.0,0
0.00642801,7560.73799999999,0.0,0
0.00643002,7558.7199999999975,0.0,0
0.00643203,7556.707,0.0,0
0.00643402,7554.661999999976,0.0,0
0.00643604,7552.649000000028,0.0,0
0.00643801,7550.622000000006,0.0,0
0.00644004,7548.578000000001,0.0,0
0.00644203,7546.590999999996,0.0,0
0.00644403,7544.568000000016,0.0,0
0.00644602,7542.498000000006,0.0,0
0.00644801,7540.536000000018,0.0,0
0.00645003,7538.4020000000155,0.0,0
0.00645204,7536.417999999999,0.0,0
0.00645404,7534.399999999991,0.0,0
0.00645601,7532.3780000000015,0.0,0
0.00645803,7530.327999999989,0.0,0
0.00646003,7528.31600000002,0.0,0
0.00646204,7526.240000000001,0.0,0
0.006464,7524.224000000012,0.0,0
0.00646601,7522.191999999985,0.0,0
0.006468,7520.137000000018,0.0,0
0.00647004,7518.079999999991,0.0,0
0.00647202,7516.062000000012,0.0,0
0.006474,7514.057000000012,0.0,0
0.006476,7511.999999999975,0.0,0
0.00647801,7509.978000000001,0.0,0
0.00648,7507.965999999994,0.0,0
0.00648202,7505.887999999988,0.0,0
0.00648401,7503.842000000004,0.0,0
0.00648602,7501.887000000006,0.0,0
0.00648801,7499.827999999969,0.0,0
0.00649002,7497.811999999976,0.0,0
0.00649204,7495.739999999997,0.0,0
0.00649402,7493.760000000006,0.0,0
0.00649604,7491.742000000014,0.0,0
0.00649801,7489.760000000028,0.0,0
0.00650002,7487.739999999993,0.0,0
0.00650202,7485.758,0.0,0
0.00650402,7483.682000000003,0.0,0
0.00650603,7481.720000000006,0.0,0
0.006508,7479.778000000007,0.0,0
0.00651001,7477.7599999999975,0.0,0
0.00651201,7475.800000000001,0.0,0
0.00651404,7473.779000000011,0.0,0
0.00651603,7471.837999999965,0.0,0
0.00651801,7469.858000000023,0.0,0
0.00652,7467.9559999999865,0.0,0
0.00652204,7465.97999999998,0.0,0
0.00652403,7464.031999999979,0.0,0
0.00652601,7462.139999999992,0.0,0
0.00652803,7460.159999999985,0.0,0
0.00653004,7458.235999999983,0.0,0
0.00653204,7456.319999999981,0.0,0
0.00653403,7454.411999999981,0.0,0
0.00653602,7452.5399999999845,0.0,0
0.006538,7450.657999999989,0.0,0
0.00654001,7448.737999999992,0.0,0
0.00654204,7446.856999999986,0.0,0
0.00654403,7445.044000000001,0.0,0
0.00654604,7443.199999999996,0.0,0
0.00654801,7441.307999999993,0.0,0
0.00655002,7439.457999999991,0.0,0
0.00655202,7437.662000000001,0.0,0
0.00655404,7435.839999999991,0.0,0
0.00655604,7434.074000000004,0.0,0
0.00655804,7432.290000000006,0.0,0
0.00656002,7430.498000000018,0.0,0
0.00656203,7428.711000000005,0.0,0
0.00656401,7427.017000000017,0.0,0
0.00656604,7425.220000000017,0.0,0
0.00656802,7423.518000000029,0.0,0
0.00657004,7421.760000000034,0.0,0
0.00657201,7420.142999999986,0.0,0
0.00657403,7418.397999999987,0.0,0
0.00657603,7416.738000000004,0.0,0
0.00657801,7415.115000000002,0.0,0
0.00658003,7413.4400000000005,0.0,0
0.00658202,7411.792999999995,0.0,0
0.00658402,7410.180000000015,0.0,0
0.006586,7408.5549999999685,0.0,0
0.00658802,7406.977999999978,0.0,0
0.00659001,7405.395000000002,0.0,0
0.00659204,7403.834000000015,0.0,0
0.00659403,7402.299999999979,0.0,0
0.00659601,7400.799999999992,0.0,0
0.00659802,7399.235999999983,0.0,0
0.00660001,7397.740999999999,0.0,0
0.00660201,7396.225999999964,0.0,0
0.00660403,7394.7819999999965,0.0,0
0.00660602,7393.353000000025,0.0,0
0.00660801,7391.879999999991,0.0,0
0.00661003,7390.481999999987,0.0,0
0.00661203,7389.060000000008,0.0,0
0.00661401,7387.647999999993,0.0,0
0.006616,7386.274000000016,0.0,0
0.00661801,7384.9600000000055,0.0,0
0.00662002,7383.581999999996,0.0,0
0.00662202,7382.23599999998,0.0,0
0.00662401,7380.920000000017,0.0,0
0.00662602,7379.618000000006,0.0,0
0.00662804,7378.3090000000075,0.0,0
0.00663003,7377.0239999999985,0.0,0
0.00663204,7375.837999999993,0.0,0
0.00663403,7374.557999999996,0.0,0
0.00663604,7373.337999999996,0.0,0
0.00663801,7372.099999999999,0.0,0
0.00664001,7370.921000000017,0.0,0
0.006642,7369.760000000014,0.0,0
0.00664403,7368.580000000009,0.0,0
0.006646,7367.457999999984,0.0,0
0.00664801,7366.321000000037,0.0,0
0.00665003,7365.18000000001,0.0,0
0.00665204,7364.062000000016,0.0,0
0.00665401,7362.96300000001,0.0,0
0.00665601,7361.919999999998,0.0,0
0.00665802,7360.896000000011,0.0,0
0.00666002,7359.835999999992,0.0,0
0.006662,7358.782000000007,0.0,0
0.00666403,7357.759999999986,0.0,0
0.00666602,7356.740000000006,0.0,0
0.00666804,7355.741999999998,0.0,0
0.00667003,7354.779999999991,0.0,0
0.00667204,7353.808000000011,0.0,0
0.00667403,7352.802000000004,0.0,0
0.00667601,7351.937999999982,0.0,0
0.00667804,7350.979999999983,0.0,0
0.00668003,7350.067999999994,0.0,0
0.006682,7349.180000000016,0.0,0
0.00668401,7348.28399999998,0.0,0
0.00668602,7347.422,0.0,0
0.006688,7346.529000000012,0.0,0
0.00669001,7345.663999999965,0.0,0
0.00669201,7344.821999999983,0.0,0
0.00669401,7344.000000000019,0.0,0
0.00669604,7343.137999999984,0.0,0
0.006698,7342.302000000023,0.0,0
0.00670004,7341.498999999986,0.0,0
0.00670203,7340.702000000001,0.0,0
0.00670403,7339.937999999984,0.0,0
0.00670602,7339.1019999999935,0.0,0
0.00670801,7338.39800000001,0.0,0
0.00671004,7337.590000000022,0.0,0
0.00671204,7336.802000000001,0.0,0
0.00671402,7336.097999999975,0.0,0
0.00671602,7335.300000000003,0.0,0
0.00671804,7334.558000000017,0.0,0
0.00672002,7333.823999999992,0.0,0
0.00672203,7333.075000000018,0.0,0
0.00672403,7332.322000000005,0.0,0
0.00672601,7331.678000000001,0.0,0
0.00672801,7330.9439999999795,0.0,0
0.00673003,7330.227999999975,0.0,0
0.00673202,7329.540000000007,0.0,0
0.00673402,7328.85800000001,0.0,0
0.00673603,7328.097999999991,0.0,0
0.00673802,7327.422000000006,0.0,0
0.00674001,7326.719999999975,0.0,0
0.00674202,7326.020000000002,0.0,0
0.006744,7325.358999999993,0.0,0
0.00674603,7324.6380000000045,0.0,0
0.00674802,7323.959999999995,0.0,0
0.00675003,7323.278999999994,0.0,0
0.00675203,7322.55999999999,0.0,0
0.00675401,7321.886999999993,0.0,0
0.00675602,7321.216,0.0,0
0.00675803,7320.538000000004,0.0,0
0.00676004,7319.838000000008,0.0,0
0.00676201,7319.143999999984,0.0,0
0.006764,7318.421000000002,0.0,0
0.00676602,7317.725999999996,0.0,0
0.00676801,7317.0220000000045,0.0,0
0.00677,7316.318000000024,0.0,0
0.00677203,7315.619000000024,0.0,0
0.00677401,7314.896999999982,0.0,0
0.00677604,7314.158999999984,0.0,0
0.00677803,7313.438000000001,0.0,0
0.00678004,7312.705000000013,0.0,0
0.00678203,7311.999999999985,0.0,0
0.00678402,7311.261999999992,0.0,0
0.00678602,7310.535000000009,0.0,0
0.00678802,7309.82000000002,0.0,0
0.00679003,7309.020000000002,0.0,0
0.00679204,7308.230999999967,0.0,0
0.00679402,7307.519999999984,0.0,0
0.00679602,7306.724999999998,0.0,0
0.00679801,7305.980000000021,0.0,0
0.00680001,7305.177999999985,0.0,0
0.00680201,7304.382000000001,0.0,0
0.00680404,7303.521999999984,0.0,0
0.00680604,7302.72,0.0,0
0.006808,7301.921999999982,0.0,0
0.00681003,7301.103999999991,0.0,0
0.00681202,7300.258000000009,0.0,0
0.00681402,7299.421999999978,0.0,0
0.006816,7298.560000000005,0.0,0
0.00681801,7297.634000000016,0.0,0
0.00682002,7296.77300000001,0.0,0
0.00682202,7295.875999999972,0.0,0
0.00682403,7294.988999999996,0.0,0
0.00682603,7294.076000000023,0.0,0
0.00682803,7293.122000000027,0.0,0
0.00683003,7292.200999999996,0.0,0
0.00683202,7291.260000000012,0.0,0
0.00683402,7290.277999999999,0.0,0
0.00683601,7289.339999999984,0.0,0
0.00683801,7288.3199999999915,0.0,0
0.00684001,7287.300000000007,0.0,0
0.00684204,7286.242000000025,0.0,0
0.00684404,7285.258999999994,0.0,0
0.00684602,7284.220000000004,0.0,0
0.00684801,7283.1410000000005,0.0,0
0.00685001,7282.078000000011,0.0,0
0.00685203,7280.98099999998,0.0,0
0.00685403,7279.933999999995,0.0,0
0.00685604,7278.804000000013,0.0,0
0.00685802,7277.675000000032,0.0,0
0.00686001,7276.539999999992,0.0,0
0.00686201,7275.358000000007,0.0,0
0.006864,7274.202999999989,0.0,0
0.00686603,7273.020000000008,0.0,0
0.006868,7271.838000000019,0.0,0
0.00687001,7270.60799999998,0.0,0
0.00687201,7269.330999999978,0.0,0
0.00687401,7268.095999999987,0.0,0
0.006876,7266.803000000004,0.0,0
0.00687801,7265.524000000017,0.0,0
0.00688002,7264.201000000019,0.0,0
0.00688201,7262.9040000000305,0.0,0
0.00688403,7261.557000000016,0.0,0
0.00688601,7260.2409999999945,0.0,0
0.00688802,7258.841999999996,0.0,0
0.00689001,7257.500000000008,0.0,0
0.00689204,7256.091999999983,0.0,0
0.00689404,7254.64200000001,0.0,0
0.00689604,7253.217999999986,0.0,0
0.00689802,7251.760999999998,0.0,0
0.00690004,7250.280999999983,0.0,0
0.00690202,7248.814999999993,0.0,0
0.00690402,7247.294000000007,0.0,0
0.00690602,7245.775000000002,0.0,0
0.00690802,7244.241000000007,0.0,0
0.00691002,7242.680000000013,0.0,0
0.006912,7241.122000000016,0.0,0
0.00691403,7239.498999999991,0.0,0
0.00691604,7237.879999999993,0.0,0
0.00691804,7236.258000000033,0.0,0
0.00692004,7234.620000000033,0.0,0
0.00692204,7232.90000000001,0.0,0
0.00692401,7231.201999999994,0.0,0
0.00692603,7229.50299999998,0.0,0
0.00692803,7227.801999999975,0.0,0
0.00693002,7226.047000000014,0.0,0
0.00693201,7224.291000000019,0.0,0
0.00693403,7222.51400000001,0.0,0
0.00693602,7220.657000000022,0.0,0
0.00693801,7218.880000000019,0.0,0
0.00694,7217.052000000003,0.0,0
0.00694204,7215.1399999999685,0.0,0
0.00694403,7213.269999999996,0.0,0
0.006946,7211.362000000002,0.0,0
0.00694802,7209.4420000000255,0.0,0
0.00695004,7207.487999999999,0.0,0
0.00695203,7205.578999999978,0.0,0
0.00695403,7203.580000000018,0.0,0
0.00695604,7201.569999999997,0.0,0
0.00695802,7199.518000000004,0.0,0
0.00696003,7197.46799999998,0.0,0
0.00696203,7195.438999999999,0.0,0
0.00696401,7193.344000000024,0.0,0
0.00696602,7191.246999999994,0.0,0
0.00696802,7189.098999999996,0.0,0
0.00697001,7186.962999999983,0.0,0
0.00697202,7184.784999999997,0.0,0
0.006974,7182.587000000015,0.0,0
0.006976,7180.398999999985,0.0,0
0.006978,7178.141999999984,0.0,0
0.00698003,7175.840000000009,0.0,0
0.00698201,7173.598000000014,0.0,0
0.00698403,7171.2789999999995,0.0,0
0.00698601,7168.960000000028,0.0,0
0.00698804,7166.58499999997,0.0,0
0.00699003,7164.220999999987,0.0,0
0.00699203,7161.855999999985,0.0,0
0.00699404,7159.420000000004,0.0,0
0.00699604,7157.021999999982,0.0,0
0.00699801,7154.569000000002,0.0,0
0.00700002,7152.082999999988,0.0,0
0.007002,7149.602,0.0,0
0.007004,7147.039999999975,0.0,0
0.00700604,7144.480000000029,0.0,0
0.00700801,7141.920000000006,0.0,0
0.00701002,7139.32400000001,0.0,0
0.007012,7136.718000000008,0.0,0
0.00701402,7134.020999999972,0.0,0
0.00701603,7131.360000000014,0.0,0
0.00701803,7128.643999999978,0.0,0
0.00702,7125.97499999998,0.0,0
0.00702203,7123.19400000001,0.0,0
0.00702401,7120.443999999997,0.0,0
0.00702602,7117.662000000015,0.0,0
0.00702804,7114.80099999999,0.0,0
0.00703002,7111.963000000009,0.0,0
0.00703203,7109.105000000009,0.0,0
0.00703401,7106.240000000013,0.0,0
0.00703601,7103.343999999979,0.0,0
0.00703801,7100.360000000001,0.0,0
0.00704003,7097.357000000026,0.0,0
0.00704204,7094.352999999987,0.0,0
0.007044,7091.387000000008,0.0,0
0.00704602,7088.260000000018,0.0,0
0.00704802,7085.220000000001,0.0,0
0.00705003,7082.084000000012,0.0,0
0.00705204,7078.971999999981,0.0,0
0.00705401,7075.85599999997,0.0,0
0.00705603,7072.647000000014,0.0,0
0.00705802,7069.440000000013,0.0,0
0.00706001,7066.1990000000105,0.0,0
0.00706203,7062.961000000004,0.0,0
0.00706402,7059.647999999995,0.0,0
0.00706602,7056.321999999995,0.0,0
0.00706803,7052.969999999985,0.0,0
0.00707003,7049.599999999986,0.0,0
0.00707203,7046.174000000015,0.0,0
0.007074,7042.802999999999,0.0,0
0.00707603,7039.28099999997,0.0,0
0.00707803,7035.795,0.0,0
0.00708003,7032.287999999998,0.0,0
0.00708201,7028.781000000016,0.0,0
0.00708403,7025.12199999998,0.0,0
0.00708601,7021.5999999999985,0.0,0
0.00708801,7017.943000000035,0.0,0
0.00709,7014.3020000000015,0.0,0
0.007092,7010.638000000003,0.0,0
0.00709401,7006.886000000017,0.0,0
0.00709603,7003.099999999984,0.0,0
0.00709804,6999.283000000007,0.0,0
0.00710004,6995.45999999999,0.0,0
0.00710204,6991.619999999983,0.0,0
0.00710403,6987.777999999995,0.0,0
0.00710604,6983.88000000001,0.0,0
0.00710803,6979.918999999987,0.0,0
0.00711001,6976.045000000009,0.0,0
0.00711204,6971.956999999971,0.0,0
0.00711402,6967.991,0.0,0
0.00711601,6963.923000000006,0.0,0
0.00711803,6959.802999999991,0.0,0
0.00712002,6955.739999999993,0.0,0
0.00712202,6951.580000000011,0.0,0
0.00712401,6947.421999999992,0.0,0
0.00712604,6943.183000000023,0.0,0
0.00712801,6939.002999999983,0.0,0
0.00713003,6934.653999999999,0.0,0
0.00713203,6930.356999999978,0.0,0
0.00713404,6925.998999999996,0.0,0
0.00713604,6921.662000000018,0.0,0
0.00713803,6917.262999999982,0.0,0
0.00714001,6912.93000000001,0.0,0
0.00714201,6908.417999999986,0.0,0
0.00714402,6903.919000000002,0.0,0
0.00714602,6899.3699999999935,0.0,0
0.00714801,6894.880000000004,0.0,0
0.00715002,6890.240000000019,0.0,0
0.00715201,6885.68099999999,0.0,0
0.00715401,6880.961999999999,0.0,0
0.00715601,6876.317999999994,0.0,0
0.00715801,6871.598999999983,0.0,0
0.00716004,6866.775000000001,0.0,0
0.00716201,6862.083999999992,0.0,0
0.00716402,6857.280000000012,0.0,0
0.007166,6852.452,0.0,0
0.00716803,6847.522000000031,0.0,0
0.00717001,6842.668000000003,0.0,0
0.00717204,6837.690999999978,0.0,0
0.00717402,6832.728999999995,0.0,0
0.00717604,6827.680000000005,0.0,0
0.00717803,6822.693000000005,0.0,0
0.00718,6817.7069999999885,0.0,0
0.00718202,6812.594999999993,0.0,0
0.00718402,6807.450999999987,0.0,0
0.00718603,6802.239999999995,0.0,0
0.00718801,6797.144999999993,0.0,0
0.00719001,6791.921000000015,0.0,0
0.00719201,6786.653000000014,0.0,0
0.00719404,6781.28799999998,0.0,0
0.00719603,6776.022999999997,0.0,0
0.00719804,6770.6720000000105,0.0,0
0.0072,6765.394000000018,0.0,0
0.00720202,6759.93499999998,0.0,0
0.007204,6754.584999999982,0.0,0
0.00720601,6749.107000000021,0.0,0
0.00720802,6743.570999999997,0.0,0
0.00721003,6738.01999999999,0.0,0
0.00721204,6732.457999999996,0.0,0
0.00721401,6726.969000000007,0.0,0
0.00721602,6721.359000000027,0.0,0
0.00721801,6715.737999999997,0.0,0
0.00722003,6709.998999999989,0.0,0
0.00722201,6704.332000000006,0.0,0
0.00722404,6698.56000000001,0.0,0
0.00722602,6692.84199999997,0.0,0
0.00722801,6687.090999999979,0.0,0
0.00723002,6681.225999999972,0.0,0
0.00723201,6675.386999999976,0.0,0
0.007234,6669.52900000002,0.0,0
0.00723602,6663.6200000000135,0.0,0
0.00723802,6657.703999999999,0.0,0
0.00724002,6651.729000000004,0.0,0
0.00724201,6645.7599999999975,0.0,0
0.00724404,6639.653000000015,0.0,0
0.00724602,6633.714000000005,0.0,0
0.00724801,6627.659999999979,0.0,0
0.00725,6621.5870000000095,0.0,0
0.00725203,6615.359999999993,0.0,0
0.00725401,6609.29900000001,0.0,0
0.00725603,6603.051999999975,0.0,0
0.00725802,6596.939999999999,0.0,0
0.00726003,6590.637000000018,0.0,0
0.00726204,6584.394999999984,0.0,0
0.00726402,6578.16299999999,0.0,0
0.00726602,6571.840000000011,0.0,0
0.007268,6565.600000000018,0.0,0
0.00727004,6559.10100000002,0.0,0
0.00727203,6552.790999999971,0.0,0
0.00727402,6546.407999999987,0.0,0
0.00727604,6539.882000000003,0.0,0
0.00727804,6533.4440000000295,0.0,0
0.00728002,6527.040000000009,0.0,0
0.007282,6520.6290000000245,0.0,0
0.00728401,6514.105000000002,0.0,0
0.00728602,6507.501999999998,0.0,0
0.00728802,6500.961999999996,0.0,0
0.00729,6494.415999999972,0.0,0
0.00729203,6487.741000000007,0.0,0
0.00729403,6481.087000000001,0.0,0
0.00729604,6474.404000000001,0.0,0
0.00729803,6467.762999999989,0.0,0
0.00730003,6461.066000000027,0.0,0
0.00730203,6454.3230000000085,0.0,0
0.00730401,6447.680000000016,0.0,0
0.00730604,6440.871999999985,0.0,0
0.00730801,6434.1180000000195,0.0,0
0.00731,6427.421999999995,0.0,0
0.00731203,6420.480000000008,0.0,0
0.00731401,6413.715800000002,0.0,0
0.00731603,6406.798000000011,0.0,0
0.00731803,6399.924199999984,0.0,0
0.00732002,6393.093599999989,0.0,0
0.00732202,6386.133400000001,0.0,0
0.00732402,6379.2404000000115,0.0,0
0.00732603,6372.242200000017,0.0,0
0.00732804,6365.235800000004,0.0,0
0.00733001,6358.324600000019,0.0,0
0.00733201,6351.360000000019,0.0,0
0.00733401,6344.382400000011,0.0,0
0.00733603,6337.225600000009,0.0,0
0.00733802,6330.254199999997,0.0,0
0.00734,6323.2778000000035,0.0,0
0.00734203,6316.068999999982,0.0,0
0.00734401,6309.0461999999825,0.0,0
0.00734604,6301.824199999997,0.0,0
0.00734803,6294.747200000007,0.0,0
0.00735002,6287.604399999993,0.0,0
0.00735201,6280.5378000000055,0.0,0
0.00735404,6273.268800000009,0.0,0
0.00735604,6266.074999999985,0.0,0
0.00735804,6258.880000000003,0.0,0
0.00736003,6251.707799999987,0.0,0
0.007362,6244.582600000002,0.0,0
0.00736403,6237.2666000000145,0.0,0
0.00736603,6230.002399999981,0.0,0
0.00736804,6222.724000000007,0.0,0
0.00737001,6215.597599999986,0.0,0
0.00737203,6208.243000000007,0.0,0
0.00737402,6200.981399999978,0.0,0
0.00737604,6193.556800000006,0.0,0
0.00737802,6186.3684000000285,0.0,0
0.00738004,6178.959799999989,0.0,0
0.00738202,6171.680000000016,0.0,0
0.00738404,6164.269400000022,0.0,0
0.00738602,6157.015399999989,0.0,0
0.00738804,6149.534399999997,0.0,0
0.00739003,6142.226600000018,0.0,0
0.00739203,6134.864399999985,0.0,0
0.00739403,6127.448000000003,0.0,0
0.00739603,6120.068600000012,0.0,0
0.00739803,6112.637000000007,0.0,0
0.00740002,6105.277000000004,0.0,0
0.00740204,6097.76219999999,0.0,0
0.007404,6090.472799999993,0.0,0
0.00740603,6082.882600000003,0.0,0
0.00740803,6075.504400000001,0.0,0
0.00741001,6068.124400000024,0.0,0
0.007412,6060.682600000002,0.0,0
0.007414,6053.213200000008,0.0,0
0.007416,6045.74479999999,0.0,0
0.00741801,6038.250199999994,0.0,0
0.00742,6030.765799999999,0.0,0
0.00742201,6023.257799999988,0.0,0
0.007424,6015.809800000004,0.0,0
0.00742601,6008.3168000000005,0.0,0
0.00742804,6000.640399999988,0.0,0
0.00743004,5993.132399999992,0.0,0
0.00743201,5985.76000000001,0.0,0
0.00743403,5978.163999999992,0.0,0
0.00743603,5970.640199999997,0.0,0
0.00743802,5963.124600000002,0.0,0
0.00744004,5955.5824,0.0,0
0.007442,5948.146,0.0,0
0.00744401,5940.611400000005,0.0,0
0.00744601,5933.046200000012,0.0,0
0.00744803,5925.444199999991,0.0,0
0.00745001,5917.954600000008,0.0,0
0.00745201,5910.457399999996,0.0,0
0.00745404,5902.783799999994,0.0,0
0.00745603,5895.283999999985,0.0,0
0.007458,5887.813799999985,0.0,0
0.00746001,5880.282199999989,0.0,0
0.00746204,5872.615599999998,0.0,0
0.00746401,5865.153599999987,0.0,0
0.00746603,5857.512600000019,0.0,0
0.00746802,5850.002200000014,0.0,0
0.00747001,5842.4778000000215,0.0,0
0.00747203,5834.838599999998,0.0,0
0.00747401,5827.36000000001,0.0,0
0.00747602,5819.776400000001,0.0,0
0.00747804,5812.160000000007,0.0,0
0.00748002,5804.6503999999995,0.0,0
0.00748204,5797.0380000000005,0.0,0
0.00748403,5789.519999999999,0.0,0
0.00748603,5781.974400000002,0.0,0
0.00748801,5774.4800000000005,0.0,0
0.00749,5766.962200000003,0.0,0
0.00749204,5759.282000000005,0.0,0
0.00749402,5751.777599999993,0.0,0
0.007496,5744.320000000008,0.0,0
0.00749802,5736.691799999987,0.0,0
0.00750004,5729.074600000001,0.0,0
0.00750201,5721.666799999998,0.0,0
0.00750404,5713.9999999999845,0.0,0
0.00750603,5706.482399999985,0.0,0
0.007508,5699.104799999994,0.0,0
0.00751001,5691.4940000000015,0.0,0
0.00751201,5684.000400000002,0.0,0
0.007514,5676.48440000001,0.0,0
0.00751601,5668.960199999997,0.0,0
0.00751803,5661.355800000009,0.0,0
0.00752001,5653.949400000001,0.0,0
0.00752203,5646.349400000019,0.0,0
0.007524,5638.924600000002,0.0,0
0.00752603,5631.329600000025,0.0,0
0.007528,5623.922599999998,0.0,0
0.00753003,5616.319999999991,0.0,0
0.00753204,5608.800399999984,0.0,0
0.00753402,5601.38159999999,0.0,0
0.00753603,5593.895200000007,0.0,0
0.00753802,5586.477599999983,0.0,0
0.00754002,5578.996199999993,0.0,0
0.007542,5571.5996000000005,0.0,0
0.00754403,5564.0000000000055,0.0,0
0.00754602,5556.562600000008,0.0,0
0.00754804,5549.075599999987,0.0,0
0.00755001,5541.745999999985,0.0,0
0.00755201,5534.301800000005,0.0,0
0.00755402,5526.8797999999815,0.0,0
0.00755601,5519.446199999995,0.0,0
0.00755801,5512.008000000005,0.0,0
0.00756001,5504.625000000009,0.0,0
0.00756202,5497.151400000004,0.0,0
0.00756403,5489.744600000017,0.0,0
0.00756604,5482.30080000001,0.0,0
0.00756803,5474.960199999993,0.0,0
0.00757003,5467.573400000012,0.0,0
0.00757203,5460.174199999988,0.0,0
0.00757404,5452.797000000006,0.0,0
0.00757602,5445.520199999985,0.0,0
0.00757803,5438.099400000008,0.0,0
0.00758001,5430.857599999997,0.0,0
0.00758204,5423.36060000001,0.0,0
0.00758404,5416.057800000007,0.0,0
0.00758604,5408.719800000011,0.0,0
0.00758803,5401.457000000006,0.0,0
0.00759001,5394.218599999986,0.0,0
0.00759204,5386.799999999993,0.0,0
0.00759401,5379.608200000011,0.0,0
0.00759601,5372.319999999997,0.0,0
0.00759803,5364.968400000009,0.0,0
0.00760003,5357.692200000002,0.0,0
0.00760204,5350.399999999993,0.0,0
0.00760402,5343.246399999994,0.0,0
0.00760602,5335.988999999998,0.0,0
0.00760802,5328.7602,0.0,0
0.00761004,5321.461200000008,0.0,0
0.00761201,5314.320199999996,0.0,0
0.00761401,5307.122199999999,0.0,0
0.00761604,5299.824599999989,0.0,0
0.00761804,5292.64000000001,0.0,0
0.00762002,5285.528199999997,0.0,0
0.00762203,5278.305800000015,0.0,0
0.00762403,5271.14820000001,0.0,0
0.007626,5264.093199999996,0.0,0
0.00762801,5256.894200000018,0.0,0
0.00763004,5249.680200000009,0.0,0
0.00763201,5242.689399999991,0.0,0
0.00763403,5235.497400000002,0.0,0
0.007636,5228.4425999999885,0.0,0
0.00763803,5221.271000000002,0.0,0
0.00764002,5214.222800000006,0.0,0
0.00764203,5207.097399999995,0.0,0
0.00764402,5200.0517999999975,0.0,0
0.00764601,5193.033199999985,0.0,0
0.00764804,5185.880599999993,0.0,0
0.00765003,5178.880000000001,0.0,0
0.00765204,5171.840000000005,0.0,0
0.00765402,5164.88,0.0,0
0.00765604,5157.779200000012,0.0,0
0.00765803,5150.841199999984,0.0,0
0.00766004,5143.839800000012,0.0,0
0.007662,5136.9754,0.0,0
0.00766402,5129.943200000006,0.0,0
0.007666,5123.0502,0.0,0
0.00766802,5116.0344000000005,0.0,0
0.00767002,5109.120199999993,0.0,0
0.00767203,5102.1722000000045,0.0,0
0.007674,5095.3445999999885,0.0,0
0.007676,5088.419400000015,0.0,0
0.00767802,5081.491599999996,0.0,0
0.00768003,5074.575599999989,0.0,0
0.00768202,5067.740600000009,0.0,0
0.00768402,5060.899200000003,0.0,0
0.00768604,5053.981799999989,0.0,0
0.00768804,5047.132400000012,0.0,0
0.00769,5040.464600000005,0.0,0
0.00769202,5033.5526,0.0,0
0.00769403,5026.767599999992,0.0,0
0.00769602,5019.997799999995,0.0,0
0.00769804,5013.160400000006,0.0,0
0.0077,5006.4993999999815,0.0,0
0.00770201,4999.748999999993,0.0,0
0.00770404,4992.8769999999995,0.0,0
0.00770602,4986.219600000006,0.0,0
0.00770804,4979.428800000008,0.0,0
0.00771004,4972.737199999995,0.0,0
0.00771203,4966.053799999985,0.0,0
0.00771404,4959.329799999991,0.0,0
0.00771603,4952.714799999986,0.0,0
0.00771802,4946.111399999997,0.0,0
0.00772004,4939.375400000013,0.0,0
0.007722,4932.861799999997,0.0,0
0.00772404,4926.127600000007,0.0,0
0.007726,4919.630399999995,0.0,0
0.00772801,4913.037800000009,0.0,0
0.00773003,4906.377600000006,0.0,0
0.00773204,4899.761999999999,0.0,0
0.00773402,4893.234600000001,0.0,0
0.00773602,4886.717800000011,0.0,0
0.00773802,4880.160199999985,0.0,0
0.00774003,4873.615000000011,0.0,0
0.00774202,4867.139200000006,0.0,0
0.00774404,4860.564000000004,0.0,0
0.00774602,4854.144599999998,0.0,0
0.00774803,4847.605000000004,0.0,0
0.00775001,4841.214400000003,0.0,0
0.00775202,4834.713000000014,0.0,0
0.00775401,4828.3351999999895,0.0,0
0.00775604,4821.822599999994,0.0,0
0.00775804,4815.383399999992,0.0,0
0.00776003,4808.990399999992,0.0,0
0.00776204,4802.577199999993,0.0,0
0.00776404,4796.2328,0.0,0
0.00776602,4789.882800000005,0.0,0
0.00776802,4783.539400000002,0.0,0
0.00777001,4777.259600000003,0.0,0
0.00777201,4770.892200000004,0.0,0
0.00777402,4764.555999999992,0.0,0
0.007776,4758.318000000005,0.0,0
0.00777804,4751.922000000002,0.0,0
0.00778001,4745.741799999995,0.0,0
0.00778202,4739.426999999994,0.0,0
0.00778401,4733.202000000017,0.0,0
0.00778604,4726.864800000011,0.0,0
0.00778801,4720.754200000001,0.0,0
0.00779001,4714.544800000002,0.0,0
0.00779203,4708.289600000015,0.0,0
0.007794,4702.175200000002,0.0,0
0.00779601,4695.963399999996,0.0,0
0.00779803,4689.742800000016,0.0,0
0.00780001,4683.619600000007,0.0,0
0.00780202,4677.4672,0.0,0
0.00780401,4671.37500000001,0.0,0
0.00780602,4665.2431999999935,0.0,0
0.00780801,4659.184799999997,0.0,0
0.00781003,4653.020400000014,0.0,0
0.00781203,4646.942399999997,0.0,0
0.00781401,4640.944599999997,0.0,0
0.00781603,4634.828199999994,0.0,0
0.00781803,4628.800200000003,0.0,0
0.00782002,4622.793000000009,0.0,0
0.00782201,4616.814999999994,0.0,0
0.00782401,4610.819200000008,0.0,0
0.00782602,4604.805999999994,0.0,0
0.00782801,4598.879799999993,0.0,0
0.00783004,4592.810000000009,0.0,0
0.00783201,4586.962199999988,0.0,0
0.00783401,4581.039800000005,0.0,0
0.00783601,4575.085799999988,0.0,0
0.007838,4569.228200000005,0.0,0
0.00784003,4563.262399999996,0.0,0
0.007842,4557.4398,0.0,0
0.00784401,4551.520399999983,0.0,0
0.007846,4545.725600000008,0.0,0
0.007848,4539.887400000007,0.0,0
0.00785002,4533.980800000002,0.0,0
0.00785204,4528.123600000005,0.0,0
0.00785403,4522.337199999999,0.0,0
0.00785602,4516.579199999996,0.0,0
0.00785801,4510.843199999985,0.0,0
0.00786003,4504.9874000000045,0.0,0
0.00786201,4499.297400000002,0.0,0
0.00786403,4493.506799999992,0.0,0
0.00786602,4487.824600000007,0.0,0
0.00786802,4482.097000000008,0.0,0
0.00787003,4476.3847999999925,0.0,0
0.00787202,4470.700600000012,0.0,0
0.007874,4465.085199999995,0.0,0
0.00787602,4459.360000000009,0.0,0
0.00787801,4453.756800000009,0.0,0
0.00788003,4448.055799999987,0.0,0
0.007882,4442.5081999999975,0.0,0
0.00788402,4436.830400000009,0.0,0
0.00788604,4431.199999999999,0.0,0
0.00788802,4425.6573999999955,0.0,0
0.00789002,4420.079800000015,0.0,0
0.00789203,4414.514400000006,0.0,0
0.00789401,4409.0058000000045,0.0,0
0.00789603,4403.420799999997,0.0,0
0.00789804,4397.885399999999,0.0,0
0.00790001,4392.464599999995,0.0,0
0.00790203,4386.89499999999,0.0,0
0.00790403,4381.439799999993,0.0,0
0.00790601,4375.999999999999,0.0,0
0.007908,4370.570400000005,0.0,0
0.00791003,4365.057200000005,0.0,0
0.00791203,4359.645600000008,0.0,0
0.00791402,4354.240000000008,0.0,0
0.007916,4348.899200000006,0.0,0
0.00791803,4343.438000000001,0.0,0
0.00792002,4338.080399999997,0.0,0
0.00792201,4332.739200000001,0.0,0
0.00792401,4327.394399999992,0.0,0
0.00792604,4321.982999999998,0.0,0
0.00792803,4316.687600000015,0.0,0
0.00793001,4311.44199999999,0.0,0
0.00793202,4306.097000000001,0.0,0
0.00793404,4300.78259999999,0.0,0
0.007936,4295.599800000011,0.0,0
0.00793802,4290.298600000001,0.0,0
0.00794001,4285.085400000007,0.0,0
0.007942,4279.867399999999,0.0,0
0.00794401,4274.622999999996,0.0,0
0.007946,4269.439999999998,0.0,0
0.00794803,4264.177199999994,0.0,0
0.00795004,4258.988400000006,0.0,0
0.00795202,4253.859199999994,0.0,0
0.00795404,4248.657400000005,0.0,0
0.00795602,4243.580800000006,0.0,0
0.00795801,4238.47500000001,0.0,0
0.00796002,4233.3319999999985,0.0,0
0.00796203,4228.242000000011,0.0,0
0.00796402,4223.165600000003,0.0,0
0.00796602,4218.097400000009,0.0,0
0.00796801,4213.072400000007,0.0,0
0.00797001,4208.017200000015,0.0,0
0.00797203,4202.931800000006,0.0,0
0.00797403,4197.920000000007,0.0,0
0.00797601,4192.959999999989,0.0,0
0.00797802,4187.965199999991,0.0,0
0.00798001,4182.994599999982,0.0,0
0.00798202,4178.028199999992,0.0,0
0.007984,4173.102799999994,0.0,0
0.00798601,4168.160000000006,0.0,0
0.00798801,4163.2172,0.0,0
0.00799003,4158.270399999997,0.0,0
0.00799203,4153.37940000001,0.0,0
0.00799402,4148.512600000006,0.0,0
0.00799602,4143.6626000000015,0.0,0
0.007998,4138.845400000008,0.0,0
