time_s,moving_velocity_z_m_s,forward_speed_m_s,moving_travel_m,effective_moving_mass_kg,left_foam_compression_fraction,right_foam_compression_fraction,nonrigid_deformation_max_m,nonrigid_deformation_rms_m,stopping_force_N
0.0,-50.0,50.0,-0.0,0.650346487498415,-0.0,-0.0,2.1942709178604383e-17,1.1492219543718359e-17,0.0
9.989963192433698e-06,-48.55157642026918,48.55157642026918,0.0004952736673599969,0.650346487498415,4.947448764610748e-05,4.958271361419373e-05,0.0002998401433384053,2.604443151943361e-05,173561.30087602674
1.9946948081701906e-05,-46.15127582187049,46.15127582187049,0.0009661291656309001,0.650346487498415,0.0003629449842089927,0.0003626111038363316,0.0007182174978359742,0.00012050662613149993,141421.47625550375
2.9936410885103874e-05,-44.30373412071072,44.30373412071072,0.0014172635070126803,0.650346487498415,0.0009218184486335594,0.0009223704568567118,0.0011171675688769747,0.00024396357010578824,100537.25003937473
3.9921800803777144e-05,-42.98660879487051,42.98660879487051,0.0018529109664323971,0.650346487498415,0.0016554506820835634,0.0016560303124061627,0.0014604679931274488,0.00036670444305123793,84111.1002671618
4.997681461416687e-05,-41.67574578681291,41.67574578681291,0.002278483148303798,0.650346487498415,0.002542134238589858,0.0025430099514740286,0.0017768248373489575,0.00047732027972935274,84786.11854582901
5.9990838286336925e-05,-40.20465586156723,40.20465586156723,0.0026886793920065833,0.650346487498415,0.0035786756783077562,0.0035795111597665026,0.0020149193580030135,0.0005766122737653367,105057.59783868825
6.990994316186283e-05,-38.48114192764639,38.48114192764639,0.0030788612264843916,0.650346487498415,0.00478601892801125,0.004788236326235394,0.002199992743057766,0.0006728295052393998,110392.45596994307
7.997967540965044e-05,-37.042153087997846,37.042153087997846,0.0034587593941046873,0.650346487498415,0.006193463628144904,0.0061962170236144615,0.002239021603413919,0.0007664882637935378,86014.41917823465
8.994662670665221e-05,-35.69898158030722,35.69898158030722,0.0038212990460931183,0.650346487498415,0.0077353037722995115,0.007739056288322146,0.0022402972517654024,0.0008494502247100288,91430.6307956773
9.994643173388578e-05,-34.28861616046466,34.28861616046466,0.004171066412350904,0.650346487498415,0.009436349240780115,0.009440758045567727,0.0022752156621527525,0.0009308162440626062,87513.25390534959
0.00010998753015717913,-33.09427939799441,33.09427939799441,0.00450907835968188,0.650346487498415,0.011287738234643723,0.01129475270867698,0.002400511574985615,0.0010166209638978981,70182.17936067331
0.00011998403347670827,-32.1324054144466,32.1324054144466,0.0048349278718894705,0.650346487498415,0.013245092275220298,0.01325530751064294,0.0026459882612795797,0.0011072896754391582,59191.801192392035
0.00012993432439249413,-31.20223897239966,31.20223897239966,0.0051500265538744995,0.650346487498415,0.015292294669930418,0.015303726336528925,0.0028625606865548834,0.0012045663897881018,61738.62073894916
0.00013993053632401972,-30.318685031805412,30.318685031805412,0.005457336216214021,0.650346487498415,0.017447170621517193,0.017458637010901532,0.0036841217289589993,0.001311340823269397,52596.75924880997
0.00014994781237491115,-29.67190825338186,29.67190825338186,0.005757535705058258,0.650346487498415,0.019685791223327045,0.019699075744715088,0.004161405811065923,0.0014248174803822178,34374.24323508978
0.0001599934291111074,-29.285593191598448,29.285593191598448,0.006053444054489263,0.650346487498415,0.021980830258176938,0.021994804749926933,0.00444169698092307,0.0015404683448666905,18541.476462155715
0.00016996643091263833,-29.09609574847115,29.09609574847115,0.006344456480442667,0.650346487498415,0.02428150149432515,0.02429568223953766,0.004452762751474415,0.0016538389864947701,9499.980062305165
0.00017999214403736338,-28.997766101768544,28.997766101768544,0.0066356105201945716,0.650346487498415,0.02660087135165137,0.02661477846953832,0.003848938882763037,0.0017628098919732149,4750.375462827482
0.0001899470273919978,-28.945973423084148,28.945973423084148,0.006923989765408094,0.650346487498415,0.028902452778355892,0.02891624039299371,0.0034840002203763857,0.0018625766936237668,2383.153022655642
0.00019999974209913428,-28.93115380020292,28.93115380020292,0.007214871952213252,0.650346487498415,0.03122110435713674,0.031234354787887164,0.0036386854538084288,0.0019530717622405181,154.48809125295764
0.00020998129759336893,-28.93099540079138,28.93099540079138,0.007503648745078497,0.650346487498415,0.0335145162279193,0.03352719066672988,0.003826475800339369,0.0020317482903459954,0.0
0.0002199461822097116,-28.93092515631868,28.93092515631868,0.007791942409996304,0.650346487498415,0.03579492291292675,0.03580702604788105,0.004061506016610706,0.0020988809523230724,0.0
0.00022994956235513226,-28.93086949533084,28.93086949533084,0.008081349151370338,0.650346487498415,0.038075046202394526,0.03808657884994476,0.004072399499930301,0.002156329267838749,0.0
0.00023992339415538917,-28.930844091860454,28.930844091860454,0.008369900629200773,0.650346487498415,0.04033944418263589,0.040350410531742036,0.004308528771894678,0.0022067800880189595,0.0
0.0002499302963428008,-28.93083399616958,28.93083399616958,0.008659408698049239,0.650346487498415,0.042602376990121434,0.042612777552520416,0.004594293049383839,0.002252965567267805,0.0
0.000259964455806418,-28.930820200096168,28.930820200096168,0.008949705241958272,0.650346487498415,0.04486250115456078,0.04487233666798677,0.004883917105505164,0.0022964948621646483,0.0
0.0002699701826925501,-28.930809710828285,28.930809710828285,0.009239179051599506,0.650346487498415,0.04710732749438562,0.047116601703197536,0.005145553408456879,0.0023375525670757524,0.0
0.0002799959748450629,-28.930821656159285,28.930821656159285,0.009529233395126423,0.650346487498415,0.04934780095633723,0.04935651480226378,0.005421502886566134,0.0023749096520107992,0.0
0.00028997528431687206,-28.930816429751367,28.930816429751367,0.009817943008934025,0.650346487498415,0.05156913789483767,0.05157729598294527,0.005654444366296142,0.0024069398303439406,0.0
0.00029996471898297245,-28.9308121108694,28.9308121108694,0.010106945469115676,0.650346487498415,0.05378403982985409,0.05379164356946642,0.0059465749621956734,0.0024326473518656126,0.0
0.00030998897793601323,-28.93083279797382,28.93083279797382,0.010396955503524435,0.650346487498415,0.055997977782276116,0.05600502718863876,0.006317031135479157,0.0024507068727670006,0.0
0.0003199539088061987,-28.930877326854873,28.930877326854873,0.01068524946530882,0.650346487498415,0.05819024157678297,0.058196741823283805,0.006608235314862869,0.002459910134983295,0.0
0.0003299518080746084,-28.930916005808093,28.930916005808093,0.010974497668001139,0.650346487498415,0.060381221696103146,0.060387172814778685,0.006879881770707709,0.002460086919620038,0.0
0.00033997762135792625,-28.93095151747595,28.93095151747595,0.011264553813915893,0.650346487498415,0.06256978284731418,0.06257518511989955,0.006982856175721673,0.0024515263931444626,0.0
0.00034998935144464735,-28.930973235947903,28.930973235947903,0.011554202817647581,0.650346487498415,0.06474678753006528,0.06475164350273165,0.006958239510001637,0.002436000353168025,0.0
0.0003599236544841983,-28.930981963357567,28.930981963357567,0.01184161191564013,0.650346487498415,0.06689861708029089,0.06690293270635174,0.00721859460617029,0.0024144220937405802,0.0
0.0003699165653582496,-28.93099099475987,28.93099099475987,0.012130716690686385,0.650346487498415,0.06905479437243105,0.0690585681846327,0.00755982027303301,0.0023864074975059567,0.0
0.0003799204005066854,-28.930983786254366,28.930983786254366,0.012420137542812779,0.650346487498415,0.07120497426566452,0.07120820738662759,0.008036738579532177,0.0023529642736734046,0.0
0.00038999891336196876,-28.93093907102888,28.93093907102888,0.0127117186374445,0.650346487498415,0.07336278268954792,0.0733654728055479,0.008619122584256027,0.002314400363654643,0.0
0.0003999889979532409,-28.930887376312146,28.930887376312146,0.013000740884632486,0.650346487498415,0.07549334619168134,0.07549549976030843,0.009098417123298804,0.0022709673998334255,0.0
0.0004099126823775926,-28.930862770559493,28.930862770559493,0.013287841744973551,0.650346487498415,0.0776015853535457,0.07760320759685782,0.009541139870425992,0.0022212307488275293,0.0
0.0004199282088716667,-28.930838188255652,28.930838188255652,0.013577599453982677,0.650346487498415,0.07972111742607592,0.07972220508653606,0.010050504922233392,0.0021639970208384746,0.0
0.0004299253734947405,-28.930795408914697,28.930795408914697,0.013866825606300858,0.650346487498415,0.0818285614947042,0.08182911720177836,0.010583369972064882,0.0021017129927319842,0.0
0.000439973887347526,-28.93074493461012,28.93074493461012,0.014157536843710784,0.650346487498415,0.0839386046190056,0.08393862728737736,0.01103997027328635,0.0020351156446710957,0.0
0.0004499460804318366,-28.930705069134444,28.930705069134444,0.014446039611695029,0.650346487498415,0.08602450098720615,0.08602399628447562,0.011447223266792083,0.0019652791068048084,0.0
0.0004599333097667424,-28.930669797663683,28.930669797663683,0.014734977017739022,0.650346487498415,0.0881054674264148,0.08810443616053165,0.011805270662232685,0.0018918623993988738,0.0
0.0004699879557872161,-28.930635750961798,28.930635750961798,0.015025864489963615,0.650346487498415,0.09019235105319914,0.09019079128162615,0.011959333313046472,0.0018151218560241821,0.0
0.00047995790340668967,-28.930606864145982,28.930606864145982,0.015314301257746474,0.650346487498415,0.09225363318951604,0.09225155097468823,0.011984979882889457,0.0017375429518010444,0.0
0.0004899189520360855,-28.930598746990864,28.930598746990864,0.0156024803715907,0.650346487498415,0.09430513030743984,0.09430252773521115,0.012141186817968544,0.0016591212447107698,0.0
0.0004999318981897386,-28.930624990247374,28.930624990247374,0.01589216100889107,0.650346487498415,0.09635934415476714,0.09635622015706626,0.01230591840706067,0.001579159849786462,0.0
0.0005099256733012754,-28.930658412869164,28.930658412869164,0.01618128734853453,0.650346487498415,0.09840168731814275,0.09839804454153003,0.012411206810347509,0.0014979230512833462,0.0
0.0005199380432956369,-28.930664922760617,28.930664922760617,0.016470951866700275,0.650346487498415,0.10043991005872581,0.100435749189982,0.0125409773633994,0.0014152969694843055,0.0
0.0005299391649622665,-28.930650579484805,28.930650579484805,0.01676029089489265,0.650346487498415,0.10246795995170753,0.1024632832205003,0.012630296825367883,0.001333400994697924,0.0
0.0005399377367228211,-28.930649758714573,28.930649758714573,0.017049556057818584,0.650346487498415,0.10448764858903863,0.10448245776659608,0.012622068908361933,0.0012552981083873297,0.0
0.0005499294005603412,-28.930662683459175,28.930662683459175,0.017338621450523187,0.650346487498415,0.10649813811746402,0.10649243518785666,0.012482232251355049,0.001183006580029722,0.0
0.0005599980126671538,-28.930665861944775,28.930665861944775,0.01762991310290922,0.650346487498415,0.10851625132614343,0.10851003398160815,0.0122107894464059,0.0011192947628578234,0.0
0.0005699872048964878,-28.930645286594004,28.930645286594004,0.01791890699952122,0.650346487498415,0.11051068084531657,0.11050395475388546,0.011939845074645695,0.0010701329958975707,0.0
0.0005799480203336196,-28.93061847295831,28.93061847295831,0.018207079672824804,0.650346487498415,0.11249177459824852,0.11248454278862903,0.011538912453608422,0.0010379140212298222,0.0
0.0005899996593035397,-28.930621779026918,28.930621779026918,0.018497879785991593,0.650346487498415,0.1144831995757452,0.11447545902568061,0.011056801867152357,0.0010246386183076842,0.0
0.0005999140898157538,-28.93065207112955,28.93065207112955,0.01878471057215424,0.650346487498415,0.11643986256706135,0.11643162177431972,0.01065337265232464,0.0010310319499331685,0.0
0.0006099693771519115,-28.930668191164663,28.930668191164663,0.0190756167042885,0.650346487498415,0.11841666830787219,0.11840792173710209,0.010380849499115984,0.0010549574667078768,0.0
0.0006199348709915246,-28.93064496780341,28.93064496780341,0.01936392500922013,0.650346487498415,0.12036824503757089,0.12035899876721148,0.010172818776253097,0.0010942374890940698,0.0
0.0006299411719063618,-28.930601165910026,28.930601165910026,0.01965341353414714,0.650346487498415,0.12232025549595724,0.12231050904567756,0.009901075087661427,0.0011474347339385617,0.0
0.000639929391313226,-28.930568595388028,28.930568595388028,0.019942378539843236,0.650346487498415,0.12426121676347766,0.12425097260293622,0.009717868737904856,0.0012118784640965318,0.0
0.0006499305811069212,-28.930557454930497,28.930557454930497,0.020231718581901866,0.650346487498415,0.12619719941007315,0.1261864584601317,0.009643215603404203,0.0012865670254773559,0.0
0.0006599374018131117,-28.930555147591363,28.930555147591363,0.020521221461303685,0.650346487498415,0.12812679231193969,0.12811555586037193,0.009381678815705922,0.0013697541980811872,0.0
0.000669982104417968,-28.930569831918152,28.930569831918152,0.02081182034185468,0.650346487498415,0.13005619616143574,0.1300444639053531,0.009141025950902328,0.0014590899905252367,0.0
0.0006799903035769869,-28.930599338325546,28.930599338325546,0.02110136338547159,0.650346487498415,0.13197115178847785,0.13195892709114412,0.009129890597836069,0.0015517525372096142,0.0
0.0006899649976643793,-28.930635786635975,28.930635786635975,0.021389937448747422,0.650346487498415,0.13387234087859126,0.13385962693188097,0.009310709052382255,0.0016455596128044714,0.0
0.0006999977758118235,-28.930659733303298,28.930659733303298,0.02168019223406273,0.650346487498415,0.13577722338438258,0.13576401888436077,0.009420549268457836,0.0017385064304800417,0.0
0.0007099979928969455,-28.93067714672099,28.93067714672099,0.02196950519809312,0.650346487498415,0.13766859073899984,0.13765489880925608,0.00925038047020633,0.0018266533083519127,0.0
0.0007199647665580726,-28.9307025322878,28.9307025322878,0.022257850829121618,0.650346487498415,0.13954637822542879,0.139532202006688,0.008831471421569089,0.001907643930987423,0.0
0.000729950599970776,-28.930725607058914,28.930725607058914,0.022546748130270394,0.650346487498415,0.14142052298921964,0.14140586305827685,0.008524546300415867,0.0019809366264331055,0.0
0.0007399357555124849,-28.93073783179584,28.93073783179584,0.022835625993732192,0.650346487498415,0.14328733022057868,0.14327218810682613,0.008683452001890253,0.0020466691241809443,0.0
0.0007499708586233551,-28.93075196009922,28.93075196009922,0.023125948992547014,0.650346487498415,0.1451562410556217,0.1451406158489378,0.008698501048429525,0.0021062438762444583,0.0
0.000759953849305747,-28.930782610779218,28.930782610779218,0.023414764558064845,0.650346487498415,0.14700827994484986,0.14699217564326578,0.008560334856766045,0.0021605724426921064,0.0
0.0007699517178514692,-28.93082300102711,28.93082300102711,0.02370401092762792,0.650346487498415,0.14885594435086374,0.14883936172531886,0.008776852372066725,0.002211358438543783,0.0
0.0007799848581647129,-28.930851101256707,28.930851101256707,0.023994278087801107,0.650346487498415,0.15070297884771375,0.1506859177009957,0.008998465977149876,0.0022587369945829172,0.0
0.00078999976713223,-28.93087665772779,28.93087665772779,0.024284018049637993,0.650346487498415,0.15253954491924412,0.15252200760499027,0.009077828720712163,0.0023018842119149918,0.0
0.000799997186054353,-28.930909160220324,28.930909160220324,0.024573252309708263,0.650346487498415,0.15436584552257274,0.15434783434861313,0.009192872448612199,0.0023398960758237684,0.0
0.0008099345877938298,-28.930922823429068,28.930922823429068,0.02486075046825966,0.650346487498415,0.1561742222654055,0.15615574153229278,0.009246390295481346,0.0023714486365624017,0.0
0.0008199939417305483,-28.930921826576835,28.930921826576835,0.02515177685466062,0.650346487498415,0.1579977528270484,0.15797879824420502,0.009447532161265803,0.002396214791333536,0.0
0.0008299976749665048,-28.93092461202162,28.93092461202162,0.025441194091647062,0.650346487498415,0.15980420617716729,0.15978478182639996,0.009608519603078325,0.0024132675280656235,0.0
0.0008399381494491257,-28.93093160886124,28.93093160886124,0.025728781239055084,0.650346487498415,0.16159235533800695,0.161572465625972,0.009934089992809899,0.0024232928870864517,0.0
0.0008499538851480026,-28.930942010641612,28.930942010641612,0.026018545855324635,0.650346487498415,0.16338713362175092,0.16336677646458622,0.010230382564548968,0.0024271669051859363,0.0
0.0008599460823884094,-28.93095415538633,28.93095415538633,0.02630762959266648,0.650346487498415,0.16517081090818103,0.16514998883562315,0.010419520902979155,0.0024260529219620724,0.0
0.0008699548958359205,-28.930966314333435,28.930966314333435,0.026597194182188085,0.650346487498415,0.16695059017270694,0.16692930383631588,0.010687270666274562,0.0024214038058886916,0.0
0.0008799712903151677,-28.93097110717625,28.93097110717625,0.026886978180720507,0.650346487498415,0.16872486777446843,0.16870311824216183,0.010955738448045819,0.002413359123958176,0.0
0.0008899528425118071,-28.930980446115036,28.930980446115036,0.027175754216599436,0.650346487498415,0.1704861845792698,0.17046397486780232,0.011057139790643497,0.0024018794343140305,0.0
0.0008999840502426005,-28.93100380788707,28.93100380788707,0.027465967000085693,0.650346487498415,0.17224946347286912,0.17222679269995478,0.011133533936588799,0.0023868287300330693,0.0
0.0009099932870609591,-28.931019035520332,28.931019035520332,0.027755544367167373,0.650346487498415,0.17400211347605601,0.17397898405133136,0.011803252916462423,0.0023675662326522536,0.0
0.0009199859956098659,-28.931007979109182,28.931007979109182,0.02804464356875934,0.650346487498415,0.1757451540167653,0.1757215680867579,0.012355396657794494,0.002343801701027144,0.0
0.0009299356860222809,-28.93099273003303,28.93099273003303,0.028332498058231206,0.650346487498415,0.17747405132699176,0.17745001223056553,0.012750357138278752,0.002315388021148789,0.0
0.0009399810739113615,-28.93098237487826,28.93098237487826,0.028623121051791153,0.650346487498415,0.17921288347480466,0.17918838823836566,0.01299228199872253,0.002281689087765531,0.0
0.0009499184124529622,-28.930976271797693,28.930976271797693,0.028910617973447527,0.650346487498415,0.18092642131762754,0.18090147621117172,0.013134161072898998,0.0022443150147584503,0.0
0.0009599452971635697,-28.930997306297705,28.930997306297705,0.029200705617609714,0.650346487498415,0.18264878223388287,0.18262338457242785,0.013186787349039964,0.0022041186435307774,0.0
0.0009699190353826952,-28.931036831224663,28.931036831224663,0.02948925600487848,0.650346487498415,0.18435544563120074,0.18432959917130262,0.013267364742299672,0.002162827145266459,0.0
0.0009799758982556577,-28.931081068864135,28.931081068864135,0.029780211697302834,0.650346487498415,0.18606972652622256,0.18604342889191602,0.0134668524932345,0.0021203733036251364,0.0
0.0009899712208322133,-28.931121867732923,28.931121867732923,0.030069387398643954,0.650346487498415,0.18776697047715138,0.18774022577972116,0.013772908895011905,0.0020769422658042623,0.0
0.0009999612059498808,-28.931147877845337,28.931147877845337,0.030358409022736364,0.650346487498415,0.18945681256420543,0.18942962238011174,0.01400992234383963,0.0020315994514861066,0.0
0.00100996457725721,-28.931160895687707,28.931160895687707,0.03064781810780872,0.650346487498415,0.19114243797008462,0.19111480303473208,0.01416331951942415,0.001984186205852102,0.0
0.0010199404428765174,-28.931168705149023,28.931168705149023,0.030936431523477668,0.650346487498415,0.19281699552065196,0.19278891837695075,0.014166772181496989,0.0019350943575528103,0.0
0.0010299155458686816,-28.93117288661827,28.93117288661827,0.031225022935640022,0.650346487498415,0.19448502711108873,0.1944565091032853,0.014225144222770356,0.0018850910003024664,0.0
0.0010399770775577906,-28.931179438305737,28.931179438305737,0.03151611487419363,0.650346487498415,0.19616105586784643,0.19613209449610072,0.01423196166521738,0.00183514802636295,0.0
0.0010499556382128467,-28.931189500481,28.931189500481,0.03180480645571523,0.650346487498415,0.19781688555577454,0.19778748577847158,0.014201352789694498,0.001787185790342544,0.0
0.0010599870945499472,-28.931194642165764,28.931194642165764,0.032095028450116095,0.650346487498415,0.19947511588373415,0.19944527667728948,0.014085626736587052,0.0017410370200537408,0.0
0.0010699575865500092,-28.931201709852687,28.931201709852687,0.032383486723617474,0.650346487498415,0.20111695801787768,0.20108668333836094,0.01394148663763286,0.0016979684217682254,0.0
0.0010799220757963975,-28.93122386505889,28.93122386505889,0.03267177146528842,0.650346487498415,0.20275155057154395,0.2027208419554149,0.013891120853795272,0.0016584412000971922,0.0
0.001089933218933543,-28.931255119176686,28.931255119176686,0.03296140625531681,0.650346487498415,0.20438751758192564,0.2043563742743194,0.013808016355901398,0.0016228160030566016,0.0
0.001099923450717931,-28.931266241474887,28.931266241474887,0.033250436272276945,0.650346487498415,0.2060138179747489,0.2059822421535355,0.013688625049410949,0.0015918593731863928,0.0
0.0011099601720549262,-28.93126609909672,28.93126609909672,0.03354081133154237,0.650346487498415,0.20764142411498654,0.20760941503890026,0.013574541893593126,0.0015659922312128846,0.0
0.0011199772874800563,-28.931269025329037,28.931269025329037,0.03383061917335051,0.650346487498415,0.20925961647963523,0.2092271762595885,0.013499899302365106,0.0015459386900335827,0.0
0.0011299987656118724,-28.931274808015786,28.931274808015786,0.0341205532840406,0.650346487498415,0.2108723050511474,0.2108394347572753,0.013431141658182872,0.0015323204862481862,0.0
0.0011399953755533234,-28.931277612347287,28.931277612347287,0.034409767966180775,0.650346487498415,0.2124748283835791,0.21244153033014235,0.013400462178360287,0.0015255555631251752,0.0
0.0011499189762877629,-28.931290299413675,28.931290299413675,0.03469687046432919,0.650346487498415,0.2140595822601318,0.21402586079651345,0.013437545937784663,0.001525393542883926,0.0
0.0011599480374405757,-28.931316413382618,28.931316413382618,0.03498702426933569,0.650346487498415,0.21565506053367053,0.21562091239313413,0.013381303501925883,0.0015322485432357098,0.0
0.0011699843590579813,-28.93134063792265,28.93134063792265,0.03527738840059337,0.650346487498415,0.21724556048771415,0.21721098659587246,0.013240634062227046,0.0015467172242754198,0.0
0.0011799300095679558,-28.931338829911496,28.931338829911496,0.0355651294185545,0.650346487498415,0.21881566098456512,0.21878066639862828,0.013079615523253828,0.001568177091687376,0.0
0.001189923129683969,-28.931320371490962,28.931320371490962,0.03585424367365405,0.650346487498415,0.22038723134850588,0.22035181526760614,0.012853832104280876,0.0015957222573698459,0.0
0.0011999556585978917,-28.9313093498713,28.9313093498713,0.03614449791078088,0.650346487498415,0.2219589470872203,0.22192310905916732,0.012540209056696155,0.001628472346284791,0.0
0.0012099599789008502,-28.931308882112578,28.931308882112578,0.036433935995501425,0.650346487498415,0.22352022659358833,0.2234839690052742,0.012170633336096586,0.0016647249885627599,0.0
0.0012199990883987536,-28.93129719932363,28.93129719932363,0.03672438052858304,0.650346487498415,0.22508091679112122,0.22504423938193327,0.011794385087277294,0.0017025462328714713,0.0
0.0012299959666519234,-28.931265599188443,28.931265599188443,0.03701360304276452,0.650346487498415,0.22662907162079066,0.2265919773432372,0.011379157706389392,0.0017400362862471993,0.0
0.0012399181662204938,-28.931218005204972,28.931218005204972,0.037300664601396374,0.650346487498415,0.2281597907885166,0.22812228392125397,0.010900202668674431,0.0017765274229575717,0.0
0.001249964673174118,-28.931177744385245,28.931177744385245,0.037591322066763404,0.650346487498415,0.22970374832000254,0.2296658248700131,0.010576411342258406,0.0018131938054309499,0.0
0.0012599751518324184,-28.931145846056268,28.931145846056268,0.03788093684289643,0.650346487498415,0.23123624514968458,0.23119790778185365,0.010490689839234738,0.0018493951380577497,0.0
0.0012699738555037269,-28.93111876179146,28.93111876179146,0.03817021065139155,0.650346487498415,0.2327610560063331,0.23272230636840105,0.010501647811147687,0.0018839787491296818,0.0
0.0012799137602465488,-28.931098372107122,28.931098372107122,0.03845778311365149,0.650346487498415,0.23427109061902548,0.23423193227959174,0.010560236367921786,0.0019160345703432826,0.0
0.0012899125682726777,-28.931079142926855,28.931079142926855,0.03874705951080681,0.650346487498415,0.23578424824730057,0.23574467992958043,0.010522370539586582,0.001945658677655223,0.0
0.0012999740107311462,-28.93106329728069,28.93106329728069,0.039038147821192616,0.650346487498415,0.23730100528851722,0.23726102557784834,0.010505969313084607,0.001972208585095018,0.0
0.0013099196959307587,-28.93104215739789,28.93104215739789,0.039325886963319165,0.650346487498415,0.238794533318026,0.23875414807899678,0.010422965763939236,0.001994868294735494,0.0
0.0013199215882771752,-28.931027316662043,28.931027316662043,0.03961525205126728,0.650346487498415,0.2402907250498472,0.24024993311949808,0.010492935271737181,0.0020137973309960213,0.0
0.0013299826065329716,-28.931013173135906,28.931013173135906,0.03990632757619298,0.650346487498415,0.241789933811811,0.24174873392244906,0.010543884746387972,0.0020288642157586566,0.0
0.0013399377003839026,-28.93100086513466,28.93100086513466,0.04019433846112239,0.650346487498415,0.24326762197279814,0.2432260195359139,0.010485716728855248,0.002039964100426088,0.0
0.0013499293210260071,-28.930989972455375,28.930989972455375,0.040483405994179704,0.650346487498415,0.24474501001518972,0.24470300466509218,0.010333280198620471,0.0020473076135401674,0.0
0.0013599210392820937,-28.930982364462587,28.930982364462587,0.04077247624834445,0.650346487498415,0.24621669515864258,0.24617428799961613,0.010422710110113144,0.002050798485635863,0.0
0.0013699142613164937,-28.930978157020075,28.930978157020075,0.041061589959078965,0.650346487498415,0.24768289774457541,0.2476400897087844,0.01044156479899167,0.0020502034460107366,0.0
0.0013799240990871227,-28.930970183464005,28.930970183464005,0.0413511843215065,0.650346487498415,0.24914583098754248,0.24910262203717262,0.010485691562178979,0.0020462371096139657,0.0
0.0013899796275623996,-28.93096056226124,28.93096056226124,0.041642100466654994,0.650346487498415,0.2506097008810995,0.2505660899090311,0.010474073423765665,0.0020398047475125767,0.0
0.001399974246971044,-28.930944036404323,28.930944036404323,0.04193125433444176,0.650346487498415,0.2520590120503354,0.2520150022737079,0.010554434368453667,0.0020314245285464666,0.0
0.00140992290540881,-28.93091443860292,28.93091443860292,0.042219078275138794,0.650346487498415,0.25349603329080833,0.2534516273617262,0.010637674220036829,0.0020211123294678226,0.0
0.0014199391910699603,-28.93087716257685,28.93087716257685,0.04250885839506835,0.650346487498415,0.2549371633281679,0.2548923594095891,0.010667579471742034,0.002008625313828257,0.0
0.0014299586352041914,-28.93083249953132,28.93083249953132,0.0427987294842362,0.650346487498415,0.25637307612217464,0.25632787492540177,0.010536658267454415,0.00199413667091594,0.0
0.001439944278643964,-28.930783581019238,28.930783581019238,0.04308762221350428,0.650346487498415,0.2577985097781145,0.25775291341974793,0.010304561440239474,0.0019772208617226147,0.0
0.0014499881164540145,-28.930743098312725,28.930743098312725,0.04337819809385404,0.650346487498415,0.25922658387370445,0.2591805908146751,0.010239965637087225,0.001956412448345713,0.0
0.0014599290315983448,-28.930726524268366,28.930726524268366,0.04366579604764824,0.650346487498415,0.26063443530982117,0.2605880503709301,0.010554313360269003,0.0019310732720063542,0.0
0.0014699680489607535,-28.930728185740264,28.930728185740264,0.04395623212249941,0.650346487498415,0.2620505446998588,0.2620037647866523,0.0107526902325591,0.0019003595058776578,0.0
0.0014799513674613862,-28.93071533089843,28.93071533089843,0.04424505674774023,0.650346487498415,0.263453187591765,0.2634060156779145,0.010682363545638552,0.001865315595933717,0.0
0.0014899654378534941,-28.930694493045365,28.930694493045365,0.04453477085978381,0.650346487498415,0.2648545372769695,0.26480697293899996,0.010625298453872787,0.0018262645381192924,0.0
0.0014999215549339475,-28.930683697936058,28.930683697936058,0.044822808174141436,0.650346487498415,0.2662422087894809,0.2661942550681534,0.010859802505222421,0.0017840420351037938,0.0
0.0015099310865212567,-28.93068908633958,28.93068908633958,0.045112390781612555,0.650346487498415,0.2676317331178473,0.26758338869011894,0.011157354043626274,0.0017385686088073654,0.0
0.0015199760345503363,-28.93070668280414,28.93070668280414,0.04540299812909534,0.650346487498415,0.2690205414859361,0.2689718057377658,0.011242379915575513,0.001690454231959963,0.0
0.0015299244687844243,-28.9307372728384,28.9307372728384,0.045690813506707846,0.650346487498415,0.2703904482304246,0.27034132568070185,0.011199889368005304,0.0016417022207660058,0.0
0.0015399158747276668,-28.930768765573813,28.930768765573813,0.045979872412687306,0.650346487498415,0.27176070857261597,0.27171119831437845,0.01158879330824158,0.001592793800414297,0.0
0.00154991686446296,-28.930794044603147,28.930794044603147,0.04626920886253455,0.650346487498415,0.27312670215737267,0.27307680459129996,0.012190986836776206,0.0015447387346818006,0.0
0.0015599995652624114,-28.9308217244747,28.9308217244747,0.04656090954331871,0.650346487498415,0.27449820590008245,0.27444791865201645,0.012711177204504393,0.0014985130931241732,0.0
0.0015699338632160246,-28.93084307993442,28.93084307993442,0.04684831706142187,0.650346487498415,0.2758439756896939,0.2757933052800658,0.013026711850607471,0.0014554729643479652,0.0
0.0015799610204919414,-28.930846512429717,28.930846512429717,0.047138411214856804,0.650346487498415,0.2771967419332125,0.27714568558009917,0.013250220568169635,0.001414714263228757,0.0
0.0015899756542903716,-28.930829829909687,28.930829829909687,0.04742814297075753,0.650346487498415,0.2785422204210608,0.2784907794183778,0.013316558463449335,0.0013769535809057098,0.0
0.001599920271098452,-28.9308143643948,28.9308143643948,0.04771584890643277,0.650346487498415,0.27987275543193135,0.2798209332819677,0.01310688809000272,0.0013432681943554234,0.0
0.0016099735049016851,-28.930789835796762,28.930789835796762,0.048006697040048174,0.650346487498415,0.2812122138264833,0.28116000720010603,0.012934702424603527,0.0013148017418344298,0.0
0.001619999135586831,-28.930760604137387,28.930760604137387,0.048296746294665356,0.650346487498415,0.28254237652799935,0.282489787326054,0.012704314168445755,0.001292726020014035,0.0
0.0016299463433262172,-28.930747035917395,28.930747035917395,0.048584526502006974,0.650346487498415,0.28385658745837605,0.2838036195176175,0.012835328644243282,0.001273909412162563,0.0
0.0016399788406500537,-28.930741935776446,28.930741935776446,0.04887477411345451,0.650346487498415,0.28517646730330637,0.2851231182379293,0.013236621518161632,0.001258238790710161,0.0
0.0016499680405435155,-28.930740641567034,28.930740641567034,0.049163769072551246,0.650346487498415,0.28648506024878045,0.2864313325729191,0.01370566523086603,0.0012472986386431342,0.0
0.00165994782610315,-28.930725339999515,28.930725339999515,0.04945249160395679,0.650346487498415,0.2877868448434304,0.28773273978948866,0.013945635886891697,0.0012398636935774996,0.0
0.001669925309086974,-28.930686069928164,28.930686069928164,0.049741147239403004,0.650346487498415,0.2890827535246624,0.28902827206370346,0.014080679237405327,0.001236173205837498,0.0
0.0016799286693748492,-28.93065068416684,28.93065068416684,0.05003055111823122,0.650346487498415,0.29037642083366483,0.29032156288571387,0.014320743986138019,0.0012385903624598823,0.0
0.0016899423783497869,-28.930635146060045,28.930635146060045,0.050320254147864105,0.650346487498415,0.2916658015847037,0.29161056766785026,0.014750026362328778,0.0012481564312676664,0.0
0.0016999494961300468,-28.93062296484709,28.93062296484709,0.05060976635825616,0.650346487498415,0.2929487041608689,0.2928930954382964,0.015019237554878762,0.001264087950211715,0.0
0.001709982466526082,-28.93062360432763,28.93062360432763,0.050900026424309644,0.650346487498415,0.2942292635479973,0.29417327997880033,0.015084792938849066,0.0012858742263207506,0.0
0.0017199625265728567,-28.930645497449223,28.930645497449223,0.051188755884612136,0.650346487498415,0.29549744099763187,0.29544108548804704,0.015072791954156594,0.0013126297584678968,0.0
0.001729955053036232,-28.930673646191995,28.930673646191995,0.05147784626605596,0.650346487498415,0.29676156880010124,0.2967048418222562,0.014988969338306181,0.0013437048723609598,0.0
0.0017399347029059243,-28.93070372661603,28.93070372661603,0.05176656440930498,0.650346487498415,0.29801843111028714,0.297961334086214,0.014884968935636487,0.0013788303954543266,0.0
0.0017499820752694118,-28.93073655297556,28.93073655297556,0.05205724212516259,0.650346487498415,0.2992781212385331,0.29922065261723413,0.014777948206142361,0.0014185386873322903,0.0
0.0017599813568762094,-28.930774322265698,28.930774322265698,0.05234652889525715,0.650346487498415,0.3005260906974585,0.30046825322168697,0.014770330053838552,0.00146254266379939,0.0
0.0017699138558856821,-28.930809342800007,28.930809342800007,0.05263388396293094,0.650346487498415,0.3017600921497176,0.30170188924256536,0.014624021144210249,0.0015101823664437962,0.0
0.001779920154564366,-28.930836193418926,28.930836193418926,0.05292337442856148,0.650346487498415,0.30299757230179486,0.3029390022224625,0.014241928001696534,0.0015604251327730372,0.0
0.0017899304069893525,-28.930848841208007,28.930848841208007,0.053212979477181635,0.650346487498415,0.3042298129973222,0.30417087658653014,0.013446701100552542,0.001612036112143546,0.0
0.0017999330430330278,-28.9308488015959,28.9308488015959,0.053502364234492256,0.650346487498415,0.30545537846492277,0.30539607699337806,0.012587875956001164,0.0016643577486419822,0.0
0.001809946617683279,-28.93085442909148,28.93085442909148,0.05379206546059173,0.650346487498415,0.3066765238474276,0.3066168579196936,0.011939867497114202,0.001716367927014617,0.0
0.0018199824216367855,-28.930878417998002,28.930878417998002,0.05408240995933406,0.650346487498415,0.3078945810564599,0.3078345509002952,0.011369905368379458,0.0017667780346839717,0.0
0.0018299444319561146,-28.9308928025921,28.9308928025921,0.05437061975960043,0.650346487498415,0.30909792324207924,0.3090375325992601,0.011301070749306545,0.0018145773859532355,0.0
0.001839928422946516,-28.930887335386828,28.930887335386828,0.054659465515788735,0.650346487498415,0.31029814627799795,0.31023739544987344,0.011378269706715169,0.0018600641808988732,0.0
0.0018499943123418546,-28.930881533817896,28.930881533817896,0.05495068059200027,0.650346487498415,0.3115023437058395,0.3114412308768174,0.011451996212314351,0.001903315378842888,0.0
0.001859986597433373,-28.930876368427057,28.930876368427057,0.055239766188622745,0.650346487498415,0.31269188545230303,0.3126304144214568,0.011419022879914852,0.001943992862295224,0.0
0.0018699590806149388,-28.930866396284657,28.930866396284657,0.05552827881365837,0.650346487498415,0.3138732378605439,0.3138114104975049,0.01145069819818867,0.0019823456096174953,0.0
0.0018799538569802005,-28.930864709136465,28.930864709136465,0.05581743633777876,0.650346487498415,0.3150513640754153,0.3149891807572527,0.011566472649216106,0.0020177381167759095,0.0
0.001889998943260132,-28.930865161272536,28.930865161272536,0.05610804937402474,0.650346487498415,0.3162294801590878,0.3161669402859314,0.011543204949126981,0.0020497397392780967,0.0
0.0018999964825400116,-28.930866171645015,28.930866171645015,0.0563972868378401,0.650346487498415,0.3173960836830617,0.31733319014617406,0.011284717493256886,0.0020779777840264895,0.0
0.001909997196080098,-28.930874685055365,28.930874685055365,0.05668661617319529,0.650346487498415,0.31855710852600316,0.3184938625218229,0.010872234300447599,0.0021023110169298056,0.0
0.0019199969219385368,-28.930904701296143,28.930904701296143,0.05697591712341883,0.650346487498415,0.3197120438598461,0.3196484468109961,0.010784403629011525,0.002122093898517468,0.0
0.001929942531431776,-28.930937804335937,28.930937804335937,0.057263652779990626,0.650346487498415,0.32085477622544195,0.3207908314404614,0.010703543442702468,0.002136669819334703,0.0
0.0019399340992649872,-28.930955825855023,28.930955825855023,0.05755271831052,0.650346487498415,0.3219967837950629,0.3219324910910457,0.01036073814150955,0.002145997213301763,0.0
0.0019499626180239948,-28.930963302728028,28.930963302728028,0.05784285298437985,0.650346487498415,0.3231369335883599,0.3230722931114359,0.010401114727141366,0.0021504238122542403,0.0
0.001959985548250591,-28.930980298533175,28.930980298533175,0.058132826081911074,0.650346487498415,0.3242703313750904,0.3242053447451831,0.010418896262767962,0.0021503700440212406,0.0
0.0019699387816454147,-28.931007855821907,28.931007855821907,0.058420783018982556,0.650346487498415,0.32538976688356186,0.32532443790794696,0.010481601747431887,0.0021454750366707858,0.0
0.0019799422576911177,-28.93102733565909,28.93102733565909,0.05871019377120003,0.650346487498415,0.32650871651987473,0.3264430451133482,0.010509712510936235,0.002134954299781206,0.0
0.0019899966287266037,-28.93104128689937,28.93104128689937,0.059001077125088765,0.650346487498415,0.3276271232344652,0.32756110972787955,0.010475535947879986,0.0021178241858106897,0.0
0.0019999890746356724,-28.93105644282892,28.93105644282892,0.05929016906672198,0.650346487498415,0.32873241007628573,0.3286660584891773,0.0108783205375887,0.002093771938946578,0.0
0.0020099759029554047,-28.931067099168562,28.931067099168562,0.0595790986216091,0.650346487498415,0.32983083142449443,0.3297641437458446,0.010230765988171063,0.0020628606605982464,0.0
0.0020199550327394326,-28.93107056129988,28.93107056129988,0.05986780551468631,0.650346487498415,0.33092213411141175,0.3308551123158529,0.010041379407319232,0.00202600351029391,0.0
0.002029928390369942,-28.931076107227675,28.931076107227675,0.06015634545171051,0.650346487498415,0.3320065047514535,0.33193915068134744,0.009220016235974562,0.0019847287273308777,0.0
0.002039981176649517,-28.931079999039262,28.931079999039262,0.060447183403116604,0.650346487498415,0.3330930995728811,0.3330254121968687,0.008722933540639447,0.0019406014105366788,0.0
0.0020499577667074612,-28.931078093859654,28.931078093859654,0.060735816919124615,0.650346487498415,0.33416505684464265,0.3340970402474885,0.008845751430180127,0.001895768715724554,0.0
0.002059955577326039,-28.931082688978258,28.931082688978258,0.06102506437340374,0.650346487498415,0.3352328590494566,0.3351645140501665,0.009243029078355012,0.0018503895370424143,0.0
0.002069938018922863,-28.931093292964942,28.931093292964942,0.06131386727083057,0.650346487498415,0.336292554950016,0.3362238835378856,0.009546145865733158,0.0018044969946204921,0.0
0.002079928897003065,-28.931097585127535,28.931097585127535,0.06160291432571118,0.650346487498415,0.33734664039701806,0.33727764375259767,0.009627705800474638,0.0017578230389140672,0.0
0.002089978641107382,-28.931094698926735,28.931094698926735,0.06189366444458416,0.650346487498415,0.33840033142538534,0.33833100907668967,0.009820463637882774,0.0017103350433272694,0.0
0.0020999393237402294,-28.931078174966196,28.931078174966196,0.062181837828953854,0.650346487498415,0.33943810947255704,0.3393684657131082,0.010101629079080417,0.0016630881652826865,0.0
0.002109993812357242,-28.931051978583906,28.931051978583906,0.06247272488933064,0.650346487498415,0.3404789832333773,0.3404090164363032,0.010230431673880222,0.0016153535305753527,0.0
0.002119932937214928,-28.931045560159387,28.931045560159387,0.06276027416787502,0.650346487498415,0.3415012815742478,0.34143099681013916,0.01055363918604679,0.0015681098189423,0.0
0.0021299414509409684,-28.9310712501209,28.9310712501209,0.06304983104315805,0.650346487498415,0.3425240144246587,0.3424534108280952,0.010720361504731908,0.0015208089467954053,0.0
0.0021399374479928886,-28.9311034021794,28.9311034021794,0.06333902611781435,0.650346487498415,0.34353871585453777,0.34346779516540377,0.010810628305935046,0.001474714109764127,0.0
0.0021499784374509868,-28.931116620140077,28.931116620140077,0.0636295231074783,0.650346487498415,0.344551151076253,0.34447991320284627,0.011020554170645059,0.001431650936915576,0.0
0.002159927601019143,-28.93111505469048,28.93111505469048,0.06391736351650627,0.650346487498415,0.3455475331668755,0.3454759823169584,0.011207719309143932,0.001393429381824513,0.0
0.0021699490399035818,-28.93111540917109,28.93111540917109,0.06420729491057062,0.650346487498415,0.34654427688940603,0.3464724120925185,0.0113391287436429,0.0013585556984270228,0.0
0.0021799216499569464,-28.93113194679174,28.93113194679174,0.06449581371286597,0.650346487498415,0.3475292735599027,0.3474570976322556,0.011517692719741164,0.0013261445576499317,0.0
0.0021899905552143425,-28.93115300777782,28.93115300777782,0.06478711865342707,0.650346487498415,0.3485167677504998,0.34844427897835595,0.011720460451743832,0.0012945609765657245,0.0
0.002199971459681667,-28.931162211633747,28.931162211633747,0.06507587778379453,0.650346487498415,0.3494886366445108,0.34941583903053863,0.011946105835275472,0.0012639780228304867,0.0
0.002209982892890945,-28.931164409468014,28.931164409468014,0.06536552019245305,0.650346487498415,0.3504564426977074,0.3503833365547848,0.011926740593611674,0.0012347254788528477,0.0
0.002219988048609633,-28.931176283185778,28.931176283185778,0.06565498104423277,0.650346487498415,0.3514165630724268,0.35134314984119014,0.011843972716696894,0.0012086102772701952,0.0
0.0022299871701806375,-28.931198878312824,28.931198878312824,0.06594426750450082,0.650346487498415,0.35236899527036614,0.35229527637073876,0.011727746818053483,0.001187063106758582,0.0
0.0022399493597787716,-28.93121650134813,28.93121650134813,0.06623248569272987,0.650346487498415,0.353310803664384,0.35323678144212484,0.011572573716599454,0.0011711474694896284,0.0
0.002249991474723133,-28.931217179236583,28.931217179236583,0.0665230163116153,0.650346487498415,0.3542529512116256,0.354178624451732,0.011512106437678946,0.0011629620773267384,0.0
0.0022599196584307626,-28.931205044411833,28.931205044411833,0.06681025069757804,0.650346487498415,0.35517724939921974,0.3551026227490949,0.011966316231452044,0.0011644381430914897,0.0
0.0022699237997431264,-28.93119157862034,28.93119157862034,0.06709968248521322,0.650346487498415,0.3561013802642101,0.35602645261816773,0.01214647050682937,0.0011756714356077691,0.0
0.002279924480828656,-28.931193268456223,28.931193268456223,0.0673890141005883,0.650346487498415,0.35701789186564764,0.35694266450959844,0.012198146873529905,0.0011964199555819426,0.0
0.0022899328300939738,-28.9312036933495,28.9312036933495,0.06767856764050627,0.650346487498415,0.35792776307886986,0.3578522369550973,0.01216328729358967,0.001225331868924863,0.0
0.0022999398769321497,-28.93120596946421,28.93120596946421,0.06796808357317798,0.650346487498415,0.3588301357917823,0.35875431210090564,0.01224036121433293,0.001260646384819858,0.0
0.0023099433256076707,-28.931196530547005,28.931196530547005,0.06825749536796483,0.650346487498415,0.35972477369539646,0.3596486536954643,0.01229766321143052,0.0013009897777604134,0.0
0.0023199198012436887,-28.931181040701414,28.931181040701414,0.06854612666737209,0.650346487498415,0.36060958652644276,0.3605331721534919,0.012352627635060537,0.0013441821738274795,0.0
0.002329919756858666,-28.931168667223933,28.931168667223933,0.068835437129696,0.650346487498415,0.36148901983137294,0.3614123115239353,0.012191549515038001,0.0013891018691330598,0.0
0.0023399301023684415,-28.931151458028715,28.931151458028715,0.06912504804543336,0.650346487498415,0.3623618520467336,0.36228485062672844,0.012067918409780021,0.001435332455659788,0.0
0.0023499895703857298,-28.931129228071885,28.931129228071885,0.06941607992450008,0.650346487498415,0.36323136111304216,0.36315406627224345,0.011925268679891974,0.0014827613552283847,0.0
0.002359952742879594,-28.93111220556157,28.93111220556157,0.06970432566411632,0.650346487498415,0.3640850001693933,0.36400741582855806,0.011775218284495442,0.0015303322380469677,0.0
0.0023699576915672304,-28.93109731677234,28.93109731677234,0.06999377988645278,0.650346487498415,0.3649346316617049,0.36485675771628595,0.011568680981689259,0.0015777602103635411,0.0
0.0023799190985075553,-28.93107617105959,28.93107617105959,0.07028197421573557,0.650346487498415,0.3657729845199104,0.3656948233350133,0.011494002939036307,0.0016235718276203224,0.0
0.0023899371605976025,-28.931067010431782,28.931067010431782,0.07057180746615593,0.650346487498415,0.3666084495024262,0.36653000055365553,0.011445658763378832,0.001667444702678226,0.0
0.002399948590349294,-28.931074452854435,28.931074452854435,0.07086144884870275,0.650346487498415,0.3674356653891166,0.36735692997905606,0.01140177136716985,0.0017086330751972874,0.0
0.0024099215617829823,-28.931067587932507,28.931067587932507,0.07114997761407693,0.650346487498415,0.36825202930944784,0.36817300964629873,0.011481348178415068,0.0017469333548109224,0.0
0.0024199209276517097,-28.931031473392224,28.931031473392224,0.07143926978408649,0.650346487498415,0.3690628392299176,0.36898353567474,0.011213313312784304,0.0017824793929058051,0.0
0.002429931596940409,-28.93098092284929,28.93098092284929,0.0717288885192792,0.650346487498415,0.36986680336582367,0.36978721671911446,0.010614855356949782,0.0018150622732648828,0.0
0.0024399183723259085,-28.930935243421676,28.930935243421676,0.0720178154894128,0.650346487498415,0.3706610853724701,0.3705812174339848,0.011595342436801994,0.0018442354809397178,0.0
0.002449920308692718,-28.930902410682087,28.930902410682087,0.07230718068490696,0.650346487498415,0.37144877737691734,0.371368628853067,0.01190162905881119,0.0018697660175077352,0.0
0.0024599237477026174,-28.930885934336327,28.930885934336327,0.07259658910345529,0.650346487498415,0.372228761392945,0.37214833339202424,0.011590706947484843,0.001891644569833059,0.0
0.0024699731229749326,-28.930891817326184,28.930891817326184,0.07288732644360262,0.650346487498415,0.3730044253607639,0.37292371777231165,0.011086131595370911,0.0019099328003036392,0.0
0.0024799770187601145,-28.930911029180635,28.930911029180635,0.07317674816523902,0.650346487498415,0.373768692993991,0.3736877082637076,0.010537755125890901,0.0019237495453927696,0.0
0.0024899998786252517,-28.93092808636265,28.93092808636265,0.07346671871994921,0.650346487498415,0.37452649930395376,0.37444523809952346,0.010001617254412249,0.0019322665267582483,0.0
0.002499946813497023,-28.9309400144931,28.9309400144931,0.07375449284777623,0.650346487498415,0.375270717624206,0.3751891832328778,0.009407709019938279,0.0019352841891427715,0.0
0.0025099806522699006,-28.930928332128413,28.930928332128413,0.07404478120210356,0.650346487498415,0.37601349733588924,0.37593168858752213,0.008754883183191692,0.001933177830012552,0.0
0.00251995441839015,-28.93089070492588,28.93089070492588,0.07433333134145875,0.650346487498415,0.3767439055309725,0.37666182529254527,0.008834384942482967,0.0019263540719002133,0.0
0.0025299548414407166,-28.930845479173833,28.930845479173833,0.07462265225424397,0.650346487498415,0.377468311949917,0.3773859607355353,0.008895009025197605,0.0019149695547311786,0.0
0.002539982155626896,-28.93080581466284,28.93080581466284,0.07491275073314203,0.650346487498415,0.3781866471644234,0.378104025507003,0.008876561967478635,0.001898379819884326,0.0
0.0025499432682254144,-28.930759705207333,28.930759705207333,0.07520093351985944,0.650346487498415,0.3788922662714389,0.37880937722310065,0.00908096752163255,0.001875966143539025,0.0
0.002559956598812852,-28.930724833085574,28.930724833085574,0.07549062658199948,0.650346487498415,0.3795935506679846,0.3795103941163411,0.009454465633040253,0.0018471674894820604,0.0
0.0025699435532683525,-28.93071067188025,28.93071067188025,0.07577955633434597,0.650346487498415,0.3802849402311773,0.3802015181862372,0.009404504031921017,0.0018121496398980637,0.0
0.002579955242168618,-28.9307004665632,28.9307004665632,0.07606920155803558,0.650346487498415,0.3809699497137867,0.3808862628454216,0.008965741369721624,0.0017711742670644618,0.0
0.0025899757684530425,-28.93068683867061,28.93068683867061,0.07635910233718847,0.650346487498415,0.38164742425160914,0.38156347367679305,0.008326126374602342,0.0017246946582795484,0.0
0.0025999958102500996,-28.93067680207197,28.93067680207197,0.07664898896629026,0.650346487498415,0.3823166962839731,0.38223248338699584,0.008121107656102815,0.0016733548723161659,0.0
0.002609911691737989,-28.930679847339327,28.930679847339327,0.07693586213999236,0.650346487498415,0.3829709466988554,0.3828864755685963,0.008024086125837626,0.0016189491601793502,0.0
0.0026199762088705463,-28.930681695940933,28.930681695940933,0.07722703547285278,0.650346487498415,0.3836267822977433,0.38354205046458656,0.007591442144990279,0.0015618018311387056,0.0
0.0026299815962038406,-28.930688525412176,28.930688525412176,0.07751649817644876,0.650346487498415,0.38427053406976214,0.38418554448256564,0.007223265903093568,0.0015049549514074309,0.0
0.002639951335366587,-28.930703431208073,28.930703431208073,0.07780492966455993,0.650346487498415,0.3849038071581355,0.3848185621599587,0.006949401427927804,0.0014498690895692634,0.0
0.002649927087376097,-28.930720638346255,28.930720638346255,0.07809353527389717,0.650346487498415,0.3855292605753304,0.38544376145592896,0.0074459062908965095,0.001397769703467111,0.0
0.0026599310745505,-28.930742370039646,28.930742370039646,0.07838295793331278,0.650346487498415,0.3861482202494721,0.38606246776152087,0.008337713998443358,0.0013491276708184501,0.0
0.0026699389202237377,-28.911257132472677,28.911257132472677,0.0786724625659932,0.650346487498415,0.38675981320974995,0.3866731075296271,0.007575874385007355,0.0013044668460334185,4537.5878082627505
0.002679976171984276,-28.560712011115147,28.560712011115147,0.07896138930724347,0.650346487498415,0.38739599679157555,0.3872792345423944,0.008168737065770357,0.001264691041932394,39700.20727790271
0.002689961930204334,-27.633588379042745,27.633588379042745,0.07924222352591813,0.650346487498415,0.38812083440090805,0.38792686705435275,0.008344104176582896,0.0012307617957798068,68515.78288380754
0.0026999977633969867,-26.552427129442457,26.552427129442457,0.07951405258308543,0.650346487498415,0.3889590744312092,0.3886916133605709,0.008231397610104267,0.0012026556272311435,67816.50675341586
0.002709981950519604,-25.69566734949864,25.69566734949864,0.07977461865381998,0.650346487498415,0.38988742232984297,0.3895675977466797,0.008247249733465236,0.0011807392694091476,49566.79668120179
0.002719939390411278,-25.046430906811054,25.046430906811054,0.08002707192065912,0.650346487498415,0.3908876144099155,0.3905187172615079,0.008330256732665312,0.0011645658345404563,37795.46921701978
0.0027299505674375345,-24.51109099047769,24.51109099047769,0.08027509270095182,0.650346487498415,0.3919481182155274,0.3915334519878046,0.00962450012271019,0.001152663209505469,34851.61367156445
0.0027399818539718414,-23.91409307964713,23.91409307964713,0.08051804278244917,0.650346487498415,0.393065988642579,0.39260256035398455,0.010995873195051499,0.0011439923623831965,41676.09484419787
0.002749920093586336,-23.241386265408924,23.241386265408924,0.08075237728676411,0.650346487498415,0.3942343707764946,0.393726624704065,0.011185255988551584,0.0011384880420880626,45178.67669340282
0.002759960560361214,-22.586333547791934,22.586333547791934,0.08098234191085565,0.650346487498415,0.3954749009298364,0.3949366878716442,0.012016897241462309,0.0011336520520313098,40282.10347503401
0.0027699675885630454,-21.97551566649905,21.97551566649905,0.08120526904648033,0.650346487498415,0.3967758973342497,0.3962002423655755,0.012031027164271953,0.0011283317718866071,39112.84735025047
0.0027799241042243948,-21.44240641873338,21.44240641873338,0.08142127113016188,0.650346487498415,0.39812777047831255,0.3975107875493475,0.008783260350880069,0.0011240568743748588,30614.535190423114
0.0027899748014594463,-21.048789819731727,21.048789819731727,0.08163470924888808,0.650346487498415,0.39952579440763786,0.3988827249318786,0.007623267198582453,0.0011193745279524038,23530.730629380058
0.002799994926400829,-20.71427075729788,20.71427075729788,0.08184388682992844,0.650346487498415,0.40094174347350203,0.4002872472310023,0.0075544800036249984,0.0011133769643245984,20353.035550703407
0.0028099337210357547,-20.40083785540617,20.40083785540617,0.08204823144732563,0.650346487498415,0.402365739974678,0.4017088447080447,0.007298093166408677,0.0011074159237728439,22239.303484434473
0.0028199978735515357,-20.037123803756725,20.037123803756725,0.08225172119906897,0.650346487498415,0.4038346850164805,0.403175732675941,0.006903963957084565,0.0011036404949903236,23995.930967470144
0.0028299672437843647,-19.727070791946293,19.727070791946293,0.08244981792061033,0.650346487498415,0.4053124123061699,0.4046614026852457,0.006823780192655734,0.0011032012556034933,16953.09524691584
0.0028399777164713276,-19.534932084523216,19.534932084523216,0.08264622430819457,0.650346487498415,0.40680508925926523,0.40617657815370833,0.006677171372236915,0.0011060382204876676,9178.884967333974
0.0028499847689298836,-19.461653560375947,19.461653560375947,0.08284126339157923,0.650346487498415,0.4082919852752532,0.4077004390231381,0.006439344350573864,0.0011118738220646151,2500.5139019426147
0.0028599284123841974,-19.441473231425277,19.441473231425277,0.08303466874093987,0.650346487498415,0.40975750898733937,0.40920977929460806,0.006163717896179046,0.00112021047749995,939.565331106449
0.0028699322704379055,-19.436927332436426,19.436927332436426,0.08322912566200705,0.650346487498415,0.41121895169130357,0.41071780879352143,0.006464213577605349,0.0011317069919977993,70.50315073256571
0.002879980283549948,-19.43674289140026,19.43674289140026,0.08342442667773262,0.650346487498415,0.4126737604277274,0.41221948331899644,0.006770965706407545,0.001146951620614303,0.0
0.0028899854556217134,-19.436692498258566,19.436692498258566,0.08361889439462324,0.650346487498415,0.41410932541673623,0.41370148474450025,0.007684886459591959,0.0011645887566236633,0.0
0.0028999476463742735,-19.43664510610387,19.43664510610387,0.08381252617649276,0.650346487498415,0.4155257757500614,0.41516395079175406,0.00901458286259474,0.0011822652845098704,0.0
0.00290996477468427,-19.436624344226896,19.436624344226896,0.08400722541860955,0.650346487498415,0.4169369862509524,0.41662121634540755,0.009272408550468065,0.001198624182274742,0.0
0.0029199395624951593,-19.43663051232961,19.43663051232961,0.08420110162798451,0.650346487498415,0.4183291993358531,0.41805908237411094,0.008296706904263103,0.0012121932681022725,0.0
0.0029299739356377073,-19.436657519720292,19.436657519720292,0.08439613616086435,0.650346487498415,0.41971657536193685,0.4194921802172143,0.007320076483685879,0.0012216600316132323,0.0
0.002939944427710719,-19.436692191338697,19.436692191338697,0.08458992936434784,0.650346487498415,0.42108201806279616,0.42090285510217795,0.007698526350286737,0.0012278889959986621,0.0
0.0029499455181551744,-19.436732397411827,19.436732397411827,0.08478431769181516,0.650346487498415,0.42243849602036165,0.42230450845944306,0.009295280327835928,0.0012329517891235355,0.0
0.002959984980508257,-19.436751461318693,19.436751461318693,0.08497945215347504,0.650346487498415,0.42378688972756645,0.4236980566921036,0.010249851566400495,0.0012371068912302692,0.0
0.0029699640419033825,-19.43675989344086,19.43675989344086,0.08517341272627432,0.650346487498415,0.4251139384085252,0.4250697978646017,0.00881293012125386,0.0012395716335884223,0.0
0.0029799398226646743,-19.436784233635688,19.436784233635688,0.0853673096849911,0.650346487498415,0.42642732572988745,0.4264276754052587,0.008290995448368142,0.0012393717899164955,0.0
0.0029899938328420317,-19.43682450959141,19.43682450959141,0.08556272751626674,0.650346487498415,0.4277375938242965,0.4277825947390133,0.007532766800903914,0.0012357288685079049,0.0
0.0029999125096580818,-19.43684960035752,19.43684960035752,0.08575551523904174,0.650346487498415,0.42901698516426506,0.42910585315372507,0.007708702005100958,0.0012302348109684764,0.0
0.003009924942028038,-19.43686736385387,19.43686736385387,0.08595012546721263,0.650346487498415,0.43029509315492465,0.43042805992420824,0.007909274467811611,0.0012248663305404908,0.0
0.0030199717620156487,-19.43688689875731,19.43688689875731,0.08614540427901689,0.650346487498415,0.4315640421046247,0.431741075749953,0.007689868324290528,0.0012203977249692682,0.0
0.0030299504951555763,-19.436892334962298,19.436892334962298,0.08633935982569126,0.650346487498415,0.43281091820209777,0.43303153953633405,0.00778640763747608,0.0012172589990080652,0.0
0.0030399901295314366,-19.436897003418593,19.436897003418593,0.08653449913138278,0.650346487498415,0.4340518150156603,0.43431610964529027,0.008033189021551505,0.0012162160013963052,0.0
0.0030499523257414836,-19.43691207974278,19.43691207974278,0.08672813339132668,0.650346487498415,0.43526963024271637,0.4355770835002295,0.009602888262496646,0.0012170230155355089,0.0
0.0030599166333691646,-19.436907889365685,19.436907889365685,0.08692180876281089,0.650346487498415,0.43647420554787886,0.4368246503941317,0.011042456429195241,0.0012188153183503344,0.0
0.003069962436560876,-19.43689088416467,19.43689088416467,0.08711706802489051,0.650346487498415,0.43767493232632565,0.4380685429392016,0.01179337218820722,0.0012206728523523971,0.0
0.0030799548032792263,-19.436888991185665,19.436888991185665,0.08731128853896285,0.650346487498415,0.4388555921094426,0.43929196301129164,0.01316303859819869,0.0012210390092948454,0.0
0.0030899853283698937,-19.436902042945785,19.436902042945785,0.08750625080491066,0.650346487498415,0.4400270069674865,0.4405061258774543,0.014973743397654017,0.0012186883344615653,0.0
0.0030999986153986297,-19.43690740023991,19.43690740023991,0.08770087812463198,0.650346487498415,0.44118263445462974,0.44170425324426255,0.016714623057450976,0.0012153595020644445,0.0
0.0031099514894442812,-19.43689400210605,19.43689400210605,0.08789433116036761,0.650346487498415,0.4423176239407173,0.4428813140067208,0.016716705260689874,0.0012129108059463903,0.0
0.0031199249350832518,-19.43687714653422,19.43687714653422,0.08808818387787727,0.650346487498415,0.44344126701450387,0.44404694383113247,0.015807525595173063,0.0012127351669128567,0.0
0.0031299952151540114,-19.436860556004742,19.436860556004742,0.08828391859548214,0.650346487498415,0.4445618891464703,0.44520978691200147,0.015138143934282929,0.0012163747753056798,0.0
0.0031399681686168903,-19.43683248950249,19.43683248950249,0.08847776137243128,0.650346487498415,0.44565786359330545,0.4463474031550799,0.013432948607959834,0.0012243849285725928,0.0
0.0031499416085921795,-19.436799899478096,19.436799899478096,0.08867161327972872,0.650346487498415,0.4467401213050884,0.4474711350778742,0.011721412403415392,0.0012359317022820832,0.0
0.003159970831354736,-19.436793822214078,19.436793822214078,0.08886654922007743,0.650346487498415,0.44781452903822383,0.44858707860181485,0.009469025738911334,0.0012503587369110797,0.0
0.0031699887141063096,-19.436803863127167,19.436803863127167,0.08906126478609065,0.650346487498415,0.44887378905795133,0.449687657518862,0.0079773951205297,0.0012659994392619515,0.0
0.003179993416712726,-19.43681964431692,19.43681964431692,0.08925572430817247,0.650346487498415,0.4499177458058336,0.4507727099434616,0.007279725811103801,0.0012805777242539862,0.0
0.0031899261418280637,-19.436825798031027,19.436825798031027,0.08944878493910821,0.650346487498415,0.4509404315830071,0.45183602943313655,0.007293256471561101,0.001293081687176879,0.0
0.003199924956523904,-19.436822502597035,19.436822502597035,0.08964313014278044,0.650346487498415,0.45195606704833396,0.4528924022362218,0.007748308108604411,0.0013030798522767814,0.0
0.0032099190143578806,-19.436813877348033,19.436813877348033,0.08983738283319657,0.650346487498415,0.45295732360987956,0.4539342102038942,0.007893960426759562,0.001309827174137493,0.0
0.0032199982447202544,-19.436819479895547,19.436819479895547,0.09003329095671218,0.650346487498415,0.45395304035647555,0.4549706559341802,0.007828175348557823,0.0013137131618557768,0.0
0.0032299960211032456,-19.436848660669483,19.436848660669483,0.09022761607611492,0.650346487498415,0.4549267487953407,0.45598459814944875,0.007785657549754696,0.0013155276945713864,0.0
0.0032399715626652437,-19.43686707173591,19.43686707173591,0.09042150927725714,0.650346487498415,0.4558844357210486,0.45698226515715606,0.007911740771901075,0.0013158417936875576,0.0
0.0032499115644529014,-19.436874096553,19.436874096553,0.0906147118064263,0.650346487498415,0.45682494886979147,0.4579624534084911,0.00799194728769924,0.001316181671600121,0.0
0.003259964776742883,-19.436889651771747,19.436889651771747,0.09081011489361775,0.650346487498415,0.45776220834197434,0.45893967544887043,0.008456760985375922,0.0013171678596616036,0.0
0.0032699960416241814,-19.436912996583253,19.436912996583253,0.09100509160222266,0.650346487498415,0.45868343266783096,0.45990061092958534,0.009119181474816732,0.0013183886604475094,0.0
0.0032799655211578765,-19.436926127109178,19.436926127109178,0.09119886758925914,0.650346487498415,0.4595851498887922,0.4608416328590186,0.01013773472275781,0.001318826656210687,0.0
0.0032899481197647185,-19.436910265442926,19.436910265442926,0.09139289857321746,0.650346487498415,0.4604742501811348,0.46176992853209614,0.010506913647544032,0.0013177267741681339,0.0
0.003299971119457831,-19.436863011783743,19.436863011783743,0.09158771449533362,0.650346487498415,0.4613530685050002,0.46268793935939523,0.010654441963996203,0.0013143639252025116,0.0
0.003309968889830465,-19.436813887622225,19.436813887622225,0.09178203952796168,0.650346487498415,0.46221583722816745,0.46358964133897507,0.00978378246692851,0.0013074788702194821,0.0
0.00331997216981736,-19.43679511119484,19.43679511119484,0.09197647129004435,0.650346487498415,0.46306527035336587,0.4644778692828511,0.00875032995700668,0.0012962993089891232,0.0
0.00332999282649402,-19.436811660493785,19.436811660493785,0.09217124080415805,0.650346487498415,0.4639023508288174,0.46535365237813536,0.00886625502462318,0.00128104145055143,0.0
0.0033399568456325955,-19.436830022370927,19.436830022370927,0.09236490967819543,0.650346487498415,0.4647210026269658,0.46621063058785595,0.008823003636314698,0.0012625731101697571,0.0
0.0033499698390792223,-19.43681704656105,19.43681704656105,0.09255953048611752,0.650346487498415,0.4655299480718178,0.4670579335505773,0.008540082703303729,0.0012412148020296701,0.0
0.0033599847203934496,-19.436804758090094,19.436804758090094,0.09275418782135116,0.650346487498415,0.46632531130470434,0.46789150470824203,0.006627814806973431,0.0012171664233271734,0.0
0.0033699290785353317,-19.43681280666738,19.43681280666738,0.09294747439857794,0.650346487498415,0.4671015183680836,0.4687054962981382,0.006823999816478728,0.0011923830126036054,0.0
0.003379961343987023,-19.436830210823153,19.436830210823153,0.09314246974436205,0.650346487498415,0.4678709395229228,0.4695128809772003,0.006796109873337902,0.001170049068586352,0.0
0.0033899233437669186,-19.436861733784298,19.436861733784298,0.09333609959171994,0.650346487498415,0.4686214501415822,0.470300935962916,0.007157600964367772,0.0011522837091129307,0.0
0.0033999327094939177,-19.436885849162245,19.436885849162245,0.09353065039017867,0.650346487498415,0.46936200449777,0.4710790601701674,0.007423353379101363,0.0011378797693491775,0.0
0.003409921986927763,-19.436884274837844,19.436884274837844,0.09372481084672045,0.650346487498415,0.4700876049177519,0.4718420028805192,0.0075965242649365505,0.001125152736504225,0.0
0.0034199889739791245,-19.43687574550258,19.43687574550258,0.0939204816587521,0.650346487498415,0.4708052901302476,0.4725971678595637,0.008007028310514815,0.0011118214161963999,0.0
0.0034299875572593157,-19.436873560790623,19.436873560790623,0.0941148228650706,0.650346487498415,0.47150467864165685,0.47333363016240787,0.0084821039613387,0.0010966083977324238,0.0
0.0034399213957298407,-19.436877874500077,19.436877874500077,0.09430790564497564,0.650346487498415,0.472186348946585,0.47405198558564055,0.008972689942387391,0.0010796931569681553,0.0
0.0034499181924936367,-19.436881443309492,19.436881443309492,0.094502212187408,0.650346487498415,0.47285912546781633,0.47476153090671364,0.009322806504185523,0.0010602344915117117,0.0
0.003459935718261891,-19.43687437242643,19.43687437242643,0.09469692162097496,0.650346487498415,0.473520060141154,0.4754591615775305,0.009383697888241522,0.0010374116708537504,0.0
0.003469982439273534,-19.43685967185217,19.43685967185217,0.09489219840280969,0.650346487498415,0.4741696750473783,0.47614543028590334,0.009130650500717099,0.0010132748919374568,0.0
0.003479930589009342,-19.436836572488954,19.436836572488954,0.09508555909077517,0.650346487498415,0.47479990903526675,0.47681181197885036,0.008786548031408853,0.0009894652588154952,0.0
0.003489983462861277,-19.43680124033337,19.43680124033337,0.09528095497952282,0.650346487498415,0.47542369480839775,0.47747197861569163,0.008513277916055155,0.0009666789375631529,0.0
0.0034999745269173833,-19.43678233245326,19.43678233245326,0.09547514918609905,0.650346487498415,0.47603068176547364,0.47811497666026154,0.008312513900816037,0.000945959797164216,0.0
0.0035099268971861925,-19.436778034498328,19.436778034498328,0.09566859122235992,0.650346487498415,0.4766225367316453,0.47874255913157027,0.007931457490315624,0.0009275999258447603,0.0
0.0035199691763297242,-19.436765852143996,19.436765852143996,0.09586378071639301,0.650346487498415,0.4772068778264279,0.4793628053800705,0.007936951835524796,0.0009118971970605337,0.0
0.0035299526290486273,-19.43675344053988,19.43675344053988,0.0960578266841425,0.650346487498415,0.4777750605681674,0.47996653913988463,0.008051804096437161,0.0008977833313506274,0.0
0.003539992704173259,-19.43674351311924,19.43674351311924,0.09625297309455537,0.650346487498415,0.4783337309076147,0.4805608182040638,0.008041940040769802,0.0008859849018624825,0.0
0.00354996526321912,-19.436734300125668,19.436734300125668,0.09644680712679438,0.650346487498415,0.47887607326637927,0.481138387626099,0.008503011290450306,0.000880187935445453,0.0
0.00355994700413506,-19.43671617147564,19.43671617147564,0.0966408194863643,0.650346487498415,0.4794064406859549,0.48170387329503195,0.00877881796967756,0.0008808024756851383,0.0
0.0035699160682160784,-19.436703301246894,19.436703301246894,0.0968345852783335,0.650346487498415,0.4799237502163903,0.482256116101232,0.008772868383149833,0.0008849316102791268,0.0
0.003579960371740925,-19.436702853309875,19.436702853309875,0.09702981341764014,0.650346487498415,0.48043252036917433,0.48279994198500653,0.008836307176768931,0.0008911253427587413,0.0
0.003589971536934064,-19.43670414221073,19.43670414221073,0.0972243974710211,0.650346487498415,0.4809272567898763,0.48332947813426963,0.009212004807002232,0.0008985265800788355,0.0
0.003599961270108952,-19.436693085677543,19.436693085677543,0.0974185649157113,0.650346487498415,0.48140871226477727,0.48384551985281277,0.009501575051205134,0.000906846032756564,0.0
0.0036099415698077177,-19.43667119506289,19.43667119506289,0.09761254883708477,0.650346487498415,0.48187759479744363,0.4843488180066545,0.009929419352162832,0.0009165730060553462,0.0
0.003619923799252446,-19.436643526068043,19.436643526068043,0.09780657000542578,0.650346487498415,0.4823345249544783,0.484840033180999,0.010309030769337925,0.0009286887384074484,0.0
0.003629960156238802,-19.435222907627775,19.435222907627775,0.09800164148282463,0.650346487498415,0.4827819003564728,0.48532170555325804,0.01041087621822967,0.0009428648051130699,408.23669727545683
0.00363997542685553,-19.374209725598842,19.374209725598842,0.09819607898706055,0.650346487498415,0.48322155972880293,0.48579023937945176,0.010296794580552857,0.0009595886093543402,7244.267038534941
0.003649953183916976,-19.17859955515739,19.17859955515739,0.09838847872497539,0.650346487498415,0.48367808681442503,0.48624504596346485,0.010193404465866007,0.0009796456282201895,14230.115940261825
0.0036599485551028622,-18.985722109268462,18.985722109268462,0.09857916186738991,0.650346487498415,0.4841710626443829,0.486688747161545,0.010238884394868412,0.0010020313570113107,11229.554181706191
0.0036699608611736865,-18.84072604426587,18.84072604426587,0.09876848671018787,0.650346487498415,0.48469153873194354,0.48712132412427656,0.009926953558825226,0.0010261084119129803,8481.849999733831
0.0036799331002833977,-18.64293364266205,18.64293364266205,0.09895557392522299,0.650346487498415,0.48523163364968375,0.48754065847585487,0.009233151909618317,0.0010504607236166775,20563.119073451086
0.003689983448467292,-18.21270580301859,18.21270580301859,0.09914088469345084,0.650346487498415,0.4858282134989097,0.48796178913631255,0.008608591291024878,0.001073808372531825,31501.897698081502
0.0036999143517275346,-17.6179760053193,17.6179760053193,0.09931896070939064,0.650346487498415,0.4864811315727562,0.4884067551831384,0.008299305015580615,0.0010955708911231442,44653.26407556357
0.0037099650274059486,-16.982426881064335,16.982426881064335,0.09949267511526738,0.650346487498415,0.48719866518679006,0.4889258826912967,0.008259692629473634,0.0011149995810349495,36440.79457637234
0.0037199909235701065,-16.510247240266555,16.510247240266555,0.09966044466921704,0.650346487498415,0.48795564647060147,0.4895041328880992,0.008380994082974982,0.0011303654119007094,27587.202564183477
0.00372992909175748,-16.131031966391642,16.131031966391642,0.09982256945929432,0.650346487498415,0.4887419546795081,0.49011171672560183,0.008347617868006942,0.0011417594694159978,22923.446840810786
0.0037399678584917827,-15.815658697305267,15.815658697305267,0.09998286007201977,0.650346487498415,0.4895746764885965,0.49074039590268254,0.008305480611522992,0.0011510832557158931,18887.318720745003
0.003749990511078536,-15.550298393062521,15.550298393062521,0.10014000215103606,0.650346487498415,0.49043970074589927,0.4913739355872331,0.008229052885822445,0.0011591868886705995,16370.681647041483
0.0037599959396101726,-15.269721295282372,15.269721295282372,0.1002942331182281,0.650346487498415,0.4913251844131466,0.4920180618095676,0.008441921185978854,0.001166521023645988,20174.591780656232
0.003769976502103822,-14.945366880869264,14.945366880869264,0.10044500177439211,0.650346487498415,0.4922219144398156,0.49269091677599564,0.008403229330886726,0.0011727530847499433,20956.232880739604
0.0037799774498133896,-14.657434504870178,14.657434504870178,0.10059294806062849,0.650346487498415,0.4931271828355642,0.4934031416070357,0.008107847122630452,0.001176896950862005,16137.608197426596
0.00378993184421659,-14.49777720739751,14.49777720739751,0.10073794116318771,0.650346487498415,0.4940283602930676,0.49413648592543113,0.008180098998167925,0.0011785496137458312,7251.677253051496
0.0037999183724078114,-14.406314028818395,14.406314028818395,0.10088225201599685,0.650346487498415,0.4949253862815844,0.49487784268542395,0.008334222615555617,0.0011779110652856376,5819.94564760499
0.0038099777531109542,-14.285996484359684,14.285996484359684,0.10102662466808758,0.650346487498415,0.49582171178439177,0.4956264718909391,0.00829592508342578,0.0011747624883056823,10121.125978232374
0.003819995086724132,-14.023444449753175,14.023444449753175,0.10116857220568698,0.650346487498415,0.4967104343349615,0.4963898630133658,0.00820510669235457,0.001169291122247856,22207.27029323879
0.0038299620655605875,-13.653996118876842,13.653996118876842,0.10130647284032007,0.650346487498415,0.49759373582037214,0.4971995998441982,0.00796354462756532,0.0011619990062568496,23013.03759444166
0.0038399985013298876,-13.361109896068303,13.361109896068303,0.10144193922724665,0.650346487498415,0.4984843790341589,0.4980638467216378,0.007877635582241143,0.001154167400315249,16263.798318057516
0.0038499706723931423,-13.179879226294489,13.179879226294489,0.10157416936697199,0.650346487498415,0.49936560156677917,0.498952382800354,0.00769032240953115,0.0011478842445368294,8747.528398641753
0.003859965886557784,-13.093140320939579,13.093140320939579,0.1017054169815327,0.650346487498415,0.500239043442234,0.499853693638583,0.007683837550779495,0.0011460656815929563,4220.435762822688
0.0038699830225470805,-13.047777584023498,13.047777584023498,0.10183632251981092,0.650346487498415,0.5011015998544396,0.5007553838625142,0.007495039264000341,0.0011503383569826907,2391.173214266012
0.0038799670078428,-13.014618345722685,13.014618345722685,0.10196641781402029,0.650346487498415,0.5019472882765812,0.5016481118900669,0.007574602483798587,0.0011592061137037596,1876.5406022903758
0.003889953004580324,-12.998398122178576,12.998398122178576,0.10209628564071778,0.650346487498415,0.5027790173023604,0.502532486521825,0.007713090119961993,0.001170402111342197,659.191891890436
0.003899949816229929,-12.993356196447149,12.993356196447149,0.10222619704184313,0.650346487498415,0.5035975675607276,0.5034056998272505,0.007836765763703273,0.0011831769703328917,167.48934504440615
0.003909944915654698,-12.991988614301553,12.991988614301553,0.1023560587486425,0.650346487498415,0.5044019664585085,0.5042651046689285,0.007959493437567865,0.0011958574739111764,46.78077997153564
0.0039199718329358925,-12.991918821783695,12.991918821783695,0.10248632772594282,0.650346487498415,0.5051949192122552,0.5051131044890386,0.00799092475996227,0.0012072556906665669,0.0
0.003929981693552411,-12.991906815494616,12.991906815494616,0.10261637496696902,0.650346487498415,0.5059725977296025,0.5059454655315933,0.007972693974322625,0.0012171323549054268,0.0
0.003939979026169929,-12.991890059546238,12.991890059546238,0.10274625930130371,0.650346487498415,0.5067354821820594,0.5067626928563377,0.007764535589870719,0.0012253431754278307,0.0
0.003949997790236599,-12.991869656881763,12.991869656881763,0.10287642187856211,0.650346487498415,0.5074862115554241,0.5075676105710973,0.0075963412929879225,0.0012314346438463588,0.0
0.003959970751797058,-12.991859235955188,12.991859235955188,0.10300598922700309,0.650346487498415,0.5082198628503531,0.5083549348455482,0.007522056958045689,0.0012358053443406603,0.0
0.003969954498347119,-12.99187001992835,12.99187001992835,0.10313569669325257,0.650346487498415,0.5089407342747435,0.5091292724234038,0.007646350947355092,0.0012400483321354531,0.0
0.00397992265766479,-12.991893696517591,12.991893696517591,0.10326520184024271,0.650346487498415,0.50964699351617,0.5098886531538098,0.008064802839965947,0.0012439624643056566,0.0
0.003989970381227566,-12.991909892216388,12.991909892216388,0.1033957408901437,0.650346487498415,0.5103453136825181,0.5106402583806875,0.00832970415315479,0.001246505281335914,0.0
0.003999912465472147,-12.991913647833846,12.991913647833846,0.10352490758304793,0.650346487498415,0.5110229353176982,0.5113703513707868,0.008328076298219614,0.0012474710203586442,0.0
0.004009917598119201,-12.991905813005602,12.991905813005602,0.1036548933701624,0.650346487498415,0.5116915000530475,0.5120914696799463,0.008040675085055543,0.0012468993766868155,0.0
0.00401992012297526,-12.991888490258516,12.991888490258516,0.103784845153368,0.650346487498415,0.5123465567725415,0.5127988190688854,0.007696007240746074,0.0012446984392228207,0.0
0.004029942888720182,-12.991868484743241,12.991868484743241,0.10391505970037905,0.650346487498415,0.5129896228224299,0.5134940396367897,0.00779425802312991,0.001241177848112126,0.0
0.004039958671149719,-12.991861280073767,12.991861280073767,0.1040451833794001,0.650346487498415,0.5136189800661567,0.5141752748494003,0.008227080779317721,0.0012368473255958041,0.0
0.004049919707402412,-12.991867590593156,12.991867590593156,0.10417459580588553,0.650346487498415,0.514231802877747,0.5148394572595338,0.008938175919268087,0.0012311871041472571,0.0
0.0040599875594516735,-12.991874155283837,12.991874155283837,0.10430539604661183,0.650346487498415,0.514837980902585,0.5154973105573284,0.009481341474909831,0.0012233289189900313,0.0
0.004069929065411208,-12.991871728042476,12.991871728042476,0.10443455483239338,0.650346487498415,0.5154235651813274,0.5161336918514421,0.009882554522765784,0.0012133215393137998,0.0
0.0040799537096137895,-12.99187057360623,12.99187057360623,0.10456479371588007,0.650346487498415,0.516001030441392,0.5167621490675608,0.009923323772227816,0.0012005960619746515,0.0
0.004089916249590733,-12.991866870903877,12.991866870903877,0.10469422573225655,0.650346487498415,0.5165620186901988,0.5173735850546206,0.009774380586224438,0.0011848042790931987,0.0
0.004099998679164956,-12.991859454020723,12.991859454020723,0.10482521527865421,0.650346487498415,0.5171167152679983,0.5179791040322652,0.009501261474643575,0.0011659485455261397,0.0
0.004109957325870692,-12.991851773923026,12.991851773923026,0.10495459657888301,0.650346487498415,0.5176517703448005,0.5185641261996935,0.009677359824859805,0.001145923350053841,0.0
0.004119941100076484,-12.99184351638437,12.99184351638437,0.10508430425426184,0.650346487498415,0.5181754229082635,0.5191376381070717,0.010200798361515702,0.0011255856679357422,6.780549473151464e-06
0.004129956602528899,-12.989511295009178,12.989511295009178,0.10521441905709987,0.650346487498415,0.5186880736724829,0.5196999512039029,0.010690809822761042,0.0011047534414594128,409.3204743080954
0.004139940220761314,-12.980770142622454,12.980770142622454,0.10534405729361374,0.650346487498415,0.5191878396337267,0.5202475359408866,0.010754579555529274,0.001083501989167139,519.3640579764138
0.004149941049149847,-12.976440610161463,12.976440610161463,0.10547384886182996,0.650346487498415,0.5196774166146603,0.5207831537583667,0.01081838079118922,0.00106321116515017,122.78425168687178
0.004159941813796297,-12.976134953806744,12.976134953806744,0.10560362069826815,0.650346487498415,0.5201547795206656,0.5213058851351338,0.010849091833567703,0.0010444835217999749,0.43773080984086615
0.004169999850926168,-12.976138175603058,12.976138175603058,0.10573413514946742,0.650346487498415,0.5206221784292503,0.521818654336916,0.01072626573297199,0.0010276643176422475,0.0
0.004179968892040039,-12.975999076125902,12.975999076125902,0.10586349473294211,0.650346487498415,0.5210729137674418,0.5223141023322426,0.010471675841028162,0.0010125221727184741,46.641625432087096
0.0041899158364372985,-12.968413291931297,12.968413291931297,0.10599254367566903,0.650346487498415,0.5215108234842539,0.5227958027640721,0.010279614348067576,0.0009975261439374567,1110.256115831774
0.0041999373160965196,-12.93603372565196,12.93603372565196,0.1061223582552132,0.650346487498415,0.521944219917191,0.5232683703268305,0.010131225400620636,0.0009821814558843066,2531.106726887696
0.004209977602746922,-12.887872235568452,12.887872235568452,0.1062520089490213,0.650346487498415,0.5223752105622708,0.5237291602852435,0.01023822391498146,0.0009661877976342287,3530.3625773393633
0.0042199446863500295,-12.819399763215745,12.819399763215745,0.10638014052754088,0.650346487498415,0.522802641709546,0.52417524651611,0.010299372240905725,0.0009510019037922129,5134.819668911555
0.004229922290821914,-12.726429978206053,12.726429978206053,0.10650760383217273,0.650346487498415,0.5232337080073766,0.5246122230758203,0.010695958057680206,0.0009362163373395731,6953.075599530784
0.004239946564280774,-12.60422466612482,12.60422466612482,0.10663456925763724,0.650346487498415,0.5236756444471202,0.5250424939721464,0.011569111000428503,0.0009204712788578029,8146.610487418075
0.0042499421331098205,-12.478034649311654,12.478034649311654,0.10675992079801548,0.650346487498415,0.5241275909428125,0.5254639426826618,0.011224785086995943,0.0009049011836668837,8249.624856215429
0.004259988625057073,-12.359474717416015,12.359474717416015,0.10688465905822649,0.650346487498415,0.5245908652351056,0.525881969351852,0.009915275199674193,0.0008908758391319908,6867.665788280204
0.00426994032271076,-12.2793882301411,12.2793882301411,0.1070072239650084,0.650346487498415,0.5250530195105879,0.5262905237561043,0.009679125162554331,0.000879332663599868,4354.699707922937
0.004279943397445891,-12.201854463264286,12.201854463264286,0.10712969088312754,0.650346487498415,0.5255184973511998,0.5266916935746455,0.009351972754044997,0.0008715832818605851,6046.821390066209
0.004289982072436813,-12.034140794790316,12.034140794790316,0.10725148298810262,0.650346487498415,0.5259951065458288,0.5270848698500674,0.009155164186880355,0.0008688732537454293,15956.779898028579
0.004299931017126775,-11.723676826201512,11.723676826201512,0.10736969718958111,0.650346487498415,0.5264880145430293,0.5274861996099374,0.008856898760972379,0.0008701137657771922,21074.430560154982
0.004309960211087164,-11.420893095667344,11.420893095667344,0.1074857277807069,0.650346487498415,0.5270081166328637,0.5279142522723094,0.008868567217383936,0.0008745418659929931,19585.233431839497
0.004319970623118537,-11.134369880894752,11.134369880894752,0.10759856038151035,0.650346487498415,0.5275360717987448,0.5283753275136949,0.009162892756822267,0.0008820076875702994,16938.72673699103
0.004329947925309232,-10.903421600285109,10.903421600285109,0.10770845623408243,0.650346487498415,0.5280604197542113,0.5288695149570377,0.009322509768330808,0.0008919634746508038,14049.85669383778
0.00433996227234598,-10.700758372953377,10.700758372953377,0.10781661433673485,0.650346487498415,0.5285813293107846,0.5293936368866173,0.009149224685212478,0.0009047083889174554,12975.608863717469
0.004349922930471843,-10.486999686204307,10.486999686204307,0.10792215545737271,0.650346487498415,0.529093256501944,0.5299413013376073,0.008840026920501547,0.0009214191475406243,14796.138213126924
0.004359996983539115,-10.26746418098589,10.26746418098589,0.10802666574100123,0.650346487498415,0.5296076612145146,0.5305226345756521,0.008585551497691477,0.0009426922502710303,13519.767527053178
0.00436991698392533,-10.072581794957046,10.072581794957046,0.10812752247402313,0.650346487498415,0.530120936967185,0.5311085608674592,0.008482715205320922,0.0009673868567833879,11953.710139391536
0.004379929356808731,-9.908400681050317,9.908400681050317,0.10822752218937486,0.650346487498415,0.5306471305564547,0.5317056275885662,0.008255333244111509,0.0009943426527056333,10047.13332542883
0.0043899999173602645,-9.764937761860956,9.764937761860956,0.10832655919950678,0.650346487498415,0.5311825498058637,0.532307425546101,0.007806179341397752,0.0010211669721524358,8675.343967342595
0.004399942959540355,-9.64556005193072,9.64556005193072,0.10842303897176371,0.650346487498415,0.5317149407563891,0.5329000239374256,0.007816451302134188,0.0010480701268890575,7347.3023026241735
0.004409967870481563,-9.544829832533425,9.544829832533425,0.10851920711375249,0.650346487498415,0.5322519377172279,0.5334946099929833,0.008113660818375239,0.0010760216086386416,5939.91138753503
0.004419938602193361,-9.468043622912113,9.468043622912113,0.10861396813057711,0.650346487498415,0.5327843845771142,0.5340799304394767,0.008355375924573395,0.0011039657831013504,4269.121857724354
0.0044299645217585,-9.41519291291137,9.41519291291137,0.10870861411958771,0.650346487498415,0.5333169592709831,0.5346576662442066,0.008166228830283853,0.001133127485456463,3108.9054392822413
0.004439979397435685,-9.364202691957805,9.364202691957805,0.10880265662825821,0.650346487498415,0.533844792228007,0.5352220078401676,0.008071923269572796,0.0011641390371779324,3580.130938768318
0.004449975979651444,-9.305161389286873,9.305161389286873,0.10889597376743679,0.650346487498415,0.5343644139310089,0.5357770184960092,0.008470162763942959,0.0011963392891739147,3965.46777567226
0.004459992301137222,-9.248414016124125,9.248414016124125,0.10898888282138804,0.650346487498415,0.5348754856931104,0.5363279764637763,0.008731497139353058,0.001228937853617653,3434.7036040351245
0.0044699151193551435,-9.208819338844622,9.208819338844622,0.10908043123651132,0.650346487498415,0.5353711028139057,0.5368678005249579,0.009136486564773685,0.0012606522512299064,1785.239747437438
0.004479974298523025,-9.193652749258947,9.193652749258947,0.10917297383065724,0.650346487498415,0.5358615121268885,0.5374046169877488,0.009184930956514514,0.0012901933095856378,592.7490285912227
0.0044899898237341475,-9.189606399277151,9.189606399277151,0.1092650273461873,0.650346487498415,0.5363365696113825,0.5379258218564661,0.009363426081716636,0.0013161295901170118,118.82488277341575
0.004499940601820907,-9.188655666355388,9.188655666355388,0.10935646501538786,0.650346487498415,0.5367947659618537,0.538429784752674,0.009320222462376711,0.001338248529023454,24.16984742256079
0.004509987002963255,-9.18808403299156,9.18808403299156,0.10944877572165024,0.650346487498415,0.5372433799930576,0.5389243001119566,0.009606468687470096,0.0013568005652908862,66.35049565938738
0.0045199588022579815,-9.18262683685405,9.18262683685405,0.10954037877418304,0.650346487498415,0.5376752231146941,0.5394009152689018,0.00982293392935108,0.0013716729289523556,662.7815012580952
0.004529991801412665,-9.161179418608445,9.161179418608445,0.10963241547401918,0.650346487498415,0.5380986796593966,0.5398661742152564,0.010088035704374379,0.0013838213044530662,1854.1434493514387
0.004539975152453929,-9.134165535141124,9.134165535141124,0.10972373177359736,0.650346487498415,0.5385122225632675,0.540314935440737,0.010020389258661338,0.0013939371168687823,1513.474103165233
0.00454995230607355,-9.111967019225421,9.111967019225421,0.10981475630668477,0.650346487498415,0.5389170249701393,0.5407492944789943,0.009980834450990048,0.0014022485952064144,1621.7273097362538
0.004559967425088208,-9.075468074636106,9.075468074636106,0.10990584756244066,0.650346487498415,0.5393158320632987,0.5411711298495865,0.009961870697484353,0.0014096031562391023,2944.2840969482195
0.004569985681685822,-9.027343773171756,9.027343773171756,0.10999652094366814,0.650346487498415,0.5397110390410832,0.5415789104386175,0.009869396633046644,0.0014156361122706592,2916.5173564526303
0.004579989194618359,-8.986126328046451,8.986126328046451,0.11008661918404007,0.650346487498415,0.5401018120908524,0.5419719556516023,0.009497673655745689,0.0014189773139172092,2808.3131385542893
0.004589991146277752,-8.937827426179004,8.937827426179004,0.11017626079974553,0.650346487498415,0.5404886492486118,0.5423508630529223,0.009304630014615959,0.0014191204690568342,3356.948962754015
0.004599994086663733,-8.87429513606995,8.87429513606995,0.11026536630446518,0.650346487498415,0.5408738485783288,0.5427158916237267,0.009180335359834983,0.0014160408576863886,4864.820117998009
0.00460995137932449,-8.789640785606148,8.789640785606148,0.11035330875145137,0.650346487498415,0.5412605205342401,0.5430654878077598,0.009137030373410555,0.0014099445329098076,5494.270659319718
0.004619956715377239,-8.717661507634478,8.717661507634478,0.11044086728866295,0.650346487498415,0.5416533246690404,0.543402950274604,0.008860811947950348,0.001401065879742055,3942.4430276602247
0.004629970655011357,-8.677955425290367,8.677955425290367,0.11052793578964872,0.650346487498415,0.5420449507318483,0.5437268526376301,0.008733014932988694,0.0013900695639188132,1697.632898794603
0.004639970850793753,-8.6634638813558,8.6634638813558,0.11061463065408587,0.650346487498415,0.5424268713506009,0.5440369298927692,0.008402631578890714,0.0013781915322291641,557.747546842024
0.0046499455367567995,-8.656997672902714,8.656997672902714,0.11070101336837679,0.650346487498415,0.542795241434871,0.5443326281443596,0.00786881193307911,0.001366852762384984,446.99060416654714
0.004659997059884898,-8.648985513689812,8.648985513689812,0.11078798931208028,0.650346487498415,0.5431536642302002,0.5446165438420459,0.007916540113470474,0.0013569501949828701,515.5445580297765
0.004669930598579317,-8.641052215575085,8.641052215575085,0.11087386564649339,0.650346487498415,0.5434954803370058,0.5448832555317057,0.008142496583754653,0.0013485707425700464,546.8004280408269
0.004679956439183132,-8.627511297007105,8.627511297007105,0.11096045319787813,0.650346487498415,0.5438278662421648,0.5451387704001597,0.008081996622248424,0.0013414859744395726,1921.6403256172025
0.004689931960513722,-8.558406754687887,8.558406754687887,0.11104622333498881,0.650346487498415,0.5441489769510459,0.5453833106383157,0.008236817652700448,0.0013352141601691465,6253.39750355837
0.0046999763993473016,-8.421538236768685,8.421538236768685,0.11113153997728588,0.650346487498415,0.5444714206909829,0.545626246386787,0.008371660266523152,0.0013293643965074167,10112.049462165025
0.004709952715452386,-8.251053739186412,8.251053739186412,0.11121469952620071,0.650346487498415,0.54479922746024,0.5458681875263506,0.008669096483042352,0.0013238461147210767,10791.697911995943
0.004719970691999802,-8.103934970238905,8.103934970238905,0.11129660026335672,0.650346487498415,0.5451386608644202,0.5461094075652395,0.009013148507856929,0.0013186681845049097,9298.69870537184
0.004729927887855644,-7.940655705457363,7.940655705457363,0.11137650579383243,0.650346487498415,0.5454857949864925,0.5463454388043768,0.009068559084200057,0.0013133437123961549,11668.01151789078
0.0047399605872550845,-7.749476081797778,7.749476081797778,0.11145521016407763,0.650346487498415,0.5458479702738593,0.5465836187247815,0.008852772594081857,0.0013072431627832479,12337.211824162898
0.004749976030812165,-7.582599487708233,7.582599487708233,0.111531947692266,0.650346487498415,0.5462167473140513,0.5468272223724657,0.00865018494182012,0.0012999276902993084,9768.447779153872
0.00475994560294286,-7.437270206585114,7.437270206585114,0.11160682375702057,0.650346487498415,0.5465823200305949,0.5470768449543703,0.008762679456611475,0.0012918499798326316,10060.351984174222
0.004769984213148035,-7.2668683670385965,7.2668683670385965,0.11168063630605288,0.650346487498415,0.5469479445057004,0.5473375877998348,0.008779009067263392,0.0012833959246688065,11440.586436775162
0.0047799255129930135,-7.103339471809242,7.103339471809242,0.11175203021412652,0.650346487498415,0.547306530131962,0.5476091778366378,0.009087179206822504,0.0012746126753667689,9629.466849973116
0.004789947461311229,-6.978308094397669,6.978308094397669,0.11182256287805471,0.650346487498415,0.5476619318481207,0.5478924494527485,0.009515504355186749,0.0012660977950295024,7442.490057885571
0.004799978459635038,-6.873935123841706,6.873935123841706,0.11189201790980816,0.650346487498415,0.5480085619601918,0.5481812264461903,0.009651276556112653,0.0012587440724470028,6192.07229554996
0.004809927503391155,-6.802106772924239,6.802106772924239,0.11196001293379938,0.650346487498415,0.5483405994371994,0.5484700531804424,0.009839270475298796,0.0012519581090586441,3628.877558076918
0.004819970964713964,-6.763027571414531,6.763027571414531,0.11202811336895495,0.650346487498415,0.5486618287239394,0.5487576833272864,0.009964248631831266,0.0012437391467619537,2045.2864170686871
0.004829957157438594,-6.731105490512533,6.731105490512533,0.11209549556713544,0.650346487498415,0.5489664351950221,0.5490358039377956,0.010038929160887607,0.0012323459624937996,2338.572306674565
0.004839938183962991,-6.6851054449475145,6.6851054449475145,0.11216246344324099,0.650346487498415,0.5492558755390335,0.5493073863089165,0.010000986468621012,0.0012170442252378989,3552.5177536435403
0.004849965950591557,-6.607501642756316,6.607501642756316,0.11222915199469809,0.650346487498415,0.5495315863722768,0.5495786419241915,0.010183386483032894,0.0011979520766512315,6700.868335160729
0.004859988604266575,-6.412623974292129,6.412623974292129,0.11229453139052187,0.650346487498415,0.5497924955411847,0.5498634515005982,0.010493608092421426,0.0011775342433760871,16685.54689094213
0.0048699218894116365,-6.120640601681128,6.120640601681128,0.11235678953862294,0.650346487498415,0.550040218805526,0.5501851092931578,0.01059065393660549,0.001158265097453666,19234.98580681659
0.004879952317654775,-5.867684354592782,5.867684354592782,0.11241683526114339,0.650346487498415,0.5502876115040943,0.5505470364994806,0.010616714746037476,0.0011416020356077696,14227.16757342588
0.004889999327446676,-5.691516120144397,5.691516120144397,0.11247483560406348,0.650346487498415,0.5505374071137407,0.5509256374788639,0.010329787812515189,0.001127819671392096,9560.140871190293
0.004899933552754902,-5.565545636452368,5.565545636452368,0.11253073575166936,0.650346487498415,0.5507831502319087,0.5513034539599548,0.009940631376412821,0.001115942838919102,8225.857817178887
0.004909923415925783,-5.427973384000882,5.427973384000882,0.11258564963244272,0.650346487498415,0.5510256711984564,0.551686520678428,0.009678546625388008,0.0011056504196682575,9058.215840627156
0.004919918292115818,-5.295114397746179,5.295114397746179,0.11263922402381282,0.650346487498415,0.5512659737015505,0.5520719794040305,0.009215027939269564,0.0010983565586903134,8397.231116505394
0.004929951548949362,-5.171914366997205,5.171914366997205,0.11269172046310641,0.650346487498415,0.5515075851536684,0.552456118211405,0.008871051446429036,0.0010944137754261229,7781.556338965477
0.004939942410435075,-5.046644089453578,5.046644089453578,0.11274277221981739,0.650346487498415,0.5517518500855916,0.552831139292242,0.009088039978585071,0.00109293037149165,8484.816808687481
0.004949936408552579,-4.913196808421988,4.913196808421988,0.11279253533378646,0.650346487498415,0.5520043464971106,0.553196116122086,0.00918537681941342,0.0010933212862074034,8525.34963831174
0.004959947756261971,-4.801001417445933,4.801001417445933,0.11284112793907443,0.650346487498415,0.5522637985676639,0.5535518364996281,0.009567864019913669,0.0010956782840753187,6352.878183391417
0.004969963385877378,-4.7319690186160805,4.7319690186160805,0.11288882394884427,0.650346487498415,0.5525233849890109,0.5538961117171225,0.009392911279098266,0.0011001394330362815,3292.545002277997
0.004979991218814053,-4.689995701548047,4.689995701548047,0.11293605674008678,0.650346487498415,0.5527767957280358,0.5542261919473854,0.009101788893651623,0.0011068712362332731,2559.942538513989
0.0049899929508723856,-4.656396730536469,4.656396730536469,0.11298278622418394,0.650346487498415,0.5530201619080195,0.55454028830125,0.009103755747043496,0.0011152531023472447,1904.0181596288112
0.004999973660421117,-4.6239642944698085,4.6239642944698085,0.11302910838970419,0.650346487498415,0.5532523638130532,0.5548381294004157,0.009197016852768863,0.0011234715650366434,2557.245256031678
0.00500998979669967,-4.5682992771078546,4.5682992771078546,0.11307516062050142,0.650346487498415,0.5534765066080155,0.5551221980961409,0.009190204803310618,0.0011301205209855827,4120.953130078553
0.005019925294162113,-4.508641234831422,4.508641234831422,0.1131202367442446,0.650346487498415,0.5536931593255553,0.5553899933736448,0.009165642999588854,0.0011345278663480118,3365.4894998290865
0.0050299625544367125,-4.46748139475718,4.46748139475718,0.11316527667518579,0.650346487498415,0.5539044461654682,0.5556452437282167,0.009442886935082051,0.001137175312458115,2628.56877525624
0.005039981939357355,-4.418059432356298,4.418059432356298,0.11320980013108216,0.650346487498415,0.5541069474740394,0.5558836561472053,0.009672409593897814,0.001138324976885128,3569.7956522986965
0.005049940474969677,-4.3546365298842975,4.3546365298842975,0.11325349385713031,0.650346487498415,0.5543028007749947,0.5561040686903709,0.009777637325264479,0.0011391950617786082,4664.154861467401
0.005059940797494825,-4.257975313205663,4.257975313205663,0.11329659548544063,0.650346487498415,0.5544981880224519,0.5563093133078142,0.010073944227918836,0.0011401232862800663,7606.957893291523
0.005069970186858088,-4.114026135260458,4.114026135260458,0.11333860797394815,0.650346487498415,0.5546996690482906,0.5565019249876308,0.010550842336452685,0.001141043221895122,10417.430062635645
0.005079942328406071,-3.9305459460134213,3.9305459460134213,0.11337874357799003,0.650346487498415,0.5549125911911148,0.5566829109089503,0.0106531702011018,0.001142677652840426,12951.190916497859
0.005089949880607343,-3.7150229867306876,3.7150229867306876,0.11341701266728818,0.650346487498415,0.5551435268471228,0.5568575784748722,0.010400925939020061,0.0011447763532629782,14605.83747446287
0.005099981119418581,-3.4922023454892726,3.4922023454892726,0.11345314160570949,0.650346487498415,0.5553900792036859,0.5570325067746107,0.009976869642771178,0.0011473029487773436,14011.76077256921
0.005109972233132844,-3.2883597593926073,3.2883597593926073,0.11348699383979928,0.650346487498415,0.5556479531534736,0.5572069209728128,0.009604540836270539,0.0011497691075658184,12884.945475203198
0.005119999794262446,-3.1166493137443037,3.1166493137443037,0.11351905636328355,0.650346487498415,0.555915143659877,0.5573806313884879,0.009320096361781141,0.00115149974164038,9786.162930354569
0.005129952612419996,-2.9800455195869873,2.9800455195869873,0.1135493806295378,0.650346487498415,0.5561778808144383,0.557553144375188,0.00919087435062412,0.0011530258385854788,8697.899955004832
0.005139951214321576,-2.8457645155232214,2.8457645155232214,0.11357850252724994,0.650346487498415,0.5564349778844946,0.5577271300108066,0.009311111888352085,0.0011550737905355684,8818.946348477184
0.005149969212006086,-2.714572420217498,2.714572420217498,0.11360633351818347,0.650346487498415,0.5566905092728821,0.557897293617551,0.009280830577010077,0.001159224497042973,7886.641546597852
0.005159937905962882,-2.611019317520714,2.611019317520714,0.11363285651729552,0.650346487498415,0.5569431061577605,0.5580582515270542,0.009269913740691058,0.0011664232480766566,6301.6803692284375
0.005169927061224363,-2.5198672593898377,2.5198672593898377,0.11365847268232321,0.650346487498415,0.5571929578652396,0.5582079653843911,0.009232954130567746,0.0011771793327469719,5747.688214133825
0.005179931007363922,-2.4370289282472863,2.4370289282472863,0.11368325729510685,0.650346487498415,0.557440131640314,0.5583440152799759,0.009177758758440043,0.0011915626422749565,5223.928849183809
0.005189979023084184,-2.348952737160124,2.348952737160124,0.11370732218533569,0.650346487498415,0.5576839264242008,0.5584671789429009,0.009661353903785974,0.001209300361817539,6587.64698622135
0.005199970504365796,-2.217925479715567,2.217925479715567,0.11373017343578988,0.650346487498415,0.5579187446235091,0.5585855325631031,0.010150991002468326,0.0012295494067809175,9790.844537505125
0.005209950859673998,-2.071814039483056,2.071814039483056,0.11375155092410691,0.650346487498415,0.5581424113228245,0.5587118148552878,0.010452289731827599,0.001251491598377734,8667.77426490414
0.005219953388799281,-1.9563619003450534,1.9563619003450534,0.11377166882950937,0.650346487498415,0.5583517146232396,0.5588471115671098,0.010888097235271834,0.0012749305565497558,6772.536778212661
0.005229982950197903,-1.8683278104552747,1.8683278104552747,0.11379082301964738,0.650346487498415,0.558543807807096,0.5589876649389155,0.011530590833013625,0.0012996217313635803,5064.864755044198
0.005239989457796241,-1.78600877719699,1.78600877719699,0.11380911721792401,0.650346487498415,0.5587178444586086,0.5591282218187202,0.0118859852521951,0.0013240873436859615,5835.554617559057
0.005249972947672515,-1.6864780700161803,1.6864780700161803,0.11382645727183237,0.650346487498415,0.5588749065895386,0.5592703815280583,0.011905359476884378,0.0013470414201888089,6757.935042847797
0.005259927047790328,-1.602257254072973,1.602257254072973,0.11384278707337415,0.650346487498415,0.5590151293160606,0.559415353404242,0.01189969130206297,0.0013674914067732702,4413.563024737821
0.005269937158229912,-1.544766773509005,1.544766773509005,0.1138585251822197,0.650346487498415,0.5591399808732374,0.5595577282398565,0.012155981987299697,0.0013852804905322238,3423.4579356782383
0.005279930943153484,-1.5001164153703086,1.5001164153703086,0.11387372689572772,0.650346487498415,0.5592493531945001,0.5596918219494981,0.012226399171162503,0.0014015434179530774,2570.6689089612933
0.005289984335847078,-1.4448805869273398,1.4448805869273398,0.11388856828684725,0.650346487498415,0.5593454266193714,0.5598159845693774,0.012365020148870452,0.0014176652071908023,5121.680790944586
0.005299978840860137,-1.2934199437180958,1.2934199437180958,0.113902351078116,0.650346487498415,0.5594340450822679,0.5599342416892672,0.012663829301597557,0.0014336387677036145,12974.154370822334
0.005309933993925742,-1.0583002180294279,1.0583002180294279,0.11391407942594962,0.650346487498415,0.5595303427373844,0.5600562603180514,0.013014000566574717,0.0014492758628998979,16067.747155087278
0.005319960868643135,-0.8300104005929528,0.8300104005929528,0.11392349452091122,0.650346487498415,0.5596425908963087,0.5601850042401384,0.013199645932837999,0.0014643713039136509,13228.09234764163
0.005329920646367803,-0.6901516901640804,0.6901516901640804,0.11393097674423872,0.650346487498415,0.5597591643324241,0.5603167526804592,0.013298105012360943,0.0014787826021151467,6743.434800711695
0.005339959797333492,-0.614805287494257,0.614805287494257,0.11393748435523848,0.650346487498415,0.5598688297766002,0.5604466551181623,0.013740220829860478,0.0014921002155651897,3603.3818918757534
0.005349953080819725,-0.5839092266237301,0.5839092266237301,0.11394344702453095,0.650346487498415,0.5599638676528248,0.5605675918184588,0.014074464300087502,0.0015035792980925863,1320.3690405312568
0.005359946889488485,-0.5728272257712113,0.5728272257712113,0.1139492148367956,0.650346487498415,0.5600427738623044,0.5606751129377813,0.014155725605593819,0.0015127067127550743,362.60631246459764
0.005369961215588785,-0.5687642626735968,0.5687642626735968,0.11395493417898336,0.650346487498415,0.5601057581937,0.560766494655713,0.014492943491342012,0.0015190034797100812,440.93234715739436
0.005379979311370329,-0.5486308957072689,0.5486308957072689,0.11396054981383807,0.650346487498415,0.5601533247648712,0.5608422850001591,0.014743231865351265,0.001522576482289613,1855.5169756401488
0.005389952517822852,-0.5029460748950348,0.5029460748950348,0.11396582917876188,0.650346487498415,0.5601859553754946,0.5609067211265456,0.014932604912956865,0.0015243376686035859,4320.624021531441
0.005399995619335661,-0.40625364473171993,0.40625364473171993,0.11397042798662556,0.650346487498415,0.5602120522998361,0.5609620909369288,0.014886612424352429,0.0015247821281609256,7387.37783565968
0.0054099647036842755,-0.25416882245612,0.25416882245612,0.11397376450412042,0.650346487498415,0.5602444240172512,0.5610066034167353,0.01511301028679656,0.001524006545353754,11234.810952503727
0.005419956171201248,-0.10304860392757534,0.10304860392757534,0.11397550965716988,0.650346487498415,0.5602942819734049,0.5610384830786562,0.015220258333365853,0.0015224022036478383,8934.339853273692
0.0054299874418551105,0.04871911675890862,-0.04871911675890862,0.1139758083210677,0.650346487498415,0.5603546244107994,0.5610612907667124,0.01534375977059837,0.001520377721444536,10926.818794776585
0.0054399478396753905,0.22046003046836063,-0.22046003046836063,0.11397445085039457,0.650346487498415,0.5604168796966825,0.5610876410897213,0.01563394715819879,0.0015171282352351653,10689.93255229718
0.0054499336860006535,0.35845540472477283,-0.35845540472477283,0.11397152027921094,0.650346487498415,0.5604779374763309,0.5611194556435829,0.01593594839359708,0.001512166572292994,7913.379266405078
0.005459947906661199,0.4583563629173029,-0.4583563629173029,0.11396739732271427,0.650346487498415,0.5605369104952078,0.5611485317689049,0.015868706951768872,0.0015057031325327519,5611.9942717487
0.0054699770967156155,0.5415303395395948,-0.5415303395395948,0.11396238662864858,0.650346487498415,0.5605923519354633,0.5611691346662285,0.015945630535842397,0.0014977262323746055,5709.589197202878
0.005479932717673671,0.6341529721268774,-0.6341529721268774,0.11395653445209504,0.650346487498415,0.5606478629522257,0.561177371103812,0.015868882464495068,0.0014880497544725768,6177.664971982651
0.005489927879713161,0.7369414964297376,-0.7369414964297376,0.11394969039251245,0.650346487498415,0.560706608154442,0.5611730441322251,0.015722985664698135,0.0014761270475848862,7092.485029876279
0.005499925119546125,0.8394331631389635,-0.8394331631389635,0.11394178306767345,0.650346487498415,0.560766697556016,0.5611599980527486,0.015823136205394012,0.0014614344162717256,5729.814351352454
0.005509991490521911,0.894668346679911,-0.894668346679911,0.11393300821705933,0.650346487498415,0.5608229837552863,0.5611376704985425,0.015972972206643028,0.001444046776352716,2249.435898719323
0.005519927829232381,0.9131083099996141,-0.9131083099996141,0.11392400956185841,0.650346487498415,0.5608673924344184,0.5611030104853586,0.016532485085703024,0.0014248392373005674,736.4117493846994
0.005529956055469607,0.9186433253014029,-0.9186433253014029,0.11391481752586982,0.650346487498415,0.5608979953904748,0.5610532331022724,0.01694024451003857,0.0014039427606157588,149.36164207340744
0.005539933311054518,0.91942981026786,-0.91942981026786,0.11390564668670856,0.650346487498415,0.560912922805344,0.560988640095741,0.0171316694915637,0.0013821440071086636,10.154377096511892
0.005549996408125961,0.9194379954978118,-0.9194379954978118,0.11389639429295827,0.650346487498415,0.5609121577844906,0.5609081800291341,0.017035145823869047,0.0013594430178807868,0.0
0.00555993788663114,0.9194231816370846,-0.9194231816370846,0.11388725378860574,0.650346487498415,0.5608959487868849,0.5608136935076433,0.016780531338669386,0.0013359440328135483,0.0
0.005569954842554725,0.9194154666813599,-0.9194154666813599,0.11387804402176445,0.650346487498415,0.5608642303019908,0.560703569464038,0.016565091548766897,0.0013113584353584796,0.1254920745071301
0.005579953464503399,0.9225380739594542,-0.9225380739594542,0.11386884356231627,0.650346487498415,0.5608173129505132,0.5605790277334817,0.016270589178535057,0.001286378007582071,537.0590044485491
0.005589929062523553,0.955374614024104,-0.955374614024104,0.11385950362616229,0.650346487498415,0.5607554553317087,0.5604438571043533,0.01593877022592251,0.0012615970714813997,2765.1521078615765
0.005599924059007304,0.9973186414976116,-0.9973186414976116,0.11384975201873353,0.650346487498415,0.5606785419503637,0.5603029338275296,0.015615617587698484,0.0012374371500927528,3269.6113053350678
0.005609932326699197,1.0742322637185986,-1.0742322637185986,0.11383940446611994,0.650346487498415,0.5605866837053829,0.5601607256835233,0.01524509433017585,0.0012139629003332158,5431.370836740178
0.005619966977113804,1.152294625035595,-1.152294625035595,0.11382821750310837,0.650346487498415,0.5604798069430534,0.5600222790441212,0.014954987475596069,0.0011907639387431178,4546.983509900894
0.005629938042528565,1.2025436925772834,-1.2025436925772834,0.11381645109539802,0.650346487498415,0.5603592471171157,0.5598849827425839,0.015097061696925386,0.0011674915547001418,2562.0904447858397
0.005639992089343124,1.2290937499037538,-1.2290937499037538,0.11380421103392013,0.650346487498415,0.5602239121298578,0.5597396604745243,0.014808603684383408,0.0011439174960732588,1325.1149084633912
0.005649924311189485,1.2534806701009238,-1.2534806701009238,0.11379188977958297,0.650346487498415,0.5600760761646528,0.5595867408075182,0.014716400163166013,0.0011215378348639984,1839.9278444586378
0.005659929293387222,1.277395344276113,-1.277395344276113,0.11377922044662908,0.650346487498415,0.5599128902521519,0.5594241340067061,0.014592888636869285,0.0011027524895404828,1344.8274366762816
0.005669952997710214,1.2952439781521197,-1.2952439781521197,0.11376631919447759,0.650346487498415,0.5597359830214014,0.5592506003687132,0.014615933491462675,0.0010886765110818242,916.6734235572998
0.0056799427077618815,1.304829352055251,-1.304829352055251,0.11375332696104028,0.650346487498415,0.5595472802021294,0.5590645620478977,0.014512253573007818,0.00107820986804086,495.78298732208003
0.005689963630141403,1.3113676469675581,-1.3113676469675581,0.11374021656791987,0.650346487498415,0.5593446275300085,0.5588645500900385,0.01438910530454773,0.001071797142280476,366.25506967487564
0.00569993902469713,1.325432172930023,-1.325432172930023,0.11372709063171567,0.650346487498415,0.5591290924956321,0.5586527448817565,0.01391743722614282,0.0010696779033643885,2036.7631069493698
0.005709927803044378,1.4052880886568457,-1.4052880886568457,0.11371351367966263,0.650346487498415,0.5588994630563064,0.558436427635224,0.013864061234884388,0.0010709517708638967,7094.837690855914
0.005719999065502911,1.5459897512688627,-1.5459897512688627,0.1136986904342979,0.650346487498415,0.5586539607664659,0.5582302131957589,0.013806046626146689,0.001074867651591273,10490.47753606423
0.00572999889976492,1.73829256002793,-1.73829256002793,0.11368228962948454,0.650346487498415,0.5583986438903609,0.5580477847063955,0.013797223197327572,0.0010800497522739214,13063.71797445039
0.005739940638110127,1.9221511562104439,-1.9221511562104439,0.11366405577258727,0.650346487498415,0.5581392725332003,0.557888618656435,0.013534927704731062,0.0010848082914466086,10806.724110372723
0.00574995193458031,2.0442172189336008,-2.0442172189336008,0.11364414299882511,0.650346487498415,0.557873017174122,0.5577409575532322,0.013270688564703865,0.0010891260343311275,6455.923994391655
0.005759983044452571,2.156252497237532,-2.156252497237532,0.11362311423704916,0.650346487498415,0.5576013732640615,0.5575941649114432,0.012854618202342384,0.0010930553764472606,9016.132956148038
0.005769942041754157,2.379744855531533,-2.379744855531533,0.11360063669253671,0.650346487498415,0.5573375084409482,0.557451338013556,0.012411159545537568,0.0010956816192646665,18053.913346335816
0.005779936921602589,2.667901995683139,-2.667901995683139,0.11357538998083924,0.650346487498415,0.5570938215679939,0.5573206538020747,0.012211491010083229,0.001097151774715725,18223.16855103751
0.005789970319883334,2.933287834585059,-2.933287834585059,0.11354726284855712,0.650346487498415,0.5568727906847707,0.5572013374298017,0.012207807682780175,0.0010981789675439824,16701.0523454867
0.005799982507347701,3.170207800505846,-3.170207800505846,0.11351667330497694,0.650346487498415,0.5566749919080056,0.5570886709363125,0.011802547224761449,0.0010990834543903696,14671.204520520285
0.005809960886921854,3.3597076467881726,-3.3597076467881726,0.11348403524420547,0.650346487498415,0.5564968424752703,0.5569779391684974,0.011100511178356356,0.001098837775634038,10843.239460382798
0.005819959445952537,3.5180221841856802,-3.5180221841856802,0.11344963854232526,0.650346487498415,0.5563269375556703,0.5568680788707898,0.010320656626301754,0.0010968610182674752,10056.347801983915
0.005829947915598289,3.6653581120289345,-3.6653581120289345,0.11341375127751113,0.650346487498415,0.5561637949184106,0.5567574851330875,0.010284670801395298,0.001093951012714511,9485.793454978626
0.005839977664024106,3.792104817943875,-3.792104817943875,0.11337630827840423,0.650346487498415,0.5560093821937915,0.5566397964066395,0.010049732222484302,0.0010905577343834252,6928.475717151774
0.005849967710486813,3.8817351426611957,-3.8817351426611957,0.11333795551079856,0.650346487498415,0.5558574714547554,0.5565153994707263,0.009557620911256908,0.0010864217900887704,5294.9985111850265
0.005859943004835093,3.952240368754633,-3.952240368754633,0.11329886282701926,0.650346487498415,0.5557020357983627,0.5563837070613903,0.009158283100625437,0.0010810330572772412,4019.8521016476234
0.005869937005420274,4.002485151024746,-4.002485151024746,0.1132591010646427,0.650346487498415,0.5555411326645587,0.5562410221345434,0.008848393146870871,0.0010735646838764246,3067.77551867883
0.005879999770897767,4.056197270043049,-4.056197270043049,0.11321855942298033,0.650346487498415,0.555374360578215,0.5560838409336804,0.008564143380184585,0.0010636004131576325,3589.2731823745394
0.00588991936286388,4.097558216182857,-4.097558216182857,0.11317809468057717,0.650346487498415,0.555206512011083,0.5559145010243731,0.008078225470060213,0.0010524436094038454,2010.757577616432
0.005899967438059935,4.120352759415789,-4.120352759415789,0.11313679829933246,0.650346487498415,0.5550286670739261,0.5557281633318674,0.007689043551447658,0.0010405605632133033,1254.4118712248574
0.005909995793512051,4.1420242230692494,-4.1420242230692494,0.11309537413763178,0.650346487498415,0.5548406243242515,0.5555277838704885,0.007347515603217709,0.001027778202537324,1579.6117868139168
0.00591999709369387,4.171495374855252,-4.171495374855252,0.11305381069499419,0.650346487498415,0.5546433123971743,0.5553139514216554,0.006956954057766048,0.0010141585580903218,2305.256737483262
0.005929944884574716,4.216535545131034,-4.216535545131034,0.1130120967883177,0.650346487498415,0.5544409137735562,0.5550867695885369,0.006852515713052231,0.0010003869516949488,3145.3313965248713
0.005939962373798107,4.2549829154074645,-4.2549829154074645,0.11296964451453662,0.650346487498415,0.5542327208901602,0.5548432097718903,0.006837008630762296,0.0009875658624125116,1859.5898232854852
0.005949950737779752,4.273431960966909,-4.273431960966909,0.11292704129739503,0.650346487498415,0.5540167759208033,0.5545855985799438,0.006625625343470759,0.0009775117811057488,912.8968371584352
0.00595995590197559,4.282028264716261,-4.282028264716261,0.11288423551937672,0.650346487498415,0.5537888080106693,0.5543127719131439,0.006151497386319873,0.0009709053676864238,395.48438567699804
0.005969967955958106,4.2869862685185876,-4.2869862685185876,0.11284133780782597,0.650346487498415,0.5535474451276462,0.5540249689031457,0.005833695005924087,0.0009672599016727029,308.03241293305734
0.005979942397671275,4.292260466465278,-4.292260466465278,0.11279855185711453,0.650346487498415,0.5532935704769306,0.5537235630928048,0.006073551506444722,0.0009675787482917624,373.3389465567262
0.005989938401522343,4.30260764441213,-4.30260764441213,0.11275560428435324,0.650346487498415,0.553026201494821,0.5534068389345626,0.006473365330882398,0.0009723532448573206,1033.2545957023722
0.005999936889058591,4.3243953606836785,-4.3243953606836785,0.1127124806265964,0.650346487498415,0.5527480292596152,0.5530754106449065,0.006516177545645495,0.000980199183822357,1583.6352959278563
0.006009954146483242,4.350192723736521,-4.350192723736521,0.1126690300077926,0.650346487498415,0.5524602932136949,0.552728857458164,0.006617898662068315,0.0009897959062387187,1560.9592037373454
0.006019939817844839,4.373781888630071,-4.373781888630071,0.11262547391907247,0.650346487498415,0.5521642999813996,0.5523690709192615,0.006692367085595546,0.0010006606199704125,1621.7636735416995
0.006029921809504069,4.398752164827364,-4.398752164827364,0.11258168803446117,0.650346487498415,0.551858726422975,0.5519957872292489,0.00683195413445199,0.0010124986882380329,1579.5352342156286
0.006039941680952218,4.431667423509542,-4.431667423509542,0.1125374659752866,0.650346487498415,0.5515423184794236,0.5516078796675858,0.007067015574994461,0.0010259642525217263,2792.3622590011028
0.006049942314619303,4.490539408995586,-4.490539408995586,0.11249287185322714,0.650346487498415,0.5512193727323556,0.5512093757832998,0.007395456392862259,0.0010416086482060943,4505.027360332313
0.006059962121518103,4.563936732772033,-4.563936732772033,0.11244750387284873,0.650346487498415,0.5508886984817741,0.5508040369333821,0.007691144544735703,0.0010587711778099413,4519.946324133171
0.006069995848384668,4.61468458123108,-4.61468458123108,0.11240143005952004,0.650346487498415,0.5505492748408711,0.5503920655409965,0.008015955162396197,0.0010758715737876118,2643.1445688084573
0.006079922131513453,4.693620732268628,-4.693620732268628,0.11235531512896611,0.650346487498415,0.5502044009311733,0.5499771863691555,0.008095887364640555,0.001091665277094678,7973.445569317264
0.006089955019434343,4.833508401030437,-4.833508401030437,0.11230751952012062,0.650346487498415,0.5498493303164781,0.5495627435361949,0.008289232879829307,0.0011063132461183202,8988.623669232044
0.006099987250301045,4.987701986920383,-4.987701986920383,0.11225827861266548,0.650346487498415,0.549492588037786,0.5491542764042657,0.008290151478477671,0.0011185999860244195,10880.773065328242
0.006109968502559704,5.173312341059243,-5.173312341059243,0.11220759918309184,0.650346487498415,0.5491393597382112,0.5487561219087428,0.008431906817992378,0.0011276461769990642,13492.966798803438
0.00611997581495901,5.409811337999894,-5.409811337999894,0.1121546701576143,0.650346487498415,0.5487923295859874,0.5483695053236146,0.008634849180747545,0.0011333666141666945,16503.836479947822
0.006129923845467649,5.724826215124596,-5.724826215124596,0.11209936870521611,0.650346487498415,0.5484627883565176,0.5480026657727218,0.008518351987470647,0.0011361471840990408,23509.87364039556
0.006139927613812379,6.10346419018216,-6.10346419018216,0.11204018879225572,0.650346487498415,0.5481572955075819,0.547660810002376,0.008535661151869347,0.0011375791668626312,24331.94554040501
0.006149952738687658,6.436636465972748,-6.436636465972748,0.11197723517432369,0.650346487498415,0.5478755000576109,0.5473480291418289,0.008621736904853284,0.0011380119407562491,18658.671237761737
0.006159966619499967,6.643112772057845,-6.643112772057845,0.11191164249598069,0.650346487498415,0.5476091032447737,0.5470525376253208,0.008627835854915247,0.0011380694284568737,10779.637389086702
0.006169990348877009,6.787063806956185,-6.787063806956185,0.11184430443137158,0.650346487498415,0.5473478377565484,0.5467592232834847,0.008412752209377703,0.00113815480293664,8747.2069337671
0.006179943310924603,6.927411683533834,-6.927411683533834,0.11177606936341625,0.650346487498415,0.5470932364391101,0.5464640799076343,0.008848275196878762,0.0011381865473189718,9953.552805555139
0.006189995402250802,7.100078472541915,-7.100078472541915,0.11170557777003964,0.650346487498415,0.5468451700209424,0.5461621924258822,0.009048181908894198,0.0011387569198531954,11601.371529118725
0.006199920946615437,7.257259257124603,-7.257259257124603,0.1116342781105871,0.650346487498415,0.5466070109295393,0.5458656775281101,0.009282076638850695,0.0011400901670930552,8845.971376490475
0.006209938410923237,7.3617371492219394,-7.3617371492219394,0.11156101612590652,0.650346487498415,0.5463632291407582,0.5455687107872138,0.009473036566639862,0.001141700487011995,5809.707775381184
0.006219983106375392,7.437812255690273,-7.437812255690273,0.11148666742094018,0.650346487498415,0.5461092062287446,0.5452695154879531,0.009514230278336627,0.001143992389786358,4428.96603195438
0.00622996873266581,7.497777139011707,-7.497777139011707,0.11141208275327806,0.650346487498415,0.5458445204828751,0.5449686194067435,0.00965360034917536,0.0011473446675430738,3534.1564284737406
0.006239994562979411,7.550467626507263,-7.550467626507263,0.1113366445813963,0.650346487498415,0.5455645431952043,0.5446624209783314,0.009950374594920493,0.001150713206168708,3384.9401681341155
0.006249921447065654,7.597369020468343,-7.597369020468343,0.11126145314996806,0.650346487498415,0.5452721117025371,0.5443554645989235,0.010349561166315266,0.0011529825454834094,3032.025059922195
0.006259979852644264,7.647435575236786,-7.647435575236786,0.1111847813053693,0.650346487498415,0.54496034845821,0.5440403635435959,0.010726684212752602,0.0011535708092704632,3143.6734257328785
0.006269931932922961,7.692189133621312,-7.692189133621312,0.11110844648597895,0.650346487498415,0.544636886431861,0.5437243306474748,0.010885287198220298,0.0011512915437123538,2884.394178440395
0.006279974680482007,7.742786441287574,-7.742786441287574,0.11103094888895908,0.650346487498415,0.5442965210647055,0.5433999813988171,0.011164165698800804,0.001145968867195395,3509.1186412857323
0.00628992445340366,7.792108351302412,-7.792108351302412,0.11095365590800839,0.650346487498415,0.5439476967323642,0.5430724414591708,0.011414161220682135,0.0011381625305036565,3085.706757578328
0.006299995301822202,7.849578761986519,-7.849578761986519,0.11087490653500608,0.650346487498415,0.5435853245934053,0.5427323234877117,0.011302297648153633,0.0011270601607778715,4168.734767830212
0.0063099839352637535,7.909246627096579,-7.909246627096579,0.11079618392439493,0.650346487498415,0.5432213960205423,0.5423842984516074,0.010975750326905651,0.0011121807710102905,3295.4464286385764
0.006319993427252342,7.944046278613645,-7.944046278613645,0.11071682008721151,0.650346487498415,0.5428512582586859,0.5420227209608562,0.010813443521407938,0.0010943631253810004,1634.9662641725029
0.0063299996349782655,7.961057187218612,-7.961057187218612,0.11063723723793037,0.650346487498415,0.5424720692267384,0.5416469355382375,0.010662481425770748,0.001074478547918848,933.0571803405021
0.006339986876587942,7.978963957862744,-7.978963957862744,0.11055764903019237,0.650346487498415,0.5420826945288305,0.5412574994431246,0.010448300900192348,0.0010520546937473453,1624.1822907562305
0.006349994579710524,8.02781131473047,-8.02781131473047,0.11047758717057551,0.650346487498415,0.5416846075793332,0.5408536475085711,0.010180193982883431,0.001027283753483164,4281.315868383367
0.006359997531912798,8.111751316275283,-8.111751316275283,0.11039688581603765,0.650346487498415,0.5412840909130269,0.5404397454269162,0.010455144994570181,0.0010004647326194408,6192.580442862485
0.006369977497422618,8.218380514347478,-8.218380514347478,0.11031540816445112,0.650346487498415,0.5408845055776198,0.5400207243845165,0.010620557569607728,0.0009719708674680169,7361.182350912072
0.006379934509938297,8.335057296688952,-8.335057296688952,0.11023299037623456,0.650346487498415,0.5404893777090809,0.5395971067625207,0.01060130269745358,0.0009433757086591126,7435.210277707329
0.006389923287151149,8.446507712541056,-8.446507712541056,0.11014917747269315,0.650346487498415,0.5400957223423394,0.539167433114616,0.010489769356798628,0.0009154921543312451,7584.789385609791
0.006399937168962057,8.582421554929969,-8.582421554929969,0.1100639305607686,0.650346487498415,0.5397001638172441,0.538737646733619,0.010316136358282962,0.0008890634462571786,9343.50800819077
0.006409946574550879,8.720790256406392,-8.720790256406392,0.10997731827506096,0.650346487498415,0.5393026847933098,0.5383143987105575,0.01040878554980611,0.0008653618735555992,8724.288944921449
0.006419977982256259,8.859849066975247,-8.859849066975247,0.10988914217624544,0.650346487498415,0.5388999617999981,0.537898076493801,0.010409814529254508,0.000844248433146981,9290.557219658298
0.006429953964363745,9.016528487794773,-9.016528487794773,0.10979999254532943,0.650346487498415,0.5384958365481822,0.5374934293836855,0.010219071264095379,0.000824245750576086,10974.177643748008
0.0064399655282925536,9.195375160588247,-9.195375160588247,0.10970884011704886,0.650346487498415,0.5380880416202822,0.5371004536027197,0.010265565636435778,0.0008056574623662529,12562.19282725115
0.0064499333149913365,9.456683827516398,-9.456683827516398,0.10961597433481038,0.650346487498415,0.5376856879491492,0.5367264606223415,0.010365806348621592,0.0007903663289314318,20441.252701790912
0.00645993944307905,9.813367195348196,-9.813367195348196,0.1095195682794678,0.650346487498415,0.5373005146916608,0.5363778546337375,0.010473410855606402,0.000780112185794665,23141.162221076815
0.006469979398988452,10.12309285897842,-10.12309285897842,0.10941940077332686,0.650346487498415,0.5369387333632669,0.536054285895088,0.010714765057075554,0.0007762549409420758,17706.33877601637
0.006479972279083776,10.362940087241448,-10.362940087241448,0.10931700714576173,0.650346487498415,0.5365952746119752,0.5357492548921088,0.010874064644262287,0.0007789114375800208,14964.133429196792
0.006489989091961071,10.531678630703182,-10.531678630703182,0.10921225410285651,0.650346487498415,0.5362663163818868,0.5354481662907303,0.010658483525759484,0.0007873252425016357,8023.266300957242
0.006499980751364338,10.62879253853846,-10.62879253853846,0.10910651682842752,0.650346487498415,0.535944118318382,0.5351418550205755,0.010455465265341728,0.0008003392584945969,5804.888429321284
0.006509992636023353,10.69348786805347,-10.69348786805347,0.10899973848548242,0.650346487498415,0.5356211708881363,0.5348252984297465,0.01032989314819174,0.0008168435562353346,3107.553538326005
0.006519969439027464,10.73957174182009,-10.73957174182009,0.10889282005381692,0.650346487498415,0.5352928358919521,0.5344996924885719,0.010421220950062447,0.0008343850808960594,2928.1693075429093
0.0065299988824935856,10.77492920551628,-10.77492920551628,0.10878491710868393,0.650346487498415,0.53495374685713,0.5341625661170285,0.010336340134377784,0.000850780333567052,1955.4709439576495
0.0065399431502883194,10.80376291519095,-10.80376291519095,0.10867762027796823,0.650346487498415,0.5346069312282109,0.5338180285047626,0.01019326490847921,0.000866258878629448,1702.632925361331
0.006549942096135244,10.818942114227871,-10.818942114227871,0.108569501037935,0.650346487498415,0.5342459328947622,0.5334612899939991,0.00998118838684341,0.0008820032101083953,467.618397396332
0.006559952220204986,10.820929279832983,-10.820929279832983,0.10846118782181335,0.650346487498415,0.5338710843983159,0.5330914266220976,0.009894745815788543,0.0008981663280653583,38.12111761521815
0.006569983133221093,10.823705507032429,-10.823705507032429,0.10835263232030559,0.650346487498415,0.5334816154631947,0.5327073192615163,0.009833924721503684,0.0009142943571752648,243.1362815722438
0.006579922403213648,10.828556000520408,-10.828556000520408,0.10824502925763554,0.650346487498415,0.5330821286774821,0.5323140859943779,0.00998990884456432,0.0009299209171908966,330.1299852743196
0.006589928917056554,10.832982694780672,-10.832982694780672,0.10813665086765317,0.650346487498415,0.5326664795962002,0.5319057135566049,0.010218602411280902,0.0009452484231636178,305.7130019300623
0.00659992477276726,10.836276885903402,-10.836276885903402,0.10802834537190402,0.650346487498415,0.5322384620782362,0.5314847224758467,0.010293590110905975,0.0009598055213121881,72.02538825539487
0.006609923453797387,10.83635848727347,-10.83635848727347,0.1079199961515249,0.650346487498415,0.5317972874003454,0.531050337688918,0.010228809224598776,0.0009735512800048774,0.0
0.006619983888373761,10.836365988506035,-10.836365988506035,0.10781097770012009,0.650346487498415,0.53134005733296,0.5305999772564227,0.010134259267847785,0.000985970642017476,4.320498612042567
0.006629965184601671,10.837112786892149,-10.837112786892149,0.10770281398748198,0.650346487498415,0.5308733242415926,0.5301401676572569,0.010033375171943679,0.000996563544888937,76.34104205741025
0.0066399738521439105,10.837890985175182,-10.837890985175182,0.10759434395114198,0.650346487498415,0.5303923248925229,0.5296663776978833,0.009801604604212184,0.0010055161689043798,14.559832326718634
0.00664997837031414,10.838249851283782,-10.838249851283782,0.107485914928562,0.650346487498415,0.529898643321152,0.5291800369898404,0.009557348184568425,0.0010120913887023365,42.76410489023597
0.006659997731247335,10.838788252038963,-10.838788252038963,0.107377319955056,0.650346487498415,0.5293914356844039,0.5286803443511343,0.010083550553855257,0.001015696566028969,45.96831210039535
0.006669997759805915,10.840573580630815,-10.840573580630815,0.10726892461647033,0.650346487498415,0.5288725535420942,0.5281692382135856,0.010565233004249382,0.0010167002018202133,185.46651270995864
0.0066799407168711385,10.851299823636369,-10.851299823636369,0.10716109760721358,0.650346487498415,0.5283442106476547,0.5276498368950945,0.010703071694998324,0.0010163420342129879,1160.056543028296
0.006689969483136541,10.867453841680806,-10.867453841680806,0.10705218188929802,0.650346487498415,0.5277988719251254,0.5271172147039634,0.010928062755558559,0.0010155541338347641,725.2642639167095
0.006699926920134546,10.872759933042026,-10.872759933042026,0.10694393689497628,0.650346487498415,0.5272451647589788,0.5265785489144211,0.011308688553886038,0.0010151823452902954,164.87061185008338
0.0067099372399312095,10.878255092377076,-10.878255092377076,0.10683508267226466,0.650346487498415,0.5266764972055822,0.5260254503384695,0.01146652960190737,0.001015071804615823,978.5347077295999
0.006719921289918907,10.910582024930388,-10.910582024930388,0.10672633077680523,0.650346487498415,0.5261013395760591,0.525461896029953,0.011632284455110635,0.0010144146478185073,2683.723986675448
0.006729994399774381,10.958051300471825,-10.958051300471825,0.10661618638902047,0.650346487498415,0.5255186711016461,0.5248812363981952,0.011739961988884528,0.0010129278280752467,2896.145036093715
0.006739938641986264,10.990359205374185,-10.990359205374185,0.1065070494463794,0.650346487498415,0.5249408425535721,0.5242961765302799,0.011564150311861702,0.0010120978482738368,2224.7503175042043
0.006749928992068948,11.036986629899179,-11.036986629899179,0.10639702448673669,0.650346487498415,0.5243573181563016,0.523696672985013,0.011424933931408383,0.0010125513494272174,3124.897086823058
0.006759955558192285,11.08519955979044,-11.08519955979044,0.10628612165769252,0.650346487498415,0.5237708348710197,0.5230833139440616,0.01115088775771359,0.0010142247931359907,3303.3269237118766
0.006769987133258306,11.140380347176785,-11.140380347176785,0.10617464499934122,0.650346487498415,0.5231825292586791,0.5224596495978421,0.010995339513269593,0.001017184063248879,3717.7152896753773
0.006779952076498289,11.203986402493355,-11.203986402493355,0.1060633208480977,0.650346487498415,0.5225944646630254,0.5218342393321458,0.010709907331775952,0.001020599873073034,4388.687349263897
0.006789934999337258,11.280645808152862,-11.280645808152862,0.10595110651793807,0.650346487498415,0.5219989586762322,0.5212070157523379,0.010422531867964789,0.0010233054575530785,5724.518625567916
0.006799954656913727,11.389871536158402,-11.389871536158402,0.1058375556921796,0.650346487498415,0.5213952833080052,0.5205817924603051,0.010383185846515066,0.0010246162440991412,8009.053637507712
0.006809968805488772,11.52960995399644,-11.52960995399644,0.10572280072780978,0.650346487498415,0.5207910315346277,0.5199641473122776,0.010372841695094524,0.0010241999771732357,9137.01615662719
0.006819950602758814,11.640446086054574,-11.640446086054574,0.10560710882435734,0.650346487498415,0.5201906086993832,0.5193540219550742,0.010514864302092872,0.0010215312110163778,5667.742744972834
0.006829945412622633,11.703809658906799,-11.703809658906799,0.10549042054994907,0.650346487498415,0.5195889134497752,0.518740296241831,0.010765913604737016,0.001016230890230868,3455.5269390999597
0.006839953624746434,11.759331001361163,-11.759331001361163,0.10537301452672353,0.650346487498415,0.5189854897168562,0.5181168334778599,0.010785411745380634,0.0010089852272270783,3893.741550888489
0.00684995751636932,11.82250329534518,-11.82250329534518,0.10525505779572583,0.650346487498415,0.5183829578110043,0.5174842415213519,0.010599848126885617,0.0010008073432650564,4076.089520533391
0.006859999856794773,11.877418843139335,-11.877418843139335,0.10513603933719663,0.650346487498415,0.5177787993014845,0.5168399224824965,0.010604518570979816,0.0009924677427478727,3063.450524087528
0.006869988447825862,11.939913907513336,-11.939913907513336,0.1050171381723454,0.650346487498415,0.5171778160076805,0.516188718418721,0.010564169141473529,0.0009841595788690038,6141.478800721312
0.006879941807871105,12.083429484533623,-12.083429484533623,0.10489761932165839,0.650346487498415,0.516591727611135,0.5155289574555098,0.010485816668696411,0.0009755445781009967,10272.996937490514
0.006889929173978873,12.198843568822976,-12.198843568822976,0.10477628217821425,0.650346487498415,0.5160249853565088,0.514856092185417,0.010492663226711385,0.0009655682573448619,5088.836378882832
0.006899986387571407,12.235201453738217,-12.235201453738217,0.10465336456606585,0.650346487498415,0.5154596288196333,0.5141676637570665,0.010596536635423346,0.0009536011497046065,1078.9919575949966
0.0069099385983665135,12.261242373505334,-12.261242373505334,0.1045314935120468,0.650346487498415,0.5148924554915708,0.5134775545816576,0.010568257681303721,0.0009396040829893083,2647.669291413104
0.00691992261292405,12.316222536306247,-12.316222536306247,0.10440880659911767,0.650346487498415,0.514313292220821,0.5127834192969113,0.010663786135970675,0.000924232482542517,3639.502310736723
0.006929970656756844,12.389813561001802,-12.389813561001802,0.10428471519862978,0.650346487498415,0.5137220440195618,0.5120855330322248,0.010751851363617839,0.0009084973873522142,5966.945158150212
0.0069399183716071415,12.517610317538375,-12.517610317538375,0.10416087099993157,0.650346487498415,0.5131307302552036,0.5114019578815979,0.010912578708897436,0.0008934977257574599,9668.414904077188
0.006949935296299631,12.653150973234226,-12.653150973234226,0.10403476931055171,0.650346487498415,0.5125276065147135,0.5107319666189414,0.010979274921392975,0.0008791839100445334,7843.811458494593
0.006959969348147339,12.753696109055603,-12.753696109055603,0.10390727501662855,0.650346487498415,0.5119139532438759,0.5100757430816631,0.010731104729136662,0.0008657373262888406,5969.3059160691455
0.006969975196716232,12.848444968883017,-12.848444968883017,0.10377918363471937,0.650346487498415,0.5112980429877299,0.5094257354579976,0.010276126929081218,0.0008538795713704392,5970.846128193092
0.006979931967763949,12.927018490683706,-12.927018490683706,0.10365084470493521,0.650346487498415,0.5106846626408871,0.5087781995589621,0.009870418287860073,0.0008451344452319661,4696.981541470913
0.006989985489860547,12.996696173898911,-12.996696173898911,0.10352052554767753,0.650346487498415,0.5100596823545888,0.5081253093737912,0.009497259105410475,0.0008399802807983195,4343.419513180481
0.006999949526156903,13.045482128822355,-13.045482128822355,0.10339075202543728,0.650346487498415,0.5094308604592216,0.5074804497144844,0.00911973406549868,0.000837940631343209,2273.4383272425557
0.007009921453581368,13.067665470920389,-13.067665470920389,0.10326053865221602,0.650346487498415,0.5087911861525419,0.5068319965365206,0.008749372375886333,0.000838046010426771,1086.524014601835
0.007019959199769137,13.08007462363742,-13.08007462363742,0.10312929988361232,0.650346487498415,0.5081370718297148,0.5061720022501411,0.008417997917784014,0.0008389499055113595,628.8053071562239
0.007029953992065366,13.092170897377418,-13.092170897377418,0.10299851152836594,0.650346487498415,0.5074753240437979,0.5055067458963747,0.008116121210913596,0.0008389824575247789,958.0860080663015
0.007039945595241617,13.118937864162406,-13.118937864162406,0.1028675876199672,0.650346487498415,0.5068035845938924,0.5048351377766438,0.007778525237515395,0.0008375394309770229,2464.837334199324
0.0070499892123852695,13.15657410118179,-13.15657410118179,0.10273562753367069,0.650346487498415,0.5061188759674332,0.5041568332690312,0.0077162728298428955,0.0008346250509595768,2166.837152938731
0.00705997958710999,13.187111644849761,-13.187111644849761,0.10260402784604102,0.650346487498415,0.5054292438866526,0.503477870999172,0.007967920583951071,0.0008304836088055231,1730.0367190162362
0.007069990828263771,13.220315356907916,-13.220315356907916,0.10247185927873435,0.650346487498415,0.5047304172934367,0.5027915028107857,0.008368293582898744,0.0008257912194281667,2781.3153203775237
0.007079963922705237,13.269453666078357,-13.269453666078357,0.10233976601517239,0.650346487498415,0.5040257906381663,0.5021058038447082,0.008448696006550809,0.0008213594816773666,3130.511515913449
0.00708994777163394,13.303218718444153,-13.303218718444153,0.10220709481040877,0.650346487498415,0.5033111056995527,0.5014185148447188,0.008626244345085311,0.0008169009229350088,1590.5932112050832
0.007099996463095972,13.326659498364947,-13.326659498364947,0.10207329351446513,0.650346487498415,0.5025818098026478,0.5007225997409981,0.0089220853604726,0.0008123660696364635,1361.6668028543857
0.007109944440719133,13.34107812974261,-13.34107812974261,0.10194064335794088,0.650346487498415,0.5018502791776274,0.5000276106932118,0.009059742751652673,0.0008071596118644672,934.4042832745467
0.007119929148380659,13.372929113972585,-13.372929113972585,0.10180729171536235,0.650346487498415,0.5011080240616554,0.4993231187834696,0.00896146278124183,0.0008002509661192477,2384.036026361714
0.007129971054015193,13.415052638508822,-13.415052638508822,0.10167279642228888,0.650346487498415,0.5003538675145094,0.4986110865540546,0.008741322965926737,0.0007919440737815761,2902.579935890745
0.007139972501963357,13.452721921803475,-13.452721921803475,0.10153842360459646,0.650346487498415,0.4995937652775258,0.4979008281446055,0.008546503173127528,0.0007831292759274868,2031.0215364099297
0.007149997950806062,13.478212806471099,-13.478212806471099,0.101403418143721,0.650346487498415,0.4988223277979178,0.49718582515955,0.008291158743004004,0.0007730539048578615,1437.9154073813559
0.007159981554410376,13.502527294403222,-13.502527294403222,0.10126874709677312,0.650346487498415,0.4980451576174939,0.4964685372581204,0.007953858200352793,0.0007620950139900837,2158.9541506803544
0.0071699787977403005,13.57256397293121,-13.57256397293121,0.10113346306041483,0.650346487498415,0.49726219097635294,0.49574554628683165,0.0077075832361787,0.0007507490244686616,6335.53632390695
0.007179962644053411,13.696971002461687,-13.696971002461687,0.10099736155237159,0.650346487498415,0.4964842631155527,0.49502339121179245,0.0076793832817249165,0.0007391045103576929,9004.572438727411
0.007189924169635305,13.847121632723056,-13.847121632723056,0.10086017696575136,0.650346487498415,0.4957139486332546,0.49430990855026524,0.007766062512625107,0.0007273806030217973,10058.19339462
0.007199945156843249,13.987591641049214,-13.987591641049214,0.10072067536859315,0.650346487498415,0.49494040967791625,0.4936060737345694,0.007694864678661487,0.0007159989706289649,8019.760994974321
0.007209934436160091,14.0798941736964,-14.0798941736964,0.10058044701885427,0.650346487498415,0.4941652138090726,0.4929161635924442,0.00735720725212949,0.0007058826048766618,4946.907003578094
0.0072199889022555854,14.159301645268567,-14.159301645268567,0.10043849110427036,0.650346487498415,0.4933798961836727,0.4922260086206019,0.006735596860233341,0.0006975789759832637,5549.954056770429
0.007229943029670295,14.247627404592139,-14.247627404592139,0.10029710235494187,0.650346487498415,0.49260059117738814,0.4915449048849725,0.006376901324345066,0.0006920714377546117,5601.170607069161
0.007239933571937473,14.31783786678436,-14.31783786678436,0.10015438377915224,0.650346487498415,0.4918178180764454,0.4908614377350099,0.006498888687574831,0.0006904514901324738,3899.751084020825
0.007249930454647299,14.373797636972233,-14.373797636972233,0.10001095658395258,0.650346487498415,0.4910337853084229,0.49017329169442303,0.006590953251287922,0.0006940141980754488,3178.1166542944243
0.007259953751776316,14.414335621037454,-14.414335621037454,0.09986667586370301,0.650346487498415,0.49024690787639014,0.489475751855741,0.006633619414819268,0.00070248750726462,2722.784551179368
0.007269996718836251,14.475044536125552,-14.475044536125552,0.09972162629065989,0.650346487498415,0.48945957995563144,0.48876767530377824,0.006524066649906832,0.0007148519761049,4424.513209115245
0.007279951821923226,14.537921179374013,-14.537921179374013,0.09957719827680922,0.650346487498415,0.4886843023193556,0.48805661517823007,0.007375447058484359,0.0007304136655653744,3698.3868055885055
0.007289950198896902,14.591510359522157,-14.591510359522157,0.09943157065974405,0.650346487498415,0.4879094118573182,0.48733295141165467,0.008865759030437992,0.000748586377978784,3435.542487602809
0.007299976886319686,14.644519130935258,-14.644519130935258,0.09928500137929633,0.650346487498415,0.48713503518879114,0.48659773735258116,0.009009535535383448,0.0007671108377191407,3580.9385187456987
0.007309940969628781,14.702163922087083,-14.702163922087083,0.09913879257241526,0.650346487498415,0.4863688915783172,0.48585773297297946,0.007774525227672699,0.0007846325737359751,3675.795283280168
0.0073199705478041045,14.7521994837019,-14.7521994837019,0.09899107867434283,0.650346487498415,0.48560035046824745,0.4851039280413507,0.0077875199263144545,0.0008025060122019338,3187.8648944261017
0.00732997664009563,14.809140677110559,-14.809140677110559,0.09884319498293427,0.650346487498415,0.4848339443982287,0.4843446700850059,0.007906080184222305,0.0008196228659442594,4224.404810934971
0.007339931604092503,14.888258395428995,-14.888258395428995,0.09869539691777118,0.650346487498415,0.4840744577246186,0.4835832184689671,0.008048889525198492,0.0008355871252158792,5966.865516019442
0.007349967698111717,14.990839279471695,-14.990839279471695,0.09854545894710316,0.650346487498415,0.48331778093921085,0.4828095019306364,0.008137640713689333,0.0008515113016886886,6474.234127044735
0.007359973908882512,15.07681636347916,-15.07681636347916,0.09839500339291334,0.650346487498415,0.48257150967219437,0.4820335407075864,0.007889725022128008,0.0008672999839975153,4907.24414975917
0.007369951072134688,15.13579035078016,-15.13579035078016,0.0982442620189321,0.650346487498415,0.4818289135339068,0.4812564412851909,0.007643752812845292,0.0008826474016594762,3209.8000036690414
0.007379924643221977,15.177078516095204,-15.177078516095204,0.09809308916723788,0.650346487498415,0.4810845865196921,0.4804743281445212,0.007158215729179053,0.0008966574819040846,2492.071988925325
0.007389935440820359,15.210944059023436,-15.210944059023436,0.09794097636025183,0.650346487498415,0.4803347054399386,0.47968220288977076,0.006535803580564287,0.0009084513103505124,1965.9139903169362
0.0073999819803682665,15.240972173035416,-15.240972173035416,0.09778800952561842,0.650346487498415,0.47957905625235814,0.4788789272004298,0.0066680999265884885,0.0009169715527020261,2030.4127818630004
0.007409988444305898,15.27096340386377,-15.27096340386377,0.09763535066835892,0.650346487498415,0.47882326165103684,0.4780705747246761,0.006428528844861339,0.0009222672039797429,2048.4116873135613
0.007419926327146221,15.321697182625941,-15.321697182625941,0.09748336937284074,0.650346487498415,0.47806873582713777,0.4772620959471152,0.0060882504443381625,0.0009241719315758195,4425.698492137659
0.007429930311019836,15.404631050003104,-15.404631050003104,0.09732968937713835,0.650346487498415,0.47730899524129694,0.4764462098745944,0.0057296314342830746,0.0009225972774538928,5860.247424901772
0.0074399310250715675,15.503457734405597,-15.503457734405597,0.097175148000999,0.650346487498415,0.4765547011225481,0.47562832405697536,0.005816244743026114,0.0009184816581623998,6918.397753638605
0.007449969177214944,15.612665028098572,-15.612665028098572,0.09701896648642552,0.650346487498415,0.47580363455256114,0.4748076281583374,0.005676604228948396,0.000912689702707395,6957.422804654469
0.0074599751919926915,15.732928524810717,-15.732928524810717,0.09686216255837797,0.650346487498415,0.47505799360973017,0.47399428829478957,0.00575617633205673,0.000905710575599035,8464.823430970806
0.007469936956268545,15.85350058364229,-15.85350058364229,0.09670480957091752,0.650346487498415,0.4743176606948794,0.473193186986905,0.00587766911231214,0.0008987577394506545,7208.449807962106
0.007479953933178553,15.953866607981295,-15.953866607981295,0.0965454858003234,0.650346487498415,0.4735736255536671,0.47239440948551864,0.005969629863988962,0.0008923042252421653,6106.2753431604815
0.0074899967548741385,16.03073193036305,-16.03073193036305,0.09638484660036102,0.650346487498415,0.47282658395575816,0.4715971841623506,0.006458833394360049,0.0008859567074383092,4077.6731283974686
0.00749993786439674,16.078332524757784,-16.078332524757784,0.09622522903027228,0.650346487498415,0.4720825045258889,0.47080850159843646,0.006241936310828331,0.0008803221313450038,2672.242063679552
0.00750997391273926,16.121203569107855,-16.121203569107855,0.09606365978520683,0.650346487498415,0.4713243191032901,0.470010921680091,0.006426601864125115,0.0008762196700486789,3244.9476473588215
0.007519919172698182,16.20575479647275,-16.20575479647275,0.09590296447138842,0.650346487498415,0.4705659827679981,0.4692231744154691,0.006601131325942313,0.0008736743687085529,7411.979165676323
0.007529975883439498,16.34801178505204,-16.34801178505204,0.09573929325649119,0.650346487498415,0.46979200548635314,0.46844279733194166,0.006533042399144112,0.0008723756441961225,9821.35137075786
0.007539963978824862,16.484503712526884,-16.484503712526884,0.09557528873234068,0.650346487498415,0.4690161171490046,0.46769039678884194,0.006413860580824011,0.0008723581803484114,7744.337961347314
0.007549949883046344,16.567646114619972,-16.567646114619972,0.09541020792679708,0.650346487498415,0.4682337987213579,0.46695237781274485,0.006742155011876467,0.00087329468344433,3907.3689823839686
0.007559983932001495,16.61492697636302,-16.61492697636302,0.09524371978104525,0.650346487498415,0.467441979940806,0.46621239721458296,0.006849860896336977,0.0008750706704156276,2915.842123366132
0.007569945950962012,16.674868555591697,-16.674868555591697,0.09507792798848425,0.650346487498415,0.4666529985359377,0.4654740558879534,0.006909246436327097,0.0008776729972055596,4772.201347549766
0.007579971891653164,16.756619538705124,-16.756619538705124,0.09491034444034013,0.650346487498415,0.46586132976754135,0.46472735539970567,0.006996931987692767,0.0008807846422164273,5692.387874695878
0.007589947024329273,16.871036607343747,-16.871036607343747,0.09474266613034153,0.650346487498415,0.46507738204052695,0.46398461181770334,0.007028671289714884,0.0008845119671519677,8936.763765557962
0.00759994764442308,17.019342692968074,-17.019342692968074,0.09457320450818262,0.650346487498415,0.46429785648560173,0.4632469247331679,0.007104726450481657,0.0008887536246190315,9822.211899012467
0.007609932393320389,17.165572303883906,-17.165572303883906,0.09440252292955742,0.650346487498415,0.4635289284966913,0.46251748271380305,0.007096609893607368,0.0008921761440230009,9085.817884518123
0.007619923719869124,17.29116430847267,-17.29116430847267,0.09423036689584008,0.650346487498415,0.46276777503459143,0.46179268840654597,0.0074198722000599696,0.0008937395902577082,7706.171771986373
0.007629977519311907,17.39369251460518,-17.39369251460518,0.0940559746420297,0.650346487498415,0.46200934386488324,0.46106437500912467,0.00749494594494798,0.0008930016496415684,5593.176541891408
0.007639926370185863,17.454779041535176,-17.454779041535176,0.09388259092049415,0.650346487498415,0.461263920909745,0.4603392139868143,0.007483818926154954,0.0008900073061431914,3110.6036557466737
0.007649934422830563,17.496925889992177,-17.496925889992177,0.09370768407253757,0.650346487498415,0.460514576135635,0.45960240854665235,0.007209355188440094,0.0008852489532714113,2496.3228374617574
0.00765999883837837,17.520729455722215,-17.520729455722215,0.09353144511548046,0.650346487498415,0.459759205652435,0.45885296840508466,0.007189413994113018,0.0008796428368239037,881.3885242307601
0.00766999812253105,17.528711836848316,-17.528711836848316,0.09335620747727832,0.650346487498415,0.4590028070130028,0.4580994109961061,0.007133412290945601,0.0008741726439980972,491.23164717553476
0.007679919765491118,17.538906453678948,-17.538906453678948,0.09318224666294203,0.650346487498415,0.4582453439271601,0.4573428634061896,0.007507592255914986,0.0008687228741337723,775.5010902822781
0.0076899504703088414,17.548585256812565,-17.548585256812565,0.09300626580021429,0.650346487498415,0.4574731131287517,0.4565691096254796,0.007750696511795721,0.0008630745095883806,504.9444370552417
0.00769997845209212,17.559424324558805,-17.559424324558805,0.09283024027011248,0.650346487498415,0.45669429734278527,0.4557866918486958,0.00800714786183978,0.000857793727409816,902.7317831322225
0.007709951650563697,17.575228882114924,-17.575228882114924,0.09265503912848412,0.650346487498415,0.455914103854995,0.45499980708844023,0.008368107859280435,0.0008530839432217403,1096.9041637335474
0.007719975329385144,17.588053236351403,-17.588053236351403,0.09247879543020775,0.650346487498415,0.4551247556020984,0.4542002136944334,0.008597107574519126,0.0008482876169933705,460.21794223263396
0.007729931857205103,17.589353942798212,-17.589353942798212,0.09230366879877396,0.650346487498415,0.45433345832106403,0.4533973734214394,0.008495212386678323,0.0008424134010146966,0.014924750505660146
0.007739962489870657,17.58935747379524,-17.58935747379524,0.09212723644161666,0.650346487498415,0.4535275975395104,0.452579943481329,0.008385608353510817,0.0008360481281711001,0.010771640008445287
0.0077499505010578075,17.58936229688756,-17.58936229688756,0.0919515537127025,0.650346487498415,0.45271651576120203,0.45175745128256994,0.00855781838130987,0.0008307962040530784,0.011324403026748905
0.007759974659246557,17.589364045031466,-17.589364045031466,0.09177523515306799,0.650346487498415,0.4518938825030126,0.45092347407545386,0.00855008377577168,0.0008266742422574576,0.0
0.00776999702689602,17.589361251648256,-17.589361251648256,0.0915989480894188,0.650346487498415,0.45106282305445394,0.45008117941308984,0.00840171334470023,0.0008235642524199104,0.0
0.007779979584582609,17.58935467052836,-17.58935467052836,0.09142336130699268,0.650346487498415,0.4502265983710622,0.4492338695069961,0.008478688455212166,0.0008213619424782926,0.0
0.007789931701723177,17.58934647314292,-17.58934647314292,0.09124831002874367,0.650346487498415,0.44938456678240796,0.44838089079403864,0.008427081404093264,0.0008194990680717685,0.0
0.007799925835012115,17.589340399781626,-17.589340399781626,0.09107251979226307,0.650346487498415,0.4485306370262187,0.44751607228601037,0.008401012579585235,0.0008179321639109401,0.0
0.007809992208877853,17.58934573859645,-17.58934573859645,0.09089545889833843,0.650346487498415,0.44766213742585886,0.4466367110595375,0.008791439700780068,0.0008168274696888954,1.5606716027864827e-05
0.007819981982596815,17.590300264576708,-17.590300264576708,0.09071974322002187,0.650346487498415,0.44679201647611355,0.44575586833736486,0.008935226255802528,0.0008159681721850133,168.55244765396577
0.007829998763072485,17.59961250740627,-17.59961250740627,0.0905435099876106,0.650346487498415,0.44591230297217976,0.4448645234612389,0.00903064572018252,0.0008149801771774591,1025.506578013512
0.007839945149636728,17.631248384743934,-17.631248384743934,0.09036831341940264,0.650346487498415,0.44503526038949787,0.4439715394913871,0.009299700938652346,0.000813165452812725,2354.63538589266
0.007849951751337724,17.657943802090866,-17.657943802090866,0.09019173532811146,0.650346487498415,0.44415176775649917,0.4430656115488761,0.009331891211303334,0.0008100433512143017,1294.6611771127343
0.0078599474643733,17.682310120151826,-17.682310120151826,0.09001512511337001,0.650346487498415,0.44326440368360337,0.44215462842056236,0.00944443480320435,0.0008057097404349234,2238.6853546499424
0.007869927088203608,17.731271184172368,-17.731271184172368,0.08983842920357302,0.650346487498415,0.44237092292862196,0.44124529523098227,0.009237651189702743,0.0008009856950960368,3505.5048850296457
0.007879968163156063,17.775632029602146,-17.775632029602146,0.08966014153002894,0.650346487498415,0.44146391538324115,0.4403340419268533,0.00902462152519151,0.0007960808043322269,2088.51413551564
0.00788996893073548,17.792738650449845,-17.792738650449845,0.08948227016540342,0.650346487498415,0.44055259994668416,0.4394254001370455,0.008965188946912865,0.0007909659316072875,724.3404521617728
0.007899966645274457,17.817617540250318,-17.817617540250318,0.08930428519904199,0.650346487498415,0.43963505118684726,0.43851163337856497,0.008964618171971419,0.0007851615595444686,2413.583924979249
0.007909985167942167,17.856149160706074,-17.856149160706074,0.08912558420709438,0.650346487498415,0.43871422178076663,0.4375895871881972,0.00891704038538415,0.0007781372942759406,2510.0938457683415
0.00791995386979615,17.89377693012554,-17.89377693012554,0.08894738967633875,0.650346487498415,0.43779641046671597,0.4366669541264649,0.008969092658955303,0.0007699129109543113,2362.0326951135467
0.007929990012299035,17.93663783566377,-17.93663783566377,0.08876760304833309,0.650346487498415,0.4368669726374609,0.435736812803905,0.008793977954033357,0.0007604037528457969,3274.811423920958
0.007939929488666626,18.004429225450004,-18.004429225450004,0.08858901199629407,0.650346487498415,0.43593948438316305,0.434819659494714,0.008706933228425627,0.0007503283506806923,5374.0727210472905
0.007949925753252693,18.096411558720625,-18.096411558720625,0.08840857929736347,0.650346487498415,0.43500222060033467,0.43390536330685975,0.00847667605428085,0.0007396808113040392,6163.30264233307
0.00795994092151987,18.190965354596184,-18.190965354596184,0.08822686531404755,0.650346487498415,0.43406001138531625,0.4329987984081594,0.008333189018125546,0.0007285173316149987,6214.172481986627
0.007969975272887902,18.295180016900307,-18.295180016900307,0.08804382784768355,0.650346487498415,0.4331183139886137,0.4320952284624652,0.008207875319793011,0.0007169152894859918,7825.3650370742635
0.007979998052566026,18.465716661384818,-18.465716661384818,0.08785965015188697,0.650346487498415,0.43218808843771206,0.4311981017820715,0.008377406372023255,0.0007057099794049566,12364.869422844393
0.007989989224051463,18.662176204703794,-18.662176204703794,0.0876741701049567,0.650346487498415,0.43127669939615465,0.4303160327110851,0.008386509519464203,0.0006954852874123244,12785.026186138844
0.00799998071426906,18.838815229301506,-18.838815229301506,0.08748677883447575,0.650346487498415,0.4303827544776133,0.4294449934964008,0.008270559286465971,0.0006852462347807934,10110.55
0.008000061462935018,18.84001186298184,-18.84001186298184,0.08748525752865108,0.650346487498415,0.43037559051471286,0.42943798819623863,0.008267864839388512,0.0006851647629676746,10110.55
