time_s,plate_part_id,pusher_front_sample_count,foam_front_sample_count,pusher_into_plate_max_m,pusher_beyond_plate_back_max_m,foam_into_plate_max_m
0.0,21,186,102,0.0,0.0,0.0
9.922247410957487e-06,21,186,102,0.00021492052273183276,0.0,8.29659643881292e-06
1.9911010100103482e-05,21,186,102,0.00025638624482176626,0.0,7.918545971848448e-06
2.993688058315728e-05,21,187,102,0.0003372926866874286,0.0,6.5490969027234835e-06
3.996939289347291e-05,21,187,102,0.00032331958296099856,0.0,6.542039995621404e-06
4.998414598899564e-05,21,187,102,0.00031484971564924415,0.0,6.4434781316524e-06
5.9932881733898495e-05,21,188,102,0.0003206856483701523,0.0,6.181758671477272e-06
6.994938499620818e-05,21,188,102,0.0003810722086373642,0.0,6.280805695724548e-06
7.99956658444267e-05,21,190,102,0.0003939361273315807,0.0,6.504303170874748e-06
8.991405841191714e-05,21,190,102,0.0003746164181562849,0.0,7.131045149112378e-06
9.994039248559567e-05,21,190,102,0.00038398944437365023,0.0,7.339364034141677e-06
0.00010997986921971191,21,190,102,0.00039331913445140275,0.0,7.3963017853066054e-06
0.00011997424267381853,21,190,102,0.00035504792612048785,0.0,7.1917189882649e-06
0.0001299126175778478,21,190,102,0.00034498606010366145,0.0,7.1907668304904e-06
0.00013993983922835294,21,189,102,0.00032003048967156134,0.0,7.20845379458511e-06
0.0001499353447830623,21,190,102,0.00028778103362056117,0.0,7.176587332388684e-06
0.0001599989459916274,21,190,102,0.00025417496192934545,0.0,7.068182626288055e-06
0.00016991524374103674,21,190,102,0.00022438045543549112,0.0,6.877416097086225e-06
0.00017993065560428047,21,189,102,0.00019668872964927718,0.0,6.7674307395061e-06
0.0001899141290410538,21,188,102,0.00016201319166795486,0.0,6.670538029831044e-06
0.0001999135763752411,21,188,102,0.00011172879781169449,0.0,6.618338259004042e-06
0.00020991991280031185,21,187,102,0.0,0.0,6.55269687268277e-06
0.00021991493641925822,21,189,102,0.0,0.0,6.503591135562092e-06
0.00022999943792407715,21,189,102,0.0,0.0,6.450160675595951e-06
0.00023993359600691017,21,189,102,0.0,0.0,6.4052844218863425e-06
0.0002499729423718989,21,184,102,0.0,0.0,6.384167475927127e-06
0.0002599789545651645,21,182,102,0.0,0.0,6.360346789094362e-06
0.00026995711405495095,21,180,102,0.0,0.0,6.336277074282803e-06
0.0002799853857041358,21,181,102,0.0,0.0,6.317723862517277e-06
0.0002899999405535442,21,181,102,0.0,0.0,6.29573418720053e-06
0.0002999781696643751,21,180,102,0.0,0.0,6.275499506422366e-06
0.0003099206142607675,21,180,102,0.0,0.0,6.25513207338016e-06
0.0003199988634950918,21,180,102,0.0,0.0,6.23558100294741e-06
0.0003299436415803435,21,182,102,0.0,0.0,6.2180618253249165e-06
0.0003399301820961469,21,181,68,0.0,0.0,5.913408539524878e-06
0.00034992136746543053,21,182,68,0.0,0.0,5.8976246149512745e-06
0.0003599799920546302,21,182,60,0.0,0.0,5.662431964339326e-06
0.0003699938587694371,21,181,60,0.0,0.0,5.647110135897915e-06
0.00037999161468368334,21,181,60,0.0,0.0,5.635471223938704e-06
0.0003899238971479202,21,180,60,0.0,0.0,5.624361598260963e-06
0.0003999771536394445,21,181,60,0.0,0.0,5.614051719456115e-06
0.00040992156583417926,21,183,60,0.0,0.0,5.603419896388351e-06
0.000419984110935013,21,185,60,0.0,0.0,5.593272472109029e-06
0.0004299915650980782,21,185,60,0.0,0.0,5.58267689348621e-06
0.00043999338066849376,21,188,60,0.0,0.0,5.572452586349169e-06
0.00044994423221323955,21,188,60,0.0,0.0,5.56190580944943e-06
0.0004599649158335941,21,189,60,0.0,0.0,5.551473729891593e-06
0.00046994003771308197,21,191,60,0.0,0.0,5.5407044696441365e-06
0.00047994568792460613,21,191,60,0.0,0.0,5.529425610190097e-06
0.0004899148580640376,21,191,60,0.0,0.0,5.517618344410419e-06
0.0004999297090405658,21,191,60,0.0,0.0,5.505589995125071e-06
0.0005099054159186451,21,191,60,0.0,0.0,5.493792209078363e-06
0.000519981994583292,21,189,60,0.0,0.0,5.482329699279392e-06
0.0005299441086851431,21,189,60,0.0,0.0,5.471352886147335e-06
0.0005399712768772381,21,188,60,0.0,0.0,5.46063851536438e-06
0.0005499935303925164,21,187,60,0.0,0.0,5.450157649952714e-06
0.0005599937342305726,21,187,60,0.0,0.0,5.439873196240452e-06
0.0005699985093516916,21,187,60,0.0,0.0,5.429702301742306e-06
0.0005799028852075311,21,187,60,0.0,0.0,5.419705817459597e-06
0.0005899547636891591,21,187,60,0.0,0.0,5.409614342657965e-06
0.0005999902882235036,21,187,60,0.0,0.0,5.399505342382205e-06
0.0006099086800153459,21,186,60,0.0,0.0,5.389751120750408e-06
0.0006199794932567206,21,186,60,0.0,0.0,5.379711912098517e-06
0.0006299831186600116,21,186,60,0.0,0.0,5.369204346079848e-06
0.0006399561706936839,21,186,60,0.0,0.0,5.35834700235438e-06
0.0006499239516339595,21,186,60,0.0,0.0,5.34747871276664e-06
0.0006599527742197209,21,186,60,0.0,0.0,5.336449514073416e-06
0.0006699258596927954,21,185,60,0.0,0.0,5.325608925396685e-06
0.0006799526021135174,21,184,60,0.0,0.0,5.314787631945095e-06
0.0006899659491017627,21,184,60,0.0,0.0,5.304113169422864e-06
0.0006999121683541794,21,184,60,0.0,0.0,5.293628062813527e-06
0.0007099090405852459,21,184,60,0.0,0.0,5.2832161343621675e-06
0.0007199767300064189,21,185,60,0.0,0.0,5.2728328819723336e-06
0.0007299593541715831,21,185,60,0.0,0.0,5.262594042911017e-06
0.0007399738855645437,21,184,60,0.0,0.0,5.252323150919946e-06
0.0007499826792937523,21,184,60,0.0,0.0,5.242033707685001e-06
0.0007599902811934819,21,184,60,3.284951262892688e-05,0.0,5.238606773046162e-06
0.0007699401206671757,21,185,60,7.434745433925263e-05,0.0,5.246969748934349e-06
0.0007799645290238908,21,185,60,0.00010491777102993385,0.0,5.260809275972611e-06
0.00078993682978934,21,185,60,0.00010911137182210637,0.0,5.25646720941908e-06
0.0007999948222802398,21,185,60,6.387124552443071e-05,0.0,5.234714340406066e-06
0.0008099978002046917,21,185,60,0.0,0.0,5.2157741127698e-06
0.0008199800014729089,21,185,60,0.0,0.0,5.203616911440834e-06
0.000829909038462314,21,185,60,0.0,0.0,5.1919157866009424e-06
0.0008399951160754839,21,185,60,0.0,0.0,5.180630121226493e-06
0.0008499608339811492,21,185,60,0.0,0.0,5.169671870891568e-06
0.0008599985543775782,21,186,60,0.0,0.0,5.1589475656144135e-06
0.0008699997297172795,21,185,60,0.0,0.0,5.1483497199994455e-06
0.0008799277582463067,21,185,60,2.659528253301513e-05,0.0,5.138008202121291e-06
0.0008899439658512608,21,185,60,0.00017146204197647508,0.0,5.135337597675371e-06
0.0008999736356265238,21,185,60,0.00017240887240255187,0.0,5.139233858988956e-06
0.0009099952350021496,21,185,90,0.00017800564980096495,0.0,5.406849797148783e-06
0.0009199252448827786,21,185,90,0.0002033141023173382,0.0,5.423118637590263e-06
0.000929935012791582,21,185,90,0.00019595108489307844,0.0,5.424763271227873e-06
0.0009399429601060146,21,185,90,0.00018973472539191016,0.0,5.427197899240954e-06
0.0009499365809246556,21,185,90,0.00018450961674246896,0.0,5.4324564902619166e-06
0.0009599207210015361,21,185,90,0.00019042362766757276,0.0,5.43657868518066e-06
0.0009699781705767184,21,185,90,0.00018325187326342918,0.0,5.429885834684622e-06
0.0009799556275825125,21,185,90,0.00017502045590411103,0.0,5.417683812153351e-06
0.0009899593047323159,21,185,90,0.00015654816359947366,0.0,5.405569434957513e-06
0.0009999483289549979,21,185,90,0.00011961623175019837,0.0,5.389732426516747e-06
0.001009994016908139,21,185,90,3.866901734956435e-05,0.0,5.371881370119791e-06
0.0010199283216416504,21,185,90,0.0,0.0,5.359283454062225e-06
0.0010299557181340066,21,185,90,0.0,0.0,5.347691745330452e-06
0.0010399953525857362,21,186,90,0.0,0.0,5.336577659734165e-06
0.0010499490750086517,21,186,90,0.0,0.0,5.3259139346228945e-06
0.001059971529415425,21,186,90,0.0,0.0,5.3154739330790735e-06
0.0010699755600261111,21,186,90,0.0,0.0,5.3052964331390395e-06
0.0010799302896213766,21,186,90,0.0,0.0,5.2953784701464945e-06
0.0010899954392315013,21,186,90,0.0,0.0,5.285530500970248e-06
0.0010999209609605296,21,186,90,0.0,0.0,5.2759752837139295e-06
0.0011099594135881364,21,187,90,0.0,0.0,5.26644115542152e-06
0.0011199804765322072,21,186,90,0.0,0.0,5.257035290043288e-06
0.00112994148003147,21,186,90,0.0,0.0,5.247500050778453e-06
0.0011399445500590492,21,187,90,0.0,0.0,5.2377661142605225e-06
0.001149995273113647,21,187,90,0.0,0.0,5.228322740316593e-06
0.0011599552109373336,21,188,90,0.0,0.0,5.219158691588399e-06
0.0011699408263355039,21,188,102,0.0,0.0,5.4248679047796955e-06
0.001179998289150875,21,188,102,0.0,0.0,5.4157607970312105e-06
0.0011899069512516225,21,185,102,0.0,0.0,5.406667433746626e-06
0.001199929231953601,21,186,102,0.0,0.0,5.3974795222733185e-06
0.0012099256579373842,21,184,102,0.0,0.0,5.388451626661683e-06
0.0012199288456185447,21,184,102,0.0,0.0,5.37962691249394e-06
0.0012299478809230824,21,184,102,0.0,0.0,5.370877426552623e-06
0.001239933921709145,21,182,102,0.0,0.0,5.362223154961598e-06
0.0012499716947156258,21,182,102,0.0,0.0,5.353626959553326e-06
0.0012599125199672686,21,183,102,0.0,0.0,5.345318201788185e-06
0.0012699506346741576,21,183,102,0.0,0.0,5.337034745811486e-06
0.0012799434003680017,21,182,102,0.0,0.0,5.328956367040005e-06
0.0012899162768992179,21,182,102,0.0,0.0,5.3210360288491465e-06
0.0012999729750284375,21,182,102,0.0,0.0,5.313189604866375e-06
0.0013099058294894948,21,182,102,0.0,0.0,5.3056337390444686e-06
0.0013199278811257685,21,183,102,0.0,0.0,5.2982140892748886e-06
0.0013299110489690246,21,182,102,0.0,0.0,5.2922193286703e-06
0.0013399292999196487,21,181,102,0.0,0.0,5.2869931912308266e-06
0.0013499281861702693,21,181,102,0.0,0.0,5.2815353332597015e-06
0.0013599355600969225,21,180,102,0.0,0.0,5.276361251416173e-06
0.001369939900508067,21,181,102,0.0,0.0,5.2713560505929236e-06
0.001379974616066639,21,181,102,0.0,0.0,5.266631085326656e-06
0.0013899493421071075,21,181,102,0.0,0.0,5.262069849382156e-06
0.0013999477593217157,21,181,102,0.0,0.0,5.257759281798724e-06
0.0014099738335039223,21,181,102,0.0,0.0,5.253597504958907e-06
0.0014199166424167043,21,182,102,0.0,0.0,5.249684167388247e-06
0.0014299145933195634,21,183,102,0.0,0.0,5.2459060435605664e-06
0.0014399854129548664,21,186,102,0.0,0.0,5.242322526771703e-06
0.0014499324078525732,21,188,102,0.0,0.0,5.238939273802257e-06
0.0014599122720036202,21,190,102,0.0,0.0,5.235737772141258e-06
0.0014699647852428476,21,192,102,0.0,0.0,5.232688927672702e-06
0.0014799162011680878,21,192,102,0.0,0.0,5.229868068751253e-06
0.0014899769974342273,21,189,102,0.0,0.0,5.227196817697566e-06
0.001499913541821902,21,189,102,0.0,0.0,5.224758528890594e-06
0.0015099685536618212,21,189,102,0.0,0.0,5.222484402114813e-06
0.0015199858267002713,21,189,102,0.0,0.0,5.220423652280148e-06
0.001529916259694963,21,188,102,0.0,0.0,5.21858142375764e-06
0.0015399279284666867,21,187,102,0.0,0.0,5.216934246390914e-06
0.0015499251984914524,21,187,102,0.0,0.0,5.215504231534385e-06
0.0015599378241598692,21,188,102,0.0,0.0,5.214294500593963e-06
0.0015699871546676542,21,188,102,0.0,0.0,5.213306016924046e-06
0.001579950537231341,21,188,102,0.0,0.0,5.212556013781122e-06
0.0015899450429796246,21,187,102,0.0,0.0,5.212039368596155e-06
0.001599930558121939,21,187,102,0.0,0.0,5.21176412317248e-06
0.0016099939157762136,21,187,102,0.0,0.0,5.21173599925262e-06
0.001619983861361578,21,187,102,0.0,0.0,5.211959237486075e-06
0.001629957646701645,21,187,102,0.0,0.0,5.212438909801831e-06
0.0016399851980503767,21,187,102,0.0,0.0,5.213183094945895e-06
0.0016499878470595376,21,187,102,0.0,0.0,5.214191861044326e-06
0.0016599211596054033,21,187,102,0.0,0.0,5.215463154503719e-06
0.001669974898025925,21,187,102,0.0,0.0,5.217024967127393e-06
0.0016799580021132452,21,187,102,0.0,0.0,5.2188544692466365e-06
0.0016899333283866493,21,187,102,0.0,0.0,5.220965604346706e-06
0.0016999687196662294,21,187,102,0.0,0.0,5.223376104562805e-06
0.0017099200693134072,21,186,102,0.0,0.0,5.226053318416191e-06
0.0017199840600830337,21,186,102,0.0,0.0,5.229056646252617e-06
0.001729977457044407,21,186,102,0.0,0.0,5.232334486099388e-06
0.0017399353442866204,21,186,102,0.0,0.0,5.235893729235719e-06
0.001749946542382682,21,186,102,0.0,0.0,5.239765641762428e-06
0.0017599122291735315,21,186,102,0.0,0.0,5.2439166964707296e-06
0.0017699607757815344,21,186,102,0.0,0.0,5.24839474042027e-06
0.0017799929082588535,21,187,102,0.0,0.0,5.253161843077336e-06
0.001789950278482762,21,187,102,0.0,0.0,5.258181775338877e-06
0.0017999250920150477,21,186,102,0.0,0.0,5.2635023045088936e-06
0.0018099376176294204,21,187,102,0.0,0.0,5.269136117050377e-06
0.0018199479834683618,21,188,102,0.0,0.0,5.275058205911343e-06
0.0018299985171250103,21,187,102,0.0,0.0,5.281295467909897e-06
0.0018399353344586587,21,187,102,0.0,0.0,5.287747481833027e-06
0.0018499650448742374,21,187,102,0.0,0.0,5.294545825443309e-06
0.0018599428191216573,21,186,102,0.0,0.0,5.301598915305461e-06
0.0018699522812251628,21,186,102,1.8928848235538753e-05,0.0,5.30896580627771e-06
0.0018799778534125964,21,187,102,0.00017843333471380396,0.0,5.3425957184938255e-06
0.0018899728450374753,21,187,102,0.00020916517930712197,0.0,5.469862395385272e-06
0.00189997483770356,21,186,102,0.00020386383568123112,0.0,5.67690897577966e-06
0.0019099680520216244,21,186,102,0.0001812839400849725,0.0,5.82452074769646e-06
0.001919985198348103,21,186,102,0.0002116695563337545,0.0,5.94213136992372e-06
0.0019299416128082942,21,186,102,0.0002068444045610074,0.0,6.007037358979339e-06
0.0019399359872198918,21,186,102,0.00019413840373272429,0.0,6.079449527268688e-06
0.0019499593485478829,21,186,102,0.00020465001000656569,0.0,6.208965417517365e-06
0.0019599407001599906,21,185,102,0.00020110669577309837,0.0,6.289096083814116e-06
0.001969922354012787,21,185,102,0.0001969386830587283,0.0,6.3525964193733575e-06
0.001979958469792241,21,185,102,0.00019574031168781425,0.0,6.422143819212467e-06
0.001989932933726188,21,185,102,0.00021402214979795997,0.0,6.504927156841811e-06
0.0019999577921125116,21,185,102,0.000212209275273198,0.0,6.570502647254561e-06
0.0020099578261571264,21,185,102,0.00020375376270712064,0.0,6.5885673760646135e-06
0.0020199396569988196,21,185,102,0.00018989348648952575,0.0,6.596662044347501e-06
0.0020299249166235785,21,185,60,0.00017824347210153302,0.0,6.0505689383760775e-06
0.0020399414050258206,21,184,60,0.00018227270378667892,0.0,6.0779207511074684e-06
0.0020499123495711395,21,183,60,0.00017338615340947716,0.0,6.102794084333896e-06
0.002059995946543929,21,182,60,0.00018382686539522575,0.0,6.118834068757906e-06
0.0020699069541465476,21,182,60,0.00017355981338673665,0.0,6.117702519597978e-06
0.0020799412803843595,21,182,60,0.0001519911931543022,0.0,6.094154808677921e-06
0.0020899276238221932,21,182,60,0.0001190090355635276,0.0,6.046324000780201e-06
0.002099916630318976,21,183,60,5.9126131725192876e-05,0.0,6.0127425040718e-06
0.002109923103534972,21,183,60,2.5382305272159122e-05,0.0,5.992610939406506e-06
0.002119965764682746,21,187,60,3.09913148275609e-05,0.0,5.977076657864844e-06
0.002129947733263305,21,187,60,0.0,0.0,5.9639557033197566e-06
0.002139906962415386,21,188,60,0.0,0.0,5.954860408469154e-06
0.0021499712176406894,21,188,60,0.0,0.0,5.946641599932634e-06
0.0021599519751515583,21,187,60,0.0,0.0,5.939891216999449e-06
0.0021699666298596785,21,188,60,0.0,0.0,5.934258931319936e-06
0.002179959424806552,21,187,60,0.0,0.0,5.929652363068083e-06
0.002189993854937214,21,187,90,0.0,0.0,6.3194859526299885e-06
0.0021999450113972933,21,188,90,0.0,0.0,6.319296975226818e-06
0.002209935647268024,21,188,90,0.0,0.0,6.319376907884533e-06
0.0022199836188263825,21,188,90,0.0,0.0,6.320143200760908e-06
0.0022299424992910395,21,187,90,0.0,0.0,6.32121531934926e-06
0.00223997211248987,21,187,90,0.0,0.0,6.322974148237348e-06
0.002249935168178659,21,187,90,0.0,0.0,6.3249092121103745e-06
0.0022599621008469015,21,187,90,0.0,0.0,6.3273899168353465e-06
0.002269957983216279,21,187,90,0.0,0.0,6.3301796445758285e-06
0.0022799171049828525,21,187,90,0.0,0.0,6.333379974063358e-06
0.0022899148670945044,21,187,90,0.0,0.0,6.3369227890769375e-06
0.0022999807668339727,21,187,90,0.0,0.0,6.340800143764258e-06
0.002309977043552416,21,187,90,0.0,0.0,6.344984898307149e-06
0.0023199623123030463,21,187,90,0.0,0.0,6.349491400894913e-06
0.0023299437808707545,21,187,90,0.0,0.0,6.354285413928684e-06
0.002339941881012745,21,187,90,0.0,0.0,6.3593456501864765e-06
0.0023499744930378956,21,187,90,0.0,0.0,6.364712563003416e-06
0.002359946877166505,21,187,90,0.0,0.0,6.370313483688994e-06
0.002369983623374192,21,187,90,0.0,0.0,6.3761942133422345e-06
0.002379987289209339,21,187,90,0.0,0.0,6.382280732020185e-06
0.002389991717089704,21,187,90,0.0,0.0,6.388611668795008e-06
0.002399936912164057,21,187,90,0.0,0.0,6.3951193322725475e-06
0.0024099568424548784,21,187,90,0.0,0.0,6.401879761391838e-06
0.002419984763758562,21,187,90,0.0,0.0,6.408843234578798e-06
0.002429954311489631,21,187,90,0.0,0.0,6.41596464823202e-06
0.0024399836291092163,21,188,90,0.0,0.0,6.4233046753736645e-06
0.0024499974342327164,21,188,90,0.0,0.0,6.430806470753003e-06
0.0024599839424761442,21,188,102,0.0,0.0,6.81508113467566e-06
0.0024699716727624808,21,187,102,0.0,0.0,6.824860625337381e-06
0.0024799445759850873,21,187,102,0.0,0.0,6.83481151833587e-06
0.002489937846490595,21,187,102,0.0,0.0,6.844967209748698e-06
0.002499947038232802,21,188,102,0.0,0.0,6.855308403552751e-06
0.0025099610045183677,21,188,102,0.0,0.0,6.865829337496243e-06
0.0025199882186604087,21,188,102,0.0,0.0,6.876532811256331e-06
0.0025299932485201397,21,188,102,0.0,0.0,6.8873677955411106e-06
0.0025399614859854852,21,188,102,0.0,0.0,6.898314766412561e-06
0.0025499980248156274,21,188,102,0.0,0.0,6.909485751119271e-06
0.00255995397269636,21,188,102,0.0,0.0,6.920709280197612e-06
0.0025699856476232835,21,188,102,0.0,0.0,6.932154268363133e-06
0.0025799505114107056,21,188,102,0.0,0.0,6.943654372398855e-06
0.002589984087842054,21,188,102,0.0,0.0,6.955364214467075e-06
0.0025999785707078657,21,189,102,0.0,0.0,6.967158168072474e-06
0.0026099463623923537,21,191,102,0.0,0.0,6.979057342704209e-06
0.00261997177923212,21,190,102,0.0,0.0,6.991186750959777e-06
0.0026299395845651727,21,190,102,0.0,0.0,7.0034444473593416e-06
0.002639960904860043,21,190,102,0.0,0.0,7.0160308601463495e-06
0.002649963735729101,21,191,102,0.0,0.0,7.028924211921472e-06
0.0026599775237502858,21,191,102,0.0,0.0,7.042225458372964e-06
0.0026699881280399292,21,190,102,0.0,0.0,7.05598166798882e-06
0.0026799342334551525,21,190,102,0.0,0.0,7.0702047941656465e-06
0.0026899343786201493,21,191,102,0.0,0.0,7.085157778571882e-06
0.0026999319219493346,21,192,102,0.0,0.0,7.100798712453282e-06
0.002709958506712016,21,190,102,0.0,0.0,7.1171874990033634e-06
0.0027199782889397593,21,191,102,0.0,0.0,7.134237904535268e-06
0.0027299303530468307,21,190,102,0.0,0.0,7.15182387896196e-06
0.002739943573907101,21,190,102,0.0,0.0,7.170425137814629e-06
0.0027499686103509193,21,190,102,0.0,0.0,7.190026122608217e-06
0.002759941589760163,21,189,102,0.0,0.0,7.210392634418583e-06
0.0027699540042064974,21,189,102,0.0,0.0,7.231568278934231e-06
0.0027799978070006228,21,189,102,0.0,0.0,7.253411818480826e-06
0.0027899399923913106,21,188,102,0.0,0.0,7.275516668139859e-06
0.002799943591266718,21,188,102,0.0,0.0,7.298189692361845e-06
0.002809950491127098,21,188,102,0.0,0.0,7.322731057635146e-06
0.0028199132189308915,21,188,102,0.0,0.0,7.34838361711454e-06
0.002829928778879476,21,188,102,0.0,0.0,7.374711311167181e-06
0.002839971282570066,21,188,102,0.0,0.0,7.401316010152703e-06
0.002849990976360498,21,188,102,0.0,0.0,7.4279049714215395e-06
0.0028599801698263962,21,188,102,0.0,0.0,7.454347282678797e-06
0.0028699674568431993,21,189,102,0.0,0.0,7.486816979984656e-06
0.0028799159051989052,21,188,102,0.0,0.0,7.520204030136979e-06
0.002889916274869835,21,188,102,0.0,0.0,7.551115091750105e-06
0.002899956893857924,21,187,102,0.0,0.0,7.581910017734339e-06
0.0029099585586610252,21,187,102,0.0,0.0,7.611221394296375e-06
0.0029199542097928187,21,187,102,0.00012900597849922757,0.0,7.639834501318998e-06
0.002929911119279203,21,187,102,0.0001941485733489845,0.0,7.69548923004737e-06
0.0029399535749143847,21,187,102,0.0002427444319023364,0.0,7.81322266654727e-06
0.00294992087484719,21,186,102,0.00025764228305626136,0.0,7.948364671883645e-06
0.002959964857104959,21,185,102,0.00018225880690204976,0.0,8.088936484629272e-06
0.002969975121129496,21,185,102,0.00015118427223141662,0.0,8.175438612659236e-06
0.002979968181941881,21,185,102,0.00013027586813878222,0.0,8.305337629785359e-06
0.002989909852589157,21,185,102,0.00010929334925935397,0.0,8.355968634424227e-06
0.0029999838888927796,21,185,102,0.00013526795996073038,0.0,8.417867320600902e-06
0.003009920697389811,21,186,102,0.00014351497654516154,0.0,8.46995157910424e-06
0.0030199511058005275,21,186,102,0.00014695278708570791,0.0,8.487538577461873e-06
0.0030299403959994924,21,186,102,0.00013762799260552683,0.0,8.561597165335222e-06
0.003039945808730545,21,186,102,0.00014132694474143503,0.0,8.712820855114045e-06
0.0030499603695098767,21,186,102,0.00015020598182331757,0.0,8.818844261626602e-06
0.0030599592593354226,21,185,102,0.00015129867092300575,0.0,8.82539220979639e-06
0.003069973114556418,21,186,102,0.00013032988443756333,0.0,8.825415469579379e-06
0.0030799532395038706,21,186,102,0.00013707080687926088,0.0,8.853080962878401e-06
0.0030899425480409447,21,186,102,0.00012513904226651995,0.0,8.911460987012787e-06
0.003099965330519861,21,187,102,0.00015137728404186757,0.0,8.96960605603625e-06
0.0031099922712417884,21,187,102,0.00016060464730302537,0.0,8.99232084768109e-06
0.003119991173848805,21,186,102,0.0001242894095046243,0.0,8.987667676471633e-06
0.0031299777676356156,21,187,102,0.00010201695903412633,0.0,8.982087600029054e-06
0.0031399425272369266,21,188,102,9.041458907788069e-05,0.0,8.990804766018101e-06
0.0031499234632851505,21,188,102,8.865054768111835e-05,0.0,9.000186254784492e-06
0.003159964623554445,21,187,102,0.00012486572565620357,0.0,9.001598324856475e-06
0.0031699993740693174,21,187,102,0.00014213441087644607,0.0,9.014085200140243e-06
0.003179972531677891,21,187,102,0.00011907187625603832,0.0,9.015654451743904e-06
0.0031899274187592907,21,186,102,7.20897766282036e-05,0.0,9.010559333680335e-06
0.003199975695121728,21,186,102,0.0,0.0,9.008339201144189e-06
0.0032099965228117285,21,186,102,0.0,0.0,9.00762804029176e-06
0.003219912804412312,21,186,102,0.0,0.0,9.00699934611171e-06
0.0032299868167457928,21,186,102,0.0,0.0,9.005475660073259e-06
0.0032399456945531205,21,186,102,0.0,0.0,9.003697934495403e-06
0.003249985407237004,21,186,102,0.0,0.0,9.001063444175061e-06
0.0032599732135252762,21,186,102,0.0,0.0,8.997940700028462e-06
0.003269930934433516,21,186,102,0.0,0.0,8.9941612019806e-06
0.003279910085799882,21,186,102,0.0,0.0,8.989647772475462e-06
0.003289944858799839,21,186,102,0.0,0.0,8.984555945071304e-06
0.0032999176257128733,21,186,102,0.0,0.0,8.978865188594143e-06
0.0033099762413347092,21,186,102,0.0,0.0,8.972446312829896e-06
0.003319942435179441,21,186,102,0.0,0.0,8.965568560295734e-06
0.0033299863319226856,21,187,102,0.0,0.0,8.958045802573422e-06
0.0033399999131322263,21,187,102,0.0,0.0,8.949888603684841e-06
0.0033499696547994832,21,187,102,0.0,0.0,8.940690343586799e-06
0.0033599116984314556,21,187,102,0.0,0.0,8.930574311935557e-06
0.003369965314410234,21,187,102,0.0,0.0,8.919621357628138e-06
0.003379925042648864,21,187,102,0.0,0.0,8.908111512717642e-06
0.0033899334611903623,21,187,102,0.0,0.0,8.895932814237395e-06
0.003399955084730096,21,187,102,0.0,0.0,8.883041836729721e-06
0.003409963980133982,21,187,102,0.0,0.0,8.869494494356811e-06
0.0034199131231626777,21,187,102,0.0,0.0,8.855448647607234e-06
0.003429940646734074,21,187,102,0.0,0.0,8.84075186548261e-06
0.0034399752585434523,21,187,102,0.0,0.0,8.825556180258598e-06
0.003449965852177733,21,187,102,0.0,0.0,8.80993542669295e-06
0.003459931560668381,21,187,102,0.0,0.0,8.793904457016222e-06
0.0034699174500417026,21,187,102,0.0,0.0,8.77741818811062e-06
0.0034799331611385102,21,187,102,0.0,0.0,8.760495246562527e-06
0.003489961029375637,21,187,102,0.0,0.0,8.743217740511677e-06
0.0034999983516353418,21,187,102,4.0180746384871346e-05,0.0,8.725803664746956e-06
0.003509976155708816,21,187,102,5.1567616329808996e-05,0.0,8.708473386617732e-06
0.003519990373805674,21,188,102,6.83637120850733e-05,0.0,8.691060684157259e-06
0.003529992043146153,21,188,102,9.111127585376133e-05,0.0,8.67459365248846e-06
0.003539953401899741,21,189,102,0.00010699898663622809,0.0,8.659624661941367e-06
0.0035499751169262394,21,191,102,8.997188044405913e-05,0.0,8.64091710375825e-06
0.003559989269919672,21,190,102,0.00010382771286428227,0.0,8.626641929826429e-06
0.0035699835363836095,21,190,102,0.00010368913481015318,0.0,8.612185517828386e-06
0.003579957283926637,21,190,102,0.0001440842593819769,0.0,8.608742549778836e-06
0.0035899578281951014,21,188,102,0.00018525402376431965,0.0,8.622919324893785e-06
0.003599985036605954,21,187,102,0.0001808577454703031,0.0,8.618932867854312e-06
0.0036099337430703336,21,186,102,0.00018021799790531035,0.0,8.612931427245951e-06
0.003619978317962105,21,184,102,0.00019066002686829453,0.0,8.61740714380721e-06
0.003629963940828806,21,183,102,0.0002032189346022617,0.0,8.627473698688548e-06
0.003639941954583468,21,183,102,0.0002285825940008951,0.0,8.66078501243761e-06
0.003649971933729666,21,185,102,0.0002477269128515064,0.0,8.719779067259403e-06
0.0036599610965816548,21,185,102,0.0002791827970616001,0.0,8.806828996787974e-06
0.003669955015973816,21,186,102,0.00029576372615658375,0.0,8.895150486867842e-06
0.0036799828663339014,21,187,102,0.0002940641474357131,0.0,8.947760753413858e-06
0.0036899473570734163,21,187,102,0.0002808659047415507,0.0,9.015314818269782e-06
0.0036999465932794685,21,187,102,0.0002649530930130678,0.0,9.103770083646046e-06
0.003709960571443499,21,188,102,0.0002828422076729259,0.0,9.247573982573698e-06
0.0037199286567274003,21,188,102,0.00029002151816243105,0.0,9.425593109527175e-06
0.003729998718249922,21,188,102,0.00029675418932403885,0.0,9.654332651334863e-06
0.0037399886913573165,21,188,102,0.0002971684072193559,0.0,9.8077036976979e-06
0.0037499211711583998,21,189,102,0.0003029529328350683,0.0,9.92496043082658e-06
0.0037599560461055097,21,189,102,0.0002949372901682179,0.0,1.0010627738588074e-05
0.003769961197897662,21,188,102,0.0002785165213789881,0.0,1.004679992552826e-05
0.003779965646013948,21,187,102,0.00029122007431502117,0.0,1.0052160527060372e-05
0.003789932368826891,21,185,102,0.00028865094881395936,0.0,1.0134631998170995e-05
0.0037999302688081845,21,184,102,0.0002845636385353789,0.0,1.0222666173079209e-05
0.003809938161534863,21,184,102,0.00025003671427827057,0.0,1.0248457905009944e-05
0.003819948325787484,21,183,102,0.0001781243206977201,0.0,1.0280113446239914e-05
0.003829928612873837,21,183,102,0.00016719803491142826,0.0,1.0393654153714738e-05
0.003839917678322379,21,183,102,0.00016155654992656976,0.0,1.040428883616884e-05
0.003849914448126744,21,186,102,0.00015983405544048312,0.0,1.0393123953122974e-05
0.0038599164769035003,21,185,102,0.00015060926244106487,0.0,1.0377004440606519e-05
0.003869964448785387,21,185,102,0.00016714676992782285,0.0,1.0382281684331862e-05
0.003879992694522287,21,185,102,0.0001631799396791811,0.0,1.0392358906763377e-05
0.0038899854122091417,21,185,102,0.00014695861530972243,0.0,1.0378287576232048e-05
0.003899986657569631,21,183,102,9.116640778547569e-05,0.0,1.0347392220194651e-05
0.003909964059816672,21,183,102,6.681128721039431e-05,0.0,1.032371136154564e-05
0.003919944627129437,21,183,102,3.145787359261354e-05,0.0,1.0296322280362036e-05
0.00392992347527613,21,184,102,0.0,0.0,1.0269560937539723e-05
0.0039399351907059245,21,185,102,0.0,0.0,1.024252152759253e-05
0.003949952416044604,21,186,102,0.0,0.0,1.0214572984890147e-05
0.00395994430064805,21,188,102,0.0,0.0,1.0187618290441458e-05
0.003969927688694871,21,188,102,0.0,0.0,1.0160864678476766e-05
0.003979940706707451,21,189,102,0.0,0.0,1.0133667763867482e-05
0.003989934558943897,21,189,102,0.0,0.0,1.0106898642447959e-05
0.003999915559480261,21,190,102,8.43544581258654e-05,0.0,1.0080652964455927e-05
0.004009997792300498,21,189,102,0.00019539792274625434,0.0,1.0095656402350772e-05
0.004019988035091553,21,187,102,0.00021575763171571838,0.0,1.0157616885830834e-05
0.004029986412396485,21,186,102,0.00020218873005253823,0.0,1.0214499617744455e-05
0.0040399988024462765,21,186,102,0.00010239694802074983,0.0,1.0183713249373172e-05
0.0040499133745955625,21,186,102,5.124194919994829e-05,0.0,1.0148571415097285e-05
0.004059979796798371,21,186,102,6.788133782863193e-05,0.0,1.0127894927866588e-05
0.0040699765840163495,21,186,102,0.00012962064877933277,0.0,1.0127116576344464e-05
0.004079914735063512,21,186,102,0.000113348746867456,0.0,1.012243511150368e-05
0.0040899476965239505,21,186,102,9.724265139200716e-05,0.0,1.011681061099945e-05
0.004099950553362923,21,186,102,7.636239650411769e-05,0.0,1.0104946810127191e-05
0.004109981559829783,21,186,102,6.481589620166428e-05,0.0,1.0081730105290787e-05
0.0041199832853308195,21,186,102,8.599945168234757e-05,0.0,1.0065648741106048e-05
0.004129904470897543,21,186,102,3.754142268563854e-05,0.0,1.0044952907281579e-05
0.004139989869170112,21,185,102,0.0,0.0,1.0025421326581574e-05
0.004149959524287607,21,185,102,0.0,0.0,1.0006220042255154e-05
0.0041599615255271385,21,185,102,0.0,0.0,9.988898964030657e-06
0.004169914514804672,21,185,102,0.0,0.0,9.971330228703001e-06
0.004179941778389815,21,185,102,0.0,0.0,9.954440319842606e-06
0.00418999204003382,21,185,102,0.0,0.0,9.93864940636302e-06
0.004199981812819126,21,185,102,0.0,0.0,9.923352898955073e-06
0.004209968680369526,21,185,102,0.0,0.0,9.90887052187972e-06
0.004219928560958777,21,185,102,0.0,0.0,9.89545230141442e-06
0.004229914565006509,21,185,102,0.0,0.0,9.882574871361571e-06
0.004239925972316707,21,185,102,0.0,0.0,9.87079266098756e-06
0.004249923296316464,21,185,102,0.0,0.0,9.860029552263838e-06
0.004259987151613826,21,185,102,0.0,0.0,9.850192830673787e-06
0.004269935850896138,21,184,102,0.0,0.0,9.84186029098777e-06
0.004279983416884589,21,184,102,0.0,0.0,9.834637353739462e-06
0.004289980728018138,21,184,102,0.0,0.0,9.828810926190701e-06
0.004299975743722719,21,184,102,0.0,0.0,9.824624350396327e-06
0.004309934306002025,21,185,102,0.0,0.0,9.82187499382059e-06
0.0043199701710869825,21,185,102,0.0,0.0,9.820731890236578e-06
0.004329950473297284,21,185,102,0.0,0.0,9.82121676718073e-06
0.00433997072303746,21,185,102,0.0,0.0,9.823273760423135e-06
0.004349958647207206,21,185,102,0.0,0.0,9.82685963885066e-06
0.004359908133312124,21,185,102,0.0,0.0,9.831871986637486e-06
0.004369970714601188,21,185,102,0.0,0.0,9.838306384013507e-06
0.0043799080731121735,21,185,102,0.0,0.0,9.845873769065427e-06
0.00438999056910113,21,185,102,0.0,0.0,9.854618426008432e-06
0.004399910151776802,21,186,102,0.0,0.0,9.864128709458075e-06
0.004409919454274943,21,186,102,0.0,0.0,9.87444128913717e-06
0.004419937351673108,21,186,102,0.0,0.0,9.885300728151858e-06
0.004429973664316525,21,186,102,0.0,0.0,9.896530389408298e-06
0.004439981544506446,21,186,102,0.0,0.0,9.907885046567255e-06
0.004449951338028767,21,186,102,0.0,0.0,9.919156464588408e-06
0.0044599559750846274,21,186,102,0.0,0.0,9.930232255539462e-06
0.00446999717457052,21,186,102,0.0,0.0,9.940983173334361e-06
0.004479992321104201,21,186,102,0.0,0.0,9.95113389093416e-06
0.004489935401930251,21,186,102,0.0,0.0,9.960532267511146e-06
0.00449995250913856,21,186,102,0.0,0.0,9.96918391510393e-06
0.004509958793877132,21,187,102,0.0,0.0,9.976883157153393e-06
0.004519930663590444,21,188,102,0.0,0.0,9.983535313146108e-06
0.004529986911346614,21,188,102,0.0,0.0,9.98914013097818e-06
0.004539994484382555,21,188,102,0.0,0.0,9.993586055190296e-06
0.004549921831350839,21,188,102,0.0,0.0,9.996863715638904e-06
0.004559994016293381,21,188,102,0.0,0.0,9.99904318646494e-06
0.004569964166362055,21,187,102,0.0,0.0,1.0000109791602485e-05
0.004579950861684033,21,187,102,0.0,0.0,1.000015415378308e-05
0.00458994270751541,21,187,102,0.0,0.0,9.9992723978648e-06
0.004599936257955045,21,188,102,0.0,0.0,9.997591233129599e-06
0.004609995865767481,21,189,102,0.0,0.0,9.995261569473168e-06
0.004619962986159086,21,188,102,0.0,0.0,9.992511975476237e-06
0.004629933850268925,21,189,102,0.0,0.0,9.989532661014433e-06
0.004639946288530928,21,190,102,0.0,0.0,9.986536267714285e-06
0.004649910906220248,21,191,102,0.0,0.0,9.983787910311515e-06
0.004659984972593345,21,190,102,0.0,0.0,9.981479939746851e-06
0.0046699362857077435,21,190,102,0.0,0.0,9.979879735139141e-06
0.0046799215707283,21,190,102,1.4248332153243837e-05,0.0,9.979157112233183e-06
0.0046899553929787155,21,190,102,0.0001361543745848487,0.0,9.983686365733213e-06
0.004699961611564102,21,191,102,0.00017161945236260356,0.0,1.0012860306607418e-05
0.00470997886724952,21,191,102,0.00017168711632355171,0.0,1.0056465635899237e-05
0.004719991295026416,21,190,102,0.0001841024674580638,0.0,1.0079706393328891e-05
0.004729954102260631,21,189,102,0.0002056717055851226,0.0,1.0136546198524776e-05
0.004739951558926729,21,188,102,0.00021354186390638852,0.0,1.0213902943145836e-05
0.004749976221410014,21,189,102,0.00023298837261348515,0.0,1.0346994859716796e-05
0.004759973394030488,21,190,102,0.0002791018346440105,0.0,1.0552377991301931e-05
0.00476995250427141,21,190,102,0.00030588995895500237,0.0,1.083038007354542e-05
0.004779964479237772,21,191,102,0.0003183614020473152,0.0,1.1046516798257633e-05
0.004789983749034776,21,191,102,0.00031894524412286185,0.0,1.1318755686107185e-05
0.0047999682090455595,21,191,102,0.00030895643971994013,0.0,1.1564045151235547e-05
0.00480991373333272,21,191,102,0.00029784310812641657,0.0,1.1703237511651032e-05
0.004819932799021276,21,192,102,0.00029589244766672906,0.0,1.1796291308874274e-05
0.0048299793465016085,21,191,102,0.00031098155211436995,0.0,1.1946198521600726e-05
0.004839970686725118,21,191,102,0.0003224013862394848,0.0,1.2120733656445504e-05
0.004849931831240424,21,191,102,0.0003227660198945048,0.0,1.2257579222907378e-05
0.004859969409881713,21,190,102,0.00032358348479147314,0.0,1.2386182155238457e-05
0.00486991899931997,21,190,102,0.00031957697552902065,0.0,1.2508698063323775e-05
0.004879930115784751,21,189,102,0.00028636294199528567,0.0,1.2610730292100802e-05
0.004889920525183223,21,189,102,0.000258971076024489,0.0,1.2697085686685927e-05
0.004899948386096598,21,190,102,0.00025077495249360704,0.0,1.2748445816807008e-05
0.004909908911364776,21,190,102,0.0002523370023146815,0.0,1.2798797149965457e-05
0.004919958753372804,21,189,102,0.00024606296350862533,0.0,1.2849584763247046e-05
0.004929984058006581,21,189,102,0.00023860334159925278,0.0,1.2888219269174828e-05
0.004939981936206735,21,189,102,0.0002148718937526467,0.0,1.2913831248656527e-05
0.004949964289345414,21,189,102,0.00019550750282672225,0.0,1.2924183650703247e-05
0.004959969961268749,21,188,102,0.00019018325649407253,0.0,1.2934280219673022e-05
0.004969923802433727,21,189,102,0.00017512734896066307,0.0,1.2931747078642752e-05
0.004979941206422313,21,190,102,0.00016074603797749942,0.0,1.2923692647631713e-05
0.004989977455528811,21,191,102,0.00016689515258352938,0.0,1.2918351528973249e-05
0.004999947640281333,21,191,102,0.00017922585168334004,0.0,1.2922612405014133e-05
0.005009967315182216,21,190,102,0.00017771219489094714,0.0,1.291286699442451e-05
0.005019934863814494,21,190,102,0.00017324014080047356,0.0,1.28878573071034e-05
0.005029936860392465,21,188,102,0.0001271664897512792,0.0,1.2847990412956367e-05
0.00503993193757348,21,188,102,9.13542465916517e-05,0.0,1.279973939202761e-05
0.00504995094492413,21,189,102,8.902133439851745e-05,0.0,1.2748628672620832e-05
0.005059946360903959,21,189,102,0.00011967713719539252,0.0,1.2701449878055326e-05
0.005069970749779916,21,188,102,0.00013302080026048047,0.0,1.2653457478584151e-05
0.005079918280771496,21,189,102,0.00012363051637308275,0.0,1.2593866460880454e-05
0.005089915279186643,21,189,102,0.00011889818529810248,0.0,1.2527966597591922e-05
0.00509996799279419,21,188,102,0.0001564811606897809,0.0,1.2496932734001875e-05
0.005109933333977676,21,188,102,0.0001772380102804394,0.0,1.248258827549198e-05
0.0051199304363222925,21,188,102,0.00019769748717625435,0.0,1.2482421070908467e-05
0.005129959957080668,21,188,102,0.00019380711777894355,0.0,1.2488238760238746e-05
0.005139989143316008,21,188,102,0.00020336894631829694,0.0,1.2495023408665151e-05
0.005149983724835692,21,187,102,0.00015472673430136363,0.0,1.2491604635733733e-05
0.005159966723948674,21,187,102,0.00013675388190174942,0.0,1.2453564771197634e-05
0.00516995865708848,21,187,102,0.00010980427686162197,0.0,1.239088005661193e-05
0.005179942750077694,21,187,102,0.00010593731614931545,0.0,1.237031657697063e-05
0.005189940087468054,21,187,102,0.00010198293567702243,0.0,1.2404862237108683e-05
0.005199944985322758,21,187,102,8.985070001736595e-05,0.0,1.2395215573834939e-05
0.005209956586460873,21,187,102,8.398029067498147e-05,0.0,1.2323337828440417e-05
0.005219957037803763,21,187,102,7.482314544926538e-05,0.0,1.2255323257326367e-05
0.00522996917646512,21,187,102,8.482498378445391e-05,0.0,1.2184709196810806e-05
0.005239988710203392,21,187,102,0.00010321246797789785,0.0,1.2119141972299907e-05
0.005249970468686556,21,187,102,7.340590507073919e-05,0.0,1.205895414996272e-05
0.005259931892378138,21,187,102,7.606758327630136e-05,0.0,1.1993463937320925e-05
0.0052699344049177855,21,186,102,9.723958451286763e-05,0.0,1.1973039682589004e-05
0.005279908024850372,21,186,102,9.31397557075303e-05,0.0,1.2036212458876872e-05
0.005289987972716815,21,186,102,0.00010940363935224573,0.0,1.2081574654793092e-05
0.005299996765827227,21,186,102,0.0001140805570225556,0.0,1.2007299848793007e-05
0.005309925667770446,21,186,102,7.860449513245882e-05,0.0,1.1895090843566658e-05
0.00531995821975301,21,186,102,4.347364443134383e-05,0.0,1.1792437248164811e-05
0.005329976455274406,21,186,102,5.293777548923129e-05,0.0,1.1700707165385182e-05
0.005339996498528861,21,186,102,4.2644182468895564e-05,0.0,1.1605958361249336e-05
0.005349968448169372,21,186,102,0.0,0.0,1.150525011472947e-05
0.005359982377185069,21,186,102,0.0,0.0,1.140847668296141e-05
0.0053699248316167085,21,186,102,0.0,0.0,1.1312552684189514e-05
0.005379988169099694,21,186,102,0.0,0.0,1.121516882360285e-05
0.005389970380445679,21,186,102,4.770193401605616e-05,0.0,1.1121847407535856e-05
0.005399984643263911,21,186,102,4.5284758049116136e-05,0.0,1.1030161604141941e-05
0.005409940742974033,21,186,102,5.1030369697960265e-05,0.0,1.0940941428616568e-05
0.005419955905370371,21,186,102,4.903377625341265e-05,0.0,1.085121431290692e-05
0.0054299991695994,21,186,102,1.7108003371874014e-06,0.0,1.076006911227001e-05
0.005439968993387029,21,186,102,0.00011407195844649609,0.0,1.068747589530461e-05
0.005449955348060677,21,186,102,0.0001474094600157766,0.0,1.0708084029587006e-05
0.005459933627296269,21,186,102,0.0001635694572309082,0.0,1.071100297803107e-05
0.005469993437410275,21,186,102,0.00011497867895590708,0.0,1.066709755059847e-05
0.005479913503270013,21,186,102,6.775781438393691e-05,0.0,1.0584192064844178e-05
0.005489933512376281,21,186,102,6.392332091025021e-05,0.0,1.051127526685569e-05
0.005499917435418923,21,187,102,9.04184589749224e-05,0.0,1.0463562478024713e-05
0.005509992253771701,21,186,102,0.00010232411351411563,0.0,1.0430210988787714e-05
0.0055199737419409384,21,186,102,9.458525904902648e-05,0.0,1.0378640967118047e-05
0.005529917993488764,21,187,102,0.00012333847504511497,0.0,1.0320954437814667e-05
0.005539988079787385,21,187,102,7.945253973229427e-05,0.0,1.02617217584422e-05
0.005549975489711875,21,187,102,4.941008000364233e-05,0.0,1.0201410258148247e-05
0.005559990341585594,21,187,102,4.584516694300378e-05,0.0,1.0150210022819017e-05
0.0055699920102579665,21,187,102,0.0,0.0,1.0102408919965278e-05
0.005579912752454256,21,188,102,0.0,0.0,1.0059970156767184e-05
0.005589941683857317,21,188,102,0.0,0.0,1.0022392452430084e-05
0.005599974093834973,21,188,102,0.0,0.0,9.989628894785385e-06
0.005609916462963773,21,188,102,0.0,0.0,9.962706664340404e-06
0.005619919889718584,21,187,102,5.2650761964465054e-05,0.0,9.942877445739962e-06
0.005629913800236845,21,187,102,8.124009933314913e-05,0.0,9.958514328417545e-06
0.0056399836355988005,21,186,102,9.605714927161946e-05,0.0,1.005454784974713e-05
0.0056499357965626214,21,186,102,7.390682108876501e-05,0.0,1.0084269771643006e-05
0.005659945426296173,21,186,102,0.00013809412053550352,0.0,1.0126644742980417e-05
0.005669963148084984,21,188,102,0.00013907095783483037,0.0,1.0188578006803395e-05
0.005679998330351857,21,188,102,0.00013281720667118746,0.0,1.0206510494603638e-05
0.005689990040161943,21,188,102,5.837391391744218e-05,0.0,1.0205733910390036e-05
0.005699978285187614,21,188,102,0.0,0.0,1.0218059991184969e-05
0.005709969890816828,21,187,102,0.0,0.0,1.023922489820639e-05
0.005719958291841636,21,187,102,0.0,0.0,1.026199558398777e-05
0.005729978341896095,21,187,102,0.0,0.0,1.0285886064054228e-05
0.005739938575575478,21,187,102,0.0,0.0,1.0313859497429467e-05
0.005749919769745465,21,188,102,0.0,0.0,1.034272211405951e-05
0.0057599306205504235,21,188,102,1.6905838667452544e-05,0.0,1.037286326585618e-05
0.005769950460866033,21,188,102,3.715273216538251e-05,0.0,1.0404753310988557e-05
0.005779978186160672,21,188,102,9.209925851466627e-05,0.0,1.0440031575326136e-05
0.005789971887581855,21,190,102,0.00010180612580275306,0.0,1.0478139508912632e-05
0.005799952402075876,21,190,102,0.00010014516027677389,0.0,1.0512208629964714e-05
0.005809987235217036,21,190,102,0.00010250307929803026,0.0,1.0558542164862406e-05
0.005819958782480866,21,190,102,0.0001467036410885414,0.0,1.0655889506772098e-05
0.0058299511096653244,21,189,102,0.0001395727523453294,0.0,1.0785840937027613e-05
0.005839933947194048,21,188,102,0.00013594790773237275,0.0,1.0878504339006945e-05
0.005849989900036662,21,188,102,0.00016177874027971384,0.0,1.0966432226894307e-05
0.005859990209838751,21,188,102,0.00018369400295334404,0.0,1.1054448619873813e-05
0.0058699102255640855,21,189,102,0.00019985934875357825,0.0,1.114190485801414e-05
0.005879922726553608,21,188,102,0.00019748591213333833,0.0,1.1218701971987821e-05
0.005889913708367119,21,189,102,0.0002524623198316006,0.0,1.1288611014209637e-05
0.005899930862695966,21,188,102,0.0001881989003713891,0.0,1.1360710356705939e-05
0.005909990371631426,21,188,102,0.00020468286769963207,0.0,1.1450166612997359e-05
0.005919993795893684,21,188,102,0.00021872511573775566,0.0,1.1548335585920277e-05
0.00592992135226599,21,187,102,0.00021394499270384337,0.0,1.1653654563958948e-05
0.005939954476550426,21,187,102,0.00021611461671317,0.0,1.1735367467735625e-05
0.005949960992809434,21,187,102,0.0002072869942150446,0.0,1.1797737107216433e-05
0.005959918219406262,21,187,102,0.00020395617204127525,0.0,1.1882702165955106e-05
0.005969939513604672,21,187,102,0.00020525294792765603,0.0,1.201904481634708e-05
0.005979948558524018,21,187,102,0.0002163978857658566,0.0,1.2098617811179269e-05
0.005989943091660013,21,188,102,0.00027575955808296915,0.0,1.2159403923017731e-05
0.005999937804412406,21,187,102,0.0002182975128217357,0.0,1.2210523099770443e-05
0.006009937067592567,21,187,102,0.0002152763300859728,0.0,1.2246976003549292e-05
0.00601994034105214,21,187,102,0.00021521370627594627,0.0,1.2281028320626497e-05
0.006029934792469381,21,188,102,0.00026023343721155723,0.0,1.2313781910244792e-05
0.006039946901911979,21,189,102,0.0002344360391728223,0.0,1.2318677560740898e-05
0.00604996958368752,21,187,102,0.0001627728912090981,0.0,1.2302572444611304e-05
0.006059989023901885,21,187,102,0.00016500953942820418,0.0,1.2270497410121761e-05
0.006069952069513964,21,187,102,0.00014383290120928427,0.0,1.2199915265798111e-05
0.00607991551740062,21,187,102,0.00014273028205519234,0.0,1.2125734030671298e-05
0.006089982692196953,21,187,102,0.00012504816971302402,0.0,1.2044473923278343e-05
0.0060999114614453285,21,187,102,0.00011213886489863656,0.0,1.1959461760774337e-05
0.006109967685002379,21,188,102,7.322646122884247e-05,0.0,1.1859849530837518e-05
0.0061199120629411696,21,188,102,6.138458457394247e-05,0.0,1.1759494595725561e-05
0.006129986028219395,21,188,102,5.316925125417593e-05,0.0,1.1657044741125722e-05
0.0061399630474115,21,187,102,6.782871140098568e-05,0.0,1.1555681926428418e-05
0.006149975994534296,21,187,102,5.5803727068148845e-05,0.0,1.1450060673934281e-05
0.006159920566713967,21,188,102,4.833074016422079e-05,0.0,1.1344110402350394e-05
0.006169994876389892,21,188,102,6.24085267429686e-05,0.0,1.1237264418428872e-05
0.006179912007263211,21,188,102,9.241193546503934e-05,0.0,1.1134504439264115e-05
0.006189977128036395,21,188,102,0.00011733234203478715,0.0,1.1034019737732326e-05
0.006199947079643685,21,189,102,0.0001459708891980993,0.0,1.0967395007749348e-05
0.006209983605210726,21,190,102,0.0001768088872761281,0.0,1.0908165918116497e-05
0.006219928413103865,21,189,102,0.0001661276241189391,0.0,1.0835704517958566e-05
0.006229985724663887,21,189,102,0.00013346282940257526,0.0,1.0741877839892666e-05
0.0062399993903677255,21,189,102,0.0001304435947210858,0.0,1.064410813292338e-05
0.006249908397721251,21,189,102,0.00013815225346726356,0.0,1.0561149340893028e-05
0.006259941807628422,21,189,102,0.0001614912591872547,0.0,1.0503759168056792e-05
0.0062699838768121895,21,189,102,0.00017381300186779247,0.0,1.0472853051585185e-05
0.006279908112058285,21,189,102,0.00015499948918905326,0.0,1.044782060274918e-05
0.006289950227128506,21,189,102,0.00017127720064670504,0.0,1.0450091682545626e-05
0.006299936639266915,21,189,102,0.00018181262666853992,0.0,1.047858990582684e-05
0.006309920768377073,21,189,102,0.00016180243599279998,0.0,1.0465983782570465e-05
0.0063199885550454795,21,190,102,0.00013502081237307118,0.0,1.0411504312940467e-05
0.006329939481294261,21,190,102,0.0001273122800149601,0.0,1.0400802376409057e-05
0.0063399314547561885,21,188,102,0.000135755788243902,0.0,1.04068704830651e-05
0.006349935651479505,21,189,102,0.0001525471161199221,0.0,1.0379029948187624e-05
0.006359971742981876,21,189,102,0.00015233280684753825,0.0,1.0306204468152336e-05
0.006369921325474711,21,189,102,0.00014857987584106225,0.0,1.021746421725478e-05
0.006379933370377549,21,188,102,0.00011295984856959929,0.0,1.0154752786178944e-05
0.0063899922485101965,21,187,102,6.529524233887807e-05,0.0,1.0112246908833278e-05
0.006399998016834466,21,187,102,7.658409176042325e-05,0.0,1.0018247734000507e-05
0.006409965908098025,21,186,102,9.648738955737868e-05,0.0,9.921487469338741e-06
0.0064199288769871184,21,186,102,6.957196484735917e-05,0.0,9.83657580243269e-06
0.006429984080371857,21,186,102,9.290473561614221e-05,0.0,9.775811429399428e-06
0.006439950979885835,21,186,102,8.450388591507707e-05,0.0,9.715644761168485e-06
0.006449968853897157,21,187,102,7.609383962568772e-05,0.0,9.61069126396985e-06
0.006459944024228383,21,187,102,5.180644103799925e-05,0.0,9.48819274898538e-06
0.00646992140318671,21,187,102,1.2269749919163742e-05,0.0,9.375883669338059e-06
0.006479931083933525,21,187,102,0.0,0.0,9.268404224507809e-06
0.006489981357862346,21,188,102,2.7975288607443027e-05,0.0,9.161682220260037e-06
0.0064999218557151295,21,188,102,5.04846223305655e-05,0.0,9.060866954929692e-06
0.006509912038429097,21,188,102,5.251350588222903e-05,0.0,8.957477061602437e-06
0.0065199554821674085,21,188,102,1.7250148226219397e-05,0.0,8.855249454611802e-06
0.006529999877280387,21,188,102,0.0,0.0,8.755340820953972e-06
0.0065399197690181494,21,189,102,0.0,0.0,8.658811873174521e-06
0.006549975574127172,21,189,102,0.0,0.0,8.5634261925982e-06
0.006559906970460122,21,189,102,0.0,0.0,8.471190688849606e-06
0.00656995514625806,21,188,102,0.0,0.0,8.4219545542219e-06
0.006579937072554525,21,187,102,0.0,0.0,8.366904064971425e-06
0.006589979839639192,21,187,102,0.0,0.0,8.313260709977288e-06
0.006599980460893383,21,186,102,0.0,0.0,8.264515706832287e-06
0.006609927404092334,21,187,102,0.0,0.0,8.219520553215398e-06
0.006619974166945924,21,187,102,0.0,0.0,8.171715956073466e-06
0.006629985440401763,21,187,102,7.48078692809212e-05,0.0,8.127542814387323e-06
0.006639910409895069,21,187,102,0.00011908030394310043,0.0,8.103688502125728e-06
0.00664991538375746,21,186,102,8.389765089561463e-05,0.0,8.066695182523675e-06
0.006659943687220561,21,186,102,7.108859270704704e-05,0.0,8.0379386602214e-06
0.006669994848514911,21,186,102,9.07656400786494e-05,0.0,8.019574843282085e-06
0.006679904665383038,21,186,102,0.00010369676251176241,0.0,8.02643937025671e-06
0.0066899534732531695,21,186,102,9.977765253220416e-05,0.0,8.008995393785079e-06
0.006699931448259682,21,186,102,7.585376584511028e-05,0.0,7.970840382454103e-06
0.006709910171290953,21,186,102,3.397644114447318e-05,0.0,7.917548653924023e-06
0.006719986653971043,21,186,102,0.0,0.0,7.883353074195076e-06
0.006729961349180317,21,186,102,0.0,0.0,7.850779346868508e-06
0.006739942449723027,21,186,102,0.0,0.0,7.822983129540662e-06
0.006749931011296883,21,186,102,2.74820005848192e-05,0.0,7.79550036485166e-06
0.006759966091071676,21,186,102,2.9605748675720633e-05,0.0,7.771338432105424e-06
0.006769998684617404,21,186,102,0.0,0.0,7.747496146084942e-06
0.006779957429028177,21,186,102,0.0,0.0,7.726131406149417e-06
0.006789960608538536,21,186,102,0.0,0.0,7.706121064779414e-06
0.006799934530356155,21,186,102,0.0,0.0,7.687862353250585e-06
0.00680997659299232,21,186,102,0.0,0.0,7.671280085594367e-06
0.0068199680649482074,21,186,102,0.0,0.0,7.65603223117084e-06
0.006829932729634542,21,186,102,0.0,0.0,7.64241208918437e-06
0.00683994618872857,21,186,102,4.394649395958461e-06,0.0,7.630107262915353e-06
0.006849914439134305,21,186,102,5.747846213914609e-05,0.0,7.619685306645141e-06
0.00685990642725763,21,186,102,6.024825661858635e-05,0.0,7.610596705509565e-06
0.006869948705335031,21,186,102,8.274417882599139e-05,0.0,7.603842450604192e-06
0.006879984081916433,21,186,102,6.443326223619372e-05,0.0,7.59626882160247e-06
0.006889955642164266,21,186,102,4.2775728549895864e-05,0.0,7.5890821808477504e-06
0.006899974232583369,21,186,102,2.0345880369435076e-05,0.0,7.583236362490586e-06
0.006909913441347133,21,186,102,0.0,0.0,7.578060618448901e-06
0.006919933494961933,21,186,102,0.0,0.0,7.5736316825919525e-06
0.006929909249721251,21,186,102,2.3908524124496844e-05,0.0,7.569731472409358e-06
0.0069399310513287935,21,186,102,6.0574509804581234e-05,0.0,7.57003729413841e-06
0.006949935407502715,21,186,102,6.942270366687431e-05,0.0,7.568853057846048e-06
0.006959945650813142,21,186,102,3.070570167022779e-05,0.0,7.56339571530984e-06
0.006969940485888778,21,186,102,2.443927429247872e-05,0.0,7.559266342549442e-06
0.0069799289598506675,21,187,102,2.5507002107988397e-05,0.0,7.555535354239473e-06
0.006989932845444611,21,187,102,9.464523351597476e-05,0.0,7.552025211562952e-06
0.006999920068769939,21,187,102,0.00013530404102429783,0.0,7.559448130300961e-06
0.007009944684065116,21,187,102,0.00014298322669892283,0.0,7.598069033762367e-06
0.007019930750358161,21,187,102,0.00010374369183749343,0.0,7.616317082223545e-06
0.007029921922209954,21,187,102,0.00013106790827169257,0.0,7.621101240695705e-06
0.007039918811097588,21,189,102,0.00014766536571639288,0.0,7.653544336613805e-06
0.007049977859236246,21,188,102,0.0001724380098160061,0.0,7.687415406756881e-06
0.0070599170590927235,21,189,102,0.00017202363148700883,0.0,7.72439688072335e-06
0.007069974525590436,21,189,102,0.00015308149945100769,0.0,7.786735624487617e-06
0.007079961527438657,21,189,102,0.00017824160382522158,0.0,7.89115986558897e-06
0.00708991395330817,21,189,102,0.00017218921255454656,0.0,7.926885052425559e-06
0.007099988635955679,21,189,102,0.00018750283033726334,0.0,7.956084323065826e-06
0.007109943053987518,21,189,102,0.0002085987281034707,0.0,7.988315763179932e-06
0.00711997258288509,21,189,102,0.00018915573779211547,0.0,8.01111575510216e-06
0.007129967946589635,21,189,102,0.00015889458004902934,0.0,8.026078124376279e-06
0.007139936922163725,21,189,102,0.00016306093605010508,0.0,8.043945468494407e-06
0.007149988964572147,21,189,102,0.00016364352929323922,0.0,8.074286792503216e-06
0.007159955334727751,21,189,102,0.00016072472151384964,0.0,8.107858331204976e-06
0.007169913031007207,21,189,102,0.00016375506458207734,0.0,8.115276226003387e-06
0.007179977408388139,21,189,102,0.00015723928364994033,0.0,8.130264492853256e-06
0.007189982089533592,21,189,102,0.00016726654384362216,0.0,8.161559312075406e-06
0.0071999952738831,21,190,102,0.00014456078054479737,0.0,8.17152901226581e-06
0.007209935956712547,21,189,102,0.00014728596326436805,0.0,8.132724978862638e-06
0.007219925718505561,21,188,102,0.00013595715709444067,0.0,8.122633253018763e-06
0.007229951843949174,21,187,102,0.00011450972878318533,0.0,8.10345426038861e-06
0.007239941662875929,21,187,102,0.00010441834565927399,0.0,8.067999912056423e-06
0.007249962337825192,21,187,102,0.0001050809059643526,0.0,8.048736882843022e-06
0.0072599942906702904,21,187,102,9.43267245769458e-05,0.0,8.019564163144755e-06
0.007269911151871566,21,187,102,8.0603756401329e-05,0.0,7.995999522544817e-06
0.007279941168301807,21,187,102,6.381557164733542e-05,0.0,7.96127181823536e-06
0.007289978161466275,21,187,102,6.208170245135258e-05,0.0,7.926772098709733e-06
0.007299960506867138,21,187,102,4.9222598696524456e-05,0.0,7.891897574774376e-06
0.007309973087739587,21,187,102,6.938220931011763e-05,0.0,7.861828288158179e-06
0.007319976147350088,21,187,102,9.12459142369676e-05,0.0,7.851764014896179e-06
0.007329993685551819,21,187,102,0.00012025530060420786,0.0,7.864789173278597e-06
0.007339910852399036,21,187,102,0.00014901328743306685,0.0,7.915378040956877e-06
0.007349966690422496,21,187,102,0.00014358001192874004,0.0,7.957405744621338e-06
0.007359933110809444,21,187,102,0.00011912663203279827,0.0,7.90453104074218e-06
0.007369960741798812,21,187,102,0.0001312302543846483,0.0,7.86528547787324e-06
0.007379933750879526,21,187,102,0.00014146820637575552,0.0,7.875152480435466e-06
0.00738993655213945,21,187,102,0.00015716478196659,0.0,7.879795012877278e-06
0.00739994532755618,21,187,102,0.00014910140742296907,0.0,7.893202258871246e-06
0.007409996869091347,21,187,102,0.00014565073260346117,0.0,7.876810976484294e-06
0.007419976557024302,21,187,102,0.00014271906525449574,0.0,7.884609284358746e-06
0.007429939176455964,21,187,102,0.000155113392329001,0.0,7.877241316539552e-06
0.007439962389530959,21,187,102,0.00014366361609305378,0.0,7.876591541250422e-06
0.007449938770925068,21,187,102,0.00013908495936765242,0.0,7.863932378948668e-06
0.007459947708871391,21,187,102,0.00012834164815000992,0.0,7.84583806225092e-06
0.00746991868973709,21,188,102,0.00011785719213688872,0.0,7.8261747094438e-06
0.007479956525334767,21,188,102,0.00010947617821299716,0.0,7.778083035189787e-06
0.007489983628930473,21,188,102,9.639467883311437e-05,0.0,7.733442492149911e-06
0.007499910369090519,21,188,102,8.453586188912621e-05,0.0,7.690270687601974e-06
0.0075099930016335895,21,188,102,0.00010132702933522697,0.0,7.656358490384929e-06
0.00751994875307237,21,189,102,0.00010884464253273218,0.0,7.670518749877675e-06
0.007529994536994304,21,189,102,0.00010831211023450138,0.0,7.678167410998804e-06
0.007539994523760014,21,188,102,9.038516431801591e-05,0.0,7.658012763200883e-06
0.007549939652535006,21,187,102,7.735942232477144e-05,0.0,7.63892559307866e-06
0.007559960997576303,21,187,102,4.920439070144056e-05,0.0,7.590453316982937e-06
0.00756996075892934,21,187,102,8.805272301959377e-05,0.0,7.5423308124739075e-06
0.007579979439518363,21,189,102,9.459110169300622e-05,0.0,7.5087260353184915e-06
0.0075899204679238195,21,189,102,6.80766929849197e-05,0.0,7.468233863938689e-06
0.007599909674314194,21,190,102,5.457991209963098e-05,0.0,7.4229368702410925e-06
0.007609996328440814,21,189,102,5.615176849786685e-05,0.0,7.378731611135114e-06
0.007619966125814434,21,189,102,1.6570064915982785e-05,0.0,7.332075342716959e-06
0.007629999597367306,21,189,102,7.359106470390675e-05,0.0,7.2920590827724174e-06
0.007639997017105952,21,189,102,0.00012512858793876924,0.0,7.2668797128222495e-06
0.007649960593690185,21,188,102,0.00013370434494439087,0.0,7.231024559267718e-06
0.007659991336846899,21,188,102,0.00013906214451628318,0.0,7.194168191365646e-06
0.007669912436121577,21,188,102,0.00013112622352015602,0.0,7.16524072250091e-06
0.007679958882958232,21,188,102,0.00011643733682240032,0.0,7.135373746969265e-06
0.007689950669854531,21,188,102,8.32201163335905e-05,0.0,7.0952818524011585e-06
0.007699954396933604,21,188,102,8.046079571945308e-05,0.0,7.049395791811075e-06
0.007709949956222794,21,187,102,4.2401133241304345e-05,0.0,7.006477074730788e-06
0.007719996069809609,21,187,102,0.0,0.0,6.9644727404005735e-06
0.007729952858810024,21,187,102,0.0,0.0,6.924840086589001e-06
0.007739931886460577,21,186,102,8.564820030573794e-05,0.0,6.887849588396722e-06
0.007749976486848588,21,186,102,8.554372432138801e-05,0.0,6.886631383914987e-06
0.0077599590461823725,21,186,102,0.00010004560409315744,0.0,6.920798411663709e-06
0.007769937744482537,21,186,102,7.037956024594227e-05,0.0,6.952827798556438e-06
0.007779959350818157,21,186,102,9.200781868663743e-05,0.0,6.969391501382427e-06
0.007789947725276828,21,186,102,7.795954931941185e-05,0.0,6.9080339485799724e-06
0.007799930834772637,21,186,102,7.55945401018504e-05,0.0,6.8872255137159e-06
0.007809942841906563,21,186,102,6.533955001919445e-05,0.0,6.833000890049679e-06
0.007819935988984467,21,186,102,6.189024263346388e-05,0.0,6.815296940146376e-06
0.007829993809564227,21,186,102,7.479992564300708e-05,0.0,6.79184487713258e-06
0.007839933200617336,21,186,102,9.99654680219203e-05,0.0,6.770394204089203e-06
0.007849977225422172,21,186,102,0.00010589763501464566,0.0,6.7875065092315445e-06
0.007859973564728817,21,186,102,9.671120758245055e-05,0.0,6.774252514871182e-06
0.007869921703007281,21,186,102,7.169418079686074e-05,0.0,6.7261015001957025e-06
0.00787994796290421,21,186,102,5.5586765650553205e-05,0.0,6.670184117013589e-06
0.00788996097377839,21,186,102,6.356619863209789e-05,0.0,6.635926281306492e-06
0.007899993125121504,21,186,102,5.425703727579556e-05,0.0,6.591156108487484e-06
0.00790996656907794,21,186,102,4.1081510104873376e-05,0.0,6.547420710836804e-06
0.007919926403830525,21,186,102,3.984453621462547e-05,0.0,6.509040496691099e-06
0.007929950813176658,21,186,102,0.0,0.0,6.4702500465335655e-06
0.007939944621635402,21,186,102,0.0,0.0,6.433079761183902e-06
0.007949908863073996,21,186,102,0.0,0.0,6.396545450468305e-06
0.007959936087376482,21,186,102,0.0,0.0,6.360115927847576e-06
0.007969921074524159,21,186,102,0.0,0.0,6.324245679492635e-06
0.007979907819456192,21,186,102,0.0,0.0,6.288641562379738e-06
0.007989982054635351,21,186,102,0.0,0.0,6.253052316718133e-06
0.007999952943651458,21,186,102,0.0,0.0,6.217950259831961e-06
0.008000043243988458,21,186,102,0.0,0.0,6.217632698243825e-06
0.0,22,186,102,0.0,0.0,0.0
9.922247410957487e-06,22,186,102,0.00021664149155424753,0.0,8.289073555267645e-06
1.9911010100103482e-05,22,186,102,0.00025913016904773907,0.0,7.963820697464569e-06
2.993688058315728e-05,22,187,102,0.00034095150799273667,0.0,6.589982892258456e-06
3.996939289347291e-05,22,187,102,0.0003238009193111375,0.0,6.555505805392464e-06
4.998414598899564e-05,22,187,102,0.00031793825565101113,0.0,6.431188119245326e-06
5.9932881733898495e-05,22,188,102,0.0003221927847805862,0.0,6.155223050188438e-06
6.994938499620818e-05,22,188,102,0.00040328087346283917,0.0,6.282681664681114e-06
7.99956658444267e-05,22,190,102,0.00039322328705527587,0.0,6.494714914375213e-06
8.991405841191714e-05,22,190,102,0.00038443076319621635,0.0,7.148078954084813e-06
9.994039248559567e-05,22,190,102,0.0003871149474865671,0.0,7.343462575519488e-06
0.00010997986921971191,22,190,102,0.0003959989551889421,0.0,7.426115357667476e-06
0.00011997424267381853,22,190,102,0.0003557844937275437,0.0,7.180126033332068e-06
0.0001299126175778478,22,190,102,0.00033902289100864015,0.0,7.161679720243952e-06
0.00013993983922835294,22,189,102,0.00033734424830824707,0.0,7.2310175932704945e-06
0.0001499353447830623,22,190,102,0.00029435313629961723,0.0,7.187899174596404e-06
0.0001599989459916274,22,190,102,0.0002628043940791306,0.0,7.076114971558273e-06
0.00016991524374103674,22,190,102,0.00022366651073693882,0.0,6.884332277759531e-06
0.00017993065560428047,22,190,102,0.00019503875988817216,0.0,6.762327508763599e-06
0.0001899141290410538,22,188,102,0.00015609745949506353,0.0,6.662037082761502e-06
0.0001999135763752411,22,188,102,9.878272709096855e-05,0.0,6.610641566475936e-06
0.00020991991280031185,22,191,102,7.820152871776918e-05,0.0,6.551177582372891e-06
0.00021991493641925822,22,189,102,0.0,0.0,6.504977015688029e-06
0.00022999943792407715,22,189,102,0.0,0.0,6.451990846000066e-06
0.00023993359600691017,22,189,102,0.0,0.0,6.406622607320334e-06
0.0002499729423718989,22,184,102,0.0,0.0,6.384990664305701e-06
0.0002599789545651645,22,182,102,0.0,0.0,6.360295925045278e-06
0.00026995711405495095,22,180,102,0.0,0.0,6.3367872577477224e-06
0.0002799853857041358,22,181,102,0.0,0.0,6.3180997129548555e-06
0.0002899999405535442,22,181,102,0.0,0.0,6.2966308792405945e-06
0.0002999781696643751,22,180,102,0.0,0.0,6.276317382664792e-06
0.0003099206142607675,22,180,102,0.0,0.0,6.256071921791062e-06
0.0003199988634950918,22,180,102,0.0,0.0,6.236394258823247e-06
0.0003299436415803435,22,182,102,0.0,0.0,6.218907119576178e-06
0.0003399301820961469,22,182,68,0.0,0.0,5.914183476628948e-06
0.00034992136746543053,22,181,68,0.0,0.0,5.8983989515357105e-06
0.0003599799920546302,22,181,60,0.0,0.0,5.663149997951061e-06
0.0003699938587694371,22,181,60,0.0,0.0,5.647678539215384e-06
0.00037999161468368334,22,180,60,0.0,0.0,5.636610150364096e-06
0.0003899238971479202,22,180,60,0.0,0.0,5.625119324559336e-06
0.0003999771536394445,22,182,60,0.0,0.0,5.615041749923444e-06
0.00040992156583417926,22,183,60,0.0,0.0,5.604216491036235e-06
0.000419984110935013,22,185,60,0.0,0.0,5.5941551896886155e-06
0.0004299915650980782,22,187,60,0.0,0.0,5.583483931211053e-06
0.00043999338066849376,22,188,60,0.0,0.0,5.573280807125852e-06
0.00044994423221323955,22,189,60,0.0,0.0,5.562697995658422e-06
0.0004599649158335941,22,190,60,0.0,0.0,5.552270054741404e-06
0.00046994003771308197,22,191,60,0.0,0.0,5.54147271572894e-06
0.00047994568792460613,22,191,60,0.0,0.0,5.530176379511809e-06
0.0004899148580640376,22,191,60,0.0,0.0,5.5183545276532575e-06
0.0004999297090405658,22,191,60,0.0,0.0,5.506325168498638e-06
0.0005099054159186451,22,190,60,0.0,0.0,5.494560772704299e-06
0.000519981994583292,22,190,60,0.0,0.0,5.48311246267516e-06
0.0005299441086851431,22,188,60,0.0,0.0,5.472165914129079e-06
0.0005399712768772381,22,188,60,0.0,0.0,5.461456963663097e-06
0.0005499935303925164,22,188,60,0.0,0.0,5.450993641607088e-06
0.0005599937342305726,22,187,60,0.0,0.0,5.440707831295966e-06
0.0005699985093516916,22,187,60,0.0,0.0,5.430542882767231e-06
0.0005799028852075311,22,187,60,0.0,0.0,5.420541669649143e-06
0.0005899547636891591,22,187,60,0.0,0.0,5.410449625327385e-06
0.0005999902882235036,22,187,60,0.0,0.0,5.400330535958869e-06
0.0006099086800153459,22,186,60,0.0,0.0,5.390413839442831e-06
0.0006199794932567206,22,186,60,0.0,0.0,5.380475146227193e-06
0.0006299831186600116,22,186,60,0.0,0.0,5.36998087044549e-06
0.0006399561706936839,22,186,60,0.0,0.0,5.3591421942528195e-06
0.0006499239516339595,22,186,60,0.0,0.0,5.348275922870127e-06
0.0006599527742197209,22,186,60,0.0,0.0,5.33725625023046e-06
0.0006699258596927954,22,185,60,0.0,0.0,5.3264247298207e-06
0.0006799526021135174,22,184,60,0.0,0.0,5.315605755812358e-06
0.0006899659491017627,22,184,60,0.0,0.0,5.30494995940739e-06
0.0006999121683541794,22,184,60,0.0,0.0,5.2944667897139586e-06
0.0007099090405852459,22,184,60,0.0,0.0,5.28406160043432e-06
0.0007199767300064189,22,185,60,0.0,0.0,5.27367906286158e-06
0.0007299593541715831,22,185,60,0.0,0.0,5.263440870206804e-06
0.0007399738855645437,22,184,60,0.0,0.0,5.253167860846952e-06
0.0007499826792937523,22,184,60,0.0,0.0,5.242872566049717e-06
0.0007599902811934819,22,184,60,0.0,0.0,5.232526018729422e-06
0.0007699401206671757,22,185,60,2.4687445221084625e-05,0.0,5.226746925116044e-06
0.0007799645290238908,22,185,60,6.899866356182074e-05,0.0,5.230151383248116e-06
0.00078993682978934,22,185,60,0.00010538540883676603,0.0,5.2366090945443755e-06
0.0007999948222802398,22,185,60,7.692036827593868e-05,0.0,5.219893660292352e-06
0.0008099978002046917,22,185,60,4.440764992657414e-06,0.0,5.201296682431911e-06
0.0008199800014729089,22,185,60,0.0,0.0,5.189382015609312e-06
0.000829909038462314,22,185,60,0.0,0.0,5.17817714984492e-06
0.0008399951160754839,22,185,60,0.0,0.0,5.167087608629051e-06
0.0008499608339811492,22,186,60,0.0,0.0,5.156437796277613e-06
0.0008599985543775782,22,185,60,0.0,0.0,5.145851032312132e-06
0.0008699997297172795,22,185,60,1.5954657569670905e-05,0.0,5.135449921991886e-06
0.0008799277582463067,22,185,60,0.00014578436322661148,0.0,5.129504577705557e-06
0.0008899439658512608,22,185,60,0.00017524813451205712,0.0,5.135274779119459e-06
0.0008999736356265238,22,185,60,0.0001803368846861539,0.0,5.14775994302219e-06
0.0009099952350021496,22,185,90,0.00017022590714353691,0.0,5.414863230815414e-06
0.0009199252448827786,22,185,90,0.0001773126825649965,0.0,5.413302351445215e-06
0.000929935012791582,22,185,90,0.0001741533056708114,0.0,5.411230894258878e-06
0.0009399429601060146,22,185,90,0.00019053700920109579,0.0,5.42731629474269e-06
0.0009499365809246556,22,185,90,0.00019061445992613751,0.0,5.43863471368089e-06
0.0009599207210015361,22,185,90,0.00017901577507870026,0.0,5.434484667471429e-06
0.0009699781705767184,22,185,90,0.00017380737981578798,0.0,5.429489923797215e-06
0.0009799556275825125,22,185,90,0.00016459050379326323,0.0,5.423558953804308e-06
0.0009899593047323159,22,185,90,0.00014667620366232842,0.0,5.408098222664526e-06
0.0009999483289549979,22,185,90,0.00010046352987209267,0.0,5.387120168190429e-06
0.001009994016908139,22,185,90,2.479218282256529e-05,0.0,5.37125291948104e-06
0.0010199283216416504,22,185,90,0.0,0.0,5.35894873530951e-06
0.0010299557181340066,22,186,90,0.0,0.0,5.347375838932189e-06
0.0010399953525857362,22,186,90,0.0,0.0,5.336359574503735e-06
0.0010499490750086517,22,186,90,0.0,0.0,5.325742963316338e-06
0.001059971529415425,22,185,90,0.0,0.0,5.315387569287955e-06
0.0010699755600261111,22,185,90,0.0,0.0,5.305256207704945e-06
0.0010799302896213766,22,186,90,0.0,0.0,5.295403589122838e-06
0.0010899954392315013,22,186,90,0.0,0.0,5.285594599405141e-06
0.0010999209609605296,22,187,90,0.0,0.0,5.2760909707849635e-06
0.0011099594135881364,22,187,90,0.0,0.0,5.266604671746999e-06
0.0011199804765322072,22,186,90,0.0,0.0,5.257256131582788e-06
0.00112994148003147,22,186,90,0.0,0.0,5.247777964539901e-06
0.0011399445500590492,22,187,90,0.0,0.0,5.238112010932938e-06
0.001149995273113647,22,187,90,0.0,0.0,5.228741441098972e-06
0.0011599552109373336,22,188,90,0.0,0.0,5.219648052834369e-06
0.0011699408263355039,22,188,102,0.0,0.0,5.425436827147245e-06
0.001179998289150875,22,187,102,0.0,0.0,5.41639813433914e-06
0.0011899069512516225,22,185,102,0.0,0.0,5.407369171581133e-06
0.001199929231953601,22,186,102,0.0,0.0,5.398245875601337e-06
0.0012099256579373842,22,184,102,0.0,0.0,5.3892812191674855e-06
0.0012199288456185447,22,184,102,0.0,0.0,5.380517903968984e-06
0.0012299478809230824,22,183,102,0.0,0.0,5.37182450342788e-06
0.001239933921709145,22,182,102,0.0,0.0,5.363221166787557e-06
0.0012499716947156258,22,183,102,0.0,0.0,5.3546751842270535e-06
0.0012599125199672686,22,183,102,0.0,0.0,5.346411505513515e-06
0.0012699506346741576,22,182,102,0.0,0.0,5.338170455435054e-06
0.0012799434003680017,22,182,102,0.0,0.0,5.330131498976209e-06
0.0012899162768992179,22,182,102,0.0,0.0,5.322245939576309e-06
0.0012999729750284375,22,182,102,0.0,0.0,5.314432327263585e-06
0.0013099058294894948,22,182,102,0.0,0.0,5.306907145938289e-06
0.0013199278811257685,22,182,102,0.0,0.0,5.2995150474910435e-06
0.0013299110489690246,22,182,102,0.0,0.0,5.292760815289732e-06
0.0013399292999196487,22,181,102,0.0,0.0,5.287852772595247e-06
0.0013499281861702693,22,181,102,0.0,0.0,5.282480401561096e-06
0.0013599355600969225,22,181,102,0.0,0.0,5.277338305006984e-06
0.001369939900508067,22,180,102,0.0,0.0,5.272308566797723e-06
0.001379974616066639,22,181,102,0.0,0.0,5.267600235683845e-06
0.0013899493421071075,22,181,102,0.0,0.0,5.263028385174562e-06
0.0013999477593217157,22,181,102,0.0,0.0,5.258736793675722e-06
0.0014099738335039223,22,181,102,0.0,0.0,5.254584941147278e-06
0.0014199166424167043,22,182,102,0.0,0.0,5.2506810942626325e-06
0.0014299145933195634,22,183,102,0.0,0.0,5.246918392098898e-06
0.0014399854129548664,22,187,102,0.0,0.0,5.243343264030309e-06
0.0014499324078525732,22,188,102,0.0,0.0,5.239968623671487e-06
0.0014599122720036202,22,190,102,0.0,0.0,5.236773761990721e-06
0.0014699647852428476,22,192,102,0.0,0.0,5.233735874285439e-06
0.0014799162011680878,22,191,102,0.0,0.0,5.230920175999798e-06
0.0014899769974342273,22,189,102,0.0,0.0,5.228255879230481e-06
0.001499913541821902,22,189,102,0.0,0.0,5.2258193622145566e-06
0.0015099685536618212,22,189,102,0.0,0.0,5.223545490498638e-06
0.0015199858267002713,22,188,102,0.0,0.0,5.2214820704665765e-06
0.001529916259694963,22,188,102,0.0,0.0,5.219635977965487e-06
0.0015399279284666867,22,188,102,0.0,0.0,5.217981333682786e-06
0.0015499251984914524,22,187,102,0.0,0.0,5.216542029673477e-06
0.0015599378241598692,22,188,102,0.0,0.0,5.215320336593443e-06
0.0015699871546676542,22,188,102,0.0,0.0,5.214317759641429e-06
0.001579950537231341,22,188,102,0.0,0.0,5.213551461935584e-06
0.0015899450429796246,22,187,102,0.0,0.0,5.213016744887167e-06
0.001599930558121939,22,187,102,0.0,0.0,5.2127213413244444e-06
0.0016099939157762136,22,187,102,0.0,0.0,5.2126714817357644e-06
0.001619983861361578,22,187,102,0.0,0.0,5.212871434318034e-06
0.001629957646701645,22,187,102,0.0,0.0,5.213326555342235e-06
0.0016399851980503767,22,187,102,0.0,0.0,5.214044763446335e-06
0.0016499878470595376,22,187,102,0.0,0.0,5.215026699659231e-06
0.0016599211596054033,22,187,102,0.0,0.0,5.216270313745941e-06
0.001669974898025925,22,187,102,0.0,0.0,5.217803397933318e-06
0.0016799580021132452,22,187,102,0.0,0.0,5.2196037557267205e-06
0.0016899333283866493,22,187,102,0.0,0.0,5.2216853005659924e-06
0.0016999687196662294,22,186,102,0.0,0.0,5.2240655904339794e-06
0.0017099200693134072,22,186,102,0.0,0.0,5.226712502415243e-06
0.0017199840600830337,22,186,102,0.0,0.0,5.229684638979881e-06
0.001729977457044407,22,186,102,0.0,0.0,5.232930703466532e-06
0.0017399353442866204,22,186,102,0.0,0.0,5.236457226887037e-06
0.001749946542382682,22,186,102,0.0,0.0,5.240294964750647e-06
0.0017599122291735315,22,186,102,0.0,0.0,5.244410613280959e-06
0.0017699607757815344,22,187,102,0.0,0.0,5.248851444109026e-06
0.0017799929082588535,22,187,102,0.0,0.0,5.253579546199427e-06
0.001789950278482762,22,186,102,0.0,0.0,5.2585587638626086e-06
0.0017999250920150477,22,187,102,0.0,0.0,5.263836533153654e-06
0.0018099376176294204,22,187,102,0.0,0.0,5.269425713994025e-06
0.0018199479834683618,22,188,102,0.0,0.0,5.275301953905354e-06
0.0018299985171250103,22,188,102,0.0,0.0,5.281492482467343e-06
0.0018399353344586587,22,187,102,0.0,0.0,5.287898161190907e-06
0.0018499650448742374,22,187,102,0.0,0.0,5.294650032947046e-06
0.0018599428191216573,22,188,102,0.0,0.0,5.301657323014686e-06
0.0018699522812251628,22,187,102,5.7728131864678844e-05,0.0,5.308983974994241e-06
0.0018799778534125964,22,187,102,0.00019255767460178708,0.0,5.373155604948554e-06
0.0018899728450374753,22,187,102,0.0002157794436560695,0.0,5.496565810211851e-06
0.00189997483770356,22,186,102,0.00020393227889492493,0.0,5.668857981436237e-06
0.0019099680520216244,22,186,102,0.000182957807338735,0.0,5.832648621403869e-06
0.001919985198348103,22,186,102,0.00021016587987533752,0.0,5.977727686456991e-06
0.0019299416128082942,22,185,102,0.00021982776090836986,0.0,6.044711367364508e-06
0.0019399359872198918,22,185,102,0.0002113716643419583,0.0,6.076378528313553e-06
0.0019499593485478829,22,185,102,0.00018698455962587457,0.0,6.187879239255567e-06
0.0019599407001599906,22,185,102,0.000209646120094914,0.0,6.3046900561913866e-06
0.001969922354012787,22,185,102,0.00021939181124756846,0.0,6.3832156421278485e-06
0.001979958469792241,22,185,102,0.00021282773066802485,0.0,6.462751408614631e-06
0.001989932933726188,22,185,102,0.0002113746961687063,0.0,6.540492073270343e-06
0.0019999577921125116,22,185,102,0.00019897613023153737,0.0,6.608922734088751e-06
0.0020099578261571264,22,185,102,0.00019203970333998843,0.0,6.612340229306124e-06
0.0020199396569988196,22,185,98,0.00019409446963523924,0.0,6.353672163852964e-06
0.0020299249166235785,22,184,60,0.00020184252770369393,0.0,6.044595468934766e-06
0.0020399414050258206,22,183,60,0.00016969521670463783,0.0,6.061773195939479e-06
0.0020499123495711395,22,183,60,0.0001707978007203237,0.0,6.10093420505553e-06
0.002059995946543929,22,182,60,0.00017396425176384456,0.0,6.133354096493626e-06
0.0020699069541465476,22,182,60,0.00016764065081248392,0.0,6.135107664353989e-06
0.0020799412803843595,22,183,60,0.00021195303094063978,0.0,6.108710863386713e-06
0.0020899276238221932,22,184,60,0.00014272179087386483,0.0,6.061085436548375e-06
0.002099916630318976,22,184,60,7.383727133052076e-05,0.0,6.024634431403553e-06
0.002109923103534972,22,187,60,0.00010854943425452068,0.0,6.004179087124029e-06
0.002119965764682746,22,187,60,9.501781419368749e-05,0.0,5.988371535647907e-06
0.002129947733263305,22,188,60,0.0,0.0,5.975434409069558e-06
0.002139906962415386,22,188,60,0.0,0.0,5.965938294799633e-06
0.0021499712176406894,22,188,60,0.0,0.0,5.9571155831272815e-06
0.0021599519751515583,22,187,60,0.0,0.0,5.94996837910422e-06
0.0021699666298596785,22,187,60,0.0,0.0,5.944406648958345e-06
0.002179959424806552,22,187,60,0.0,0.0,5.939545271962943e-06
0.002189993854937214,22,187,90,0.0,0.0,6.333295580848719e-06
0.0021999450113972933,22,187,90,0.0,0.0,6.3329657791350025e-06
0.002209935647268024,22,188,90,0.0,0.0,6.333019374291093e-06
0.0022199836188263825,22,188,90,0.0,0.0,6.33363199661896e-06
0.0022299424992910395,22,187,90,0.0,0.0,6.334790741108209e-06
0.00223997211248987,22,187,90,0.0,0.0,6.3363931687987485e-06
0.002249935168178659,22,188,90,0.0,0.0,6.338367657607313e-06
0.0022599621008469015,22,187,90,0.0,0.0,6.340780537170132e-06
0.002269957983216279,22,187,90,0.0,0.0,6.343561952018573e-06
0.0022799171049828525,22,187,90,0.0,0.0,6.3467238064079945e-06
0.0022899148670945044,22,187,90,0.0,0.0,6.350221702061676e-06
0.0022999807668339727,22,187,90,0.0,0.0,6.354062315971909e-06
0.002309977043552416,22,187,90,0.0,0.0,6.358236923006966e-06
0.0023199623123030463,22,187,90,0.0,0.0,6.362714227506339e-06
0.0023299437808707545,22,187,90,0.0,0.0,6.3674631956556205e-06
0.002339941881012745,22,187,90,0.0,0.0,6.3725011891085925e-06
0.0023499744930378956,22,187,90,0.0,0.0,6.377839869051161e-06
0.002359946877166505,22,187,90,0.0,0.0,6.383413523755599e-06
0.002369983623374192,22,187,90,0.0,0.0,6.389249291749444e-06
0.002379987289209339,22,187,90,0.0,0.0,6.395314229593052e-06
0.002389991717089704,22,187,90,0.0,0.0,6.401612671999568e-06
0.002399936912164057,22,187,90,0.0,0.0,6.408084858744445e-06
0.0024099568424548784,22,187,90,0.0,0.0,6.414809378449404e-06
0.002419984763758562,22,187,90,0.0,0.0,6.4217416264611415e-06
0.002429954311489631,22,187,90,0.0,0.0,6.428827687560146e-06
0.0024399836291092163,22,188,90,0.0,0.0,6.436126516753959e-06
0.0024499974342327164,22,188,102,0.0,0.0,6.822150185575859e-06
0.0024599839424761442,22,188,102,0.0,0.0,6.831701469520168e-06
0.0024699716727624808,22,188,102,0.0,0.0,6.8414431014518495e-06
0.0024799445759850873,22,188,102,0.0,0.0,6.851361582863036e-06
0.002489937846490595,22,188,102,0.0,0.0,6.861476656030985e-06
0.002499947038232802,22,188,102,0.0,0.0,6.871780272615924e-06
0.0025099610045183677,22,188,102,0.0,0.0,6.882264644167413e-06
0.0025199882186604087,22,188,102,0.0,0.0,6.892925510329495e-06
0.0025299932485201397,22,188,102,0.0,0.0,6.903718580142382e-06
0.0025399614859854852,22,188,102,0.0,0.0,6.9146235013167745e-06
0.0025499980248156274,22,188,102,0.0,0.0,6.925751024816629e-06
0.00255995397269636,22,188,102,0.0,0.0,6.936928479264748e-06
0.0025699856476232835,22,188,102,0.0,0.0,6.9483278079818245e-06
0.0025799505114107056,22,188,102,0.0,0.0,6.959780917720204e-06
0.002589984087842054,22,188,102,0.0,0.0,6.971444626399648e-06
0.0025999785707078657,22,188,102,0.0,0.0,6.983196228285693e-06
0.0026099463623923537,22,191,102,0.0,0.0,6.99506313389664e-06
0.00261997177923212,22,192,102,0.0,0.0,7.007181787685446e-06
0.0026299395845651727,22,192,102,0.0,0.0,7.01946727056646e-06
0.002639960904860043,22,191,102,0.0,0.0,7.0321280134511e-06
0.002649963735729101,22,191,102,0.0,0.0,7.045138547295826e-06
0.0026599775237502858,22,190,102,0.0,0.0,7.058602717865958e-06
0.0026699881280399292,22,190,102,0.0,0.0,7.072617940390158e-06
0.0026799342334551525,22,189,102,0.0,0.0,7.087181388101826e-06
0.0026899343786201493,22,189,102,0.0,0.0,7.102515080764649e-06
0.0026999319219493346,22,191,102,0.0,0.0,7.118538980596667e-06
0.002709958506712016,22,192,102,0.0,0.0,7.135291799451049e-06
0.0027199782889397593,22,191,102,0.0,0.0,7.15271442273957e-06
0.0027299303530468307,22,190,102,0.0,0.0,7.170947259993454e-06
0.002739943573907101,22,189,102,0.0,0.0,7.190276985591382e-06
0.0027499686103509193,22,189,102,0.0,0.0,7.210500594226343e-06
0.002759941589760163,22,190,102,0.0,0.0,7.231351860911839e-06
0.0027699540042064974,22,190,102,0.0,0.0,7.252893902007229e-06
0.0027799978070006228,22,189,102,0.0,0.0,7.275002852524803e-06
0.0027899399923913106,22,188,102,0.0,0.0,7.297396037719839e-06
0.002799943591266718,22,188,102,0.0,0.0,7.321860899828225e-06
0.002809950491127098,22,188,102,0.0,0.0,7.347478098537752e-06
0.0028199132189308915,22,188,102,0.0,0.0,7.373504212718207e-06
0.002829928778879476,22,188,102,0.0,0.0,7.399879210084892e-06
0.002839971282570066,22,188,102,0.0,0.0,7.426411381988851e-06
0.002849990976360498,22,188,102,0.0,0.0,7.452834147367304e-06
0.0028599801698263962,22,188,102,0.0,0.0,7.485402461412938e-06
0.0028699674568431993,22,188,102,0.0,0.0,7.518649642004882e-06
0.0028799159051989052,22,188,102,0.0,0.0,7.549400860396016e-06
0.002889916274869835,22,187,102,0.0,0.0,7.580098521794976e-06
0.002899956893857924,22,187,102,0.0,0.0,7.609561073887439e-06
0.0029099585586610252,22,187,102,0.0,0.0,7.637676486538236e-06
0.0029199542097928187,22,188,102,7.58709141568531e-05,0.0,7.664647955582526e-06
0.002929911119279203,22,187,102,0.00017596169650010984,0.0,7.701890796837918e-06
0.0029399535749143847,22,186,102,0.00020751276089214787,0.0,7.77151639258511e-06
0.00294992087484719,22,186,102,0.00024836527286789534,0.0,7.864901163709415e-06
0.002959964857104959,22,186,102,0.00023609194403838296,0.0,7.976090990596818e-06
0.002969975121129496,22,186,102,0.00019142687802450875,0.0,8.090823203105169e-06
0.002979968181941881,22,186,102,0.00017096153285027504,0.0,8.152898838861833e-06
0.002989909852589157,22,186,102,0.00014554339559591511,0.0,8.20132835341325e-06
0.0029999838888927796,22,186,102,0.00014191730580273565,0.0,8.251405573103665e-06
0.003009920697389811,22,186,102,0.000161552201907611,0.0,8.32707428329027e-06
0.0030199511058005275,22,186,102,0.00015577666194936668,0.0,8.383433357989079e-06
0.0030299403959994924,22,185,102,0.00014430590306278857,0.0,8.46458738043565e-06
0.003039945808730545,22,185,102,0.0001414334057971839,0.0,8.580789253836985e-06
0.0030499603695098767,22,186,102,0.00014818626876064722,0.0,8.688133488726768e-06
0.0030599592593354226,22,186,102,0.00014935013647976447,0.0,8.711076936715467e-06
0.003069973114556418,22,186,102,0.00014791450719535415,0.0,8.729444505070627e-06
0.0030799532395038706,22,187,102,0.00014633696386465167,0.0,8.783630284128763e-06
0.0030899425480409447,22,187,102,0.00015310520487661627,0.0,8.839387972886525e-06
0.003099965330519861,22,187,102,0.00015355870000131888,0.0,8.897673009433671e-06
0.0031099922712417884,22,186,102,0.00014151121569351555,0.0,8.954931818475065e-06
0.003119991173848805,22,186,102,0.00012015986178394444,0.0,8.97637736428647e-06
0.0031299777676356156,22,186,102,0.00010343361511329363,0.0,8.973722173399867e-06
0.0031399425272369266,22,186,102,8.952055474760467e-05,0.0,8.97065136698516e-06
0.0031499234632851505,22,187,102,8.610834473191109e-05,0.0,8.986793449877739e-06
0.003159964623554445,22,187,102,9.052193918528129e-05,0.0,8.995147066467868e-06
0.0031699993740693174,22,187,102,0.00010851042991713578,0.0,9.002743598565677e-06
0.003179972531677891,22,187,102,0.00011110791131889453,0.0,9.028635776300864e-06
0.0031899274187592907,22,186,102,9.455763700473574e-05,0.0,9.021587814253551e-06
0.003199975695121728,22,186,102,4.975618108835067e-05,0.0,9.011308989642641e-06
0.0032099965228117285,22,186,102,4.792945087436773e-05,0.0,9.008692903392235e-06
0.003219912804412312,22,186,102,1.753358260755955e-05,0.0,9.005344206378108e-06
0.0032299868167457928,22,186,102,0.0,0.0,9.003628068757208e-06
0.0032399456945531205,22,186,102,0.0,0.0,9.000945521114856e-06
0.003249985407237004,22,186,102,0.0,0.0,8.998220027284232e-06
0.0032599732135252762,22,186,102,0.0,0.0,8.995020906135687e-06
0.003269930934433516,22,186,102,0.0,0.0,8.991190175638986e-06
0.003279910085799882,22,186,102,0.0,0.0,8.986769916494164e-06
0.003289944858799839,22,186,102,0.0,0.0,8.981666475851857e-06
0.0032999176257128733,22,186,102,0.0,0.0,8.976103654551038e-06
0.0033099762413347092,22,186,102,0.0,0.0,8.96982326720197e-06
0.003319942435179441,22,187,102,0.0,0.0,8.962974851728367e-06
0.0033299863319226856,22,187,102,0.0,0.0,8.955602408156071e-06
0.0033399999131322263,22,187,102,0.0,0.0,8.94765596676228e-06
0.0033499696547994832,22,187,102,0.0,0.0,8.939027623056095e-06
0.0033599116984314556,22,187,102,0.0,0.0,8.929355177919596e-06
0.003369965314410234,22,187,102,0.0,0.0,8.918674288607709e-06
0.003379925042648864,22,187,102,0.0,0.0,8.907361888077503e-06
0.0033899334611903623,22,187,102,0.0,0.0,8.895400921207774e-06
0.003399955084730096,22,187,102,0.0,0.0,8.882825379918913e-06
0.003409963980133982,22,187,102,0.0,0.0,8.869606641870309e-06
0.0034199131231626777,22,187,102,0.0,0.0,8.85580882209469e-06
0.003429940646734074,22,187,102,0.0,0.0,8.841358960884338e-06
0.0034399752585434523,22,187,102,0.0,0.0,8.82638366787869e-06
0.003449965852177733,22,187,102,0.0,0.0,8.81100305623328e-06
0.003459931560668381,22,187,102,0.0,0.0,8.795225792376793e-06
0.0034699174500417026,22,187,102,0.0,0.0,8.77897667639349e-06
0.0034799331611385102,22,187,102,0.00011047192680753437,0.0,8.764428350474529e-06
0.003489961029375637,22,187,102,0.00013427035761398587,0.0,8.752201241815638e-06
0.0034999983516353418,22,187,102,0.0001147264538319398,0.0,8.736106507811758e-06
0.003509976155708816,22,187,102,9.087503312876777e-05,0.0,8.719424627032235e-06
0.003519990373805674,22,187,102,0.00012506406390151714,0.0,8.708035516558077e-06
0.003529992043146153,22,187,102,0.00013166899967327617,0.0,8.69809279717415e-06
0.003539953401899741,22,189,102,0.00012153768496576955,0.0,8.68190563999005e-06
0.0035499751169262394,22,192,102,0.00010270286857758104,0.0,8.666142161425916e-06
0.003559989269919672,22,191,102,9.138586564751139e-05,0.0,8.64997117608346e-06
0.0035699835363836095,22,190,102,0.00012414476584002299,0.0,8.640835585604911e-06
0.003579957283926637,22,190,102,0.0001802880547466107,0.0,8.647230432368147e-06
0.0035899578281951014,22,190,102,0.0002099227910189183,0.0,8.661897136649777e-06
0.003599985036605954,22,188,102,0.0002229268285489916,0.0,8.676118866318694e-06
0.0036099337430703336,22,187,102,0.00021266233289402026,0.0,8.675844507297081e-06
0.003619978317962105,22,187,102,0.0002109682286128567,0.0,8.680143428321796e-06
0.003629963940828806,22,184,102,0.00022701333057588424,0.0,8.700195374494735e-06
0.003639941954583468,22,184,102,0.00024520888526281814,0.0,8.745125637130147e-06
0.003649971933729666,22,187,102,0.00026547246169807137,0.0,8.826710572104601e-06
0.0036599610965816548,22,187,102,0.00028608626295480166,0.0,8.913745713379218e-06
0.003669955015973816,22,187,102,0.00029717998443777593,0.0,9.001612414211158e-06
0.0036799828663339014,22,188,102,0.0003031376428955651,0.0,9.080311056813839e-06
0.0036899473570734163,22,187,102,0.0002919829988956707,0.0,9.1362048293131e-06
0.0036999465932794685,22,187,102,0.00028895384467500507,0.0,9.233879633196995e-06
0.003709960571443499,22,188,102,0.0002976340430784069,0.0,9.364726396426937e-06
0.0037199286567274003,22,189,102,0.0003141297744255478,0.0,9.566632360694105e-06
0.003729998718249922,22,189,102,0.00031324338740502944,0.0,9.742253436167969e-06
0.0037399886913573165,22,190,102,0.0003100787928096427,0.0,9.912796486238884e-06
0.0037499211711583998,22,190,102,0.0002978992492424226,0.0,9.987408605929837e-06
0.0037599560461055097,22,190,102,0.00028311697057452345,0.0,1.000485898601522e-05
0.003769961197897662,22,189,102,0.0002893515619297321,0.0,1.0026613931943262e-05
0.003779965646013948,22,187,102,0.0002961521615973822,0.0,1.0108430947536329e-05
0.003789932368826891,22,186,102,0.00030596182053085896,0.0,1.020327082405792e-05
0.0037999302688081845,22,184,102,0.0002971496602893753,0.0,1.0266628289401503e-05
0.003809938161534863,22,185,102,0.0002685653589179632,0.0,1.0279377206365292e-05
0.003819948325787484,22,184,102,0.00017733579926498821,0.0,1.0395056464995722e-05
0.003829928612873837,22,184,102,0.0001996836626085019,0.0,1.0427242493116218e-05
0.003839917678322379,22,184,102,0.00015518726319824205,0.0,1.0423371735956977e-05
0.003849914448126744,22,184,102,0.00012378731595452663,0.0,1.0395601278523348e-05
0.0038599164769035003,22,184,102,0.00018153685428264066,0.0,1.0395316423383871e-05
0.003869964448785387,22,185,102,0.0001693673751317487,0.0,1.0404770659902529e-05
0.003879992694522287,22,185,102,0.0001655374832941897,0.0,1.0398985456419596e-05
0.0038899854122091417,22,185,102,0.00013512510967515767,0.0,1.037061299725972e-05
0.003899986657569631,22,184,102,7.837138272887012e-05,0.0,1.0342748044678274e-05
0.003909964059816672,22,184,102,4.561396302081577e-05,0.0,1.0316579174621254e-05
0.003919944627129437,22,184,102,0.0,0.0,1.0289022614781707e-05
0.00392992347527613,22,184,102,0.0,0.0,1.026119420277638e-05
0.0039399351907059245,22,185,102,0.0,0.0,1.023303730279812e-05
0.003949952416044604,22,188,102,0.0,0.0,1.0205216309386311e-05
0.00395994430064805,22,188,102,0.0,0.0,1.0178126699109113e-05
0.003969927688694871,22,188,102,0.0,0.0,1.0150692655655491e-05
0.003979940706707451,22,189,102,0.0,0.0,1.0123643242127e-05
0.003989934558943897,22,189,102,0.0,0.0,1.0097188548247038e-05
0.003999915559480261,22,190,102,0.00011711792259821996,0.0,1.0074972589160791e-05
0.004009997792300498,22,187,102,0.00019848368066337219,0.0,1.010443278276485e-05
0.004019988035091553,22,187,102,0.0001941068677898533,0.0,1.0130464995428135e-05
0.004029986412396485,22,186,102,0.00016476051190467134,0.0,1.0126769654769663e-05
0.0040399988024462765,22,186,102,8.117389876340086e-05,0.0,1.0096615649754503e-05
0.0040499133745955625,22,186,102,6.314734040833991e-05,0.0,1.0075356841332539e-05
0.004059979796798371,22,186,102,5.646102841944112e-05,0.0,1.00549943639755e-05
0.0040699765840163495,22,186,102,4.230427134252479e-05,0.0,1.0034002025455235e-05
0.004079914735063512,22,186,102,3.194085749923248e-05,0.0,1.0013496692606871e-05
0.0040899476965239505,22,186,102,8.379038834904762e-05,0.0,1.0011475742269238e-05
0.004099950553362923,22,186,102,0.00010422477200508484,0.0,1.0012036266007773e-05
0.004109981559829783,22,186,102,8.450982931283713e-05,0.0,9.990495547382294e-06
0.0041199832853308195,22,186,102,3.8505184722106844e-05,0.0,9.970523794602948e-06
0.004129904470897543,22,186,102,0.0,0.0,9.953840612336728e-06
0.004139989869170112,22,185,102,0.0,0.0,9.937361298048564e-06
0.004149959524287607,22,185,102,0.0,0.0,9.921910346682994e-06
0.0041599615255271385,22,185,102,0.0,0.0,9.906889704855426e-06
0.004169914514804672,22,185,102,0.0,0.0,9.892638705530366e-06
0.004179941778389815,22,185,102,0.0,0.0,9.879026183143291e-06
0.00418999204003382,22,185,102,0.0,0.0,9.865879205400718e-06
0.004199981812819126,22,185,102,0.0,0.0,9.85363471178724e-06
0.004209968680369526,22,185,102,0.0,0.0,9.8419850900755e-06
0.004219928560958777,22,185,102,0.0,0.0,9.831032248636129e-06
0.004229914565006509,22,185,102,0.0,0.0,9.820767191207058e-06
0.004239925972316707,22,185,102,0.0,0.0,9.811283479349564e-06
0.004249923296316464,22,185,102,0.0,0.0,9.802526634211661e-06
0.004259987151613826,22,184,102,0.0,0.0,9.794581440861205e-06
0.004269935850896138,22,184,102,0.0,0.0,9.787666610666657e-06
0.004279983416884589,22,184,102,0.0,0.0,9.781675964937175e-06
0.004289980728018138,22,184,102,2.2253078205788923e-05,0.0,9.779086813849203e-06
0.004299975743722719,22,184,102,2.1825584313545088e-05,0.0,9.778458629233766e-06
0.004309934306002025,22,184,102,0.0,0.0,9.774540135898402e-06
0.0043199701710869825,22,184,102,0.0,0.0,9.772724850670711e-06
0.004329950473297284,22,184,102,0.0,0.0,9.772348769088168e-06
0.00433997072303746,22,185,102,0.0,0.0,9.772955221060142e-06
0.004349958647207206,22,185,102,0.0,0.0,9.774730571648904e-06
0.004359908133312124,22,185,102,0.0,0.0,9.777419603479443e-06
0.004369970714601188,22,185,102,0.0,0.0,9.781131188518755e-06
0.0043799080731121735,22,185,102,0.0,0.0,9.785681684221226e-06
0.00438999056910113,22,185,102,0.0,0.0,9.79100339573713e-06
0.004399910151776802,22,186,102,0.0,0.0,9.796929429151113e-06
0.004409919454274943,22,186,102,0.0,0.0,9.80342502340803e-06
0.004419937351673108,22,186,102,0.0,0.0,9.810325810849507e-06
0.004429973664316525,22,186,102,0.0,0.0,9.817537010292643e-06
0.004439981544506446,22,186,102,0.0,0.0,9.824882179293448e-06
0.004449951338028767,22,186,102,0.0,0.0,9.83222844314069e-06
0.0044599559750846274,22,186,102,0.0,0.0,9.839528266497588e-06
0.00446999717457052,22,186,102,0.0,0.0,9.846655570688867e-06
0.004479992321104201,22,186,102,0.0,0.0,9.853451326619078e-06
0.004489935401930251,22,186,102,0.0,0.0,9.859837403508598e-06
0.00449995250913856,22,186,102,0.0,0.0,9.86576439429565e-06
0.004509958793877132,22,186,102,0.0,0.0,9.87120312620493e-06
0.004519930663590444,22,187,102,0.0,0.0,9.876027765698403e-06
0.004529986911346614,22,187,102,0.0,0.0,9.880285851332493e-06
0.004539994484382555,22,187,102,0.0,0.0,9.883897364115768e-06
0.004549921831350839,22,187,102,0.0,0.0,9.886877388343152e-06
0.004559994016293381,22,187,102,0.0,0.0,9.889336895968492e-06
0.004569964166362055,22,187,102,0.0,0.0,9.891252449961696e-06
0.004579950861684033,22,187,102,0.0,0.0,9.892757962592924e-06
0.00458994270751541,22,187,102,0.0,0.0,9.893953321682414e-06
0.004599936257955045,22,187,102,0.0,0.0,9.894968919954561e-06
0.004609995865767481,22,189,102,0.0,0.0,9.895965859013645e-06
0.004619962986159086,22,189,102,0.0,0.0,9.897104327055706e-06
0.004629933850268925,22,190,102,1.148154299596138e-05,0.0,9.89857641439662e-06
0.004639946288530928,22,191,102,6.488168702145636e-05,0.0,9.901093848768694e-06
0.004649910906220248,22,191,102,9.034082642116192e-05,0.0,9.907161987454671e-06
0.004659984972593345,22,190,102,0.0001431898721511865,0.0,9.919942372121904e-06
0.0046699362857077435,22,190,102,0.00017674232830552916,0.0,9.952908891885937e-06
0.0046799215707283,22,190,102,0.00021647634605424793,0.0,1.0037436030119196e-05
0.0046899553929787155,22,191,102,0.0002309786691749166,0.0,1.011445317880555e-05
0.004699961611564102,22,190,102,0.00022403820045106826,0.0,1.017877427506031e-05
0.00470997886724952,22,190,102,0.00023119562123646853,0.0,1.0284140721183999e-05
0.004719991295026416,22,191,102,0.00023048020560603732,0.0,1.0420306071984298e-05
0.004729954102260631,22,190,102,0.00027162546164231915,0.0,1.0617943303786737e-05
0.004739951558926729,22,190,102,0.00027480104128320415,0.0,1.0785813456426485e-05
0.004749976221410014,22,190,102,0.0002840064911047574,0.0,1.093629325782386e-05
0.004759973394030488,22,191,102,0.00029129627908855427,0.0,1.1178433402203591e-05
0.00476995250427141,22,191,102,0.0003127989509257023,0.0,1.1435994082126255e-05
0.004779964479237772,22,191,102,0.0003253231034058973,0.0,1.1582897223860744e-05
0.004789983749034776,22,191,102,0.0003305328862995699,0.0,1.1695956697782561e-05
0.0047999682090455595,22,192,102,0.0003212967185396709,0.0,1.180417173227144e-05
0.00480991373333272,22,192,102,0.0002962649159002906,0.0,1.1934772175731245e-05
0.004819932799021276,22,191,102,0.0002903806975978751,0.0,1.2043218544699474e-05
0.0048299793465016085,22,191,102,0.0003194132090433982,0.0,1.2152789358205185e-05
0.004839970686725118,22,190,102,0.0003295651962560847,0.0,1.2259069905540265e-05
0.004849931831240424,22,190,102,0.00031204634064857517,0.0,1.2350239614988823e-05
0.004859969409881713,22,190,102,0.0002973929408372905,0.0,1.2443711009640923e-05
0.00486991899931997,22,190,102,0.000277678675640769,0.0,1.2522885641824688e-05
0.004879930115784751,22,190,102,0.0002686653303946157,0.0,1.2578411261510158e-05
0.004889920525183223,22,189,102,0.0002628687532111318,0.0,1.2644149918555891e-05
0.004899948386096598,22,190,102,0.00026576759725224774,0.0,1.2704592937673453e-05
0.004909908911364776,22,190,102,0.00025579912937755134,0.0,1.2753181521357737e-05
0.004919958753372804,22,188,102,0.00023599760816639392,0.0,1.2788853778006315e-05
0.004929984058006581,22,186,102,0.000233988459492962,0.0,1.2824180127601892e-05
0.004939981936206735,22,188,102,0.00021653926046745486,0.0,1.284663532730157e-05
0.004949964289345414,22,189,102,0.00020920632862196642,0.0,1.2861937893571262e-05
0.004959969961268749,22,189,102,0.0001970275894166429,0.0,1.2870993989416712e-05
0.004969923802433727,22,190,102,0.00018467534536695251,0.0,1.2868664650528272e-05
0.004979941206422313,22,190,102,0.00017935737199462065,0.0,1.2863420864900332e-05
0.004989977455528811,22,191,102,0.000200034183701292,0.0,1.2868451642444878e-05
0.004999947640281333,22,190,102,0.00019139805527960962,0.0,1.2860863988939375e-05
0.005009967315182216,22,189,102,0.00016314387288864085,0.0,1.2840502398275833e-05
0.005019934863814494,22,188,102,0.00015438455586244682,0.0,1.2806534587433971e-05
0.005029936860392465,22,188,102,0.0001374266797081053,0.0,1.2765514972118419e-05
0.00503993193757348,22,188,102,0.00012584135416865427,0.0,1.2723190753405333e-05
0.00504995094492413,22,189,102,0.00015815091340409815,0.0,1.2688773776858842e-05
0.005059946360903959,22,189,102,0.0001874565053437971,0.0,1.2655727473470657e-05
0.005069970749779916,22,189,102,0.00019547165319103166,0.0,1.261342558922518e-05
0.005079918280771496,22,189,102,0.00018149741542768105,0.0,1.2579055852862675e-05
0.005089915279186643,22,188,102,0.00016668516941729938,0.0,1.2564963930733475e-05
0.00509996799279419,22,188,102,0.0001917636264530953,0.0,1.2546633920973438e-05
0.005109933333977676,22,188,102,0.0002016480923395375,0.0,1.2527506720982906e-05
0.0051199304363222925,22,188,102,0.00019439579850259736,0.0,1.2528046186760511e-05
0.005129959957080668,22,187,102,0.0001530768609693811,0.0,1.249003763187373e-05
0.005139989143316008,22,187,102,0.00014434628810450212,0.0,1.2444688069268572e-05
0.005149983724835692,22,187,102,0.00012706851828198085,0.0,1.2388157474979566e-05
0.005159966723948674,22,187,102,0.00010744605352788761,0.0,1.2327220734575928e-05
0.00516995865708848,22,187,102,7.667017016232958e-05,0.0,1.225322054471123e-05
0.005179942750077694,22,187,102,8.490034412803049e-05,0.0,1.2230946361796446e-05
0.005189940087468054,22,187,102,8.548088520921038e-05,0.0,1.2202031499930488e-05
0.005199944985322758,22,187,102,7.5718329980351e-05,0.0,1.216963062788956e-05
0.005209956586460873,22,187,102,9.802140021147876e-05,0.0,1.2138250472804035e-05
0.005219957037803763,22,186,102,0.0001049218030258342,0.0,1.2079913393941988e-05
0.00522996917646512,22,186,102,8.585719976655914e-05,0.0,1.2064232077474424e-05
0.005239988710203392,22,186,102,8.032747398911688e-05,0.0,1.208554787121563e-05
0.005249970468686556,22,186,102,9.406332458708477e-05,0.0,1.2113881640241075e-05
0.005259931892378138,22,186,102,8.64394179632827e-05,0.0,1.206317519747424e-05
0.0052699344049177855,22,186,102,9.329262633113455e-05,0.0,1.1982076406097386e-05
0.005279908024850372,22,186,102,8.668074731572883e-05,0.0,1.1911116933216448e-05
0.005289987972716815,22,186,102,5.358037223633649e-05,0.0,1.18347348752601e-05
0.005299996765827227,22,186,102,8.002197796470878e-05,0.0,1.1783400639231445e-05
0.005309925667770446,22,186,102,7.714136972784835e-05,0.0,1.170404711287043e-05
0.00531995821975301,22,186,102,4.298863511026374e-05,0.0,1.1594623742838817e-05
0.005329976455274406,22,186,102,5.442167961999811e-06,0.0,1.1494784943444358e-05
0.005339996498528861,22,186,102,0.0,0.0,1.1397617249886416e-05
0.005349968448169372,22,186,102,0.0,0.0,1.1300421785487291e-05
0.005359982377185069,22,186,102,0.0,0.0,1.120422288450329e-05
0.0053699248316167085,22,186,102,0.0,0.0,1.1109858314345411e-05
0.005379988169099694,22,186,102,5.771834277309984e-05,0.0,1.1016807404617968e-05
0.005389970380445679,22,186,102,6.490015538349048e-05,0.0,1.0928812472027483e-05
0.005399984643263911,22,186,102,4.9411228366394444e-05,0.0,1.0840106441700748e-05
0.005409940742974033,22,186,102,1.2492328284319232e-05,0.0,1.0750185954450098e-05
0.005419955905370371,22,186,102,0.0,0.0,1.0663295319568444e-05
0.0054299991695994,22,186,102,0.0001091186554951773,0.0,1.0597137153345315e-05
0.005439968993387029,22,186,102,0.00013668120348267476,0.0,1.0583355223137136e-05
0.005449955348060677,22,186,102,0.00014365922082826277,0.0,1.052744584528753e-05
0.005459933627296269,22,186,102,0.00010379535955286345,0.0,1.0467151680709774e-05
0.005469993437410275,22,186,102,8.903515480798707e-05,0.0,1.0433641881052447e-05
0.005479913503270013,22,187,102,0.00010763186443014938,0.0,1.0425397628743838e-05
0.005489933512376281,22,187,102,0.00011120242838116856,0.0,1.0426005760427737e-05
0.005499917435418923,22,187,102,8.23622161949672e-05,0.0,1.0385390593115051e-05
0.005509992253771701,22,188,102,0.0001433001316013538,0.0,1.0334724865806999e-05
0.0055199737419409384,22,189,102,0.00018249846810726444,0.0,1.0298769896444071e-05
0.005529917993488764,22,188,102,0.00016820855263692536,0.0,1.0248652700967087e-05
0.005539988079787385,22,187,102,0.0001329313010471067,0.0,1.0201519508951096e-05
0.005549975489711875,22,188,102,8.816709358414054e-05,0.0,1.0158824502282116e-05
0.005559990341585594,22,188,102,0.0,0.0,1.011874760972753e-05
0.0055699920102579665,22,187,102,0.0,0.0,1.0085238824703024e-05
0.005579912752454256,22,187,102,0.0,0.0,1.0056910322603363e-05
0.005589941683857317,22,187,102,0.0,0.0,1.0032741864729466e-05
0.005599974093834973,22,187,102,0.0,0.0,1.0014212943720846e-05
0.005609916462963773,22,187,102,8.638092946400278e-05,0.0,1.0025018530757102e-05
0.005619919889718584,22,186,102,0.00011921252791852188,0.0,1.0145875592920683e-05
0.005629913800236845,22,186,102,9.107638141109264e-05,0.0,1.0263318340753003e-05
0.0056399836355988005,22,186,102,6.758104128842812e-05,0.0,1.0336038956754168e-05
0.0056499357965626214,22,186,102,5.549244988774238e-05,0.0,1.0346755758866566e-05
0.005659945426296173,22,187,102,8.59952353080562e-05,0.0,1.0382228494643098e-05
0.005669963148084984,22,187,102,0.00010058652211639152,0.0,1.0414087837723462e-05
0.005679998330351857,22,187,102,8.587543975437095e-05,0.0,1.0435393043323193e-05
0.005689990040161943,22,187,102,4.9222572911233886e-05,0.0,1.0448470260410181e-05
0.005699978285187614,22,187,102,1.3194466116181469e-05,0.0,1.0469631671172763e-05
0.005709969890816828,22,187,102,0.0,0.0,1.049299042357732e-05
0.005719958291841636,22,187,102,8.480378251893295e-06,0.0,1.05184393717761e-05
0.005729978341896095,22,187,102,3.918477913725238e-05,0.0,1.0545051904592428e-05
0.005739938575575478,22,187,102,1.4877510023797447e-05,0.0,1.057277199409401e-05
0.005749919769745465,22,187,102,5.880787857237557e-06,0.0,1.060119157111905e-05
0.0057599306205504235,22,187,102,0.0,0.0,1.0629769231995656e-05
0.005769950460866033,22,187,102,0.0,0.0,1.0658334764657162e-05
0.005779978186160672,22,187,102,0.0,0.0,1.068618866464921e-05
0.005789971887581855,22,187,102,1.6967473971105096e-05,0.0,1.071256111959129e-05
0.005799952402075876,22,187,102,0.00011433186425860442,0.0,1.0754407708035707e-05
0.005809987235217036,22,188,102,0.00013441353090383468,0.0,1.0797449370103518e-05
0.005819958782480866,22,188,102,0.00014360223150702844,0.0,1.0860222846242884e-05
0.0058299511096653244,22,188,102,0.0001494183574592689,0.0,1.0927414486466835e-05
0.005839933947194048,22,187,102,0.00016611184866394124,0.0,1.0988654847277068e-05
0.005849989900036662,22,187,102,0.00016334562887961035,0.0,1.1045840263373963e-05
0.005859990209838751,22,187,102,0.0001797768229375024,0.0,1.1144864537210308e-05
0.0058699102255640855,22,187,102,0.00020973439058591392,0.0,1.1256053177061132e-05
0.005879922726553608,22,188,102,0.00021229381789705792,0.0,1.1346498558217899e-05
0.005889913708367119,22,188,102,0.00025806784585488685,0.0,1.1403696683898179e-05
0.005899930862695966,22,187,102,0.0002086665135535154,0.0,1.1446236593742887e-05
0.005909990371631426,22,187,102,0.00021236168240049147,0.0,1.1514106497495513e-05
0.005919993795893684,22,187,102,0.0002109056727130354,0.0,1.1605626473620845e-05
0.00592992135226599,22,187,102,0.00021770555602328157,0.0,1.169004110579408e-05
0.005939954476550426,22,187,102,0.00019136591889588883,0.0,1.1734735108792638e-05
0.005949960992809434,22,188,102,0.00023620503359596257,0.0,1.1790923806154208e-05
0.005959918219406262,22,188,102,0.0002806782021455706,0.0,1.1872886382241488e-05
0.005969939513604672,22,189,102,0.0002858920856101399,0.0,1.194644363219921e-05
0.005979948558524018,22,189,102,0.00028254832497004445,0.0,1.1995805853898256e-05
0.005989943091660013,22,189,102,0.0002558698215081173,0.0,1.2031971168086075e-05
0.005999937804412406,22,189,102,0.0002760534479533949,0.0,1.210859430639255e-05
0.006009937067592567,22,189,102,0.0002870347709310467,0.0,1.217006288900535e-05
0.00601994034105214,22,190,102,0.0002940923369210702,0.0,1.223603193767353e-05
0.006029934792469381,22,190,102,0.00027703826842147283,0.0,1.2276762116958384e-05
0.006039946901911979,22,190,102,0.00026459675437413843,0.0,1.2293383307965255e-05
0.00604996958368752,22,189,102,0.00025655119073769717,0.0,1.2287285437756479e-05
0.006059989023901885,22,188,102,0.00018736245289267817,0.0,1.2263810832857658e-05
0.006069952069513964,22,189,102,0.00015983440263102333,0.0,1.2211820772434212e-05
0.00607991551740062,22,188,102,0.00015951649515558164,0.0,1.2139474631966962e-05
0.006089982692196953,22,188,102,0.0001296026708779846,0.0,1.2050783176814628e-05
0.0060999114614453285,22,189,102,0.00010344193407374469,0.0,1.1956227903425765e-05
0.006109967685002379,22,189,102,9.915797985142472e-05,0.0,1.1856012307270847e-05
0.0061199120629411696,22,188,102,5.514342697317265e-05,0.0,1.1749486907353113e-05
0.006129986028219395,22,188,102,0.0,0.0,1.1641055335354089e-05
0.0061399630474115,22,189,102,0.0,0.0,1.1531607841230862e-05
0.006149975994534296,22,188,102,0.0,0.0,1.1420878834211834e-05
0.006159920566713967,22,188,102,0.0,0.0,1.130945635413605e-05
0.006169994876389892,22,189,102,3.096772145795568e-05,0.0,1.1195394596735797e-05
0.006179912007263211,22,189,102,3.551416074745739e-05,0.0,1.1082653894434191e-05
0.006189977128036395,22,189,102,9.281091402005281e-05,0.0,1.097468297017734e-05
0.006199947079643685,22,189,102,0.00014908222715397101,0.0,1.0900079102788007e-05
0.006209983605210726,22,189,102,0.00015886413607714422,0.0,1.0817811795543752e-05
0.006219928413103865,22,190,102,0.00014542490417220055,0.0,1.0723574101922928e-05
0.006229985724663887,22,190,102,0.00013547033294754318,0.0,1.061770352464575e-05
0.0062399993903677255,22,189,102,0.00013134677726428512,0.0,1.0520339016606428e-05
0.006249908397721251,22,189,102,0.0001254476281133815,0.0,1.0431963815726863e-05
0.006259941807628422,22,189,102,0.0001347607134379314,0.0,1.0339831323841198e-05
0.0062699838768121895,22,189,102,0.00014563311250037625,0.0,1.0261415729212464e-05
0.006279908112058285,22,189,102,0.00017276531015952834,0.0,1.0217441744092559e-05
0.006289950227128506,22,189,102,0.0001949088945147892,0.0,1.0239828420466335e-05
0.006299936639266915,22,189,102,0.00019383566316591438,0.0,1.0271834427394433e-05
0.006309920768377073,22,189,102,0.00017999144881938878,0.0,1.0258702859672342e-05
0.0063199885550454795,22,189,102,0.0001530026433013698,0.0,1.0234024612393311e-05
0.006329939481294261,22,189,102,0.00014821461717416662,0.0,1.017349160689629e-05
0.0063399314547561885,22,189,102,0.000120350718727541,0.0,1.0115649266506654e-05
0.006349935651479505,22,189,102,0.00010290890470454617,0.0,1.00871183513207e-05
0.006359971742981876,22,189,102,0.00011216431309708785,0.0,1.0039626901992005e-05
0.006369921325474711,22,188,102,0.00011115840753532502,0.0,1.0056999465962724e-05
0.006379933370377549,22,188,102,0.0001095787228647116,0.0,9.977705638417045e-06
0.0063899922485101965,22,187,102,0.0001125447564924581,0.0,9.91747875730975e-06
0.006399998016834466,22,186,102,0.00012990480368477164,0.0,9.863451739505757e-06
0.006409965908098025,22,186,102,9.656836877031116e-05,0.0,9.811089465197598e-06
0.0064199288769871184,22,186,102,6.956272951476328e-05,0.0,9.75406955383562e-06
0.006429984080371857,22,186,102,5.6455511223629795e-05,0.0,9.662022300113704e-06
0.006439950979885835,22,186,102,5.453275443362271e-05,0.0,9.562017036238157e-06
0.006449968853897157,22,187,102,5.994393381376917e-05,0.0,9.467633298301803e-06
0.006459944024228383,22,187,102,6.70584893954218e-05,0.0,9.375598277960862e-06
0.00646992140318671,22,186,102,6.946503631344303e-05,0.0,9.287569147337082e-06
0.006479931083933525,22,186,102,5.53514289553525e-05,0.0,9.186680464720598e-06
0.006489981357862346,22,187,102,2.292366197777229e-05,0.0,9.086796447010936e-06
0.0064999218557151295,22,188,102,1.720413498690343e-06,0.0,8.990851065926453e-06
0.006509912038429097,22,187,102,0.0,0.0,8.898037915469614e-06
0.0065199554821674085,22,187,102,0.0,0.0,8.806398620109235e-06
0.006529999877280387,22,188,102,0.0,0.0,8.716866233132725e-06
0.0065399197690181494,22,187,102,0.0,0.0,8.630998206055063e-06
0.006549975574127172,22,187,102,0.0,0.0,8.545952712213367e-06
0.006559906970460122,22,187,102,0.0,0.0,8.467543797144317e-06
0.00656995514625806,22,187,102,0.0,0.0,8.436922821306037e-06
0.006579937072554525,22,187,102,0.0,0.0,8.388956241542345e-06
0.006589979839639192,22,187,102,1.0866554007935014e-05,0.0,8.341539157755151e-06
0.006599980460893383,22,186,102,7.393287582177499e-05,0.0,8.29867035474774e-06
0.006609927404092334,22,186,102,7.85561057971701e-05,0.0,8.262284018012434e-06
0.006619974166945924,22,186,102,0.00010546891146799575,0.0,8.247544585518463e-06
0.006629985440401763,22,186,102,0.00011538770366620321,0.0,8.230859818700309e-06
0.006639910409895069,22,186,102,0.0001002716707167034,0.0,8.203671931314438e-06
0.00664991538375746,22,186,102,7.95200528902612e-05,0.0,8.159087176842772e-06
0.006659943687220561,22,186,102,2.325628102423094e-05,0.0,8.113017799959987e-06
0.006669994848514911,22,186,102,2.3254971492539522e-05,0.0,8.075578975211273e-06
0.006679904665383038,22,186,102,0.00011932846106235684,0.0,8.060821257829809e-06
0.0066899534732531695,22,186,102,0.00013367855447671273,0.0,8.072330801495164e-06
0.006699931448259682,22,186,102,0.00010756462239135123,0.0,8.075773447233092e-06
0.006709910171290953,22,186,102,5.763042783640815e-05,0.0,8.031432864513688e-06
0.006719986653971043,22,186,102,4.21445775862922e-05,0.0,7.984738356184296e-06
0.006729961349180317,22,186,102,6.446887664168788e-05,0.0,7.961781919460509e-06
0.006739942449723027,22,186,102,7.506714247593194e-05,0.0,7.942929835413892e-06
0.006749931011296883,22,186,102,4.047200978651855e-05,0.0,7.909166228739495e-06
0.006759966091071676,22,186,102,0.0,0.0,7.885495798290454e-06
0.006769998684617404,22,186,102,0.0,0.0,7.861234783135274e-06
0.006779957429028177,22,186,102,0.0,0.0,7.841695189816922e-06
0.006789960608538536,22,186,102,0.0,0.0,7.821234709923242e-06
0.006799934530356155,22,186,102,0.0,0.0,7.803793651353641e-06
0.00680997659299232,22,186,102,0.0,0.0,7.786718175806229e-06
0.0068199680649482074,22,186,102,0.0,0.0,7.77145836833304e-06
0.006829932729634542,22,186,102,0.0,0.0,7.75746945541611e-06
0.00683994618872857,22,186,102,2.6687496308852587e-05,0.0,7.7443140784339e-06
0.006849914439134305,22,186,102,4.340142950876036e-05,0.0,7.732899899678958e-06
0.00685990642725763,22,186,102,4.473708936141019e-05,0.0,7.72207301072414e-06
0.006869948705335031,22,186,102,7.131838667945312e-05,0.0,7.714208023174018e-06
0.006879984081916433,22,186,102,5.241595644306374e-05,0.0,7.705828131310266e-06
0.006889955642164266,22,186,102,5.7757459360069374e-05,0.0,7.697243681603627e-06
0.006899974232583369,22,186,102,8.391294896606394e-05,0.0,7.694575119593372e-06
0.006909913441347133,22,186,102,6.373402796577832e-05,0.0,7.6874967428614e-06
0.006919933494961933,22,186,102,2.3947475434410448e-05,0.0,7.679153906758884e-06
0.006929909249721251,22,186,102,0.0,0.0,7.672332597963294e-06
0.0069399310513287935,22,186,102,0.0,0.0,7.666091535657449e-06
0.006949935407502715,22,186,102,0.0,0.0,7.659907818313716e-06
0.006959945650813142,22,186,102,4.536636580315667e-06,0.0,7.653806245594419e-06
0.006969940485888778,22,186,102,3.1751120865383675e-05,0.0,7.648489625672328e-06
0.0069799289598506675,22,186,102,4.606752958377647e-05,0.0,7.643970603612993e-06
0.006989932845444611,22,186,102,6.429633957552583e-05,0.0,7.646893566110036e-06
0.006999920068769939,22,187,102,0.00013474653798491165,0.0,7.677268298200701e-06
0.007009944684065116,22,187,102,0.0001198819799974743,0.0,7.676760154937123e-06
0.007019930750358161,22,187,102,0.0001003363967756743,0.0,7.694260644161566e-06
0.007029921922209954,22,188,102,0.00011105181855319834,0.0,7.724461042968311e-06
0.007039918811097588,22,189,102,0.00013745681355083195,0.0,7.747992650880553e-06
0.007049977859236246,22,189,102,0.000172127970899702,0.0,7.78148703875492e-06
0.0070599170590927235,22,189,102,0.0001636354857988409,0.0,7.807451804259236e-06
0.007069974525590436,22,189,102,0.00015275662233843468,0.0,7.89365920358942e-06
0.007079961527438657,22,189,102,0.000170069612999299,0.0,8.007826769865223e-06
0.00708991395330817,22,189,102,0.00019033954044578305,0.0,8.030227254915423e-06
0.007099988635955679,22,189,102,0.00018446995018776835,0.0,8.039302309206797e-06
0.007109943053987518,22,189,102,0.00017561947669406108,0.0,8.074473050970199e-06
0.00711997258288509,22,189,102,0.00017828903161103138,0.0,8.123526893000221e-06
0.007129967946589635,22,189,102,0.00019150900589429143,0.0,8.155578242463601e-06
0.007139936922163725,22,189,102,0.000198827219289488,0.0,8.183448014204009e-06
0.007149988964572147,22,190,102,0.00018053484714559975,0.0,8.19621679010174e-06
0.007159955334727751,22,190,102,0.00015775412189127092,0.0,8.204639023526306e-06
0.007169913031007207,22,189,102,0.0001650783431827174,0.0,8.194057282237543e-06
0.007179977408388139,22,189,102,0.00015980848494209776,0.0,8.20684622833412e-06
0.007189982089533592,22,189,102,0.00013743137770101665,0.0,8.184758712004303e-06
0.0071999952738831,22,189,102,0.00011840440883865988,0.0,8.161680624146905e-06
0.007209935956712547,22,188,102,0.00010851660362540261,0.0,8.142164644786565e-06
0.007219925718505561,22,188,102,0.00010481591411193314,0.0,8.117380649388939e-06
0.007229951843949174,22,188,102,0.00010843909111568628,0.0,8.094986268067372e-06
0.007239941662875929,22,187,102,8.361638737007515e-05,0.0,8.063887593695584e-06
0.007249962337825192,22,187,102,5.890819212699128e-05,0.0,8.02180015394005e-06
0.0072599942906702904,22,188,102,6.411109404014237e-05,0.0,7.989978135350406e-06
0.007269911151871566,22,188,102,5.09302835595693e-05,0.0,7.955916409785324e-06
0.007279941168301807,22,187,102,6.005560843123925e-05,0.0,7.926471696895199e-06
0.007289978161466275,22,187,102,7.003314613529543e-05,0.0,7.892791384897513e-06
0.007299960506867138,22,187,102,6.577200007888695e-05,0.0,7.86212784423257e-06
0.007309973087739587,22,187,102,8.473872738543053e-05,0.0,7.847670112651195e-06
0.007319976147350088,22,187,102,0.00011609151250965843,0.0,7.83712755490773e-06
0.007329993685551819,22,187,102,0.00011586804789530392,0.0,7.863121757267777e-06
0.007339910852399036,22,187,102,0.00014579327428840272,0.0,7.857536889546712e-06
0.007349966690422496,22,187,102,0.00015404809031893674,0.0,7.839826928590643e-06
0.007359933110809444,22,187,102,0.00013110878976220486,0.0,7.82070578167482e-06
0.007369960741798812,22,187,102,0.00010914829591024411,0.0,7.800474626173948e-06
0.007379933750879526,22,187,102,0.00012693854104511848,0.0,7.822760519735072e-06
0.00738993655213945,22,187,102,0.00014793512652230834,0.0,7.870007637189591e-06
0.00739994532755618,22,187,102,0.0001390543008332884,0.0,7.851759309826511e-06
0.007409996869091347,22,187,102,0.000135649441084143,0.0,7.80372064297652e-06
0.007419976557024302,22,187,102,0.000136285733073796,0.0,7.777025843036522e-06
0.007429939176455964,22,187,102,0.000148326236320509,0.0,7.77364901637101e-06
0.007439962389530959,22,187,102,0.0001473925323937364,0.0,7.814370135861282e-06
0.007449938770925068,22,187,102,0.00013350287808690242,0.0,7.82781201823235e-06
0.007459947708871391,22,187,102,0.00012622375292406507,0.0,7.788636375238855e-06
0.00746991868973709,22,187,102,0.0001355555455524876,0.0,7.74873986639224e-06
0.007479956525334767,22,187,102,0.00013783950577779536,0.0,7.712292431544254e-06
0.007489983628930473,22,187,102,0.00012705252284267443,0.0,7.678807210587113e-06
0.007499910369090519,22,188,102,0.0001278424802853978,0.0,7.667121842719338e-06
0.0075099930016335895,22,188,102,0.00012986858889062203,0.0,7.68485411327402e-06
0.00751994875307237,22,187,102,0.00011791698330423928,0.0,7.708128859681973e-06
0.007529994536994304,22,187,102,9.4557414371782e-05,0.0,7.705914537581293e-06
0.007539994523760014,22,188,102,7.52961238257438e-05,0.0,7.692119613308956e-06
0.007549939652535006,22,188,102,7.354752173072132e-05,0.0,7.655907359002678e-06
0.007559960997576303,22,188,102,0.00011873654892223529,0.0,7.6039521049175995e-06
0.00756996075892934,22,188,102,0.00012212792597000866,0.0,7.5563862416833105e-06
0.007579979439518363,22,188,102,7.569015874168972e-05,0.0,7.505261565898813e-06
0.0075899204679238195,22,189,102,5.409871634161345e-05,0.0,7.455837280970212e-06
0.007599909674314194,22,189,102,7.622297929875399e-05,0.0,7.4159403937457125e-06
0.007609996328440814,22,188,102,6.661554419347404e-05,0.0,7.383971108748666e-06
0.007619966125814434,22,188,102,7.01772941166523e-05,0.0,7.335441242012353e-06
0.007629999597367306,22,187,102,3.1716234482837e-05,0.0,7.290283745298165e-06
0.007639997017105952,22,187,102,2.043002209856093e-05,0.0,7.247256897852106e-06
0.007649960593690185,22,187,102,0.0,0.0,7.206027878875476e-06
0.007659991336846899,22,187,102,0.0,0.0,7.164048581378979e-06
0.007669912436121577,22,187,102,3.501075618204952e-05,0.0,7.12459126575582e-06
0.007679958882958232,22,187,102,6.002606258430354e-05,0.0,7.085685559529709e-06
0.007689950669854531,22,187,102,4.563314857200518e-05,0.0,7.045655789628125e-06
0.007699954396933604,22,187,102,2.739542227125913e-06,0.0,7.00434059014432e-06
0.007709949956222794,22,187,102,0.0,0.0,6.964526831326756e-06
0.007719996069809609,22,186,102,0.0,0.0,6.9245443365673065e-06
0.007729952858810024,22,186,102,0.0,0.0,6.885443597740015e-06
0.007739931886460577,22,186,102,0.0,0.0,6.846365669527232e-06
0.007749976486848588,22,186,102,7.042936653450793e-05,0.0,6.80921777276855e-06
0.0077599590461823725,22,186,102,8.625276113868874e-05,0.0,6.818795746862949e-06
0.007769937744482537,22,186,102,6.217166305767796e-05,0.0,6.81941665038599e-06
0.007779959350818157,22,186,102,6.325622417140131e-05,0.0,6.8353155770334295e-06
0.007789947725276828,22,186,102,9.156734489082496e-05,0.0,6.873503750254306e-06
0.007799930834772637,22,186,102,0.00010062712152743292,0.0,6.9128998233941585e-06
0.007809942841906563,22,186,102,0.00011336211424194109,0.0,6.884586360611511e-06
0.007819935988984467,22,186,102,6.800182664670751e-05,0.0,6.797705562305856e-06
0.007829993809564227,22,186,102,7.565170574606872e-05,0.0,6.746659713521841e-06
0.007839933200617336,22,186,102,8.780226843077554e-05,0.0,6.723967278729481e-06
0.007849977225422172,22,186,102,8.759842081455804e-05,0.0,6.693610573357822e-06
0.007859973564728817,22,186,102,9.355198028716816e-05,0.0,6.668900958281543e-06
0.007869921703007281,22,186,102,8.002854569480466e-05,0.0,6.686716980272567e-06
0.00787994796290421,22,186,102,7.749326451310379e-05,0.0,6.653089729288797e-06
0.00788996097377839,22,186,102,6.000514859194617e-05,0.0,6.598251266171085e-06
0.007899993125121504,22,186,102,5.996914960960942e-05,0.0,6.556904800683605e-06
0.00790996656907794,22,186,102,5.9835656700493733e-05,0.0,6.512205313904951e-06
0.007919926403830525,22,186,102,3.141596066108532e-05,0.0,6.472553686603932e-06
0.007929950813176658,22,186,102,0.0,0.0,6.434403934912902e-06
0.007939944621635402,22,186,102,0.0,0.0,6.398127532183939e-06
0.007949908863073996,22,186,102,0.0,0.0,6.361753177794305e-06
0.007959936087376482,22,186,102,0.0,0.0,6.326214572166533e-06
0.007969921074524159,22,186,102,0.0,0.0,6.290945188849872e-06
0.007979907819456192,22,186,102,0.0,0.0,6.2561743218308985e-06
0.007989982054635351,22,186,102,0.0,0.0,6.2212344888873394e-06
0.007999952943651458,22,186,102,0.0,0.0,6.186987339937278e-06
0.008000043243988458,22,186,102,0.0,0.0,6.1866760721340786e-06
