time_s,contact_id,surfa_energy_J,surfb_energy_J,friction_energy_J,nonfriction_contact_energy_J
0.0,1,0.0,0.0,0.0,0.0
0.0,3,0.0,0.0,0.0,0.0
0.0,2,0.0,0.0,0.0,0.0
0.0,4,0.0,0.0,0.0,0.0
0.0,5,0.0,0.0,0.0,0.0
1.98e-06,1,0.0,0.0,0.0,0.0
1.98e-06,3,-1.591e-94,-7.31e-91,0.0,-7.311591e-91
1.98e-06,2,0.0,0.0,0.0,0.0
1.98e-06,4,-6.411e-94,-3.321e-90,0.0,-3.3216410999999997e-90
1.98e-06,5,6.532e-38,-6.532e-38,0.0,0.0
3.96e-06,1,1.004,-0.00192,0.0002382,1.0018418
3.96e-06,3,1.423e-08,-3.647e-12,0.0,1.4226353000000001e-08
3.96e-06,2,1.005,-0.001922,0.0002389,1.0028390999999999
3.96e-06,4,1.424e-08,-3.648e-12,0.0,1.4236352e-08
3.96e-06,5,4.512e-37,-2.361e-37,0.0,2.151e-37
5.94e-06,1,3.455,-0.06742,0.002152,3.385428
5.94e-06,3,3.404e-05,-5.639e-07,0.0,3.3476099999999996e-05
5.94e-06,2,3.463,-0.06752,0.002361,3.393119
5.94e-06,4,3.41e-05,-5.65e-07,0.0,3.3535e-05
5.94e-06,5,-2.525e-26,2.44e-26,5.498e-35,-8.500000549800005e-28
7.919999e-06,1,4.448,-0.3196,0.05062,4.07778
7.919999e-06,3,0.001592,-0.0002489,0.0,0.0013431
7.919999e-06,2,4.488,-0.3213,0.04947,4.11723
7.919999e-06,4,0.001599,-0.0002499,0.0,0.0013491
7.919999e-06,5,-2.695e-21,2.695e-21,1.181e-27,-1.181e-27
9.989963e-06,1,5.37,-0.8242,0.1649,4.3809
9.989963e-06,3,0.01391,-0.007702,0.0,0.006208000000000001
9.989963e-06,2,5.354,-0.8279,0.163,4.3631
9.989963e-06,4,0.014,-0.007754,0.0,0.006246000000000001
9.989963e-06,5,-3.534e-17,3.534e-17,6.141e-22,-6.141e-22
1.196955e-05,1,6.02,-1.526,0.3097,4.1842999999999995
1.196955e-05,3,0.03595,-0.03201,0.0,0.003940000000000006
1.196955e-05,2,6.0,-1.529,0.3073,4.1637
1.196955e-05,4,0.03611,-0.03217,0.0,0.003940000000000006
1.196955e-05,5,-3.597e-14,3.602e-14,9.26e-18,4.074000000000357e-17
1.394732e-05,1,6.635,-2.388,0.4475,3.7995
1.394732e-05,3,0.04916,-0.04848,0.0,0.00068
1.394732e-05,2,6.584,-2.383,0.4492,3.7518
1.394732e-05,4,0.04922,-0.04856,0.0,0.0006600000000000009
1.394732e-05,5,-7.053e-12,7.141e-12,1.533e-14,7.267000000000044e-14
1.592083e-05,1,7.495,-3.371,0.5638,3.5602000000000005
1.592083e-05,3,0.05424,-0.05397,0.0,0.0002699999999999994
1.592083e-05,2,7.456,-3.359,0.5705,3.5265000000000004
1.592083e-05,4,0.05417,-0.05391,0.0,0.0002600000000000033
1.592083e-05,5,-3.97e-10,4.253e-10,4.644e-12,2.3655999999999997e-11
1.797873e-05,1,8.587,-4.531,0.6645,3.3915
1.797873e-05,3,0.06322,-0.0619,0.0,0.0013200000000000017
1.797873e-05,2,8.525,-4.506,0.6747,3.3443
1.797873e-05,4,0.06288,-0.0616,0.0,0.0012800000000000034
1.797873e-05,5,-9.677e-09,1.251e-08,4.502e-10,2.3827999999999997e-09
1.994695e-05,1,9.613,-5.728,0.7446,3.1403999999999996
1.994695e-05,3,0.09393,-0.08872,0.0,0.005210000000000006
1.994695e-05,2,9.674,-5.703,0.7561,3.214899999999999
1.994695e-05,4,0.09318,-0.08799,0.0,0.00519
1.994695e-05,5,-9.44e-08,1.75e-07,1.284e-08,6.775999999999999e-08
2.192641e-05,1,10.9,-7.006,0.8242,3.0698
2.192641e-05,3,0.1462,-0.1412,0.0,0.0050000000000000044
2.192641e-05,2,10.99,-7.008,0.8335,3.1485000000000003
2.192641e-05,4,0.1457,-0.1406,0.0,0.005099999999999993
2.192641e-05,5,-4.622e-07,1.508e-06,1.712e-07,8.746000000000001e-07
2.399641e-05,1,12.24,-8.421,0.9181,2.900900000000001
2.399641e-05,3,0.1836,-0.1822,0.0,0.0014000000000000123
2.399641e-05,2,12.34,-8.447,0.9265,2.966500000000001
2.399641e-05,4,0.1841,-0.1826,0.0,0.0015000000000000013
2.399641e-05,5,-8.466e-07,8.623e-06,1.358e-06,6.418400000000001e-06
2.597641e-05,1,13.46,-9.782,1.014,2.6640000000000006
2.597641e-05,3,0.2002,-0.1996,0.0,0.0005999999999999894
2.597641e-05,2,13.59,-9.839,1.024,2.7269999999999994
2.597641e-05,4,0.2012,-0.2006,0.0,0.0005999999999999894
2.597641e-05,5,2.784e-06,2.951e-05,6.234e-06,2.6059999999999998e-05
2.795641e-05,1,14.73,-11.13,1.126,2.4739999999999998
2.795641e-05,3,0.2204,-0.2187,0.0,0.001700000000000007
2.795641e-05,2,14.77,-11.19,1.139,2.441
2.795641e-05,4,0.2216,-0.2199,0.0,0.0016999999999999793
2.795641e-05,5,2.395e-05,6.981e-05,2.065e-05,7.311e-05
2.993641e-05,1,15.98,-12.44,1.266,2.274000000000001
2.993641e-05,3,0.2681,-0.2633,0.0,0.0048000000000000265
2.993641e-05,2,15.97,-12.47,1.271,2.229
2.993641e-05,4,0.2689,-0.2642,0.0,0.004699999999999982
2.993641e-05,5,9.785e-05,0.0006608,6.266e-05,0.0006959900000000001
3.191601e-05,1,17.18,-13.69,1.419,2.071
3.191601e-05,3,0.3378,-0.3333,0.0,0.004500000000000004
3.191601e-05,2,17.18,-13.7,1.417,2.0630000000000006
3.191601e-05,4,0.3378,-0.3333,0.0,0.004500000000000004
3.191601e-05,5,-0.001004,0.01407,0.000463,0.012603
3.398313e-05,1,18.52,-14.96,1.583,1.9769999999999988
3.398313e-05,3,0.3886,-0.387,0.0,0.0015999999999999903
3.398313e-05,2,18.5,-14.97,1.577,1.9529999999999994
3.398313e-05,4,0.3885,-0.3868,0.0,0.0017000000000000348
3.398313e-05,5,-0.01032,0.0424,0.002332,0.029747999999999997
3.596209e-05,1,19.93,-16.2,1.74,1.9900000000000004
3.596209e-05,3,0.4152,-0.4142,0.0,0.0010000000000000009
3.596209e-05,2,19.88,-16.2,1.732,1.9479999999999997
3.596209e-05,4,0.4155,-0.4145,0.0,0.0010000000000000009
3.596209e-05,5,-0.02257,0.07334,0.006349,0.044421
3.794202e-05,1,21.39,-17.5,1.894,1.9960000000000007
3.794202e-05,3,0.4479,-0.4456,0.0,0.0023000000000000242
3.794202e-05,2,21.35,-17.49,1.883,1.977000000000003
3.794202e-05,4,0.4486,-0.4463,0.0,0.0023000000000000242
3.794202e-05,5,-0.03554,0.1134,0.01283,0.06503
3.99218e-05,1,22.91,-18.85,2.038,2.021999999999999
3.99218e-05,3,0.5137,-0.5084,0.0,0.005300000000000082
3.99218e-05,2,22.9,-18.83,2.022,2.0480000000000005
3.99218e-05,4,0.5138,-0.5087,0.0,0.005099999999999993
3.99218e-05,5,-0.05166,0.1551,0.02186,0.08157999999999999
4.199115e-05,1,24.57,-20.31,2.169,2.0910000000000015
4.199115e-05,3,0.6039,-0.5995,0.0,0.0043999999999999595
4.199115e-05,2,24.62,-20.3,2.156,2.164
4.199115e-05,4,0.6031,-0.5986,0.0,0.0044999999999999485
4.199115e-05,5,-0.06841,0.1846,0.0324,0.08378999999999999
4.396843e-05,1,26.21,-21.76,2.276,2.1739999999999995
4.396843e-05,3,0.6656,-0.6636,0.0,0.0020000000000000018
4.396843e-05,2,26.28,-21.79,2.271,2.219000000000002
4.396843e-05,4,0.6654,-0.6633,0.0,0.0020999999999999908
4.396843e-05,5,-0.07769,0.2017,0.0425,0.08151
4.594505e-05,1,27.85,-23.26,2.37,2.2199999999999998
4.594505e-05,3,0.7079,-0.7062,0.0,0.0016999999999999238
4.594505e-05,2,27.89,-23.3,2.368,2.222
4.594505e-05,4,0.7091,-0.7073,0.0,0.0017999999999999128
4.594505e-05,5,-0.08028,0.206,0.0525,0.07322000000000001
4.791857e-05,1,29.51,-24.8,2.45,2.2600000000000007
4.791857e-05,3,0.764,-0.7605,0.0,0.0035000000000000586
4.791857e-05,2,29.53,-24.82,2.451,2.259000000000001
4.791857e-05,4,0.766,-0.7625,0.0,0.0035000000000000586
4.791857e-05,5,-0.07679,0.2018,0.06168,0.06333000000000001
4.997682e-05,1,31.33,-26.47,2.522,2.3379999999999996
4.997682e-05,3,0.8618,-0.8559,0.0,0.005900000000000016
4.997682e-05,2,31.31,-26.48,2.527,2.302999999999998
4.997682e-05,4,0.8624,-0.8567,0.0,0.005700000000000038
4.997682e-05,5,-0.07288,0.1974,0.0702,0.05431999999999999
5.193936e-05,1,33.18,-28.17,2.59,2.419999999999998
5.193936e-05,3,0.9627,-0.9584,0.0,0.0042999999999999705
5.193936e-05,2,33.14,-28.16,2.597,2.3830000000000005
5.193936e-05,4,0.9616,-0.9574,0.0,0.0041999999999999815
5.193936e-05,5,-0.06987,0.1962,0.07728,0.049049999999999996
5.398376e-05,1,35.22,-30.07,2.673,2.4769999999999985
5.398376e-05,3,1.039,-1.037,0.0,0.0020000000000000018
5.398376e-05,2,35.22,-30.04,2.677,2.5029999999999997
5.398376e-05,4,1.038,-1.036,0.0,0.0020000000000000018
5.398376e-05,5,-0.06655,0.2013,0.0841,0.050650000000000014
5.593242e-05,1,37.33,-32.0,2.771,2.5589999999999984
5.593242e-05,3,1.105,-1.101,0.0,0.0040000000000000036
5.593242e-05,2,37.38,-31.99,2.766,2.624000000000004
5.593242e-05,4,1.105,-1.102,0.0,0.0029999999999998916
5.593242e-05,5,-0.06384,0.2123,0.09091,0.057549999999999976
5.796371e-05,1,39.76,-34.19,2.889,2.6810000000000005
5.796371e-05,3,1.204,-1.199,0.0,0.004999999999999893
5.796371e-05,2,39.83,-34.2,2.878,2.7519999999999953
5.796371e-05,4,1.206,-1.2,0.0,0.006000000000000005
5.796371e-05,5,-0.06434,0.2261,0.09869,0.06307000000000001
5.999084e-05,1,42.41,-36.55,3.007,2.8529999999999993
5.999084e-05,3,1.339,-1.333,0.0,0.006000000000000005
5.999084e-05,2,42.5,-36.61,3.002,2.888000000000001
5.999084e-05,4,1.34,-1.333,0.0,0.007000000000000117
5.999084e-05,5,-0.06675,0.241,0.1072,0.06704999999999998
6.19278e-05,1,45.1,-39.01,3.106,2.9840000000000035
6.19278e-05,3,1.456,-1.452,0.0,0.0040000000000000036
6.19278e-05,2,45.23,-39.09,3.115,3.0249999999999932
6.19278e-05,4,1.457,-1.452,0.0,0.0050000000000001155
6.19278e-05,5,-0.07039,0.259,0.1162,0.07241
6.396807e-05,1,48.05,-41.77,3.197,3.082999999999994
6.396807e-05,3,1.556,-1.552,0.0,0.0040000000000000036
6.396807e-05,2,48.22,-41.89,3.218,3.1119999999999983
6.396807e-05,4,1.558,-1.554,0.0,0.0040000000000000036
6.396807e-05,5,-0.07791,0.2819,0.1267,0.07729
6.594698e-05,1,50.99,-44.61,3.285,3.0950000000000024
6.594698e-05,3,1.669,-1.663,0.0,0.006000000000000005
6.594698e-05,2,51.14,-44.73,3.307,3.1030000000000038
6.594698e-05,4,1.672,-1.667,0.0,0.004999999999999893
6.594698e-05,5,-0.08967,0.3051,0.1377,0.07773
6.79273e-05,1,53.91,-47.53,3.388,2.9919999999999956
6.79273e-05,3,1.822,-1.814,0.0,0.008000000000000007
6.79273e-05,2,54.01,-47.62,3.396,2.9940000000000007
6.79273e-05,4,1.824,-1.817,0.0,0.007000000000000117
6.79273e-05,5,-0.104,0.3287,0.1489,0.0758
6.991092e-05,1,56.75,-50.43,3.505,2.8150000000000004
6.991092e-05,3,1.979,-1.974,0.0,0.0050000000000001155
6.991092e-05,2,56.81,-50.49,3.499,2.821
6.991092e-05,4,1.98,-1.975,0.0,0.004999999999999893
6.991092e-05,5,-0.1195,0.353,0.1603,0.07319999999999999
7.197126e-05,1,59.58,-53.33,3.634,2.616
7.197126e-05,3,2.112,-2.108,0.0,0.0040000000000000036
7.197126e-05,2,59.61,-53.37,3.623,2.6170000000000018
7.197126e-05,4,2.113,-2.109,0.0,0.0040000000000000036
7.197126e-05,5,-0.1367,0.3804,0.1722,0.07150000000000004
7.393477e-05,1,62.19,-55.97,3.753,2.4669999999999987
7.393477e-05,3,2.236,-2.231,0.0,0.0050000000000003375
7.393477e-05,2,62.21,-55.99,3.749,2.4709999999999988
7.393477e-05,4,2.238,-2.233,0.0,0.004999999999999893
7.393477e-05,5,-0.1538,0.4088,0.1835,0.07150000000000001
7.598311e-05,1,64.87,-58.61,3.867,2.393000000000005
7.598311e-05,3,2.399,-2.392,0.0,0.007000000000000117
7.598311e-05,2,64.9,-58.63,3.873,2.397000000000003
7.598311e-05,4,2.401,-2.395,0.0,0.005999999999999783
7.598311e-05,5,-0.1717,0.4398,0.1951,0.07300000000000001
7.793944e-05,1,67.41,-61.09,3.971,2.348999999999993
7.793944e-05,3,2.572,-2.566,0.0,0.006000000000000227
7.793944e-05,2,67.5,-61.14,3.978,2.3819999999999992
7.793944e-05,4,2.573,-2.567,0.0,0.005999999999999783
7.793944e-05,5,-0.1894,0.4706,0.2062,0.07500000000000001
7.998338e-05,1,70.07,-63.68,4.073,2.316999999999993
7.998338e-05,3,2.73,-2.726,0.0,0.0040000000000000036
7.998338e-05,2,70.22,-63.77,4.075,2.3749999999999956
7.998338e-05,4,2.732,-2.727,0.0,0.0050000000000003375
7.998338e-05,5,-0.2087,0.5043,0.218,0.07759999999999997
8.193502e-05,1,72.67,-66.18,4.161,2.3289999999999953
8.193502e-05,3,2.869,-2.865,0.0,0.0040000000000000036
8.193502e-05,2,72.83,-66.3,4.162,2.368000000000001
8.193502e-05,4,2.873,-2.868,0.0,0.0050000000000003375
8.193502e-05,5,-0.2277,0.5375,0.2299,0.07989999999999997
8.397012e-05,1,75.47,-68.87,4.242,2.3579999999999943
8.397012e-05,3,3.041,-3.034,0.0,0.007000000000000117
8.397012e-05,2,75.62,-68.99,4.253,2.3770000000000095
8.397012e-05,4,3.046,-3.039,0.0,0.006999999999999673
8.397012e-05,5,-0.2471,0.5745,0.2435,0.08390000000000003
8.599893e-05,1,78.37,-71.66,4.314,2.396000000000008
8.599893e-05,3,3.24,-3.233,0.0,0.007000000000000117
8.599893e-05,2,78.46,-71.75,4.342,2.367999999999994
8.599893e-05,4,3.244,-3.237,0.0,0.007000000000000117
8.599893e-05,5,-0.2652,0.615,0.2587,0.09110000000000001
8.793348e-05,1,81.25,-74.43,4.383,2.436999999999993
8.793348e-05,3,3.421,-3.416,0.0,0.004999999999999893
8.793348e-05,2,81.3,-74.49,4.424,2.386000000000002
8.793348e-05,4,3.423,-3.418,0.0,0.004999999999999893
8.793348e-05,5,-0.2822,0.6561,0.2748,0.09910000000000002
8.995052e-05,1,84.39,-77.45,4.454,2.485999999999998
8.995052e-05,3,3.594,-3.588,0.0,0.005999999999999783
8.995052e-05,2,84.45,-77.48,4.502,2.467999999999999
8.995052e-05,4,3.596,-3.591,0.0,0.004999999999999893
8.995052e-05,5,-0.2999,0.7027,0.2927,0.11009999999999998
9.196413e-05,1,87.62,-80.59,4.524,2.506000000000001
9.196413e-05,3,3.785,-3.778,0.0,0.007000000000000117
9.196413e-05,2,87.73,-80.62,4.569,2.5409999999999995
9.196413e-05,4,3.788,-3.782,0.0,0.005999999999999783
9.196413e-05,5,-0.3193,0.7574,0.3122,0.1259
9.391535e-05,1,90.76,-83.69,4.588,2.4820000000000073
9.391535e-05,3,4.001,-3.993,0.0,0.008000000000000451
9.391535e-05,2,90.92,-83.75,4.622,2.548000000000002
9.391535e-05,4,4.004,-3.997,0.0,0.006999999999999673
9.391535e-05,5,-0.3413,0.8188,0.333,0.14449999999999996
9.595836e-05,1,94.01,-86.94,4.646,2.4240000000000075
9.595836e-05,3,4.225,-4.219,0.0,0.005999999999999339
9.595836e-05,2,94.2,-87.04,4.668,2.4919999999999964
9.595836e-05,4,4.229,-4.222,0.0,0.006999999999999673
9.595836e-05,5,-0.368,0.8887,0.3568,0.16390000000000005
9.799787e-05,1,97.18,-90.14,4.694,2.3460000000000063
9.799787e-05,3,4.43,-4.424,0.0,0.005999999999999339
9.799787e-05,2,97.4,-90.31,4.712,2.3780000000000037
9.799787e-05,4,4.434,-4.428,0.0,0.006000000000000227
9.799787e-05,5,-0.3951,0.9582,0.3827,0.18040000000000006
9.995045e-05,1,100.2,-93.17,4.73,2.3000000000000007
9.995045e-05,3,4.634,-4.627,0.0,0.007000000000000561
9.995045e-05,2,100.4,-93.39,4.748,2.262000000000005
9.995045e-05,4,4.641,-4.634,0.0,0.006999999999999673
9.995045e-05,5,-0.419,1.021,0.4097,0.19229999999999986
0.0001019913,1,103.2,-96.28,4.761,2.1590000000000016
0.0001019913,3,4.876,-4.869,0.0,0.007000000000000561
0.0001019913,2,103.5,-96.53,4.779,2.190999999999999
0.0001019913,4,4.884,-4.876,0.0,0.008000000000000007
0.0001019913,5,-0.4402,1.082,0.4405,0.20130000000000015
0.0001039451,1,106.1,-99.18,4.784,2.1359999999999877
0.0001039451,3,5.109,-5.102,0.0,0.006999999999999673
0.0001039451,2,106.4,-99.46,4.808,2.132000000000012
0.0001039451,4,5.116,-5.11,0.0,0.005999999999999339
0.0001039451,5,-0.4572,1.139,0.4726,0.20919999999999994
0.0001059878,1,108.9,-102.1,4.81,1.9900000000000118
0.0001059878,3,5.332,-5.326,0.0,0.006000000000000227
0.0001059878,2,109.4,-102.4,4.836,2.1639999999999997
0.0001059878,4,5.34,-5.334,0.0,0.006000000000000227
0.0001059878,5,-0.4716,1.195,0.5081,0.21530000000000005
0.0001079432,1,111.5,-104.8,4.841,1.8590000000000027
0.0001079432,3,5.546,-5.54,0.0,0.006000000000000227
0.0001079432,2,112.1,-105.2,4.862,2.0379999999999914
0.0001079432,4,5.558,-5.551,0.0,0.006999999999999673
0.0001079432,5,-0.4799,1.241,0.5427,0.21840000000000015
0.000109991,1,114.2,-107.5,4.871,1.8290000000000024
0.000109991,3,5.794,-5.787,0.0,0.006999999999999673
0.000109991,2,114.8,-108.0,4.89,1.9099999999999975
0.000109991,4,5.809,-5.802,0.0,0.007000000000000561
0.000109991,5,-0.4814,1.28,0.5781,0.22050000000000003
0.0001119434,1,116.7,-110.0,4.897,1.8030000000000026
0.0001119434,3,6.037,-6.03,0.0,0.006999999999999673
0.0001119434,2,117.2,-110.5,4.921,1.7790000000000026
0.0001119434,4,6.052,-6.045,0.0,0.006999999999999673
0.0001119434,5,-0.4777,1.31,0.6106,0.2217
0.0001139813,1,119.2,-112.6,4.928,1.6720000000000086
0.0001139813,3,6.274,-6.268,0.0,0.006000000000000227
0.0001139813,2,119.7,-113.1,4.964,1.6360000000000081
0.0001139813,4,6.288,-6.282,0.0,0.006000000000000227
0.0001139813,5,-0.4711,1.337,0.643,0.22289999999999988
0.000115928,1,121.6,-115.0,4.968,1.6319999999999943
0.000115928,3,6.497,-6.491,0.0,0.006000000000000227
0.000115928,2,122.1,-115.4,5.01,1.6899999999999888
0.000115928,4,6.512,-6.506,0.0,0.005999999999999339
0.000115928,5,-0.462,1.358,0.6732,0.2228000000000001
0.0001179617,1,124.1,-117.4,5.018,1.6819999999999888
0.0001179617,3,6.749,-6.742,0.0,0.006999999999999673
0.0001179617,2,124.5,-117.8,5.059,1.6410000000000027
0.0001179617,4,6.765,-6.758,0.0,0.006999999999999673
0.0001179617,5,-0.4499,1.378,0.7049,0.22319999999999995
0.0001199936,1,126.5,-119.9,5.072,1.5279999999999943
0.0001199936,3,7.01,-7.003,0.0,0.006999999999999673
0.0001199936,2,127.0,-120.2,5.105,1.6949999999999967
0.0001199936,4,7.027,-7.02,0.0,0.007000000000000561
0.0001199936,5,-0.4395,1.401,0.7367,0.2248
0.0001219347,1,128.9,-122.2,5.118,1.5820000000000025
0.0001219347,3,7.249,-7.243,0.0,0.005999999999999339
0.0001219347,2,129.3,-122.6,5.145,1.5550000000000175
0.0001219347,4,7.265,-7.259,0.0,0.005999999999999339
0.0001219347,5,-0.4358,1.428,0.7667,0.22549999999999992
0.0001239706,1,131.5,-124.7,5.156,1.6439999999999975
0.0001239706,3,7.496,-7.489,0.0,0.007000000000000561
0.0001239706,2,131.8,-125.0,5.18,1.6200000000000117
0.0001239706,4,7.511,-7.505,0.0,0.006000000000000227
0.0001239706,5,-0.4425,1.465,0.797,0.22549999999999992
0.000125922,1,134.0,-127.2,5.185,1.6149999999999975
0.000125922,3,7.747,-7.74,0.0,0.006999999999999673
0.000125922,2,134.3,-127.5,5.213,1.5870000000000113
0.000125922,4,7.764,-7.757,0.0,0.007000000000000561
0.000125922,5,-0.4632,1.514,0.8242,0.2265999999999999
0.000127964,1,136.7,-129.8,5.211,1.688999999999977
0.000127964,3,8.024,-8.017,0.0,0.006999999999999673
0.000127964,2,136.9,-130.1,5.245,1.5550000000000113
0.000127964,4,8.041,-8.034,0.0,0.006999999999999673
0.000127964,5,-0.501,1.578,0.8505,0.22649999999999992
0.0001299425,1,139.2,-132.4,5.231,1.568999999999983
0.0001299425,3,8.286,-8.28,0.0,0.006000000000000227
0.0001299425,2,139.5,-132.6,5.271,1.6290000000000058
0.0001299425,4,8.302,-8.295,0.0,0.006999999999999673
0.0001299425,5,-0.5546,1.656,0.874,0.22739999999999994
0.0001319178,1,141.8,-135.0,5.248,1.5520000000000111
0.0001319178,3,8.541,-8.535,0.0,0.006000000000000227
0.0001319178,2,142.0,-135.2,5.29,1.5100000000000113
0.0001319178,4,8.557,-8.551,0.0,0.006000000000000227
0.0001319178,5,-0.6306,1.756,0.8959,0.22949999999999993
0.0001339687,1,144.4,-137.6,5.263,1.5370000000000115
0.0001339687,3,8.818,-8.811,0.0,0.006999999999999673
0.0001339687,2,144.5,-137.8,5.302,1.397999999999989
0.0001339687,4,8.835,-8.827,0.0,0.008000000000000895
0.0001339687,5,-0.7383,1.886,0.9172,0.23049999999999993
0.0001359258,1,146.7,-140.1,5.278,1.3219999999999947
0.0001359258,3,9.094,-9.086,0.0,0.007999999999999119
0.0001359258,2,146.9,-140.2,5.311,1.389000000000017
0.0001359258,4,9.11,-9.103,0.0,0.006999999999999673
0.0001359258,5,-0.8658,2.03,0.9361,0.22809999999999964
0.000137972,1,149.1,-142.5,5.295,1.3049999999999944
0.000137972,3,9.377,-9.37,0.0,0.0070000000000014495
0.000137972,2,149.3,-142.7,5.322,1.2780000000000227
0.000137972,4,9.392,-9.385,0.0,0.006999999999999673
0.000137972,5,-1.013,2.189,0.9544,0.22160000000000013
0.0001399374,1,151.3,-144.7,5.314,1.2860000000000227
0.0001399374,3,9.64,-9.633,0.0,0.0070000000000014495
0.0001399374,2,151.6,-144.9,5.337,1.3629999999999889
0.0001399374,4,9.656,-9.649,0.0,0.0070000000000014495
0.0001399374,5,-1.153,2.335,0.9705,0.2114999999999999
0.0001419997,1,153.4,-146.9,5.338,1.162
0.0001419997,3,9.921,-9.915,0.0,0.006000000000000227
0.0001419997,2,153.8,-147.2,5.358,1.242000000000023
0.0001419997,4,9.941,-9.934,0.0,0.0070000000000014495
0.0001419997,5,-1.291,2.473,0.9859,0.19609999999999994
0.0001439741,1,155.2,-148.8,5.363,1.0369999999999768
0.0001439741,3,10.2,-10.19,0.0,0.009999999999999787
0.0001439741,2,155.7,-149.2,5.382,1.1180000000000003
0.0001439741,4,10.22,-10.22,0.0,0.0
0.0001439741,5,-1.41,2.591,0.9996,0.18140000000000023
0.000145949,1,156.9,-150.6,5.386,0.9140000000000112
0.000145949,3,10.48,-10.47,0.0,0.009999999999999787
0.000145949,2,157.5,-151.1,5.409,0.9910000000000059
0.000145949,4,10.5,-10.49,0.0,0.009999999999999787
0.000145949,5,-1.516,2.699,1.013,0.16999999999999993
0.0001479109,1,158.5,-152.2,5.405,0.8950000000000111
0.0001479109,3,10.74,-10.74,0.0,0.0
0.0001479109,2,159.0,-152.7,5.439,0.8610000000000113
0.0001479109,4,10.77,-10.76,0.0,0.009999999999999787
0.0001479109,5,-1.613,2.803,1.025,0.16500000000000004
0.0001499587,1,160.0,-153.8,5.422,0.7779999999999889
0.0001499587,3,11.02,-11.01,0.0,0.009999999999999787
0.0001499587,2,160.5,-154.3,5.466,0.7339999999999884
0.0001499587,4,11.04,-11.04,0.0,0.0
0.0001499587,5,-1.713,2.917,1.039,0.1649999999999998
0.0001519131,1,161.4,-155.2,5.44,0.7600000000000167
0.0001519131,3,11.29,-11.29,0.0,0.0
0.0001519131,2,161.8,-155.6,5.487,0.713000000000017
0.0001519131,4,11.32,-11.31,0.0,0.009999999999999787
0.0001519131,5,-1.81,3.033,1.053,0.16999999999999993
0.0001539633,1,162.6,-156.5,5.461,0.638999999999994
0.0001539633,3,11.58,-11.57,0.0,0.009999999999999787
0.0001539633,2,162.9,-156.8,5.506,0.5939999999999941
0.0001539633,4,11.6,-11.6,0.0,0.0
0.0001539633,5,-1.915,3.163,1.069,0.17899999999999983
0.0001559214,1,163.6,-157.6,5.483,0.5170000000000003
0.0001559214,3,11.84,-11.84,0.0,0.0
0.0001559214,2,163.9,-157.9,5.521,0.4790000000000001
0.0001559214,4,11.87,-11.86,0.0,0.009999999999999787
0.0001559214,5,-2.013,3.286,1.086,0.18700000000000006
0.0001579647,1,164.5,-158.6,5.505,0.3950000000000058
0.0001579647,3,12.12,-12.11,0.0,0.009999999999999787
0.0001579647,2,164.8,-158.8,5.537,0.4630000000000001
0.0001579647,4,12.14,-12.13,0.0,0.009999999999999787
0.0001579647,5,-2.106,3.399,1.104,0.18900000000000006
0.0001599165,1,165.3,-159.4,5.522,0.37800000000000544
0.0001599165,3,12.38,-12.37,0.0,0.010000000000001563
0.0001599165,2,165.6,-159.6,5.552,0.4480000000000004
0.0001599165,4,12.4,-12.4,0.0,0.0
0.0001599165,5,-2.181,3.489,1.121,0.18699999999999983
0.0001619557,1,165.9,-160.1,5.536,0.2640000000000118
0.0001619557,3,12.66,-12.65,0.0,0.009999999999999787
0.0001619557,2,166.2,-160.3,5.564,0.3359999999999772
0.0001619557,4,12.68,-12.67,0.0,0.009999999999999787
0.0001619557,5,-2.241,3.564,1.138,0.18500000000000005
0.0001639949,1,166.4,-160.6,5.548,0.2520000000000113
0.0001639949,3,12.92,-12.92,0.0,0.0
0.0001639949,2,166.8,-160.9,5.576,0.32400000000000606
0.0001639949,4,12.95,-12.94,0.0,0.009999999999999787
0.0001639949,5,-2.286,3.625,1.154,0.18500000000000005
0.0001659563,1,166.9,-161.1,5.558,0.24200000000001154
0.0001659563,3,13.18,-13.17,0.0,0.009999999999999787
0.0001659563,2,167.2,-161.4,5.586,0.21399999999998265
0.0001659563,4,13.2,-13.2,0.0,0.0
0.0001659563,5,-2.321,3.676,1.169,0.18599999999999994
0.0001679251,1,167.3,-161.6,5.568,0.13200000000001744
0.0001679251,3,13.44,-13.43,0.0,0.009999999999999787
0.0001679251,2,167.6,-161.8,5.595,0.2049999999999832
0.0001679251,4,13.46,-13.45,0.0,0.010000000000001563
0.0001679251,5,-2.35,3.725,1.182,0.19300000000000006
0.0001699788,1,167.7,-162.0,5.575,0.12499999999998845
0.0001699788,3,13.71,-13.7,0.0,0.010000000000001563
0.0001699788,2,168.0,-162.2,5.604,0.19600000000001128
0.0001699788,4,13.73,-13.73,0.0,0.0
0.0001699788,5,-2.377,3.772,1.194,0.20100000000000007
0.0001719347,1,168.0,-162.3,5.581,0.11899999999998823
0.0001719347,3,13.96,-13.95,0.0,0.010000000000001563
0.0001719347,2,168.3,-162.5,5.611,0.1890000000000116
0.0001719347,4,13.98,-13.98,0.0,0.0
0.0001719347,5,-2.397,3.813,1.204,0.2120000000000004
0.0001739743,1,168.3,-162.6,5.586,0.11400000000001675
0.0001739743,3,14.22,-14.21,0.0,0.009999999999999787
0.0001739743,2,168.6,-162.8,5.617,0.18299999999998295
0.0001739743,4,14.24,-14.24,0.0,0.0
0.0001739743,5,-2.412,3.85,1.214,0.2240000000000002
0.0001759291,1,168.5,-162.8,5.59,0.10999999999998877
0.0001759291,3,14.47,-14.46,0.0,0.009999999999999787
0.0001759291,2,168.8,-163.0,5.62,0.18000000000001126
0.0001759291,4,14.49,-14.48,0.0,0.009999999999999787
0.0001759291,5,-2.419,3.881,1.223,0.23899999999999966
0.0001779698,1,168.7,-163.0,5.594,0.10599999999998833
0.0001779698,3,14.73,-14.72,0.0,0.009999999999999787
0.0001779698,2,168.9,-163.2,5.622,0.07800000000001717
0.0001779698,4,14.75,-14.75,0.0,0.0
0.0001779698,5,-2.42,3.909,1.234,0.2549999999999999
0.0001799193,1,168.9,-163.2,5.596,0.10400000000001697
0.0001799193,3,14.97,-14.97,0.0,0.0
0.0001799193,2,169.1,-163.4,5.623,0.07699999999998841
0.0001799193,4,15.0,-14.99,0.0,0.009999999999999787
0.0001799193,5,-2.414,3.929,1.245,0.2699999999999996
0.0001819571,1,169.0,-163.3,5.598,0.10199999999998877
0.0001819571,3,15.23,-15.22,0.0,0.009999999999999787
0.0001819571,2,169.3,-163.5,5.624,0.1760000000000117
0.0001819571,4,15.25,-15.24,0.0,0.009999999999999787
0.0001819571,5,-2.401,3.942,1.258,0.28300000000000036
0.0001839112,1,169.1,-163.5,5.599,0.0009999999999941167
0.0001839112,3,15.47,-15.46,0.0,0.009999999999999787
0.0001839112,2,169.4,-163.7,5.626,0.07400000000001672
0.0001839112,4,15.49,-15.49,0.0,0.0
0.0001839112,5,-2.384,3.95,1.272,0.29400000000000026
0.0001859567,1,169.2,-163.6,5.6,-5.329070518200751e-15
0.0001859567,3,15.72,-15.72,0.0,0.0
0.0001859567,2,169.5,-163.8,5.628,0.07199999999998852
0.0001859567,4,15.75,-15.74,0.0,0.009999999999999787
0.0001859567,5,-2.365,3.958,1.287,0.30600000000000005
0.0001879976,1,169.3,-163.7,5.601,-0.0009999999999772413
0.0001879976,3,15.98,-15.97,0.0,0.009999999999999787
0.0001879976,2,169.5,-163.9,5.63,-0.030000000000005578
0.0001879976,4,16.0,-16.0,0.0,0.0
0.0001879976,5,-2.35,3.973,1.303,0.31999999999999984
0.0001899521,1,169.4,-163.7,5.602,0.09800000000001674
0.0001899521,3,16.21,-16.21,0.0,0.0
0.0001899521,2,169.6,-163.9,5.632,0.06799999999998896
0.0001899521,4,16.24,-16.23,0.0,0.00999999999999801
0.0001899521,5,-2.343,3.998,1.318,0.3370000000000002
0.0001919168,1,169.4,-163.8,5.603,-0.0030000000000054428
0.0001919168,3,16.45,-16.45,0.0,0.0
0.0001919168,2,169.6,-164.0,5.633,-0.03300000000000569
0.0001919168,4,16.48,-16.47,0.0,0.010000000000001563
0.0001919168,5,-2.348,4.039,1.331,0.3599999999999999
0.0001939578,1,169.4,-163.8,5.604,-0.004000000000005777
0.0001939578,3,16.7,-16.69,0.0,0.00999999999999801
0.0001939578,2,169.6,-164.0,5.633,-0.03300000000000569
0.0001939578,4,16.73,-16.72,0.0,0.010000000000001563
0.0001939578,5,-2.369,4.102,1.343,0.3900000000000001
0.0001959997,1,169.4,-163.8,5.605,-0.005000000000006111
0.0001959997,3,16.95,-16.94,0.0,0.00999999999999801
0.0001959997,2,169.7,-164.0,5.634,0.06599999999998829
0.0001959997,4,16.97,-16.97,0.0,0.0
0.0001959997,5,-2.407,4.182,1.355,0.4200000000000004
0.0001979523,1,169.4,-163.8,5.605,-0.005000000000006111
0.0001979523,3,17.18,-17.18,0.0,0.0
0.0001979523,2,169.7,-164.0,5.634,0.06599999999998829
0.0001979523,4,17.21,-17.2,0.0,0.010000000000001563
0.0001979523,5,-2.456,4.268,1.367,0.44499999999999984
0.0001999993,1,169.4,-163.8,5.605,-0.005000000000006111
0.0001999993,3,17.43,-17.42,0.0,0.00999999999999801
0.0001999993,2,169.7,-164.0,5.634,0.06599999999998829
0.0001999993,4,17.45,-17.45,0.0,0.0
0.0001999993,5,-2.512,4.359,1.38,0.4670000000000001
0.0002019599,1,169.4,-163.8,5.605,-0.005000000000006111
0.0002019599,3,17.66,-17.65,0.0,0.010000000000001563
0.0002019599,2,169.7,-164.0,5.634,0.06599999999998829
0.0002019599,4,17.69,-17.68,0.0,0.010000000000001563
0.0002019599,5,-2.564,4.441,1.394,0.4829999999999999
0.0002039221,1,169.4,-163.8,5.605,-0.005000000000006111
0.0002039221,3,17.89,-17.89,0.0,0.0
0.0002039221,2,169.7,-164.0,5.634,0.06599999999998829
0.0002039221,4,17.92,-17.91,0.0,0.010000000000001563
0.0002039221,5,-2.611,4.514,1.41,0.4930000000000001
0.0002059745,1,169.4,-163.8,5.605,-0.005000000000006111
0.0002059745,3,18.14,-18.13,0.0,0.010000000000001563
0.0002059745,2,169.7,-164.0,5.634,0.06599999999998829
0.0002059745,4,18.16,-18.16,0.0,0.0
0.0002059745,5,-2.655,4.583,1.428,0.5000000000000004
0.0002079374,1,169.4,-163.8,5.605,-0.005000000000006111
0.0002079374,3,18.37,-18.36,0.0,0.010000000000001563
0.0002079374,2,169.7,-164.0,5.634,0.06599999999998829
0.0002079374,4,18.39,-18.39,0.0,0.0
0.0002079374,5,-2.694,4.644,1.448,0.5020000000000002
0.0002099881,1,169.4,-163.8,5.605,-0.005000000000006111
0.0002099881,3,18.6,-18.6,0.0,0.0
0.0002099881,2,169.7,-164.0,5.634,0.06599999999998829
0.0002099881,4,18.63,-18.63,0.0,0.0
0.0002099881,5,-2.738,4.708,1.471,0.4990000000000001
0.0002119479,1,169.4,-163.8,5.605,-0.005000000000006111
0.0002119479,3,18.83,-18.83,0.0,0.0
0.0002119479,2,169.7,-164.0,5.634,0.06599999999998829
0.0002119479,4,18.86,-18.86,0.0,0.0
0.0002119479,5,-2.787,4.774,1.495,0.492
0.0002139954,1,169.4,-163.8,5.605,-0.005000000000006111
0.0002139954,3,19.07,-19.07,0.0,0.0
0.0002139954,2,169.7,-164.0,5.634,0.06599999999998829
0.0002139954,4,19.1,-19.1,0.0,0.0
0.0002139954,5,-2.849,4.851,1.522,0.47999999999999976
0.0002159533,1,169.4,-163.8,5.605,-0.005000000000006111
0.0002159533,3,19.3,-19.3,0.0,0.0
0.0002159533,2,169.7,-164.0,5.634,0.06599999999998829
0.0002159533,4,19.33,-19.32,0.0,0.00999999999999801
0.0002159533,5,-2.919,4.932,1.549,0.4640000000000004
0.0002179134,1,169.4,-163.8,5.605,-0.005000000000006111
0.0002179134,3,19.53,-19.52,0.0,0.010000000000001563
0.0002179134,2,169.7,-164.0,5.634,0.06599999999998829
0.0002179134,4,19.55,-19.55,0.0,0.0
0.0002179134,5,-2.996,5.021,1.579,0.44599999999999995
0.000219962,1,169.4,-163.8,5.605,-0.005000000000006111
0.000219962,3,19.76,-19.76,0.0,0.0
0.000219962,2,169.7,-164.0,5.634,0.06599999999998829
0.000219962,4,19.79,-19.79,0.0,0.0
0.000219962,5,-3.079,5.119,1.613,0.4269999999999996
0.000221922,1,169.4,-163.8,5.605,-0.005000000000006111
0.000221922,3,19.99,-19.98,0.0,0.00999999999999801
0.000221922,2,169.7,-164.0,5.634,0.06599999999998829
0.000221922,4,20.02,-20.01,0.0,0.00999999999999801
0.000221922,5,-3.159,5.218,1.647,0.41200000000000014
0.0002239708,1,169.4,-163.8,5.605,-0.005000000000006111
0.0002239708,3,20.22,-20.22,0.0,0.0
0.0002239708,2,169.7,-164.0,5.634,0.06599999999998829
0.0002239708,4,20.25,-20.25,0.0,0.0
0.0002239708,5,-3.245,5.331,1.686,0.40000000000000036
0.0002259281,1,169.4,-163.8,5.605,-0.005000000000006111
0.0002259281,3,20.44,-20.44,0.0,0.0
0.0002259281,2,169.7,-164.0,5.634,0.06599999999998829
0.0002259281,4,20.47,-20.47,0.0,0.0
0.0002259281,5,-3.335,5.454,1.724,0.3949999999999998
0.0002279842,1,169.4,-163.8,5.605,-0.005000000000006111
0.0002279842,3,20.68,-20.67,0.0,0.00999999999999801
0.0002279842,2,169.7,-164.0,5.634,0.06599999999998829
0.0002279842,4,20.71,-20.7,0.0,0.010000000000001563
0.0002279842,5,-3.44,5.594,1.765,0.38900000000000046
0.0002299987,1,169.4,-163.8,5.605,-0.005000000000006111
0.0002299987,3,20.91,-20.9,0.0,0.010000000000001563
0.0002299987,2,169.7,-164.0,5.634,0.06599999999998829
0.0002299987,4,20.94,-20.93,0.0,0.010000000000001563
0.0002299987,5,-3.551,5.735,1.807,0.3770000000000002
0.0002319811,1,169.4,-163.8,5.605,-0.005000000000006111
0.0002319811,3,21.13,-21.13,0.0,0.0
0.0002319811,2,169.7,-164.0,5.634,0.06599999999998829
0.0002319811,4,21.16,-21.16,0.0,0.0
0.0002319811,5,-3.662,5.872,1.849,0.361
0.0002339614,1,169.4,-163.8,5.605,-0.005000000000006111
0.0002339614,3,21.36,-21.35,0.0,0.00999999999999801
0.0002339614,2,169.7,-164.0,5.634,0.06599999999998829
0.0002339614,4,21.38,-21.38,0.0,0.0
0.0002339614,5,-3.768,6.003,1.891,0.3440000000000003
0.0002359369,1,169.4,-163.8,5.605,-0.005000000000006111
0.0002359369,3,21.58,-21.57,0.0,0.00999999999999801
0.0002359369,2,169.7,-164.0,5.634,0.06599999999998829
0.0002359369,4,21.61,-21.6,0.0,0.00999999999999801
0.0002359369,5,-3.861,6.125,1.932,0.33199999999999985
0.0002379133,1,169.4,-163.8,5.605,-0.005000000000006111
0.0002379133,3,21.8,-21.8,0.0,0.0
0.0002379133,2,169.7,-164.0,5.634,0.06599999999998829
0.0002379133,4,21.83,-21.83,0.0,0.0
0.0002379133,5,-3.935,6.232,1.971,0.32600000000000007
0.0002399756,1,169.4,-163.8,5.605,-0.005000000000006111
0.0002399756,3,22.03,-22.03,0.0,0.0
0.0002399756,2,169.7,-164.0,5.634,0.06599999999998829
0.0002399756,4,22.06,-22.06,0.0,0.0
0.0002399756,5,-3.987,6.321,2.011,0.3229999999999995
0.000241942,1,169.4,-163.8,5.605,-0.005000000000006111
0.000241942,3,22.25,-22.25,0.0,0.0
0.000241942,2,169.7,-164.0,5.634,0.06599999999998829
0.000241942,4,22.28,-22.28,0.0,0.0
0.000241942,5,-4.01,6.377,2.047,0.31999999999999984
0.0002439949,1,169.4,-163.8,5.605,-0.005000000000006111
0.0002439949,3,22.48,-22.48,0.0,0.0
0.0002439949,2,169.7,-164.0,5.634,0.06599999999998829
0.0002439949,4,22.51,-22.51,0.0,0.0
0.0002439949,5,-4.008,6.404,2.084,0.31199999999999983
0.0002459589,1,169.4,-163.8,5.605,-0.005000000000006111
0.0002459589,3,22.7,-22.7,0.0,0.0
0.0002459589,2,169.7,-164.0,5.634,0.06599999999998829
0.0002459589,4,22.73,-22.73,0.0,0.0
0.0002459589,5,-3.984,6.404,2.117,0.30299999999999994
0.0002479242,1,169.4,-163.8,5.605,-0.005000000000006111
0.0002479242,3,22.92,-22.92,0.0,0.0
0.0002479242,2,169.7,-164.0,5.634,0.06599999999998829
0.0002479242,4,22.95,-22.95,0.0,0.0
0.0002479242,5,-3.937,6.385,2.148,0.2999999999999998
0.000249985,1,169.4,-163.8,5.605,-0.005000000000006111
0.000249985,3,23.15,-23.15,0.0,0.0
0.000249985,2,169.7,-164.0,5.634,0.06599999999998829
0.000249985,4,23.18,-23.18,0.0,0.0
0.000249985,5,-3.863,6.354,2.181,0.31000000000000005
0.0002519541,1,169.4,-163.8,5.605,-0.005000000000006111
0.0002519541,3,23.37,-23.37,0.0,0.0
0.0002519541,2,169.7,-164.0,5.634,0.06599999999998829
0.0002519541,4,23.4,-23.4,0.0,0.0
0.0002519541,5,-3.774,6.335,2.213,0.34799999999999986
0.0002539214,1,169.4,-163.8,5.605,-0.005000000000006111
0.0002539214,3,23.59,-23.58,0.0,0.010000000000001563
0.0002539214,2,169.7,-164.0,5.634,0.06599999999998829
0.0002539214,4,23.62,-23.62,0.0,0.0
0.0002539214,5,-3.683,6.337,2.248,0.4059999999999997
0.0002559766,1,169.4,-163.8,5.605,-0.005000000000006111
0.0002559766,3,23.82,-23.81,0.0,0.010000000000001563
0.0002559766,2,169.7,-164.0,5.634,0.06599999999998829
0.0002559766,4,23.85,-23.84,0.0,0.010000000000001563
0.0002559766,5,-3.57,6.372,2.292,0.5100000000000002
0.000257949,1,169.4,-163.8,5.605,-0.005000000000006111
0.000257949,3,24.04,-24.03,0.0,0.00999999999999801
0.000257949,2,169.7,-164.0,5.634,0.06599999999998829
0.000257949,4,24.07,-24.06,0.0,0.010000000000001563
0.000257949,5,-3.452,6.485,2.351,0.6820000000000004
0.0002599243,1,169.4,-163.8,5.605,-0.005000000000006111
0.0002599243,3,24.25,-24.25,0.0,0.0
0.0002599243,2,169.7,-164.0,5.634,0.06599999999998829
0.0002599243,4,24.29,-24.28,0.0,0.00999999999999801
0.0002599243,5,-3.394,6.63,2.425,0.8109999999999999
0.0002619866,1,169.4,-163.8,5.605,-0.005000000000006111
0.0002619866,3,24.48,-24.48,0.0,0.0
0.0002619866,2,169.7,-164.0,5.634,0.06599999999998829
0.0002619866,4,24.51,-24.51,0.0,0.0
0.0002619866,5,-3.402,6.811,2.512,0.8969999999999998
0.0002639541,1,169.4,-163.8,5.605,-0.005000000000006111
0.0002639541,3,24.7,-24.69,0.0,0.00999999999999801
0.0002639541,2,169.7,-164.0,5.634,0.06599999999998829
0.0002639541,4,24.73,-24.72,0.0,0.010000000000001563
0.0002639541,5,-3.472,7.075,2.604,0.9990000000000001
0.0002659178,1,169.4,-163.8,5.605,-0.005000000000006111
0.0002659178,3,24.91,-24.91,0.0,0.0
0.0002659178,2,169.7,-164.0,5.634,0.06599999999998829
0.0002659178,4,24.94,-24.94,0.0,0.0
0.0002659178,5,-3.614,7.312,2.703,0.9950000000000006
0.000267965,1,169.4,-163.8,5.605,-0.005000000000006111
0.000267965,3,25.14,-25.13,0.0,0.010000000000001563
0.000267965,2,169.7,-164.0,5.634,0.06599999999998829
0.000267965,4,25.17,-25.16,0.0,0.010000000000001563
0.000267965,5,-3.737,7.461,2.804,0.9200000000000004
0.0002699219,1,169.4,-163.8,5.605,-0.005000000000006111
0.0002699219,3,25.35,-25.35,0.0,0.0
0.0002699219,2,169.7,-164.0,5.634,0.06599999999998829
0.0002699219,4,25.38,-25.38,0.0,0.0
0.0002699219,5,-3.781,7.514,2.891,0.8420000000000001
0.0002719812,1,169.4,-163.8,5.605,-0.005000000000006111
0.0002719812,3,25.57,-25.57,0.0,0.0
0.0002719812,2,169.7,-164.0,5.634,0.06599999999998829
0.0002719812,4,25.61,-25.6,0.0,0.00999999999999801
0.0002719812,5,-3.783,7.51,2.979,0.7479999999999998
0.0002739525,1,169.4,-163.8,5.605,-0.005000000000006111
0.0002739525,3,25.79,-25.78,0.0,0.00999999999999801
0.0002739525,2,169.7,-164.0,5.634,0.06599999999998829
0.0002739525,4,25.82,-25.82,0.0,0.0
0.0002739525,5,-3.75,7.51,3.062,0.698
0.0002759212,1,169.4,-163.8,5.605,-0.005000000000006111
0.0002759212,3,26.0,-26.0,0.0,0.0
0.0002759212,2,169.7,-164.0,5.634,0.06599999999998829
0.0002759212,4,26.04,-26.03,0.0,0.00999999999999801
0.0002759212,5,-3.691,7.513,3.147,0.6750000000000003
0.0002779744,1,169.4,-163.8,5.605,-0.005000000000006111
0.0002779744,3,26.23,-26.22,0.0,0.010000000000001563
0.0002779744,2,169.7,-164.0,5.634,0.06599999999998829
0.0002779744,4,26.26,-26.25,0.0,0.010000000000001563
0.0002779744,5,-3.612,7.493,3.237,0.6440000000000001
0.0002799354,1,169.4,-163.8,5.605,-0.005000000000006111
0.0002799354,3,26.44,-26.43,0.0,0.010000000000001563
0.0002799354,2,169.7,-164.0,5.634,0.06599999999998829
0.0002799354,4,26.47,-26.47,0.0,0.0
0.0002799354,5,-3.519,7.45,3.323,0.6080000000000001
0.0002819853,1,169.4,-163.8,5.605,-0.005000000000006111
0.0002819853,3,26.66,-26.65,0.0,0.010000000000001563
0.0002819853,2,169.7,-164.0,5.634,0.06599999999998829
0.0002819853,4,26.69,-26.69,0.0,0.0
0.0002819853,5,-3.404,7.384,3.413,0.5670000000000006
0.0002839427,1,169.4,-163.8,5.605,-0.005000000000006111
0.0002839427,3,26.87,-26.87,0.0,0.0
0.0002839427,2,169.7,-164.0,5.634,0.06599999999998829
0.0002839427,4,26.9,-26.9,0.0,0.0
0.0002839427,5,-3.295,7.317,3.493,0.5290000000000004
0.0002859895,1,169.4,-163.8,5.605,-0.005000000000006111
0.0002859895,3,27.09,-27.09,0.0,0.0
0.0002859895,2,169.7,-164.0,5.634,0.06599999999998829
0.0002859895,4,27.12,-27.12,0.0,0.0
0.0002859895,5,-3.193,7.262,3.573,0.4959999999999991
0.0002879621,1,169.4,-163.8,5.605,-0.005000000000006111
0.0002879621,3,27.3,-27.3,0.0,0.0
0.0002879621,2,169.7,-164.0,5.634,0.06599999999998829
0.0002879621,4,27.34,-27.33,0.0,0.010000000000001563
0.0002879621,5,-3.111,7.236,3.648,0.47699999999999987
0.0002899291,1,169.4,-163.8,5.605,-0.005000000000006111
0.0002899291,3,27.51,-27.51,0.0,0.0
0.0002899291,2,169.7,-164.0,5.634,0.06599999999998829
0.0002899291,4,27.55,-27.54,0.0,0.010000000000001563
0.0002899291,5,-3.051,7.237,3.721,0.46499999999999986
0.0002919792,1,169.4,-163.8,5.605,-0.005000000000006111
0.0002919792,3,27.73,-27.73,0.0,0.0
0.0002919792,2,169.7,-164.0,5.634,0.06599999999998829
0.0002919792,4,27.77,-27.76,0.0,0.00999999999999801
0.0002919792,5,-3.013,7.267,3.799,0.4550000000000005
0.0002939351,1,169.4,-163.8,5.605,-0.005000000000006111
0.0002939351,3,27.94,-27.94,0.0,0.0
0.0002939351,2,169.7,-164.0,5.634,0.06599999999998829
0.0002939351,4,27.98,-27.97,0.0,0.010000000000001563
0.0002939351,5,-3.0,7.323,3.874,0.4490000000000003
0.0002959814,1,169.4,-163.8,5.605,-0.005000000000006111
0.0002959814,3,28.16,-28.15,0.0,0.010000000000001563
0.0002959814,2,169.7,-164.0,5.634,0.06599999999998829
0.0002959814,4,28.19,-28.19,0.0,0.0
0.0002959814,5,-3.015,7.413,3.956,0.4419999999999997
0.0002979373,1,169.4,-163.8,5.605,-0.005000000000006111
0.0002979373,3,28.37,-28.36,0.0,0.010000000000001563
0.0002979373,2,169.7,-164.0,5.634,0.06599999999998829
0.0002979373,4,28.4,-28.4,0.0,0.0
0.0002979373,5,-3.063,7.532,4.036,0.43299999999999983
0.0002999819,1,169.4,-163.8,5.605,-0.005000000000006111
0.0002999819,3,28.58,-28.58,0.0,0.0
0.0002999819,2,169.7,-164.0,5.634,0.06599999999998829
0.0002999819,4,28.62,-28.61,0.0,0.010000000000001563
0.0002999819,5,-3.149,7.688,4.118,0.4209999999999994
0.0003019374,1,169.4,-163.8,5.605,-0.005000000000006111
0.0003019374,3,28.79,-28.79,0.0,0.0
0.0003019374,2,169.7,-164.0,5.634,0.06599999999998829
0.0003019374,4,28.83,-28.82,0.0,0.00999999999999801
0.0003019374,5,-3.257,7.864,4.194,0.41299999999999937
0.0003039846,1,169.4,-163.8,5.605,-0.005000000000006111
0.0003039846,3,29.01,-29.0,0.0,0.010000000000001563
0.0003039846,2,169.7,-164.0,5.634,0.06599999999998829
0.0003039846,4,29.04,-29.04,0.0,0.0
0.0003039846,5,-3.382,8.069,4.267,0.4200000000000008
0.0003059383,1,169.4,-163.8,5.605,-0.005000000000006111
0.0003059383,3,29.21,-29.21,0.0,0.0
0.0003059383,2,169.7,-164.0,5.634,0.06599999999998829
0.0003059383,4,29.25,-29.24,0.0,0.010000000000001563
0.0003059383,5,-3.483,8.264,4.331,0.4499999999999984
0.0003079899,1,169.4,-163.8,5.605,-0.005000000000006111
0.0003079899,3,29.43,-29.42,0.0,0.00999999999999801
0.0003079899,2,169.7,-164.0,5.634,0.06599999999998829
0.0003079899,4,29.47,-29.46,0.0,0.00999999999999801
0.0003079899,5,-3.611,8.461,4.391,0.45899999999999963
0.0003099433,1,169.4,-163.8,5.605,-0.005000000000006111
0.0003099433,3,29.63,-29.63,0.0,0.0
0.0003099433,2,169.7,-164.0,5.634,0.06599999999998829
0.0003099433,4,29.67,-29.67,0.0,0.0
0.0003099433,5,-3.705,8.63,4.44,0.4850000000000003
0.0003119774,1,169.4,-163.8,5.605,-0.005000000000006111
0.0003119774,3,29.85,-29.84,0.0,0.010000000000001563
0.0003119774,2,169.7,-164.0,5.634,0.06599999999998829
0.0003119774,4,29.88,-29.88,0.0,0.0
0.0003119774,5,-3.774,8.778,4.484,0.5200000000000005
0.0003139379,1,169.4,-163.8,5.605,-0.005000000000006111
0.0003139379,3,30.05,-30.05,0.0,0.0
0.0003139379,2,169.7,-164.0,5.634,0.06599999999998829
0.0003139379,4,30.09,-30.09,0.0,0.0
0.0003139379,5,-3.805,8.887,4.524,0.5580000000000007
0.000315992,1,169.4,-163.8,5.605,-0.005000000000006111
0.000315992,3,30.27,-30.26,0.0,0.00999999999999801
0.000315992,2,169.7,-164.0,5.634,0.06599999999998829
0.000315992,4,30.3,-30.3,0.0,0.0
0.000315992,5,-3.803,8.965,4.567,0.5949999999999998
0.0003179579,1,169.4,-163.8,5.605,-0.005000000000006111
0.0003179579,3,30.47,-30.47,0.0,0.0
0.0003179579,2,169.7,-164.0,5.634,0.06599999999998829
0.0003179579,4,30.51,-30.5,0.0,0.010000000000001563
0.0003179579,5,-3.788,9.021,4.611,0.6220000000000008
0.0003199251,1,169.4,-163.8,5.605,-0.005000000000006111
0.0003199251,3,30.68,-30.67,0.0,0.00999999999999801
0.0003199251,2,169.7,-164.0,5.634,0.06599999999998829
0.0003199251,4,30.71,-30.71,0.0,0.0
0.0003199251,5,-3.773,9.068,4.656,0.6390000000000002
0.0003219824,1,169.4,-163.8,5.605,-0.005000000000006111
0.0003219824,3,30.89,-30.89,0.0,0.0
0.0003219824,2,169.7,-164.0,5.634,0.06599999999998829
0.0003219824,4,30.93,-30.92,0.0,0.00999999999999801
0.0003219824,5,-3.764,9.113,4.704,0.6450000000000005
0.0003239443,1,169.4,-163.8,5.605,-0.005000000000006111
0.0003239443,3,31.09,-31.09,0.0,0.0
0.0003239443,2,169.7,-164.0,5.634,0.06599999999998829
0.0003239443,4,31.13,-31.13,0.0,0.0
0.0003239443,5,-3.765,9.154,4.751,0.637999999999999
0.0003259905,1,169.4,-163.8,5.605,-0.005000000000006111
0.0003259905,3,31.3,-31.3,0.0,0.0
0.0003259905,2,169.7,-164.0,5.634,0.06599999999998829
0.0003259905,4,31.34,-31.34,0.0,0.0
0.0003259905,5,-3.774,9.199,4.801,0.6239999999999997
0.0003279459,1,169.4,-163.8,5.605,-0.005000000000006111
0.0003279459,3,31.51,-31.5,0.0,0.010000000000001563
0.0003279459,2,169.7,-164.0,5.634,0.06599999999998829
0.0003279459,4,31.55,-31.54,0.0,0.010000000000001563
0.0003279459,5,-3.791,9.247,4.851,0.6049999999999995
0.0003299895,1,169.4,-163.8,5.605,-0.005000000000006111
0.0003299895,3,31.72,-31.71,0.0,0.00999999999999801
0.0003299895,2,169.7,-164.0,5.634,0.06599999999998829
0.0003299895,4,31.76,-31.75,0.0,0.010000000000001563
0.0003299895,5,-3.818,9.305,4.905,0.5819999999999999
0.0003319562,1,169.4,-163.8,5.605,-0.005000000000006111
0.0003319562,3,31.92,-31.91,0.0,0.010000000000001563
0.0003319562,2,169.7,-164.0,5.634,0.06599999999998829
0.0003319562,4,31.96,-31.95,0.0,0.010000000000001563
0.0003319562,5,-3.856,9.375,4.957,0.5620000000000003
0.0003339252,1,169.4,-163.8,5.605,-0.005000000000006111
0.0003339252,3,32.12,-32.12,0.0,0.0
0.0003339252,2,169.7,-164.0,5.634,0.06599999999998829
0.0003339252,4,32.16,-32.16,0.0,0.0
0.0003339252,5,-3.909,9.464,5.011,0.5440000000000005
0.000335978,1,169.4,-163.8,5.605,-0.005000000000006111
0.000335978,3,32.33,-32.33,0.0,0.0
0.000335978,2,169.7,-164.0,5.634,0.06599999999998829
0.000335978,4,32.37,-32.37,0.0,0.0
0.000335978,5,-3.982,9.561,5.068,0.5110000000000001
0.0003379387,1,169.4,-163.8,5.605,-0.005000000000006111
0.0003379387,3,32.53,-32.53,0.0,0.0
0.0003379387,2,169.7,-164.0,5.634,0.06599999999998829
0.0003379387,4,32.57,-32.57,0.0,0.0
0.0003379387,5,-4.052,9.647,5.122,0.47300000000000075
0.0003399878,1,169.4,-163.8,5.605,-0.005000000000006111
0.0003399878,3,32.74,-32.74,0.0,0.0
0.0003399878,2,169.7,-164.0,5.634,0.06599999999998829
0.0003399878,4,32.78,-32.78,0.0,0.0
0.0003399878,5,-4.105,9.737,5.179,0.4529999999999994
0.0003419602,1,169.4,-163.8,5.605,-0.005000000000006111
0.0003419602,3,32.94,-32.94,0.0,0.0
0.0003419602,2,169.7,-164.0,5.634,0.06599999999998829
0.0003419602,4,32.98,-32.98,0.0,0.0
0.0003419602,5,-4.137,9.833,5.236,0.46000000000000085
0.0003439333,1,169.4,-163.8,5.605,-0.005000000000006111
0.0003439333,3,33.14,-33.14,0.0,0.0
0.0003439333,2,169.7,-164.0,5.634,0.06599999999998829
0.0003439333,4,33.18,-33.18,0.0,0.0
0.0003439333,5,-4.163,9.924,5.292,0.4689999999999994
0.0003459838,1,169.4,-163.8,5.605,-0.005000000000006111
0.0003459838,3,33.35,-33.35,0.0,0.0
0.0003459838,2,169.7,-164.0,5.634,0.06599999999998829
0.0003459838,4,33.39,-33.39,0.0,0.0
0.0003459838,5,-4.189,10.01,5.345,0.476
0.0003479371,1,169.4,-163.8,5.605,-0.005000000000006111
0.0003479371,3,33.55,-33.54,0.0,0.00999999999999801
0.0003479371,2,169.7,-164.0,5.634,0.06599999999998829
0.0003479371,4,33.59,-33.58,0.0,0.010000000000005116
0.0003479371,5,-4.217,10.09,5.389,0.484
0.0003499898,1,169.4,-163.8,5.605,-0.005000000000006111
0.0003499898,3,33.76,-33.75,0.0,0.00999999999999801
0.0003499898,2,169.7,-164.0,5.634,0.06599999999998829
0.0003499898,4,33.8,-33.79,0.0,0.00999999999999801
0.0003499898,5,-4.252,10.17,5.427,0.49100000000000055
0.0003519569,1,169.4,-163.8,5.605,-0.005000000000006111
0.0003519569,3,33.95,-33.95,0.0,0.0
0.0003519569,2,169.7,-164.0,5.634,0.06599999999998829
0.0003519569,4,33.99,-33.99,0.0,0.0
0.0003519569,5,-4.296,10.24,5.457,0.4870000000000001
0.0003539178,1,169.4,-163.8,5.605,-0.005000000000006111
0.0003539178,3,34.15,-34.15,0.0,0.0
0.0003539178,2,169.7,-164.0,5.634,0.06599999999998829
0.0003539178,4,34.19,-34.19,0.0,0.0
0.0003539178,5,-4.348,10.3,5.485,0.4670000000000005
0.0003559595,1,169.4,-163.8,5.605,-0.005000000000006111
0.0003559595,3,34.36,-34.35,0.0,0.00999999999999801
0.0003559595,2,169.7,-164.0,5.634,0.06599999999998829
0.0003559595,4,34.4,-34.39,0.0,0.00999999999999801
0.0003559595,5,-4.405,10.35,5.514,0.43099999999999916
0.0003579918,1,169.4,-163.8,5.605,-0.005000000000006111
0.0003579918,3,34.56,-34.56,0.0,0.0
0.0003579918,2,169.7,-164.0,5.634,0.06599999999998829
0.0003579918,4,34.6,-34.6,0.0,0.0
0.0003579918,5,-4.455,10.38,5.543,0.38200000000000056
0.0003599273,1,169.4,-163.8,5.605,-0.005000000000006111
0.0003599273,3,34.76,-34.75,0.0,0.00999999999999801
0.0003599273,2,169.7,-164.0,5.634,0.06599999999998829
0.0003599273,4,34.8,-34.79,0.0,0.00999999999999801
0.0003599273,5,-4.489,10.39,5.572,0.3290000000000006
0.0003619438,1,169.4,-163.8,5.605,-0.005000000000006111
0.0003619438,3,34.96,-34.95,0.0,0.00999999999999801
0.0003619438,2,169.7,-164.0,5.634,0.06599999999998829
0.0003619438,4,35.0,-34.99,0.0,0.00999999999999801
0.0003619438,5,-4.497,10.39,5.601,0.2920000000000007
0.0003639567,1,169.4,-163.8,5.605,-0.005000000000006111
0.0003639567,3,35.16,-35.15,0.0,0.00999999999999801
0.0003639567,2,169.7,-164.0,5.634,0.06599999999998829
0.0003639567,4,35.2,-35.2,0.0,0.0
0.0003639567,5,-4.467,10.35,5.629,0.25400000000000045
0.0003659845,1,169.4,-163.8,5.605,-0.005000000000006111
0.0003659845,3,35.36,-35.36,0.0,0.0
0.0003659845,2,169.7,-164.0,5.634,0.06599999999998829
0.0003659845,4,35.4,-35.4,0.0,0.0
0.0003659845,5,-4.393,10.28,5.656,0.23099999999999987
0.0003679514,1,169.4,-163.8,5.605,-0.005000000000006111
0.0003679514,3,35.56,-35.55,0.0,0.010000000000005116
0.0003679514,2,169.7,-164.0,5.634,0.06599999999998829
0.0003679514,4,35.6,-35.6,0.0,0.0
0.0003679514,5,-4.285,10.19,5.68,0.22499999999999964
0.0003699143,1,169.4,-163.8,5.605,-0.005000000000006111
0.0003699143,3,35.75,-35.75,0.0,0.0
0.0003699143,2,169.7,-164.0,5.634,0.06599999999998829
0.0003699143,4,35.79,-35.79,0.0,0.0
0.0003699143,5,-4.156,10.09,5.701,0.23300000000000054
0.0003719321,1,169.4,-163.8,5.605,-0.005000000000006111
0.0003719321,3,35.95,-35.95,0.0,0.0
0.0003719321,2,169.7,-164.0,5.634,0.06599999999998829
0.0003719321,4,36.0,-35.99,0.0,0.00999999999999801
0.0003719321,5,-4.018,9.975,5.722,0.23499999999999943
0.0003739487,1,169.4,-163.8,5.605,-0.005000000000006111
0.0003739487,3,36.15,-36.15,0.0,0.0
0.0003739487,2,169.7,-164.0,5.634,0.06599999999998829
0.0003739487,4,36.2,-36.19,0.0,0.010000000000005116
0.0003739487,5,-3.886,9.864,5.742,0.23600000000000065
0.000375965,1,169.4,-163.8,5.605,-0.005000000000006111
0.000375965,3,36.35,-36.35,0.0,0.0
0.000375965,2,169.7,-164.0,5.634,0.06599999999998829
0.000375965,4,36.4,-36.39,0.0,0.00999999999999801
0.000375965,5,-3.763,9.757,5.764,0.22999999999999954
0.0003779169,1,169.4,-163.8,5.605,-0.005000000000006111
0.0003779169,3,36.55,-36.54,0.0,0.00999999999999801
0.0003779169,2,169.7,-164.0,5.634,0.06599999999998829
0.0003779169,4,36.59,-36.59,0.0,0.0
0.0003779169,5,-3.65,9.658,5.785,0.22299999999999898
0.0003799585,1,169.4,-163.8,5.605,-0.005000000000006111
0.0003799585,3,36.75,-36.74,0.0,0.00999999999999801
0.0003799585,2,169.7,-164.0,5.634,0.06599999999998829
0.0003799585,4,36.79,-36.79,0.0,0.0
0.0003799585,5,-3.538,9.561,5.805,0.21799999999999997
0.0003819142,1,169.4,-163.8,5.605,-0.005000000000006111
0.0003819142,3,36.94,-36.94,0.0,0.0
0.0003819142,2,169.7,-164.0,5.634,0.06599999999998829
0.0003819142,4,36.98,-36.98,0.0,0.0
0.0003819142,5,-3.437,9.474,5.822,0.21500000000000075
0.0003839644,1,169.4,-163.8,5.605,-0.005000000000006111
0.0003839644,3,37.14,-37.14,0.0,0.0
0.0003839644,2,169.7,-164.0,5.634,0.06599999999998829
0.0003839644,4,37.19,-37.18,0.0,0.00999999999999801
0.0003839644,5,-3.337,9.388,5.838,0.21300000000000008
0.0003859272,1,169.4,-163.8,5.605,-0.005000000000006111
0.0003859272,3,37.34,-37.33,0.0,0.010000000000005116
0.0003859272,2,169.7,-164.0,5.634,0.06599999999998829
0.0003859272,4,37.38,-37.38,0.0,0.0
0.0003859272,5,-3.246,9.307,5.853,0.20800000000000018
0.0003879768,1,169.4,-163.8,5.605,-0.005000000000006111
0.0003879768,3,37.54,-37.53,0.0,0.00999999999999801
0.0003879768,2,169.7,-164.0,5.634,0.06599999999998829
0.0003879768,4,37.58,-37.58,0.0,0.0
0.0003879768,5,-3.15,9.222,5.869,0.2029999999999994
0.0003899385,1,169.4,-163.8,5.605,-0.005000000000006111
0.0003899385,3,37.73,-37.73,0.0,0.0
0.0003899385,2,169.7,-164.0,5.634,0.06599999999998829
0.0003899385,4,37.77,-37.77,0.0,0.0
0.0003899385,5,-3.054,9.141,5.885,0.20199999999999996
0.0003919891,1,169.4,-163.8,5.605,-0.005000000000006111
0.0003919891,3,37.93,-37.93,0.0,0.0
0.0003919891,2,169.7,-164.0,5.634,0.06599999999998829
0.0003919891,4,37.97,-37.97,0.0,0.0
0.0003919891,5,-2.95,9.058,5.902,0.20599999999999952
0.0003939502,1,169.4,-163.8,5.605,-0.005000000000006111
0.0003939502,3,38.12,-38.12,0.0,0.0
0.0003939502,2,169.7,-164.0,5.634,0.06599999999998829
0.0003939502,4,38.17,-38.16,0.0,0.010000000000005116
0.0003939502,5,-2.846,8.977,5.918,0.21300000000000008
0.0003959999,1,169.4,-163.8,5.605,-0.005000000000006111
0.0003959999,3,38.32,-38.32,0.0,0.0
0.0003959999,2,169.7,-164.0,5.634,0.06599999999998829
0.0003959999,4,38.37,-38.36,0.0,0.00999999999999801
0.0003959999,5,-2.73,8.886,5.935,0.2209999999999992
0.0003979603,1,169.4,-163.8,5.605,-0.005000000000006111
0.0003979603,3,38.51,-38.51,0.0,0.0
0.0003979603,2,169.7,-164.0,5.634,0.06599999999998829
0.0003979603,4,38.56,-38.55,0.0,0.010000000000005116
0.0003979603,5,-2.614,8.791,5.95,0.2270000000000003
0.0003999198,1,169.4,-163.8,5.605,-0.005000000000006111
0.0003999198,3,38.7,-38.7,0.0,0.0
0.0003999198,2,169.7,-164.0,5.634,0.06599999999998829
0.0003999198,4,38.75,-38.74,0.0,0.00999999999999801
0.0003999198,5,-2.495,8.69,5.963,0.23199999999999932
0.0004019698,1,169.4,-163.8,5.605,-0.005000000000006111
0.0004019698,3,38.9,-38.9,0.0,0.0
0.0004019698,2,169.7,-164.0,5.634,0.06599999999998829
0.0004019698,4,38.95,-38.94,0.0,0.010000000000005116
0.0004019698,5,-2.372,8.582,5.976,0.23400000000000087
0.0004039343,1,169.4,-163.8,5.605,-0.005000000000006111
0.0004039343,3,39.09,-39.09,0.0,0.0
0.0004039343,2,169.7,-164.0,5.634,0.06599999999998829
0.0004039343,4,39.14,-39.13,0.0,0.00999999999999801
0.0004039343,5,-2.258,8.48,5.988,0.23399999999999999
0.0004059901,1,169.4,-163.8,5.605,-0.005000000000006111
0.0004059901,3,39.29,-39.29,0.0,0.0
0.0004059901,2,169.7,-164.0,5.634,0.06599999999998829
0.0004059901,4,39.34,-39.33,0.0,0.010000000000005116
0.0004059901,5,-2.147,8.376,6.002,0.22699999999999942
0.0004079556,1,169.4,-163.8,5.605,-0.005000000000006111
0.0004079556,3,39.48,-39.48,0.0,0.0
0.0004079556,2,169.7,-164.0,5.634,0.06599999999998829
0.0004079556,4,39.53,-39.52,0.0,0.00999999999999801
0.0004079556,5,-2.046,8.281,6.014,0.22100000000000097
0.0004099199,1,169.4,-163.8,5.605,-0.005000000000006111
0.0004099199,3,39.67,-39.67,0.0,0.0
0.0004099199,2,169.7,-164.0,5.634,0.06599999999998829
0.0004099199,4,39.72,-39.71,0.0,0.00999999999999801
0.0004099199,5,-1.916,8.18,6.028,0.23599999999999977
0.0004119737,1,169.4,-163.8,5.605,-0.005000000000006111
0.0004119737,3,39.87,-39.87,0.0,0.0
0.0004119737,2,169.7,-164.0,5.634,0.06599999999998829
0.0004119737,4,39.92,-39.91,0.0,0.010000000000005116
0.0004119737,5,-1.764,8.058,6.041,0.2529999999999992
0.0004139386,1,169.4,-163.8,5.605,-0.005000000000006111
0.0004139386,3,40.06,-40.06,0.0,0.0
0.0004139386,2,169.7,-164.0,5.634,0.06599999999998829
0.0004139386,4,40.11,-40.1,0.0,0.00999999999999801
0.0004139386,5,-1.61,7.931,6.05,0.2709999999999999
0.0004159949,1,169.4,-163.8,5.605,-0.005000000000006111
0.0004159949,3,40.26,-40.25,0.0,0.00999999999999801
0.0004159949,2,169.7,-164.0,5.634,0.06599999999998829
0.0004159949,4,40.3,-40.3,0.0,0.0
0.0004159949,5,-1.407,7.782,6.058,0.31700000000000017
0.0004179622,1,169.4,-163.8,5.605,-0.005000000000006111
0.0004179622,3,40.45,-40.44,0.0,0.010000000000005116
0.0004179622,2,169.7,-164.0,5.634,0.06599999999998829
0.0004179622,4,40.49,-40.49,0.0,0.0
0.0004179622,5,-1.222,7.62,6.065,0.3329999999999993
0.0004199448,1,169.4,-163.8,5.605,-0.005000000000006111
0.0004199448,3,40.64,-40.63,0.0,0.00999999999999801
0.0004199448,2,169.7,-164.0,5.634,0.06599999999998829
0.0004199448,4,40.68,-40.68,0.0,0.0
0.0004199448,5,-1.066,7.475,6.074,0.33499999999999996
0.0004219287,1,169.4,-163.8,5.605,-0.005000000000006111
0.0004219287,3,40.83,-40.82,0.0,0.00999999999999801
0.0004219287,2,169.7,-164.0,5.634,0.06599999999998829
0.0004219287,4,40.87,-40.87,0.0,0.0
0.0004219287,5,-0.8974,7.347,6.087,0.3626000000000005
0.0004239955,1,169.4,-163.8,5.605,-0.005000000000006111
0.0004239955,3,41.02,-41.02,0.0,0.0
0.0004239955,2,169.7,-164.0,5.634,0.06599999999998829
0.0004239955,4,41.07,-41.07,0.0,0.0
0.0004239955,5,-0.7391,7.217,6.107,0.3708999999999998
0.0004259614,1,169.4,-163.8,5.605,-0.005000000000006111
0.0004259614,3,41.21,-41.21,0.0,0.0
0.0004259614,2,169.7,-164.0,5.634,0.06599999999998829
0.0004259614,4,41.26,-41.25,0.0,0.00999999999999801
0.0004259614,5,-0.6238,7.102,6.13,0.3482000000000003
0.0004279203,1,169.4,-163.8,5.605,-0.005000000000006111
0.0004279203,3,41.4,-41.39,0.0,0.00999999999999801
0.0004279203,2,169.7,-164.0,5.634,0.06599999999998829
0.0004279203,4,41.45,-41.44,0.0,0.010000000000005116
0.0004279203,5,-0.4993,6.998,6.155,0.3437000000000001
0.000429962,1,169.4,-163.8,5.605,-0.005000000000006111
0.000429962,3,41.59,-41.59,0.0,0.0
0.000429962,2,169.7,-164.0,5.634,0.06599999999998829
0.000429962,4,41.64,-41.64,0.0,0.0
0.000429962,5,-0.378,6.891,6.182,0.3309999999999995
0.0004319126,1,169.4,-163.8,5.605,-0.005000000000006111
0.0004319126,3,41.78,-41.77,0.0,0.00999999999999801
0.0004319126,2,169.7,-164.0,5.634,0.06599999999998829
0.0004319126,4,41.83,-41.82,0.0,0.00999999999999801
0.0004319126,5,-0.2876,6.792,6.204,0.3003999999999998
0.0004339541,1,169.4,-163.8,5.605,-0.005000000000006111
0.0004339541,3,41.97,-41.97,0.0,0.0
0.0004339541,2,169.7,-164.0,5.634,0.06599999999998829
0.0004339541,4,42.02,-42.02,0.0,0.0
0.0004339541,5,-0.2036,6.695,6.224,0.2674000000000003
0.0004359194,1,169.4,-163.8,5.605,-0.005000000000006111
0.0004359194,3,42.16,-42.15,0.0,0.00999999999999801
0.0004359194,2,169.7,-164.0,5.634,0.06599999999998829
0.0004359194,4,42.21,-42.2,0.0,0.00999999999999801
0.0004359194,5,-0.1217,6.607,6.239,0.24630000000000063
0.0004379714,1,169.4,-163.8,5.605,-0.005000000000006111
0.0004379714,3,42.35,-42.35,0.0,0.0
0.0004379714,2,169.7,-164.0,5.634,0.06599999999998829
0.0004379714,4,42.4,-42.4,0.0,0.0
0.0004379714,5,-0.03424,6.519,6.252,0.23276000000000074
0.0004399329,1,169.4,-163.8,5.605,-0.005000000000006111
0.0004399329,3,42.54,-42.53,0.0,0.00999999999999801
0.0004399329,2,169.7,-164.0,5.634,0.06599999999998829
0.0004399329,4,42.58,-42.58,0.0,0.0
0.0004399329,5,0.05015,6.44,6.265,0.22515000000000107
0.0004419827,1,169.4,-163.8,5.605,-0.005000000000006111
0.0004419827,3,42.73,-42.73,0.0,0.0
0.0004419827,2,169.7,-164.0,5.634,0.06599999999998829
0.0004419827,4,42.78,-42.77,0.0,0.00999999999999801
0.0004419827,5,0.1322,6.364,6.278,0.2182000000000004
0.0004439416,1,169.4,-163.8,5.605,-0.005000000000006111
0.0004439416,3,42.91,-42.91,0.0,0.0
0.0004439416,2,169.7,-164.0,5.634,0.06599999999998829
0.0004439416,4,42.96,-42.96,0.0,0.0
0.0004439416,5,0.1958,6.303,6.291,0.20779999999999976
0.0004459875,1,169.4,-163.8,5.605,-0.005000000000006111
0.0004459875,3,43.11,-43.1,0.0,0.00999999999999801
0.0004459875,2,169.7,-164.0,5.634,0.06599999999998829
0.0004459875,4,43.16,-43.15,0.0,0.00999999999999801
0.0004459875,5,0.242,6.254,6.307,0.18899999999999917
0.0004479514,1,169.4,-163.8,5.605,-0.005000000000006111
0.0004479514,3,43.29,-43.29,0.0,0.0
0.0004479514,2,169.7,-164.0,5.634,0.06599999999998829
0.0004479514,4,43.34,-43.34,0.0,0.0
0.0004479514,5,0.2675,6.223,6.322,0.16849999999999987
0.0004499159,1,169.4,-163.8,5.605,-0.005000000000006111
0.0004499159,3,43.47,-43.47,0.0,0.0
0.0004499159,2,169.7,-164.0,5.634,0.06599999999998829
0.0004499159,4,43.52,-43.52,0.0,0.0
0.0004499159,5,0.2776,6.206,6.336,0.14759999999999973
0.0004519661,1,169.4,-163.8,5.605,-0.005000000000006111
0.0004519661,3,43.67,-43.66,0.0,0.010000000000005116
0.0004519661,2,169.7,-164.0,5.634,0.06599999999998829
0.0004519661,4,43.72,-43.71,0.0,0.00999999999999801
0.0004519661,5,0.2739,6.202,6.35,0.12590000000000057
0.0004539245,1,169.4,-163.8,5.605,-0.005000000000006111
0.0004539245,3,43.85,-43.84,0.0,0.00999999999999801
0.0004539245,2,169.7,-164.0,5.634,0.06599999999998829
0.0004539245,4,43.9,-43.89,0.0,0.00999999999999801
0.0004539245,5,0.2601,6.207,6.362,0.1051000000000002
0.0004559797,1,169.4,-163.8,5.605,-0.005000000000006111
0.0004559797,3,44.04,-44.04,0.0,0.0
0.0004559797,2,169.7,-164.0,5.634,0.06599999999998829
0.0004559797,4,44.09,-44.09,0.0,0.0
0.0004559797,5,0.2391,6.218,6.374,0.08309999999999995
0.000457953,1,169.4,-163.8,5.605,-0.005000000000006111
0.000457953,3,44.22,-44.22,0.0,0.0
0.000457953,2,169.7,-164.0,5.634,0.06599999999998829
0.000457953,4,44.27,-44.27,0.0,0.0
0.000457953,5,0.2157,6.232,6.383,0.0647000000000002
0.000459926,1,169.4,-163.8,5.605,-0.005000000000006111
0.000459926,3,44.41,-44.4,0.0,0.00999999999999801
0.000459926,2,169.7,-164.0,5.634,0.06599999999998829
0.000459926,4,44.46,-44.45,0.0,0.00999999999999801
0.000459926,5,0.1931,6.246,6.39,0.04910000000000103
0.0004619767,1,169.4,-163.8,5.605,-0.005000000000006111
0.0004619767,3,44.6,-44.59,0.0,0.00999999999999801
0.0004619767,2,169.7,-164.0,5.634,0.06599999999998829
0.0004619767,4,44.65,-44.64,0.0,0.00999999999999801
0.0004619767,5,0.1786,6.261,6.397,0.04260000000000019
0.0004639371,1,169.4,-163.8,5.605,-0.005000000000006111
0.0004639371,3,44.78,-44.78,0.0,0.0
0.0004639371,2,169.7,-164.0,5.634,0.06599999999998829
0.0004639371,4,44.83,-44.83,0.0,0.0
0.0004639371,5,0.1799,6.279,6.403,0.05590000000000028
0.0004659847,1,169.4,-163.8,5.605,-0.005000000000006111
0.0004659847,3,44.97,-44.96,0.0,0.00999999999999801
0.0004659847,2,169.7,-164.0,5.634,0.06599999999998829
0.0004659847,4,45.02,-45.01,0.0,0.010000000000005116
0.0004659847,5,0.193,6.3,6.411,0.08199999999999985
0.0004679419,1,169.4,-163.8,5.605,-0.005000000000006111
0.0004679419,3,45.15,-45.15,0.0,0.0
0.0004679419,2,169.7,-164.0,5.634,0.06599999999998829
0.0004679419,4,45.2,-45.2,0.0,0.0
0.0004679419,5,0.2065,6.33,6.421,0.11549999999999994
0.0004699882,1,169.4,-163.8,5.605,-0.005000000000006111
0.0004699882,3,45.34,-45.33,0.0,0.010000000000005116
0.0004699882,2,169.7,-164.0,5.634,0.06599999999998829
0.0004699882,4,45.39,-45.38,0.0,0.00999999999999801
0.0004699882,5,0.2092,6.369,6.433,0.1452
0.000471947,1,169.4,-163.8,5.605,-0.005000000000006111
0.000471947,3,45.52,-45.51,0.0,0.010000000000005116
0.000471947,2,169.7,-164.0,5.634,0.06599999999998829
0.000471947,4,45.57,-45.56,0.0,0.00999999999999801
0.000471947,5,0.2023,6.41,6.446,0.16630000000000056
0.0004739963,1,169.4,-163.8,5.605,-0.005000000000006111
0.0004739963,3,45.71,-45.7,0.0,0.00999999999999801
0.0004739963,2,169.7,-164.0,5.634,0.06599999999998829
0.0004739963,4,45.76,-45.75,0.0,0.00999999999999801
0.0004739963,5,0.1867,6.447,6.461,0.17269999999999985
0.000475956,1,169.4,-163.8,5.605,-0.005000000000006111
0.000475956,3,45.89,-45.88,0.0,0.00999999999999801
0.000475956,2,169.7,-164.0,5.634,0.06599999999998829
0.000475956,4,45.94,-45.93,0.0,0.00999999999999801
0.000475956,5,0.1666,6.473,6.476,0.16359999999999975
0.0004779155,1,169.4,-163.8,5.605,-0.005000000000006111
0.0004779155,3,46.07,-46.06,0.0,0.00999999999999801
0.0004779155,2,169.7,-164.0,5.634,0.06599999999998829
0.0004779155,4,46.12,-46.11,0.0,0.00999999999999801
0.0004779155,5,0.144,6.497,6.489,0.15200000000000014
0.0004799651,1,169.4,-163.8,5.605,-0.005000000000006111
0.0004799651,3,46.25,-46.25,0.0,0.0
0.0004799651,2,169.7,-164.0,5.634,0.06599999999998829
0.0004799651,4,46.3,-46.3,0.0,0.0
0.0004799651,5,0.1202,6.519,6.502,0.1372
0.0004819328,1,169.4,-163.8,5.605,-0.005000000000006111
0.0004819328,3,46.43,-46.43,0.0,0.0
0.0004819328,2,169.7,-164.0,5.634,0.06599999999998829
0.0004819328,4,46.48,-46.48,0.0,0.0
0.0004819328,5,0.1025,6.538,6.513,0.1275000000000004
0.0004839854,1,169.4,-163.8,5.605,-0.005000000000006111
0.0004839854,3,46.62,-46.62,0.0,0.0
0.0004839854,2,169.7,-164.0,5.634,0.06599999999998829
0.0004839854,4,46.67,-46.67,0.0,0.0
0.0004839854,5,0.08888,6.556,6.524,0.12087999999999965
0.0004859431,1,169.4,-163.8,5.605,-0.005000000000006111
0.0004859431,3,46.8,-46.79,0.0,0.00999999999999801
0.0004859431,2,169.7,-164.0,5.634,0.06599999999998829
0.0004859431,4,46.85,-46.85,0.0,0.0
0.0004859431,5,0.08208,6.573,6.535,0.12008000000000063
0.0004879852,1,169.4,-163.8,5.605,-0.005000000000006111
0.0004879852,3,46.98,-46.98,0.0,0.0
0.0004879852,2,169.7,-164.0,5.634,0.06599999999998829
0.0004879852,4,47.04,-47.03,0.0,0.00999999999999801
0.0004879852,5,0.08422,6.588,6.547,0.12522000000000055
0.0004899643,1,169.4,-163.8,5.605,-0.005000000000006111
0.0004899643,3,47.16,-47.16,0.0,0.0
0.0004899643,2,169.7,-164.0,5.634,0.06599999999998829
0.0004899643,4,47.21,-47.21,0.0,0.0
0.0004899643,5,0.09337,6.602,6.56,0.13537000000000088
0.0004919372,1,169.4,-163.8,5.605,-0.005000000000006111
0.0004919372,3,47.34,-47.34,0.0,0.0
0.0004919372,2,169.7,-164.0,5.634,0.06599999999998829
0.0004919372,4,47.39,-47.39,0.0,0.0
0.0004919372,5,0.1083,6.615,6.574,0.1493000000000002
0.0004939906,1,169.4,-163.8,5.605,-0.005000000000006111
0.0004939906,3,47.53,-47.52,0.0,0.00999999999999801
0.0004939906,2,169.7,-164.0,5.634,0.06599999999998829
0.0004939906,4,47.58,-47.58,0.0,0.0
0.0004939906,5,0.1289,6.624,6.59,0.1628999999999996
0.0004959484,1,169.4,-163.8,5.605,-0.005000000000006111
0.0004959484,3,47.7,-47.7,0.0,0.0
0.0004959484,2,169.7,-164.0,5.634,0.06599999999998829
0.0004959484,4,47.76,-47.75,0.0,0.00999999999999801
0.0004959484,5,0.1534,6.628,6.605,0.1764000000000001
0.0004979131,1,169.4,-163.8,5.605,-0.005000000000006111
0.0004979131,3,47.88,-47.88,0.0,0.0
0.0004979131,2,169.7,-164.0,5.634,0.06599999999998829
0.0004979131,4,47.93,-47.93,0.0,0.0
0.0004979131,5,0.1783,6.632,6.622,0.1882999999999999
0.0004999627,1,169.4,-163.8,5.605,-0.005000000000006111
0.0004999627,3,48.07,-48.06,0.0,0.00999999999999801
0.0004999627,2,169.7,-164.0,5.634,0.06599999999998829
0.0004999627,4,48.12,-48.11,0.0,0.00999999999999801
0.0004999627,5,0.1987,6.642,6.639,0.20169999999999977
0.0005019216,1,169.4,-163.8,5.605,-0.005000000000006111
0.0005019216,3,48.24,-48.24,0.0,0.0
0.0005019216,2,169.7,-164.0,5.634,0.06599999999998829
0.0005019216,4,48.29,-48.29,0.0,0.0
0.0005019216,5,0.2074,6.662,6.655,0.21439999999999948
0.0005039982,1,169.4,-163.8,5.605,-0.005000000000006111
0.0005039982,3,48.43,-48.42,0.0,0.00999999999999801
0.0005039982,2,169.7,-164.0,5.634,0.06599999999998829
0.0005039982,4,48.48,-48.48,0.0,0.0
0.0005039982,5,0.2003,6.69,6.671,0.2193000000000005
0.0005059795,1,169.4,-163.8,5.605,-0.005000000000006111
0.0005059795,3,48.6,-48.6,0.0,0.0
0.0005059795,2,169.7,-164.0,5.634,0.06599999999998829
0.0005059795,4,48.66,-48.65,0.0,0.00999999999999801
0.0005059795,5,0.1803,6.721,6.685,0.21630000000000038
0.0005079421,1,169.4,-163.8,5.605,-0.005000000000006111
0.0005079421,3,48.78,-48.78,0.0,0.0
0.0005079421,2,169.7,-164.0,5.634,0.06599999999998829
0.0005079421,4,48.83,-48.83,0.0,0.0
0.0005079421,5,0.1565,6.752,6.701,0.20750000000000046
0.0005099892,1,169.4,-163.8,5.605,-0.005000000000006111
0.0005099892,3,48.96,-48.96,0.0,0.0
0.0005099892,2,169.7,-164.0,5.634,0.06599999999998829
0.0005099892,4,49.02,-49.01,0.0,0.010000000000005116
0.0005099892,5,0.1384,6.774,6.718,0.1943999999999999
0.0005119437,1,169.4,-163.8,5.605,-0.005000000000006111
0.0005119437,3,49.14,-49.13,0.0,0.00999999999999801
0.0005119437,2,169.7,-164.0,5.634,0.06599999999998829
0.0005119437,4,49.19,-49.19,0.0,0.0
0.0005119437,5,0.1338,6.781,6.734,0.18079999999999963
0.0005139844,1,169.4,-163.8,5.605,-0.005000000000006111
0.0005139844,3,49.32,-49.31,0.0,0.00999999999999801
0.0005139844,2,169.7,-164.0,5.634,0.06599999999998829
0.0005139844,4,49.37,-49.37,0.0,0.0
0.0005139844,5,0.1392,6.779,6.751,0.16719999999999935
0.0005159476,1,169.4,-163.8,5.605,-0.005000000000006111
0.0005159476,3,49.49,-49.49,0.0,0.0
0.0005159476,2,169.7,-164.0,5.634,0.06599999999998829
0.0005159476,4,49.55,-49.54,0.0,0.00999999999999801
0.0005159476,5,0.1499,6.772,6.767,0.1548999999999996
0.0005179176,1,169.4,-163.8,5.605,-0.005000000000006111
0.0005179176,3,49.67,-49.66,0.0,0.010000000000005116
0.0005179176,2,169.7,-164.0,5.634,0.06599999999998829
0.0005179176,4,49.72,-49.72,0.0,0.0
0.0005179176,5,0.1626,6.764,6.783,0.14360000000000017
0.0005199678,1,169.4,-163.8,5.605,-0.005000000000006111
0.0005199678,3,49.85,-49.85,0.0,0.0
0.0005199678,2,169.7,-164.0,5.634,0.06599999999998829
0.0005199678,4,49.9,-49.9,0.0,0.0
0.0005199678,5,0.1752,6.755,6.798,0.1322000000000001
0.0005219249,1,169.4,-163.8,5.605,-0.005000000000006111
0.0005219249,3,50.02,-50.02,0.0,0.0
0.0005219249,2,169.7,-164.0,5.634,0.06599999999998829
0.0005219249,4,50.08,-50.07,0.0,0.00999999999999801
0.0005219249,5,0.1852,6.749,6.812,0.12219999999999942
0.0005239684,1,169.4,-163.8,5.605,-0.005000000000006111
0.0005239684,3,50.2,-50.2,0.0,0.0
0.0005239684,2,169.7,-164.0,5.634,0.06599999999998829
0.0005239684,4,50.26,-50.25,0.0,0.00999999999999801
0.0005239684,5,0.1945,6.742,6.824,0.11249999999999982
0.000525921,1,169.4,-163.8,5.605,-0.005000000000006111
0.000525921,3,50.38,-50.37,0.0,0.010000000000005116
0.000525921,2,169.7,-164.0,5.634,0.06599999999998829
0.000525921,4,50.43,-50.43,0.0,0.0
0.000525921,5,0.2016,6.736,6.834,0.10360000000000014
0.0005279611,1,169.4,-163.8,5.605,-0.005000000000006111
0.0005279611,3,50.55,-50.55,0.0,0.0
0.0005279611,2,169.7,-164.0,5.634,0.06599999999998829
0.0005279611,4,50.61,-50.61,0.0,0.0
0.0005279611,5,0.2045,6.731,6.843,0.09250000000000025
0.0005299114,1,169.4,-163.8,5.605,-0.005000000000006111
0.0005299114,3,50.73,-50.72,0.0,0.00999999999999801
0.0005299114,2,169.7,-164.0,5.634,0.06599999999998829
0.0005299114,4,50.78,-50.78,0.0,0.0
0.0005299114,5,0.2017,6.731,6.851,0.08169999999999966
0.0005319492,1,169.4,-163.8,5.605,-0.005000000000006111
0.0005319492,3,50.9,-50.9,0.0,0.0
0.0005319492,2,169.7,-164.0,5.634,0.06599999999998829
0.0005319492,4,50.96,-50.96,0.0,0.0
0.0005319492,5,0.1934,6.739,6.858,0.0743999999999998
0.0005339855,1,169.4,-163.8,5.605,-0.005000000000006111
0.0005339855,3,51.08,-51.08,0.0,0.0
0.0005339855,2,169.7,-164.0,5.634,0.06599999999998829
0.0005339855,4,51.14,-51.14,0.0,0.0
0.0005339855,5,0.1794,6.754,6.865,0.06839999999999957
0.000535932,1,169.4,-163.8,5.605,-0.005000000000006111
0.000535932,3,51.25,-51.25,0.0,0.0
0.000535932,2,169.7,-164.0,5.634,0.06599999999998829
0.000535932,4,51.31,-51.31,0.0,0.0
0.000535932,5,0.1594,6.774,6.872,0.0613999999999999
0.0005379657,1,169.4,-163.8,5.605,-0.005000000000006111
0.0005379657,3,51.43,-51.43,0.0,0.0
0.0005379657,2,169.7,-164.0,5.634,0.06599999999998829
0.0005379657,4,51.49,-51.48,0.0,0.010000000000005116
0.0005379657,5,0.133,6.795,6.878,0.04999999999999982
0.0005399979,1,169.4,-163.8,5.605,-0.005000000000006111
0.0005399979,3,51.61,-51.6,0.0,0.00999999999999801
0.0005399979,2,169.7,-164.0,5.634,0.06599999999998829
0.0005399979,4,51.66,-51.66,0.0,0.0
0.0005399979,5,0.1069,6.817,6.885,0.038899999999999935
0.0005419405,1,169.4,-163.8,5.605,-0.005000000000006111
0.0005419405,3,51.78,-51.77,0.0,0.00999999999999801
0.0005419405,2,169.7,-164.0,5.634,0.06599999999998829
0.0005419405,4,51.83,-51.83,0.0,0.0
0.0005419405,5,0.08737,6.838,6.893,0.03237000000000023
0.000543971,1,169.4,-163.8,5.605,-0.005000000000006111
0.000543971,3,51.95,-51.95,0.0,0.0
0.000543971,2,169.7,-164.0,5.634,0.06599999999998829
0.000543971,4,52.01,-52.01,0.0,0.0
0.000543971,5,0.07776,6.854,6.902,0.029759999999999565
0.0005459136,1,169.4,-163.8,5.605,-0.005000000000006111
0.0005459136,3,52.12,-52.12,0.0,0.0
0.0005459136,2,169.7,-164.0,5.634,0.06599999999998829
0.0005459136,4,52.18,-52.18,0.0,0.0
0.0005459136,5,0.07168,6.869,6.911,0.02967999999999993
0.0005479452,1,169.4,-163.8,5.605,-0.005000000000006111
0.0005479452,3,52.3,-52.29,0.0,0.00999999999999801
0.0005479452,2,169.7,-164.0,5.634,0.06599999999998829
0.0005479452,4,52.36,-52.35,0.0,0.00999999999999801
0.0005479452,5,0.0681,6.884,6.922,0.030100000000000904
0.0005499776,1,169.4,-163.8,5.605,-0.005000000000006111
0.0005499776,3,52.47,-52.47,0.0,0.0
0.0005499776,2,169.7,-164.0,5.634,0.06599999999998829
0.0005499776,4,52.53,-52.53,0.0,0.0
0.0005499776,5,0.0548,6.901,6.932,0.0237999999999996
0.0005519214,1,169.4,-163.8,5.605,-0.005000000000006111
0.0005519214,3,52.64,-52.64,0.0,0.0
0.0005519214,2,169.7,-164.0,5.634,0.06599999999998829
0.0005519214,4,52.7,-52.7,0.0,0.0
0.0005519214,5,0.04116,6.922,6.941,0.022159999999999513
0.0005539703,1,169.4,-163.8,5.605,-0.005000000000006111
0.0005539703,3,52.82,-52.81,0.0,0.00999999999999801
0.0005539703,2,169.7,-164.0,5.634,0.06599999999998829
0.0005539703,4,52.88,-52.87,0.0,0.010000000000005116
0.0005539703,5,0.01649,6.947,6.95,0.013490000000000002
0.0005559343,1,169.4,-163.8,5.605,-0.005000000000006111
0.0005559343,3,52.99,-52.98,0.0,0.010000000000005116
0.0005559343,2,169.7,-164.0,5.634,0.06599999999998829
0.0005559343,4,53.05,-53.04,0.0,0.00999999999999801
0.0005559343,5,-0.008574,6.977,6.959,0.009426000000000379
0.0005579849,1,169.4,-163.8,5.605,-0.005000000000006111
0.0005579849,3,53.16,-53.16,0.0,0.0
0.0005579849,2,169.7,-164.0,5.634,0.06599999999998829
0.0005579849,4,53.22,-53.22,0.0,0.0
0.0005579849,5,-0.02874,7.019,6.971,0.019260000000000055
0.0005599517,1,169.4,-163.8,5.605,-0.005000000000006111
0.0005599517,3,53.33,-53.33,0.0,0.0
0.0005599517,2,169.7,-164.0,5.634,0.06599999999998829
0.0005599517,4,53.39,-53.39,0.0,0.0
0.0005599517,5,-0.04644,7.065,6.986,0.03256000000000103
0.0005619259,1,169.4,-163.8,5.605,-0.005000000000006111
0.0005619259,3,53.5,-53.5,0.0,0.0
0.0005619259,2,169.7,-164.0,5.634,0.06599999999998829
0.0005619259,4,53.56,-53.56,0.0,0.0
0.0005619259,5,-0.06913,7.116,7.002,0.04486999999999952
0.0005639929,1,169.4,-163.8,5.605,-0.005000000000006111
0.0005639929,3,53.68,-53.68,0.0,0.0
0.0005639929,2,169.7,-164.0,5.634,0.06599999999998829
0.0005639929,4,53.74,-53.73,0.0,0.010000000000005116
0.0005639929,5,-0.1026,7.172,7.019,0.05039999999999978
0.0005659742,1,169.4,-163.8,5.605,-0.005000000000006111
0.0005659742,3,53.85,-53.84,0.0,0.00999999999999801
0.0005659742,2,169.7,-164.0,5.634,0.06599999999998829
0.0005659742,4,53.91,-53.9,0.0,0.00999999999999801
0.0005659742,5,-0.1397,7.225,7.034,0.05129999999999946
0.0005679358,1,169.4,-163.8,5.605,-0.005000000000006111
0.0005679358,3,54.02,-54.01,0.0,0.010000000000005116
0.0005679358,2,169.7,-164.0,5.634,0.06599999999998829
0.0005679358,4,54.07,-54.07,0.0,0.0
0.0005679358,5,-0.1775,7.276,7.047,0.05149999999999988
0.0005699881,1,169.4,-163.8,5.605,-0.005000000000006111
0.0005699881,3,54.19,-54.19,0.0,0.0
0.0005699881,2,169.7,-164.0,5.634,0.06599999999998829
0.0005699881,4,54.25,-54.24,0.0,0.00999999999999801
0.0005699881,5,-0.2171,7.325,7.062,0.04589999999999961
0.0005719598,1,169.4,-163.8,5.605,-0.005000000000006111
0.0005719598,3,54.36,-54.35,0.0,0.00999999999999801
0.0005719598,2,169.7,-164.0,5.634,0.06599999999998829
0.0005719598,4,54.42,-54.41,0.0,0.010000000000005116
0.0005719598,5,-0.2551,7.37,7.076,0.03890000000000082
0.0005739374,1,169.4,-163.8,5.605,-0.005000000000006111
0.0005739374,3,54.53,-54.52,0.0,0.00999999999999801
0.0005739374,2,169.7,-164.0,5.634,0.06599999999998829
0.0005739374,4,54.58,-54.58,0.0,0.0
0.0005739374,5,-0.2938,7.412,7.089,0.02919999999999945
0.0005759206,1,169.4,-163.8,5.605,-0.005000000000006111
0.0005759206,3,54.69,-54.69,0.0,0.0
0.0005759206,2,169.7,-164.0,5.634,0.06599999999998829
0.0005759206,4,54.75,-54.75,0.0,0.0
0.0005759206,5,-0.3325,7.451,7.103,0.015499999999999403
0.0005779939,1,169.4,-163.8,5.605,-0.005000000000006111
0.0005779939,3,54.87,-54.87,0.0,0.0
0.0005779939,2,169.7,-164.0,5.634,0.06599999999998829
0.0005779939,4,54.93,-54.92,0.0,0.00999999999999801
0.0005779939,5,-0.3741,7.488,7.115,-0.001100000000000101
0.0005799756,1,169.4,-163.8,5.605,-0.005000000000006111
0.0005799756,3,55.04,-55.03,0.0,0.00999999999999801
0.0005799756,2,169.7,-164.0,5.634,0.06599999999998829
0.0005799756,4,55.1,-55.09,0.0,0.00999999999999801
0.0005799756,5,-0.4128,7.519,7.125,-0.018799999999999706
0.0005819507,1,169.4,-163.8,5.605,-0.005000000000006111
0.0005819507,3,55.2,-55.2,0.0,0.0
0.0005819507,2,169.7,-164.0,5.634,0.06599999999998829
0.0005819507,4,55.26,-55.26,0.0,0.0
0.0005819507,5,-0.4466,7.544,7.133,-0.03560000000000052
0.0005839231,1,169.4,-163.8,5.605,-0.005000000000006111
0.0005839231,3,55.37,-55.37,0.0,0.0
0.0005839231,2,169.7,-164.0,5.634,0.06599999999998829
0.0005839231,4,55.43,-55.42,0.0,0.00999999999999801
0.0005839231,5,-0.4749,7.563,7.138,-0.049900000000000055
0.0005859888,1,169.4,-163.8,5.605,-0.005000000000006111
0.0005859888,3,55.54,-55.54,0.0,0.0
0.0005859888,2,169.7,-164.0,5.634,0.06599999999998829
0.0005859888,4,55.6,-55.6,0.0,0.0
0.0005859888,5,-0.4958,7.577,7.141,-0.059800000000000075
0.0005879601,1,169.4,-163.8,5.605,-0.005000000000006111
0.0005879601,3,55.71,-55.7,0.0,0.00999999999999801
0.0005879601,2,169.7,-164.0,5.634,0.06599999999998829
0.0005879601,4,55.77,-55.76,0.0,0.010000000000005116
0.0005879601,5,-0.5077,7.585,7.143,-0.06569999999999965
0.0005899205,1,169.4,-163.8,5.605,-0.005000000000006111
0.0005899205,3,55.87,-55.87,0.0,0.0
0.0005899205,2,169.7,-164.0,5.634,0.06599999999998829
0.0005899205,4,55.93,-55.93,0.0,0.0
0.0005899205,5,-0.514,7.589,7.144,-0.06899999999999995
0.0005919783,1,169.4,-163.8,5.605,-0.005000000000006111
0.0005919783,3,56.04,-56.04,0.0,0.0
0.0005919783,2,169.7,-164.0,5.634,0.06599999999998829
0.0005919783,4,56.1,-56.1,0.0,0.0
0.0005919783,5,-0.5174,7.592,7.145,-0.07040000000000024
0.0005939522,1,169.4,-163.8,5.605,-0.005000000000006111
0.0005939522,3,56.21,-56.21,0.0,0.0
0.0005939522,2,169.7,-164.0,5.634,0.06599999999998829
0.0005939522,4,56.27,-56.27,0.0,0.0
0.0005939522,5,-0.5194,7.595,7.146,-0.07040000000000024
0.0005959192,1,169.4,-163.8,5.605,-0.005000000000006111
0.0005959192,3,56.37,-56.37,0.0,0.0
0.0005959192,2,169.7,-164.0,5.634,0.06599999999998829
0.0005959192,4,56.43,-56.43,0.0,0.0
0.0005959192,5,-0.5209,7.596,7.147,-0.0719000000000003
0.0005979696,1,169.4,-163.8,5.605,-0.005000000000006111
0.0005979696,3,56.54,-56.54,0.0,0.0
0.0005979696,2,169.7,-164.0,5.634,0.06599999999998829
0.0005979696,4,56.61,-56.6,0.0,0.00999999999999801
0.0005979696,5,-0.5221,7.597,7.147,-0.07209999999999983
0.0005999272,1,169.4,-163.8,5.605,-0.005000000000006111
0.0005999272,3,56.71,-56.7,0.0,0.00999999999999801
0.0005999272,2,169.7,-164.0,5.634,0.06599999999998829
0.0005999272,4,56.77,-56.76,0.0,0.010000000000005116
0.0005999272,5,-0.5225,7.599,7.147,-0.07050000000000001
0.0006019715,1,169.4,-163.8,5.605,-0.005000000000006111
0.0006019715,3,56.88,-56.87,0.0,0.010000000000005116
0.0006019715,2,169.7,-164.0,5.634,0.06599999999998829
0.0006019715,4,56.94,-56.93,0.0,0.00999999999999801
0.0006019715,5,-0.5206,7.604,7.148,-0.06459999999999955
0.0006039349,1,169.4,-163.8,5.605,-0.005000000000006111
0.0006039349,3,57.04,-57.04,0.0,0.0
0.0006039349,2,169.7,-164.0,5.634,0.06599999999998829
0.0006039349,4,57.1,-57.1,0.0,0.0
0.0006039349,5,-0.5162,7.616,7.148,-0.048199999999999577
0.0006059939,1,169.4,-163.8,5.605,-0.005000000000006111
0.0006059939,3,57.21,-57.21,0.0,0.0
0.0006059939,2,169.7,-164.0,5.634,0.06599999999998829
0.0006059939,4,57.27,-57.27,0.0,0.0
0.0006059939,5,-0.5155,7.636,7.15,-0.029500000000000526
0.0006079607,1,169.4,-163.8,5.605,-0.005000000000006111
0.0006079607,3,57.37,-57.37,0.0,0.0
0.0006079607,2,169.7,-164.0,5.634,0.06599999999998829
0.0006079607,4,57.43,-57.43,0.0,0.0
0.0006079607,5,-0.519,7.664,7.151,-0.006000000000000227
0.0006099238,1,169.4,-163.8,5.605,-0.005000000000006111
0.0006099238,3,57.53,-57.53,0.0,0.0
0.0006099238,2,169.7,-164.0,5.634,0.06599999999998829
0.0006099238,4,57.6,-57.59,0.0,0.00999999999999801
0.0006099238,5,-0.5281,7.697,7.153,0.015900000000000247
0.0006119713,1,169.4,-163.8,5.605,-0.005000000000006111
0.0006119713,3,57.7,-57.7,0.0,0.0
0.0006119713,2,169.7,-164.0,5.634,0.06599999999998829
0.0006119713,4,57.76,-57.76,0.0,0.0
0.0006119713,5,-0.545,7.737,7.155,0.03699999999999992
0.0006139286,1,169.4,-163.8,5.605,-0.005000000000006111
0.0006139286,3,57.86,-57.86,0.0,0.0
0.0006139286,2,169.7,-164.0,5.634,0.06599999999998829
0.0006139286,4,57.93,-57.92,0.0,0.00999999999999801
0.0006139286,5,-0.5697,7.784,7.161,0.053300000000000125
0.0006159742,1,169.4,-163.8,5.605,-0.005000000000006111
0.0006159742,3,58.03,-58.03,0.0,0.0
0.0006159742,2,169.7,-164.0,5.634,0.06599999999998829
0.0006159742,4,58.09,-58.09,0.0,0.0
0.0006159742,5,-0.6009,7.842,7.173,0.06809999999999938
0.0006179307,1,169.4,-163.8,5.605,-0.005000000000006111
0.0006179307,3,58.19,-58.19,0.0,0.0
0.0006179307,2,169.7,-164.0,5.634,0.06599999999998829
0.0006179307,4,58.25,-58.25,0.0,0.0
0.0006179307,5,-0.6295,7.902,7.191,0.08150000000000013
0.0006199766,1,169.4,-163.8,5.605,-0.005000000000006111
0.0006199766,3,58.36,-58.36,0.0,0.0
0.0006199766,2,169.7,-164.0,5.634,0.06599999999998829
0.0006199766,4,58.42,-58.42,0.0,0.0
0.0006199766,5,-0.6581,7.968,7.216,0.09389999999999965
0.0006219411,1,169.4,-163.8,5.605,-0.005000000000006111
0.0006219411,3,58.52,-58.52,0.0,0.0
0.0006219411,2,169.7,-164.0,5.634,0.06599999999998829
0.0006219411,4,58.58,-58.58,0.0,0.0
0.0006219411,5,-0.6896,8.036,7.245,0.10139999999999905
0.0006239153,1,169.4,-163.8,5.605,-0.005000000000006111
0.0006239153,3,58.68,-58.68,0.0,0.0
0.0006239153,2,169.7,-164.0,5.634,0.06599999999998829
0.0006239153,4,58.74,-58.74,0.0,0.0
0.0006239153,5,-0.7293,8.106,7.277,0.09969999999999946
0.00062598,1,169.4,-163.8,5.605,-0.005000000000006111
0.00062598,3,58.85,-58.85,0.0,0.0
0.00062598,2,169.7,-164.0,5.634,0.06599999999998829
0.00062598,4,58.91,-58.91,0.0,0.0
0.00062598,5,-0.7783,8.188,7.312,0.09770000000000056
0.0006279559,1,169.4,-163.8,5.605,-0.005000000000006111
0.0006279559,3,59.01,-59.01,0.0,0.0
0.0006279559,2,169.7,-164.0,5.634,0.06599999999998829
0.0006279559,4,59.07,-59.07,0.0,0.0
0.0006279559,5,-0.8331,8.273,7.347,0.09289999999999932
0.000629923,1,169.4,-163.8,5.605,-0.005000000000006111
0.000629923,3,59.17,-59.17,0.0,0.0
0.000629923,2,169.7,-164.0,5.634,0.06599999999998829
0.000629923,4,59.23,-59.23,0.0,0.0
0.000629923,5,-0.8952,8.358,7.38,0.08280000000000065
0.0006319753,1,169.4,-163.8,5.605,-0.005000000000006111
0.0006319753,3,59.34,-59.33,0.0,0.010000000000005116
0.0006319753,2,169.7,-164.0,5.634,0.06599999999998829
0.0006319753,4,59.4,-59.4,0.0,0.0
0.0006319753,5,-0.9637,8.445,7.412,0.06930000000000014
0.0006339339,1,169.4,-163.8,5.605,-0.005000000000006111
0.0006339339,3,59.49,-59.49,0.0,0.0
0.0006339339,2,169.7,-164.0,5.634,0.06599999999998829
0.0006339339,4,59.56,-59.55,0.0,0.010000000000005116
0.0006339339,5,-1.031,8.526,7.44,0.054999999999999716
0.0006359771,1,169.4,-163.8,5.605,-0.005000000000006111
0.0006359771,3,59.66,-59.66,0.0,0.0
0.0006359771,2,169.7,-164.0,5.634,0.06599999999998829
0.0006359771,4,59.72,-59.72,0.0,0.0
0.0006359771,5,-1.099,8.605,7.467,0.03900000000000059
0.0006379279,1,169.4,-163.8,5.605,-0.005000000000006111
0.0006379279,3,59.82,-59.81,0.0,0.00999999999999801
0.0006379279,2,169.7,-164.0,5.634,0.06599999999998829
0.0006379279,4,59.88,-59.88,0.0,0.0
0.0006379279,5,-1.16,8.675,7.491,0.02400000000000091
0.0006399736,1,169.4,-163.8,5.605,-0.005000000000006111
0.0006399736,3,59.98,-59.98,0.0,0.0
0.0006399736,2,169.7,-164.0,5.634,0.06599999999998829
0.0006399736,4,60.05,-60.04,0.0,0.00999999999999801
0.0006399736,5,-1.222,8.744,7.513,0.009000000000000341
0.0006419331,1,169.4,-163.8,5.605,-0.005000000000006111
0.0006419331,3,60.14,-60.14,0.0,0.0
0.0006419331,2,169.7,-164.0,5.634,0.06599999999998829
0.0006419331,4,60.2,-60.2,0.0,0.0
0.0006419331,5,-1.274,8.804,7.531,-0.0009999999999994458
0.0006439098,1,169.4,-163.8,5.605,-0.005000000000006111
0.0006439098,3,60.3,-60.29,0.0,0.00999999999999801
0.0006439098,2,169.7,-164.0,5.634,0.06599999999998829
0.0006439098,4,60.36,-60.36,0.0,0.0
0.0006439098,5,-1.319,8.855,7.548,-0.011999999999999567
0.0006459409,1,169.4,-163.8,5.605,-0.005000000000006111
0.0006459409,3,60.46,-60.46,0.0,0.0
0.0006459409,2,169.7,-164.0,5.634,0.06599999999998829
0.0006459409,4,60.52,-60.52,0.0,0.0
0.0006459409,5,-1.357,8.896,7.565,-0.0259999999999998
0.0006479111,1,169.4,-163.8,5.605,-0.005000000000006111
0.0006479111,3,60.62,-60.61,0.0,0.00999999999999801
0.0006479111,2,169.7,-164.0,5.634,0.06599999999998829
0.0006479111,4,60.68,-60.68,0.0,0.0
0.0006479111,5,-1.387,8.927,7.58,-0.040000000000000924
0.00064997,1,169.4,-163.8,5.605,-0.005000000000006111
0.00064997,3,60.78,-60.78,0.0,0.0
0.00064997,2,169.7,-164.0,5.634,0.06599999999998829
0.00064997,4,60.85,-60.84,0.0,0.00999999999999801
0.00064997,5,-1.412,8.952,7.595,-0.054999999999999716
0.0006519381,1,169.4,-163.8,5.605,-0.005000000000006111
0.0006519381,3,60.94,-60.94,0.0,0.0
0.0006519381,2,169.7,-164.0,5.634,0.06599999999998829
0.0006519381,4,61.0,-61.0,0.0,0.0
0.0006519381,5,-1.432,8.972,7.609,-0.06900000000000084
0.0006539916,1,169.4,-163.8,5.605,-0.005000000000006111
0.0006539916,3,61.1,-61.1,0.0,0.0
0.0006539916,2,169.7,-164.0,5.634,0.06599999999998829
0.0006539916,4,61.17,-61.16,0.0,0.010000000000005116
0.0006539916,5,-1.448,8.989,7.621,-0.08000000000000007
0.0006559518,1,169.4,-163.8,5.605,-0.005000000000006111
0.0006559518,3,61.26,-61.26,0.0,0.0
0.0006559518,2,169.7,-164.0,5.634,0.06599999999998829
0.0006559518,4,61.32,-61.32,0.0,0.0
0.0006559518,5,-1.46,9.002,7.633,-0.0909999999999993
0.0006579994,1,169.4,-163.8,5.605,-0.005000000000006111
0.0006579994,3,61.42,-61.42,0.0,0.0
0.0006579994,2,169.7,-164.0,5.634,0.06599999999998829
0.0006579994,4,61.49,-61.48,0.0,0.010000000000005116
0.0006579994,5,-1.47,9.014,7.644,-0.10000000000000053
0.0006599557,1,169.4,-163.8,5.605,-0.005000000000006111
0.0006599557,3,61.58,-61.57,0.0,0.00999999999999801
0.0006599557,2,169.7,-164.0,5.634,0.06599999999998829
0.0006599557,4,61.64,-61.64,0.0,0.0
0.0006599557,5,-1.476,9.022,7.654,-0.10799999999999965
0.0006619932,1,169.4,-163.8,5.605,-0.005000000000006111
0.0006619932,3,61.74,-61.73,0.0,0.010000000000005116
0.0006619932,2,169.7,-164.0,5.634,0.06599999999998829
0.0006619932,4,61.8,-61.8,0.0,0.0
0.0006619932,5,-1.477,9.026,7.663,-0.11400000000000077
0.0006639404,1,169.4,-163.8,5.605,-0.005000000000006111
0.0006639404,3,61.89,-61.89,0.0,0.0
0.0006639404,2,169.7,-164.0,5.634,0.06599999999998829
0.0006639404,4,61.96,-61.95,0.0,0.00999999999999801
0.0006639404,5,-1.472,9.027,7.671,-0.11600000000000055
0.0006659945,1,169.4,-163.8,5.605,-0.005000000000006111
0.0006659945,3,62.05,-62.05,0.0,0.0
0.0006659945,2,169.7,-164.0,5.634,0.06599999999998829
0.0006659945,4,62.12,-62.12,0.0,0.0
0.0006659945,5,-1.463,9.024,7.679,-0.11800000000000122
0.0006679554,1,169.4,-163.8,5.605,-0.005000000000006111
0.0006679554,3,62.21,-62.2,0.0,0.00999999999999801
0.0006679554,2,169.7,-164.0,5.634,0.06599999999998829
0.0006679554,4,62.27,-62.27,0.0,0.0
0.0006679554,5,-1.452,9.018,7.687,-0.12099999999999955
0.0006699189,1,169.4,-163.8,5.605,-0.005000000000006111
0.0006699189,3,62.36,-62.36,0.0,0.0
0.0006699189,2,169.7,-164.0,5.634,0.06599999999998829
0.0006699189,4,62.43,-62.42,0.0,0.00999999999999801
0.0006699189,5,-1.441,9.011,7.694,-0.12400000000000055
0.0006719732,1,169.4,-163.8,5.605,-0.005000000000006111
0.0006719732,3,62.52,-62.52,0.0,0.0
0.0006719732,2,169.7,-164.0,5.634,0.06599999999998829
0.0006719732,4,62.59,-62.59,0.0,0.0
0.0006719732,5,-1.427,9.003,7.7,-0.12399999999999967
0.0006739435,1,169.4,-163.8,5.605,-0.005000000000006111
0.0006739435,3,62.68,-62.67,0.0,0.00999999999999801
0.0006739435,2,169.7,-164.0,5.634,0.06599999999998829
0.0006739435,4,62.74,-62.74,0.0,0.0
0.0006739435,5,-1.414,8.994,7.706,-0.12600000000000033
0.0006759161,1,169.4,-163.8,5.605,-0.005000000000006111
0.0006759161,3,62.83,-62.83,0.0,0.0
0.0006759161,2,169.7,-164.0,5.634,0.06599999999998829
0.0006759161,4,62.9,-62.9,0.0,0.0
0.0006759161,5,-1.402,8.985,7.71,-0.12700000000000067
0.0006779792,1,169.4,-163.8,5.605,-0.005000000000006111
0.0006779792,3,62.99,-62.99,0.0,0.0
0.0006779792,2,169.7,-164.0,5.634,0.06599999999998829
0.0006779792,4,63.06,-63.06,0.0,0.0
0.0006779792,5,-1.39,8.975,7.714,-0.12900000000000045
0.0006799527,1,169.4,-163.8,5.605,-0.005000000000006111
0.0006799527,3,63.15,-63.14,0.0,0.00999999999999801
0.0006799527,2,169.7,-164.0,5.634,0.06599999999998829
0.0006799527,4,63.21,-63.21,0.0,0.0
0.0006799527,5,-1.379,8.966,7.716,-0.12900000000000045
0.0006819261,1,169.4,-163.8,5.605,-0.005000000000006111
0.0006819261,3,63.3,-63.3,0.0,0.0
0.0006819261,2,169.7,-164.0,5.634,0.06599999999998829
0.0006819261,4,63.37,-63.36,0.0,0.00999999999999801
0.0006819261,5,-1.367,8.956,7.718,-0.12900000000000045
0.0006839887,1,169.4,-163.8,5.605,-0.005000000000006111
0.0006839887,3,63.46,-63.46,0.0,0.0
0.0006839887,2,169.7,-164.0,5.634,0.06599999999998829
0.0006839887,4,63.53,-63.52,0.0,0.00999999999999801
0.0006839887,5,-1.354,8.945,7.719,-0.1280000000000001
0.0006859624,1,169.4,-163.8,5.605,-0.005000000000006111
0.0006859624,3,63.61,-63.61,0.0,0.0
0.0006859624,2,169.7,-164.0,5.634,0.06599999999998829
0.0006859624,4,63.68,-63.68,0.0,0.0
0.0006859624,5,-1.338,8.935,7.721,-0.12399999999999967
0.0006879436,1,169.4,-163.8,5.605,-0.005000000000006111
0.0006879436,3,63.77,-63.76,0.0,0.010000000000005116
0.0006879436,2,169.7,-164.0,5.634,0.06599999999998829
0.0006879436,4,63.84,-63.83,0.0,0.010000000000005116
0.0006879436,5,-1.32,8.926,7.723,-0.11699999999999999
0.0006899205,1,169.4,-163.8,5.605,-0.005000000000006111
0.0006899205,3,63.92,-63.92,0.0,0.0
0.0006899205,2,169.7,-164.0,5.634,0.06599999999998829
0.0006899205,4,63.99,-63.99,0.0,0.0
0.0006899205,5,-1.3,8.917,7.726,-0.10899999999999999
0.0006919844,1,169.4,-163.8,5.605,-0.005000000000006111
0.0006919844,3,64.08,-64.08,0.0,0.0
0.0006919844,2,169.7,-164.0,5.634,0.06599999999998829
0.0006919844,4,64.15,-64.14,0.0,0.010000000000005116
0.0006919844,5,-1.277,8.908,7.731,-0.10000000000000053
0.0006939559,1,169.4,-163.8,5.605,-0.005000000000006111
0.0006939559,3,64.23,-64.23,0.0,0.0
0.0006939559,2,169.7,-164.0,5.634,0.06599999999998829
0.0006939559,4,64.3,-64.3,0.0,0.0
0.0006939559,5,-1.253,8.9,7.736,-0.08899999999999952
0.0006959282,1,169.4,-163.8,5.605,-0.005000000000006111
0.0006959282,3,64.38,-64.38,0.0,0.0
0.0006959282,2,169.7,-164.0,5.634,0.06599999999998829
0.0006959282,4,64.45,-64.45,0.0,0.0
0.0006959282,5,-1.229,8.894,7.741,-0.07599999999999962
0.0006979107,1,169.4,-163.8,5.605,-0.005000000000006111
0.0006979107,3,64.54,-64.53,0.0,0.010000000000005116
0.0006979107,2,169.7,-164.0,5.634,0.06599999999998829
0.0006979107,4,64.61,-64.6,0.0,0.010000000000005116
0.0006979107,5,-1.207,8.893,7.747,-0.060999999999999055
0.000699971,1,169.4,-163.8,5.605,-0.005000000000006111
0.000699971,3,64.7,-64.69,0.0,0.010000000000005116
0.000699971,2,169.7,-164.0,5.634,0.06599999999998829
0.000699971,4,64.76,-64.76,0.0,0.0
0.000699971,5,-1.186,8.897,7.753,-0.041999999999999815
0.0007019321,1,169.4,-163.8,5.605,-0.005000000000006111
0.0007019321,3,64.85,-64.84,0.0,0.009999999999990905
0.0007019321,2,169.7,-164.0,5.634,0.06599999999998829
0.0007019321,4,64.91,-64.91,0.0,0.0
0.0007019321,5,-1.169,8.902,7.76,-0.027000000000001023
0.0007039843,1,169.4,-163.8,5.605,-0.005000000000006111
0.0007039843,3,65.0,-65.0,0.0,0.0
0.0007039843,2,169.7,-164.0,5.634,0.06599999999998829
0.0007039843,4,65.07,-65.07,0.0,0.0
0.0007039843,5,-1.153,8.905,7.765,-0.013000000000000789
0.0007059468,1,169.4,-163.8,5.605,-0.005000000000006111
0.0007059468,3,65.15,-65.15,0.0,0.0
0.0007059468,2,169.7,-164.0,5.634,0.06599999999998829
0.0007059468,4,65.22,-65.22,0.0,0.0
0.0007059468,5,-1.143,8.908,7.769,-0.004000000000000448
0.000707911,1,169.4,-163.8,5.605,-0.005000000000006111
0.000707911,3,65.3,-65.3,0.0,0.0
0.000707911,2,169.7,-164.0,5.634,0.06599999999998829
0.000707911,4,65.37,-65.37,0.0,0.0
0.000707911,5,-1.142,8.917,7.773,0.002000000000000668
0.0007099695,1,169.4,-163.8,5.605,-0.005000000000006111
0.0007099695,3,65.46,-65.46,0.0,0.0
0.0007099695,2,169.7,-164.0,5.634,0.06599999999998829
0.0007099695,4,65.53,-65.52,0.0,0.010000000000005116
0.0007099695,5,-1.146,8.927,7.777,0.0039999999999995595
0.0007119453,1,169.4,-163.8,5.605,-0.005000000000006111
0.0007119453,3,65.61,-65.61,0.0,0.0
0.0007119453,2,169.7,-164.0,5.634,0.06599999999998829
0.0007119453,4,65.68,-65.67,0.0,0.010000000000005116
0.0007119453,5,-1.149,8.937,7.782,0.005999999999999339
0.0007139185,1,169.4,-163.8,5.605,-0.005000000000006111
0.0007139185,3,65.76,-65.76,0.0,0.0
0.0007139185,2,169.7,-164.0,5.634,0.06599999999998829
0.0007139185,4,65.83,-65.82,0.0,0.010000000000005116
0.0007139185,5,-1.147,8.954,7.789,0.018000000000000682
0.0007159644,1,169.4,-163.8,5.605,-0.005000000000006111
0.0007159644,3,65.91,-65.91,0.0,0.0
0.0007159644,2,169.7,-164.0,5.634,0.06599999999998829
0.0007159644,4,65.98,-65.98,0.0,0.0
0.0007159644,5,-1.143,8.99,7.8,0.0470000000000006
0.0007179222,1,169.4,-163.8,5.605,-0.005000000000006111
0.0007179222,3,66.06,-66.06,0.0,0.0
0.0007179222,2,169.7,-164.0,5.634,0.06599999999998829
0.0007179222,4,66.13,-66.13,0.0,0.0
0.0007179222,5,-1.152,9.046,7.812,0.08199999999999896
0.0007199715,1,169.4,-163.8,5.605,-0.005000000000006111
0.0007199715,3,66.22,-66.21,0.0,0.010000000000005116
0.0007199715,2,169.7,-164.0,5.634,0.06599999999998829
0.0007199715,4,66.29,-66.28,0.0,0.010000000000005116
0.0007199715,5,-1.186,9.129,7.827,0.11599999999999966
0.0007219353,1,169.4,-163.8,5.605,-0.005000000000006111
0.0007219353,3,66.37,-66.36,0.0,0.010000000000005116
0.0007219353,2,169.7,-164.0,5.634,0.06599999999998829
0.0007219353,4,66.44,-66.43,0.0,0.009999999999990905
0.0007219353,5,-1.239,9.215,7.843,0.133
0.0007239899,1,169.4,-163.8,5.605,-0.005000000000006111
0.0007239899,3,66.52,-66.52,0.0,0.0
0.0007239899,2,169.7,-164.0,5.634,0.06599999999998829
0.0007239899,4,66.59,-66.59,0.0,0.0
0.0007239899,5,-1.296,9.302,7.861,0.14500000000000046
0.0007259495,1,169.4,-163.8,5.605,-0.005000000000006111
0.0007259495,3,66.67,-66.66,0.0,0.010000000000005116
0.0007259495,2,169.7,-164.0,5.634,0.06599999999998829
0.0007259495,4,66.74,-66.73,0.0,0.009999999999990905
0.0007259495,5,-1.349,9.374,7.881,0.14400000000000013
0.0007279901,1,169.4,-163.8,5.605,-0.005000000000006111
0.0007279901,3,66.82,-66.82,0.0,0.0
0.0007279901,2,169.7,-164.0,5.634,0.06599999999998829
0.0007279901,4,66.89,-66.89,0.0,0.0
0.0007279901,5,-1.403,9.432,7.9,0.12899999999999956
0.0007299355,1,169.4,-163.8,5.605,-0.005000000000006111
0.0007299355,3,66.97,-66.96,0.0,0.010000000000005116
0.0007299355,2,169.7,-164.0,5.634,0.06599999999998829
0.0007299355,4,67.04,-67.03,0.0,0.010000000000005116
0.0007299355,5,-1.453,9.476,7.918,0.10500000000000131
0.0007319634,1,169.4,-163.8,5.605,-0.005000000000006111
0.0007319634,3,67.12,-67.12,0.0,0.0
0.0007319634,2,169.7,-164.0,5.634,0.06599999999998829
0.0007319634,4,67.19,-67.19,0.0,0.0
0.0007319634,5,-1.501,9.512,7.934,0.07700000000000085
0.0007339849,1,169.4,-163.8,5.605,-0.005000000000006111
0.0007339849,3,67.27,-67.27,0.0,0.0
0.0007339849,2,169.7,-164.0,5.634,0.06599999999998829
0.0007339849,4,67.34,-67.34,0.0,0.0
0.0007339849,5,-1.539,9.54,7.949,0.0519999999999996
0.0007359998,1,169.4,-163.8,5.605,-0.005000000000006111
0.0007359998,3,67.42,-67.42,0.0,0.0
0.0007359998,2,169.7,-164.0,5.634,0.06599999999998829
0.0007359998,4,67.49,-67.49,0.0,0.0
0.0007359998,5,-1.561,9.559,7.963,0.034999999999999254
0.0007379218,1,169.4,-163.8,5.605,-0.005000000000006111
0.0007379218,3,67.56,-67.56,0.0,0.0
0.0007379218,2,169.7,-164.0,5.634,0.06599999999998829
0.0007379218,4,67.63,-67.63,0.0,0.0
0.0007379218,5,-1.568,9.572,7.977,0.026999999999999247
0.0007399274,1,169.4,-163.8,5.605,-0.005000000000006111
0.0007399274,3,67.71,-67.71,0.0,0.0
0.0007399274,2,169.7,-164.0,5.634,0.06599999999998829
0.0007399274,4,67.78,-67.78,0.0,0.0
0.0007399274,5,-1.564,9.584,7.993,0.026999999999999247
0.0007419316,1,169.4,-163.8,5.605,-0.005000000000006111
0.0007419316,3,67.86,-67.86,0.0,0.0
0.0007419316,2,169.7,-164.0,5.634,0.06599999999998829
0.0007419316,4,67.93,-67.93,0.0,0.0
0.0007419316,5,-1.562,9.598,8.011,0.02500000000000213
0.0007439365,1,169.4,-163.8,5.605,-0.005000000000006111
0.0007439365,3,68.01,-68.01,0.0,0.0
0.0007439365,2,169.7,-164.0,5.634,0.06599999999998829
0.0007439365,4,68.08,-68.08,0.0,0.0
0.0007439365,5,-1.565,9.613,8.028,0.019999999999999574
0.0007459432,1,169.4,-163.8,5.605,-0.005000000000006111
0.0007459432,3,68.16,-68.16,0.0,0.0
0.0007459432,2,169.7,-164.0,5.634,0.06599999999998829
0.0007459432,4,68.23,-68.23,0.0,0.0
0.0007459432,5,-1.573,9.629,8.045,0.010999999999999233
0.0007479707,1,169.4,-163.8,5.605,-0.005000000000006111
0.0007479707,3,68.31,-68.31,0.0,0.0
0.0007479707,2,169.7,-164.0,5.634,0.06599999999998829
0.0007479707,4,68.38,-68.38,0.0,0.0
0.0007479707,5,-1.584,9.644,8.059,0.0010000000000012221
0.0007499432,1,169.4,-163.8,5.605,-0.005000000000006111
0.0007499432,3,68.45,-68.45,0.0,0.0
0.0007499432,2,169.7,-164.0,5.634,0.06599999999998829
0.0007499432,4,68.53,-68.52,0.0,0.010000000000005116
0.0007499432,5,-1.596,9.66,8.07,-0.006000000000000227
0.0007519155,1,169.4,-163.8,5.605,-0.005000000000006111
0.0007519155,3,68.6,-68.6,0.0,0.0
0.0007519155,2,169.7,-164.0,5.634,0.06599999999998829
0.0007519155,4,68.67,-68.67,0.0,0.0
0.0007519155,5,-1.609,9.676,8.08,-0.0129999999999999
0.0007539783,1,169.4,-163.8,5.605,-0.005000000000006111
0.0007539783,3,68.75,-68.75,0.0,0.0
0.0007539783,2,169.7,-164.0,5.634,0.06599999999998829
0.0007539783,4,68.82,-68.82,0.0,0.0
0.0007539783,5,-1.622,9.695,8.089,-0.016000000000000014
0.0007559519,1,169.4,-163.8,5.605,-0.005000000000006111
0.0007559519,3,68.9,-68.89,0.0,0.010000000000005116
0.0007559519,2,169.7,-164.0,5.634,0.06599999999998829
0.0007559519,4,68.97,-68.96,0.0,0.010000000000005116
0.0007559519,5,-1.634,9.715,8.098,-0.017000000000001236
0.0007579249,1,169.4,-163.8,5.605,-0.005000000000006111
0.0007579249,3,69.04,-69.04,0.0,0.0
0.0007579249,2,169.7,-164.0,5.634,0.06599999999998829
0.0007579249,4,69.11,-69.11,0.0,0.0
0.0007579249,5,-1.643,9.739,8.108,-0.012000000000000455
0.0007599858,1,169.4,-163.8,5.605,-0.005000000000006111
0.0007599858,3,69.19,-69.19,0.0,0.0
0.0007599858,2,169.7,-164.0,5.634,0.06599999999998829
0.0007599858,4,69.26,-69.26,0.0,0.0
0.0007599858,5,-1.647,9.768,8.12,0.0010000000000012221
0.0007619552,1,169.4,-163.8,5.605,-0.005000000000006111
0.0007619552,3,69.34,-69.33,0.0,0.010000000000005116
0.0007619552,2,169.7,-164.0,5.634,0.06599999999998829
0.0007619552,4,69.41,-69.4,0.0,0.009999999999990905
0.0007619552,5,-1.647,9.801,8.132,0.02200000000000024
0.0007639233,1,169.4,-163.8,5.605,-0.005000000000006111
0.0007639233,3,69.48,-69.48,0.0,0.0
0.0007639233,2,169.7,-164.0,5.634,0.06599999999998829
0.0007639233,4,69.55,-69.55,0.0,0.0
0.0007639233,5,-1.647,9.844,8.146,0.05099999999999838
0.0007659737,1,169.4,-163.8,5.605,-0.005000000000006111
0.0007659737,3,69.63,-69.63,0.0,0.0
0.0007659737,2,169.7,-164.0,5.634,0.06599999999998829
0.0007659737,4,69.7,-69.7,0.0,0.0
0.0007659737,5,-1.655,9.908,8.162,0.0909999999999993
0.0007679254,1,169.4,-163.8,5.605,-0.005000000000006111
0.0007679254,3,69.77,-69.77,0.0,0.0
0.0007679254,2,169.7,-164.0,5.634,0.06599999999998829
0.0007679254,4,69.84,-69.84,0.0,0.0
0.0007679254,5,-1.684,9.992,8.18,0.1280000000000019
0.0007699695,1,169.4,-163.8,5.605,-0.005000000000006111
0.0007699695,3,69.92,-69.92,0.0,0.0
0.0007699695,2,169.7,-164.0,5.634,0.06599999999998829
0.0007699695,4,69.99,-69.99,0.0,0.0
0.0007699695,5,-1.741,10.1,8.201,0.15799999999999947
0.0007719366,1,169.4,-163.8,5.605,-0.005000000000006111
0.0007719366,3,70.06,-70.06,0.0,0.0
0.0007719366,2,169.7,-164.0,5.634,0.06599999999998829
0.0007719366,4,70.13,-70.13,0.0,0.0
0.0007719366,5,-1.823,10.22,8.224,0.17300000000000004
0.0007739929,1,169.4,-163.8,5.605,-0.005000000000006111
0.0007739929,3,70.21,-70.21,0.0,0.0
0.0007739929,2,169.7,-164.0,5.634,0.06599999999998829
0.0007739929,4,70.28,-70.28,0.0,0.0
0.0007739929,5,-1.924,10.37,8.25,0.19599999999999973
0.0007759533,1,169.4,-163.8,5.605,-0.005000000000006111
0.0007759533,3,70.35,-70.35,0.0,0.0
0.0007759533,2,169.7,-164.0,5.634,0.06599999999998829
0.0007759533,4,70.42,-70.42,0.0,0.0
0.0007759533,5,-2.031,10.51,8.278,0.20099999999999874
0.0007779215,1,169.4,-163.8,5.605,-0.005000000000006111
0.0007779215,3,70.49,-70.49,0.0,0.0
0.0007779215,2,169.7,-164.0,5.634,0.06599999999998829
0.0007779215,4,70.57,-70.56,0.0,0.009999999999990905
0.0007779215,5,-2.161,10.66,8.309,0.19000000000000128
0.0007799881,1,169.4,-163.8,5.605,-0.005000000000006111
0.0007799881,3,70.64,-70.64,0.0,0.0
0.0007799881,2,169.7,-164.0,5.634,0.06599999999998829
0.0007799881,4,70.72,-70.71,0.0,0.010000000000005116
0.0007799881,5,-2.314,10.82,8.341,0.16500000000000092
0.000781969,1,169.4,-163.8,5.605,-0.005000000000006111
0.000781969,3,70.79,-70.78,0.0,0.010000000000005116
0.000781969,2,169.7,-164.0,5.634,0.06599999999998829
0.000781969,4,70.86,-70.86,0.0,0.0
0.000781969,5,-2.463,10.98,8.369,0.1479999999999997
0.0007839446,1,169.4,-163.8,5.605,-0.005000000000006111
0.0007839446,3,70.93,-70.92,0.0,0.010000000000005116
0.0007839446,2,169.7,-164.0,5.634,0.06599999999998829
0.0007839446,4,71.0,-71.0,0.0,0.0
0.0007839446,5,-2.611,11.13,8.393,0.12599999999999945
0.0007859145,1,169.4,-163.8,5.605,-0.005000000000006111
0.0007859145,3,71.07,-71.07,0.0,0.0
0.0007859145,2,169.7,-164.0,5.634,0.06599999999998829
0.0007859145,4,71.14,-71.14,0.0,0.0
0.0007859145,5,-2.751,11.27,8.413,0.10599999999999987
0.0007879729,1,169.4,-163.8,5.605,-0.005000000000006111
0.0007879729,3,71.22,-71.21,0.0,0.010000000000005116
0.0007879729,2,169.7,-164.0,5.634,0.06599999999998829
0.0007879729,4,71.29,-71.29,0.0,0.0
0.0007879729,5,-2.886,11.4,8.43,0.08399999999999963
0.0007899386,1,169.4,-163.8,5.605,-0.005000000000006111
0.0007899386,3,71.36,-71.35,0.0,0.010000000000005116
0.0007899386,2,169.7,-164.0,5.634,0.06599999999998829
0.0007899386,4,71.43,-71.43,0.0,0.0
0.0007899386,5,-3.003,11.5,8.443,0.05400000000000027
0.0007919878,1,169.4,-163.8,5.605,-0.005000000000006111
0.0007919878,3,71.5,-71.5,0.0,0.0
0.0007919878,2,169.7,-164.0,5.634,0.06599999999998829
0.0007919878,4,71.58,-71.57,0.0,0.010000000000005116
0.0007919878,5,-3.077,11.6,8.455,0.06799999999999962
0.0007939259,1,169.4,-163.8,5.605,-0.005000000000006111
0.0007939259,3,71.64,-71.64,0.0,0.0
0.0007939259,2,169.7,-164.0,5.634,0.06599999999998829
0.0007939259,4,71.71,-71.71,0.0,0.0
0.0007939259,5,-3.189,11.67,8.467,0.013999999999999346
0.0007959706,1,169.4,-163.8,5.605,-0.005000000000006111
0.0007959706,3,71.79,-71.78,0.0,0.010000000000005116
0.0007959706,2,169.7,-164.0,5.634,0.06599999999998829
0.0007959706,4,71.86,-71.86,0.0,0.0
0.0007959706,5,-3.248,11.74,8.478,0.014000000000001123
0.0007979594,1,169.4,-163.8,5.605,-0.005000000000006111
0.0007979594,3,71.93,-71.92,0.0,0.010000000000005116
0.0007979594,2,169.7,-164.0,5.634,0.06599999999998829
0.0007979594,4,72.0,-72.0,0.0,0.0
0.0007979594,5,-3.28,11.79,8.491,0.019000000000000128
0.0007999416,1,169.4,-163.8,5.605,-0.005000000000006111
0.0007999416,3,72.07,-72.06,0.0,0.009999999999990905
0.0007999416,2,169.7,-164.0,5.634,0.06599999999998829
0.0007999416,4,72.14,-72.14,0.0,0.0
0.0007999416,5,-3.3,11.83,8.504,0.026000000000001577
0.0008019287,1,169.4,-163.8,5.605,-0.005000000000006111
0.0008019287,3,72.21,-72.21,0.0,0.0
0.0008019287,2,169.7,-164.0,5.634,0.06599999999998829
0.0008019287,4,72.28,-72.28,0.0,0.0
0.0008019287,5,-3.305,11.86,8.519,0.03599999999999959
0.0008039849,1,169.4,-163.8,5.605,-0.005000000000006111
0.0008039849,3,72.35,-72.35,0.0,0.0
0.0008039849,2,169.7,-164.0,5.634,0.06599999999998829
0.0008039849,4,72.43,-72.43,0.0,0.0
0.0008039849,5,-3.295,11.88,8.536,0.049000000000001265
0.0008059647,1,169.4,-163.8,5.605,-0.005000000000006111
0.0008059647,3,72.49,-72.49,0.0,0.0
0.0008059647,2,169.7,-164.0,5.634,0.06599999999998829
0.0008059647,4,72.57,-72.56,0.0,0.009999999999990905
0.0008059647,5,-3.296,11.9,8.55,0.05400000000000027
0.0008079426,1,169.4,-163.8,5.605,-0.005000000000006111
0.0008079426,3,72.63,-72.63,0.0,0.0
0.0008079426,2,169.7,-164.0,5.634,0.06599999999998829
0.0008079426,4,72.71,-72.7,0.0,0.009999999999990905
0.0008079426,5,-3.292,11.9,8.561,0.0470000000000006
0.0008099173,1,169.4,-163.8,5.605,-0.005000000000006111
0.0008099173,3,72.77,-72.77,0.0,0.0
0.0008099173,2,169.7,-164.0,5.634,0.06599999999998829
0.0008099173,4,72.85,-72.84,0.0,0.009999999999990905
0.0008099173,5,-3.288,11.91,8.571,0.051000000000000156
0.000811972,1,169.4,-163.8,5.605,-0.005000000000006111
0.000811972,3,72.92,-72.91,0.0,0.010000000000005116
0.000811972,2,169.7,-164.0,5.634,0.06599999999998829
0.000811972,4,72.99,-72.99,0.0,0.0
0.000811972,5,-3.285,11.92,8.581,0.05400000000000027
0.0008139453,1,169.4,-163.8,5.605,-0.005000000000006111
0.0008139453,3,73.05,-73.05,0.0,0.0
0.0008139453,2,169.7,-164.0,5.634,0.06599999999998829
0.0008139453,4,73.13,-73.13,0.0,0.0
0.0008139453,5,-3.281,11.93,8.59,0.058999999999999275
0.0008159121,1,169.4,-163.8,5.605,-0.005000000000006111
0.0008159121,3,73.19,-73.19,0.0,0.0
0.0008159121,2,169.7,-164.0,5.634,0.06599999999998829
0.0008159121,4,73.27,-73.26,0.0,0.009999999999990905
0.0008159121,5,-3.273,11.94,8.599,0.06799999999999962
0.0008179177,1,169.4,-163.8,5.605,-0.005000000000006111
0.0008179177,3,73.33,-73.33,0.0,0.0
0.0008179177,2,169.7,-164.0,5.634,0.06599999999998829
0.0008179177,4,73.41,-73.4,0.0,0.009999999999990905
0.0008179177,5,-3.26,11.96,8.612,0.08800000000000097
0.0008199599,1,169.4,-163.8,5.605,-0.005000000000006111
0.0008199599,3,73.47,-73.47,0.0,0.0
0.0008199599,2,169.7,-164.0,5.634,0.06599999999998829
0.0008199599,4,73.55,-73.55,0.0,0.0
0.0008199599,5,-3.24,11.98,8.628,0.1120000000000001
0.0008219212,1,169.4,-163.8,5.605,-0.005000000000006111
0.0008219212,3,73.61,-73.61,0.0,0.0
0.0008219212,2,169.7,-164.0,5.634,0.06599999999998829
0.0008219212,4,73.69,-73.68,0.0,0.009999999999990905
0.0008219212,5,-3.211,12.0,8.648,0.14100000000000001
0.0008239553,1,169.4,-163.8,5.605,-0.005000000000006111
0.0008239553,3,73.75,-73.75,0.0,0.0
0.0008239553,2,169.7,-164.0,5.634,0.06599999999998829
0.0008239553,4,73.83,-73.83,0.0,0.0
0.0008239553,5,-3.17,12.01,8.673,0.16699999999999982
0.0008259516,1,169.4,-163.8,5.605,-0.005000000000006111
0.0008259516,3,73.89,-73.89,0.0,0.0
0.0008259516,2,169.7,-164.0,5.634,0.06599999999998829
0.0008259516,4,73.97,-73.96,0.0,0.010000000000005116
0.0008259516,5,-3.125,12.02,8.7,0.19500000000000028
0.0008279955,1,169.4,-163.8,5.605,-0.005000000000006111
0.0008279955,3,74.03,-74.03,0.0,0.0
0.0008279955,2,169.7,-164.0,5.634,0.06599999999998829
0.0008279955,4,74.11,-74.11,0.0,0.0
0.0008279955,5,-3.081,12.03,8.729,0.22000000000000064
0.000829967,1,169.4,-163.8,5.605,-0.005000000000006111
0.000829967,3,74.17,-74.17,0.0,0.0
0.000829967,2,169.7,-164.0,5.634,0.06599999999998829
0.000829967,4,74.25,-74.24,0.0,0.010000000000005116
0.000829967,5,-3.053,12.06,8.758,0.24900000000000233
0.000831926,1,169.4,-163.8,5.605,-0.005000000000006111
0.000831926,3,74.31,-74.3,0.0,0.010000000000005116
0.000831926,2,169.7,-164.0,5.634,0.06599999999998829
0.000831926,4,74.38,-74.38,0.0,0.0
0.000831926,5,-3.049,12.11,8.786,0.27500000000000036
0.0008339669,1,169.4,-163.8,5.605,-0.005000000000006111
0.0008339669,3,74.45,-74.44,0.0,0.010000000000005116
0.0008339669,2,169.7,-164.0,5.634,0.06599999999998829
0.0008339669,4,74.52,-74.52,0.0,0.0
0.0008339669,5,-3.064,12.19,8.815,0.31099999999999994
0.00083593,1,169.4,-163.8,5.605,-0.005000000000006111
0.00083593,3,74.58,-74.58,0.0,0.0
0.00083593,2,169.7,-164.0,5.634,0.06599999999998829
0.00083593,4,74.66,-74.65,0.0,0.009999999999990905
0.00083593,5,-3.115,12.28,8.842,0.3229999999999986
0.0008379995,1,169.4,-163.8,5.605,-0.005000000000006111
0.0008379995,3,74.72,-74.72,0.0,0.0
0.0008379995,2,169.7,-164.0,5.634,0.06599999999998829
0.0008379995,4,74.8,-74.8,0.0,0.0
0.0008379995,5,-3.21,12.42,8.869,0.3410000000000011
0.0008399718,1,169.4,-163.8,5.605,-0.005000000000006111
0.0008399718,3,74.86,-74.86,0.0,0.0
0.0008399718,2,169.7,-164.0,5.634,0.06599999999998829
0.0008399718,4,74.94,-74.93,0.0,0.009999999999990905
0.0008399718,5,-3.337,12.59,8.894,0.359
0.0008419434,1,169.4,-163.8,5.605,-0.005000000000006111
0.0008419434,3,74.99,-74.99,0.0,0.0
0.0008419434,2,169.7,-164.0,5.634,0.06599999999998829
0.0008419434,4,75.07,-75.07,0.0,0.0
0.0008419434,5,-3.487,12.78,8.919,0.3739999999999988
0.0008439998,1,169.4,-163.8,5.605,-0.005000000000006111
0.0008439998,3,75.14,-75.13,0.0,0.010000000000005116
0.0008439998,2,169.7,-164.0,5.634,0.06599999999998829
0.0008439998,4,75.21,-75.21,0.0,0.0
0.0008439998,5,-3.652,13.0,8.947,0.4009999999999998
0.0008459666,1,169.4,-163.8,5.605,-0.005000000000006111
0.0008459666,3,75.27,-75.27,0.0,0.0
0.0008459666,2,169.7,-164.0,5.634,0.06599999999998829
0.0008459666,4,75.35,-75.34,0.0,0.009999999999990905
0.0008459666,5,-3.812,13.22,8.979,0.42900000000000205
0.000847933,1,169.4,-163.8,5.605,-0.005000000000006111
0.000847933,3,75.4,-75.4,0.0,0.0
0.000847933,2,169.7,-164.0,5.634,0.06599999999998829
0.000847933,4,75.48,-75.48,0.0,0.0
0.000847933,5,-3.969,13.44,9.013,0.4580000000000002
0.0008499858,1,169.4,-163.8,5.605,-0.005000000000006111
0.0008499858,3,75.54,-75.54,0.0,0.0
0.0008499858,2,169.7,-164.0,5.634,0.06599999999998829
0.0008499858,4,75.62,-75.62,0.0,0.0
0.0008499858,5,-4.13,13.65,9.048,0.47199999999999953
0.0008519464,1,169.4,-163.8,5.605,-0.005000000000006111
0.0008519464,3,75.68,-75.67,0.0,0.010000000000005116
0.0008519464,2,169.7,-164.0,5.634,0.06599999999998829
0.0008519464,4,75.75,-75.75,0.0,0.0
0.0008519464,5,-4.282,13.85,9.082,0.4859999999999989
0.0008539873,1,169.4,-163.8,5.605,-0.005000000000006111
0.0008539873,3,75.82,-75.81,0.0,0.009999999999990905
0.0008539873,2,169.7,-164.0,5.634,0.06599999999998829
0.0008539873,4,75.89,-75.89,0.0,0.0
0.0008539873,5,-4.438,14.03,9.119,0.472999999999999
0.0008559547,1,169.4,-163.8,5.605,-0.005000000000006111
0.0008559547,3,75.95,-75.95,0.0,0.0
0.0008559547,2,169.7,-164.0,5.634,0.06599999999998829
0.0008559547,4,76.03,-76.02,0.0,0.010000000000005116
0.0008559547,5,-4.587,14.2,9.154,0.45899999999999963
0.0008579337,1,169.4,-163.8,5.605,-0.005000000000006111
0.0008579337,3,76.08,-76.08,0.0,0.0
0.0008579337,2,169.7,-164.0,5.634,0.06599999999998829
0.0008579337,4,76.16,-76.16,0.0,0.0
0.0008579337,5,-4.729,14.35,9.191,0.42999999999999794
0.0008599961,1,169.4,-163.8,5.605,-0.005000000000006111
0.0008599961,3,76.22,-76.22,0.0,0.0
0.0008599961,2,169.7,-164.0,5.634,0.06599999999998829
0.0008599961,4,76.3,-76.3,0.0,0.0
0.0008599961,5,-4.865,14.5,9.231,0.4039999999999999
0.000861946,1,169.4,-163.8,5.605,-0.005000000000006111
0.000861946,3,76.35,-76.35,0.0,0.0
0.000861946,2,169.7,-164.0,5.634,0.06599999999998829
0.000861946,4,76.43,-76.43,0.0,0.0
0.000861946,5,-4.977,14.62,9.271,0.3719999999999981
0.0008639137,1,169.4,-163.8,5.605,-0.005000000000006111
0.0008639137,3,76.49,-76.48,0.0,0.009999999999990905
0.0008639137,2,169.7,-164.0,5.634,0.06599999999998829
0.0008639137,4,76.57,-76.56,0.0,0.009999999999990905
0.0008639137,5,-5.069,14.71,9.312,0.3290000000000024
0.0008659681,1,169.4,-163.8,5.605,-0.005000000000006111
0.0008659681,3,76.63,-76.62,0.0,0.009999999999990905
0.0008659681,2,169.7,-164.0,5.634,0.06599999999998829
0.0008659681,4,76.7,-76.7,0.0,0.0
0.0008659681,5,-5.136,14.79,9.352,0.3019999999999996
0.0008679302,1,169.4,-163.8,5.605,-0.005000000000006111
0.0008679302,3,76.76,-76.75,0.0,0.010000000000005116
0.0008679302,2,169.7,-164.0,5.634,0.06599999999998829
0.0008679302,4,76.84,-76.83,0.0,0.010000000000005116
0.0008679302,5,-5.174,14.84,9.387,0.2789999999999999
0.0008699875,1,169.4,-163.8,5.605,-0.005000000000006111
0.0008699875,3,76.9,-76.89,0.0,0.010000000000005116
0.0008699875,2,169.7,-164.0,5.634,0.06599999999998829
0.0008699875,4,76.97,-76.97,0.0,0.0
0.0008699875,5,-5.191,14.87,9.42,0.25899999999999856
0.0008719532,1,169.4,-163.8,5.605,-0.005000000000006111
0.0008719532,3,77.03,-77.02,0.0,0.010000000000005116
0.0008719532,2,169.7,-164.0,5.634,0.06599999999998829
0.0008719532,4,77.11,-77.1,0.0,0.010000000000005116
0.0008719532,5,-5.176,14.88,9.452,0.25200000000000067
0.000873918,1,169.4,-163.8,5.605,-0.005000000000006111
0.000873918,3,77.16,-77.16,0.0,0.0
0.000873918,2,169.7,-164.0,5.634,0.06599999999998829
0.000873918,4,77.24,-77.23,0.0,0.009999999999990905
0.000873918,5,-5.177,14.88,9.482,0.22100000000000186
0.0008759714,1,169.4,-163.8,5.605,-0.005000000000006111
0.0008759714,3,77.3,-77.29,0.0,0.009999999999990905
0.0008759714,2,169.7,-164.0,5.634,0.06599999999998829
0.0008759714,4,77.37,-77.37,0.0,0.0
0.0008759714,5,-5.176,14.89,9.51,0.20400000000000063
0.0008779339,1,169.4,-163.8,5.605,-0.005000000000006111
0.0008779339,3,77.43,-77.42,0.0,0.010000000000005116
0.0008779339,2,169.7,-164.0,5.634,0.06599999999998829
0.0008779339,4,77.51,-77.5,0.0,0.010000000000005116
0.0008779339,5,-5.188,14.89,9.532,0.1700000000000017
0.0008799828,1,169.4,-163.8,5.605,-0.005000000000006111
0.0008799828,3,77.56,-77.56,0.0,0.0
0.0008799828,2,169.7,-164.0,5.634,0.06599999999998829
0.0008799828,4,77.64,-77.64,0.0,0.0
0.0008799828,5,-5.202,14.89,9.548,0.14000000000000057
0.0008819217,1,169.4,-163.8,5.605,-0.005000000000006111
0.0008819217,3,77.69,-77.69,0.0,0.0
0.0008819217,2,169.7,-164.0,5.634,0.06599999999998829
0.0008819217,4,77.77,-77.77,0.0,0.0
0.0008819217,5,-5.212,14.89,9.559,0.11900000000000155
0.0008839493,1,169.4,-163.8,5.605,-0.005000000000006111
0.0008839493,3,77.83,-77.82,0.0,0.010000000000005116
0.0008839493,2,169.7,-164.0,5.634,0.06599999999998829
0.0008839493,4,77.91,-77.9,0.0,0.009999999999990905
0.0008839493,5,-5.218,14.88,9.569,0.09299999999999997
0.000885989,1,169.4,-163.8,5.605,-0.005000000000006111
0.000885989,3,77.96,-77.96,0.0,0.0
0.000885989,2,169.7,-164.0,5.634,0.06599999999998829
0.000885989,4,78.04,-78.04,0.0,0.0
0.000885989,5,-5.221,14.88,9.578,0.0810000000000013
0.0008879384,1,169.4,-163.8,5.605,-0.005000000000006111
0.0008879384,3,78.09,-78.09,0.0,0.0
0.0008879384,2,169.7,-164.0,5.634,0.06599999999998829
0.0008879384,4,78.17,-78.17,0.0,0.0
0.0008879384,5,-5.221,14.88,9.586,0.0730000000000004
0.0008899771,1,169.4,-163.8,5.605,-0.005000000000006111
0.0008899771,3,78.22,-78.22,0.0,0.0
0.0008899771,2,169.7,-164.0,5.634,0.06599999999998829
0.0008899771,4,78.3,-78.3,0.0,0.0
0.0008899771,5,-5.222,14.88,9.594,0.06400000000000183
0.000891935,1,169.4,-163.8,5.605,-0.005000000000006111
0.000891935,3,78.35,-78.35,0.0,0.0
0.000891935,2,169.7,-164.0,5.634,0.06599999999998829
0.000891935,4,78.43,-78.43,0.0,0.0
0.000891935,5,-5.223,14.88,9.602,0.054999999999999716
0.0008939894,1,169.4,-163.8,5.605,-0.005000000000006111
0.0008939894,3,78.49,-78.49,0.0,0.0
0.0008939894,2,169.7,-164.0,5.634,0.06599999999998829
0.0008939894,4,78.57,-78.57,0.0,0.0
0.0008939894,5,-5.223,14.88,9.609,0.04800000000000004
0.0008959309,1,169.4,-163.8,5.605,-0.005000000000006111
0.0008959309,3,78.62,-78.61,0.0,0.010000000000005116
0.0008959309,2,169.7,-164.0,5.634,0.06599999999998829
0.0008959309,4,78.7,-78.69,0.0,0.010000000000005116
0.0008959309,5,-5.221,14.87,9.616,0.032999999999999474
0.0008979743,1,169.4,-163.8,5.605,-0.005000000000006111
0.0008979743,3,78.75,-78.75,0.0,0.0
0.0008979743,2,169.7,-164.0,5.634,0.06599999999998829
0.0008979743,4,78.83,-78.83,0.0,0.0
0.0008979743,5,-5.215,14.87,9.623,0.03200000000000003
0.000899941,1,169.4,-163.8,5.605,-0.005000000000006111
0.000899941,3,78.88,-78.88,0.0,0.0
0.000899941,2,169.7,-164.0,5.634,0.06599999999998829
0.000899941,4,78.96,-78.96,0.0,0.0
0.000899941,5,-5.205,14.86,9.63,0.02499999999999858
0.0009019984,1,169.4,-163.8,5.605,-0.005000000000006111
0.0009019984,3,79.01,-79.01,0.0,0.0
0.0009019984,2,169.7,-164.0,5.634,0.06599999999998829
0.0009019984,4,79.09,-79.09,0.0,0.0
0.0009019984,5,-5.186,14.84,9.637,0.01699999999999946
0.0009039658,1,169.4,-163.8,5.605,-0.005000000000006111
0.0009039658,3,79.14,-79.14,0.0,0.0
0.0009039658,2,169.7,-164.0,5.634,0.06599999999998829
0.0009039658,4,79.22,-79.22,0.0,0.0
0.0009039658,5,-5.161,14.82,9.644,0.015000000000000568
0.0009059328,1,169.4,-163.8,5.605,-0.005000000000006111
0.0009059328,3,79.27,-79.27,0.0,0.0
0.0009059328,2,169.7,-164.0,5.634,0.06599999999998829
0.0009059328,4,79.35,-79.35,0.0,0.0
0.0009059328,5,-5.132,14.8,9.65,0.018000000000000682
0.0009079847,1,169.4,-163.8,5.605,-0.005000000000006111
0.0009079847,3,79.4,-79.4,0.0,0.0
0.0009079847,2,169.7,-164.0,5.634,0.06599999999998829
0.0009079847,4,79.49,-79.48,0.0,0.009999999999990905
0.0009079847,5,-5.099,14.77,9.657,0.013999999999999346
0.0009099356,1,169.4,-163.8,5.605,-0.005000000000006111
0.0009099356,3,79.53,-79.53,0.0,0.0
0.0009099356,2,169.7,-164.0,5.634,0.06599999999998829
0.0009099356,4,79.61,-79.61,0.0,0.0
0.0009099356,5,-5.066,14.75,9.663,0.021000000000000796
0.0009119833,1,169.4,-163.8,5.605,-0.005000000000006111
0.0009119833,3,79.66,-79.66,0.0,0.0
0.0009119833,2,169.7,-164.0,5.634,0.06599999999998829
0.0009119833,4,79.75,-79.74,0.0,0.010000000000005116
0.0009119833,5,-5.03,14.72,9.669,0.021000000000000796
0.0009139399,1,169.4,-163.8,5.605,-0.005000000000006111
0.0009139399,3,79.79,-79.79,0.0,0.0
0.0009139399,2,169.7,-164.0,5.634,0.06599999999998829
0.0009139399,4,79.87,-79.87,0.0,0.0
0.0009139399,5,-4.993,14.69,9.674,0.022999999999999687
0.0009159236,1,169.4,-163.8,5.605,-0.005000000000006111
0.0009159236,3,79.92,-79.92,0.0,0.0
0.0009159236,2,169.7,-164.0,5.634,0.06599999999998829
0.0009159236,4,80.0,-80.0,0.0,0.0
0.0009159236,5,-4.956,14.65,9.68,0.013999999999999346
0.0009179269,1,169.4,-163.8,5.605,-0.005000000000006111
0.0009179269,3,80.05,-80.05,0.0,0.0
0.0009179269,2,169.7,-164.0,5.634,0.06599999999998829
0.0009179269,4,80.13,-80.13,0.0,0.0
0.0009179269,5,-4.922,14.63,9.685,0.023000000000001464
0.00091998,1,169.4,-163.8,5.605,-0.005000000000006111
0.00091998,3,80.18,-80.18,0.0,0.0
0.00091998,2,169.7,-164.0,5.634,0.06599999999998829
0.00091998,4,80.26,-80.26,0.0,0.0
0.00091998,5,-4.89,14.6,9.692,0.018000000000000682
0.0009219581,1,169.4,-163.8,5.605,-0.005000000000006111
0.0009219581,3,80.31,-80.3,0.0,0.010000000000005116
0.0009219581,2,169.7,-164.0,5.634,0.06599999999998829
0.0009219581,4,80.39,-80.39,0.0,0.0
0.0009219581,5,-4.865,14.58,9.697,0.018000000000000682
0.0009239175,1,169.4,-163.8,5.605,-0.005000000000006111
0.0009239175,3,80.43,-80.43,0.0,0.0
0.0009239175,2,169.7,-164.0,5.634,0.06599999999998829
0.0009239175,4,80.52,-80.51,0.0,0.009999999999990905
0.0009239175,5,-4.842,14.57,9.703,0.02500000000000213
0.0009259659,1,169.4,-163.8,5.605,-0.005000000000006111
0.0009259659,3,80.57,-80.56,0.0,0.009999999999990905
0.0009259659,2,169.7,-164.0,5.634,0.06599999999998829
0.0009259659,4,80.65,-80.64,0.0,0.010000000000005116
0.0009259659,5,-4.818,14.57,9.71,0.041999999999999815
0.0009279246,1,169.4,-163.8,5.605,-0.005000000000006111
0.0009279246,3,80.69,-80.69,0.0,0.0
0.0009279246,2,169.7,-164.0,5.634,0.06599999999998829
0.0009279246,4,80.77,-80.77,0.0,0.0
0.0009279246,5,-4.797,14.56,9.717,0.04600000000000115
0.0009299759,1,169.4,-163.8,5.605,-0.005000000000006111
0.0009299759,3,80.82,-80.82,0.0,0.0
0.0009299759,2,169.7,-164.0,5.634,0.06599999999998829
0.0009299759,4,80.9,-80.9,0.0,0.0
0.0009299759,5,-4.774,14.56,9.723,0.06300000000000061
0.0009319398,1,169.4,-163.8,5.605,-0.005000000000006111
0.0009319398,3,80.95,-80.94,0.0,0.010000000000005116
0.0009319398,2,169.7,-164.0,5.634,0.06599999999998829
0.0009319398,4,81.03,-81.03,0.0,0.0
0.0009319398,5,-4.749,14.56,9.729,0.08200000000000074
0.0009339841,1,169.4,-163.8,5.605,-0.005000000000006111
0.0009339841,3,81.08,-81.07,0.0,0.010000000000005116
0.0009339841,2,169.7,-164.0,5.634,0.06599999999998829
0.0009339841,4,81.16,-81.16,0.0,0.0
0.0009339841,5,-4.719,14.55,9.736,0.09499999999999886
0.0009359337,1,169.4,-163.8,5.605,-0.005000000000006111
0.0009359337,3,81.2,-81.2,0.0,0.0
0.0009359337,2,169.7,-164.0,5.634,0.06599999999998829
0.0009359337,4,81.28,-81.28,0.0,0.0
0.0009359337,5,-4.683,14.54,9.743,0.11399999999999899
0.0009379602,1,169.4,-163.8,5.605,-0.005000000000006111
0.0009379602,3,81.33,-81.33,0.0,0.0
0.0009379602,2,169.7,-164.0,5.634,0.06599999999998829
0.0009379602,4,81.41,-81.41,0.0,0.0
0.0009379602,5,-4.633,14.52,9.752,0.1349999999999998
0.0009399363,1,169.4,-163.8,5.605,-0.005000000000006111
0.0009399363,3,81.46,-81.45,0.0,0.009999999999990905
0.0009399363,2,169.7,-164.0,5.634,0.06599999999998829
0.0009399363,4,81.54,-81.54,0.0,0.0
0.0009399363,5,-4.568,14.48,9.763,0.1490000000000009
0.0009419134,1,169.4,-163.8,5.605,-0.005000000000006111
0.0009419134,3,81.58,-81.58,0.0,0.0
0.0009419134,2,169.7,-164.0,5.634,0.06599999999998829
0.0009419134,4,81.66,-81.66,0.0,0.0
0.0009419134,5,-4.495,14.44,9.774,0.17100000000000115
0.0009439761,1,169.4,-163.8,5.605,-0.005000000000006111
0.0009439761,3,81.71,-81.71,0.0,0.0
0.0009439761,2,169.7,-164.0,5.634,0.06599999999998829
0.0009439761,4,81.8,-81.79,0.0,0.009999999999990905
0.0009439761,5,-4.412,14.39,9.786,0.19200000000000195
0.0009459445,1,169.4,-163.8,5.605,-0.005000000000006111
0.0009459445,3,81.84,-81.83,0.0,0.010000000000005116
0.0009459445,2,169.7,-164.0,5.634,0.06599999999998829
0.0009459445,4,81.92,-81.92,0.0,0.0
0.0009459445,5,-4.327,14.33,9.798,0.20500000000000007
0.0009479121,1,169.4,-163.8,5.605,-0.005000000000006111
0.0009479121,3,81.96,-81.96,0.0,0.0
0.0009479121,2,169.7,-164.0,5.634,0.06599999999998829
0.0009479121,4,82.04,-82.04,0.0,0.0
0.0009479121,5,-4.239,14.26,9.811,0.21000000000000085
0.0009499582,1,169.4,-163.8,5.605,-0.005000000000006111
0.0009499582,3,82.09,-82.09,0.0,0.0
0.0009499582,2,169.7,-164.0,5.634,0.06599999999998829
0.0009499582,4,82.17,-82.17,0.0,0.0
0.0009499582,5,-4.143,14.19,9.826,0.22100000000000009
0.0009519702,1,169.4,-163.8,5.605,-0.005000000000006111
0.0009519702,3,82.22,-82.21,0.0,0.010000000000005116
0.0009519702,2,169.7,-164.0,5.634,0.06599999999998829
0.0009519702,4,82.3,-82.3,0.0,0.0
0.0009519702,5,-4.046,14.12,9.843,0.2309999999999981
0.0009539901,1,169.4,-163.8,5.605,-0.005000000000006111
0.0009539901,3,82.34,-82.34,0.0,0.0
0.0009539901,2,169.7,-164.0,5.634,0.06599999999998829
0.0009539901,4,82.43,-82.42,0.0,0.010000000000005116
0.0009539901,5,-3.951,14.05,9.861,0.23799999999999955
0.0009559518,1,169.4,-163.8,5.605,-0.005000000000006111
0.0009559518,3,82.47,-82.46,0.0,0.010000000000005116
0.0009559518,2,169.7,-164.0,5.634,0.06599999999998829
0.0009559518,4,82.55,-82.55,0.0,0.0
0.0009559518,5,-3.864,13.98,9.877,0.238999999999999
0.0009579139,1,169.4,-163.8,5.605,-0.005000000000006111
0.0009579139,3,82.59,-82.59,0.0,0.0
0.0009579139,2,169.7,-164.0,5.634,0.06599999999998829
0.0009579139,4,82.67,-82.67,0.0,0.0
0.0009579139,5,-3.785,13.91,9.89,0.23499999999999943
0.0009599417,1,169.4,-163.8,5.605,-0.005000000000006111
0.0009599417,3,82.72,-82.71,0.0,0.010000000000005116
0.0009599417,2,169.7,-164.0,5.634,0.06599999999998829
0.0009599417,4,82.8,-82.8,0.0,0.0
0.0009599417,5,-3.712,13.84,9.901,0.2270000000000003
0.0009619548,1,169.4,-163.8,5.605,-0.005000000000006111
0.0009619548,3,82.84,-82.84,0.0,0.0
0.0009619548,2,169.7,-164.0,5.634,0.06599999999998829
0.0009619548,4,82.92,-82.92,0.0,0.0
0.0009619548,5,-3.647,13.78,9.91,0.22299999999999898
0.0009639242,1,169.4,-163.8,5.605,-0.005000000000006111
0.0009639242,3,82.96,-82.96,0.0,0.0
0.0009639242,2,169.7,-164.0,5.634,0.06599999999998829
0.0009639242,4,83.05,-83.04,0.0,0.009999999999990905
0.0009639242,5,-3.586,13.73,9.917,0.2270000000000003
0.0009659863,1,169.4,-163.8,5.605,-0.005000000000006111
0.0009659863,3,83.09,-83.09,0.0,0.0
0.0009659863,2,169.7,-164.0,5.634,0.06599999999998829
0.0009659863,4,83.18,-83.17,0.0,0.010000000000005116
0.0009659863,5,-3.524,13.67,9.923,0.22300000000000075
0.0009679725,1,169.4,-163.8,5.605,-0.005000000000006111
0.0009679725,3,83.21,-83.21,0.0,0.0
0.0009679725,2,169.7,-164.0,5.634,0.06599999999998829
0.0009679725,4,83.3,-83.3,0.0,0.0
0.0009679725,5,-3.466,13.62,9.928,0.2259999999999991
0.0009699457,1,169.4,-163.8,5.605,-0.005000000000006111
0.0009699457,3,83.34,-83.33,0.0,0.010000000000005116
0.0009699457,2,169.7,-164.0,5.634,0.06599999999998829
0.0009699457,4,83.42,-83.42,0.0,0.0
0.0009699457,5,-3.41,13.56,9.931,0.2190000000000012
0.0009719928,1,169.4,-163.8,5.605,-0.005000000000006111
0.0009719928,3,83.46,-83.46,0.0,0.0
0.0009719928,2,169.7,-164.0,5.634,0.06599999999998829
0.0009719928,4,83.55,-83.55,0.0,0.0
0.0009719928,5,-3.35,13.5,9.935,0.21499999999999986
0.000973977,1,169.4,-163.8,5.605,-0.005000000000006111
0.000973977,3,83.59,-83.58,0.0,0.010000000000005116
0.000973977,2,169.7,-164.0,5.634,0.06599999999998829
0.000973977,4,83.67,-83.67,0.0,0.0
0.000973977,5,-3.293,13.44,9.94,0.20699999999999896
0.0009759491,1,169.4,-163.8,5.605,-0.005000000000006111
0.0009759491,3,83.71,-83.71,0.0,0.0
0.0009759491,2,169.7,-164.0,5.634,0.06599999999998829
0.0009759491,4,83.79,-83.79,0.0,0.0
0.0009759491,5,-3.239,13.39,9.946,0.20500000000000007
0.0009779182,1,169.4,-163.8,5.605,-0.005000000000006111
0.0009779182,3,83.83,-83.83,0.0,0.0
0.0009779182,2,169.7,-164.0,5.634,0.06599999999998829
0.0009779182,4,83.91,-83.91,0.0,0.0
0.0009779182,5,-3.192,13.35,9.956,0.20199999999999996
0.0009799731,1,169.4,-163.8,5.605,-0.005000000000006111
0.0009799731,3,83.96,-83.95,0.0,0.009999999999990905
0.0009799731,2,169.7,-164.0,5.634,0.06599999999998829
0.0009799731,4,84.04,-84.04,0.0,0.0
0.0009799731,5,-3.152,13.32,9.969,0.19899999999999984
0.0009819349,1,169.4,-163.8,5.605,-0.005000000000006111
0.0009819349,3,84.08,-84.07,0.0,0.010000000000005116
0.0009819349,2,169.7,-164.0,5.634,0.06599999999998829
0.0009819349,4,84.16,-84.16,0.0,0.0
0.0009819349,5,-3.126,13.31,9.985,0.19900000000000162
0.0009839789,1,169.4,-163.8,5.605,-0.005000000000006111
0.0009839789,3,84.2,-84.2,0.0,0.0
0.0009839789,2,169.7,-164.0,5.634,0.06599999999998829
0.0009839789,4,84.29,-84.28,0.0,0.010000000000005116
0.0009839789,5,-3.113,13.33,10.0,0.21700000000000053
0.0009859425,1,169.4,-163.8,5.605,-0.005000000000006111
0.0009859425,3,84.32,-84.32,0.0,0.0
0.0009859425,2,169.7,-164.0,5.634,0.06599999999998829
0.0009859425,4,84.41,-84.4,0.0,0.009999999999990905
0.0009859425,5,-3.115,13.36,10.02,0.22499999999999964
0.0009879896,1,169.4,-163.8,5.605,-0.005000000000006111
0.0009879896,3,84.45,-84.44,0.0,0.010000000000005116
0.0009879896,2,169.7,-164.0,5.634,0.06599999999998829
0.0009879896,4,84.53,-84.53,0.0,0.0
0.0009879896,5,-3.13,13.41,10.04,0.240000000000002
0.0009899407,1,169.4,-163.8,5.605,-0.005000000000006111
0.0009899407,3,84.57,-84.56,0.0,0.009999999999990905
0.0009899407,2,169.7,-164.0,5.634,0.06599999999998829
0.0009899407,4,84.65,-84.65,0.0,0.0
0.0009899407,5,-3.16,13.48,10.07,0.25
0.0009919659,1,169.4,-163.8,5.605,-0.005000000000006111
0.0009919659,3,84.69,-84.69,0.0,0.0
0.0009919659,2,169.7,-164.0,5.634,0.06599999999998829
0.0009919659,4,84.78,-84.77,0.0,0.010000000000005116
0.0009919659,5,-3.212,13.57,10.09,0.2680000000000007
0.0009939238,1,169.4,-163.8,5.605,-0.005000000000006111
0.0009939238,3,84.81,-84.81,0.0,0.0
0.0009939238,2,169.7,-164.0,5.634,0.06599999999998829
0.0009939238,4,84.89,-84.89,0.0,0.0
0.0009939238,5,-3.284,13.66,10.12,0.256000000000002
0.0009959867,1,169.4,-163.8,5.605,-0.005000000000006111
0.0009959867,3,84.93,-84.93,0.0,0.0
0.0009959867,2,169.7,-164.0,5.634,0.06599999999998829
0.0009959867,4,85.02,-85.02,0.0,0.0
0.0009959867,5,-3.385,13.79,10.14,0.2649999999999988
0.0009979581,1,169.4,-163.8,5.605,-0.005000000000006111
0.0009979581,3,85.05,-85.05,0.0,0.0
0.0009979581,2,169.7,-164.0,5.634,0.06599999999998829
0.0009979581,4,85.14,-85.14,0.0,0.0
0.0009979581,5,-3.506,13.94,10.16,0.27399999999999913
0.0009999273,1,169.4,-163.8,5.605,-0.005000000000006111
0.0009999273,3,85.17,-85.17,0.0,0.0
0.0009999273,2,169.7,-164.0,5.634,0.06599999999998829
0.0009999273,4,85.26,-85.26,0.0,0.0
0.0009999273,5,-3.648,14.11,10.18,0.28200000000000003
0.001001982,1,169.4,-163.8,5.605,-0.005000000000006111
0.001001982,3,85.3,-85.29,0.0,0.009999999999990905
0.001001982,2,169.7,-164.0,5.634,0.06599999999998829
0.001001982,4,85.38,-85.38,0.0,0.0
0.001001982,5,-3.815,14.31,10.21,0.28500000000000014
0.001003945,1,169.4,-163.8,5.605,-0.005000000000006111
0.001003945,3,85.42,-85.41,0.0,0.010000000000005116
0.001003945,2,169.7,-164.0,5.634,0.06599999999998829
0.001003945,4,85.5,-85.5,0.0,0.0
0.001003945,5,-3.989,14.52,10.23,0.3009999999999984
0.001005996,1,169.4,-163.8,5.605,-0.005000000000006111
0.001005996,3,85.54,-85.54,0.0,0.0
0.001005996,2,169.7,-164.0,5.634,0.06599999999998829
0.001005996,4,85.63,-85.62,0.0,0.009999999999990905
0.001005996,5,-4.184,14.77,10.26,0.32599999999999874
0.001007957,1,169.4,-163.8,5.605,-0.005000000000006111
0.001007957,3,85.66,-85.65,0.0,0.009999999999990905
0.001007957,2,169.7,-164.0,5.634,0.06599999999998829
0.001007957,4,85.74,-85.74,0.0,0.0
0.001007957,5,-4.38,15.02,10.28,0.3600000000000012
0.001009918,1,169.4,-163.8,5.605,-0.005000000000006111
0.001009918,3,85.77,-85.77,0.0,0.0
0.001009918,2,169.7,-164.0,5.634,0.06599999999998829
0.001009918,4,85.86,-85.86,0.0,0.0
0.001009918,5,-4.583,15.29,10.31,0.39699999999999847
0.00101196,1,169.4,-163.8,5.605,-0.005000000000006111
0.00101196,3,85.9,-85.89,0.0,0.010000000000005116
0.00101196,2,169.7,-164.0,5.634,0.06599999999998829
0.00101196,4,85.98,-85.98,0.0,0.0
0.00101196,5,-4.801,15.57,10.34,0.42900000000000027
0.001013937,1,169.4,-163.8,5.605,-0.005000000000006111
0.001013937,3,86.02,-86.01,0.0,0.009999999999990905
0.001013937,2,169.7,-164.0,5.634,0.06599999999998829
0.001013937,4,86.1,-86.1,0.0,0.0
0.001013937,5,-5.017,15.84,10.38,0.4429999999999996
0.001015996,1,169.4,-163.8,5.605,-0.005000000000006111
0.001015996,3,86.14,-86.14,0.0,0.0
0.001015996,2,169.7,-164.0,5.634,0.06599999999998829
0.001015996,4,86.23,-86.22,0.0,0.010000000000005116
0.001015996,5,-5.243,16.12,10.41,0.4670000000000005
0.001017958,1,169.4,-163.8,5.605,-0.005000000000006111
0.001017958,3,86.26,-86.25,0.0,0.010000000000005116
0.001017958,2,169.7,-164.0,5.634,0.06599999999998829
0.001017958,4,86.34,-86.34,0.0,0.0
0.001017958,5,-5.463,16.39,10.45,0.4770000000000003
0.001019911,1,169.4,-163.8,5.605,-0.005000000000006111
0.001019911,3,86.37,-86.37,0.0,0.0
0.001019911,2,169.7,-164.0,5.634,0.06599999999998829
0.001019911,4,86.46,-86.46,0.0,0.0
0.001019911,5,-5.691,16.66,10.49,0.479000000000001
0.001021959,1,169.4,-163.8,5.605,-0.005000000000006111
0.001021959,3,86.49,-86.49,0.0,0.0
0.001021959,2,169.7,-164.0,5.634,0.06599999999998829
0.001021959,4,86.58,-86.58,0.0,0.0
0.001021959,5,-5.941,16.95,10.53,0.479000000000001
0.001023917,1,169.4,-163.8,5.605,-0.005000000000006111
0.001023917,3,86.61,-86.61,0.0,0.0
0.001023917,2,169.7,-164.0,5.634,0.06599999999998829
0.001023917,4,86.7,-86.7,0.0,0.0
0.001023917,5,-6.189,17.23,10.58,0.4610000000000003
0.001025959,1,169.4,-163.8,5.605,-0.005000000000006111
0.001025959,3,86.73,-86.73,0.0,0.0
0.001025959,2,169.7,-164.0,5.634,0.06599999999998829
0.001025959,4,86.82,-86.82,0.0,0.0
0.001025959,5,-6.453,17.53,10.63,0.44700000000000095
0.001027971,1,169.4,-163.8,5.605,-0.005000000000006111
0.001027971,3,86.85,-86.85,0.0,0.0
0.001027971,2,169.7,-164.0,5.634,0.06599999999998829
0.001027971,4,86.94,-86.94,0.0,0.0
0.001027971,5,-6.711,17.82,10.68,0.42900000000000027
0.001029935,1,169.4,-163.8,5.605,-0.005000000000006111
0.001029935,3,86.97,-86.96,0.0,0.010000000000005116
0.001029935,2,169.7,-164.0,5.634,0.06599999999998829
0.001029935,4,87.05,-87.05,0.0,0.0
0.001029935,5,-6.96,18.1,10.73,0.41000000000000014
0.001031988,1,169.4,-163.8,5.605,-0.005000000000006111
0.001031988,3,87.09,-87.09,0.0,0.0
0.001031988,2,169.7,-164.0,5.634,0.06599999999998829
0.001031988,4,87.18,-87.17,0.0,0.010000000000005116
0.001031988,5,-7.215,18.38,10.78,0.3849999999999998
0.001033943,1,169.4,-163.8,5.605,-0.005000000000006111
0.001033943,3,87.2,-87.2,0.0,0.0
0.001033943,2,169.7,-164.0,5.634,0.06599999999998829
0.001033943,4,87.29,-87.29,0.0,0.0
0.001033943,5,-7.449,18.64,10.82,0.37100000000000044
0.001035976,1,169.4,-163.8,5.605,-0.005000000000006111
0.001035976,3,87.32,-87.32,0.0,0.0
0.001035976,2,169.7,-164.0,5.634,0.06599999999998829
0.001035976,4,87.41,-87.41,0.0,0.0
0.001035976,5,-7.683,18.9,10.86,0.3569999999999993
0.001037923,1,169.4,-163.8,5.605,-0.005000000000006111
0.001037923,3,87.44,-87.43,0.0,0.009999999999990905
0.001037923,2,169.7,-164.0,5.634,0.06599999999998829
0.001037923,4,87.53,-87.52,0.0,0.010000000000005116
0.001037923,5,-7.841,19.16,10.89,0.4289999999999985
0.001039955,1,169.4,-163.8,5.605,-0.005000000000006111
0.001039955,3,87.56,-87.55,0.0,0.010000000000005116
0.001039955,2,169.7,-164.0,5.634,0.06599999999998829
0.001039955,4,87.65,-87.64,0.0,0.010000000000005116
0.001039955,5,-7.879,19.42,10.96,0.5810000000000013
0.001041987,1,169.4,-163.8,5.605,-0.005000000000006111
0.001041987,3,87.68,-87.67,0.0,0.010000000000005116
0.001041987,2,169.7,-164.0,5.634,0.06599999999998829
0.001041987,4,87.76,-87.76,0.0,0.0
0.001041987,5,-7.933,19.63,11.04,0.657
0.00104393,1,169.4,-163.8,5.605,-0.005000000000006111
0.00104393,3,87.79,-87.79,0.0,0.0
0.00104393,2,169.7,-164.0,5.634,0.06599999999998829
0.00104393,4,87.88,-87.88,0.0,0.0
0.00104393,5,-8.037,19.81,11.12,0.6529999999999987
0.001045961,1,169.4,-163.8,5.605,-0.005000000000006111
0.001045961,3,87.91,-87.91,0.0,0.0
0.001045961,2,169.7,-164.0,5.634,0.06599999999998829
0.001045961,4,88.0,-87.99,0.0,0.010000000000005116
0.001045961,5,-8.164,20.02,11.2,0.6560000000000006
0.001047924,1,169.4,-163.8,5.605,-0.005000000000006111
0.001047924,3,88.02,-88.02,0.0,0.0
0.001047924,2,169.7,-164.0,5.634,0.06599999999998829
0.001047924,4,88.11,-88.11,0.0,0.0
0.001047924,5,-8.262,20.21,11.29,0.6580000000000013
0.001049947,1,169.4,-163.8,5.605,-0.005000000000006111
0.001049947,3,88.14,-88.14,0.0,0.0
0.001049947,2,169.7,-164.0,5.634,0.06599999999998829
0.001049947,4,88.23,-88.23,0.0,0.0
0.001049947,5,-8.341,20.33,11.37,0.6189999999999998
0.001051993,1,169.4,-163.8,5.605,-0.005000000000006111
0.001051993,3,88.26,-88.26,0.0,0.0
0.001051993,2,169.7,-164.0,5.634,0.06599999999998829
0.001051993,4,88.35,-88.35,0.0,0.0
0.001051993,5,-8.406,20.44,11.46,0.5739999999999998
0.001053961,1,169.4,-163.8,5.605,-0.005000000000006111
0.001053961,3,88.37,-88.37,0.0,0.0
0.001053961,2,169.7,-164.0,5.634,0.06599999999998829
0.001053961,4,88.46,-88.46,0.0,0.0
0.001053961,5,-8.467,20.54,11.54,0.5329999999999995
0.001055926,1,169.4,-163.8,5.605,-0.005000000000006111
0.001055926,3,88.49,-88.49,0.0,0.0
0.001055926,2,169.7,-164.0,5.634,0.06599999999998829
0.001055926,4,88.58,-88.57,0.0,0.010000000000005116
0.001055926,5,-8.489,20.61,11.61,0.5109999999999992
0.001057982,1,169.4,-163.8,5.605,-0.005000000000006111
0.001057982,3,88.61,-88.6,0.0,0.010000000000005116
0.001057982,2,169.7,-164.0,5.634,0.06599999999998829
0.001057982,4,88.7,-88.69,0.0,0.010000000000005116
0.001057982,5,-8.45,20.67,11.69,0.5300000000000029
0.00105995,1,169.4,-163.8,5.605,-0.005000000000006111
0.00105995,3,88.72,-88.72,0.0,0.0
0.00105995,2,169.7,-164.0,5.634,0.06599999999998829
0.00105995,4,88.81,-88.81,0.0,0.0
0.00105995,5,-8.391,20.71,11.77,0.5490000000000013
0.001061925,1,169.4,-163.8,5.605,-0.005000000000006111
0.001061925,3,88.83,-88.83,0.0,0.0
0.001061925,2,169.7,-164.0,5.634,0.06599999999998829
0.001061925,4,88.92,-88.92,0.0,0.0
0.001061925,5,-8.329,20.76,11.85,0.5810000000000013
0.001063982,1,169.4,-163.8,5.605,-0.005000000000006111
0.001063982,3,88.95,-88.95,0.0,0.0
0.001063982,2,169.7,-164.0,5.634,0.06599999999998829
0.001063982,4,89.04,-89.04,0.0,0.0
0.001063982,5,-8.26,20.81,11.93,0.6199999999999992
0.001065939,1,169.4,-163.8,5.605,-0.005000000000006111
0.001065939,3,89.07,-89.06,0.0,0.009999999999990905
0.001065939,2,169.7,-164.0,5.634,0.06599999999998829
0.001065939,4,89.16,-89.15,0.0,0.009999999999990905
0.001065939,5,-8.17,20.82,12.0,0.6500000000000004
0.001067971,1,169.4,-163.8,5.605,-0.005000000000006111
0.001067971,3,89.18,-89.18,0.0,0.0
0.001067971,2,169.7,-164.0,5.634,0.06599999999998829
0.001067971,4,89.27,-89.27,0.0,0.0
0.001067971,5,-8.036,20.8,12.07,0.6940000000000008
0.001069924,1,169.4,-163.8,5.605,-0.005000000000006111
0.001069924,3,89.29,-89.29,0.0,0.0
0.001069924,2,169.7,-164.0,5.634,0.06599999999998829
0.001069924,4,89.38,-89.38,0.0,0.0
0.001069924,5,-7.923,20.74,12.14,0.6769999999999978
0.001071967,1,169.4,-163.8,5.605,-0.005000000000006111
0.001071967,3,89.41,-89.41,0.0,0.0
0.001071967,2,169.7,-164.0,5.634,0.06599999999998829
0.001071967,4,89.5,-89.5,0.0,0.0
0.001071967,5,-7.799,20.65,12.19,0.6609999999999996
0.001073984,1,169.4,-163.8,5.605,-0.005000000000006111
0.001073984,3,89.53,-89.52,0.0,0.010000000000005116
0.001073984,2,169.7,-164.0,5.634,0.06599999999998829
0.001073984,4,89.62,-89.61,0.0,0.010000000000005116
0.001073984,5,-7.698,20.58,12.25,0.6319999999999979
0.001075933,1,169.4,-163.8,5.605,-0.005000000000006111
0.001075933,3,89.64,-89.63,0.0,0.010000000000005116
0.001075933,2,169.7,-164.0,5.634,0.06599999999998829
0.001075933,4,89.73,-89.72,0.0,0.010000000000005116
0.001075933,5,-7.622,20.53,12.29,0.6180000000000021
0.001077986,1,169.4,-163.8,5.605,-0.005000000000006111
0.001077986,3,89.75,-89.75,0.0,0.0
0.001077986,2,169.7,-164.0,5.634,0.06599999999998829
0.001077986,4,89.84,-89.84,0.0,0.0
0.001077986,5,-7.578,20.53,12.35,0.6020000000000021
0.001079943,1,169.4,-163.8,5.605,-0.005000000000006111
0.001079943,3,89.87,-89.86,0.0,0.010000000000005116
0.001079943,2,169.7,-164.0,5.634,0.06599999999998829
0.001079943,4,89.96,-89.95,0.0,0.009999999999990905
0.001079943,5,-7.565,20.55,12.4,0.5849999999999991
0.001081951,1,169.4,-163.8,5.605,-0.005000000000006111
0.001081951,3,89.98,-89.98,0.0,0.0
0.001081951,2,169.7,-164.0,5.634,0.06599999999998829
0.001081951,4,90.07,-90.07,0.0,0.0
0.001081951,5,-7.57,20.61,12.45,0.5899999999999999
0.001083972,1,169.4,-163.8,5.605,-0.005000000000006111
0.001083972,3,90.09,-90.09,0.0,0.0
0.001083972,2,169.7,-164.0,5.634,0.06599999999998829
0.001083972,4,90.19,-90.18,0.0,0.009999999999990905
0.001083972,5,-7.592,20.69,12.51,0.5880000000000027
0.00108593,1,169.4,-163.8,5.605,-0.005000000000006111
0.00108593,3,90.21,-90.2,0.0,0.009999999999990905
0.00108593,2,169.7,-164.0,5.634,0.06599999999998829
0.00108593,4,90.3,-90.29,0.0,0.009999999999990905
0.00108593,5,-7.615,20.77,12.58,0.5749999999999993
0.001087973,1,169.4,-163.8,5.605,-0.005000000000006111
0.001087973,3,90.32,-90.32,0.0,0.0
0.001087973,2,169.7,-164.0,5.634,0.06599999999998829
0.001087973,4,90.41,-90.41,0.0,0.0
0.001087973,5,-7.608,20.84,12.65,0.581999999999999
0.001089915,1,169.4,-163.8,5.605,-0.005000000000006111
0.001089915,3,90.43,-90.43,0.0,0.0
0.001089915,2,169.7,-164.0,5.634,0.06599999999998829
0.001089915,4,90.52,-90.52,0.0,0.0
0.001089915,5,-7.557,20.9,12.73,0.6129999999999978
0.001091942,1,169.4,-163.8,5.605,-0.005000000000006111
0.001091942,3,90.55,-90.54,0.0,0.009999999999990905
0.001091942,2,169.7,-164.0,5.634,0.06599999999998829
0.001091942,4,90.64,-90.63,0.0,0.010000000000005116
0.001091942,5,-7.473,20.94,12.81,0.6570000000000018
0.001093972,1,169.4,-163.8,5.605,-0.005000000000006111
0.001093972,3,90.66,-90.66,0.0,0.0
0.001093972,2,169.7,-164.0,5.634,0.06599999999998829
0.001093972,4,90.75,-90.75,0.0,0.0
0.001093972,5,-7.382,20.96,12.89,0.6880000000000006
0.001095998,1,169.4,-163.8,5.605,-0.005000000000006111
0.001095998,3,90.77,-90.77,0.0,0.0
0.001095998,2,169.7,-164.0,5.634,0.06599999999998829
0.001095998,4,90.86,-90.86,0.0,0.0
0.001095998,5,-7.296,20.97,12.97,0.7039999999999988
0.001097941,1,169.4,-163.8,5.605,-0.005000000000006111
0.001097941,3,90.88,-90.88,0.0,0.0
0.001097941,2,169.7,-164.0,5.634,0.06599999999998829
0.001097941,4,90.97,-90.97,0.0,0.0
0.001097941,5,-7.229,20.99,13.04,0.7210000000000001
0.001099991,1,169.4,-163.8,5.605,-0.005000000000006111
0.001099991,3,91.0,-90.99,0.0,0.010000000000005116
0.001099991,2,169.7,-164.0,5.634,0.06599999999998829
0.001099991,4,91.09,-91.09,0.0,0.0
0.001099991,5,-7.183,21.03,13.12,0.7270000000000021
0.001101939,1,169.4,-163.8,5.605,-0.005000000000006111
0.001101939,3,91.11,-91.1,0.0,0.010000000000005116
0.001101939,2,169.7,-164.0,5.634,0.06599999999998829
0.001101939,4,91.2,-91.19,0.0,0.010000000000005116
0.001101939,5,-7.165,21.1,13.18,0.7550000000000026
0.001103986,1,169.4,-163.8,5.605,-0.005000000000006111
0.001103986,3,91.22,-91.22,0.0,0.0
0.001103986,2,169.7,-164.0,5.634,0.06599999999998829
0.001103986,4,91.31,-91.31,0.0,0.0
0.001103986,5,-7.167,21.17,13.23,0.7730000000000015
0.001105963,1,169.4,-163.8,5.605,-0.005000000000006111
0.001105963,3,91.33,-91.33,0.0,0.0
0.001105963,2,169.7,-164.0,5.634,0.06599999999998829
0.001105963,4,91.42,-91.42,0.0,0.0
0.001105963,5,-7.179,21.24,13.27,0.7909999999999986
0.00110793,1,169.4,-163.8,5.605,-0.005000000000006111
0.00110793,3,91.44,-91.44,0.0,0.0
0.00110793,2,169.7,-164.0,5.634,0.06599999999998829
0.00110793,4,91.53,-91.53,0.0,0.0
0.00110793,5,-7.189,21.28,13.31,0.7810000000000006
0.001109955,1,169.4,-163.8,5.605,-0.005000000000006111
0.001109955,3,91.55,-91.55,0.0,0.0
0.001109955,2,169.7,-164.0,5.634,0.06599999999998829
0.001109955,4,91.64,-91.64,0.0,0.0
0.001109955,5,-7.176,21.31,13.34,0.7939999999999987
0.001111915,1,169.4,-163.8,5.605,-0.005000000000006111
0.001111915,3,91.66,-91.66,0.0,0.0
0.001111915,2,169.7,-164.0,5.634,0.06599999999998829
0.001111915,4,91.75,-91.75,0.0,0.0
0.001111915,5,-7.144,21.3,13.37,0.7860000000000014
0.001113964,1,169.4,-163.8,5.605,-0.005000000000006111
0.001113964,3,91.77,-91.77,0.0,0.0
0.001113964,2,169.7,-164.0,5.634,0.06599999999998829
0.001113964,4,91.87,-91.86,0.0,0.010000000000005116
0.001113964,5,-7.094,21.27,13.4,0.775999999999998
0.00111592,1,169.4,-163.8,5.605,-0.005000000000006111
0.00111592,3,91.88,-91.88,0.0,0.0
0.00111592,2,169.7,-164.0,5.634,0.06599999999998829
0.00111592,4,91.98,-91.97,0.0,0.010000000000005116
0.00111592,5,-7.045,21.21,13.42,0.745000000000001
0.00111793,1,169.4,-163.8,5.605,-0.005000000000006111
0.00111793,3,91.99,-91.99,0.0,0.0
0.00111793,2,169.7,-164.0,5.634,0.06599999999998829
0.00111793,4,92.09,-92.08,0.0,0.010000000000005116
0.00111793,5,-6.998,21.15,13.45,0.7019999999999982
0.001119944,1,169.4,-163.8,5.605,-0.005000000000006111
0.001119944,3,92.11,-92.1,0.0,0.010000000000005116
0.001119944,2,169.7,-164.0,5.634,0.06599999999998829
0.001119944,4,92.2,-92.19,0.0,0.010000000000005116
0.001119944,5,-6.95,21.09,13.47,0.6699999999999999
0.001121978,1,169.4,-163.8,5.605,-0.005000000000006111
0.001121978,3,92.22,-92.21,0.0,0.010000000000005116
0.001121978,2,169.7,-164.0,5.634,0.06599999999998829
0.001121978,4,92.31,-92.31,0.0,0.0
0.001121978,5,-6.895,21.03,13.51,0.6250000000000018
0.001123921,1,169.4,-163.8,5.605,-0.005000000000006111
0.001123921,3,92.32,-92.32,0.0,0.0
0.001123921,2,169.7,-164.0,5.634,0.06599999999998829
0.001123921,4,92.42,-92.41,0.0,0.010000000000005116
0.001123921,5,-6.842,20.97,13.53,0.5980000000000008
0.001125937,1,169.4,-163.8,5.605,-0.005000000000006111
0.001125937,3,92.44,-92.43,0.0,0.009999999999990905
0.001125937,2,169.7,-164.0,5.634,0.06599999999998829
0.001125937,4,92.53,-92.52,0.0,0.010000000000005116
0.001125937,5,-6.787,20.9,13.56,0.552999999999999
0.001127969,1,169.4,-163.8,5.605,-0.005000000000006111
0.001127969,3,92.55,-92.54,0.0,0.009999999999990905
0.001127969,2,169.7,-164.0,5.634,0.06599999999998829
0.001127969,4,92.64,-92.64,0.0,0.0
0.001127969,5,-6.733,20.84,13.58,0.5269999999999992
0.001129924,1,169.4,-163.8,5.605,-0.005000000000006111
0.001129924,3,92.65,-92.65,0.0,0.0
0.001129924,2,169.7,-164.0,5.634,0.06599999999998829
0.001129924,4,92.75,-92.74,0.0,0.010000000000005116
0.001129924,5,-6.67,20.79,13.6,0.5199999999999996
0.001131969,1,169.4,-163.8,5.605,-0.005000000000006111
0.001131969,3,92.77,-92.76,0.0,0.009999999999990905
0.001131969,2,169.7,-164.0,5.634,0.06599999999998829
0.001131969,4,92.86,-92.86,0.0,0.0
0.001131969,5,-6.582,20.71,13.61,0.5180000000000007
0.001133925,1,169.4,-163.8,5.605,-0.005000000000006111
0.001133925,3,92.87,-92.87,0.0,0.0
0.001133925,2,169.7,-164.0,5.634,0.06599999999998829
0.001133925,4,92.97,-92.96,0.0,0.010000000000005116
0.001133925,5,-6.481,20.61,13.62,0.5090000000000003
0.001135943,1,169.4,-163.8,5.605,-0.005000000000006111
0.001135943,3,92.98,-92.98,0.0,0.0
0.001135943,2,169.7,-164.0,5.634,0.06599999999998829
0.001135943,4,93.08,-93.07,0.0,0.010000000000005116
0.001135943,5,-6.361,20.5,13.63,0.5089999999999986
0.00113797,1,169.4,-163.8,5.605,-0.005000000000006111
0.00113797,3,93.09,-93.09,0.0,0.0
0.00113797,2,169.7,-164.0,5.634,0.06599999999998829
0.00113797,4,93.19,-93.18,0.0,0.009999999999990905
0.00113797,5,-6.23,20.38,13.64,0.509999999999998
0.001139928,1,169.4,-163.8,5.605,-0.005000000000006111
0.001139928,3,93.2,-93.2,0.0,0.0
0.001139928,2,169.7,-164.0,5.634,0.06599999999998829
0.001139928,4,93.29,-93.29,0.0,0.0
0.001139928,5,-6.097,20.26,13.66,0.5030000000000001
0.001141979,1,169.4,-163.8,5.605,-0.005000000000006111
0.001141979,3,93.31,-93.31,0.0,0.0
0.001141979,2,169.7,-164.0,5.634,0.06599999999998829
0.001141979,4,93.4,-93.4,0.0,0.0
0.001141979,5,-5.958,20.14,13.68,0.5020000000000007
0.001143932,1,169.4,-163.8,5.605,-0.005000000000006111
0.001143932,3,93.42,-93.41,0.0,0.010000000000005116
0.001143932,2,169.7,-164.0,5.634,0.06599999999998829
0.001143932,4,93.51,-93.51,0.0,0.0
0.001143932,5,-5.841,20.02,13.7,0.4789999999999992
0.001145967,1,169.4,-163.8,5.605,-0.005000000000006111
0.001145967,3,93.53,-93.52,0.0,0.010000000000005116
0.001145967,2,169.7,-164.0,5.634,0.06599999999998829
0.001145967,4,93.62,-93.62,0.0,0.0
0.001145967,5,-5.746,19.93,13.71,0.4739999999999984
0.001147917,1,169.4,-163.8,5.605,-0.005000000000006111
0.001147917,3,93.63,-93.63,0.0,0.0
0.001147917,2,169.7,-164.0,5.634,0.06599999999998829
0.001147917,4,93.72,-93.72,0.0,0.0
0.001147917,5,-5.677,19.86,13.73,0.4529999999999994
0.00114997,1,169.4,-163.8,5.605,-0.005000000000006111
0.00114997,3,93.74,-93.74,0.0,0.0
0.00114997,2,169.7,-164.0,5.634,0.06599999999998829
0.00114997,4,93.84,-93.83,0.0,0.010000000000005116
0.00114997,5,-5.624,19.82,13.75,0.4460000000000015
0.001151934,1,169.4,-163.8,5.605,-0.005000000000006111
0.001151934,3,93.85,-93.84,0.0,0.009999999999990905
0.001151934,2,169.7,-164.0,5.634,0.06599999999998829
0.001151934,4,93.94,-93.94,0.0,0.0
0.001151934,5,-5.589,19.8,13.77,0.4410000000000007
0.001153974,1,169.4,-163.8,5.605,-0.005000000000006111
0.001153974,3,93.96,-93.95,0.0,0.009999999999990905
0.001153974,2,169.7,-164.0,5.634,0.06599999999998829
0.001153974,4,94.05,-94.05,0.0,0.0
0.001153974,5,-5.562,19.8,13.8,0.43799999999999883
0.001155924,1,169.4,-163.8,5.605,-0.005000000000006111
0.001155924,3,94.06,-94.06,0.0,0.0
0.001155924,2,169.7,-164.0,5.634,0.06599999999998829
0.001155924,4,94.16,-94.15,0.0,0.009999999999990905
0.001155924,5,-5.543,19.81,13.82,0.4469999999999992
0.001157962,1,169.4,-163.8,5.605,-0.005000000000006111
0.001157962,3,94.17,-94.17,0.0,0.0
0.001157962,2,169.7,-164.0,5.634,0.06599999999998829
0.001157962,4,94.27,-94.26,0.0,0.009999999999990905
0.001157962,5,-5.525,19.83,13.85,0.4549999999999983
0.001159928,1,169.4,-163.8,5.605,-0.005000000000006111
0.001159928,3,94.28,-94.27,0.0,0.010000000000005116
0.001159928,2,169.7,-164.0,5.634,0.06599999999998829
0.001159928,4,94.37,-94.37,0.0,0.0
0.001159928,5,-5.508,19.84,13.87,0.4620000000000015
0.001161973,1,169.4,-163.8,5.605,-0.005000000000006111
0.001161973,3,94.39,-94.38,0.0,0.010000000000005116
0.001161973,2,169.7,-164.0,5.634,0.06599999999998829
0.001161973,4,94.48,-94.48,0.0,0.0
0.001161973,5,-5.496,19.87,13.9,0.4740000000000002
0.001163916,1,169.4,-163.8,5.605,-0.005000000000006111
0.001163916,3,94.49,-94.49,0.0,0.0
0.001163916,2,169.7,-164.0,5.634,0.06599999999998829
0.001163916,4,94.58,-94.58,0.0,0.0
0.001163916,5,-5.491,19.89,13.92,0.479000000000001
0.00116596,1,169.4,-163.8,5.605,-0.005000000000006111
0.00116596,3,94.6,-94.6,0.0,0.0
0.00116596,2,169.7,-164.0,5.634,0.06599999999998829
0.00116596,4,94.69,-94.69,0.0,0.0
0.00116596,5,-5.481,19.91,13.95,0.479000000000001
0.001167923,1,169.4,-163.8,5.605,-0.005000000000006111
0.001167923,3,94.7,-94.7,0.0,0.0
0.001167923,2,169.7,-164.0,5.634,0.06599999999998829
0.001167923,4,94.8,-94.79,0.0,0.009999999999990905
0.001167923,5,-5.456,19.92,13.98,0.48400000000000176
0.001169972,1,169.4,-163.8,5.605,-0.005000000000006111
0.001169972,3,94.81,-94.81,0.0,0.0
0.001169972,2,169.7,-164.0,5.634,0.06599999999998829
0.001169972,4,94.91,-94.9,0.0,0.009999999999990905
0.001169972,5,-5.414,19.91,14.01,0.48600000000000065
0.001171993,1,169.4,-163.8,5.605,-0.005000000000006111
0.001171993,3,94.92,-94.92,0.0,0.0
0.001171993,2,169.7,-164.0,5.634,0.06599999999998829
0.001171993,4,95.01,-95.01,0.0,0.0
0.001171993,5,-5.358,19.89,14.04,0.4920000000000009
0.001173934,1,169.4,-163.8,5.605,-0.005000000000006111
0.001173934,3,95.02,-95.02,0.0,0.0
0.001173934,2,169.7,-164.0,5.634,0.06599999999998829
0.001173934,4,95.12,-95.11,0.0,0.010000000000005116
0.001173934,5,-5.295,19.86,14.07,0.4949999999999992
0.001175983,1,169.4,-163.8,5.605,-0.005000000000006111
0.001175983,3,95.13,-95.13,0.0,0.0
0.001175983,2,169.7,-164.0,5.634,0.06599999999998829
0.001175983,4,95.22,-95.22,0.0,0.0
0.001175983,5,-5.23,19.82,14.1,0.4900000000000002
0.001177966,1,169.4,-163.8,5.605,-0.005000000000006111
0.001177966,3,95.23,-95.23,0.0,0.0
0.001177966,2,169.7,-164.0,5.634,0.06599999999998829
0.001177966,4,95.33,-95.33,0.0,0.0
0.001177966,5,-5.177,19.79,14.13,0.48299999999999876
0.001179924,1,169.4,-163.8,5.605,-0.005000000000006111
0.001179924,3,95.34,-95.34,0.0,0.0
0.001179924,2,169.7,-164.0,5.634,0.06599999999998829
0.001179924,4,95.43,-95.43,0.0,0.0
0.001179924,5,-5.13,19.78,14.16,0.490000000000002
0.001181962,1,169.4,-163.8,5.605,-0.005000000000006111
0.001181962,3,95.45,-95.44,0.0,0.010000000000005116
0.001181962,2,169.7,-164.0,5.634,0.06599999999998829
0.001181962,4,95.54,-95.54,0.0,0.0
0.001181962,5,-5.076,19.77,14.2,0.4939999999999998
0.001183931,1,169.4,-163.8,5.605,-0.005000000000006111
0.001183931,3,95.55,-95.55,0.0,0.0
0.001183931,2,169.7,-164.0,5.634,0.06599999999998829
0.001183931,4,95.64,-95.64,0.0,0.0
0.001183931,5,-5.008,19.76,14.23,0.522000000000002
0.001185988,1,169.4,-163.8,5.605,-0.005000000000006111
0.001185988,3,95.66,-95.65,0.0,0.009999999999990905
0.001185988,2,169.7,-164.0,5.634,0.06599999999998829
0.001185988,4,95.75,-95.75,0.0,0.0
0.001185988,5,-4.921,19.74,14.28,0.5389999999999997
0.001187956,1,169.4,-163.8,5.605,-0.005000000000006111
0.001187956,3,95.76,-95.76,0.0,0.0
0.001187956,2,169.7,-164.0,5.634,0.06599999999998829
0.001187956,4,95.86,-95.85,0.0,0.010000000000005116
0.001187956,5,-4.832,19.71,14.33,0.548
0.001189926,1,169.4,-163.8,5.605,-0.005000000000006111
0.001189926,3,95.86,-95.86,0.0,0.0
0.001189926,2,169.7,-164.0,5.634,0.06599999999998829
0.001189926,4,95.96,-95.96,0.0,0.0
0.001189926,5,-4.75,19.69,14.38,0.5600000000000005
0.001191979,1,169.4,-163.8,5.605,-0.005000000000006111
0.001191979,3,95.97,-95.97,0.0,0.0
0.001191979,2,169.7,-164.0,5.634,0.06599999999998829
0.001191979,4,96.07,-96.06,0.0,0.009999999999990905
0.001191979,5,-4.682,19.68,14.45,0.548
0.001193937,1,169.4,-163.8,5.605,-0.005000000000006111
0.001193937,3,96.07,-96.07,0.0,0.0
0.001193937,2,169.7,-164.0,5.634,0.06599999999998829
0.001193937,4,96.17,-96.17,0.0,0.0
0.001193937,5,-4.64,19.69,14.51,0.5400000000000009
0.001196,1,169.4,-163.8,5.605,-0.005000000000006111
0.001196,3,96.18,-96.18,0.0,0.0
0.001196,2,169.7,-164.0,5.634,0.06599999999998829
0.001196,4,96.28,-96.27,0.0,0.010000000000005116
0.001196,5,-4.618,19.72,14.57,0.5319999999999983
0.001197965,1,169.4,-163.8,5.605,-0.005000000000006111
0.001197965,3,96.28,-96.28,0.0,0.0
0.001197965,2,169.7,-164.0,5.634,0.06599999999998829
0.001197965,4,96.38,-96.38,0.0,0.0
0.001197965,5,-4.611,19.77,14.62,0.5389999999999997
0.0012,1,169.4,-163.8,5.605,-0.005000000000006111
0.0012,3,96.39,-96.39,0.0,0.0
0.0012,2,169.7,-164.0,5.634,0.06599999999998829
0.0012,4,96.48,-96.48,0.0,0.0
0.0012,5,-4.599,19.82,14.68,0.5410000000000004
0.001201943,1,169.4,-163.8,5.605,-0.005000000000006111
0.001201943,3,96.49,-96.49,0.0,0.0
0.001201943,2,169.7,-164.0,5.634,0.06599999999998829
0.001201943,4,96.58,-96.58,0.0,0.0
0.001201943,5,-4.568,19.88,14.74,0.5719999999999992
0.001203914,1,169.4,-163.8,5.605,-0.005000000000006111
0.001203914,3,96.59,-96.59,0.0,0.0
0.001203914,2,169.7,-164.0,5.634,0.06599999999998829
0.001203914,4,96.69,-96.68,0.0,0.009999999999990905
0.001203914,5,-4.524,19.94,14.8,0.6159999999999997
0.001205973,1,169.4,-163.8,5.605,-0.005000000000006111
0.001205973,3,96.7,-96.69,0.0,0.010000000000005116
0.001205973,2,169.7,-164.0,5.634,0.06599999999998829
0.001205973,4,96.79,-96.79,0.0,0.0
0.001205973,5,-4.493,20.03,14.87,0.6670000000000016
0.00120793,1,169.4,-163.8,5.605,-0.005000000000006111
0.00120793,3,96.8,-96.8,0.0,0.0
0.00120793,2,169.7,-164.0,5.634,0.06599999999998829
0.00120793,4,96.89,-96.89,0.0,0.0
0.00120793,5,-4.483,20.13,14.94,0.706999999999999
0.001209979,1,169.4,-163.8,5.605,-0.005000000000006111
0.001209979,3,96.9,-96.9,0.0,0.0
0.001209979,2,169.7,-164.0,5.634,0.06599999999998829
0.001209979,4,97.0,-97.0,0.0,0.0
0.001209979,5,-4.491,20.25,15.01,0.7490000000000006
0.001211943,1,169.4,-163.8,5.605,-0.005000000000006111
0.001211943,3,97.0,-97.0,0.0,0.0
0.001211943,2,169.7,-164.0,5.634,0.06599999999998829
0.001211943,4,97.1,-97.1,0.0,0.0
0.001211943,5,-4.513,20.39,15.07,0.8070000000000004
0.001213993,1,169.4,-163.8,5.605,-0.005000000000006111
0.001213993,3,97.11,-97.11,0.0,0.0
0.001213993,2,169.7,-164.0,5.634,0.06599999999998829
0.001213993,4,97.21,-97.2,0.0,0.009999999999990905
0.001213993,5,-4.544,20.53,15.14,0.8460000000000001
0.001215955,1,169.4,-163.8,5.605,-0.005000000000006111
0.001215955,3,97.21,-97.21,0.0,0.0
0.001215955,2,169.7,-164.0,5.634,0.06599999999998829
0.001215955,4,97.31,-97.31,0.0,0.0
0.001215955,5,-4.581,20.67,15.19,0.8990000000000027
0.00121792,1,169.4,-163.8,5.605,-0.005000000000006111
0.00121792,3,97.31,-97.31,0.0,0.0
0.00121792,2,169.7,-164.0,5.634,0.06599999999998829
0.00121792,4,97.41,-97.41,0.0,0.0
0.00121792,5,-4.625,20.81,15.24,0.9449999999999985
0.001219977,1,169.4,-163.8,5.605,-0.005000000000006111
0.001219977,3,97.42,-97.41,0.0,0.010000000000005116
0.001219977,2,169.7,-164.0,5.634,0.06599999999998829
0.001219977,4,97.51,-97.51,0.0,0.0
0.001219977,5,-4.692,20.96,15.3,0.968
0.001221945,1,169.4,-163.8,5.605,-0.005000000000006111
0.001221945,3,97.52,-97.51,0.0,0.009999999999990905
0.001221945,2,169.7,-164.0,5.634,0.06599999999998829
0.001221945,4,97.61,-97.61,0.0,0.0
0.001221945,5,-4.782,21.12,15.34,0.9980000000000011
0.001223951,1,169.4,-163.8,5.605,-0.005000000000006111
0.001223951,3,97.62,-97.62,0.0,0.0
0.001223951,2,169.7,-164.0,5.634,0.06599999999998829
0.001223951,4,97.72,-97.71,0.0,0.010000000000005116
0.001223951,5,-4.908,21.29,15.39,0.9919999999999973
0.001225965,1,169.4,-163.8,5.605,-0.005000000000006111
0.001225965,3,97.72,-97.72,0.0,0.0
0.001225965,2,169.7,-164.0,5.634,0.06599999999998829
0.001225965,4,97.82,-97.82,0.0,0.0
0.001225965,5,-5.079,21.49,15.44,0.9709999999999983
0.001227998,1,169.4,-163.8,5.605,-0.005000000000006111
0.001227998,3,97.83,-97.82,0.0,0.010000000000005116
0.001227998,2,169.7,-164.0,5.634,0.06599999999998829
0.001227998,4,97.92,-97.92,0.0,0.0
0.001227998,5,-5.277,21.73,15.49,0.9629999999999992
0.001229933,1,169.4,-163.8,5.605,-0.005000000000006111
0.001229933,3,97.92,-97.92,0.0,0.0
0.001229933,2,169.7,-164.0,5.634,0.06599999999998829
0.001229933,4,98.02,-98.02,0.0,0.0
0.001229933,5,-5.5,22.0,15.55,0.9499999999999993
0.00123195,1,169.4,-163.8,5.605,-0.005000000000006111
0.00123195,3,98.03,-98.02,0.0,0.010000000000005116
0.00123195,2,169.7,-164.0,5.634,0.06599999999998829
0.00123195,4,98.12,-98.12,0.0,0.0
0.00123195,5,-5.803,22.33,15.6,0.9269999999999978
0.001233996,1,169.4,-163.8,5.605,-0.005000000000006111
0.001233996,3,98.13,-98.13,0.0,0.0
0.001233996,2,169.7,-164.0,5.634,0.06599999999998829
0.001233996,4,98.23,-98.23,0.0,0.0
0.001233996,5,-6.171,22.7,15.66,0.8689999999999998
0.001235968,1,169.4,-163.8,5.605,-0.005000000000006111
0.001235968,3,98.23,-98.23,0.0,0.0
0.001235968,2,169.7,-164.0,5.634,0.06599999999998829
0.001235968,4,98.33,-98.33,0.0,0.0
0.001235968,5,-6.543,23.1,15.71,0.8470000000000013
0.001237928,1,169.4,-163.8,5.605,-0.005000000000006111
0.001237928,3,98.33,-98.33,0.0,0.0
0.001237928,2,169.7,-164.0,5.634,0.06599999999998829
0.001237928,4,98.43,-98.42,0.0,0.010000000000005116
0.001237928,5,-6.948,23.51,15.76,0.8020000000000014
0.001239954,1,169.4,-163.8,5.605,-0.005000000000006111
0.001239954,3,98.43,-98.43,0.0,0.0
0.001239954,2,169.7,-164.0,5.634,0.06599999999998829
0.001239954,4,98.53,-98.53,0.0,0.0
0.001239954,5,-7.451,24.02,15.8,0.7689999999999984
0.001241918,1,169.4,-163.8,5.605,-0.005000000000006111
0.001241918,3,98.53,-98.53,0.0,0.0
0.001241918,2,169.7,-164.0,5.634,0.06599999999998829
0.001241918,4,98.63,-98.63,0.0,0.0
0.001241918,5,-8.022,24.58,15.83,0.7279999999999998
0.001243979,1,169.4,-163.8,5.605,-0.005000000000006111
0.001243979,3,98.63,-98.63,0.0,0.0
0.001243979,2,169.7,-164.0,5.634,0.06599999999998829
0.001243979,4,98.73,-98.73,0.0,0.0
0.001243979,5,-8.648,25.23,15.86,0.7220000000000013
0.001245951,1,169.4,-163.8,5.605,-0.005000000000006111
0.001245951,3,98.73,-98.73,0.0,0.0
0.001245951,2,169.7,-164.0,5.634,0.06599999999998829
0.001245951,4,98.83,-98.83,0.0,0.0
0.001245951,5,-9.281,25.9,15.89,0.7289999999999992
0.001247914,1,169.4,-163.8,5.605,-0.005000000000006111
0.001247914,3,98.83,-98.83,0.0,0.0
0.001247914,2,169.7,-164.0,5.634,0.06599999999998829
0.001247914,4,98.93,-98.93,0.0,0.0
0.001247914,5,-9.938,26.59,15.92,0.7320000000000011
0.001249955,1,169.4,-163.8,5.605,-0.005000000000006111
0.001249955,3,98.93,-98.93,0.0,0.0
0.001249955,2,169.7,-164.0,5.634,0.06599999999998829
0.001249955,4,99.03,-99.03,0.0,0.0
0.001249955,5,-10.63,27.32,15.95,0.7399999999999984
0.001251921,1,169.4,-163.8,5.605,-0.005000000000006111
0.001251921,3,99.03,-99.03,0.0,0.0
0.001251921,2,169.7,-164.0,5.634,0.06599999999998829
0.001251921,4,99.13,-99.13,0.0,0.0
0.001251921,5,-11.31,28.02,15.98,0.7300000000000004
0.001253926,1,169.4,-163.8,5.605,-0.005000000000006111
0.001253926,3,99.13,-99.13,0.0,0.0
0.001253926,2,169.7,-164.0,5.634,0.06599999999998829
0.001253926,4,99.23,-99.23,0.0,0.0
0.001253926,5,-11.98,28.69,16.0,0.7100000000000009
0.001255913,1,169.4,-163.8,5.605,-0.005000000000006111
0.001255913,3,99.23,-99.23,0.0,0.0
0.001255913,2,169.7,-164.0,5.634,0.06599999999998829
0.001255913,4,99.33,-99.33,0.0,0.0
0.001255913,5,-12.62,29.31,16.03,0.6599999999999966
0.001257947,1,169.4,-163.8,5.605,-0.005000000000006111
0.001257947,3,99.33,-99.33,0.0,0.0
0.001257947,2,169.7,-164.0,5.634,0.06599999999998829
0.001257947,4,99.43,-99.43,0.0,0.0
0.001257947,5,-13.24,29.9,16.06,0.5999999999999979
0.001259985,1,169.4,-163.8,5.605,-0.005000000000006111
0.001259985,3,99.43,-99.43,0.0,0.0
0.001259985,2,169.7,-164.0,5.634,0.06599999999998829
0.001259985,4,99.53,-99.53,0.0,0.0
0.001259985,5,-13.78,30.43,16.1,0.5499999999999972
0.001261963,1,169.4,-163.8,5.605,-0.005000000000006111
0.001261963,3,99.53,-99.53,0.0,0.0
0.001261963,2,169.7,-164.0,5.634,0.06599999999998829
0.001261963,4,99.63,-99.63,0.0,0.0
0.001261963,5,-14.21,30.85,16.13,0.5100000000000016
0.001263934,1,169.4,-163.8,5.605,-0.005000000000006111
0.001263934,3,99.63,-99.63,0.0,0.0
0.001263934,2,169.7,-164.0,5.634,0.06599999999998829
0.001263934,4,99.73,-99.73,0.0,0.0
0.001263934,5,-14.55,31.17,16.17,0.4499999999999993
0.001265967,1,169.4,-163.8,5.605,-0.005000000000006111
0.001265967,3,99.73,-99.73,0.0,0.0
0.001265967,2,169.7,-164.0,5.634,0.06599999999998829
0.001265967,4,99.83,-99.83,0.0,0.0
0.001265967,5,-14.79,31.42,16.21,0.4200000000000017
0.001267929,1,169.4,-163.8,5.605,-0.005000000000006111
0.001267929,3,99.83,-99.82,0.0,0.010000000000005116
0.001267929,2,169.7,-164.0,5.634,0.06599999999998829
0.001267929,4,99.93,-99.92,0.0,0.010000000000005116
0.001267929,5,-14.96,31.61,16.25,0.3999999999999986
0.001269987,1,169.4,-163.8,5.605,-0.005000000000006111
0.001269987,3,99.93,-99.93,0.0,0.0
0.001269987,2,169.7,-164.0,5.634,0.06599999999998829
0.001269987,4,100.0,-100.0,0.0,0.0
0.001269987,5,-15.09,31.78,16.3,0.39000000000000057
0.001271954,1,169.4,-163.8,5.605,-0.005000000000006111
0.001271954,3,100.0,-100.0,0.0,0.0
0.001271954,2,169.7,-164.0,5.634,0.06599999999998829
0.001271954,4,100.1,-100.1,0.0,0.0
0.001271954,5,-15.21,31.94,16.34,0.39000000000000057
0.001273918,1,169.4,-163.8,5.605,-0.005000000000006111
0.001273918,3,100.1,-100.1,0.0,0.0
0.001273918,2,169.7,-164.0,5.634,0.06599999999998829
0.001273918,4,100.2,-100.2,0.0,0.0
0.001273918,5,-15.34,32.11,16.37,0.3999999999999986
0.001275943,1,169.4,-163.8,5.605,-0.005000000000006111
0.001275943,3,100.2,-100.2,0.0,0.0
0.001275943,2,169.7,-164.0,5.634,0.06599999999998829
0.001275943,4,100.3,-100.3,0.0,0.0
0.001275943,5,-15.46,32.27,16.41,0.40000000000000213
0.001277982,1,169.4,-163.8,5.605,-0.005000000000006111
0.001277982,3,100.3,-100.3,0.0,0.0
0.001277982,2,169.7,-164.0,5.634,0.06599999999998829
0.001277982,4,100.4,-100.4,0.0,0.0
0.001277982,5,-15.57,32.42,16.45,0.40000000000000213
0.001279937,1,169.4,-163.8,5.605,-0.005000000000006111
0.001279937,3,100.4,-100.4,0.0,0.0
0.001279937,2,169.7,-164.0,5.634,0.06599999999998829
0.001279937,4,100.5,-100.5,0.0,0.0
0.001279937,5,-15.64,32.54,16.48,0.41999999999999815
0.001281978,1,169.4,-163.8,5.605,-0.005000000000006111
0.001281978,3,100.5,-100.5,0.0,0.0
0.001281978,2,169.7,-164.0,5.634,0.06599999999998829
0.001281978,4,100.6,-100.6,0.0,0.0
0.001281978,5,-15.69,32.63,16.52,0.42000000000000526
0.001283963,1,169.4,-163.8,5.605,-0.005000000000006111
0.001283963,3,100.6,-100.6,0.0,0.0
0.001283963,2,169.7,-164.0,5.634,0.06599999999998829
0.001283963,4,100.7,-100.7,0.0,0.0
0.001283963,5,-15.69,32.68,16.55,0.4400000000000013
0.001285984,1,169.4,-163.8,5.605,-0.005000000000006111
0.001285984,3,100.7,-100.7,0.0,0.0
0.001285984,2,169.7,-164.0,5.634,0.06599999999998829
0.001285984,4,100.8,-100.8,0.0,0.0
0.001285984,5,-15.66,32.7,16.58,0.4600000000000044
0.001287929,1,169.4,-163.8,5.605,-0.005000000000006111
0.001287929,3,100.8,-100.8,0.0,0.0
0.001287929,2,169.7,-164.0,5.634,0.06599999999998829
0.001287929,4,100.9,-100.9,0.0,0.0
0.001287929,5,-15.59,32.67,16.61,0.4700000000000024
0.001289961,1,169.4,-163.8,5.605,-0.005000000000006111
0.001289961,3,100.9,-100.9,0.0,0.0
0.001289961,2,169.7,-164.0,5.634,0.06599999999998829
0.001289961,4,101.0,-101.0,0.0,0.0
0.001289961,5,-15.49,32.61,16.64,0.4799999999999969
0.001291993,1,169.4,-163.8,5.605,-0.005000000000006111
0.001291993,3,101.0,-101.0,0.0,0.0
0.001291993,2,169.7,-164.0,5.634,0.06599999999998829
0.001291993,4,101.1,-101.1,0.0,0.0
0.001291993,5,-15.38,32.54,16.67,0.4899999999999949
0.001293936,1,169.4,-163.8,5.605,-0.005000000000006111
0.001293936,3,101.1,-101.1,0.0,0.0
0.001293936,2,169.7,-164.0,5.634,0.06599999999998829
0.001293936,4,101.2,-101.2,0.0,0.0
0.001293936,5,-15.27,32.45,16.7,0.480000000000004
0.001295965,1,169.4,-163.8,5.605,-0.005000000000006111
0.001295965,3,101.2,-101.2,0.0,0.0
0.001295965,2,169.7,-164.0,5.634,0.06599999999998829
0.001295965,4,101.3,-101.3,0.0,0.0
0.001295965,5,-15.14,32.34,16.74,0.4600000000000044
0.001297993,1,169.4,-163.8,5.605,-0.005000000000006111
0.001297993,3,101.3,-101.3,0.0,0.0
0.001297993,2,169.7,-164.0,5.634,0.06599999999998829
0.001297993,4,101.4,-101.4,0.0,0.0
0.001297993,5,-14.97,32.21,16.77,0.4700000000000024
0.001299931,1,169.4,-163.8,5.605,-0.005000000000006111
0.001299931,3,101.4,-101.4,0.0,0.0
0.001299931,2,169.7,-164.0,5.634,0.06599999999998829
0.001299931,4,101.5,-101.5,0.0,0.0
0.001299931,5,-14.76,32.05,16.81,0.4800000000000004
0.00130195,1,169.4,-163.8,5.605,-0.005000000000006111
0.00130195,3,101.5,-101.5,0.0,0.0
0.00130195,2,169.7,-164.0,5.634,0.06599999999998829
0.00130195,4,101.6,-101.6,0.0,0.0
0.00130195,5,-14.49,31.85,16.85,0.509999999999998
0.001303973,1,169.4,-163.8,5.605,-0.005000000000006111
0.001303973,3,101.6,-101.6,0.0,0.0
0.001303973,2,169.7,-164.0,5.634,0.06599999999998829
0.001303973,4,101.7,-101.7,0.0,0.0
0.001303973,5,-14.18,31.6,16.88,0.5400000000000027
0.001305921,1,169.4,-163.8,5.605,-0.005000000000006111
0.001305921,3,101.7,-101.7,0.0,0.0
0.001305921,2,169.7,-164.0,5.634,0.06599999999998829
0.001305921,4,101.8,-101.8,0.0,0.0
0.001305921,5,-13.83,31.32,16.91,0.5800000000000018
0.001307974,1,169.4,-163.8,5.605,-0.005000000000006111
0.001307974,3,101.8,-101.8,0.0,0.0
0.001307974,2,169.7,-164.0,5.634,0.06599999999998829
0.001307974,4,101.9,-101.9,0.0,0.0
0.001307974,5,-13.43,30.98,16.95,0.6000000000000014
0.001309934,1,169.4,-163.8,5.605,-0.005000000000006111
0.001309934,3,101.9,-101.9,0.0,0.0
0.001309934,2,169.7,-164.0,5.634,0.06599999999998829
0.001309934,4,102.0,-102.0,0.0,0.0
0.001309934,5,-13.01,30.62,16.98,0.629999999999999
0.001311972,1,169.4,-163.8,5.605,-0.005000000000006111
0.001311972,3,102.0,-102.0,0.0,0.0
0.001311972,2,169.7,-164.0,5.634,0.06599999999998829
0.001311972,4,102.1,-102.1,0.0,0.0
0.001311972,5,-12.56,30.22,17.01,0.649999999999995
0.00131393,1,169.4,-163.8,5.605,-0.005000000000006111
0.00131393,3,102.1,-102.1,0.0,0.0
0.00131393,2,169.7,-164.0,5.634,0.06599999999998829
0.00131393,4,102.2,-102.2,0.0,0.0
0.00131393,5,-12.12,29.81,17.04,0.6499999999999986
0.001315974,1,169.4,-163.8,5.605,-0.005000000000006111
0.001315974,3,102.2,-102.2,0.0,0.0
0.001315974,2,169.7,-164.0,5.634,0.06599999999998829
0.001315974,4,102.3,-102.3,0.0,0.0
0.001315974,5,-11.67,29.37,17.06,0.6400000000000041
0.001317917,1,169.4,-163.8,5.605,-0.005000000000006111
0.001317917,3,102.3,-102.3,0.0,0.0
0.001317917,2,169.7,-164.0,5.634,0.06599999999998829
0.001317917,4,102.4,-102.4,0.0,0.0
0.001317917,5,-11.26,28.94,17.09,0.5899999999999999
0.001319922,1,169.4,-163.8,5.605,-0.005000000000006111
0.001319922,3,102.4,-102.3,0.0,0.10000000000000853
0.001319922,2,169.7,-164.0,5.634,0.06599999999998829
0.001319922,4,102.5,-102.4,0.0,0.09999999999999432
0.001319922,5,-10.85,28.52,17.11,0.5600000000000023
0.001321951,1,169.4,-163.8,5.605,-0.005000000000006111
0.001321951,3,102.4,-102.4,0.0,0.0
0.001321951,2,169.7,-164.0,5.634,0.06599999999998829
0.001321951,4,102.5,-102.5,0.0,0.0
0.001321951,5,-10.46,28.13,17.14,0.5299999999999976
0.001323978,1,169.4,-163.8,5.605,-0.005000000000006111
0.001323978,3,102.5,-102.5,0.0,0.0
0.001323978,2,169.7,-164.0,5.634,0.06599999999998829
0.001323978,4,102.6,-102.6,0.0,0.0
0.001323978,5,-10.13,27.78,17.16,0.48999999999999844
0.001325912,1,169.4,-163.8,5.605,-0.005000000000006111
0.001325912,3,102.6,-102.6,0.0,0.0
0.001325912,2,169.7,-164.0,5.634,0.06599999999998829
0.001325912,4,102.7,-102.7,0.0,0.0
0.001325912,5,-9.851,27.49,17.18,0.4589999999999961
0.001327928,1,169.4,-163.8,5.605,-0.005000000000006111
0.001327928,3,102.7,-102.7,0.0,0.0
0.001327928,2,169.7,-164.0,5.634,0.06599999999998829
0.001327928,4,102.8,-102.8,0.0,0.0
0.001327928,5,-9.614,27.22,17.2,0.4059999999999988
0.001329945,1,169.4,-163.8,5.605,-0.005000000000006111
0.001329945,3,102.8,-102.8,0.0,0.0
0.001329945,2,169.7,-164.0,5.634,0.06599999999998829
0.001329945,4,102.9,-102.9,0.0,0.0
0.001329945,5,-9.426,27.01,17.22,0.3640000000000043
0.001331979,1,169.4,-163.8,5.605,-0.005000000000006111
0.001331979,3,102.9,-102.9,0.0,0.0
0.001331979,2,169.7,-164.0,5.634,0.06599999999998829
0.001331979,4,103.0,-103.0,0.0,0.0
0.001331979,5,-9.285,26.86,17.24,0.33500000000000085
0.001333938,1,169.4,-163.8,5.605,-0.005000000000006111
0.001333938,3,103.0,-103.0,0.0,0.0
0.001333938,2,169.7,-164.0,5.634,0.06599999999998829
0.001333938,4,103.1,-103.1,0.0,0.0
0.001333938,5,-9.196,26.76,17.26,0.3039999999999985
0.001335978,1,169.4,-163.8,5.605,-0.005000000000006111
0.001335978,3,103.1,-103.1,0.0,0.0
0.001335978,2,169.7,-164.0,5.634,0.06599999999998829
0.001335978,4,103.2,-103.2,0.0,0.0
0.001335978,5,-9.147,26.72,17.28,0.29299999999999926
0.001337914,1,169.4,-163.8,5.605,-0.005000000000006111
0.001337914,3,103.2,-103.2,0.0,0.0
0.001337914,2,169.7,-164.0,5.634,0.06599999999998829
0.001337914,4,103.3,-103.3,0.0,0.0
0.001337914,5,-9.137,26.72,17.31,0.2729999999999997
0.001339943,1,169.4,-163.8,5.605,-0.005000000000006111
0.001339943,3,103.3,-103.3,0.0,0.0
0.001339943,2,169.7,-164.0,5.634,0.06599999999998829
0.001339943,4,103.4,-103.4,0.0,0.0
0.001339943,5,-9.166,26.77,17.33,0.2740000000000009
0.001341971,1,169.4,-163.8,5.605,-0.005000000000006111
0.001341971,3,103.4,-103.4,0.0,0.0
0.001341971,2,169.7,-164.0,5.634,0.06599999999998829
0.001341971,4,103.5,-103.5,0.0,0.0
0.001341971,5,-9.22,26.85,17.35,0.28000000000000114
0.001343996,1,169.4,-163.8,5.605,-0.005000000000006111
0.001343996,3,103.5,-103.5,0.0,0.0
0.001343996,2,169.7,-164.0,5.634,0.06599999999998829
0.001343996,4,103.6,-103.6,0.0,0.0
0.001343996,5,-9.277,26.93,17.37,0.2829999999999977
0.00134595,1,169.4,-163.8,5.605,-0.005000000000006111
0.00134595,3,103.6,-103.6,0.0,0.0
0.00134595,2,169.7,-164.0,5.634,0.06599999999998829
0.00134595,4,103.7,-103.7,0.0,0.0
0.00134595,5,-9.311,27.0,17.39,0.2989999999999995
0.001347989,1,169.4,-163.8,5.605,-0.005000000000006111
0.001347989,3,103.7,-103.7,0.0,0.0
0.001347989,2,169.7,-164.0,5.634,0.06599999999998829
0.001347989,4,103.8,-103.8,0.0,0.0
0.001347989,5,-9.344,27.04,17.41,0.2859999999999978
0.001349952,1,169.4,-163.8,5.605,-0.005000000000006111
0.001349952,3,103.8,-103.8,0.0,0.0
0.001349952,2,169.7,-164.0,5.634,0.06599999999998829
0.001349952,4,103.9,-103.9,0.0,0.0
0.001349952,5,-9.385,27.08,17.43,0.26500000000000057
0.001351985,1,169.4,-163.8,5.605,-0.005000000000006111
0.001351985,3,103.9,-103.9,0.0,0.0
0.001351985,2,169.7,-164.0,5.634,0.06599999999998829
0.001351985,4,104.0,-104.0,0.0,0.0
0.001351985,5,-9.436,27.12,17.46,0.2240000000000002
0.001353913,1,169.4,-163.8,5.605,-0.005000000000006111
0.001353913,3,104.0,-104.0,0.0,0.0
0.001353913,2,169.7,-164.0,5.634,0.06599999999998829
0.001353913,4,104.1,-104.1,0.0,0.0
0.001353913,5,-9.483,27.15,17.48,0.1869999999999976
0.001355925,1,169.4,-163.8,5.605,-0.005000000000006111
0.001355925,3,104.0,-104.0,0.0,0.0
0.001355925,2,169.7,-164.0,5.634,0.06599999999998829
0.001355925,4,104.2,-104.1,0.0,0.10000000000000853
0.001355925,5,-9.516,27.17,17.5,0.15400000000000347
0.001357949,1,169.4,-163.8,5.605,-0.005000000000006111
0.001357949,3,104.1,-104.1,0.0,0.0
0.001357949,2,169.7,-164.0,5.634,0.06599999999998829
0.001357949,4,104.2,-104.2,0.0,0.0
0.001357949,5,-9.528,27.18,17.52,0.13200000000000145
0.001359981,1,169.4,-163.8,5.605,-0.005000000000006111
0.001359981,3,104.2,-104.2,0.0,0.0
0.001359981,2,169.7,-164.0,5.634,0.06599999999998829
0.001359981,4,104.3,-104.3,0.0,0.0
0.001359981,5,-9.527,27.19,17.53,0.13300000000000267
0.001361921,1,169.4,-163.8,5.605,-0.005000000000006111
0.001361921,3,104.3,-104.3,0.0,0.0
0.001361921,2,169.7,-164.0,5.634,0.06599999999998829
0.001361921,4,104.4,-104.4,0.0,0.0
0.001361921,5,-9.527,27.2,17.55,0.12300000000000111
0.00136396,1,169.4,-163.8,5.605,-0.005000000000006111
0.00136396,3,104.4,-104.4,0.0,0.0
0.00136396,2,169.7,-164.0,5.634,0.06599999999998829
0.00136396,4,104.5,-104.5,0.0,0.0
0.00136396,5,-9.537,27.24,17.56,0.14299999999999713
0.001365985,1,169.4,-163.8,5.605,-0.005000000000006111
0.001365985,3,104.5,-104.5,0.0,0.0
0.001365985,2,169.7,-164.0,5.634,0.06599999999998829
0.001365985,4,104.6,-104.6,0.0,0.0
0.001365985,5,-9.561,27.28,17.57,0.1490000000000009
0.001367921,1,169.4,-163.8,5.605,-0.005000000000006111
0.001367921,3,104.6,-104.6,0.0,0.0
0.001367921,2,169.7,-164.0,5.634,0.06599999999998829
0.001367921,4,104.7,-104.7,0.0,0.0
0.001367921,5,-9.592,27.34,17.59,0.1579999999999977
0.001369966,1,169.4,-163.8,5.605,-0.005000000000006111
0.001369966,3,104.7,-104.7,0.0,0.0
0.001369966,2,169.7,-164.0,5.634,0.06599999999998829
0.001369966,4,104.8,-104.8,0.0,0.0
0.001369966,5,-9.629,27.4,17.6,0.17099999999999937
0.001371932,1,169.4,-163.8,5.605,-0.005000000000006111
0.001371932,3,104.8,-104.8,0.0,0.0
0.001371932,2,169.7,-164.0,5.634,0.06599999999998829
0.001371932,4,104.9,-104.9,0.0,0.0
0.001371932,5,-9.672,27.47,17.62,0.17799999999999727
0.001373983,1,169.4,-163.8,5.605,-0.005000000000006111
0.001373983,3,104.9,-104.9,0.0,0.0
0.001373983,2,169.7,-164.0,5.634,0.06599999999998829
0.001373983,4,105.0,-105.0,0.0,0.0
0.001373983,5,-9.729,27.55,17.64,0.18100000000000094
0.001375939,1,169.4,-163.8,5.605,-0.005000000000006111
0.001375939,3,105.0,-105.0,0.0,0.0
0.001375939,2,169.7,-164.0,5.634,0.06599999999998829
0.001375939,4,105.1,-105.1,0.0,0.0
0.001375939,5,-9.792,27.65,17.67,0.18799999999999528
0.001377995,1,169.4,-163.8,5.605,-0.005000000000006111
0.001377995,3,105.1,-105.1,0.0,0.0
0.001377995,2,169.7,-164.0,5.634,0.06599999999998829
0.001377995,4,105.2,-105.2,0.0,0.0
0.001377995,5,-9.864,27.78,17.7,0.21600000000000108
0.001379961,1,169.4,-163.8,5.605,-0.005000000000006111
0.001379961,3,105.2,-105.2,0.0,0.0
0.001379961,2,169.7,-164.0,5.634,0.06599999999998829
0.001379961,4,105.3,-105.3,0.0,0.0
0.001379961,5,-9.939,27.88,17.73,0.21099999999999852
0.001381925,1,169.4,-163.8,5.605,-0.005000000000006111
0.001381925,3,105.3,-105.2,0.0,0.09999999999999432
0.001381925,2,169.7,-164.0,5.634,0.06599999999998829
0.001381925,4,105.4,-105.4,0.0,0.0
0.001381925,5,-10.01,27.98,17.76,0.2099999999999973
0.001383977,1,169.4,-163.8,5.605,-0.005000000000006111
0.001383977,3,105.3,-105.3,0.0,0.0
0.001383977,2,169.7,-164.0,5.634,0.06599999999998829
0.001383977,4,105.4,-105.4,0.0,0.0
0.001383977,5,-10.08,28.06,17.79,0.18999999999999773
0.001385929,1,169.4,-163.8,5.605,-0.005000000000006111
0.001385929,3,105.4,-105.4,0.0,0.0
0.001385929,2,169.7,-164.0,5.634,0.06599999999998829
0.001385929,4,105.5,-105.5,0.0,0.0
0.001385929,5,-10.13,28.13,17.81,0.19000000000000128
0.001387961,1,169.4,-163.8,5.605,-0.005000000000006111
0.001387961,3,105.5,-105.5,0.0,0.0
0.001387961,2,169.7,-164.0,5.634,0.06599999999998829
0.001387961,4,105.6,-105.6,0.0,0.0
0.001387961,5,-10.2,28.19,17.83,0.1600000000000037
0.001389914,1,169.4,-163.8,5.605,-0.005000000000006111
0.001389914,3,105.6,-105.6,0.0,0.0
0.001389914,2,169.7,-164.0,5.634,0.06599999999998829
0.001389914,4,105.7,-105.7,0.0,0.0
0.001389914,5,-10.27,28.25,17.85,0.129999999999999
0.001391961,1,169.4,-163.8,5.605,-0.005000000000006111
0.001391961,3,105.7,-105.7,0.0,0.0
0.001391961,2,169.7,-164.0,5.634,0.06599999999998829
0.001391961,4,105.8,-105.8,0.0,0.0
0.001391961,5,-10.34,28.31,17.86,0.10999999999999943
0.001394,1,169.4,-163.8,5.605,-0.005000000000006111
0.001394,3,105.8,-105.8,0.0,0.0
0.001394,2,169.7,-164.0,5.634,0.06599999999998829
0.001394,4,105.9,-105.9,0.0,0.0
0.001394,5,-10.41,28.38,17.88,0.08999999999999986
0.001395942,1,169.4,-163.8,5.605,-0.005000000000006111
0.001395942,3,105.9,-105.9,0.0,0.0
0.001395942,2,169.7,-164.0,5.634,0.06599999999998829
0.001395942,4,106.0,-106.0,0.0,0.0
0.001395942,5,-10.49,28.46,17.89,0.0799999999999983
0.001397973,1,169.4,-163.8,5.605,-0.005000000000006111
0.001397973,3,106.0,-106.0,0.0,0.0
0.001397973,2,169.7,-164.0,5.634,0.06599999999998829
0.001397973,4,106.1,-106.1,0.0,0.0
0.001397973,5,-10.53,28.58,17.91,0.13999999999999702
0.001399923,1,169.4,-163.8,5.605,-0.005000000000006111
0.001399923,3,106.1,-106.1,0.0,0.0
0.001399923,2,169.7,-164.0,5.634,0.06599999999998829
0.001399923,4,106.2,-106.2,0.0,0.0
0.001399923,5,-10.61,28.68,17.92,0.14999999999999858
0.001401959,1,169.4,-163.8,5.605,-0.005000000000006111
0.001401959,3,106.2,-106.2,0.0,0.0
0.001401959,2,169.7,-164.0,5.634,0.06599999999998829
0.001401959,4,106.3,-106.3,0.0,0.0
0.001401959,5,-10.73,28.8,17.94,0.129999999999999
0.00140397,1,169.4,-163.8,5.605,-0.005000000000006111
0.00140397,3,106.3,-106.3,0.0,0.0
0.00140397,2,169.7,-164.0,5.634,0.06599999999998829
0.00140397,4,106.4,-106.4,0.0,0.0
0.00140397,5,-10.87,28.93,17.96,0.10000000000000142
0.00140599,1,169.4,-163.8,5.605,-0.005000000000006111
0.00140599,3,106.3,-106.3,0.0,0.0
0.00140599,2,169.7,-164.0,5.634,0.06599999999998829
0.00140599,4,106.5,-106.5,0.0,0.0
0.00140599,5,-11.01,29.06,17.98,0.06999999999999673
0.001407936,1,169.4,-163.8,5.605,-0.005000000000006111
0.001407936,3,106.4,-106.4,0.0,0.0
0.001407936,2,169.7,-164.0,5.634,0.06599999999998829
0.001407936,4,106.5,-106.5,0.0,0.0
0.001407936,5,-11.12,29.16,17.99,0.05000000000000071
0.001409986,1,169.4,-163.8,5.605,-0.005000000000006111
0.001409986,3,106.5,-106.5,0.0,0.0
0.001409986,2,169.7,-164.0,5.634,0.06599999999998829
0.001409986,4,106.6,-106.6,0.0,0.0
0.001409986,5,-11.21,29.26,18.0,0.05000000000000071
0.001411954,1,169.4,-163.8,5.605,-0.005000000000006111
0.001411954,3,106.6,-106.6,0.0,0.0
0.001411954,2,169.7,-164.0,5.634,0.06599999999998829
0.001411954,4,106.7,-106.7,0.0,0.0
0.001411954,5,-11.28,29.33,18.01,0.039999999999995595
0.001413982,1,169.4,-163.8,5.605,-0.005000000000006111
0.001413982,3,106.7,-106.7,0.0,0.0
0.001413982,2,169.7,-164.0,5.634,0.06599999999998829
0.001413982,4,106.8,-106.8,0.0,0.0
0.001413982,5,-11.35,29.39,18.01,0.029999999999997584
0.001415951,1,169.4,-163.8,5.605,-0.005000000000006111
0.001415951,3,106.8,-106.8,0.0,0.0
0.001415951,2,169.7,-164.0,5.634,0.06599999999998829
0.001415951,4,106.9,-106.9,0.0,0.0
0.001415951,5,-11.4,29.43,18.02,0.010000000000001563
0.001417916,1,169.4,-163.8,5.605,-0.005000000000006111
0.001417916,3,106.9,-106.9,0.0,0.0
0.001417916,2,169.7,-164.0,5.634,0.06599999999998829
0.001417916,4,107.0,-107.0,0.0,0.0
0.001417916,5,-11.44,29.48,18.03,0.00999999999999801
0.001419947,1,169.4,-163.8,5.605,-0.005000000000006111
0.001419947,3,107.0,-107.0,0.0,0.0
0.001419947,2,169.7,-164.0,5.634,0.06599999999998829
0.001419947,4,107.1,-107.1,0.0,0.0
0.001419947,5,-11.47,29.52,18.03,0.01999999999999602
0.001421957,1,169.4,-163.8,5.605,-0.005000000000006111
0.001421957,3,107.1,-107.1,0.0,0.0
0.001421957,2,169.7,-164.0,5.634,0.06599999999998829
0.001421957,4,107.2,-107.2,0.0,0.0
0.001421957,5,-11.49,29.56,18.05,0.019999999999999574
0.001423989,1,169.4,-163.8,5.605,-0.005000000000006111
0.001423989,3,107.2,-107.2,0.0,0.0
0.001423989,2,169.7,-164.0,5.634,0.06599999999998829
0.001423989,4,107.3,-107.3,0.0,0.0
0.001423989,5,-11.52,29.61,18.06,0.030000000000001137
0.001425944,1,169.4,-163.8,5.605,-0.005000000000006111
0.001425944,3,107.2,-107.2,0.0,0.0
0.001425944,2,169.7,-164.0,5.634,0.06599999999998829
0.001425944,4,107.4,-107.3,0.0,0.10000000000000853
0.001425944,5,-11.57,29.67,18.08,0.020000000000003126
0.001427996,1,169.4,-163.8,5.605,-0.005000000000006111
0.001427996,3,107.3,-107.3,0.0,0.0
0.001427996,2,169.7,-164.0,5.634,0.06599999999998829
0.001427996,4,107.4,-107.4,0.0,0.0
0.001427996,5,-11.62,29.74,18.09,0.029999999999997584
0.001429955,1,169.4,-163.8,5.605,-0.005000000000006111
0.001429955,3,107.4,-107.4,0.0,0.0
0.001429955,2,169.7,-164.0,5.634,0.06599999999998829
0.001429955,4,107.5,-107.5,0.0,0.0
0.001429955,5,-11.69,29.82,18.11,0.020000000000003126
0.001431996,1,169.4,-163.8,5.605,-0.005000000000006111
0.001431996,3,107.5,-107.5,0.0,0.0
0.001431996,2,169.7,-164.0,5.634,0.06599999999998829
0.001431996,4,107.6,-107.6,0.0,0.0
0.001431996,5,-11.76,29.9,18.13,0.010000000000001563
0.001433947,1,169.4,-163.8,5.605,-0.005000000000006111
0.001433947,3,107.6,-107.6,0.0,0.0
0.001433947,2,169.7,-164.0,5.634,0.06599999999998829
0.001433947,4,107.7,-107.7,0.0,0.0
0.001433947,5,-11.82,29.97,18.15,0.0
0.001435982,1,169.4,-163.8,5.605,-0.005000000000006111
0.001435982,3,107.7,-107.7,0.0,0.0
0.001435982,2,169.7,-164.0,5.634,0.06599999999998829
0.001435982,4,107.8,-107.8,0.0,0.0
0.001435982,5,-11.89,30.04,18.16,-0.010000000000001563
0.001437926,1,169.4,-163.8,5.605,-0.005000000000006111
0.001437926,3,107.8,-107.8,0.0,0.0
0.001437926,2,169.7,-164.0,5.634,0.06599999999998829
0.001437926,4,107.9,-107.9,0.0,0.0
0.001437926,5,-11.94,30.11,18.18,-0.00999999999999801
0.001439941,1,169.4,-163.8,5.605,-0.005000000000006111
0.001439941,3,107.9,-107.9,0.0,0.0
0.001439941,2,169.7,-164.0,5.634,0.06599999999998829
0.001439941,4,108.0,-108.0,0.0,0.0
0.001439941,5,-12.0,30.18,18.19,-0.010000000000001563
0.001441971,1,169.4,-163.8,5.605,-0.005000000000006111
0.001441971,3,108.0,-108.0,0.0,0.0
0.001441971,2,169.7,-164.0,5.634,0.06599999999998829
0.001441971,4,108.1,-108.1,0.0,0.0
0.001441971,5,-12.05,30.24,18.2,-0.010000000000001563
0.001443915,1,169.4,-163.8,5.605,-0.005000000000006111
0.001443915,3,108.0,-108.0,0.0,0.0
0.001443915,2,169.7,-164.0,5.634,0.06599999999998829
0.001443915,4,108.2,-108.2,0.0,0.0
0.001443915,5,-12.1,30.3,18.22,-0.01999999999999602
0.001445946,1,169.4,-163.8,5.605,-0.005000000000006111
0.001445946,3,108.1,-108.1,0.0,0.0
0.001445946,2,169.7,-164.0,5.634,0.06599999999998829
0.001445946,4,108.2,-108.2,0.0,0.0
0.001445946,5,-12.14,30.36,18.23,-0.010000000000001563
0.001447966,1,169.4,-163.8,5.605,-0.005000000000006111
0.001447966,3,108.2,-108.2,0.0,0.0
0.001447966,2,169.7,-164.0,5.634,0.06599999999998829
0.001447966,4,108.3,-108.3,0.0,0.0
0.001447966,5,-12.17,30.41,18.24,3.552713678800501e-15
0.001449999,1,169.4,-163.8,5.605,-0.005000000000006111
0.001449999,3,108.3,-108.3,0.0,0.0
0.001449999,2,169.7,-164.0,5.634,0.06599999999998829
0.001449999,4,108.4,-108.4,0.0,0.0
0.001449999,5,-12.21,30.46,18.25,0.0
0.001451968,1,169.4,-163.8,5.605,-0.005000000000006111
0.001451968,3,108.4,-108.4,0.0,0.0
0.001451968,2,169.7,-164.0,5.634,0.06599999999998829
0.001451968,4,108.5,-108.5,0.0,0.0
0.001451968,5,-12.25,30.5,18.26,-0.010000000000001563
0.001453947,1,169.4,-163.8,5.605,-0.005000000000006111
0.001453947,3,108.5,-108.5,0.0,0.0
0.001453947,2,169.7,-164.0,5.634,0.06599999999998829
0.001453947,4,108.6,-108.6,0.0,0.0
0.001453947,5,-12.29,30.55,18.27,-0.00999999999999801
0.001455921,1,169.4,-163.8,5.605,-0.005000000000006111
0.001455921,3,108.6,-108.6,0.0,0.0
0.001455921,2,169.7,-164.0,5.634,0.06599999999998829
0.001455921,4,108.7,-108.7,0.0,0.0
0.001455921,5,-12.32,30.6,18.29,-0.00999999999999801
0.001457942,1,169.4,-163.8,5.605,-0.005000000000006111
0.001457942,3,108.7,-108.7,0.0,0.0
0.001457942,2,169.7,-164.0,5.634,0.06599999999998829
0.001457942,4,108.8,-108.8,0.0,0.0
0.001457942,5,-12.32,30.64,18.3,0.019999999999999574
0.00145999,1,169.4,-163.8,5.605,-0.005000000000006111
0.00145999,3,108.8,-108.8,0.0,0.0
0.00145999,2,169.7,-164.0,5.634,0.06599999999998829
0.00145999,4,108.9,-108.9,0.0,0.0
0.00145999,5,-12.32,30.66,18.32,0.019999999999999574
0.001461965,1,169.4,-163.8,5.605,-0.005000000000006111
0.001461965,3,108.8,-108.8,0.0,0.0
0.001461965,2,169.7,-164.0,5.634,0.06599999999998829
0.001461965,4,109.0,-108.9,0.0,0.09999999999999432
0.001461965,5,-12.31,30.71,18.33,0.07000000000000028
0.001463942,1,169.4,-163.8,5.605,-0.005000000000006111
0.001463942,3,108.9,-108.9,0.0,0.0
0.001463942,2,169.7,-164.0,5.634,0.06599999999998829
0.001463942,4,109.0,-109.0,0.0,0.0
0.001463942,5,-12.32,30.78,18.35,0.10999999999999943
0.001465982,1,169.4,-163.8,5.605,-0.005000000000006111
0.001465982,3,109.0,-109.0,0.0,0.0
0.001465982,2,169.7,-164.0,5.634,0.06599999999998829
0.001465982,4,109.1,-109.1,0.0,0.0
0.001465982,5,-12.33,30.89,18.37,0.19000000000000128
0.001467997,1,169.4,-163.8,5.605,-0.005000000000006111
0.001467997,3,109.1,-109.1,0.0,0.0
0.001467997,2,169.7,-164.0,5.634,0.06599999999998829
0.001467997,4,109.2,-109.2,0.0,0.0
0.001467997,5,-12.39,31.04,18.39,0.259999999999998
0.00146995,1,169.4,-163.8,5.605,-0.005000000000006111
0.00146995,3,109.2,-109.2,0.0,0.0
0.00146995,2,169.7,-164.0,5.634,0.06599999999998829
0.00146995,4,109.3,-109.3,0.0,0.0
0.00146995,5,-12.51,31.23,18.41,0.3099999999999987
0.001471994,1,169.4,-163.8,5.605,-0.005000000000006111
0.001471994,3,109.3,-109.3,0.0,0.0
0.001471994,2,169.7,-164.0,5.634,0.06599999999998829
0.001471994,4,109.4,-109.4,0.0,0.0
0.001471994,5,-12.68,31.43,18.42,0.3299999999999983
0.001473929,1,169.4,-163.8,5.605,-0.005000000000006111
0.001473929,3,109.4,-109.4,0.0,0.0
0.001473929,2,169.7,-164.0,5.634,0.06599999999998829
0.001473929,4,109.5,-109.5,0.0,0.0
0.001473929,5,-12.84,31.61,18.43,0.33999999999999986
0.001475947,1,169.4,-163.8,5.605,-0.005000000000006111
0.001475947,3,109.5,-109.5,0.0,0.0
0.001475947,2,169.7,-164.0,5.634,0.06599999999998829
0.001475947,4,109.6,-109.6,0.0,0.0
0.001475947,5,-12.99,31.76,18.45,0.32000000000000384
0.001477976,1,169.4,-163.8,5.605,-0.005000000000006111
0.001477976,3,109.5,-109.5,0.0,0.0
0.001477976,2,169.7,-164.0,5.634,0.06599999999998829
0.001477976,4,109.7,-109.7,0.0,0.0
0.001477976,5,-13.12,31.86,18.47,0.2700000000000031
0.001479913,1,169.4,-163.8,5.605,-0.005000000000006111
0.001479913,3,109.6,-109.6,0.0,0.0
0.001479913,2,169.7,-164.0,5.634,0.06599999999998829
0.001479913,4,109.7,-109.7,0.0,0.0
0.001479913,5,-13.21,31.92,18.48,0.23000000000000043
0.001481945,1,169.4,-163.8,5.605,-0.005000000000006111
0.001481945,3,109.7,-109.7,0.0,0.0
0.001481945,2,169.7,-164.0,5.634,0.06599999999998829
0.001481945,4,109.8,-109.8,0.0,0.0
0.001481945,5,-13.26,31.93,18.5,0.1700000000000017
0.001483965,1,169.4,-163.8,5.605,-0.005000000000006111
0.001483965,3,109.8,-109.8,0.0,0.0
0.001483965,2,169.7,-164.0,5.634,0.06599999999998829
0.001483965,4,109.9,-109.9,0.0,0.0
0.001483965,5,-13.28,31.92,18.52,0.120000000000001
0.001485914,1,169.4,-163.8,5.605,-0.005000000000006111
0.001485914,3,109.9,-109.9,0.0,0.0
0.001485914,2,169.7,-164.0,5.634,0.06599999999998829
0.001485914,4,110.0,-110.0,0.0,0.0
0.001485914,5,-13.28,31.9,18.53,0.0899999999999963
0.001487968,1,169.4,-163.8,5.605,-0.005000000000006111
0.001487968,3,110.0,-110.0,0.0,0.0
0.001487968,2,169.7,-164.0,5.634,0.06599999999998829
0.001487968,4,110.1,-110.1,0.0,0.0
0.001487968,5,-13.27,31.88,18.55,0.05999999999999872
0.001489999,1,169.4,-163.8,5.605,-0.005000000000006111
0.001489999,3,110.1,-110.1,0.0,0.0
0.001489999,2,169.7,-164.0,5.634,0.06599999999998829
0.001489999,4,110.2,-110.2,0.0,0.0
0.001489999,5,-13.26,31.86,18.56,0.0400000000000027
0.001491933,1,169.4,-163.8,5.605,-0.005000000000006111
0.001491933,3,110.2,-110.1,0.0,0.10000000000000853
0.001491933,2,169.7,-164.0,5.634,0.06599999999998829
0.001491933,4,110.3,-110.3,0.0,0.0
0.001491933,5,-13.24,31.85,18.57,0.03999999999999915
0.001493953,1,169.4,-163.8,5.605,-0.005000000000006111
0.001493953,3,110.2,-110.2,0.0,0.0
0.001493953,2,169.7,-164.0,5.634,0.06599999999998829
0.001493953,4,110.3,-110.3,0.0,0.0
0.001493953,5,-13.24,31.84,18.59,0.010000000000001563
0.001495988,1,169.4,-163.8,5.605,-0.005000000000006111
0.001495988,3,110.3,-110.3,0.0,0.0
0.001495988,2,169.7,-164.0,5.634,0.06599999999998829
0.001495988,4,110.4,-110.4,0.0,0.0
0.001495988,5,-13.23,31.83,18.6,-3.552713678800501e-15
0.001497952,1,169.4,-163.8,5.605,-0.005000000000006111
0.001497952,3,110.4,-110.4,0.0,0.0
0.001497952,2,169.7,-164.0,5.634,0.06599999999998829
0.001497952,4,110.5,-110.5,0.0,0.0
0.001497952,5,-13.23,31.82,18.61,-0.019999999999999574
0.001499912,1,169.4,-163.8,5.605,-0.005000000000006111
0.001499912,3,110.5,-110.5,0.0,0.0
0.001499912,2,169.7,-164.0,5.634,0.06599999999998829
0.001499912,4,110.6,-110.6,0.0,0.0
0.001499912,5,-13.23,31.82,18.62,-0.030000000000001137
0.001501958,1,169.4,-163.8,5.605,-0.005000000000006111
0.001501958,3,110.6,-110.6,0.0,0.0
0.001501958,2,169.7,-164.0,5.634,0.06599999999998829
0.001501958,4,110.7,-110.7,0.0,0.0
0.001501958,5,-13.24,31.82,18.63,-0.05000000000000071
0.001503925,1,169.4,-163.8,5.605,-0.005000000000006111
0.001503925,3,110.7,-110.7,0.0,0.0
0.001503925,2,169.7,-164.0,5.634,0.06599999999998829
0.001503925,4,110.8,-110.8,0.0,0.0
0.001503925,5,-13.26,31.84,18.63,-0.05000000000000071
0.001505977,1,169.4,-163.8,5.605,-0.005000000000006111
0.001505977,3,110.8,-110.8,0.0,0.0
0.001505977,2,169.7,-164.0,5.634,0.06599999999998829
0.001505977,4,110.9,-110.9,0.0,0.0
0.001505977,5,-13.29,31.86,18.64,-0.07000000000000028
0.001507936,1,169.4,-163.8,5.605,-0.005000000000006111
0.001507936,3,110.8,-110.8,0.0,0.0
0.001507936,2,169.7,-164.0,5.634,0.06599999999998829
0.001507936,4,110.9,-110.9,0.0,0.0
0.001507936,5,-13.32,31.89,18.65,-0.0799999999999983
0.001509988,1,169.4,-163.8,5.605,-0.005000000000006111
0.001509988,3,110.9,-110.9,0.0,0.0
0.001509988,2,169.7,-164.0,5.634,0.06599999999998829
0.001509988,4,111.0,-111.0,0.0,0.0
0.001509988,5,-13.35,31.92,18.66,-0.08999999999999986
0.001511935,1,169.4,-163.8,5.605,-0.005000000000006111
0.001511935,3,111.0,-111.0,0.0,0.0
0.001511935,2,169.7,-164.0,5.634,0.06599999999998829
0.001511935,4,111.1,-111.1,0.0,0.0
0.001511935,5,-13.38,31.94,18.66,-0.09999999999999787
0.001513964,1,169.4,-163.8,5.605,-0.005000000000006111
0.001513964,3,111.1,-111.1,0.0,0.0
0.001513964,2,169.7,-164.0,5.634,0.06599999999998829
0.001513964,4,111.2,-111.2,0.0,0.0
0.001513964,5,-13.39,31.96,18.67,-0.10000000000000142
0.001515917,1,169.4,-163.8,5.605,-0.005000000000006111
0.001515917,3,111.2,-111.2,0.0,0.0
0.001515917,2,169.7,-164.0,5.634,0.06599999999998829
0.001515917,4,111.3,-111.3,0.0,0.0
0.001515917,5,-13.41,31.97,18.67,-0.11000000000000298
0.001517985,1,169.4,-163.8,5.605,-0.005000000000006111
0.001517985,3,111.3,-111.3,0.0,0.0
0.001517985,2,169.7,-164.0,5.634,0.06599999999998829
0.001517985,4,111.4,-111.4,0.0,0.0
0.001517985,5,-13.42,31.98,18.68,-0.11999999999999744
0.001519951,1,169.4,-163.8,5.605,-0.005000000000006111
0.001519951,3,111.4,-111.4,0.0,0.0
0.001519951,2,169.7,-164.0,5.634,0.06599999999998829
0.001519951,4,111.5,-111.5,0.0,0.0
0.001519951,5,-13.44,32.0,18.68,-0.11999999999999744
0.001521991,1,169.4,-163.8,5.605,-0.005000000000006111
0.001521991,3,111.4,-111.4,0.0,0.0
0.001521991,2,169.7,-164.0,5.634,0.06599999999998829
0.001521991,4,111.6,-111.5,0.0,0.09999999999999432
0.001521991,5,-13.46,32.01,18.69,-0.14000000000000412
0.001523944,1,169.4,-163.8,5.605,-0.005000000000006111
0.001523944,3,111.5,-111.5,0.0,0.0
0.001523944,2,169.7,-164.0,5.634,0.06599999999998829
0.001523944,4,111.6,-111.6,0.0,0.0
0.001523944,5,-13.47,32.02,18.69,-0.13999999999999702
0.001525915,1,169.4,-163.8,5.605,-0.005000000000006111
0.001525915,3,111.6,-111.6,0.0,0.0
0.001525915,2,169.7,-164.0,5.634,0.06599999999998829
0.001525915,4,111.7,-111.7,0.0,0.0
0.001525915,5,-13.48,32.03,18.69,-0.14000000000000057
0.001527974,1,169.4,-163.8,5.605,-0.005000000000006111
0.001527974,3,111.7,-111.7,0.0,0.0
0.001527974,2,169.7,-164.0,5.634,0.06599999999998829
0.001527974,4,111.8,-111.8,0.0,0.0
0.001527974,5,-13.49,32.05,18.7,-0.14000000000000412
0.001529932,1,169.4,-163.8,5.605,-0.005000000000006111
0.001529932,3,111.8,-111.8,0.0,0.0
0.001529932,2,169.7,-164.0,5.634,0.06599999999998829
0.001529932,4,111.9,-111.9,0.0,0.0
0.001529932,5,-13.5,32.05,18.7,-0.15000000000000213
0.001531948,1,169.4,-163.8,5.605,-0.005000000000006111
0.001531948,3,111.9,-111.9,0.0,0.0
0.001531948,2,169.7,-164.0,5.634,0.06599999999998829
0.001531948,4,112.0,-112.0,0.0,0.0
0.001531948,5,-13.5,32.06,18.71,-0.14999999999999858
0.001533967,1,169.4,-163.8,5.605,-0.005000000000006111
0.001533967,3,112.0,-112.0,0.0,0.0
0.001533967,2,169.7,-164.0,5.634,0.06599999999998829
0.001533967,4,112.1,-112.1,0.0,0.0
0.001533967,5,-13.51,32.07,18.71,-0.14999999999999858
0.001535989,1,169.4,-163.8,5.605,-0.005000000000006111
0.001535989,3,112.0,-112.0,0.0,0.0
0.001535989,2,169.7,-164.0,5.634,0.06599999999998829
0.001535989,4,112.1,-112.1,0.0,0.0
0.001535989,5,-13.51,32.08,18.71,-0.14000000000000057
0.001537917,1,169.4,-163.8,5.605,-0.005000000000006111
0.001537917,3,112.1,-112.1,0.0,0.0
0.001537917,2,169.7,-164.0,5.634,0.06599999999998829
0.001537917,4,112.2,-112.2,0.0,0.0
0.001537917,5,-13.52,32.09,18.71,-0.13999999999999702
0.001539943,1,169.4,-163.8,5.605,-0.005000000000006111
0.001539943,3,112.2,-112.2,0.0,0.0
0.001539943,2,169.7,-164.0,5.634,0.06599999999998829
0.001539943,4,112.3,-112.3,0.0,0.0
0.001539943,5,-13.53,32.1,18.72,-0.14999999999999858
0.001541976,1,169.4,-163.8,5.605,-0.005000000000006111
0.001541976,3,112.3,-112.3,0.0,0.0
0.001541976,2,169.7,-164.0,5.634,0.06599999999998829
0.001541976,4,112.4,-112.4,0.0,0.0
0.001541976,5,-13.54,32.11,18.72,-0.14999999999999858
0.00154394,1,169.4,-163.8,5.605,-0.005000000000006111
0.00154394,3,112.4,-112.4,0.0,0.0
0.00154394,2,169.7,-164.0,5.634,0.06599999999998829
0.00154394,4,112.5,-112.5,0.0,0.0
0.00154394,5,-13.54,32.13,18.72,-0.12999999999999545
0.001545912,1,169.4,-163.8,5.605,-0.005000000000006111
0.001545912,3,112.5,-112.5,0.0,0.0
0.001545912,2,169.7,-164.0,5.634,0.06599999999998829
0.001545912,4,112.6,-112.6,0.0,0.0
0.001545912,5,-13.55,32.15,18.73,-0.13000000000000256
0.001547972,1,169.4,-163.8,5.605,-0.005000000000006111
0.001547972,3,112.5,-112.5,0.0,0.0
0.001547972,2,169.7,-164.0,5.634,0.06599999999998829
0.001547972,4,112.7,-112.7,0.0,0.0
0.001547972,5,-13.56,32.17,18.73,-0.120000000000001
0.001549922,1,169.4,-163.8,5.605,-0.005000000000006111
0.001549922,3,112.6,-112.6,0.0,0.0
0.001549922,2,169.7,-164.0,5.634,0.06599999999998829
0.001549922,4,112.7,-112.7,0.0,0.0
0.001549922,5,-13.57,32.2,18.74,-0.10999999999999588
0.001551956,1,169.4,-163.8,5.605,-0.005000000000006111
0.001551956,3,112.7,-112.7,0.0,0.0
0.001551956,2,169.7,-164.0,5.634,0.06599999999998829
0.001551956,4,112.8,-112.8,0.0,0.0
0.001551956,5,-13.58,32.23,18.75,-0.10000000000000142
0.001553983,1,169.4,-163.8,5.605,-0.005000000000006111
0.001553983,3,112.8,-112.8,0.0,0.0
0.001553983,2,169.7,-164.0,5.634,0.06599999999998829
0.001553983,4,112.9,-112.9,0.0,0.0
0.001553983,5,-13.59,32.25,18.76,-0.10000000000000142
0.001555926,1,169.4,-163.8,5.605,-0.005000000000006111
0.001555926,3,112.9,-112.9,0.0,0.0
0.001555926,2,169.7,-164.0,5.634,0.06599999999998829
0.001555926,4,113.0,-113.0,0.0,0.0
0.001555926,5,-13.61,32.28,18.77,-0.09999999999999787
0.001557968,1,169.4,-163.8,5.605,-0.005000000000006111
0.001557968,3,113.0,-113.0,0.0,0.0
0.001557968,2,169.7,-164.0,5.634,0.06599999999998829
0.001557968,4,113.1,-113.1,0.0,0.0
0.001557968,5,-13.63,32.31,18.78,-0.10000000000000142
0.001559921,1,169.4,-163.8,5.605,-0.005000000000006111
0.001559921,3,113.0,-113.0,0.0,0.0
0.001559921,2,169.7,-164.0,5.634,0.06599999999998829
0.001559921,4,113.2,-113.2,0.0,0.0
0.001559921,5,-13.64,32.33,18.79,-0.10000000000000142
0.001561972,1,169.4,-163.8,5.605,-0.005000000000006111
0.001561972,3,113.1,-113.1,0.0,0.0
0.001561972,2,169.7,-164.0,5.634,0.06599999999998829
0.001561972,4,113.2,-113.2,0.0,0.0
0.001561972,5,-13.65,32.35,18.8,-0.09999999999999787
0.001563938,1,169.4,-163.8,5.605,-0.005000000000006111
0.001563938,3,113.2,-113.2,0.0,0.0
0.001563938,2,169.7,-164.0,5.634,0.06599999999998829
0.001563938,4,113.3,-113.3,0.0,0.0
0.001563938,5,-13.65,32.36,18.8,-0.08999999999999986
0.001565994,1,169.4,-163.8,5.605,-0.005000000000006111
0.001565994,3,113.3,-113.3,0.0,0.0
0.001565994,2,169.7,-164.0,5.634,0.06599999999998829
0.001565994,4,113.4,-113.4,0.0,0.0
0.001565994,5,-13.65,32.38,18.81,-0.07999999999999474
0.001567951,1,169.4,-163.8,5.605,-0.005000000000006111
0.001567951,3,113.4,-113.4,0.0,0.0
0.001567951,2,169.7,-164.0,5.634,0.06599999999998829
0.001567951,4,113.5,-113.5,0.0,0.0
0.001567951,5,-13.65,32.39,18.82,-0.0799999999999983
0.001569985,1,169.4,-163.8,5.605,-0.005000000000006111
0.001569985,3,113.5,-113.5,0.0,0.0
0.001569985,2,169.7,-164.0,5.634,0.06599999999998829
0.001569985,4,113.6,-113.6,0.0,0.0
0.001569985,5,-13.64,32.41,18.83,-0.060000000000002274
0.001571931,1,169.4,-163.8,5.605,-0.005000000000006111
0.001571931,3,113.5,-113.5,0.0,0.0
0.001571931,2,169.7,-164.0,5.634,0.06599999999998829
0.001571931,4,113.7,-113.7,0.0,0.0
0.001571931,5,-13.63,32.42,18.84,-0.05000000000000071
0.001573976,1,169.4,-163.8,5.605,-0.005000000000006111
0.001573976,3,113.6,-113.6,0.0,0.0
0.001573976,2,169.7,-164.0,5.634,0.06599999999998829
0.001573976,4,113.7,-113.7,0.0,0.0
0.001573976,5,-13.62,32.43,18.85,-0.03999999999999915
0.001575941,1,169.4,-163.8,5.605,-0.005000000000006111
0.001575941,3,113.7,-113.7,0.0,0.0
0.001575941,2,169.7,-164.0,5.634,0.06599999999998829
0.001575941,4,113.8,-113.8,0.0,0.0
0.001575941,5,-13.61,32.44,18.87,-0.0400000000000027
0.001577967,1,169.4,-163.8,5.605,-0.005000000000006111
0.001577967,3,113.8,-113.8,0.0,0.0
0.001577967,2,169.7,-164.0,5.634,0.06599999999998829
0.001577967,4,113.9,-113.9,0.0,0.0
0.001577967,5,-13.6,32.45,18.88,-0.029999999999997584
0.001579994,1,169.4,-163.8,5.605,-0.005000000000006111
0.001579994,3,113.9,-113.9,0.0,0.0
0.001579994,2,169.7,-164.0,5.634,0.06599999999998829
0.001579994,4,114.0,-114.0,0.0,0.0
0.001579994,5,-13.58,32.44,18.89,-0.030000000000001137
0.001581953,1,169.4,-163.8,5.605,-0.005000000000006111
0.001581953,3,114.0,-114.0,0.0,0.0
0.001581953,2,169.7,-164.0,5.634,0.06599999999998829
0.001581953,4,114.1,-114.1,0.0,0.0
0.001581953,5,-13.55,32.43,18.9,-0.019999999999999574
0.001583917,1,169.4,-163.8,5.605,-0.005000000000006111
0.001583917,3,114.0,-114.0,0.0,0.0
0.001583917,2,169.7,-164.0,5.634,0.06599999999998829
0.001583917,4,114.2,-114.2,0.0,0.0
0.001583917,5,-13.51,32.41,18.92,-0.020000000000003126
0.001585969,1,169.4,-163.8,5.605,-0.005000000000006111
0.001585969,3,114.1,-114.1,0.0,0.0
0.001585969,2,169.7,-164.0,5.634,0.06599999999998829
0.001585969,4,114.2,-114.2,0.0,0.0
0.001585969,5,-13.47,32.38,18.93,-0.01999999999999602
0.001587926,1,169.4,-163.8,5.605,-0.005000000000006111
0.001587926,3,114.2,-114.2,0.0,0.0
0.001587926,2,169.7,-164.0,5.634,0.06599999999998829
0.001587926,4,114.3,-114.3,0.0,0.0
0.001587926,5,-13.42,32.36,18.94,-3.552713678800501e-15
0.001589945,1,169.4,-163.8,5.605,-0.005000000000006111
0.001589945,3,114.3,-114.3,0.0,0.0
0.001589945,2,169.7,-164.0,5.634,0.06599999999998829
0.001589945,4,114.4,-114.4,0.0,0.0
0.001589945,5,-13.37,32.33,18.96,0.0
0.00159198,1,169.4,-163.8,5.605,-0.005000000000006111
0.00159198,3,114.4,-114.4,0.0,0.0
0.00159198,2,169.7,-164.0,5.634,0.06599999999998829
0.00159198,4,114.5,-114.5,0.0,0.0
0.00159198,5,-13.33,32.31,18.97,0.010000000000005116
0.001593939,1,169.4,-163.8,5.605,-0.005000000000006111
0.001593939,3,114.5,-114.5,0.0,0.0
0.001593939,2,169.7,-164.0,5.634,0.06599999999998829
0.001593939,4,114.6,-114.6,0.0,0.0
0.001593939,5,-13.29,32.29,18.98,0.019999999999999574
0.001595978,1,169.4,-163.8,5.605,-0.005000000000006111
0.001595978,3,114.5,-114.5,0.0,0.0
0.001595978,2,169.7,-164.0,5.634,0.06599999999998829
0.001595978,4,114.7,-114.7,0.0,0.0
0.001595978,5,-13.26,32.28,19.0,0.020000000000003126
0.001597915,1,169.4,-163.8,5.605,-0.005000000000006111
0.001597915,3,114.6,-114.6,0.0,0.0
0.001597915,2,169.7,-164.0,5.634,0.06599999999998829
0.001597915,4,114.7,-114.7,0.0,0.0
0.001597915,5,-13.24,32.26,19.01,0.009999999999994458
0.001599949,1,169.4,-163.8,5.605,-0.005000000000006111
0.001599949,3,114.7,-114.7,0.0,0.0
0.001599949,2,169.7,-164.0,5.634,0.06599999999998829
0.001599949,4,114.8,-114.8,0.0,0.0
0.001599949,5,-13.22,32.25,19.02,0.010000000000001563
0.001601924,1,169.4,-163.8,5.605,-0.005000000000006111
0.001601924,3,114.8,-114.8,0.0,0.0
0.001601924,2,169.7,-164.0,5.634,0.06599999999998829
0.001601924,4,114.9,-114.9,0.0,0.0
0.001601924,5,-13.2,32.22,19.04,-0.019999999999999574
0.001603989,1,169.4,-163.8,5.605,-0.005000000000006111
0.001603989,3,114.9,-114.9,0.0,0.0
0.001603989,2,169.7,-164.0,5.634,0.06599999999998829
0.001603989,4,115.0,-115.0,0.0,0.0
0.001603989,5,-13.18,32.2,19.05,-0.029999999999997584
0.001605936,1,169.4,-163.8,5.605,-0.005000000000006111
0.001605936,3,115.0,-115.0,0.0,0.0
0.001605936,2,169.7,-164.0,5.634,0.06599999999998829
0.001605936,4,115.1,-115.1,0.0,0.0
0.001605936,5,-13.16,32.18,19.06,-0.03999999999999915
0.001607969,1,169.4,-163.8,5.605,-0.005000000000006111
0.001607969,3,115.0,-115.0,0.0,0.0
0.001607969,2,169.7,-164.0,5.634,0.06599999999998829
0.001607969,4,115.2,-115.2,0.0,0.0
0.001607969,5,-13.15,32.16,19.07,-0.060000000000002274
0.001609946,1,169.4,-163.8,5.605,-0.005000000000006111
0.001609946,3,115.1,-115.1,0.0,0.0
0.001609946,2,169.7,-164.0,5.634,0.06599999999998829
0.001609946,4,115.2,-115.2,0.0,0.0
0.001609946,5,-13.13,32.15,19.08,-0.060000000000002274
0.001611922,1,169.4,-163.8,5.605,-0.005000000000006111
0.001611922,3,115.2,-115.2,0.0,0.0
0.001611922,2,169.7,-164.0,5.634,0.06599999999998829
0.001611922,4,115.3,-115.3,0.0,0.0
0.001611922,5,-13.12,32.15,19.09,-0.05999999999999872
0.001613957,1,169.4,-163.8,5.605,-0.005000000000006111
0.001613957,3,115.3,-115.3,0.0,0.0
0.001613957,2,169.7,-164.0,5.634,0.06599999999998829
0.001613957,4,115.4,-115.4,0.0,0.0
0.001613957,5,-13.11,32.15,19.1,-0.060000000000002274
0.001615975,1,169.4,-163.8,5.605,-0.005000000000006111
0.001615975,3,115.4,-115.4,0.0,0.0
0.001615975,2,169.7,-164.0,5.634,0.06599999999998829
0.001615975,4,115.5,-115.5,0.0,0.0
0.001615975,5,-13.11,32.16,19.11,-0.060000000000002274
0.001617927,1,169.4,-163.8,5.605,-0.005000000000006111
0.001617927,3,115.4,-115.4,0.0,0.0
0.001617927,2,169.7,-164.0,5.634,0.06599999999998829
0.001617927,4,115.6,-115.6,0.0,0.0
0.001617927,5,-13.12,32.17,19.12,-0.06999999999999673
0.001619972,1,169.4,-163.8,5.605,-0.005000000000006111
0.001619972,3,115.5,-115.5,0.0,0.0
0.001619972,2,169.7,-164.0,5.634,0.06599999999998829
0.001619972,4,115.6,-115.6,0.0,0.0
0.001619972,5,-13.13,32.19,19.13,-0.07000000000000384
0.00162193,1,169.4,-163.8,5.605,-0.005000000000006111
0.00162193,3,115.6,-115.6,0.0,0.0
0.00162193,2,169.7,-164.0,5.634,0.06599999999998829
0.00162193,4,115.7,-115.7,0.0,0.0
0.00162193,5,-13.15,32.2,19.14,-0.0899999999999963
0.001623963,1,169.4,-163.8,5.605,-0.005000000000006111
0.001623963,3,115.7,-115.7,0.0,0.0
0.001623963,2,169.7,-164.0,5.634,0.06599999999998829
0.001623963,4,115.8,-115.8,0.0,0.0
0.001623963,5,-13.16,32.23,19.15,-0.08000000000000185
0.001625919,1,169.4,-163.8,5.605,-0.005000000000006111
0.001625919,3,115.8,-115.8,0.0,0.0
0.001625919,2,169.7,-164.0,5.634,0.06599999999998829
0.001625919,4,115.9,-115.9,0.0,0.0
0.001625919,5,-13.18,32.24,19.16,-0.09999999999999787
0.001627983,1,169.4,-163.8,5.605,-0.005000000000006111
0.001627983,3,115.9,-115.9,0.0,0.0
0.001627983,2,169.7,-164.0,5.634,0.06599999999998829
0.001627983,4,116.0,-116.0,0.0,0.0
0.001627983,5,-13.2,32.26,19.17,-0.11000000000000298
0.001629966,1,169.4,-163.8,5.605,-0.005000000000006111
0.001629966,3,115.9,-115.9,0.0,0.0
0.001629966,2,169.7,-164.0,5.634,0.06599999999998829
0.001629966,4,116.1,-116.1,0.0,0.0
0.001629966,5,-13.21,32.27,19.17,-0.10999999999999943
0.001631944,1,169.4,-163.8,5.605,-0.005000000000006111
0.001631944,3,116.0,-116.0,0.0,0.0
0.001631944,2,169.7,-164.0,5.634,0.06599999999998829
0.001631944,4,116.1,-116.1,0.0,0.0
0.001631944,5,-13.22,32.28,19.18,-0.11999999999999744
0.001633972,1,169.4,-163.8,5.605,-0.005000000000006111
0.001633972,3,116.1,-116.1,0.0,0.0
0.001633972,2,169.7,-164.0,5.634,0.06599999999998829
0.001633972,4,116.2,-116.2,0.0,0.0
0.001633972,5,-13.23,32.29,19.18,-0.120000000000001
0.00163592,1,169.4,-163.8,5.605,-0.005000000000006111
0.00163592,3,116.2,-116.2,0.0,0.0
0.00163592,2,169.7,-164.0,5.634,0.06599999999998829
0.00163592,4,116.3,-116.3,0.0,0.0
0.00163592,5,-13.23,32.3,19.19,-0.12000000000000455
0.001637986,1,169.4,-163.8,5.605,-0.005000000000006111
0.001637986,3,116.3,-116.3,0.0,0.0
0.001637986,2,169.7,-164.0,5.634,0.06599999999998829
0.001637986,4,116.4,-116.4,0.0,0.0
0.001637986,5,-13.22,32.31,19.2,-0.10999999999999588
0.001639951,1,169.4,-163.8,5.605,-0.005000000000006111
0.001639951,3,116.3,-116.3,0.0,0.0
0.001639951,2,169.7,-164.0,5.634,0.06599999999998829
0.001639951,4,116.5,-116.5,0.0,0.0
0.001639951,5,-13.21,32.31,19.2,-0.09999999999999787
0.001641971,1,169.4,-163.8,5.605,-0.005000000000006111
0.001641971,3,116.4,-116.4,0.0,0.0
0.001641971,2,169.7,-164.0,5.634,0.06599999999998829
0.001641971,4,116.5,-116.5,0.0,0.0
0.001641971,5,-13.19,32.3,19.21,-0.10000000000000142
0.001643913,1,169.4,-163.8,5.605,-0.005000000000006111
0.001643913,3,116.5,-116.5,0.0,0.0
0.001643913,2,169.7,-164.0,5.634,0.06599999999998829
0.001643913,4,116.6,-116.6,0.0,0.0
0.001643913,5,-13.17,32.3,19.22,-0.09000000000000341
0.001645969,1,169.4,-163.8,5.605,-0.005000000000006111
0.001645969,3,116.6,-116.6,0.0,0.0
0.001645969,2,169.7,-164.0,5.634,0.06599999999998829
0.001645969,4,116.7,-116.7,0.0,0.0
0.001645969,5,-13.16,32.3,19.24,-0.10000000000000142
0.001647934,1,169.4,-163.8,5.605,-0.005000000000006111
0.001647934,3,116.7,-116.7,0.0,0.0
0.001647934,2,169.7,-164.0,5.634,0.06599999999998829
0.001647934,4,116.8,-116.8,0.0,0.0
0.001647934,5,-13.16,32.31,19.25,-0.09999999999999787
0.001649976,1,169.4,-163.8,5.605,-0.005000000000006111
0.001649976,3,116.8,-116.8,0.0,0.0
0.001649976,2,169.7,-164.0,5.634,0.06599999999998829
0.001649976,4,116.9,-116.9,0.0,0.0
0.001649976,5,-13.16,32.32,19.26,-0.10000000000000142
0.001651913,1,169.4,-163.8,5.605,-0.005000000000006111
0.001651913,3,116.8,-116.8,0.0,0.0
0.001651913,2,169.7,-164.0,5.634,0.06599999999998829
0.001651913,4,116.9,-116.9,0.0,0.0
0.001651913,5,-13.17,32.33,19.27,-0.11000000000000298
0.001653952,1,169.4,-163.8,5.605,-0.005000000000006111
0.001653952,3,116.9,-116.9,0.0,0.0
0.001653952,2,169.7,-164.0,5.634,0.06599999999998829
0.001653952,4,117.0,-117.0,0.0,0.0
0.001653952,5,-13.19,32.35,19.27,-0.10999999999999588
0.001655911,1,169.4,-163.8,5.605,-0.005000000000006111
0.001655911,3,117.0,-117.0,0.0,0.0
0.001655911,2,169.7,-164.0,5.634,0.06599999999998829
0.001655911,4,117.1,-117.1,0.0,0.0
0.001655911,5,-13.21,32.37,19.28,-0.12000000000000455
0.00165795,1,169.4,-163.8,5.605,-0.005000000000006111
0.00165795,3,117.1,-117.1,0.0,0.0
0.00165795,2,169.7,-164.0,5.634,0.06599999999998829
0.00165795,4,117.2,-117.2,0.0,0.0
0.00165795,5,-13.22,32.4,19.29,-0.10999999999999943
0.001659966,1,169.4,-163.8,5.605,-0.005000000000006111
0.001659966,3,117.2,-117.2,0.0,0.0
0.001659966,2,169.7,-164.0,5.634,0.06599999999998829
0.001659966,4,117.3,-117.3,0.0,0.0
0.001659966,5,-13.24,32.43,19.29,-0.10000000000000142
0.001661915,1,169.4,-163.8,5.605,-0.005000000000006111
0.001661915,3,117.2,-117.2,0.0,0.0
0.001661915,2,169.7,-164.0,5.634,0.06599999999998829
0.001661915,4,117.3,-117.3,0.0,0.0
0.001661915,5,-13.27,32.45,19.3,-0.11999999999999744
0.00166396,1,169.4,-163.8,5.605,-0.005000000000006111
0.00166396,3,117.3,-117.3,0.0,0.0
0.00166396,2,169.7,-164.0,5.634,0.06599999999998829
0.00166396,4,117.4,-117.4,0.0,0.0
0.00166396,5,-13.29,32.49,19.3,-0.09999999999999787
0.001665916,1,169.4,-163.8,5.605,-0.005000000000006111
0.001665916,3,117.4,-117.4,0.0,0.0
0.001665916,2,169.7,-164.0,5.634,0.06599999999998829
0.001665916,4,117.5,-117.5,0.0,0.0
0.001665916,5,-13.32,32.52,19.31,-0.10999999999999588
0.001667957,1,169.4,-163.8,5.605,-0.005000000000006111
0.001667957,3,117.5,-117.5,0.0,0.0
0.001667957,2,169.7,-164.0,5.634,0.06599999999998829
0.001667957,4,117.6,-117.6,0.0,0.0
0.001667957,5,-13.36,32.55,19.31,-0.120000000000001
0.001669986,1,169.4,-163.8,5.605,-0.005000000000006111
0.001669986,3,117.6,-117.6,0.0,0.0
0.001669986,2,169.7,-164.0,5.634,0.06599999999998829
0.001669986,4,117.7,-117.7,0.0,0.0
0.001669986,5,-13.39,32.58,19.32,-0.13000000000000256
0.001671931,1,169.4,-163.8,5.605,-0.005000000000006111
0.001671931,3,117.6,-117.6,0.0,0.0
0.001671931,2,169.7,-164.0,5.634,0.06599999999998829
0.001671931,4,117.8,-117.8,0.0,0.0
0.001671931,5,-13.41,32.6,19.32,-0.129999999999999
0.001673993,1,169.4,-163.8,5.605,-0.005000000000006111
0.001673993,3,117.7,-117.7,0.0,0.0
0.001673993,2,169.7,-164.0,5.634,0.06599999999998829
0.001673993,4,117.8,-117.8,0.0,0.0
0.001673993,5,-13.44,32.62,19.33,-0.14999999999999858
0.001675953,1,169.4,-163.8,5.605,-0.005000000000006111
0.001675953,3,117.8,-117.8,0.0,0.0
0.001675953,2,169.7,-164.0,5.634,0.06599999999998829
0.001675953,4,117.9,-117.9,0.0,0.0
0.001675953,5,-13.46,32.64,19.33,-0.14999999999999858
0.001677963,1,169.4,-163.8,5.605,-0.005000000000006111
0.001677963,3,117.9,-117.9,0.0,0.0
0.001677963,2,169.7,-164.0,5.634,0.06599999999998829
0.001677963,4,118.0,-118.0,0.0,0.0
0.001677963,5,-13.47,32.67,19.33,-0.12999999999999545
0.001679983,1,169.4,-163.8,5.605,-0.005000000000006111
0.001679983,3,118.0,-118.0,0.0,0.0
0.001679983,2,169.7,-164.0,5.634,0.06599999999998829
0.001679983,4,118.1,-118.1,0.0,0.0
0.001679983,5,-13.5,32.7,19.34,-0.13999999999999702
0.001681957,1,169.4,-163.8,5.605,-0.005000000000006111
0.001681957,3,118.0,-118.0,0.0,0.0
0.001681957,2,169.7,-164.0,5.634,0.06599999999998829
0.001681957,4,118.2,-118.2,0.0,0.0
0.001681957,5,-13.52,32.73,19.34,-0.13000000000000256
0.001683994,1,169.4,-163.8,5.605,-0.005000000000006111
0.001683994,3,118.1,-118.1,0.0,0.0
0.001683994,2,169.7,-164.0,5.634,0.06599999999998829
0.001683994,4,118.2,-118.2,0.0,0.0
0.001683994,5,-13.55,32.76,19.35,-0.14000000000000412
0.001685926,1,169.4,-163.8,5.605,-0.005000000000006111
0.001685926,3,118.2,-118.2,0.0,0.0
0.001685926,2,169.7,-164.0,5.634,0.06599999999998829
0.001685926,4,118.3,-118.3,0.0,0.0
0.001685926,5,-13.57,32.8,19.35,-0.12000000000000455
0.001687965,1,169.4,-163.8,5.605,-0.005000000000006111
0.001687965,3,118.3,-118.3,0.0,0.0
0.001687965,2,169.7,-164.0,5.634,0.06599999999998829
0.001687965,4,118.4,-118.4,0.0,0.0
0.001687965,5,-13.6,32.85,19.36,-0.10999999999999943
0.001689923,1,169.4,-163.8,5.605,-0.005000000000006111
0.001689923,3,118.4,-118.4,0.0,0.0
0.001689923,2,169.7,-164.0,5.634,0.06599999999998829
0.001689923,4,118.5,-118.5,0.0,0.0
0.001689923,5,-13.63,32.91,19.37,-0.09000000000000696
0.00169197,1,169.4,-163.8,5.605,-0.005000000000006111
0.00169197,3,118.4,-118.4,0.0,0.0
0.00169197,2,169.7,-164.0,5.634,0.06599999999998829
0.00169197,4,118.6,-118.6,0.0,0.0
0.00169197,5,-13.65,32.97,19.38,-0.05999999999999872
0.001693929,1,169.4,-163.8,5.605,-0.005000000000006111
0.001693929,3,118.5,-118.5,0.0,0.0
0.001693929,2,169.7,-164.0,5.634,0.06599999999998829
0.001693929,4,118.6,-118.6,0.0,0.0
0.001693929,5,-13.68,33.02,19.39,-0.04999999999999716
0.00169596,1,169.4,-163.8,5.605,-0.005000000000006111
0.00169596,3,118.6,-118.6,0.0,0.0
0.00169596,2,169.7,-164.0,5.634,0.06599999999998829
0.00169596,4,118.7,-118.7,0.0,0.0
0.00169596,5,-13.7,33.08,19.4,-0.019999999999999574
0.001697919,1,169.4,-163.8,5.605,-0.005000000000006111
0.001697919,3,118.7,-118.7,0.0,0.0
0.001697919,2,169.7,-164.0,5.634,0.06599999999998829
0.001697919,4,118.8,-118.8,0.0,0.0
0.001697919,5,-13.7,33.11,19.41,0.0
0.001699967,1,169.4,-163.8,5.605,-0.005000000000006111
0.001699967,3,118.8,-118.8,0.0,0.0
0.001699967,2,169.7,-164.0,5.634,0.06599999999998829
0.001699967,4,118.9,-118.9,0.0,0.0
0.001699967,5,-13.75,33.14,19.43,-0.03999999999999915
0.001701922,1,169.4,-163.8,5.605,-0.005000000000006111
0.001701922,3,118.8,-118.8,0.0,0.0
0.001701922,2,169.7,-164.0,5.634,0.06599999999998829
0.001701922,4,119.0,-119.0,0.0,0.0
0.001701922,5,-13.81,33.18,19.44,-0.07000000000000384
0.001703931,1,169.4,-163.8,5.605,-0.005000000000006111
0.001703931,3,118.9,-118.9,0.0,0.0
0.001703931,2,169.7,-164.0,5.634,0.06599999999998829
0.001703931,4,119.0,-119.0,0.0,0.0
0.001703931,5,-13.85,33.22,19.45,-0.08000000000000185
0.001705983,1,169.4,-163.8,5.605,-0.005000000000006111
0.001705983,3,119.0,-119.0,0.0,0.0
0.001705983,2,169.7,-164.0,5.634,0.06599999999998829
0.001705983,4,119.1,-119.1,0.0,0.0
0.001705983,5,-13.88,33.24,19.46,-0.10000000000000142
0.001707948,1,169.4,-163.8,5.605,-0.005000000000006111
0.001707948,3,119.1,-119.1,0.0,0.0
0.001707948,2,169.7,-164.0,5.634,0.06599999999998829
0.001707948,4,119.2,-119.2,0.0,0.0
0.001707948,5,-13.88,33.25,19.47,-0.10000000000000142
0.001709993,1,169.4,-163.8,5.605,-0.005000000000006111
0.001709993,3,119.2,-119.2,0.0,0.0
0.001709993,2,169.7,-164.0,5.634,0.06599999999998829
0.001709993,4,119.3,-119.3,0.0,0.0
0.001709993,5,-13.87,33.25,19.48,-0.09999999999999787
0.001711937,1,169.4,-163.8,5.605,-0.005000000000006111
0.001711937,3,119.2,-119.2,0.0,0.0
0.001711937,2,169.7,-164.0,5.634,0.06599999999998829
0.001711937,4,119.4,-119.3,0.0,0.10000000000000853
0.001711937,5,-13.86,33.25,19.48,-0.08999999999999986
0.001713968,1,169.4,-163.8,5.605,-0.005000000000006111
0.001713968,3,119.3,-119.3,0.0,0.0
0.001713968,2,169.7,-164.0,5.634,0.06599999999998829
0.001713968,4,119.4,-119.4,0.0,0.0
0.001713968,5,-13.85,33.24,19.49,-0.09999999999999787
0.001715915,1,169.4,-163.8,5.605,-0.005000000000006111
0.001715915,3,119.4,-119.4,0.0,0.0
0.001715915,2,169.7,-164.0,5.634,0.06599999999998829
0.001715915,4,119.5,-119.5,0.0,0.0
0.001715915,5,-13.83,33.23,19.5,-0.10000000000000142
0.001717948,1,169.4,-163.8,5.605,-0.005000000000006111
0.001717948,3,119.5,-119.5,0.0,0.0
0.001717948,2,169.7,-164.0,5.634,0.06599999999998829
0.001717948,4,119.6,-119.6,0.0,0.0
0.001717948,5,-13.8,33.22,19.51,-0.09000000000000341
0.001719997,1,169.4,-163.8,5.605,-0.005000000000006111
0.001719997,3,119.6,-119.6,0.0,0.0
0.001719997,2,169.7,-164.0,5.634,0.06599999999998829
0.001719997,4,119.7,-119.7,0.0,0.0
0.001719997,5,-13.77,33.19,19.52,-0.10000000000000142
0.001721941,1,169.4,-163.8,5.605,-0.005000000000006111
0.001721941,3,119.6,-119.6,0.0,0.0
0.001721941,2,169.7,-164.0,5.634,0.06599999999998829
0.001721941,4,119.7,-119.7,0.0,0.0
0.001721941,5,-13.72,33.16,19.53,-0.09000000000000341
0.001723966,1,169.4,-163.8,5.605,-0.005000000000006111
0.001723966,3,119.7,-119.7,0.0,0.0
0.001723966,2,169.7,-164.0,5.634,0.06599999999998829
0.001723966,4,119.8,-119.8,0.0,0.0
0.001723966,5,-13.67,33.12,19.54,-0.09000000000000341
0.001725983,1,169.4,-163.8,5.605,-0.005000000000006111
0.001725983,3,119.8,-119.8,0.0,0.0
0.001725983,2,169.7,-164.0,5.634,0.06599999999998829
0.001725983,4,119.9,-119.9,0.0,0.0
0.001725983,5,-13.62,33.08,19.55,-0.08999999999999986
0.001727995,1,169.4,-163.8,5.605,-0.005000000000006111
0.001727995,3,119.9,-119.9,0.0,0.0
0.001727995,2,169.7,-164.0,5.634,0.06599999999998829
0.001727995,4,120.0,-120.0,0.0,0.0
0.001727995,5,-13.52,33.03,19.56,-0.04999999999999716
0.001729914,1,169.4,-163.8,5.605,-0.005000000000006111
0.001729914,3,119.9,-119.9,0.0,0.0
0.001729914,2,169.7,-164.0,5.634,0.06599999999998829
0.001729914,4,120.1,-120.1,0.0,0.0
0.001729914,5,-13.35,32.91,19.57,-0.010000000000005116
0.001731917,1,169.4,-163.8,5.605,-0.005000000000006111
0.001731917,3,120.0,-120.0,0.0,0.0
0.001731917,2,169.7,-164.0,5.634,0.06599999999998829
0.001731917,4,120.1,-120.1,0.0,0.0
0.001731917,5,-13.12,32.74,19.58,0.04000000000000625
0.001733917,1,169.4,-163.8,5.605,-0.005000000000006111
0.001733917,3,120.1,-120.1,0.0,0.0
0.001733917,2,169.7,-164.0,5.634,0.06599999999998829
0.001733917,4,120.2,-120.2,0.0,0.0
0.001733917,5,-12.83,32.52,19.59,0.10000000000000497
0.001735914,1,169.4,-163.8,5.605,-0.005000000000006111
0.001735914,3,120.2,-120.2,0.0,0.0
0.001735914,2,169.7,-164.0,5.634,0.06599999999998829
0.001735914,4,120.3,-120.3,0.0,0.0
0.001735914,5,-12.5,32.25,19.61,0.14000000000000057
0.001737941,1,169.4,-163.8,5.605,-0.005000000000006111
0.001737941,3,120.3,-120.3,0.0,0.0
0.001737941,2,169.7,-164.0,5.634,0.06599999999998829
0.001737941,4,120.4,-120.4,0.0,0.0
0.001737941,5,-12.17,31.96,19.64,0.14999999999999858
0.001739954,1,169.4,-163.8,5.605,-0.005000000000006111
0.001739954,3,120.3,-120.3,0.0,0.0
0.001739954,2,169.7,-164.0,5.634,0.06599999999998829
0.001739954,4,120.5,-120.5,0.0,0.0
0.001739954,5,-11.83,31.69,19.67,0.18999999999999773
0.001741962,1,169.4,-163.8,5.605,-0.005000000000006111
0.001741962,3,120.4,-120.4,0.0,0.0
0.001741962,2,169.7,-164.0,5.634,0.06599999999998829
0.001741962,4,120.5,-120.5,0.0,0.0
0.001741962,5,-11.51,31.42,19.71,0.20000000000000284
0.001743929,1,169.4,-163.8,5.605,-0.005000000000006111
0.001743929,3,120.5,-120.5,0.0,0.0
0.001743929,2,169.7,-164.0,5.634,0.06599999999998829
0.001743929,4,120.6,-120.6,0.0,0.0
0.001743929,5,-11.17,31.17,19.76,0.23999999999999844
0.001745963,1,169.4,-163.8,5.605,-0.005000000000006111
0.001745963,3,120.6,-120.6,0.0,0.0
0.001745963,2,169.7,-164.0,5.634,0.06599999999998829
0.001745963,4,120.7,-120.7,0.0,0.0
0.001745963,5,-10.76,30.86,19.81,0.2900000000000027
0.001747991,1,169.4,-163.8,5.605,-0.005000000000006111
0.001747991,3,120.7,-120.7,0.0,0.0
0.001747991,2,169.7,-164.0,5.634,0.06599999999998829
0.001747991,4,120.8,-120.8,0.0,0.0
0.001747991,5,-10.28,30.51,19.87,0.360000000000003
0.001749949,1,169.4,-163.8,5.605,-0.005000000000006111
0.001749949,3,120.7,-120.7,0.0,0.0
0.001749949,2,169.7,-164.0,5.634,0.06599999999998829
0.001749949,4,120.9,-120.9,0.0,0.0
0.001749949,5,-9.804,30.12,19.93,0.3860000000000028
0.001751982,1,169.4,-163.8,5.605,-0.005000000000006111
0.001751982,3,120.8,-120.8,0.0,0.0
0.001751982,2,169.7,-164.0,5.634,0.06599999999998829
0.001751982,4,120.9,-120.9,0.0,0.0
0.001751982,5,-9.308,29.71,20.0,0.402000000000001
0.001753987,1,169.4,-163.8,5.605,-0.005000000000006111
0.001753987,3,120.9,-120.9,0.0,0.0
0.001753987,2,169.7,-164.0,5.634,0.06599999999998829
0.001753987,4,121.0,-121.0,0.0,0.0
0.001753987,5,-8.845,29.29,20.05,0.3949999999999996
0.001755924,1,169.4,-163.8,5.605,-0.005000000000006111
0.001755924,3,121.0,-121.0,0.0,0.0
0.001755924,2,169.7,-164.0,5.634,0.06599999999998829
0.001755924,4,121.1,-121.1,0.0,0.0
0.001755924,5,-8.478,28.95,20.11,0.3620000000000019
0.001757977,1,169.4,-163.8,5.605,-0.005000000000006111
0.001757977,3,121.1,-121.0,0.0,0.09999999999999432
0.001757977,2,169.7,-164.0,5.634,0.06599999999998829
0.001757977,4,121.2,-121.2,0.0,0.0
0.001757977,5,-8.174,28.68,20.17,0.3359999999999985
0.001759942,1,169.4,-163.8,5.605,-0.005000000000006111
0.001759942,3,121.1,-121.1,0.0,0.0
0.001759942,2,169.7,-164.0,5.634,0.06599999999998829
0.001759942,4,121.2,-121.2,0.0,0.0
0.001759942,5,-7.968,28.49,20.22,0.3019999999999996
0.001761997,1,169.4,-163.8,5.605,-0.005000000000006111
0.001761997,3,121.2,-121.2,0.0,0.0
0.001761997,2,169.7,-164.0,5.634,0.06599999999998829
0.001761997,4,121.3,-121.3,0.0,0.0
0.001761997,5,-7.83,28.38,20.28,0.269999999999996
0.001763947,1,169.4,-163.8,5.605,-0.005000000000006111
0.001763947,3,121.3,-121.3,0.0,0.0
0.001763947,2,169.7,-164.0,5.634,0.06599999999998829
0.001763947,4,121.4,-121.4,0.0,0.0
0.001763947,5,-7.769,28.33,20.34,0.22100000000000009
0.00176598,1,169.4,-163.8,5.605,-0.005000000000006111
0.00176598,3,121.4,-121.4,0.0,0.0
0.00176598,2,169.7,-164.0,5.634,0.06599999999998829
0.00176598,4,121.5,-121.5,0.0,0.0
0.00176598,5,-7.752,28.34,20.39,0.1980000000000004
0.001767945,1,169.4,-163.8,5.605,-0.005000000000006111
0.001767945,3,121.4,-121.4,0.0,0.0
0.001767945,2,169.7,-164.0,5.634,0.06599999999998829
0.001767945,4,121.6,-121.6,0.0,0.0
0.001767945,5,-7.763,28.38,20.44,0.17699999999999605
0.001769999,1,169.4,-163.8,5.605,-0.005000000000006111
0.001769999,3,121.5,-121.5,0.0,0.0
0.001769999,2,169.7,-164.0,5.634,0.06599999999998829
0.001769999,4,121.6,-121.6,0.0,0.0
0.001769999,5,-7.807,28.45,20.49,0.15300000000000225
0.001771914,1,169.4,-163.8,5.605,-0.005000000000006111
0.001771914,3,121.6,-121.6,0.0,0.0
0.001771914,2,169.7,-164.0,5.634,0.06599999999998829
0.001771914,4,121.7,-121.7,0.0,0.0
0.001771914,5,-7.863,28.53,20.54,0.12700000000000244
0.001773951,1,169.4,-163.8,5.605,-0.005000000000006111
0.001773951,3,121.7,-121.7,0.0,0.0
0.001773951,2,169.7,-164.0,5.634,0.06599999999998829
0.001773951,4,121.8,-121.8,0.0,0.0
0.001773951,5,-7.929,28.61,20.58,0.10099999999999909
0.001775915,1,169.4,-163.8,5.605,-0.005000000000006111
0.001775915,3,121.8,-121.7,0.0,0.09999999999999432
0.001775915,2,169.7,-164.0,5.634,0.06599999999998829
0.001775915,4,121.9,-121.9,0.0,0.0
0.001775915,5,-7.999,28.7,20.61,0.09100000000000108
0.00177797,1,169.4,-163.8,5.605,-0.005000000000006111
0.00177797,3,121.8,-121.8,0.0,0.0
0.00177797,2,169.7,-164.0,5.634,0.06599999999998829
0.00177797,4,121.9,-121.9,0.0,0.0
0.00177797,5,-8.062,28.78,20.64,0.07800000000000296
0.001779915,1,169.4,-163.8,5.605,-0.005000000000006111
0.001779915,3,121.9,-121.9,0.0,0.0
0.001779915,2,169.7,-164.0,5.634,0.06599999999998829
0.001779915,4,122.0,-122.0,0.0,0.0
0.001779915,5,-8.105,28.84,20.67,0.06499999999999773
0.001781952,1,169.4,-163.8,5.605,-0.005000000000006111
0.001781952,3,122.0,-122.0,0.0,0.0
0.001781952,2,169.7,-164.0,5.634,0.06599999999998829
0.001781952,4,122.1,-122.1,0.0,0.0
0.001781952,5,-8.139,28.9,20.69,0.07099999999999795
0.001783919,1,169.4,-163.8,5.605,-0.005000000000006111
0.001783919,3,122.1,-122.1,0.0,0.0
0.001783919,2,169.7,-164.0,5.634,0.06599999999998829
0.001783919,4,122.2,-122.2,0.0,0.0
0.001783919,5,-8.159,28.94,20.72,0.06099999999999994
0.001785997,1,169.4,-163.8,5.605,-0.005000000000006111
0.001785997,3,122.1,-122.1,0.0,0.0
0.001785997,2,169.7,-164.0,5.634,0.06599999999998829
0.001785997,4,122.3,-122.3,0.0,0.0
0.001785997,5,-8.156,28.96,20.74,0.06400000000000361
0.001787973,1,169.4,-163.8,5.605,-0.005000000000006111
0.001787973,3,122.2,-122.2,0.0,0.0
0.001787973,2,169.7,-164.0,5.634,0.06599999999998829
0.001787973,4,122.3,-122.3,0.0,0.0
0.001787973,5,-8.147,28.96,20.76,0.053000000000000824
0.001789976,1,169.4,-163.8,5.605,-0.005000000000006111
0.001789976,3,122.3,-122.3,0.0,0.0
0.001789976,2,169.7,-164.0,5.634,0.06599999999998829
0.001789976,4,122.4,-122.4,0.0,0.0
0.001789976,5,-8.143,28.97,20.77,0.05699999999999861
0.001791999,1,169.4,-163.8,5.605,-0.005000000000006111
0.001791999,3,122.4,-122.4,0.0,0.0
0.001791999,2,169.7,-164.0,5.634,0.06599999999998829
0.001791999,4,122.5,-122.5,0.0,0.0
0.001791999,5,-8.142,28.97,20.79,0.038000000000000256
0.001793972,1,169.4,-163.8,5.605,-0.005000000000006111
0.001793972,3,122.5,-122.5,0.0,0.0
0.001793972,2,169.7,-164.0,5.634,0.06599999999998829
0.001793972,4,122.6,-122.6,0.0,0.0
0.001793972,5,-8.15,28.97,20.8,0.019999999999999574
0.001795949,1,169.4,-163.8,5.605,-0.005000000000006111
0.001795949,3,122.5,-122.5,0.0,0.0
0.001795949,2,169.7,-164.0,5.634,0.06599999999998829
0.001795949,4,122.7,-122.6,0.0,0.10000000000000853
0.001795949,5,-8.171,28.99,20.81,0.009000000000000341
0.001797967,1,169.4,-163.8,5.605,-0.005000000000006111
0.001797967,3,122.6,-122.6,0.0,0.0
0.001797967,2,169.7,-164.0,5.634,0.06599999999998829
0.001797967,4,122.7,-122.7,0.0,0.0
0.001797967,5,-8.203,29.01,20.81,-0.002999999999996561
0.001799995,1,169.4,-163.8,5.605,-0.005000000000006111
0.001799995,3,122.7,-122.7,0.0,0.0
0.001799995,2,169.7,-164.0,5.634,0.06599999999998829
0.001799995,4,122.8,-122.8,0.0,0.0
0.001799995,5,-8.239,29.04,20.82,-0.019000000000001904
0.001801962,1,169.4,-163.8,5.605,-0.005000000000006111
0.001801962,3,122.8,-122.8,0.0,0.0
0.001801962,2,169.7,-164.0,5.634,0.06599999999998829
0.001801962,4,122.9,-122.9,0.0,0.0
0.001801962,5,-8.273,29.07,20.83,-0.0329999999999977
0.00180393,1,169.4,-163.8,5.605,-0.005000000000006111
0.00180393,3,122.8,-122.8,0.0,0.0
0.00180393,2,169.7,-164.0,5.634,0.06599999999998829
0.00180393,4,123.0,-123.0,0.0,0.0
0.00180393,5,-8.302,29.1,20.83,-0.031999999999996476
0.00180599,1,169.4,-163.8,5.605,-0.005000000000006111
0.00180599,3,122.9,-122.9,0.0,0.0
0.00180599,2,169.7,-164.0,5.634,0.06599999999998829
0.00180599,4,123.0,-123.0,0.0,0.0
0.00180599,5,-8.327,29.13,20.83,-0.027000000000001023
0.001807914,1,169.4,-163.8,5.605,-0.005000000000006111
0.001807914,3,123.0,-123.0,0.0,0.0
0.001807914,2,169.7,-164.0,5.634,0.06599999999998829
0.001807914,4,123.1,-123.1,0.0,0.0
0.001807914,5,-8.347,29.16,20.84,-0.02699999999999747
0.001809948,1,169.4,-163.8,5.605,-0.005000000000006111
0.001809948,3,123.1,-123.1,0.0,0.0
0.001809948,2,169.7,-164.0,5.634,0.06599999999998829
0.001809948,4,123.2,-123.2,0.0,0.0
0.001809948,5,-8.369,29.19,20.84,-0.01899999999999835
0.001811915,1,169.4,-163.8,5.605,-0.005000000000006111
0.001811915,3,123.2,-123.1,0.0,0.10000000000000853
0.001811915,2,169.7,-164.0,5.634,0.06599999999998829
0.001811915,4,123.3,-123.3,0.0,0.0
0.001811915,5,-8.392,29.23,20.84,-0.0019999999999988916
0.001813963,1,169.4,-163.8,5.605,-0.005000000000006111
0.001813963,3,123.2,-123.2,0.0,0.0
0.001813963,2,169.7,-164.0,5.634,0.06599999999998829
0.001813963,4,123.3,-123.3,0.0,0.0
0.001813963,5,-8.417,29.26,20.85,-0.006999999999997897
0.001815997,1,169.4,-163.8,5.605,-0.005000000000006111
0.001815997,3,123.3,-123.3,0.0,0.0
0.001815997,2,169.7,-164.0,5.634,0.06599999999998829
0.001815997,4,123.4,-123.4,0.0,0.0
0.001815997,5,-8.442,29.3,20.85,0.007999999999999119
0.001817956,1,169.4,-163.8,5.605,-0.005000000000006111
0.001817956,3,123.4,-123.4,0.0,0.0
0.001817956,2,169.7,-164.0,5.634,0.06599999999998829
0.001817956,4,123.5,-123.5,0.0,0.0
0.001817956,5,-8.468,29.33,20.85,0.011999999999996902
0.001819915,1,169.4,-163.8,5.605,-0.005000000000006111
0.001819915,3,123.5,-123.5,0.0,0.0
0.001819915,2,169.7,-164.0,5.634,0.06599999999998829
0.001819915,4,123.6,-123.6,0.0,0.0
0.001819915,5,-8.494,29.37,20.86,0.01600000000000179
0.001821963,1,169.4,-163.8,5.605,-0.005000000000006111
0.001821963,3,123.5,-123.5,0.0,0.0
0.001821963,2,169.7,-164.0,5.634,0.06599999999998829
0.001821963,4,123.7,-123.7,0.0,0.0
0.001821963,5,-8.522,29.4,20.86,0.018000000000000682
0.001823979,1,169.4,-163.8,5.605,-0.005000000000006111
0.001823979,3,123.6,-123.6,0.0,0.0
0.001823979,2,169.7,-164.0,5.634,0.06599999999998829
0.001823979,4,123.7,-123.7,0.0,0.0
0.001823979,5,-8.548,29.44,20.86,0.03200000000000358
0.001825997,1,169.4,-163.8,5.605,-0.005000000000006111
0.001825997,3,123.7,-123.7,0.0,0.0
0.001825997,2,169.7,-164.0,5.634,0.06599999999998829
0.001825997,4,123.8,-123.8,0.0,0.0
0.001825997,5,-8.574,29.48,20.87,0.03599999999999781
0.001827951,1,169.4,-163.8,5.605,-0.005000000000006111
0.001827951,3,123.8,-123.8,0.0,0.0
0.001827951,2,169.7,-164.0,5.634,0.06599999999998829
0.001827951,4,123.9,-123.9,0.0,0.0
0.001827951,5,-8.599,29.51,20.87,0.04100000000000037
0.001829997,1,169.4,-163.8,5.605,-0.005000000000006111
0.001829997,3,123.8,-123.8,0.0,0.0
0.001829997,2,169.7,-164.0,5.634,0.06599999999998829
0.001829997,4,124.0,-124.0,0.0,0.0
0.001829997,5,-8.627,29.55,20.88,0.043000000000002814
0.001831944,1,169.4,-163.8,5.605,-0.005000000000006111
0.001831944,3,123.9,-123.9,0.0,0.0
0.001831944,2,169.7,-164.0,5.634,0.06599999999998829
0.001831944,4,124.0,-124.0,0.0,0.0
0.001831944,5,-8.654,29.58,20.89,0.03599999999999781
0.00183396,1,169.4,-163.8,5.605,-0.005000000000006111
0.00183396,3,124.0,-124.0,0.0,0.0
0.00183396,2,169.7,-164.0,5.634,0.06599999999998829
0.00183396,4,124.1,-124.1,0.0,0.0
0.00183396,5,-8.68,29.62,20.89,0.05000000000000071
0.001835995,1,169.4,-163.8,5.605,-0.005000000000006111
0.001835995,3,124.1,-124.1,0.0,0.0
0.001835995,2,169.7,-164.0,5.634,0.06599999999998829
0.001835995,4,124.2,-124.2,0.0,0.0
0.001835995,5,-8.702,29.65,20.9,0.04800000000000182
0.001837936,1,169.4,-163.8,5.605,-0.005000000000006111
0.001837936,3,124.2,-124.2,0.0,0.0
0.001837936,2,169.7,-164.0,5.634,0.06599999999998829
0.001837936,4,124.3,-124.3,0.0,0.0
0.001837936,5,-8.715,29.67,20.9,0.05500000000000327
0.001839958,1,169.4,-163.8,5.605,-0.005000000000006111
0.001839958,3,124.2,-124.2,0.0,0.0
0.001839958,2,169.7,-164.0,5.634,0.06599999999998829
0.001839958,4,124.4,-124.4,0.0,0.0
0.001839958,5,-8.719,29.68,20.91,0.05099999999999838
0.00184195,1,169.4,-163.8,5.605,-0.005000000000006111
0.00184195,3,124.3,-124.3,0.0,0.0
0.00184195,2,169.7,-164.0,5.634,0.06599999999998829
0.00184195,4,124.4,-124.4,0.0,0.0
0.00184195,5,-8.712,29.69,20.92,0.05799999999999983
0.00184395,1,169.4,-163.8,5.605,-0.005000000000006111
0.00184395,3,124.4,-124.4,0.0,0.0
0.00184395,2,169.7,-164.0,5.634,0.06599999999998829
0.00184395,4,124.5,-124.5,0.0,0.0
0.00184395,5,-8.697,29.7,20.94,0.06299999999999883
0.001845963,1,169.4,-163.8,5.605,-0.005000000000006111
0.001845963,3,124.5,-124.5,0.0,0.0
0.001845963,2,169.7,-164.0,5.634,0.06599999999998829
0.001845963,4,124.6,-124.6,0.0,0.0
0.001845963,5,-8.68,29.7,20.95,0.07000000000000028
0.001847976,1,169.4,-163.8,5.605,-0.005000000000006111
0.001847976,3,124.5,-124.5,0.0,0.0
0.001847976,2,169.7,-164.0,5.634,0.06599999999998829
0.001847976,4,124.7,-124.7,0.0,0.0
0.001847976,5,-8.664,29.71,20.97,0.07600000000000051
0.001849988,1,169.4,-163.8,5.605,-0.005000000000006111
0.001849988,3,124.6,-124.6,0.0,0.0
0.001849988,2,169.7,-164.0,5.634,0.06599999999998829
0.001849988,4,124.7,-124.7,0.0,0.0
0.001849988,5,-8.652,29.73,20.99,0.08800000000000452
0.001851921,1,169.4,-163.8,5.605,-0.005000000000006111
0.001851921,3,124.7,-124.7,0.0,0.0
0.001851921,2,169.7,-164.0,5.634,0.06599999999998829
0.001851921,4,124.8,-124.8,0.0,0.0
0.001851921,5,-8.647,29.77,21.01,0.11299999999999599
0.001853971,1,169.4,-163.8,5.605,-0.005000000000006111
0.001853971,3,124.8,-124.8,0.0,0.0
0.001853971,2,169.7,-164.0,5.634,0.06599999999998829
0.001853971,4,124.9,-124.9,0.0,0.0
0.001853971,5,-8.648,29.8,21.04,0.11200000000000188
0.001855932,1,169.4,-163.8,5.605,-0.005000000000006111
0.001855932,3,124.8,-124.8,0.0,0.0
0.001855932,2,169.7,-164.0,5.634,0.06599999999998829
0.001855932,4,125.0,-125.0,0.0,0.0
0.001855932,5,-8.652,29.84,21.07,0.1180000000000021
0.001857985,1,169.4,-163.8,5.605,-0.005000000000006111
0.001857985,3,124.9,-124.9,0.0,0.0
0.001857985,2,169.7,-164.0,5.634,0.06599999999998829
0.001857985,4,125.0,-125.0,0.0,0.0
0.001857985,5,-8.66,29.88,21.1,0.11999999999999744
0.001859927,1,169.4,-163.8,5.605,-0.005000000000006111
0.001859927,3,125.0,-125.0,0.0,0.0
0.001859927,2,169.7,-164.0,5.634,0.06599999999998829
0.001859927,4,125.1,-125.1,0.0,0.0
0.001859927,5,-8.673,29.92,21.12,0.1269999999999989
0.001861939,1,169.4,-163.8,5.605,-0.005000000000006111
0.001861939,3,125.1,-125.1,0.0,0.0
0.001861939,2,169.7,-164.0,5.634,0.06599999999998829
0.001861939,4,125.2,-125.2,0.0,0.0
0.001861939,5,-8.692,29.95,21.15,0.10800000000000054
0.001863986,1,169.4,-163.8,5.605,-0.005000000000006111
0.001863986,3,125.2,-125.2,0.0,0.0
0.001863986,2,169.7,-164.0,5.634,0.06599999999998829
0.001863986,4,125.3,-125.3,0.0,0.0
0.001863986,5,-8.718,29.99,21.17,0.10199999999999676
0.001865948,1,169.4,-163.8,5.605,-0.005000000000006111
0.001865948,3,125.2,-125.2,0.0,0.0
0.001865948,2,169.7,-164.0,5.634,0.06599999999998829
0.001865948,4,125.4,-125.4,0.0,0.0
0.001865948,5,-8.744,30.02,21.2,0.07600000000000051
0.001867953,1,169.4,-163.8,5.605,-0.005000000000006111
0.001867953,3,125.3,-125.3,0.0,0.0
0.001867953,2,169.7,-164.0,5.634,0.06599999999998829
0.001867953,4,125.4,-125.4,0.0,0.0
0.001867953,5,-8.766,30.04,21.22,0.054000000000002046
0.001869971,1,169.4,-163.8,5.605,-0.005000000000006111
0.001869971,3,125.4,-125.4,0.0,0.0
0.001869971,2,169.7,-164.0,5.634,0.06599999999998829
0.001869971,4,125.5,-125.5,0.0,0.0
0.001869971,5,-8.779,30.05,21.24,0.03100000000000236
0.001871917,1,169.4,-163.8,5.605,-0.005000000000006111
0.001871917,3,125.5,-125.5,0.0,0.0
0.001871917,2,169.7,-164.0,5.634,0.06599999999998829
0.001871917,4,125.6,-125.6,0.0,0.0
0.001871917,5,-8.784,30.06,21.25,0.02599999999999625
0.001873951,1,169.4,-163.8,5.605,-0.005000000000006111
0.001873951,3,125.5,-125.5,0.0,0.0
0.001873951,2,169.7,-164.0,5.634,0.06599999999998829
0.001873951,4,125.7,-125.7,0.0,0.0
0.001873951,5,-8.785,30.05,21.27,-0.004999999999999005
0.001875979,1,169.4,-163.8,5.605,-0.005000000000006111
0.001875979,3,125.6,-125.6,0.0,0.0
0.001875979,2,169.7,-164.0,5.634,0.06599999999998829
0.001875979,4,125.7,-125.7,0.0,0.0
0.001875979,5,-8.786,30.05,21.28,-0.015999999999998238
0.001877987,1,169.4,-163.8,5.605,-0.005000000000006111
0.001877987,3,125.7,-125.7,0.0,0.0
0.001877987,2,169.7,-164.0,5.634,0.06599999999998829
0.001877987,4,125.8,-125.8,0.0,0.0
0.001877987,5,-8.79,30.05,21.28,-0.019999999999999574
0.00187992,1,169.4,-163.8,5.605,-0.005000000000006111
0.00187992,3,125.8,-125.8,0.0,0.0
0.00187992,2,169.7,-164.0,5.634,0.06599999999998829
0.00187992,4,125.9,-125.9,0.0,0.0
0.00187992,5,-8.798,30.06,21.29,-0.027999999999998693
0.001881951,1,169.4,-163.8,5.605,-0.005000000000006111
0.001881951,3,125.8,-125.8,0.0,0.0
0.001881951,2,169.7,-164.0,5.634,0.06599999999998829
0.001881951,4,126.0,-126.0,0.0,0.0
0.001881951,5,-8.81,30.06,21.3,-0.05000000000000071
0.001883998,1,169.4,-163.8,5.605,-0.005000000000006111
0.001883998,3,125.9,-125.9,0.0,0.0
0.001883998,2,169.7,-164.0,5.634,0.06599999999998829
0.001883998,4,126.0,-126.0,0.0,0.0
0.001883998,5,-8.825,30.08,21.31,-0.054999999999999716
0.001885925,1,169.4,-163.8,5.605,-0.005000000000006111
0.001885925,3,126.0,-126.0,0.0,0.0
0.001885925,2,169.7,-164.0,5.634,0.06599999999998829
0.001885925,4,126.1,-126.1,0.0,0.0
0.001885925,5,-8.84,30.09,21.31,-0.05999999999999872
0.001887954,1,169.4,-163.8,5.605,-0.005000000000006111
0.001887954,3,126.1,-126.1,0.0,0.0
0.001887954,2,169.7,-164.0,5.634,0.06599999999998829
0.001887954,4,126.2,-126.2,0.0,0.0
0.001887954,5,-8.855,30.11,21.32,-0.06500000000000128
0.001889914,1,169.4,-163.8,5.605,-0.005000000000006111
0.001889914,3,126.2,-126.1,0.0,0.10000000000000853
0.001889914,2,169.7,-164.0,5.634,0.06599999999998829
0.001889914,4,126.3,-126.3,0.0,0.0
0.001889914,5,-8.867,30.13,21.33,-0.06700000000000017
0.001891964,1,169.4,-163.8,5.605,-0.005000000000006111
0.001891964,3,126.2,-126.2,0.0,0.0
0.001891964,2,169.7,-164.0,5.634,0.06599999999998829
0.001891964,4,126.4,-126.3,0.0,0.10000000000000853
0.001891964,5,-8.877,30.14,21.33,-0.06700000000000017
0.001893993,1,169.4,-163.8,5.605,-0.005000000000006111
0.001893993,3,126.3,-126.3,0.0,0.0
0.001893993,2,169.7,-164.0,5.634,0.06599999999998829
0.001893993,4,126.4,-126.4,0.0,0.0
0.001893993,5,-8.887,30.15,21.34,-0.07700000000000173
0.001895921,1,169.4,-163.8,5.605,-0.005000000000006111
0.001895921,3,126.4,-126.4,0.0,0.0
0.001895921,2,169.7,-164.0,5.634,0.06599999999998829
0.001895921,4,126.5,-126.5,0.0,0.0
0.001895921,5,-8.899,30.17,21.34,-0.06899999999999906
0.001897949,1,169.4,-163.8,5.605,-0.005000000000006111
0.001897949,3,126.5,-126.5,0.0,0.0
0.001897949,2,169.7,-164.0,5.634,0.06599999999998829
0.001897949,4,126.6,-126.6,0.0,0.0
0.001897949,5,-8.913,30.18,21.35,-0.08300000000000196
0.00189999,1,169.4,-163.8,5.605,-0.005000000000006111
0.00189999,3,126.5,-126.5,0.0,0.0
0.00189999,2,169.7,-164.0,5.634,0.06599999999998829
0.00189999,4,126.7,-126.7,0.0,0.0
0.00189999,5,-8.927,30.2,21.35,-0.07700000000000173
0.001901922,1,169.4,-163.8,5.605,-0.005000000000006111
0.001901922,3,126.6,-126.6,0.0,0.0
0.001901922,2,169.7,-164.0,5.634,0.06599999999998829
0.001901922,4,126.7,-126.7,0.0,0.0
0.001901922,5,-8.94,30.21,21.35,-0.0799999999999983
0.00190393,1,169.4,-163.8,5.605,-0.005000000000006111
0.00190393,3,126.7,-126.7,0.0,0.0
0.00190393,2,169.7,-164.0,5.634,0.06599999999998829
0.00190393,4,126.8,-126.8,0.0,0.0
0.00190393,5,-8.954,30.22,21.36,-0.0940000000000012
0.001905952,1,169.4,-163.8,5.605,-0.005000000000006111
0.001905952,3,126.8,-126.8,0.0,0.0
0.001905952,2,169.7,-164.0,5.634,0.06599999999998829
0.001905952,4,126.9,-126.9,0.0,0.0
0.001905952,5,-8.968,30.23,21.36,-0.09799999999999898
0.001907975,1,169.4,-163.8,5.605,-0.005000000000006111
0.001907975,3,126.8,-126.8,0.0,0.0
0.001907975,2,169.7,-164.0,5.634,0.06599999999998829
0.001907975,4,127.0,-127.0,0.0,0.0
0.001907975,5,-8.98,30.24,21.36,-0.10000000000000142
0.001909998,1,169.4,-163.8,5.605,-0.005000000000006111
0.001909998,3,126.9,-126.9,0.0,0.0
0.001909998,2,169.7,-164.0,5.634,0.06599999999998829
0.001909998,4,127.0,-127.0,0.0,0.0
0.001909998,5,-8.99,30.25,21.36,-0.10000000000000142
0.001911933,1,169.4,-163.8,5.605,-0.005000000000006111
0.001911933,3,127.0,-127.0,0.0,0.0
0.001911933,2,169.7,-164.0,5.634,0.06599999999998829
0.001911933,4,127.1,-127.1,0.0,0.0
0.001911933,5,-8.996,30.25,21.36,-0.10600000000000165
0.001913956,1,169.4,-163.8,5.605,-0.005000000000006111
0.001913956,3,127.1,-127.1,0.0,0.0
0.001913956,2,169.7,-164.0,5.634,0.06599999999998829
0.001913956,4,127.2,-127.2,0.0,0.0
0.001913956,5,-8.999,30.26,21.37,-0.10899999999999821
0.001915926,1,169.4,-163.8,5.605,-0.005000000000006111
0.001915926,3,127.1,-127.1,0.0,0.0
0.001915926,2,169.7,-164.0,5.634,0.06599999999998829
0.001915926,4,127.3,-127.3,0.0,0.0
0.001915926,5,-9.0,30.26,21.37,-0.10999999999999943
0.001917984,1,169.4,-163.8,5.605,-0.005000000000006111
0.001917984,3,127.2,-127.2,0.0,0.0
0.001917984,2,169.7,-164.0,5.634,0.06599999999998829
0.001917984,4,127.3,-127.3,0.0,0.0
0.001917984,5,-8.996,30.26,21.37,-0.1059999999999981
0.001919951,1,169.4,-163.8,5.605,-0.005000000000006111
0.001919951,3,127.3,-127.3,0.0,0.0
0.001919951,2,169.7,-164.0,5.634,0.06599999999998829
0.001919951,4,127.4,-127.4,0.0,0.0
0.001919951,5,-8.982,30.26,21.37,-0.09199999999999875
0.001921919,1,169.4,-163.8,5.605,-0.005000000000006111
0.001921919,3,127.4,-127.4,0.0,0.0
0.001921919,2,169.7,-164.0,5.634,0.06599999999998829
0.001921919,4,127.5,-127.5,0.0,0.0
0.001921919,5,-8.955,30.26,21.38,-0.07499999999999929
0.00192394,1,169.4,-163.8,5.605,-0.005000000000006111
0.00192394,3,127.4,-127.4,0.0,0.0
0.00192394,2,169.7,-164.0,5.634,0.06599999999998829
0.00192394,4,127.6,-127.6,0.0,0.0
0.00192394,5,-8.917,30.25,21.39,-0.05700000000000216
0.001925956,1,169.4,-163.8,5.605,-0.005000000000006111
0.001925956,3,127.5,-127.5,0.0,0.0
0.001925956,2,169.7,-164.0,5.634,0.06599999999998829
0.001925956,4,127.6,-127.6,0.0,0.0
0.001925956,5,-8.863,30.24,21.4,-0.022999999999999687
0.001927964,1,169.4,-163.8,5.605,-0.005000000000006111
0.001927964,3,127.6,-127.6,0.0,0.0
0.001927964,2,169.7,-164.0,5.634,0.06599999999998829
0.001927964,4,127.7,-127.7,0.0,0.0
0.001927964,5,-8.789,30.22,21.42,0.01099999999999568
0.001929918,1,169.4,-163.8,5.605,-0.005000000000006111
0.001929918,3,127.7,-127.7,0.0,0.0
0.001929918,2,169.7,-164.0,5.634,0.06599999999998829
0.001929918,4,127.8,-127.8,0.0,0.0
0.001929918,5,-9.095,30.17,21.44,-0.36499999999999844
0.001931967,1,169.4,-163.8,5.605,-0.005000000000006111
0.001931967,3,127.8,-127.8,0.0,0.0
0.001931967,2,169.7,-164.0,5.634,0.06599999999998829
0.001931967,4,127.9,-127.9,0.0,0.0
0.001931967,5,-8.991,30.1,21.46,-0.3509999999999991
0.001933936,1,169.4,-163.8,5.605,-0.005000000000006111
0.001933936,3,127.8,-127.8,0.0,0.0
0.001933936,2,169.7,-164.0,5.634,0.06599999999998829
0.001933936,4,128.0,-128.0,0.0,0.0
0.001933936,5,-8.889,30.02,21.48,-0.3490000000000002
0.00193594,1,169.4,-163.8,5.605,-0.005000000000006111
0.00193594,3,127.9,-127.9,0.0,0.0
0.00193594,2,169.7,-164.0,5.634,0.06599999999998829
0.00193594,4,128.0,-128.0,0.0,0.0
0.00193594,5,-8.788,29.93,21.49,-0.347999999999999
0.001937942,1,169.4,-163.8,5.605,-0.005000000000006111
0.001937942,3,128.0,-128.0,0.0,0.0
0.001937942,2,169.7,-164.0,5.634,0.06599999999998829
0.001937942,4,128.1,-128.1,0.0,0.0
0.001937942,5,-8.689,29.84,21.51,-0.35900000000000176
0.001939914,1,169.4,-163.8,5.605,-0.005000000000006111
0.001939914,3,128.1,-128.1,0.0,0.0
0.001939914,2,169.7,-164.0,5.634,0.06599999999998829
0.001939914,4,128.2,-128.2,0.0,0.0
0.001939914,5,-8.595,29.75,21.52,-0.36499999999999844
0.001941972,1,169.4,-163.8,5.605,-0.005000000000006111
0.001941972,3,128.1,-128.1,0.0,0.0
0.001941972,2,169.7,-164.0,5.634,0.06599999999998829
0.001941972,4,128.3,-128.3,0.0,0.0
0.001941972,5,-8.5,29.66,21.53,-0.370000000000001
0.001943988,1,169.4,-163.8,5.605,-0.005000000000006111
0.001943988,3,128.2,-128.2,0.0,0.0
0.001943988,2,169.7,-164.0,5.634,0.06599999999998829
0.001943988,4,128.3,-128.3,0.0,0.0
0.001943988,5,-8.416,29.58,21.54,-0.3760000000000012
0.001945994,1,169.4,-163.8,5.605,-0.005000000000006111
0.001945994,3,128.3,-128.3,0.0,0.0
0.001945994,2,169.7,-164.0,5.634,0.06599999999998829
0.001945994,4,128.4,-128.4,0.0,0.0
0.001945994,5,-8.341,29.51,21.55,-0.3809999999999967
0.001947911,1,169.4,-163.8,5.605,-0.005000000000006111
0.001947911,3,128.4,-128.4,0.0,0.0
0.001947911,2,169.7,-164.0,5.634,0.06599999999998829
0.001947911,4,128.5,-128.5,0.0,0.0
0.001947911,5,-8.28,29.44,21.56,-0.399999999999995
0.001949954,1,169.4,-163.8,5.605,-0.005000000000006111
0.001949954,3,128.4,-128.4,0.0,0.0
0.001949954,2,169.7,-164.0,5.634,0.06599999999998829
0.001949954,4,128.6,-128.6,0.0,0.0
0.001949954,5,-8.225,29.38,21.57,-0.41499999999999915
0.001951985,1,169.4,-163.8,5.605,-0.005000000000006111
0.001951985,3,128.5,-128.5,0.0,0.0
0.001951985,2,169.7,-164.0,5.634,0.06599999999998829
0.001951985,4,128.6,-128.6,0.0,0.0
0.001951985,5,-8.178,29.32,21.58,-0.43799999999999883
0.001953959,1,169.4,-163.8,5.605,-0.005000000000006111
0.001953959,3,128.6,-128.6,0.0,0.0
0.001953959,2,169.7,-164.0,5.634,0.06599999999998829
0.001953959,4,128.7,-128.7,0.0,0.0
0.001953959,5,-8.141,29.27,21.59,-0.4610000000000021
0.001955951,1,169.4,-163.8,5.605,-0.005000000000006111
0.001955951,3,128.7,-128.7,0.0,0.0
0.001955951,2,169.7,-164.0,5.634,0.06599999999998829
0.001955951,4,128.8,-128.8,0.0,0.0
0.001955951,5,-8.11,29.23,21.59,-0.46999999999999886
0.001957983,1,169.4,-163.8,5.605,-0.005000000000006111
0.001957983,3,128.7,-128.7,0.0,0.0
0.001957983,2,169.7,-164.0,5.634,0.06599999999998829
0.001957983,4,128.9,-128.9,0.0,0.0
0.001957983,5,-8.086,29.19,21.6,-0.4960000000000022
0.001959928,1,169.4,-163.8,5.605,-0.005000000000006111
0.001959928,3,128.8,-128.8,0.0,0.0
0.001959928,2,169.7,-164.0,5.634,0.06599999999998829
0.001959928,4,128.9,-128.9,0.0,0.0
0.001959928,5,-8.071,29.16,21.6,-0.5110000000000028
0.001961948,1,169.4,-163.8,5.605,-0.005000000000006111
0.001961948,3,128.9,-128.9,0.0,0.0
0.001961948,2,169.7,-164.0,5.634,0.06599999999998829
0.001961948,4,129.0,-129.0,0.0,0.0
0.001961948,5,-8.059,29.14,21.6,-0.5189999999999984
0.001963982,1,169.4,-163.8,5.605,-0.005000000000006111
0.001963982,3,129.0,-129.0,0.0,0.0
0.001963982,2,169.7,-164.0,5.634,0.06599999999998829
0.001963982,4,129.1,-129.1,0.0,0.0
0.001963982,5,-8.05,29.13,21.6,-0.5200000000000031
0.001965919,1,169.4,-163.8,5.605,-0.005000000000006111
0.001965919,3,129.0,-129.0,0.0,0.0
0.001965919,2,169.7,-164.0,5.634,0.06599999999998829
0.001965919,4,129.2,-129.2,0.0,0.0
0.001965919,5,-8.041,29.13,21.6,-0.5110000000000028
0.001967957,1,169.4,-163.8,5.605,-0.005000000000006111
0.001967957,3,129.1,-129.1,0.0,0.0
0.001967957,2,169.7,-164.0,5.634,0.06599999999998829
0.001967957,4,129.2,-129.2,0.0,0.0
0.001967957,5,-8.028,29.13,21.6,-0.49800000000000466
0.001969963,1,169.4,-163.8,5.605,-0.005000000000006111
0.001969963,3,129.2,-129.2,0.0,0.0
0.001969963,2,169.7,-164.0,5.634,0.06599999999998829
0.001969963,4,129.3,-129.3,0.0,0.0
0.001969963,5,-8.006,29.13,21.61,-0.48600000000000065
0.001971954,1,169.4,-163.8,5.605,-0.005000000000006111
0.001971954,3,129.3,-129.3,0.0,0.0
0.001971954,2,169.7,-164.0,5.634,0.06599999999998829
0.001971954,4,129.4,-129.4,0.0,0.0
0.001971954,5,-7.995,29.12,21.61,-0.48499999999999943
0.001973942,1,169.4,-163.8,5.605,-0.005000000000006111
0.001973942,3,129.4,-129.3,0.0,0.09999999999999432
0.001973942,2,169.7,-164.0,5.634,0.06599999999998829
0.001973942,4,129.5,-129.5,0.0,0.0
0.001973942,5,-7.995,29.12,21.62,-0.495000000000001
0.001975976,1,169.4,-163.8,5.605,-0.005000000000006111
0.001975976,3,129.4,-129.4,0.0,0.0
0.001975976,2,169.7,-164.0,5.634,0.06599999999998829
0.001975976,4,129.6,-129.6,0.0,0.0
0.001975976,5,-8.003,29.13,21.62,-0.4930000000000021
0.001977994,1,169.4,-163.8,5.605,-0.005000000000006111
0.001977994,3,129.5,-129.5,0.0,0.0
0.001977994,2,169.7,-164.0,5.634,0.06599999999998829
0.001977994,4,129.6,-129.6,0.0,0.0
0.001977994,5,-8.018,29.15,21.63,-0.4980000000000011
0.00197994,1,169.4,-163.8,5.605,-0.005000000000006111
0.00197994,3,129.6,-129.6,0.0,0.0
0.00197994,2,169.7,-164.0,5.634,0.06599999999998829
0.00197994,4,129.7,-129.7,0.0,0.0
0.00197994,5,-8.03,29.16,21.63,-0.49999999999999645
0.001981948,1,169.4,-163.8,5.605,-0.005000000000006111
0.001981948,3,129.7,-129.7,0.0,0.0
0.001981948,2,169.7,-164.0,5.634,0.06599999999998829
0.001981948,4,129.8,-129.8,0.0,0.0
0.001981948,5,-8.036,29.17,21.63,-0.49599999999999866
0.001983992,1,169.4,-163.8,5.605,-0.005000000000006111
0.001983992,3,129.7,-129.7,0.0,0.0
0.001983992,2,169.7,-164.0,5.634,0.06599999999998829
0.001983992,4,129.9,-129.9,0.0,0.0
0.001983992,5,-8.031,29.17,21.64,-0.5009999999999977
0.001985945,1,169.4,-163.8,5.605,-0.005000000000006111
0.001985945,3,129.8,-129.8,0.0,0.0
0.001985945,2,169.7,-164.0,5.634,0.06599999999998829
0.001985945,4,129.9,-129.9,0.0,0.0
0.001985945,5,-8.018,29.16,21.64,-0.4980000000000011
0.001987935,1,169.4,-163.8,5.605,-0.005000000000006111
0.001987935,3,129.9,-129.9,0.0,0.0
0.001987935,2,169.7,-164.0,5.634,0.06599999999998829
0.001987935,4,130.0,-130.0,0.0,0.0
0.001987935,5,-7.993,29.15,21.65,-0.4930000000000021
0.001989961,1,169.4,-163.8,5.605,-0.005000000000006111
0.001989961,3,130.0,-130.0,0.0,0.0
0.001989961,2,169.7,-164.0,5.634,0.06599999999998829
0.001989961,4,130.1,-130.1,0.0,0.0
0.001989961,5,-7.951,29.13,21.65,-0.4710000000000001
0.001991913,1,169.4,-163.8,5.605,-0.005000000000006111
0.001991913,3,130.0,-130.0,0.0,0.0
0.001991913,2,169.7,-164.0,5.634,0.06599999999998829
0.001991913,4,130.2,-130.2,0.0,0.0
0.001991913,5,-7.89,29.1,21.66,-0.4499999999999993
0.001993979,1,169.4,-163.8,5.605,-0.005000000000006111
0.001993979,3,130.1,-130.1,0.0,0.0
0.001993979,2,169.7,-164.0,5.634,0.06599999999998829
0.001993979,4,130.2,-130.2,0.0,0.0
0.001993979,5,-7.806,29.05,21.67,-0.42600000000000193
0.001995935,1,169.4,-163.8,5.605,-0.005000000000006111
0.001995935,3,130.2,-130.2,0.0,0.0
0.001995935,2,169.7,-164.0,5.634,0.06599999999998829
0.001995935,4,130.3,-130.3,0.0,0.0
0.001995935,5,-7.716,28.98,21.68,-0.41600000000000037
0.001997976,1,169.4,-163.8,5.605,-0.005000000000006111
0.001997976,3,130.3,-130.3,0.0,0.0
0.001997976,2,169.7,-164.0,5.634,0.06599999999998829
0.001997976,4,130.4,-130.4,0.0,0.0
0.001997976,5,-7.616,28.9,21.69,-0.40600000000000236
0.001999914,1,169.4,-163.8,5.605,-0.005000000000006111
0.001999914,3,130.3,-130.3,0.0,0.0
0.001999914,2,169.7,-164.0,5.634,0.06599999999998829
0.001999914,4,130.5,-130.5,0.0,0.0
0.001999914,5,-7.52,28.83,21.7,-0.39000000000000057
0.002001965,1,169.4,-163.8,5.605,-0.005000000000006111
0.002001965,3,130.4,-130.4,0.0,0.0
0.002001965,2,169.7,-164.0,5.634,0.06599999999998829
0.002001965,4,130.5,-130.5,0.0,0.0
0.002001965,5,-7.421,28.75,21.72,-0.39099999999999824
0.002003925,1,169.4,-163.8,5.605,-0.005000000000006111
0.002003925,3,130.5,-130.5,0.0,0.0
0.002003925,2,169.7,-164.0,5.634,0.06599999999998829
0.002003925,4,130.6,-130.6,0.0,0.0
0.002003925,5,-7.329,28.67,21.74,-0.39899999999999736
0.002005949,1,169.4,-163.8,5.605,-0.005000000000006111
0.002005949,3,130.6,-130.6,0.0,0.0
0.002005949,2,169.7,-164.0,5.634,0.06599999999998829
0.002005949,4,130.7,-130.7,0.0,0.0
0.002005949,5,-7.236,28.58,21.75,-0.40600000000000236
0.002007982,1,169.4,-163.8,5.605,-0.005000000000006111
0.002007982,3,130.6,-130.6,0.0,0.0
0.002007982,2,169.7,-164.0,5.634,0.06599999999998829
0.002007982,4,130.8,-130.8,0.0,0.0
0.002007982,5,-7.144,28.5,21.77,-0.4139999999999979
0.002009933,1,169.4,-163.8,5.605,-0.005000000000006111
0.002009933,3,130.7,-130.7,0.0,0.0
0.002009933,2,169.7,-164.0,5.634,0.06599999999998829
0.002009933,4,130.8,-130.8,0.0,0.0
0.002009933,5,-7.007,28.43,21.79,-0.36699999999999733
0.002011912,1,169.4,-163.8,5.605,-0.005000000000006111
0.002011912,3,130.8,-130.8,0.0,0.0
0.002011912,2,169.7,-164.0,5.634,0.06599999999998829
0.002011912,4,130.9,-130.9,0.0,0.0
0.002011912,5,-6.878,28.35,21.81,-0.3379999999999974
0.002013937,1,169.4,-163.8,5.605,-0.005000000000006111
0.002013937,3,130.9,-130.9,0.0,0.0
0.002013937,2,169.7,-164.0,5.634,0.06599999999998829
0.002013937,4,131.0,-131.0,0.0,0.0
0.002013937,5,-6.79,28.26,21.84,-0.36999999999999744
0.002015967,1,169.4,-163.8,5.605,-0.005000000000006111
0.002015967,3,130.9,-130.9,0.0,0.0
0.002015967,2,169.7,-164.0,5.634,0.06599999999998829
0.002015967,4,131.1,-131.1,0.0,0.0
0.002015967,5,-6.743,28.2,21.86,-0.4029999999999987
0.002017971,1,169.4,-163.8,5.605,-0.005000000000006111
0.002017971,3,131.0,-131.0,0.0,0.0
0.002017971,2,169.7,-164.0,5.634,0.06599999999998829
0.002017971,4,131.1,-131.1,0.0,0.0
0.002017971,5,-6.731,28.17,21.88,-0.44099999999999895
0.002019916,1,169.4,-163.8,5.605,-0.005000000000006111
0.002019916,3,131.1,-131.1,0.0,0.0
0.002019916,2,169.7,-164.0,5.634,0.06599999999998829
0.002019916,4,131.2,-131.2,0.0,0.0
0.002019916,5,-6.734,28.17,21.89,-0.4540000000000006
0.002021943,1,169.4,-163.8,5.605,-0.005000000000006111
0.002021943,3,131.2,-131.2,0.0,0.0
0.002021943,2,169.7,-164.0,5.634,0.06599999999998829
0.002021943,4,131.3,-131.3,0.0,0.0
0.002021943,5,-6.738,28.18,21.9,-0.4579999999999984
0.002023966,1,169.4,-163.8,5.605,-0.005000000000006111
0.002023966,3,131.2,-131.2,0.0,0.0
0.002023966,2,169.7,-164.0,5.634,0.06599999999998829
0.002023966,4,131.4,-131.4,0.0,0.0
0.002023966,5,-6.745,28.2,21.91,-0.45500000000000185
0.00202597,1,169.4,-163.8,5.605,-0.005000000000006111
0.00202597,3,131.3,-131.3,0.0,0.0
0.00202597,2,169.7,-164.0,5.634,0.06599999999998829
0.00202597,4,131.5,-131.5,0.0,0.0
0.00202597,5,-6.758,28.22,21.92,-0.45800000000000196
0.002027991,1,169.4,-163.8,5.605,-0.005000000000006111
0.002027991,3,131.4,-131.4,0.0,0.0
0.002027991,2,169.7,-164.0,5.634,0.06599999999998829
0.002027991,4,131.5,-131.5,0.0,0.0
0.002027991,5,-6.781,28.25,21.92,-0.4510000000000005
0.002029932,1,169.4,-163.8,5.605,-0.005000000000006111
0.002029932,3,131.5,-131.5,0.0,0.0
0.002029932,2,169.7,-164.0,5.634,0.06599999999998829
0.002029932,4,131.6,-131.6,0.0,0.0
0.002029932,5,-6.803,28.28,21.93,-0.4529999999999994
0.002031987,1,169.4,-163.8,5.605,-0.005000000000006111
0.002031987,3,131.6,-131.6,0.0,0.0
0.002031987,2,169.7,-164.0,5.634,0.06599999999998829
0.002031987,4,131.7,-131.7,0.0,0.0
0.002031987,5,-6.815,28.29,21.94,-0.4650000000000034
0.002033986,1,169.4,-163.8,5.605,-0.005000000000006111
0.002033986,3,131.6,-131.6,0.0,0.0
0.002033986,2,169.7,-164.0,5.634,0.06599999999998829
0.002033986,4,131.8,-131.8,0.0,0.0
0.002033986,5,-6.813,28.3,21.94,-0.4529999999999994
0.002035956,1,169.4,-163.8,5.605,-0.005000000000006111
0.002035956,3,131.7,-131.7,0.0,0.0
0.002035956,2,169.7,-164.0,5.634,0.06599999999998829
0.002035956,4,131.8,-131.8,0.0,0.0
0.002035956,5,-6.788,28.29,21.95,-0.4480000000000004
0.002037927,1,169.4,-163.8,5.605,-0.005000000000006111
0.002037927,3,131.8,-131.8,0.0,0.0
0.002037927,2,169.7,-164.0,5.634,0.06599999999998829
0.002037927,4,131.9,-131.9,0.0,0.0
0.002037927,5,-6.733,28.26,21.96,-0.43299999999999983
0.00203992,1,169.4,-163.8,5.605,-0.005000000000006111
0.00203992,3,131.9,-131.9,0.0,0.0
0.00203992,2,169.7,-164.0,5.634,0.06599999999998829
0.00203992,4,132.0,-132.0,0.0,0.0
0.00203992,5,-6.663,28.21,21.96,-0.41300000000000026
0.002041926,1,169.4,-163.8,5.605,-0.005000000000006111
0.002041926,3,131.9,-131.9,0.0,0.0
0.002041926,2,169.7,-164.0,5.634,0.06599999999998829
0.002041926,4,132.1,-132.1,0.0,0.0
0.002041926,5,-6.592,28.16,21.97,-0.40199999999999747
0.002043971,1,169.4,-163.8,5.605,-0.005000000000006111
0.002043971,3,132.0,-132.0,0.0,0.0
0.002043971,2,169.7,-164.0,5.634,0.06599999999998829
0.002043971,4,132.1,-132.1,0.0,0.0
0.002043971,5,-6.525,28.11,21.98,-0.3949999999999996
0.002045942,1,169.4,-163.8,5.605,-0.005000000000006111
0.002045942,3,132.1,-132.1,0.0,0.0
0.002045942,2,169.7,-164.0,5.634,0.06599999999998829
0.002045942,4,132.2,-132.2,0.0,0.0
0.002045942,5,-6.475,28.06,21.99,-0.4049999999999976
0.002047975,1,169.4,-163.8,5.605,-0.005000000000006111
0.002047975,3,132.2,-132.2,0.0,0.0
0.002047975,2,169.7,-164.0,5.634,0.06599999999998829
0.002047975,4,132.3,-132.3,0.0,0.0
0.002047975,5,-6.428,28.02,22.0,-0.40800000000000125
0.002049998,1,169.4,-163.8,5.605,-0.005000000000006111
0.002049998,3,132.2,-132.2,0.0,0.0
0.002049998,2,169.7,-164.0,5.634,0.06599999999998829
0.002049998,4,132.4,-132.4,0.0,0.0
0.002049998,5,-6.423,27.98,22.01,-0.4529999999999994
0.002051977,1,169.4,-163.8,5.605,-0.005000000000006111
0.002051977,3,132.3,-132.3,0.0,0.0
0.002051977,2,169.7,-164.0,5.634,0.06599999999998829
0.002051977,4,132.4,-132.4,0.0,0.0
0.002051977,5,-6.404,27.96,22.01,-0.4540000000000006
0.00205394,1,169.4,-163.8,5.605,-0.005000000000006111
0.00205394,3,132.4,-132.4,0.0,0.0
0.00205394,2,169.7,-164.0,5.634,0.06599999999998829
0.00205394,4,132.5,-132.5,0.0,0.0
0.00205394,5,-6.393,27.94,22.02,-0.472999999999999
0.002055995,1,169.4,-163.8,5.605,-0.005000000000006111
0.002055995,3,132.5,-132.5,0.0,0.0
0.002055995,2,169.7,-164.0,5.634,0.06599999999998829
0.002055995,4,132.6,-132.6,0.0,0.0
0.002055995,5,-6.381,27.93,22.02,-0.4710000000000001
0.002057999,1,169.4,-163.8,5.605,-0.005000000000006111
0.002057999,3,132.5,-132.5,0.0,0.0
0.002057999,2,169.7,-164.0,5.634,0.06599999999998829
0.002057999,4,132.7,-132.7,0.0,0.0
0.002057999,5,-6.357,27.92,22.03,-0.46699999999999875
0.002059941,1,169.4,-163.8,5.605,-0.005000000000006111
0.002059941,3,132.6,-132.6,0.0,0.0
0.002059941,2,169.7,-164.0,5.634,0.06599999999998829
0.002059941,4,132.7,-132.7,0.0,0.0
0.002059941,5,-6.339,27.91,22.04,-0.4690000000000012
0.002061985,1,169.4,-163.8,5.605,-0.005000000000006111
0.002061985,3,132.7,-132.7,0.0,0.0
0.002061985,2,169.7,-164.0,5.634,0.06599999999998829
0.002061985,4,132.8,-132.8,0.0,0.0
0.002061985,5,-6.33,27.91,22.04,-0.46000000000000085
0.002063949,1,169.4,-163.8,5.605,-0.005000000000006111
0.002063949,3,132.8,-132.8,0.0,0.0
0.002063949,2,169.7,-164.0,5.634,0.06599999999998829
0.002063949,4,132.9,-132.9,0.0,0.0
0.002063949,5,-6.323,27.91,22.05,-0.46300000000000097
0.002065964,1,169.4,-163.8,5.605,-0.005000000000006111
0.002065964,3,132.8,-132.8,0.0,0.0
0.002065964,2,169.7,-164.0,5.634,0.06599999999998829
0.002065964,4,133.0,-133.0,0.0,0.0
0.002065964,5,-6.33,27.93,22.06,-0.4599999999999973
0.002067929,1,169.4,-163.8,5.605,-0.005000000000006111
0.002067929,3,132.9,-132.9,0.0,0.0
0.002067929,2,169.7,-164.0,5.634,0.06599999999998829
0.002067929,4,133.0,-133.0,0.0,0.0
0.002067929,5,-6.347,27.94,22.06,-0.46699999999999875
0.002069949,1,169.4,-163.8,5.605,-0.005000000000006111
0.002069949,3,133.0,-133.0,0.0,0.0
0.002069949,2,169.7,-164.0,5.634,0.06599999999998829
0.002069949,4,133.1,-133.1,0.0,0.0
0.002069949,5,-6.37,27.96,22.07,-0.4800000000000004
0.002071922,1,169.4,-163.8,5.605,-0.005000000000006111
0.002071922,3,133.1,-133.1,0.0,0.0
0.002071922,2,169.7,-164.0,5.634,0.06599999999998829
0.002071922,4,133.2,-133.2,0.0,0.0
0.002071922,5,-6.396,27.99,22.08,-0.48600000000000065
0.002073979,1,169.4,-163.8,5.605,-0.005000000000006111
0.002073979,3,133.1,-133.1,0.0,0.0
0.002073979,2,169.7,-164.0,5.634,0.06599999999998829
0.002073979,4,133.3,-133.3,0.0,0.0
0.002073979,5,-6.421,28.02,22.08,-0.4809999999999981
0.002075964,1,169.4,-163.8,5.605,-0.005000000000006111
0.002075964,3,133.2,-133.2,0.0,0.0
0.002075964,2,169.7,-164.0,5.634,0.06599999999998829
0.002075964,4,133.4,-133.4,0.0,0.0
0.002075964,5,-6.443,28.05,22.09,-0.48300000000000054
0.002077993,1,169.4,-163.8,5.605,-0.005000000000006111
0.002077993,3,133.3,-133.3,0.0,0.0
0.002077993,2,169.7,-164.0,5.634,0.06599999999998829
0.002077993,4,133.4,-133.4,0.0,0.0
0.002077993,5,-6.466,28.08,22.1,-0.4860000000000042
0.002079967,1,169.4,-163.8,5.605,-0.005000000000006111
0.002079967,3,133.4,-133.4,0.0,0.0
0.002079967,2,169.7,-164.0,5.634,0.06599999999998829
0.002079967,4,133.5,-133.5,0.0,0.0
0.002079967,5,-6.488,28.11,22.1,-0.47800000000000153
0.002081943,1,169.4,-163.8,5.605,-0.005000000000006111
0.002081943,3,133.5,-133.4,0.0,0.09999999999999432
0.002081943,2,169.7,-164.0,5.634,0.06599999999998829
0.002081943,4,133.6,-133.6,0.0,0.0
0.002081943,5,-6.512,28.14,22.12,-0.4920000000000009
0.00208398,1,169.4,-163.8,5.605,-0.005000000000006111
0.00208398,3,133.5,-133.5,0.0,0.0
0.00208398,2,169.7,-164.0,5.634,0.06599999999998829
0.00208398,4,133.7,-133.7,0.0,0.0
0.00208398,5,-6.538,28.18,22.13,-0.48799999999999955
0.002085923,1,169.4,-163.8,5.605,-0.005000000000006111
0.002085923,3,133.6,-133.6,0.0,0.0
0.002085923,2,169.7,-164.0,5.634,0.06599999999998829
0.002085923,4,133.7,-133.7,0.0,0.0
0.002085923,5,-6.563,28.22,22.14,-0.48300000000000054
0.002087965,1,169.4,-163.8,5.605,-0.005000000000006111
0.002087965,3,133.7,-133.7,0.0,0.0
0.002087965,2,169.7,-164.0,5.634,0.06599999999998829
0.002087965,4,133.8,-133.8,0.0,0.0
0.002087965,5,-6.589,28.26,22.15,-0.4789999999999992
0.002089932,1,169.4,-163.8,5.605,-0.005000000000006111
0.002089932,3,133.8,-133.8,0.0,0.0
0.002089932,2,169.7,-164.0,5.634,0.06599999999998829
0.002089932,4,133.9,-133.9,0.0,0.0
0.002089932,5,-6.608,28.29,22.16,-0.47800000000000153
0.002091947,1,169.4,-163.8,5.605,-0.005000000000006111
0.002091947,3,133.8,-133.8,0.0,0.0
0.002091947,2,169.7,-164.0,5.634,0.06599999999998829
0.002091947,4,134.0,-134.0,0.0,0.0
0.002091947,5,-6.617,28.33,22.18,-0.4670000000000023
0.002093986,1,169.4,-163.8,5.605,-0.005000000000006111
0.002093986,3,133.9,-133.9,0.0,0.0
0.002093986,2,169.7,-164.0,5.634,0.06599999999998829
0.002093986,4,134.0,-134.0,0.0,0.0
0.002093986,5,-6.612,28.36,22.19,-0.4420000000000037
0.002095999,1,169.4,-163.8,5.605,-0.005000000000006111
0.002095999,3,134.0,-134.0,0.0,0.0
0.002095999,2,169.7,-164.0,5.634,0.06599999999998829
0.002095999,4,134.1,-134.1,0.0,0.0
0.002095999,5,-6.601,28.38,22.21,-0.43100000000000094
0.002097963,1,169.4,-163.8,5.605,-0.005000000000006111
0.002097963,3,134.1,-134.1,0.0,0.0
0.002097963,2,169.7,-164.0,5.634,0.06599999999998829
0.002097963,4,134.2,-134.2,0.0,0.0
0.002097963,5,-6.586,28.39,22.23,-0.4259999999999984
0.002099923,1,169.4,-163.8,5.605,-0.005000000000006111
0.002099923,3,134.1,-134.1,0.0,0.0
0.002099923,2,169.7,-164.0,5.634,0.06599999999998829
0.002099923,4,134.3,-134.3,0.0,0.0
0.002099923,5,-6.569,28.39,22.24,-0.41899999999999693
0.002101951,1,169.4,-163.8,5.605,-0.005000000000006111
0.002101951,3,134.2,-134.2,0.0,0.0
0.002101951,2,169.7,-164.0,5.634,0.06599999999998829
0.002101951,4,134.3,-134.3,0.0,0.0
0.002101951,5,-6.55,28.39,22.26,-0.4200000000000017
0.002103931,1,169.4,-163.8,5.605,-0.005000000000006111
0.002103931,3,134.3,-134.3,0.0,0.0
0.002103931,2,169.7,-164.0,5.634,0.06599999999998829
0.002103931,4,134.4,-134.4,0.0,0.0
0.002103931,5,-6.533,28.38,22.28,-0.4330000000000034
0.002105988,1,169.4,-163.8,5.605,-0.005000000000006111
0.002105988,3,134.4,-134.4,0.0,0.0
0.002105988,2,169.7,-164.0,5.634,0.06599999999998829
0.002105988,4,134.5,-134.5,0.0,0.0
0.002105988,5,-6.517,28.37,22.29,-0.4369999999999976
0.002107957,1,169.4,-163.8,5.605,-0.005000000000006111
0.002107957,3,134.4,-134.4,0.0,0.0
0.002107957,2,169.7,-164.0,5.634,0.06599999999998829
0.002107957,4,134.6,-134.6,0.0,0.0
0.002107957,5,-6.503,28.36,22.3,-0.4430000000000014
0.002109973,1,169.4,-163.8,5.605,-0.005000000000006111
0.002109973,3,134.5,-134.5,0.0,0.0
0.002109973,2,169.7,-164.0,5.634,0.06599999999998829
0.002109973,4,134.6,-134.6,0.0,0.0
0.002109973,5,-6.491,28.35,22.31,-0.45099999999999696
0.00211197,1,169.4,-163.8,5.605,-0.005000000000006111
0.00211197,3,134.6,-134.6,0.0,0.0
0.00211197,2,169.7,-164.0,5.634,0.06599999999998829
0.00211197,4,134.7,-134.7,0.0,0.0
0.00211197,5,-6.481,28.34,22.32,-0.4609999999999985
0.002113919,1,169.4,-163.8,5.605,-0.005000000000006111
0.002113919,3,134.7,-134.7,0.0,0.0
0.002113919,2,169.7,-164.0,5.634,0.06599999999998829
0.002113919,4,134.8,-134.8,0.0,0.0
0.002113919,5,-6.469,28.33,22.33,-0.4690000000000012
0.00211597,1,169.4,-163.8,5.605,-0.005000000000006111
0.00211597,3,134.7,-134.7,0.0,0.0
0.00211597,2,169.7,-164.0,5.634,0.06599999999998829
0.00211597,4,134.9,-134.9,0.0,0.0
0.00211597,5,-6.451,28.31,22.33,-0.4710000000000001
0.002117922,1,169.4,-163.8,5.605,-0.005000000000006111
0.002117922,3,134.8,-134.8,0.0,0.0
0.002117922,2,169.7,-164.0,5.634,0.06599999999998829
0.002117922,4,135.0,-134.9,0.0,0.09999999999999432
0.002117922,5,-6.428,28.29,22.34,-0.47800000000000153
0.002119988,1,169.4,-163.8,5.605,-0.005000000000006111
0.002119988,3,134.9,-134.9,0.0,0.0
0.002119988,2,169.7,-164.0,5.634,0.06599999999998829
0.002119988,4,135.0,-135.0,0.0,0.0
0.002119988,5,-6.4,28.26,22.35,-0.490000000000002
0.002121983,1,169.4,-163.8,5.605,-0.005000000000006111
0.002121983,3,135.0,-135.0,0.0,0.0
0.002121983,2,169.7,-164.0,5.634,0.06599999999998829
0.002121983,4,135.1,-135.1,0.0,0.0
0.002121983,5,-6.371,28.24,22.35,-0.48100000000000165
0.002123935,1,169.4,-163.8,5.605,-0.005000000000006111
0.002123935,3,135.0,-135.0,0.0,0.0
0.002123935,2,169.7,-164.0,5.634,0.06599999999998829
0.002123935,4,135.2,-135.2,0.0,0.0
0.002123935,5,-6.34,28.21,22.36,-0.48999999999999844
0.00212597,1,169.4,-163.8,5.605,-0.005000000000006111
0.00212597,3,135.1,-135.1,0.0,0.0
0.00212597,2,169.7,-164.0,5.634,0.06599999999998829
0.00212597,4,135.3,-135.3,0.0,0.0
0.00212597,5,-6.303,28.19,22.36,-0.472999999999999
0.002127931,1,169.4,-163.8,5.605,-0.005000000000006111
0.002127931,3,135.2,-135.2,0.0,0.0
0.002127931,2,169.7,-164.0,5.634,0.06599999999998829
0.002127931,4,135.3,-135.3,0.0,0.0
0.002127931,5,-6.262,28.16,22.37,-0.4720000000000013
0.002129986,1,169.4,-163.8,5.605,-0.005000000000006111
0.002129986,3,135.3,-135.3,0.0,0.0
0.002129986,2,169.7,-164.0,5.634,0.06599999999998829
0.002129986,4,135.4,-135.4,0.0,0.0
0.002129986,5,-6.22,28.14,22.37,-0.4499999999999993
0.002131941,1,169.4,-163.8,5.605,-0.005000000000006111
0.002131941,3,135.4,-135.3,0.0,0.09999999999999432
0.002131941,2,169.7,-164.0,5.634,0.06599999999998829
0.002131941,4,135.5,-135.5,0.0,0.0
0.002131941,5,-6.187,28.11,22.37,-0.44700000000000273
0.002133984,1,169.4,-163.8,5.605,-0.005000000000006111
0.002133984,3,135.4,-135.4,0.0,0.0
0.002133984,2,169.7,-164.0,5.634,0.06599999999998829
0.002133984,4,135.6,-135.6,0.0,0.0
0.002133984,5,-6.165,28.09,22.38,-0.4549999999999983
0.00213592,1,169.4,-163.8,5.605,-0.005000000000006111
0.00213592,3,135.5,-135.5,0.0,0.0
0.00213592,2,169.7,-164.0,5.634,0.06599999999998829
0.00213592,4,135.6,-135.6,0.0,0.0
0.00213592,5,-6.157,28.08,22.38,-0.45700000000000074
0.002137965,1,169.4,-163.8,5.605,-0.005000000000006111
0.002137965,3,135.6,-135.6,0.0,0.0
0.002137965,2,169.7,-164.0,5.634,0.06599999999998829
0.002137965,4,135.7,-135.7,0.0,0.0
0.002137965,5,-6.127,28.1,22.39,-0.41699999999999804
0.002139984,1,169.4,-163.8,5.605,-0.005000000000006111
0.002139984,3,135.7,-135.7,0.0,0.0
0.002139984,2,169.7,-164.0,5.634,0.06599999999998829
0.002139984,4,135.8,-135.8,0.0,0.0
0.002139984,5,-6.08,28.17,22.41,-0.31999999999999673
0.002141948,1,169.4,-163.8,5.605,-0.005000000000006111
0.002141948,3,135.7,-135.7,0.0,0.0
0.002141948,2,169.7,-164.0,5.634,0.06599999999998829
0.002141948,4,135.9,-135.9,0.0,0.0
0.002141948,5,-6.093,28.25,22.44,-0.28300000000000125
0.002144,1,169.4,-163.8,5.605,-0.005000000000006111
0.002144,3,135.8,-135.8,0.0,0.0
0.002144,2,169.7,-164.0,5.634,0.06599999999998829
0.002144,4,135.9,-135.9,0.0,0.0
0.002144,5,-6.158,28.3,22.48,-0.33800000000000097
0.002145927,1,169.4,-163.8,5.605,-0.005000000000006111
0.002145927,3,135.9,-135.9,0.0,0.0
0.002145927,2,169.7,-164.0,5.634,0.06599999999998829
0.002145927,4,136.0,-136.0,0.0,0.0
0.002145927,5,-6.215,28.34,22.5,-0.375
0.002147925,1,169.4,-163.8,5.605,-0.005000000000006111
0.002147925,3,136.0,-136.0,0.0,0.0
0.002147925,2,169.7,-164.0,5.634,0.06599999999998829
0.002147925,4,136.1,-136.1,0.0,0.0
0.002147925,5,-6.274,28.39,22.53,-0.4140000000000015
0.002149964,1,169.4,-163.8,5.605,-0.005000000000006111
0.002149964,3,136.0,-136.0,0.0,0.0
0.002149964,2,169.7,-164.0,5.634,0.06599999999998829
0.002149964,4,136.2,-136.2,0.0,0.0
0.002149964,5,-6.313,28.46,22.55,-0.4029999999999987
0.002151996,1,169.4,-163.8,5.605,-0.005000000000006111
0.002151996,3,136.1,-136.1,0.0,0.0
0.002151996,2,169.7,-164.0,5.634,0.06599999999998829
0.002151996,4,136.2,-136.2,0.0,0.0
0.002151996,5,-6.35,28.53,22.57,-0.39000000000000057
0.002153944,1,169.4,-163.8,5.605,-0.005000000000006111
0.002153944,3,136.2,-136.2,0.0,0.0
0.002153944,2,169.7,-164.0,5.634,0.06599999999998829
0.002153944,4,136.3,-136.3,0.0,0.0
0.002153944,5,-6.403,28.62,22.59,-0.37299999999999756
0.002155966,1,169.4,-163.8,5.605,-0.005000000000006111
0.002155966,3,136.3,-136.3,0.0,0.0
0.002155966,2,169.7,-164.0,5.634,0.06599999999998829
0.002155966,4,136.4,-136.4,0.0,0.0
0.002155966,5,-6.492,28.74,22.61,-0.3620000000000019
0.002157929,1,169.4,-163.8,5.605,-0.005000000000006111
0.002157929,3,136.3,-136.3,0.0,0.0
0.002157929,2,169.7,-164.0,5.634,0.06599999999998829
0.002157929,4,136.5,-136.5,0.0,0.0
0.002157929,5,-6.593,28.88,22.62,-0.33300000000000196
0.002159978,1,169.4,-163.8,5.605,-0.005000000000006111
0.002159978,3,136.4,-136.4,0.0,0.0
0.002159978,2,169.7,-164.0,5.634,0.06599999999998829
0.002159978,4,136.5,-136.5,0.0,0.0
0.002159978,5,-6.717,29.07,22.66,-0.3069999999999986
0.002161991,1,169.4,-163.8,5.605,-0.005000000000006111
0.002161991,3,136.5,-136.5,0.0,0.0
0.002161991,2,169.7,-164.0,5.634,0.06599999999998829
0.002161991,4,136.6,-136.6,0.0,0.0
0.002161991,5,-6.89,29.33,22.7,-0.26000000000000156
0.00216395,1,169.4,-163.8,5.605,-0.005000000000006111
0.00216395,3,136.6,-136.6,0.0,0.0
0.00216395,2,169.7,-164.0,5.634,0.06599999999998829
0.00216395,4,136.7,-136.7,0.0,0.0
0.00216395,5,-7.117,29.6,22.75,-0.26699999999999946
0.00216599,1,169.4,-163.8,5.605,-0.005000000000006111
0.00216599,3,136.6,-136.6,0.0,0.0
0.00216599,2,169.7,-164.0,5.634,0.06599999999998829
0.00216599,4,136.8,-136.8,0.0,0.0
0.00216599,5,-7.323,29.81,22.78,-0.2930000000000028
0.00216796,1,169.4,-163.8,5.605,-0.005000000000006111
0.00216796,3,136.7,-136.7,0.0,0.0
0.00216796,2,169.7,-164.0,5.634,0.06599999999998829
0.00216796,4,136.8,-136.8,0.0,0.0
0.00216796,5,-7.448,29.92,22.81,-0.3379999999999974
0.002169924,1,169.4,-163.8,5.605,-0.005000000000006111
0.002169924,3,136.8,-136.8,0.0,0.0
0.002169924,2,169.7,-164.0,5.634,0.06599999999998829
0.002169924,4,136.9,-136.9,0.0,0.0
0.002169924,5,-7.495,29.98,22.83,-0.34499999999999886
0.002171961,1,169.4,-163.8,5.605,-0.005000000000006111
0.002171961,3,136.9,-136.9,0.0,0.0
0.002171961,2,169.7,-164.0,5.634,0.06599999999998829
0.002171961,4,137.0,-137.0,0.0,0.0
0.002171961,5,-7.511,30.02,22.85,-0.3410000000000011
0.002173973,1,169.4,-163.8,5.605,-0.005000000000006111
0.002173973,3,136.9,-136.9,0.0,0.0
0.002173973,2,169.7,-164.0,5.634,0.06599999999998829
0.002173973,4,137.1,-137.1,0.0,0.0
0.002173973,5,-7.519,30.04,22.87,-0.3490000000000002
0.002175934,1,169.4,-163.8,5.605,-0.005000000000006111
0.002175934,3,137.0,-137.0,0.0,0.0
0.002175934,2,169.7,-164.0,5.634,0.06599999999998829
0.002175934,4,137.2,-137.1,0.0,0.09999999999999432
0.002175934,5,-7.521,30.07,22.88,-0.3309999999999995
0.002177913,1,169.4,-163.8,5.605,-0.005000000000006111
0.002177913,3,137.1,-137.1,0.0,0.0
0.002177913,2,169.7,-164.0,5.634,0.06599999999998829
0.002177913,4,137.2,-137.2,0.0,0.0
0.002177913,5,-7.52,30.1,22.9,-0.31999999999999673
0.00217998,1,169.4,-163.8,5.605,-0.005000000000006111
0.00217998,3,137.2,-137.2,0.0,0.0
0.00217998,2,169.7,-164.0,5.634,0.06599999999998829
0.00217998,4,137.3,-137.3,0.0,0.0
0.00217998,5,-7.521,30.13,22.92,-0.3110000000000035
0.002181917,1,169.4,-163.8,5.605,-0.005000000000006111
0.002181917,3,137.2,-137.2,0.0,0.0
0.002181917,2,169.7,-164.0,5.634,0.06599999999998829
0.002181917,4,137.4,-137.4,0.0,0.0
0.002181917,5,-7.533,30.17,22.93,-0.29299999999999926
0.002183935,1,169.4,-163.8,5.605,-0.005000000000006111
0.002183935,3,137.3,-137.3,0.0,0.0
0.002183935,2,169.7,-164.0,5.634,0.06599999999998829
0.002183935,4,137.5,-137.4,0.0,0.09999999999999432
0.002183935,5,-7.548,30.21,22.95,-0.28800000000000026
0.002185983,1,169.4,-163.8,5.605,-0.005000000000006111
0.002185983,3,137.4,-137.4,0.0,0.0
0.002185983,2,169.7,-164.0,5.634,0.06599999999998829
0.002185983,4,137.5,-137.5,0.0,0.0
0.002185983,5,-7.604,30.25,22.98,-0.33399999999999963
0.002187926,1,169.4,-163.8,5.605,-0.005000000000006111
0.002187926,3,137.5,-137.5,0.0,0.0
0.002187926,2,169.7,-164.0,5.634,0.06599999999998829
0.002187926,4,137.6,-137.6,0.0,0.0
0.002187926,5,-7.649,30.3,23.0,-0.3490000000000002
0.002189998,1,169.4,-163.8,5.605,-0.005000000000006111
0.002189998,3,137.5,-137.5,0.0,0.0
0.002189998,2,169.7,-164.0,5.634,0.06599999999998829
0.002189998,4,137.7,-137.7,0.0,0.0
0.002189998,5,-7.7,30.37,23.01,-0.33999999999999986
0.002191923,1,169.4,-163.8,5.605,-0.005000000000006111
0.002191923,3,137.6,-137.6,0.0,0.0
0.002191923,2,169.7,-164.0,5.634,0.06599999999998829
0.002191923,4,137.8,-137.8,0.0,0.0
0.002191923,5,-7.752,30.5,23.04,-0.29199999999999804
0.00219398,1,169.4,-163.8,5.605,-0.005000000000006111
0.00219398,3,137.7,-137.7,0.0,0.0
0.00219398,2,169.7,-164.0,5.634,0.06599999999998829
0.00219398,4,137.8,-137.8,0.0,0.0
0.00219398,5,-7.902,31.04,23.12,0.01799999999999713
0.002195943,1,169.4,-163.8,5.605,-0.005000000000006111
0.002195943,3,137.8,-137.8,0.0,0.0
0.002195943,2,169.7,-164.0,5.634,0.06599999999998829
0.002195943,4,137.9,-137.9,0.0,0.0
0.002195943,5,-8.235,31.32,23.18,-0.09499999999999886
0.002197969,1,169.4,-163.8,5.605,-0.005000000000006111
0.002197969,3,137.8,-137.8,0.0,0.0
0.002197969,2,169.7,-164.0,5.634,0.06599999999998829
0.002197969,4,138.0,-138.0,0.0,0.0
0.002197969,5,-8.539,31.44,23.22,-0.3189999999999955
0.002199973,1,169.4,-163.8,5.605,-0.005000000000006111
0.002199973,3,137.9,-137.9,0.0,0.0
0.002199973,2,169.7,-164.0,5.634,0.06599999999998829
0.002199973,4,138.1,-138.1,0.0,0.0
0.002199973,5,-8.649,31.56,23.24,-0.3289999999999971
0.002201934,1,169.4,-163.8,5.605,-0.005000000000006111
0.002201934,3,138.0,-138.0,0.0,0.0
0.002201934,2,169.7,-164.0,5.634,0.06599999999998829
0.002201934,4,138.1,-138.1,0.0,0.0
0.002201934,5,-8.74,31.69,23.27,-0.31999999999999673
0.002203981,1,169.4,-163.8,5.605,-0.005000000000006111
0.002203981,3,138.1,-138.1,0.0,0.0
0.002203981,2,169.7,-164.0,5.634,0.06599999999998829
0.002203981,4,138.2,-138.2,0.0,0.0
0.002203981,5,-8.82,31.84,23.3,-0.28000000000000114
0.002205999,1,169.4,-163.8,5.605,-0.005000000000006111
0.002205999,3,138.1,-138.1,0.0,0.0
0.002205999,2,169.7,-164.0,5.634,0.06599999999998829
0.002205999,4,138.3,-138.3,0.0,0.0
0.002205999,5,-8.918,31.96,23.33,-0.2879999999999967
0.002207996,1,169.4,-163.8,5.605,-0.005000000000006111
0.002207996,3,138.2,-138.2,0.0,0.0
0.002207996,2,169.7,-164.0,5.634,0.06599999999998829
0.002207996,4,138.4,-138.4,0.0,0.0
0.002207996,5,-9.037,32.07,23.36,-0.3269999999999982
0.002209919,1,169.4,-163.8,5.605,-0.005000000000006111
0.002209919,3,138.3,-138.3,0.0,0.0
0.002209919,2,169.7,-164.0,5.634,0.06599999999998829
0.002209919,4,138.4,-138.4,0.0,0.0
0.002209919,5,-9.154,32.17,23.38,-0.3639999999999972
0.002211976,1,169.4,-163.8,5.605,-0.005000000000006111
0.002211976,3,138.4,-138.4,0.0,0.0
0.002211976,2,169.7,-164.0,5.634,0.06599999999998829
0.002211976,4,138.5,-138.5,0.0,0.0
0.002211976,5,-9.271,32.3,23.4,-0.3710000000000022
0.002213946,1,169.4,-163.8,5.605,-0.005000000000006111
0.002213946,3,138.4,-138.4,0.0,0.0
0.002213946,2,169.7,-164.0,5.634,0.06599999999998829
0.002213946,4,138.6,-138.6,0.0,0.0
0.002213946,5,-9.386,32.43,23.42,-0.3760000000000012
0.002215921,1,169.4,-163.8,5.605,-0.005000000000006111
0.002215921,3,138.5,-138.5,0.0,0.0
0.002215921,2,169.7,-164.0,5.634,0.06599999999998829
0.002215921,4,138.7,-138.7,0.0,0.0
0.002215921,5,-9.509,32.57,23.44,-0.37900000000000134
0.002217926,1,169.4,-163.8,5.605,-0.005000000000006111
0.002217926,3,138.6,-138.6,0.0,0.0
0.002217926,2,169.7,-164.0,5.634,0.06599999999998829
0.002217926,4,138.7,-138.7,0.0,0.0
0.002217926,5,-9.636,32.71,23.45,-0.37599999999999767
0.002219981,1,169.4,-163.8,5.605,-0.005000000000006111
0.002219981,3,138.7,-138.7,0.0,0.0
0.002219981,2,169.7,-164.0,5.634,0.06599999999998829
0.002219981,4,138.8,-138.8,0.0,0.0
0.002219981,5,-9.752,32.84,23.47,-0.3819999999999979
0.002221944,1,169.4,-163.8,5.605,-0.005000000000006111
0.002221944,3,138.7,-138.7,0.0,0.0
0.002221944,2,169.7,-164.0,5.634,0.06599999999998829
0.002221944,4,138.9,-138.9,0.0,0.0
0.002221944,5,-9.845,32.95,23.49,-0.38499999999999446
0.002223941,1,169.4,-163.8,5.605,-0.005000000000006111
0.002223941,3,138.8,-138.8,0.0,0.0
0.002223941,2,169.7,-164.0,5.634,0.06599999999998829
0.002223941,4,139.0,-139.0,0.0,0.0
0.002223941,5,-9.934,33.06,23.51,-0.3839999999999968
0.002225927,1,169.4,-163.8,5.605,-0.005000000000006111
0.002225927,3,138.9,-138.9,0.0,0.0
0.002225927,2,169.7,-164.0,5.634,0.06599999999998829
0.002225927,4,139.0,-139.0,0.0,0.0
0.002225927,5,-10.03,33.18,23.53,-0.38000000000000256
0.002227976,1,169.4,-163.8,5.605,-0.005000000000006111
0.002227976,3,139.0,-139.0,0.0,0.0
0.002227976,2,169.7,-164.0,5.634,0.06599999999998829
0.002227976,4,139.1,-139.1,0.0,0.0
0.002227976,5,-10.14,33.31,23.56,-0.389999999999997
0.002229943,1,169.4,-163.8,5.605,-0.005000000000006111
0.002229943,3,139.0,-139.0,0.0,0.0
0.002229943,2,169.7,-164.0,5.634,0.06599999999998829
0.002229943,4,139.2,-139.2,0.0,0.0
0.002229943,5,-10.25,33.44,23.59,-0.40000000000000213
0.002231956,1,169.4,-163.8,5.605,-0.005000000000006111
0.002231956,3,139.1,-139.1,0.0,0.0
0.002231956,2,169.7,-164.0,5.634,0.06599999999998829
0.002231956,4,139.3,-139.3,0.0,0.0
0.002231956,5,-10.35,33.57,23.62,-0.40000000000000213
0.002233944,1,169.4,-163.8,5.605,-0.005000000000006111
0.002233944,3,139.2,-139.2,0.0,0.0
0.002233944,2,169.7,-164.0,5.634,0.06599999999998829
0.002233944,4,139.3,-139.3,0.0,0.0
0.002233944,5,-10.45,33.68,23.64,-0.41000000000000014
0.002235995,1,169.4,-163.8,5.605,-0.005000000000006111
0.002235995,3,139.3,-139.3,0.0,0.0
0.002235995,2,169.7,-164.0,5.634,0.06599999999998829
0.002235995,4,139.4,-139.4,0.0,0.0
0.002235995,5,-10.54,33.79,23.66,-0.41000000000000014
0.002237976,1,169.4,-163.8,5.605,-0.005000000000006111
0.002237976,3,139.3,-139.3,0.0,0.0
0.002237976,2,169.7,-164.0,5.634,0.06599999999998829
0.002237976,4,139.5,-139.5,0.0,0.0
0.002237976,5,-10.66,33.96,23.69,-0.39000000000000057
0.00223994,1,169.4,-163.8,5.605,-0.005000000000006111
0.00223994,3,139.4,-139.4,0.0,0.0
0.00223994,2,169.7,-164.0,5.634,0.06599999999998829
0.00223994,4,139.6,-139.6,0.0,0.0
0.00223994,5,-10.9,34.29,23.72,-0.3299999999999983
0.002241947,1,169.4,-163.8,5.605,-0.005000000000006111
0.002241947,3,139.5,-139.5,0.0,0.0
0.002241947,2,169.7,-164.0,5.634,0.06599999999998829
0.002241947,4,139.6,-139.6,0.0,0.0
0.002241947,5,-11.33,34.76,23.75,-0.3200000000000003
0.002243923,1,169.4,-163.8,5.605,-0.005000000000006111
0.002243923,3,139.6,-139.6,0.0,0.0
0.002243923,2,169.7,-164.0,5.634,0.06599999999998829
0.002243923,4,139.7,-139.7,0.0,0.0
0.002243923,5,-11.72,35.08,23.77,-0.41000000000000014
0.002245979,1,169.4,-163.8,5.605,-0.005000000000006111
0.002245979,3,139.6,-139.6,0.0,0.0
0.002245979,2,169.7,-164.0,5.634,0.06599999999998829
0.002245979,4,139.8,-139.8,0.0,0.0
0.002245979,5,-11.9,35.23,23.79,-0.46000000000000085
0.002247981,1,169.4,-163.8,5.605,-0.005000000000006111
0.002247981,3,139.7,-139.7,0.0,0.0
0.002247981,2,169.7,-164.0,5.634,0.06599999999998829
0.002247981,4,139.9,-139.9,0.0,0.0
0.002247981,5,-11.99,35.32,23.8,-0.4700000000000024
0.002249956,1,169.4,-163.8,5.605,-0.005000000000006111
0.002249956,3,139.8,-139.8,0.0,0.0
0.002249956,2,169.7,-164.0,5.634,0.06599999999998829
0.002249956,4,139.9,-139.9,0.0,0.0
0.002249956,5,-12.07,35.4,23.8,-0.4700000000000024
0.002251931,1,169.4,-163.8,5.605,-0.005000000000006111
0.002251931,3,139.9,-139.9,0.0,0.0
0.002251931,2,169.7,-164.0,5.634,0.06599999999998829
0.002251931,4,140.0,-140.0,0.0,0.0
0.002251931,5,-12.13,35.45,23.81,-0.48999999999999844
0.002253999,1,169.4,-163.8,5.605,-0.005000000000006111
0.002253999,3,139.9,-139.9,0.0,0.0
0.002253999,2,169.7,-164.0,5.634,0.06599999999998829
0.002253999,4,140.1,-140.1,0.0,0.0
0.002253999,5,-12.18,35.5,23.82,-0.5
0.002255977,1,169.4,-163.8,5.605,-0.005000000000006111
0.002255977,3,140.0,-140.0,0.0,0.0
0.002255977,2,169.7,-164.0,5.634,0.06599999999998829
0.002255977,4,140.2,-140.2,0.0,0.0
0.002255977,5,-12.22,35.55,23.82,-0.490000000000002
0.002257985,1,169.4,-163.8,5.605,-0.005000000000006111
0.002257985,3,140.1,-140.1,0.0,0.0
0.002257985,2,169.7,-164.0,5.634,0.06599999999998829
0.002257985,4,140.2,-140.2,0.0,0.0
0.002257985,5,-12.25,35.59,23.83,-0.4899999999999949
0.002259981,1,169.4,-163.8,5.605,-0.005000000000006111
0.002259981,3,140.2,-140.2,0.0,0.0
0.002259981,2,169.7,-164.0,5.634,0.06599999999998829
0.002259981,4,140.3,-140.3,0.0,0.0
0.002259981,5,-12.28,35.63,23.83,-0.4799999999999969
0.002261921,1,169.4,-163.8,5.605,-0.005000000000006111
0.002261921,3,140.2,-140.2,0.0,0.0
0.002261921,2,169.7,-164.0,5.634,0.06599999999998829
0.002261921,4,140.4,-140.4,0.0,0.0
0.002261921,5,-12.31,35.67,23.84,-0.4800000000000004
0.002263999,1,169.4,-163.8,5.605,-0.005000000000006111
0.002263999,3,140.3,-140.3,0.0,0.0
0.002263999,2,169.7,-164.0,5.634,0.06599999999998829
0.002263999,4,140.5,-140.5,0.0,0.0
0.002263999,5,-12.33,35.71,23.84,-0.4599999999999973
0.002265945,1,169.4,-163.8,5.605,-0.005000000000006111
0.002265945,3,140.4,-140.4,0.0,0.0
0.002265945,2,169.7,-164.0,5.634,0.06599999999998829
0.002265945,4,140.5,-140.5,0.0,0.0
0.002265945,5,-12.34,35.75,23.85,-0.4400000000000013
0.002267964,1,169.4,-163.8,5.605,-0.005000000000006111
0.002267964,3,140.5,-140.5,0.0,0.0
0.002267964,2,169.7,-164.0,5.634,0.06599999999998829
0.002267964,4,140.6,-140.6,0.0,0.0
0.002267964,5,-12.3,35.8,23.87,-0.37000000000000455
0.002269931,1,169.4,-163.8,5.605,-0.005000000000006111
0.002269931,3,140.5,-140.5,0.0,0.0
0.002269931,2,169.7,-164.0,5.634,0.06599999999998829
0.002269931,4,140.7,-140.7,0.0,0.0
0.002269931,5,-12.26,35.82,23.9,-0.3399999999999963
0.002271994,1,169.4,-163.8,5.605,-0.005000000000006111
0.002271994,3,140.6,-140.6,0.0,0.0
0.002271994,2,169.7,-164.0,5.634,0.06599999999998829
0.002271994,4,140.8,-140.7,0.0,0.10000000000002274
0.002271994,5,-12.2,35.84,23.93,-0.2899999999999956
0.002273961,1,169.4,-163.8,5.605,-0.005000000000006111
0.002273961,3,140.7,-140.7,0.0,0.0
0.002273961,2,169.7,-164.0,5.634,0.06599999999998829
0.002273961,4,140.8,-140.8,0.0,0.0
0.002273961,5,-12.18,35.85,23.97,-0.29999999999999716
0.002275935,1,169.4,-163.8,5.605,-0.005000000000006111
0.002275935,3,140.8,-140.8,0.0,0.0
0.002275935,2,169.7,-164.0,5.634,0.06599999999998829
0.002275935,4,140.9,-140.9,0.0,0.0
0.002275935,5,-12.19,35.87,24.01,-0.33000000000000185
0.00227798,1,169.4,-163.8,5.605,-0.005000000000006111
0.00227798,3,140.8,-140.8,0.0,0.0
0.00227798,2,169.7,-164.0,5.634,0.06599999999998829
0.00227798,4,141.0,-141.0,0.0,0.0
0.00227798,5,-12.23,35.91,24.05,-0.37000000000000455
0.002279934,1,169.4,-163.8,5.605,-0.005000000000006111
0.002279934,3,140.9,-140.9,0.0,0.0
0.002279934,2,169.7,-164.0,5.634,0.06599999999998829
0.002279934,4,141.0,-141.0,0.0,0.0
0.002279934,5,-12.27,35.96,24.08,-0.389999999999997
0.002281975,1,169.4,-163.8,5.605,-0.005000000000006111
0.002281975,3,141.0,-141.0,0.0,0.0
0.002281975,2,169.7,-164.0,5.634,0.06599999999998829
0.002281975,4,141.1,-141.1,0.0,0.0
0.002281975,5,-12.31,36.0,24.11,-0.4200000000000017
0.002283984,1,169.4,-163.8,5.605,-0.005000000000006111
0.002283984,3,141.1,-141.1,0.0,0.0
0.002283984,2,169.7,-164.0,5.634,0.06599999999998829
0.002283984,4,141.2,-141.2,0.0,0.0
0.002283984,5,-12.32,36.04,24.13,-0.41000000000000014
0.002285972,1,169.4,-163.8,5.605,-0.005000000000006111
0.002285972,3,141.1,-141.1,0.0,0.0
0.002285972,2,169.7,-164.0,5.634,0.06599999999998829
0.002285972,4,141.3,-141.3,0.0,0.0
0.002285972,5,-12.32,36.08,24.16,-0.40000000000000213
0.002287915,1,169.4,-163.8,5.605,-0.005000000000006111
0.002287915,3,141.2,-141.2,0.0,0.0
0.002287915,2,169.7,-164.0,5.634,0.06599999999998829
0.002287915,4,141.3,-141.3,0.0,0.0
0.002287915,5,-12.32,36.12,24.18,-0.38000000000000256
0.002289987,1,169.4,-163.8,5.605,-0.005000000000006111
0.002289987,3,141.3,-141.3,0.0,0.0
0.002289987,2,169.7,-164.0,5.634,0.06599999999998829
0.002289987,4,141.4,-141.4,0.0,0.0
0.002289987,5,-12.31,36.17,24.21,-0.3500000000000014
0.002291965,1,169.4,-163.8,5.605,-0.005000000000006111
0.002291965,3,141.4,-141.3,0.0,0.09999999999999432
0.002291965,2,169.7,-164.0,5.634,0.06599999999998829
0.002291965,4,141.5,-141.5,0.0,0.0
0.002291965,5,-12.31,36.22,24.24,-0.33000000000000185
0.002293933,1,169.4,-163.8,5.605,-0.005000000000006111
0.002293933,3,141.4,-141.4,0.0,0.0
0.002293933,2,169.7,-164.0,5.634,0.06599999999998829
0.002293933,4,141.6,-141.6,0.0,0.0
0.002293933,5,-12.3,36.26,24.27,-0.3100000000000023
0.002295934,1,169.4,-163.8,5.605,-0.005000000000006111
0.002295934,3,141.5,-141.5,0.0,0.0
0.002295934,2,169.7,-164.0,5.634,0.06599999999998829
0.002295934,4,141.6,-141.6,0.0,0.0
0.002295934,5,-12.27,36.3,24.3,-0.2700000000000031
0.002297992,1,169.4,-163.8,5.605,-0.005000000000006111
0.002297992,3,141.6,-141.6,0.0,0.0
0.002297992,2,169.7,-164.0,5.634,0.06599999999998829
0.002297992,4,141.7,-141.7,0.0,0.0
0.002297992,5,-12.18,36.32,24.34,-0.1999999999999993
0.002299965,1,169.4,-163.8,5.605,-0.005000000000006111
0.002299965,3,141.6,-141.6,0.0,0.0
0.002299965,2,169.7,-164.0,5.634,0.06599999999998829
0.002299965,4,141.8,-141.8,0.0,0.0
0.002299965,5,-12.11,36.31,24.38,-0.17999999999999616
0.002301995,1,169.4,-163.8,5.605,-0.005000000000006111
0.002301995,3,141.7,-141.7,0.0,0.0
0.002301995,2,169.7,-164.0,5.634,0.06599999999998829
0.002301995,4,141.9,-141.9,0.0,0.0
0.002301995,5,-12.03,36.3,24.44,-0.17000000000000526
0.002303996,1,169.4,-163.8,5.605,-0.005000000000006111
0.002303996,3,141.8,-141.8,0.0,0.0
0.002303996,2,169.7,-164.0,5.634,0.06599999999998829
0.002303996,4,141.9,-141.9,0.0,0.0
0.002303996,5,-11.95,36.32,24.5,-0.129999999999999
0.002305975,1,169.4,-163.8,5.605,-0.005000000000006111
0.002305975,3,141.9,-141.9,0.0,0.0
0.002305975,2,169.7,-164.0,5.634,0.06599999999998829
0.002305975,4,142.0,-142.0,0.0,0.0
0.002305975,5,-11.82,36.34,24.58,-0.05999999999999517
0.002307953,1,169.4,-163.8,5.605,-0.005000000000006111
0.002307953,3,141.9,-141.9,0.0,0.0
0.002307953,2,169.7,-164.0,5.634,0.06599999999998829
0.002307953,4,142.1,-142.1,0.0,0.0
0.002307953,5,-11.61,36.29,24.68,0.0
0.002309919,1,169.4,-163.8,5.605,-0.005000000000006111
0.002309919,3,142.0,-142.0,0.0,0.0
0.002309919,2,169.7,-164.0,5.634,0.06599999999998829
0.002309919,4,142.1,-142.1,0.0,0.0
0.002309919,5,-11.41,36.2,24.78,0.010000000000001563
0.002311951,1,169.4,-163.8,5.605,-0.005000000000006111
0.002311951,3,142.1,-142.1,0.0,0.0
0.002311951,2,169.7,-164.0,5.634,0.06599999999998829
0.002311951,4,142.2,-142.2,0.0,0.0
0.002311951,5,-11.26,36.14,24.87,0.010000000000001563
0.002313966,1,169.4,-163.8,5.605,-0.005000000000006111
0.002313966,3,142.2,-142.2,0.0,0.0
0.002313966,2,169.7,-164.0,5.634,0.06599999999998829
0.002313966,4,142.3,-142.3,0.0,0.0
0.002313966,5,-11.17,36.12,24.94,0.009999999999994458
0.002315942,1,169.4,-163.8,5.605,-0.005000000000006111
0.002315942,3,142.2,-142.2,0.0,0.0
0.002315942,2,169.7,-164.0,5.634,0.06599999999998829
0.002315942,4,142.4,-142.4,0.0,0.0
0.002315942,5,-11.11,36.13,24.99,0.03000000000000469
0.002317914,1,169.4,-163.8,5.605,-0.005000000000006111
0.002317914,3,142.3,-142.3,0.0,0.0
0.002317914,2,169.7,-164.0,5.634,0.06599999999998829
0.002317914,4,142.4,-142.4,0.0,0.0
0.002317914,5,-11.07,36.15,25.04,0.03999999999999915
0.002319958,1,169.4,-163.8,5.605,-0.005000000000006111
0.002319958,3,142.4,-142.4,0.0,0.0
0.002319958,2,169.7,-164.0,5.634,0.06599999999998829
0.002319958,4,142.5,-142.5,0.0,0.0
0.002319958,5,-11.01,36.14,25.07,0.060000000000002274
0.002321945,1,169.4,-163.8,5.605,-0.005000000000006111
0.002321945,3,142.4,-142.4,0.0,0.0
0.002321945,2,169.7,-164.0,5.634,0.06599999999998829
0.002321945,4,142.6,-142.6,0.0,0.0
0.002321945,5,-10.94,36.11,25.1,0.07000000000000028
0.002323994,1,169.4,-163.8,5.605,-0.005000000000006111
0.002323994,3,142.5,-142.5,0.0,0.0
0.002323994,2,169.7,-164.0,5.634,0.06599999999998829
0.002323994,4,142.7,-142.7,0.0,0.0
0.002323994,5,-10.83,36.04,25.12,0.08999999999999986
0.00232595,1,169.4,-163.8,5.605,-0.005000000000006111
0.00232595,3,142.6,-142.6,0.0,0.0
0.00232595,2,169.7,-164.0,5.634,0.06599999999998829
0.00232595,4,142.7,-142.7,0.0,0.0
0.00232595,5,-10.73,35.97,25.14,0.09999999999999787
0.002327991,1,169.4,-163.8,5.605,-0.005000000000006111
0.002327991,3,142.7,-142.7,0.0,0.0
0.002327991,2,169.7,-164.0,5.634,0.06599999999998829
0.002327991,4,142.8,-142.8,0.0,0.0
0.002327991,5,-10.62,35.89,25.16,0.11000000000000298
0.002329932,1,169.4,-163.8,5.605,-0.005000000000006111
0.002329932,3,142.7,-142.7,0.0,0.0
0.002329932,2,169.7,-164.0,5.634,0.06599999999998829
0.002329932,4,142.9,-142.9,0.0,0.0
0.002329932,5,-10.48,35.78,25.18,0.120000000000001
0.002331955,1,169.4,-163.8,5.605,-0.005000000000006111
0.002331955,3,142.8,-142.8,0.0,0.0
0.002331955,2,169.7,-164.0,5.634,0.06599999999998829
0.002331955,4,143.0,-142.9,0.0,0.09999999999999432
0.002331955,5,-10.3,35.65,25.2,0.14999999999999858
0.002333991,1,169.4,-163.8,5.605,-0.005000000000006111
0.002333991,3,142.9,-142.9,0.0,0.0
0.002333991,2,169.7,-164.0,5.634,0.06599999999998829
0.002333991,4,143.0,-143.0,0.0,0.0
0.002333991,5,-10.11,35.52,25.22,0.19000000000000483
0.002335937,1,169.4,-163.8,5.605,-0.005000000000006111
0.002335937,3,143.0,-143.0,0.0,0.0
0.002335937,2,169.7,-164.0,5.634,0.06599999999998829
0.002335937,4,143.1,-143.1,0.0,0.0
0.002335937,5,-9.929,35.38,25.25,0.2010000000000005
0.00233798,1,169.4,-163.8,5.605,-0.005000000000006111
0.00233798,3,143.0,-143.0,0.0,0.0
0.00233798,2,169.7,-164.0,5.634,0.06599999999998829
0.00233798,4,143.2,-143.2,0.0,0.0
0.00233798,5,-9.717,35.21,25.27,0.22300000000000253
0.002339997,1,169.4,-163.8,5.605,-0.005000000000006111
0.002339997,3,143.1,-143.1,0.0,0.0
0.002339997,2,169.7,-164.0,5.634,0.06599999999998829
0.002339997,4,143.2,-143.2,0.0,0.0
0.002339997,5,-9.494,35.02,25.3,0.22600000000000264
0.002341949,1,169.4,-163.8,5.605,-0.005000000000006111
0.002341949,3,143.2,-143.2,0.0,0.0
0.002341949,2,169.7,-164.0,5.634,0.06599999999998829
0.002341949,4,143.3,-143.3,0.0,0.0
0.002341949,5,-9.274,34.84,25.33,0.2360000000000042
0.002343995,1,169.4,-163.8,5.605,-0.005000000000006111
0.002343995,3,143.2,-143.2,0.0,0.0
0.002343995,2,169.7,-164.0,5.634,0.06599999999998829
0.002343995,4,143.4,-143.4,0.0,0.0
0.002343995,5,-9.053,34.67,25.37,0.2469999999999999
0.002345924,1,169.4,-163.8,5.605,-0.005000000000006111
0.002345924,3,143.3,-143.3,0.0,0.0
0.002345924,2,169.7,-164.0,5.634,0.06599999999998829
0.002345924,4,143.5,-143.5,0.0,0.0
0.002345924,5,-8.869,34.52,25.4,0.2510000000000048
0.002347931,1,169.4,-163.8,5.605,-0.005000000000006111
0.002347931,3,143.4,-143.4,0.0,0.0
0.002347931,2,169.7,-164.0,5.634,0.06599999999998829
0.002347931,4,143.5,-143.5,0.0,0.0
0.002347931,5,-8.715,34.4,25.43,0.254999999999999
0.002349964,1,169.4,-163.8,5.605,-0.005000000000006111
0.002349964,3,143.5,-143.5,0.0,0.0
0.002349964,2,169.7,-164.0,5.634,0.06599999999998829
0.002349964,4,143.6,-143.6,0.0,0.0
0.002349964,5,-8.608,34.33,25.47,0.2519999999999989
0.002351915,1,169.4,-163.8,5.605,-0.005000000000006111
0.002351915,3,143.5,-143.5,0.0,0.0
0.002351915,2,169.7,-164.0,5.634,0.06599999999998829
0.002351915,4,143.7,-143.7,0.0,0.0
0.002351915,5,-8.55,34.33,25.5,0.2799999999999976
0.002353947,1,169.4,-163.8,5.605,-0.005000000000006111
0.002353947,3,143.6,-143.6,0.0,0.0
0.002353947,2,169.7,-164.0,5.634,0.06599999999998829
0.002353947,4,143.7,-143.7,0.0,0.0
0.002353947,5,-8.539,34.35,25.54,0.2710000000000008
0.002355983,1,169.4,-163.8,5.605,-0.005000000000006111
0.002355983,3,143.7,-143.7,0.0,0.0
0.002355983,2,169.7,-164.0,5.634,0.06599999999998829
0.002355983,4,143.8,-143.8,0.0,0.0
0.002355983,5,-8.553,34.4,25.58,0.26699999999999946
0.002357921,1,169.4,-163.8,5.605,-0.005000000000006111
0.002357921,3,143.7,-143.7,0.0,0.0
0.002357921,2,169.7,-164.0,5.634,0.06599999999998829
0.002357921,4,143.9,-143.9,0.0,0.0
0.002357921,5,-8.605,34.48,25.62,0.25499999999999545
0.002359947,1,169.4,-163.8,5.605,-0.005000000000006111
0.002359947,3,143.8,-143.8,0.0,0.0
0.002359947,2,169.7,-164.0,5.634,0.06599999999998829
0.002359947,4,144.0,-144.0,0.0,0.0
0.002359947,5,-8.692,34.58,25.66,0.22799999999999798
0.002361983,1,169.4,-163.8,5.605,-0.005000000000006111
0.002361983,3,143.9,-143.9,0.0,0.0
0.002361983,2,169.7,-164.0,5.634,0.06599999999998829
0.002361983,4,144.0,-144.0,0.0,0.0
0.002361983,5,-8.779,34.66,25.69,0.1909999999999954
0.002363983,1,169.4,-163.8,5.605,-0.005000000000006111
0.002363983,3,144.0,-144.0,0.0,0.0
0.002363983,2,169.7,-164.0,5.634,0.06599999999998829
0.002363983,4,144.1,-144.1,0.0,0.0
0.002363983,5,-8.834,34.7,25.72,0.14600000000000435
0.002365919,1,169.4,-163.8,5.605,-0.005000000000006111
0.002365919,3,144.0,-144.0,0.0,0.0
0.002365919,2,169.7,-164.0,5.634,0.06599999999998829
0.002365919,4,144.2,-144.2,0.0,0.0
0.002365919,5,-8.865,34.72,25.74,0.11499999999999844
0.002367958,1,169.4,-163.8,5.605,-0.005000000000006111
0.002367958,3,144.1,-144.1,0.0,0.0
0.002367958,2,169.7,-164.0,5.634,0.06599999999998829
0.002367958,4,144.2,-144.2,0.0,0.0
0.002367958,5,-8.875,34.74,25.76,0.10500000000000043
0.002369999,1,169.4,-163.8,5.605,-0.005000000000006111
0.002369999,3,144.2,-144.2,0.0,0.0
0.002369999,2,169.7,-164.0,5.634,0.06599999999998829
0.002369999,4,144.3,-144.3,0.0,0.0
0.002369999,5,-8.851,34.74,25.78,0.10900000000000176
0.002371917,1,169.4,-163.8,5.605,-0.005000000000006111
0.002371917,3,144.2,-144.2,0.0,0.0
0.002371917,2,169.7,-164.0,5.634,0.06599999999998829
0.002371917,4,144.4,-144.4,0.0,0.0
0.002371917,5,-8.797,34.72,25.8,0.12299999999999756
0.002373966,1,169.4,-163.8,5.605,-0.005000000000006111
0.002373966,3,144.3,-144.3,0.0,0.0
0.002373966,2,169.7,-164.0,5.634,0.06599999999998829
0.002373966,4,144.5,-144.5,0.0,0.0
0.002373966,5,-8.721,34.68,25.82,0.13899999999999935
0.002375985,1,169.4,-163.8,5.605,-0.005000000000006111
0.002375985,3,144.4,-144.4,0.0,0.0
0.002375985,2,169.7,-164.0,5.634,0.06599999999998829
0.002375985,4,144.5,-144.5,0.0,0.0
0.002375985,5,-8.642,34.65,25.85,0.1579999999999977
0.002377936,1,169.4,-163.8,5.605,-0.005000000000006111
0.002377936,3,144.5,-144.5,0.0,0.0
0.002377936,2,169.7,-164.0,5.634,0.06599999999998829
0.002377936,4,144.6,-144.6,0.0,0.0
0.002377936,5,-8.565,34.62,25.87,0.18499999999999872
0.002379969,1,169.4,-163.8,5.605,-0.005000000000006111
0.002379969,3,144.5,-144.5,0.0,0.0
0.002379969,2,169.7,-164.0,5.634,0.06599999999998829
0.002379969,4,144.7,-144.7,0.0,0.0
0.002379969,5,-8.479,34.59,25.9,0.21100000000000563
0.002381939,1,169.4,-163.8,5.605,-0.005000000000006111
0.002381939,3,144.6,-144.6,0.0,0.0
0.002381939,2,169.7,-164.0,5.634,0.06599999999998829
0.002381939,4,144.7,-144.7,0.0,0.0
0.002381939,5,-8.392,34.57,25.93,0.2480000000000011
0.002383949,1,169.4,-163.8,5.605,-0.005000000000006111
0.002383949,3,144.7,-144.7,0.0,0.0
0.002383949,2,169.7,-164.0,5.634,0.06599999999998829
0.002383949,4,144.8,-144.8,0.0,0.0
0.002383949,5,-8.309,34.56,25.97,0.2810000000000059
0.002385978,1,169.4,-163.8,5.605,-0.005000000000006111
0.002385978,3,144.7,-144.7,0.0,0.0
0.002385978,2,169.7,-164.0,5.634,0.06599999999998829
0.002385978,4,144.9,-144.9,0.0,0.0
0.002385978,5,-8.239,34.58,26.01,0.33099999999999596
0.002387991,1,169.4,-163.8,5.605,-0.005000000000006111
0.002387991,3,144.8,-144.8,0.0,0.0
0.002387991,2,169.7,-164.0,5.634,0.06599999999998829
0.002387991,4,145.0,-145.0,0.0,0.0
0.002387991,5,-8.186,34.62,26.07,0.3639999999999972
0.00238999,1,169.4,-163.8,5.605,-0.005000000000006111
0.00238999,3,144.9,-144.9,0.0,0.0
0.00238999,2,169.7,-164.0,5.634,0.06599999999998829
0.00238999,4,145.0,-145.0,0.0,0.0
0.00238999,5,-8.149,34.67,26.13,0.3910000000000018
0.002391986,1,169.4,-163.8,5.605,-0.005000000000006111
0.002391986,3,145.0,-145.0,0.0,0.0
0.002391986,2,169.7,-164.0,5.634,0.06599999999998829
0.002391986,4,145.1,-145.1,0.0,0.0
0.002391986,5,-8.129,34.75,26.21,0.41100000000000136
0.00239396,1,169.4,-163.8,5.605,-0.005000000000006111
0.00239396,3,145.0,-145.0,0.0,0.0
0.00239396,2,169.7,-164.0,5.634,0.06599999999998829
0.00239396,4,145.2,-145.2,0.0,0.0
0.00239396,5,-8.123,34.84,26.28,0.4370000000000047
0.002395941,1,169.4,-163.8,5.605,-0.005000000000006111
0.002395941,3,145.1,-145.1,0.0,0.0
0.002395941,2,169.7,-164.0,5.634,0.06599999999998829
0.002395941,4,145.2,-145.2,0.0,0.0
0.002395941,5,-8.12,34.93,26.36,0.45000000000000284
0.002397962,1,169.4,-163.8,5.605,-0.005000000000006111
0.002397962,3,145.2,-145.2,0.0,0.0
0.002397962,2,169.7,-164.0,5.634,0.06599999999998829
0.002397962,4,145.3,-145.3,0.0,0.0
0.002397962,5,-8.118,35.02,26.45,0.45200000000000173
0.002399952,1,169.4,-163.8,5.605,-0.005000000000006111
0.002399952,3,145.2,-145.2,0.0,0.0
0.002399952,2,169.7,-164.0,5.634,0.06599999999998829
0.002399952,4,145.4,-145.4,0.0,0.0
0.002399952,5,-8.12,35.12,26.54,0.46000000000000085
0.002401991,1,169.4,-163.8,5.605,-0.005000000000006111
0.002401991,3,145.3,-145.3,0.0,0.0
0.002401991,2,169.7,-164.0,5.634,0.06599999999998829
0.002401991,4,145.5,-145.4,0.0,0.09999999999999432
0.002401991,5,-8.13,35.24,26.63,0.4800000000000004
0.00240394,1,169.4,-163.8,5.605,-0.005000000000006111
0.00240394,3,145.4,-145.4,0.0,0.0
0.00240394,2,169.7,-164.0,5.634,0.06599999999998829
0.00240394,4,145.5,-145.5,0.0,0.0
0.00240394,5,-8.134,35.36,26.72,0.5060000000000002
0.002405934,1,169.4,-163.8,5.605,-0.005000000000006111
0.002405934,3,145.4,-145.4,0.0,0.0
0.002405934,2,169.7,-164.0,5.634,0.06599999999998829
0.002405934,4,145.6,-145.6,0.0,0.0
0.002405934,5,-8.113,35.47,26.8,0.5569999999999986
0.002407981,1,169.4,-163.8,5.605,-0.005000000000006111
0.002407981,3,145.5,-145.5,0.0,0.0
0.002407981,2,169.7,-164.0,5.634,0.06599999999998829
0.002407981,4,145.7,-145.7,0.0,0.0
0.002407981,5,-8.055,35.54,26.89,0.5949999999999989
0.002409924,1,169.4,-163.8,5.605,-0.005000000000006111
0.002409924,3,145.6,-145.6,0.0,0.0
0.002409924,2,169.7,-164.0,5.634,0.06599999999998829
0.002409924,4,145.7,-145.7,0.0,0.0
0.002409924,5,-7.969,35.57,26.97,0.6310000000000002
0.002411958,1,169.4,-163.8,5.605,-0.005000000000006111
0.002411958,3,145.7,-145.6,0.0,0.09999999999999432
0.002411958,2,169.7,-164.0,5.634,0.06599999999998829
0.002411958,4,145.8,-145.8,0.0,0.0
0.002411958,5,-7.858,35.55,27.04,0.6519999999999975
0.002413982,1,169.4,-163.8,5.605,-0.005000000000006111
0.002413982,3,145.7,-145.7,0.0,0.0
0.002413982,2,169.7,-164.0,5.634,0.06599999999998829
0.002413982,4,145.9,-145.9,0.0,0.0
0.002413982,5,-7.721,35.49,27.1,0.6690000000000005
0.002415974,1,169.4,-163.8,5.605,-0.005000000000006111
0.002415974,3,145.8,-145.8,0.0,0.0
0.002415974,2,169.7,-164.0,5.634,0.06599999999998829
0.002415974,4,145.9,-145.9,0.0,0.0
0.002415974,5,-7.548,35.38,27.16,0.6720000000000006
0.002417918,1,169.4,-163.8,5.605,-0.005000000000006111
0.002417918,3,145.9,-145.9,0.0,0.0
0.002417918,2,169.7,-164.0,5.634,0.06599999999998829
0.002417918,4,146.0,-146.0,0.0,0.0
0.002417918,5,-7.339,35.23,27.2,0.690999999999999
0.00241995,1,169.4,-163.8,5.605,-0.005000000000006111
0.00241995,3,145.9,-145.9,0.0,0.0
0.00241995,2,169.7,-164.0,5.634,0.06599999999998829
0.00241995,4,146.1,-146.1,0.0,0.0
0.00241995,5,-7.075,35.03,27.25,0.7050000000000018
0.002421982,1,169.4,-163.8,5.605,-0.005000000000006111
0.002421982,3,146.0,-146.0,0.0,0.0
0.002421982,2,169.7,-164.0,5.634,0.06599999999998829
0.002421982,4,146.1,-146.1,0.0,0.0
0.002421982,5,-6.782,34.8,27.3,0.7179999999999964
0.002423965,1,169.5,-163.8,5.605,0.0949999999999882
0.002423965,3,146.1,-146.1,0.0,0.0
0.002423965,2,169.7,-164.0,5.634,0.06599999999998829
0.002423965,4,146.2,-146.2,0.0,0.0
0.002423965,5,-6.482,34.58,27.35,0.7479999999999976
0.002425956,1,169.5,-163.8,5.605,0.0949999999999882
0.002425956,3,146.1,-146.1,0.0,0.0
0.002425956,2,169.7,-164.0,5.634,0.06599999999998829
0.002425956,4,146.3,-146.3,0.0,0.0
0.002425956,5,-6.186,34.36,27.42,0.7539999999999978
0.002427988,1,169.5,-163.9,5.606,-0.0060000000000055564
0.002427988,3,146.2,-146.2,0.0,0.0
0.002427988,2,169.7,-164.0,5.634,0.06599999999998829
0.002427988,4,146.4,-146.3,0.0,0.09999999999999432
0.002427988,5,-5.904,34.17,27.48,0.7860000000000014
0.002429943,1,169.5,-163.9,5.606,-0.0060000000000055564
0.002429943,3,146.3,-146.3,0.0,0.0
0.002429943,2,169.7,-164.0,5.634,0.06599999999998829
0.002429943,4,146.4,-146.4,0.0,0.0
0.002429943,5,-5.668,34.0,27.55,0.782
0.002431928,1,169.6,-163.9,5.606,0.09399999999998876
0.002431928,3,146.3,-146.3,0.0,0.0
0.002431928,2,169.7,-164.0,5.634,0.06599999999998829
0.002431928,4,146.5,-146.5,0.0,0.0
0.002431928,5,-5.458,33.84,27.61,0.7720000000000056
0.002433971,1,169.7,-164.0,5.607,0.09299999999998843
0.002433971,3,146.4,-146.4,0.0,0.0
0.002433971,2,169.7,-164.0,5.634,0.06599999999998829
0.002433971,4,146.6,-146.6,0.0,0.0
0.002433971,5,-5.259,33.7,27.66,0.7810000000000024
0.002435926,1,169.7,-164.0,5.609,0.09099999999998865
0.002435926,3,146.5,-146.5,0.0,0.0
0.002435926,2,169.7,-164.0,5.634,0.06599999999998829
0.002435926,4,146.6,-146.6,0.0,0.0
0.002435926,5,-5.085,33.58,27.71,0.7849999999999966
0.002437972,1,169.8,-164.1,5.611,0.08900000000001729
0.002437972,3,146.6,-146.5,0.0,0.09999999999999432
0.002437972,2,169.7,-164.0,5.634,0.06599999999998829
0.002437972,4,146.7,-146.7,0.0,0.0
0.002437972,5,-4.933,33.48,27.76,0.7869999999999955
0.002439929,1,169.9,-164.2,5.612,0.08800000000001695
0.002439929,3,146.6,-146.6,0.0,0.0
0.002439929,2,169.7,-164.0,5.634,0.06599999999998829
0.002439929,4,146.8,-146.8,0.0,0.0
0.002439929,5,-4.804,33.43,27.81,0.815999999999999
0.002441974,1,169.9,-164.2,5.614,0.08600000000001717
0.002441974,3,146.7,-146.7,0.0,0.0
0.002441974,2,169.7,-164.0,5.634,0.06599999999998829
0.002441974,4,146.8,-146.8,0.0,0.0
0.002441974,5,-4.684,33.39,27.86,0.8460000000000001
0.002443975,1,170.0,-164.3,5.616,0.08399999999998897
0.002443975,3,146.8,-146.8,0.0,0.0
0.002443975,2,169.7,-164.0,5.634,0.06599999999998829
0.002443975,4,146.9,-146.9,0.0,0.0
0.002443975,5,-4.543,33.38,27.91,0.9270000000000032
0.002445925,1,170.1,-164.4,5.619,0.08099999999998886
0.002445925,3,146.8,-146.8,0.0,0.0
0.002445925,2,169.7,-164.0,5.634,0.06599999999998829
0.002445925,4,147.0,-147.0,0.0,0.0
0.002445925,5,-4.491,33.38,27.96,0.929000000000002
0.002447963,1,170.1,-164.4,5.622,0.07799999999998875
0.002447963,3,146.9,-146.9,0.0,0.0
0.002447963,2,169.7,-164.0,5.635,0.06499999999998884
0.002447963,4,147.0,-147.0,0.0,0.0
0.002447963,5,-4.464,33.43,28.02,0.9460000000000015
0.002449935,1,170.2,-164.5,5.626,0.0739999999999883
0.002449935,3,147.0,-147.0,0.0,0.0
0.002449935,2,169.7,-164.1,5.636,-0.036000000000005805
0.002449935,4,147.1,-147.1,0.0,0.0
0.002449935,5,-4.444,33.47,28.08,0.9460000000000015
0.002451943,1,170.2,-164.5,5.629,0.07099999999998907
0.002451943,3,147.0,-147.0,0.0,0.0
0.002451943,2,169.8,-164.1,5.637,0.06300000000001749
0.002451943,4,147.2,-147.2,0.0,0.0
0.002451943,5,-4.421,33.53,28.14,0.9690000000000012
0.002453972,1,170.2,-164.6,5.632,-0.03200000000000536
0.002453972,3,147.1,-147.1,0.0,0.0
0.002453972,2,169.8,-164.1,5.638,0.06200000000001715
0.002453972,4,147.2,-147.2,0.0,0.0
0.002453972,5,-4.403,33.59,28.22,0.9670000000000059
0.002455922,1,170.3,-164.6,5.634,0.06600000000001671
0.002455922,3,147.2,-147.2,0.0,0.0
0.002455922,2,169.9,-164.2,5.64,0.06000000000001737
0.002455922,4,147.3,-147.3,0.0,0.0
0.002455922,5,-4.392,33.67,28.3,0.9780000000000015
0.002457961,1,170.3,-164.6,5.637,0.06300000000001749
0.002457961,3,147.3,-147.3,0.0,0.0
0.002457961,2,169.9,-164.2,5.643,0.05700000000001726
0.002457961,4,147.4,-147.4,0.0,0.0
0.002457961,5,-4.386,33.74,28.4,0.9540000000000042
0.002459992,1,170.3,-164.6,5.639,0.06100000000001682
0.002459992,3,147.3,-147.3,0.0,0.0
0.002459992,2,170.0,-164.3,5.646,0.053999999999988724
0.002459992,4,147.4,-147.4,0.0,0.0
0.002459992,5,-4.38,33.81,28.5,0.9300000000000033
0.002461955,1,170.3,-164.7,5.64,-0.03999999999997694
0.002461955,3,147.4,-147.4,0.0,0.0
0.002461955,2,170.1,-164.3,5.649,0.15099999999998293
0.002461955,4,147.5,-147.5,0.0,0.0
0.002461955,5,-4.372,33.88,28.61,0.8980000000000032
0.002463947,1,170.4,-164.7,5.642,0.058000000000016705
0.002463947,3,147.5,-147.5,0.0,0.0
0.002463947,2,170.1,-164.4,5.653,0.04699999999998905
0.002463947,4,147.6,-147.6,0.0,0.0
0.002463947,5,-4.369,33.93,28.71,0.8509999999999991
0.002465993,1,170.4,-164.7,5.643,0.05700000000001726
0.002465993,3,147.5,-147.5,0.0,0.0
0.002465993,2,170.2,-164.5,5.657,0.0429999999999886
0.002465993,4,147.7,-147.6,0.0,0.09999999999999432
0.002465993,5,-4.371,33.98,28.81,0.7989999999999959
0.002467921,1,170.4,-164.7,5.645,0.05500000000001748
0.002467921,3,147.6,-147.6,0.0,0.0
0.002467921,2,170.3,-164.5,5.662,0.13800000000001145
0.002467921,4,147.7,-147.7,0.0,0.0
0.002467921,5,-4.389,34.02,28.9,0.7310000000000052
0.002469921,1,170.4,-164.8,5.646,-0.04600000000000559
0.002469921,3,147.7,-147.7,0.0,0.0
0.002469921,2,170.4,-164.6,5.668,0.13200000000001122
0.002469921,4,147.8,-147.8,0.0,0.0
0.002469921,5,-4.406,34.07,28.98,0.684000000000001
0.002471977,1,170.5,-164.8,5.648,0.051999999999988944
0.002471977,3,147.7,-147.7,0.0,0.0
0.002471977,2,170.5,-164.7,5.675,0.12500000000001155
0.002471977,4,147.9,-147.9,0.0,0.0
0.002471977,5,-4.387,34.08,29.06,0.6329999999999991
0.002473942,1,170.5,-164.8,5.651,0.04899999999998883
0.002473942,3,147.8,-147.8,0.0,0.0
0.002473942,2,170.6,-164.8,5.683,0.11699999999998312
0.002473942,4,147.9,-147.9,0.0,0.0
0.002473942,5,-4.314,34.04,29.13,0.5960000000000001
0.002475959,1,170.6,-164.9,5.655,0.04499999999998838
0.002475959,3,147.9,-147.9,0.0,0.0
0.002475959,2,170.7,-164.9,5.691,0.10899999999998311
0.002475959,4,148.0,-148.0,0.0,0.0
0.002475959,5,-4.193,33.93,29.19,0.5470000000000006
0.002477926,1,170.7,-164.9,5.66,0.1399999999999828
0.002477926,3,148.0,-147.9,0.0,0.09999999999999432
0.002477926,2,170.8,-165.0,5.698,0.10200000000001097
0.002477926,4,148.1,-148.1,0.0,0.0
0.002477926,5,-4.044,33.79,29.25,0.49599999999999866
0.002479959,1,170.7,-165.0,5.665,0.034999999999988596
0.002479959,3,148.0,-148.0,0.0,0.0
0.002479959,2,170.9,-165.0,5.706,0.19400000000000528
0.002479959,4,148.1,-148.1,0.0,0.0
0.002479959,5,-3.869,33.62,29.29,0.4609999999999985
0.00248192,1,170.8,-165.1,5.671,0.02900000000001679
0.00248192,3,148.1,-148.1,0.0,0.0
0.00248192,2,170.9,-165.1,5.714,0.08600000000001096
0.00248192,4,148.2,-148.2,0.0,0.0
0.00248192,5,-3.668,33.46,29.34,0.45200000000000173
0.002483956,1,170.9,-165.2,5.679,0.021000000000016783
0.002483956,3,148.2,-148.2,0.0,0.0
0.002483956,2,171.0,-165.2,5.722,0.07800000000001095
0.002483956,4,148.3,-148.3,0.0,0.0
0.002483956,5,-3.498,33.29,29.38,0.41199999999999903
0.002485912,1,171.0,-165.2,5.687,0.11300000000001109
0.002485912,3,148.2,-148.2,0.0,0.0
0.002485912,2,171.1,-165.3,5.729,0.07099999999998285
0.002485912,4,148.4,-148.3,0.0,0.09999999999999432
0.002485912,5,-3.342,33.14,29.42,0.3780000000000001
0.002487961,1,171.2,-165.3,5.698,0.20199999999997686
0.002487961,3,148.3,-148.3,0.0,0.0
0.002487961,2,171.2,-165.3,5.737,0.16299999999997716
0.002487961,4,148.4,-148.4,0.0,0.0
0.002487961,5,-3.213,33.01,29.47,0.3269999999999982
0.002489984,1,171.3,-165.5,5.71,0.0900000000000114
0.002489984,3,148.4,-148.4,0.0,0.0
0.002489984,2,171.2,-165.4,5.744,0.055999999999983174
0.002489984,4,148.5,-148.5,0.0,0.0
0.002489984,5,-3.131,32.89,29.52,0.23900000000000077
0.002491949,1,171.4,-165.6,5.723,0.0770000000000115
0.002491949,3,148.5,-148.4,0.0,0.09999999999999432
0.002491949,2,171.3,-165.5,5.751,0.049000000000011035
0.002491949,4,148.6,-148.6,0.0,0.0
0.002491949,5,-3.01,32.78,29.56,0.2100000000000044
0.002493978,1,171.6,-165.7,5.737,0.16300000000000558
0.002493978,3,148.5,-148.5,0.0,0.0
0.002493978,2,171.4,-165.5,5.758,0.14200000000000568
0.002493978,4,148.6,-148.6,0.0,0.0
0.002493978,5,-2.93,32.68,29.6,0.14999999999999858
0.002495934,1,171.7,-165.8,5.752,0.14799999999997748
0.002495934,3,148.6,-148.6,0.0,0.0
0.002495934,2,171.4,-165.6,5.765,0.03500000000001169
0.002495934,4,148.7,-148.7,0.0,0.0
0.002495934,5,-2.836,32.59,29.64,0.11400000000000432
0.002497976,1,171.8,-165.9,5.768,0.1320000000000059
0.002497976,3,148.7,-148.7,0.0,0.0
0.002497976,2,171.5,-165.7,5.772,0.028000000000011127
0.002497976,4,148.8,-148.8,0.0,0.0
0.002497976,5,-2.739,32.5,29.68,0.08099999999999952
0.002499983,1,172.0,-166.1,5.784,0.11600000000000588
0.002499983,3,148.7,-148.7,0.0,0.0
0.002499983,2,171.6,-165.7,5.78,0.12000000000000544
0.002499983,4,148.9,-148.8,0.0,0.09999999999999432
0.002499983,5,-2.642,32.4,29.72,0.038000000000000256
0.002501913,1,172.1,-166.2,5.8,0.10000000000000586
0.002501913,3,148.8,-148.8,0.0,0.0
0.002501913,2,171.7,-165.8,5.789,0.11099999999997756
0.002501913,4,148.9,-148.9,0.0,0.0
0.002501913,5,-2.523,32.3,29.75,0.02699999999999747
0.002503945,1,172.2,-166.3,5.817,0.08299999999997709
0.002503945,3,148.9,-148.9,0.0,0.0
0.002503945,2,171.7,-165.9,5.798,0.0019999999999829043
0.002503945,4,149.0,-149.0,0.0,0.0
0.002503945,5,-2.389,32.18,29.79,0.0010000000000012221
0.002505949,1,172.4,-166.4,5.834,0.16600000000000037
0.002505949,3,149.0,-149.0,0.0,0.0
0.002505949,2,171.8,-166.0,5.809,-0.008999999999988795
0.002505949,4,149.1,-149.1,0.0,0.0
0.002505949,5,-2.26,32.06,29.83,-0.02999999999999403
0.002507935,1,172.5,-166.6,5.851,0.049000000000005706
0.002507935,3,149.0,-149.0,0.0,0.0
0.002507935,2,172.0,-166.0,5.82,0.17999999999999972
0.002507935,4,149.1,-149.1,0.0,0.0
0.002507935,5,-2.12,31.95,29.87,-0.0400000000000027
0.002509962,1,172.7,-166.7,5.868,0.13199999999999967
0.002509962,3,149.1,-149.1,0.0,0.0
0.002509962,2,172.1,-166.1,5.832,0.16800000000000015
0.002509962,4,149.2,-149.2,0.0,0.0
0.002509962,5,-1.959,31.82,29.91,-0.04899999999999949
0.002511999,1,172.8,-166.8,5.885,0.11500000000000021
0.002511999,3,149.2,-149.2,0.0,0.0
0.002511999,2,172.2,-166.3,5.846,0.05399999999997718
0.002511999,4,149.3,-149.3,0.0,0.0
0.002511999,5,-1.775,31.67,29.96,-0.06499999999999773
0.002513929,1,173.0,-167.0,5.9,0.09999999999999964
0.002513929,3,149.3,-149.3,0.0,0.0
0.002513929,2,172.4,-166.4,5.86,0.13999999999999968
0.002513929,4,149.4,-149.3,0.0,0.09999999999999432
0.002513929,5,-1.6,31.52,30.0,-0.08000000000000185
0.002515943,1,173.2,-167.1,5.917,0.1829999999999945
0.002515943,3,149.3,-149.3,0.0,0.0
0.002515943,2,172.6,-166.6,5.877,0.12300000000000022
0.002515943,4,149.4,-149.4,0.0,0.0
0.002515943,5,-1.429,31.37,30.04,-0.09899999999999665
0.00251797,1,173.4,-167.3,5.933,0.1669999999999945
0.00251797,3,149.4,-149.4,0.0,0.0
0.00251797,2,172.8,-166.7,5.897,0.2030000000000225
0.00251797,4,149.5,-149.5,0.0,0.0
0.00251797,5,-1.297,31.27,30.08,-0.10699999999999932
0.002519997,1,173.6,-167.5,5.951,0.1489999999999947
0.002519997,3,149.5,-149.5,0.0,0.0
0.002519997,2,173.1,-166.9,5.919,0.28099999999998904
0.002519997,4,149.6,-149.6,0.0,0.0
0.002519997,5,-1.216,31.22,30.12,-0.11600000000000321
0.002521972,1,173.9,-167.7,5.97,0.2300000000000173
0.002521972,3,149.6,-149.6,0.0,0.0
0.002521972,2,173.4,-167.2,5.944,0.2560000000000171
0.002521972,4,149.7,-149.7,0.0,0.0
0.002521972,5,-1.185,31.21,30.15,-0.12499999999999645
0.002523935,1,174.2,-168.0,5.991,0.20899999999998897
0.002523935,3,149.6,-149.6,0.0,0.0
0.002523935,2,173.7,-167.5,5.971,0.22899999999998855
0.002523935,4,149.7,-149.7,0.0,0.0
0.002523935,5,-1.191,31.23,30.18,-0.14099999999999824
0.002525948,1,174.6,-168.3,6.015,0.28499999999998327
0.002525948,3,149.7,-149.7,0.0,0.0
0.002525948,2,174.1,-167.8,6.001,0.2989999999999826
0.002525948,4,149.8,-149.8,0.0,0.0
0.002525948,5,-1.219,31.26,30.21,-0.16900000000000048
0.002527985,1,174.9,-168.6,6.041,0.259000000000011
0.002527985,3,149.8,-149.8,0.0,0.0
0.002527985,2,174.5,-168.1,6.033,0.3670000000000053
0.002527985,4,149.9,-149.9,0.0,0.0
0.002527985,5,-1.257,31.3,30.24,-0.19699999999999918
0.002529932,1,175.3,-168.9,6.067,0.3330000000000055
0.002529932,3,149.9,-149.9,0.0,0.0
0.002529932,2,174.9,-168.5,6.064,0.3360000000000056
0.002529932,4,150.0,-150.0,0.0,0.0
0.002529932,5,-1.296,31.35,30.26,-0.20599999999999952
0.002531953,1,175.6,-169.3,6.095,0.2049999999999832
0.002531953,3,150.0,-150.0,0.0,0.0
0.002531953,2,175.3,-168.8,6.097,0.4029999999999996
0.002531953,4,150.1,-150.0,0.0,0.09999999999999432
0.002531953,5,-1.337,31.41,30.28,-0.20700000000000074
0.002533936,1,176.0,-169.6,6.122,0.2780000000000058
0.002533936,3,150.1,-150.1,0.0,0.0
0.002533936,2,175.6,-169.2,6.129,0.2710000000000061
0.002533936,4,150.1,-150.1,0.0,0.0
0.002533936,5,-1.381,31.48,30.3,-0.2010000000000005
0.00253597,1,176.4,-169.9,6.151,0.3490000000000002
0.00253597,3,150.1,-150.1,0.0,0.0
0.00253597,2,176.0,-169.5,6.16,0.33999999999999986
0.00253597,4,150.2,-150.2,0.0,0.0
0.00253597,5,-1.426,31.55,30.32,-0.19599999999999795
0.002537943,1,176.7,-170.3,6.179,0.220999999999977
0.002537943,3,150.2,-150.2,0.0,0.0
0.002537943,2,176.3,-169.8,6.19,0.3099999999999996
0.002537943,4,150.3,-150.3,0.0,0.0
0.002537943,5,-1.471,31.62,30.33,-0.18099999999999739
0.002539976,1,177.1,-170.6,6.208,0.2919999999999998
0.002539976,3,150.3,-150.3,0.0,0.0
0.002539976,2,176.7,-170.2,6.218,0.28200000000000003
0.002539976,4,150.4,-150.4,0.0,0.0
0.002539976,5,-1.534,31.71,30.35,-0.1739999999999995
0.002541978,1,177.5,-170.9,6.235,0.364999999999994
0.002541978,3,150.4,-150.4,0.0,0.0
0.002541978,2,177.0,-170.5,6.246,0.25399999999999956
0.002541978,4,150.5,-150.5,0.0,0.0
0.002541978,5,-1.62,31.81,30.36,-0.1700000000000017
0.002543929,1,177.8,-171.3,6.261,0.23899999999999988
0.002543929,3,150.5,-150.5,0.0,0.0
0.002543929,2,177.3,-170.8,6.272,0.22799999999999976
0.002543929,4,150.6,-150.6,0.0,0.0
0.002543929,5,-1.716,31.91,30.38,-0.18599999999999994
0.002545983,1,178.1,-171.6,6.288,0.21199999999999974
0.002545983,3,150.6,-150.6,0.0,0.0
0.002545983,2,177.7,-171.1,6.298,0.3019999999999943
0.002545983,4,150.7,-150.6,0.0,0.09999999999999432
0.002545983,5,-1.815,32.03,30.4,-0.18499999999999872
0.002547995,1,178.5,-171.9,6.314,0.28599999999999426
0.002547995,3,150.7,-150.7,0.0,0.0
0.002547995,2,178.0,-171.4,6.323,0.2769999999999939
0.002547995,4,150.7,-150.7,0.0,0.0
0.002547995,5,-1.898,32.13,30.42,-0.18799999999999883
0.002549957,1,178.8,-172.2,6.337,0.263000000000023
0.002549957,3,150.8,-150.8,0.0,0.0
0.002549957,2,178.3,-171.6,6.345,0.3550000000000173
0.002549957,4,150.8,-150.8,0.0,0.0
0.002549957,5,-1.955,32.23,30.44,-0.1650000000000027
0.002551945,1,179.1,-172.5,6.359,0.24099999999999433
0.002551945,3,150.9,-150.8,0.0,0.09999999999999432
0.002551945,2,178.6,-171.9,6.366,0.333999999999989
0.002551945,4,150.9,-150.9,0.0,0.0
0.002551945,5,-2.005,32.31,30.46,-0.15499999999999758
0.002553978,1,179.4,-172.8,6.378,0.2219999999999942
0.002553978,3,150.9,-150.9,0.0,0.0
0.002553978,2,178.9,-172.2,6.386,0.31400000000001693
0.002553978,4,151.0,-151.0,0.0,0.0
0.002553978,5,-2.051,32.39,30.48,-0.1410000000000018
0.002555997,1,179.7,-173.1,6.395,0.20499999999999474
0.002555997,3,151.0,-151.0,0.0,0.0
0.002555997,2,179.2,-172.5,6.404,0.2959999999999887
0.002555997,4,151.1,-151.1,0.0,0.0
0.002555997,5,-2.088,32.46,30.51,-0.13800000000000168
0.00255796,1,180.1,-173.4,6.41,0.2899999999999885
0.00255796,3,151.1,-151.1,0.0,0.0
0.00255796,2,179.5,-172.8,6.42,0.2799999999999887
0.00255796,4,151.2,-151.2,0.0,0.0
0.00255796,5,-2.122,32.52,30.53,-0.1319999999999979
0.002559983,1,180.4,-173.7,6.425,0.27500000000001723
0.002559983,3,151.2,-151.2,0.0,0.0
0.002559983,2,179.8,-173.1,6.435,0.26500000000001744
0.002559983,4,151.3,-151.3,0.0,0.0
0.002559983,5,-2.152,32.57,30.55,-0.13200000000000145
0.002561943,1,180.7,-174.0,6.44,0.25999999999998824
0.002561943,3,151.3,-151.3,0.0,0.0
0.002561943,2,180.2,-173.4,6.449,0.3509999999999831
0.002561943,4,151.4,-151.4,0.0,0.0
0.002561943,5,-2.178,32.61,30.57,-0.13800000000000168
0.002563997,1,181.1,-174.3,6.456,0.34399999999998254
0.002563997,3,151.4,-151.4,0.0,0.0
0.002563997,2,180.5,-173.7,6.463,0.3370000000000113
0.002563997,4,151.5,-151.5,0.0,0.0
0.002563997,5,-2.21,32.65,30.59,-0.15000000000000213
0.002565955,1,181.5,-174.7,6.473,0.3270000000000115
0.002565955,3,151.5,-151.5,0.0,0.0
0.002565955,2,180.9,-174.0,6.474,0.4260000000000055
0.002565955,4,151.6,-151.6,0.0,0.0
0.002565955,5,-2.248,32.7,30.6,-0.1479999999999997
0.002567943,1,181.9,-175.0,6.491,0.409000000000006
0.002567943,3,151.6,-151.6,0.0,0.0
0.002567943,2,181.2,-174.4,6.485,0.3149999999999826
0.002567943,4,151.7,-151.6,0.0,0.09999999999999432
0.002567943,5,-2.289,32.75,30.62,-0.15900000000000247
0.002569956,1,182.3,-175.4,6.51,0.3900000000000059
0.002569956,3,151.7,-151.7,0.0,0.0
0.002569956,2,181.6,-174.7,6.496,0.40400000000000524
0.002569956,4,151.7,-151.7,0.0,0.0
0.002569956,5,-2.332,32.81,30.64,-0.16199999999999903
0.002571993,1,182.7,-175.8,6.529,0.37099999999997735
0.002571993,3,151.8,-151.8,0.0,0.0
0.002571993,2,182.0,-175.1,6.508,0.3920000000000057
0.002571993,4,151.8,-151.8,0.0,0.0
0.002571993,5,-2.377,32.88,30.65,-0.1469999999999949
0.002573996,1,183.1,-176.2,6.548,0.35200000000000564
0.002573996,3,151.9,-151.9,0.0,0.0
0.002573996,2,182.4,-175.5,6.521,0.3790000000000058
0.002573996,4,151.9,-151.9,0.0,0.0
0.002573996,5,-2.424,32.96,30.67,-0.13400000000000034
0.002575945,1,183.5,-176.5,6.567,0.43299999999999983
0.002575945,3,152.0,-152.0,0.0,0.0
0.002575945,2,182.8,-175.9,6.533,0.3670000000000053
0.002575945,4,152.0,-152.0,0.0,0.0
0.002575945,5,-2.475,33.05,30.68,-0.10500000000000398
0.002577933,1,183.9,-176.9,6.587,0.41300000000000026
0.002577933,3,152.1,-152.1,0.0,0.0
0.002577933,2,183.2,-176.3,6.546,0.353999999999977
0.002577933,4,152.1,-152.1,0.0,0.0
0.002577933,5,-2.534,33.15,30.7,-0.08399999999999963
0.00257995,1,184.3,-177.3,6.607,0.3929999999999998
0.00257995,3,152.2,-152.2,0.0,0.0
0.00257995,2,183.6,-176.7,6.559,0.3410000000000055
0.00257995,4,152.2,-152.2,0.0,0.0
0.00257995,5,-2.607,33.27,30.72,-0.056999999999995055
0.002581965,1,184.7,-177.7,6.626,0.37399999999999967
0.002581965,3,152.3,-152.3,0.0,0.0
0.002581965,2,184.0,-177.1,6.571,0.32900000000000595
0.002581965,4,152.3,-152.3,0.0,0.0
0.002581965,5,-2.695,33.39,30.73,-0.03500000000000014
0.002583978,1,185.2,-178.1,6.644,0.4559999999999942
0.002583978,3,152.4,-152.4,0.0,0.0
0.002583978,2,184.4,-177.5,6.584,0.31600000000000605
0.002583978,4,152.4,-152.4,0.0,0.0
0.002583978,5,-2.796,33.52,30.75,-0.02599999999999625
0.00258599,1,185.6,-178.5,6.66,0.4399999999999942
0.00258599,3,152.5,-152.5,0.0,0.0
0.00258599,2,184.8,-177.8,6.597,0.4029999999999996
0.00258599,4,152.6,-152.5,0.0,0.09999999999999432
0.00258599,5,-2.912,33.67,30.76,-0.0019999999999988916
0.002587924,1,186.0,-178.9,6.675,0.4249999999999945
0.002587924,3,152.6,-152.6,0.0,0.0
0.002587924,2,185.2,-178.2,6.61,0.3899999999999997
0.002587924,4,152.7,-152.7,0.0,0.0
0.002587924,5,-3.047,33.82,30.78,-0.0070000000000014495
0.002589974,1,186.4,-179.3,6.689,0.41099999999999426
0.002589974,3,152.7,-152.7,0.0,0.0
0.002589974,2,185.6,-178.6,6.624,0.37600000000000033
0.002589974,4,152.8,-152.8,0.0,0.0
0.002589974,5,-3.228,33.99,30.79,-0.027999999999998693
0.002591929,1,186.8,-179.7,6.702,0.3980000000000228
0.002591929,3,152.8,-152.8,0.0,0.0
0.002591929,2,186.0,-179.0,6.638,0.3620000000000001
0.002591929,4,152.9,-152.9,0.0,0.0
0.002591929,5,-3.428,34.18,30.81,-0.05799999999999983
0.002593919,1,187.2,-180.1,6.713,0.38699999999999424
0.002593919,3,153.0,-152.9,0.0,0.09999999999999432
0.002593919,2,186.4,-179.4,6.651,0.3490000000000002
0.002593919,4,153.0,-153.0,0.0,0.0
0.002593919,5,-3.629,34.36,30.82,-0.08900000000000219
0.002595965,1,187.6,-180.5,6.725,0.37499999999999467
0.002595965,3,153.1,-153.1,0.0,0.0
0.002595965,2,186.8,-179.8,6.665,0.33499999999999996
0.002595965,4,153.1,-153.1,0.0,0.0
0.002595965,5,-3.807,34.55,30.84,-0.09700000000000131
0.00259795,1,188.0,-180.9,6.736,0.36399999999999455
0.00259795,3,153.2,-153.2,0.0,0.0
0.00259795,2,187.2,-180.2,6.679,0.32099999999999973
0.00259795,4,153.2,-153.2,0.0,0.0
0.00259795,5,-3.946,34.72,30.86,-0.08600000000000207
0.002599997,1,188.3,-181.3,6.749,0.25100000000000033
0.002599997,3,153.3,-153.3,0.0,0.0
0.002599997,2,187.6,-180.6,6.693,0.3070000000000004
0.002599997,4,153.3,-153.3,0.0,0.0
0.002599997,5,-4.063,34.88,30.89,-0.07299999999999685
0.002601998,1,188.7,-181.6,6.763,0.3369999999999944
0.002601998,3,153.4,-153.4,0.0,0.0
0.002601998,2,188.0,-180.9,6.708,0.39199999999999413
0.002601998,4,153.4,-153.4,0.0,0.0
0.002601998,5,-4.15,35.01,30.93,-0.07000000000000028
0.002603946,1,189.1,-182.0,6.778,0.32199999999999473
0.002603946,3,153.5,-153.5,0.0,0.0
0.002603946,2,188.4,-181.3,6.723,0.37699999999999445
0.002603946,4,153.5,-153.5,0.0,0.0
0.002603946,5,-4.21,35.12,30.96,-0.05000000000000426
0.002605975,1,189.4,-182.4,6.795,0.20500000000000007
0.002605975,3,153.6,-153.6,0.0,0.0
0.002605975,2,188.7,-181.7,6.739,0.2610000000000001
0.002605975,4,153.6,-153.6,0.0,0.0
0.002605975,5,-4.248,35.21,31.0,-0.038000000000000256
0.002607916,1,189.8,-182.7,6.812,0.28800000000002246
0.002607916,3,153.7,-153.7,0.0,0.0
0.002607916,2,189.1,-182.0,6.754,0.34599999999999476
0.002607916,4,153.7,-153.7,0.0,0.0
0.002607916,5,-4.266,35.26,31.04,-0.045999999999999375
0.002609966,1,190.1,-183.1,6.829,0.17100000000000026
0.002609966,3,153.9,-153.9,0.0,0.0
0.002609966,2,189.4,-182.4,6.77,0.23000000000000043
0.002609966,4,153.9,-153.9,0.0,0.0
0.002609966,5,-4.265,35.3,31.08,-0.045000000000001705
0.002611947,1,190.5,-183.4,6.847,0.2529999999999939
0.002611947,3,154.0,-154.0,0.0,0.0
0.002611947,2,189.7,-182.7,6.786,0.2140000000000004
0.002611947,4,154.0,-154.0,0.0,0.0
0.002611947,5,-4.237,35.3,31.11,-0.04700000000000415
0.002613945,1,190.9,-183.8,6.865,0.2349999999999941
0.002613945,3,154.1,-154.1,0.0,0.0
0.002613945,2,190.1,-183.0,6.802,0.2979999999999947
0.002613945,4,154.1,-154.1,0.0,0.0
0.002613945,5,-4.182,35.28,31.15,-0.0519999999999996
0.002615958,1,191.2,-184.1,6.882,0.21799999999999464
0.002615958,3,154.2,-154.2,0.0,0.0
0.002615958,2,190.4,-183.4,6.82,0.17999999999999972
0.002615958,4,154.2,-154.2,0.0,0.0
0.002615958,5,-4.1,35.23,31.18,-0.05000000000000426
0.002617962,1,191.6,-184.5,6.899,0.2009999999999943
0.002617962,3,154.3,-154.3,0.0,0.0
0.002617962,2,190.8,-183.7,6.836,0.26400000000002244
0.002617962,4,154.3,-154.3,0.0,0.0
0.002617962,5,-4.0,35.16,31.22,-0.060000000000002274
0.002619975,1,192.0,-184.8,6.914,0.28599999999998893
0.002619975,3,154.4,-154.4,0.0,0.0
0.002619975,2,191.1,-184.0,6.853,0.24699999999999456
0.002619975,4,154.4,-154.4,0.0,0.0
0.002619975,5,-3.888,35.07,31.25,-0.06799999999999784
0.002621999,1,192.4,-185.2,6.926,0.2740000000000169
0.002621999,3,154.6,-154.6,0.0,0.0
0.002621999,2,191.4,-184.4,6.868,0.13199999999999967
0.002621999,4,154.6,-154.6,0.0,0.0
0.002621999,5,-3.775,34.98,31.28,-0.07500000000000284
0.00262395,1,192.7,-185.5,6.936,0.2639999999999887
0.00262395,3,154.7,-154.7,0.0,0.0
0.00262395,2,191.8,-184.7,6.881,0.2190000000000225
0.00262395,4,154.7,-154.7,0.0,0.0
0.00262395,5,-3.67,34.88,31.3,-0.08999999999999986
0.002625929,1,193.0,-185.9,6.944,0.15599999999999437
0.002625929,3,154.8,-154.8,0.0,0.0
0.002625929,2,192.1,-185.0,6.894,0.2059999999999942
0.002625929,4,154.8,-154.8,0.0,0.0
0.002625929,5,-3.567,34.79,31.33,-0.10699999999999932
0.002627986,1,193.3,-186.2,6.951,0.14900000000002311
0.002627986,3,154.9,-154.9,0.0,0.0
0.002627986,2,192.4,-185.3,6.906,0.19399999999999462
0.002627986,4,154.9,-154.9,0.0,0.0
0.002627986,5,-3.462,34.68,31.35,-0.13200000000000145
0.002629983,1,193.6,-186.5,6.958,0.14199999999999413
0.002629983,3,155.1,-155.0,0.0,0.09999999999999432
0.002629983,2,192.7,-185.6,6.917,0.1829999999999945
0.002629983,4,155.0,-155.0,0.0,0.0
0.002629983,5,-3.363,34.58,31.37,-0.15300000000000225
0.002631921,1,193.8,-186.7,6.965,0.13500000000002288
0.002631921,3,155.2,-155.2,0.0,0.0
0.002631921,2,193.0,-185.9,6.927,0.1729999999999947
0.002631921,4,155.1,-155.1,0.0,0.0
0.002631921,5,-3.271,34.48,31.38,-0.17100000000000293
0.002633986,1,194.1,-187.0,6.972,0.1279999999999939
0.002633986,3,155.3,-155.3,0.0,0.0
0.002633986,2,193.2,-186.2,6.937,0.06299999999999972
0.002633986,4,155.3,-155.3,0.0,0.0
0.002633986,5,-3.175,34.39,31.41,-0.19500000000000028
0.002635968,1,194.3,-187.2,6.981,0.11900000000002287
0.002635968,3,155.4,-155.4,0.0,0.0
0.002635968,2,193.5,-186.4,6.945,0.15499999999999403
0.002635968,4,155.4,-155.4,0.0,0.0
0.002635968,5,-3.079,34.31,31.43,-0.19899999999999807
0.002637982,1,194.5,-187.5,6.992,0.008000000000000007
0.002637982,3,155.5,-155.5,0.0,0.0
0.002637982,2,193.7,-186.6,6.954,0.14599999999999458
0.002637982,4,155.5,-155.5,0.0,0.0
0.002637982,5,-2.984,34.23,31.46,-0.21400000000000574
0.002639938,1,194.7,-187.7,7.002,-0.0019999999999997797
0.002639938,3,155.7,-155.7,0.0,0.0
0.002639938,2,193.9,-186.8,6.963,0.13699999999999424
0.002639938,4,155.6,-155.6,0.0,0.0
0.002639938,5,-2.9,34.17,31.49,-0.2199999999999953
0.002641989,1,194.9,-187.9,7.014,-0.014000000000000234
0.002641989,3,155.8,-155.8,0.0,0.0
0.002641989,2,194.1,-187.0,6.973,0.12699999999999445
0.002641989,4,155.8,-155.7,0.0,0.10000000000002274
0.002641989,5,-2.829,34.11,31.52,-0.23900000000000077
0.002643977,1,195.1,-188.0,7.025,0.07499999999999396
0.002643977,3,155.9,-155.9,0.0,0.0
0.002643977,2,194.2,-187.2,6.984,0.016000000000000014
0.002643977,4,155.9,-155.9,0.0,0.0
0.002643977,5,-2.785,34.07,31.55,-0.26500000000000057
0.002645962,1,195.2,-188.2,7.036,-0.03599999999999959
0.002645962,3,156.0,-156.0,0.0,0.0
0.002645962,2,194.4,-187.4,6.996,0.0039999999999995595
0.002645962,4,156.0,-156.0,0.0,0.0
0.002645962,5,-2.752,34.05,31.58,-0.28200000000000003
0.002647915,1,195.4,-188.3,7.048,0.05199999999999427
0.002647915,3,156.1,-156.1,0.0,0.0
0.002647915,2,194.5,-187.5,7.008,-0.008000000000000007
0.002647915,4,156.1,-156.1,0.0,0.0
0.002647915,5,-2.725,34.03,31.6,-0.2950000000000017
0.002649986,1,195.5,-188.4,7.059,0.04099999999999415
0.002649986,3,156.3,-156.3,0.0,0.0
0.002649986,2,194.7,-187.6,7.021,0.07899999999999441
0.002649986,4,156.2,-156.2,0.0,0.0
0.002649986,5,-2.706,34.03,31.63,-0.3059999999999974
0.002651997,1,195.6,-188.6,7.071,-0.07099999999999973
0.002651997,3,156.4,-156.4,0.0,0.0
0.002651997,2,194.8,-187.8,7.033,-0.03300000000000036
0.002651997,4,156.4,-156.3,0.0,0.09999999999999432
0.002651997,5,-2.7,34.04,31.65,-0.3099999999999987
0.002653998,1,195.7,-188.7,7.083,-0.08300000000000018
0.002653998,3,156.5,-156.5,0.0,0.0
0.002653998,2,194.9,-187.9,7.044,-0.043999999999999595
0.002653998,4,156.5,-156.5,0.0,0.0
0.002653998,5,-2.702,34.07,31.68,-0.3119999999999976
0.002655934,1,195.9,-188.8,7.094,0.00599999999999401
0.002655934,3,156.6,-156.6,0.0,0.0
0.002655934,2,195.0,-188.0,7.054,-0.05400000000000027
0.002655934,4,156.6,-156.6,0.0,0.0
0.002655934,5,-2.707,34.11,31.7,-0.2970000000000006
0.002657974,1,196.0,-188.9,7.105,-0.005000000000006111
0.002657974,3,156.8,-156.8,0.0,0.0
0.002657974,2,195.1,-188.1,7.064,-0.06400000000000006
0.002657974,4,156.7,-156.7,0.0,0.0
0.002657974,5,-2.715,34.16,31.72,-0.27500000000000213
0.002659991,1,196.0,-189.0,7.115,-0.11500000000000021
0.002659991,3,156.9,-156.9,0.0,0.0
0.002659991,2,195.2,-188.1,7.073,0.026999999999993918
0.002659991,4,156.8,-156.8,0.0,0.0
0.002659991,5,-2.731,34.21,31.74,-0.26099999999999923
0.002661961,1,196.1,-189.1,7.124,-0.12399999999999967
0.002661961,3,157.0,-157.0,0.0,0.0
0.002661961,2,195.3,-188.2,7.081,0.019000000000022332
0.002661961,4,157.0,-156.9,0.0,0.09999999999999432
0.002661961,5,-2.76,34.27,31.75,-0.23999999999999488
0.002663963,1,196.2,-189.1,7.131,-0.03100000000000591
0.002663963,3,157.1,-157.1,0.0,0.0
0.002663963,2,195.3,-188.3,7.089,-0.08900000000000041
0.002663963,4,157.1,-157.1,0.0,0.0
0.002663963,5,-2.808,34.34,31.77,-0.237999999999996
0.002665931,1,196.2,-189.2,7.136,-0.13600000000000012
0.002665931,3,157.2,-157.2,0.0,0.0
0.002665931,2,195.4,-188.4,7.096,-0.09600000000000009
0.002665931,4,157.2,-157.2,0.0,0.0
0.002665931,5,-2.878,34.43,31.79,-0.23799999999999955
0.002667916,1,196.3,-189.2,7.14,-0.03999999999997694
0.002667916,3,157.4,-157.4,0.0,0.0
0.002667916,2,195.5,-188.4,7.102,-0.002000000000005997
0.002667916,4,157.3,-157.3,0.0,0.0
0.002667916,5,-2.971,34.54,31.8,-0.23100000000000165
0.002669934,1,196.3,-189.2,7.143,-0.04299999999997706
0.002669934,3,157.5,-157.5,0.0,0.0
0.002669934,2,195.5,-188.5,7.107,-0.1070000000000002
0.002669934,4,157.4,-157.4,0.0,0.0
0.002669934,5,-3.078,34.68,31.82,-0.21799999999999997
0.002671933,1,196.3,-189.3,7.145,-0.14499999999999957
0.002671933,3,157.6,-157.6,0.0,0.0
0.002671933,2,195.6,-188.5,7.112,-0.012000000000005784
0.002671933,4,157.5,-157.5,0.0,0.0
0.002671933,5,-3.201,34.81,31.85,-0.24099999999999966
0.00267396,1,196.4,-189.3,7.147,-0.047000000000005926
0.00267396,3,157.7,-157.7,0.0,0.0
0.00267396,2,195.6,-188.6,7.115,-0.11500000000000021
0.00267396,4,157.7,-157.7,0.0,0.0
0.00267396,5,-3.346,34.97,31.87,-0.24600000000000222
0.002675915,1,196.4,-189.3,7.15,-0.05000000000000604
0.002675915,3,157.8,-157.8,0.0,0.0
0.002675915,2,195.7,-188.6,7.119,-0.019000000000005457
0.002675915,4,157.8,-157.8,0.0,0.0
0.002675915,5,-3.488,35.13,31.9,-0.25799999999999557
0.002677927,1,196.4,-189.4,7.152,-0.15200000000000014
0.002677927,3,158.0,-158.0,0.0,0.0
0.002677927,2,195.7,-188.6,7.121,-0.021000000000006125
0.002677927,4,157.9,-157.9,0.0,0.0
0.002677927,5,-3.63,35.3,31.93,-0.26000000000000156
0.002679975,1,196.5,-189.4,7.154,-0.0540000000000056
0.002679975,3,158.1,-158.1,0.0,0.0
0.002679975,2,195.7,-188.7,7.124,-0.12399999999999967
0.002679975,4,158.0,-158.0,0.0,0.0
0.002679975,5,-3.769,35.47,31.96,-0.25900000000000034
0.002681964,1,196.5,-189.4,7.156,-0.05600000000000538
0.002681964,3,158.2,-158.2,0.0,0.0
0.002681964,2,195.8,-188.7,7.126,-0.025999999999977597
0.002681964,4,158.1,-158.1,0.0,0.0
0.002681964,5,-3.899,35.62,31.99,-0.2690000000000019
0.002683919,1,196.5,-189.4,7.157,-0.05700000000000571
0.002683919,3,158.3,-158.3,0.0,0.0
0.002683919,2,195.8,-188.7,7.128,-0.027999999999977376
0.002683919,4,158.2,-158.2,0.0,0.0
0.002683919,5,-4.027,35.78,32.02,-0.267000000000003
0.002685998,1,196.5,-189.4,7.158,-0.05800000000000605
0.002685998,3,158.4,-158.4,0.0,0.0
0.002685998,2,195.8,-188.7,7.13,-0.029999999999977156
0.002685998,4,158.4,-158.4,0.0,0.0
0.002685998,5,-4.177,35.94,32.05,-0.28699999999999903
0.002687947,1,196.5,-189.4,7.158,-0.05800000000000605
0.002687947,3,158.6,-158.5,0.0,0.09999999999999432
0.002687947,2,195.8,-188.7,7.131,-0.03099999999997749
0.002687947,4,158.5,-158.5,0.0,0.0
0.002687947,5,-4.324,36.11,32.07,-0.2839999999999989
0.00268993,1,196.5,-189.4,7.158,-0.05800000000000605
0.00268993,3,158.7,-158.7,0.0,0.0
0.00268993,2,195.8,-188.7,7.131,-0.03099999999997749
0.00268993,4,158.6,-158.6,0.0,0.0
0.00268993,5,-4.475,36.28,32.09,-0.2850000000000037
0.002691972,1,196.5,-189.4,7.158,-0.05800000000000605
0.002691972,3,158.8,-158.8,0.0,0.0
0.002691972,2,195.8,-188.7,7.132,-0.031999999999976936
0.002691972,4,158.7,-158.7,0.0,0.0
0.002691972,5,-4.639,36.46,32.11,-0.2889999999999979
0.002693939,1,196.5,-189.4,7.158,-0.05800000000000605
0.002693939,3,158.9,-158.9,0.0,0.0
0.002693939,2,195.8,-188.8,7.132,-0.13199999999999967
0.002693939,4,158.8,-158.8,0.0,0.0
0.002693939,5,-4.796,36.62,32.13,-0.3060000000000045
0.00269592,1,196.5,-189.4,7.158,-0.05800000000000605
0.00269592,3,159.0,-159.0,0.0,0.0
0.00269592,2,195.8,-188.8,7.132,-0.13199999999999967
0.00269592,4,158.9,-158.9,0.0,0.0
0.00269592,5,-4.95,36.78,32.15,-0.31999999999999673
0.002697919,1,196.5,-189.4,7.158,-0.05800000000000605
0.002697919,3,159.1,-159.1,0.0,0.0
0.002697919,2,195.8,-188.8,7.132,-0.13199999999999967
0.002697919,4,159.1,-159.1,0.0,0.0
0.002697919,5,-5.089,36.92,32.17,-0.33899999999999864
0.002699965,1,196.5,-189.4,7.158,-0.05800000000000605
0.002699965,3,159.3,-159.3,0.0,0.0
0.002699965,2,195.8,-188.8,7.132,-0.13199999999999967
0.002699965,4,159.2,-159.2,0.0,0.0
0.002699965,5,-5.202,37.05,32.19,-0.34199999999999875
0.002701936,1,196.5,-189.4,7.158,-0.05800000000000605
0.002701936,3,159.4,-159.4,0.0,0.0
0.002701936,2,195.8,-188.8,7.132,-0.13199999999999967
0.002701936,4,159.3,-159.3,0.0,0.0
0.002701936,5,-5.265,37.16,32.21,-0.31500000000000483
0.002703969,1,196.5,-189.4,7.158,-0.05800000000000605
0.002703969,3,159.5,-159.5,0.0,0.0
0.002703969,2,195.8,-188.8,7.132,-0.13199999999999967
0.002703969,4,159.4,-159.4,0.0,0.0
0.002703969,5,-5.338,37.23,32.23,-0.33800000000000097
0.002705954,1,196.5,-189.4,7.158,-0.05800000000000605
0.002705954,3,159.6,-159.6,0.0,0.0
0.002705954,2,195.8,-188.8,7.132,-0.13199999999999967
0.002705954,4,159.5,-159.5,0.0,0.0
0.002705954,5,-5.417,37.3,32.26,-0.37700000000000244
0.002707957,1,196.5,-189.4,7.158,-0.05800000000000605
0.002707957,3,159.7,-159.7,0.0,0.0
0.002707957,2,195.8,-188.8,7.132,-0.13199999999999967
0.002707957,4,159.6,-159.6,0.0,0.0
0.002707957,5,-5.491,37.38,32.27,-0.3810000000000002
0.002709999,1,196.5,-189.4,7.158,-0.05800000000000605
0.002709999,3,159.8,-159.8,0.0,0.0
0.002709999,2,195.8,-188.8,7.132,-0.13199999999999967
0.002709999,4,159.8,-159.7,0.0,0.10000000000002274
0.002709999,5,-5.553,37.45,32.29,-0.39299999999999713
0.002711957,1,196.5,-189.4,7.158,-0.05800000000000605
0.002711957,3,160.0,-159.9,0.0,0.09999999999999432
0.002711957,2,195.8,-188.8,7.132,-0.13199999999999967
0.002711957,4,159.9,-159.9,0.0,0.0
0.002711957,5,-5.585,37.5,32.31,-0.3950000000000031
0.002713959,1,196.5,-189.4,7.158,-0.05800000000000605
0.002713959,3,160.1,-160.1,0.0,0.0
0.002713959,2,195.8,-188.8,7.132,-0.13199999999999967
0.002713959,4,160.0,-160.0,0.0,0.0
0.002713959,5,-5.594,37.53,32.33,-0.39399999999999835
0.002715939,1,196.5,-189.4,7.158,-0.05800000000000605
0.002715939,3,160.2,-160.2,0.0,0.0
0.002715939,2,195.8,-188.8,7.132,-0.13199999999999967
0.002715939,4,160.1,-160.1,0.0,0.0
0.002715939,5,-5.58,37.55,32.35,-0.38000000000000256
0.002717941,1,196.5,-189.4,7.159,-0.05900000000000549
0.002717941,3,160.3,-160.3,0.0,0.0
0.002717941,2,195.8,-188.8,7.133,-0.133
0.002717941,4,160.2,-160.2,0.0,0.0
0.002717941,5,-5.543,37.54,32.37,-0.37299999999999756
0.002719993,1,196.5,-189.4,7.159,-0.05900000000000549
0.002719993,3,160.4,-160.4,0.0,0.0
0.002719993,2,195.8,-188.8,7.133,-0.133
0.002719993,4,160.3,-160.3,0.0,0.0
0.002719993,5,-5.488,37.52,32.39,-0.357999999999997
0.002721923,1,196.5,-189.4,7.159,-0.05900000000000549
0.002721923,3,160.5,-160.5,0.0,0.0
0.002721923,2,195.8,-188.8,7.133,-0.133
0.002721923,4,160.4,-160.4,0.0,0.0
0.002721923,5,-5.432,37.5,32.41,-0.34199999999999875
0.00272399,1,196.5,-189.4,7.16,-0.060000000000005826
0.00272399,3,160.6,-160.6,0.0,0.0
0.00272399,2,195.8,-188.8,7.134,-0.13400000000000034
0.00272399,4,160.5,-160.5,0.0,0.0
0.00272399,5,-5.379,37.47,32.44,-0.34899999999999665
0.002725987,1,196.5,-189.4,7.16,-0.060000000000005826
0.002725987,3,160.8,-160.7,0.0,0.10000000000002274
0.002725987,2,195.8,-188.8,7.134,-0.13400000000000034
0.002725987,4,160.7,-160.7,0.0,0.0
0.002725987,5,-5.342,37.46,32.46,-0.34199999999999875
0.002727945,1,196.5,-189.5,7.161,-0.1609999999999996
0.002727945,3,160.9,-160.9,0.0,0.0
0.002727945,2,195.8,-188.8,7.135,-0.1349999999999998
0.002727945,4,160.8,-160.8,0.0,0.0
0.002727945,5,-5.32,37.45,32.48,-0.3499999999999943
0.002729996,1,196.5,-189.5,7.161,-0.1609999999999996
0.002729996,3,161.0,-161.0,0.0,0.0
0.002729996,2,195.9,-188.8,7.135,-0.03500000000000547
0.002729996,4,160.9,-160.9,0.0,0.0
0.002729996,5,-5.305,37.45,32.51,-0.3649999999999949
0.002731961,1,196.5,-189.5,7.161,-0.1609999999999996
0.002731961,3,161.1,-161.1,0.0,0.0
0.002731961,2,195.9,-188.8,7.136,-0.036000000000005805
0.002731961,4,161.0,-161.0,0.0,0.0
0.002731961,5,-5.281,37.44,32.54,-0.3810000000000002
0.002733928,1,196.5,-189.5,7.162,-0.16199999999999992
0.002733928,3,161.2,-161.2,0.0,0.0
0.002733928,2,195.9,-188.8,7.136,-0.036000000000005805
0.002733928,4,161.1,-161.1,0.0,0.0
0.002733928,5,-5.246,37.43,32.57,-0.3860000000000028
0.002735998,1,196.5,-189.5,7.162,-0.16199999999999992
0.002735998,3,161.3,-161.3,0.0,0.0
0.002735998,2,195.9,-188.8,7.137,-0.03700000000000525
0.002735998,4,161.2,-161.2,0.0,0.0
0.002735998,5,-5.201,37.43,32.6,-0.3710000000000022
0.002737916,1,196.5,-189.5,7.162,-0.16199999999999992
0.002737916,3,161.4,-161.4,0.0,0.0
0.002737916,2,195.9,-188.8,7.138,-0.038000000000005585
0.002737916,4,161.3,-161.3,0.0,0.0
0.002737916,5,-5.157,37.43,32.63,-0.3570000000000064
0.002739978,1,196.6,-189.5,7.163,-0.06300000000000594
0.002739978,3,161.5,-161.5,0.0,0.0
0.002739978,2,195.9,-188.9,7.14,-0.13999999999999968
0.002739978,4,161.4,-161.4,0.0,0.0
0.002739978,5,-5.12,37.44,32.66,-0.3399999999999963
0.002741916,1,196.6,-189.5,7.164,-0.06400000000000539
0.002741916,3,161.7,-161.7,0.0,0.0
0.002741916,2,196.0,-188.9,7.142,-0.04200000000000603
0.002741916,4,161.5,-161.5,0.0,0.0
0.002741916,5,-5.107,37.46,32.69,-0.3369999999999962
0.00274398,1,196.6,-189.5,7.164,-0.06400000000000539
0.00274398,3,161.8,-161.8,0.0,0.0
0.00274398,2,196.0,-188.9,7.144,-0.04400000000000581
0.00274398,4,161.7,-161.7,0.0,0.0
0.00274398,5,-5.124,37.51,32.73,-0.3440000000000012
0.002745911,1,196.6,-189.5,7.165,-0.06500000000000572
0.002745911,3,161.9,-161.9,0.0,0.0
0.002745911,2,196.1,-189.0,7.147,-0.047000000000005926
0.002745911,4,161.8,-161.8,0.0,0.0
0.002745911,5,-5.163,37.57,32.76,-0.35300000000000153
0.002747967,1,196.6,-189.5,7.166,-0.06600000000000605
0.002747967,3,162.0,-162.0,0.0,0.0
0.002747967,2,196.1,-189.0,7.15,-0.05000000000000604
0.002747967,4,161.9,-161.9,0.0,0.0
0.002747967,5,-5.22,37.65,32.79,-0.35999999999999943
0.002749989,1,196.6,-189.5,7.168,-0.06800000000000583
0.002749989,3,162.1,-162.1,0.0,0.0
0.002749989,2,196.1,-189.0,7.153,-0.053000000000005265
0.002749989,4,162.0,-162.0,0.0,0.0
0.002749989,5,-5.275,37.73,32.82,-0.365000000000002
0.002751971,1,196.6,-189.5,7.168,-0.06800000000000583
0.002751971,3,162.2,-162.2,0.0,0.0
0.002751971,2,196.2,-189.1,7.156,-0.05600000000000538
0.002751971,4,162.1,-162.1,0.0,0.0
0.002751971,5,-5.315,37.8,32.84,-0.355000000000004
0.002753928,1,196.6,-189.6,7.169,-0.1689999999999996
0.002753928,3,162.3,-162.3,0.0,0.0
0.002753928,2,196.2,-189.1,7.159,-0.05900000000000549
0.002753928,4,162.2,-162.2,0.0,0.0
0.002753928,5,-5.342,37.85,32.87,-0.36199999999999477
0.00275597,1,196.7,-189.6,7.17,-0.07000000000000561
0.00275597,3,162.4,-162.4,0.0,0.0
0.00275597,2,196.3,-189.2,7.161,-0.06099999999997685
0.00275597,4,162.3,-162.3,0.0,0.0
0.00275597,5,-5.365,37.9,32.89,-0.355000000000004
0.002757954,1,196.7,-189.6,7.171,-0.07100000000000595
0.002757954,3,162.6,-162.5,0.0,0.09999999999999432
0.002757954,2,196.3,-189.2,7.164,-0.06399999999997696
0.002757954,4,162.4,-162.4,0.0,0.0
0.002757954,5,-5.389,37.93,32.91,-0.3689999999999998
0.002759967,1,196.7,-189.6,7.173,-0.07300000000000573
0.002759967,3,162.7,-162.7,0.0,0.0
0.002759967,2,196.3,-189.2,7.166,-0.06599999999997763
0.002759967,4,162.6,-162.5,0.0,0.09999999999999432
0.002759967,5,-5.412,37.96,32.93,-0.3819999999999979
0.002761955,1,196.8,-189.7,7.175,-0.07499999999997708
0.002761955,3,162.8,-162.8,0.0,0.0
0.002761955,2,196.4,-189.3,7.168,-0.06800000000000583
0.002761955,4,162.7,-162.7,0.0,0.0
0.002761955,5,-5.429,37.97,32.94,-0.3990000000000009
0.002763942,1,196.8,-189.7,7.178,-0.0779999999999772
0.002763942,3,162.9,-162.9,0.0,0.0
0.002763942,2,196.4,-189.3,7.17,-0.07000000000000561
0.002763942,4,162.8,-162.8,0.0,0.0
0.002763942,5,-5.435,37.97,32.95,-0.41500000000000625
0.002765966,1,196.9,-189.8,7.181,-0.08100000000000573
0.002765966,3,163.0,-163.0,0.0,0.0
0.002765966,2,196.4,-189.3,7.172,-0.07200000000000539
0.002765966,4,162.9,-162.9,0.0,0.0
0.002765966,5,-5.43,37.96,32.97,-0.4399999999999977
0.002767929,1,196.9,-189.8,7.185,-0.0850000000000053
0.002767929,3,163.1,-163.1,0.0,0.0
0.002767929,2,196.5,-189.4,7.174,-0.07400000000000606
0.002767929,4,163.0,-163.0,0.0,0.0
0.002767929,5,-5.416,37.94,32.98,-0.45599999999999596
0.002769979,1,197.0,-189.9,7.19,-0.09000000000000608
0.002769979,3,163.2,-163.2,0.0,0.0
0.002769979,2,196.5,-189.4,7.177,-0.07700000000000529
0.002769979,4,163.1,-163.1,0.0,0.0
0.002769979,5,-5.39,37.91,32.99,-0.47000000000000597
0.002771944,1,197.1,-189.9,7.196,0.003999999999988901
0.002771944,3,163.3,-163.3,0.0,0.0
0.002771944,2,196.6,-189.4,7.179,0.02099999999998836
0.002771944,4,163.2,-163.2,0.0,0.0
0.002771944,5,-5.355,37.88,33.01,-0.4849999999999923
0.002773915,1,197.2,-190.0,7.202,-0.002000000000011326
0.002773915,3,163.4,-163.4,0.0,0.0
0.002773915,2,196.6,-189.5,7.183,-0.08300000000000551
0.002773915,4,163.3,-163.3,0.0,0.0
0.002773915,5,-5.311,37.84,33.02,-0.49099999999999966
0.002775961,1,197.3,-190.1,7.211,-0.010999999999983245
0.002775961,3,163.6,-163.6,0.0,0.0
0.002775961,2,196.7,-189.5,7.188,0.011999999999988908
0.002775961,4,163.4,-163.4,0.0,0.0
0.002775961,5,-5.256,37.79,33.04,-0.5060000000000002
0.002777982,1,197.4,-190.2,7.22,-0.0199999999999827
0.002777982,3,163.7,-163.7,0.0,0.0
0.002777982,2,196.8,-189.6,7.195,0.005000000000016769
0.002777982,4,163.6,-163.5,0.0,0.09999999999999432
0.002777982,5,-5.192,37.73,33.05,-0.5120000000000005
0.002779981,1,197.6,-190.3,7.231,0.06899999999998307
0.002779981,3,163.8,-163.8,0.0,0.0
0.002779981,2,196.9,-189.7,7.204,-0.003999999999982684
0.002779981,4,163.7,-163.7,0.0,0.0
0.002779981,5,-5.123,37.67,33.06,-0.5129999999999981
0.00278196,1,197.7,-190.4,7.243,0.05699999999998262
0.00278196,3,163.9,-163.9,0.0,0.0
0.00278196,2,197.1,-189.8,7.215,0.08499999999998309
0.00278196,4,163.8,-163.8,0.0,0.0
0.00278196,5,-5.051,37.62,33.08,-0.5110000000000028
0.002783959,1,197.8,-190.6,7.255,-0.05499999999998284
0.002783959,3,164.0,-164.0,0.0,0.0
0.002783959,2,197.3,-189.9,7.228,0.17200000000000593
0.002783959,4,163.9,-163.9,0.0,0.0
0.002783959,5,-4.972,37.56,33.1,-0.5120000000000005
0.002785916,1,198.0,-190.7,7.266,0.034000000000011354
0.002785916,3,164.1,-164.1,0.0,0.0
0.002785916,2,197.5,-190.1,7.242,0.1580000000000057
0.002785916,4,164.0,-164.0,0.0,0.0
0.002785916,5,-4.889,37.5,33.11,-0.49900000000000233
0.002787952,1,198.1,-190.8,7.278,0.021999999999983366
0.002787952,3,164.2,-164.2,0.0,0.0
0.002787952,2,197.7,-190.3,7.259,0.14099999999997692
0.002787952,4,164.1,-164.1,0.0,0.0
0.002787952,5,-4.795,37.44,33.13,-0.48500000000000654
0.002789926,1,198.3,-190.9,7.289,0.11100000000000598
0.002789926,3,164.4,-164.3,0.0,0.09999999999999432
0.002789926,2,198.0,-190.5,7.278,0.22200000000000042
0.002789926,4,164.2,-164.2,0.0,0.0
0.002789926,5,-4.7,37.37,33.14,-0.47000000000000597
0.002791963,1,198.5,-191.1,7.301,0.09900000000000553
0.002791963,3,164.5,-164.5,0.0,0.0
0.002791963,2,198.3,-190.8,7.299,0.20099999999999962
0.002791963,4,164.3,-164.3,0.0,0.0
0.002791963,5,-4.599,37.28,33.15,-0.4690000000000012
0.00279394,1,198.7,-191.3,7.312,0.08799999999997699
0.00279394,3,164.6,-164.6,0.0,0.0
0.00279394,2,198.6,-191.0,7.322,0.27799999999999425
0.00279394,4,164.5,-164.4,0.0,0.09999999999999432
0.00279394,5,-4.5,37.19,33.16,-0.46999999999999886
0.002795926,1,198.9,-191.5,7.325,0.0750000000000055
0.002795926,3,164.7,-164.7,0.0,0.0
0.002795926,2,198.9,-191.3,7.345,0.25499999999999456
0.002795926,4,164.6,-164.6,0.0,0.0
0.002795926,5,-4.402,37.1,33.17,-0.4720000000000013
0.002797957,1,199.2,-191.7,7.339,0.1609999999999996
0.002797957,3,164.8,-164.8,0.0,0.0
0.002797957,2,199.2,-191.6,7.368,0.231999999999994
0.002797957,4,164.7,-164.7,0.0,0.0
0.002797957,5,-4.305,37.01,33.17,-0.4650000000000034
0.002799934,1,199.4,-191.9,7.354,0.1459999999999999
0.002799934,3,164.9,-164.9,0.0,0.0
0.002799934,2,199.5,-191.9,7.391,0.2089999999999943
0.002799934,4,164.8,-164.8,0.0,0.0
0.002799934,5,-4.211,36.92,33.18,-0.47099999999999653
0.002801932,1,199.7,-192.2,7.372,0.1280000000000001
0.002801932,3,165.0,-165.0,0.0,0.0
0.002801932,2,199.7,-192.1,7.413,0.18699999999999406
0.002801932,4,164.9,-164.9,0.0,0.0
0.002801932,5,-4.11,36.82,33.19,-0.4799999999999969
0.002803995,1,200.0,-192.4,7.393,0.20699999999999452
0.002803995,3,165.2,-165.2,0.0,0.0
0.002803995,2,200.0,-192.4,7.434,0.16599999999999415
0.002803995,4,165.0,-165.0,0.0,0.0
0.002803995,5,-3.997,36.72,33.2,-0.47700000000000387
0.002805966,1,200.3,-192.7,7.415,0.1850000000000227
0.002805966,3,165.3,-165.3,0.0,0.0
0.002805966,2,200.3,-192.6,7.455,0.24500000000001698
0.002805966,4,165.2,-165.2,0.0,0.0
0.002805966,5,-3.882,36.61,33.21,-0.4819999999999993
0.00280798,1,200.6,-193.0,7.44,0.15999999999999392
0.00280798,3,165.4,-165.4,0.0,0.0
0.00280798,2,200.6,-192.9,7.475,0.224999999999989
0.00280798,4,165.3,-165.3,0.0,0.0
0.00280798,5,-3.759,36.49,33.22,-0.4889999999999972
0.002809937,1,200.9,-193.2,7.464,0.23600000000001664
0.002809937,3,165.5,-165.5,0.0,0.0
0.002809937,2,200.9,-193.2,7.496,0.2040000000000166
0.002809937,4,165.4,-165.4,0.0,0.0
0.002809937,5,-3.636,36.36,33.23,-0.5060000000000002
0.002811985,1,201.2,-193.5,7.488,0.2119999999999882
0.002811985,3,165.7,-165.6,0.0,0.09999999999999432
0.002811985,2,201.2,-193.4,7.519,0.2809999999999828
0.002811985,4,165.5,-165.5,0.0,0.0
0.002811985,5,-3.508,36.23,33.23,-0.5080000000000027
0.002813916,1,201.5,-193.8,7.511,0.1889999999999885
0.002813916,3,165.8,-165.8,0.0,0.0
0.002813916,2,201.5,-193.7,7.54,0.26000000000001133
0.002813916,4,165.6,-165.6,0.0,0.0
0.002813916,5,-3.39,36.11,33.24,-0.5200000000000031
0.002815978,1,201.8,-194.0,7.534,0.26600000000001156
0.002815978,3,165.9,-165.9,0.0,0.0
0.002815978,2,201.8,-194.0,7.563,0.23700000000001165
0.002815978,4,165.8,-165.8,0.0,0.0
0.002815978,5,-3.271,35.99,33.25,-0.5309999999999988
0.002817973,1,202.0,-194.3,7.556,0.14399999999998858
0.002817973,3,166.0,-166.0,0.0,0.0
0.002817973,2,202.1,-194.3,7.584,0.21599999999998332
0.002817973,4,165.9,-165.9,0.0,0.0
0.002817973,5,-3.165,35.88,33.25,-0.5349999999999966
0.002819916,1,202.3,-194.5,7.577,0.2230000000000114
0.002819916,3,166.1,-166.1,0.0,0.0
0.002819916,2,202.3,-194.5,7.602,0.19800000000001106
0.002819916,4,166.0,-166.0,0.0,0.0
0.002819916,5,-3.072,35.78,33.26,-0.5519999999999996
0.002821946,1,202.6,-194.8,7.598,0.20199999999998308
0.002821946,3,166.3,-166.3,0.0,0.0
0.002821946,2,202.6,-194.8,7.62,0.17999999999998284
0.002821946,4,166.1,-166.1,0.0,0.0
0.002821946,5,-2.978,35.7,33.26,-0.5379999999999967
0.002823979,1,202.8,-195.0,7.619,0.1810000000000116
0.002823979,3,166.4,-166.4,0.0,0.0
0.002823979,2,202.9,-195.1,7.638,0.16200000000001147
0.002823979,4,166.3,-166.3,0.0,0.0
0.002823979,5,-2.913,35.62,33.27,-0.5630000000000024
0.002825925,1,203.1,-195.3,7.638,0.16199999999998305
0.002825925,3,166.5,-166.5,0.0,0.0
0.002825925,2,203.2,-195.3,7.655,0.24499999999997701
0.002825925,4,166.4,-166.4,0.0,0.0
0.002825925,5,-2.836,35.55,33.27,-0.5560000000000045
0.002827966,1,203.4,-195.5,7.657,0.24300000000000566
0.002827966,3,166.6,-166.6,0.0,0.0
0.002827966,2,203.5,-195.6,7.674,0.2260000000000053
0.002827966,4,166.5,-166.5,0.0,0.0
0.002827966,5,-2.79,35.49,33.28,-0.5799999999999983
0.002829927,1,203.6,-195.8,7.674,0.12599999999998257
0.002829927,3,166.8,-166.8,0.0,0.0
0.002829927,2,203.8,-195.9,7.695,0.2050000000000054
0.002829927,4,166.7,-166.6,0.0,0.09999999999999432
0.002829927,5,-2.725,35.44,33.28,-0.5650000000000048
0.002831982,1,203.9,-196.0,7.692,0.2080000000000055
0.002831982,3,166.9,-166.9,0.0,0.0
0.002831982,2,204.1,-196.2,7.719,0.18100000000000538
0.002831982,4,166.8,-166.8,0.0,0.0
0.002831982,5,-2.662,35.39,33.29,-0.5619999999999976
0.002833948,1,204.2,-196.3,7.709,0.19099999999997763
0.002833948,3,167.0,-167.0,0.0,0.0
0.002833948,2,204.5,-196.4,7.743,0.356999999999994
0.002833948,4,166.9,-166.9,0.0,0.0
0.002833948,5,-2.582,35.33,33.3,-0.5519999999999996
0.002835999,1,204.5,-196.5,7.728,0.27200000000000024
0.002835999,3,167.2,-167.1,0.0,0.09999999999999432
0.002835999,2,204.8,-196.7,7.769,0.3310000000000226
0.002835999,4,167.0,-167.0,0.0,0.0
0.002835999,5,-2.513,35.26,33.3,-0.5529999999999973
0.00283796,1,204.8,-196.8,7.748,0.2519999999999998
0.00283796,3,167.3,-167.3,0.0,0.0
0.00283796,2,205.1,-197.0,7.794,0.3059999999999947
0.00283796,4,167.2,-167.2,0.0,0.0
0.00283796,5,-2.445,35.21,33.31,-0.5450000000000017
0.002839922,1,205.1,-197.1,7.768,0.2320000000000002
0.002839922,3,167.4,-167.4,0.0,0.0
0.002839922,2,205.4,-197.3,7.818,0.2819999999999947
0.002839922,4,167.3,-167.3,0.0,0.0
0.002839922,5,-2.405,35.16,33.32,-0.5650000000000048
0.002841977,1,205.4,-197.4,7.79,0.20999999999999996
0.002841977,3,167.5,-167.5,0.0,0.0
0.002841977,2,205.8,-197.6,7.845,0.3550000000000173
0.002841977,4,167.4,-167.4,0.0,0.0
0.002841977,5,-2.362,35.13,33.33,-0.5619999999999976
0.002843941,1,205.8,-197.7,7.81,0.29000000000002313
0.002843941,3,167.7,-167.7,0.0,0.0
0.002843941,2,206.1,-197.9,7.871,0.3289999999999882
0.002843941,4,167.6,-167.6,0.0,0.0
0.002843941,5,-2.326,35.1,33.33,-0.5559999999999974
0.002845967,1,206.2,-198.0,7.83,0.36999999999998856
0.002845967,3,167.8,-167.8,0.0,0.0
0.002845967,2,206.5,-198.2,7.899,0.40100000000001135
0.002845967,4,167.7,-167.7,0.0,0.0
0.002845967,5,-2.29,35.08,33.34,-0.5500000000000043
0.002847985,1,206.5,-198.4,7.848,0.25199999999999445
0.002847985,3,167.9,-167.9,0.0,0.0
0.002847985,2,206.8,-198.6,7.926,0.2740000000000169
0.002847985,4,167.8,-167.8,0.0,0.0
0.002847985,5,-2.265,35.07,33.35,-0.5450000000000017
0.00284997,1,206.9,-198.7,7.866,0.3340000000000174
0.00284997,3,168.1,-168.1,0.0,0.0
0.00284997,2,207.2,-198.9,7.952,0.347999999999983
0.00284997,4,168.0,-168.0,0.0,0.0
0.00284997,5,-2.243,35.05,33.36,-0.5530000000000044
0.002851921,1,207.3,-199.1,7.882,0.3180000000000174
0.002851921,3,168.2,-168.2,0.0,0.0
0.002851921,2,207.6,-199.2,7.976,0.4240000000000057
0.002851921,4,168.1,-168.1,0.0,0.0
0.002851921,5,-2.218,35.04,33.37,-0.5479999999999947
0.002853977,1,207.7,-199.4,7.9,0.3999999999999826
0.002853977,3,168.3,-168.3,0.0,0.0
0.002853977,2,208.0,-199.6,7.999,0.401000000000006
0.002853977,4,168.2,-168.2,0.0,0.0
0.002853977,5,-2.184,35.01,33.37,-0.5439999999999969
0.002855951,1,208.1,-199.8,7.917,0.38299999999998313
0.002855951,3,168.5,-168.5,0.0,0.0
0.002855951,2,208.5,-200.0,8.018,0.4819999999999993
0.002855951,4,168.4,-168.4,0.0,0.0
0.002855951,5,-2.145,34.98,33.38,-0.5450000000000088
0.002857951,1,208.6,-200.2,7.936,0.46400000000000574
0.002857951,3,168.6,-168.6,0.0,0.0
0.002857951,2,208.9,-200.4,8.036,0.4640000000000004
0.002857951,4,168.5,-168.5,0.0,0.0
0.002857951,5,-2.103,34.95,33.39,-0.5429999999999993
0.002859996,1,209.0,-200.6,7.957,0.44300000000000583
0.002859996,3,168.8,-168.7,0.0,0.10000000000002274
0.002859996,2,209.4,-200.8,8.051,0.5489999999999942
0.002859996,4,168.7,-168.7,0.0,0.0
0.002859996,5,-2.052,34.92,33.4,-0.5319999999999965
0.00286195,1,209.4,-201.0,7.979,0.4210000000000056
0.00286195,3,168.9,-168.9,0.0,0.0
0.00286195,2,209.8,-201.3,8.065,0.4350000000000005
0.00286195,4,168.8,-168.8,0.0,0.0
0.00286195,5,-1.999,34.88,33.41,-0.5289999999999964
0.002863983,1,209.9,-201.5,8.002,0.398000000000005
0.002863983,3,169.0,-169.0,0.0,0.0
0.002863983,2,210.3,-201.7,8.08,0.5200000000000227
0.002863983,4,168.9,-168.9,0.0,0.0
0.002863983,5,-1.942,34.84,33.42,-0.5219999999999985
0.002865943,1,210.3,-201.9,8.025,0.37500000000000533
0.002865943,3,169.2,-169.2,0.0,0.0
0.002865943,2,210.7,-202.2,8.097,0.40300000000000047
0.002865943,4,169.1,-169.1,0.0,0.0
0.002865943,5,-1.883,34.8,33.43,-0.5130000000000052
0.002867977,1,210.7,-202.3,8.049,0.3509999999999778
0.002867977,3,169.3,-169.3,0.0,0.0
0.002867977,2,211.2,-202.6,8.116,0.48399999999999466
0.002867977,4,169.2,-169.2,0.0,0.0
0.002867977,5,-1.824,34.76,33.44,-0.5039999999999978
0.002869931,1,211.1,-202.7,8.073,0.3270000000000053
0.002869931,3,169.5,-169.5,0.0,0.0
0.002869931,2,211.7,-203.1,8.138,0.4619999999999944
0.002869931,4,169.4,-169.4,0.0,0.0
0.002869931,5,-1.785,34.73,33.45,-0.5050000000000026
0.002871986,1,211.6,-203.1,8.097,0.40300000000000047
0.002871986,3,169.6,-169.6,0.0,0.0
0.002871986,2,212.1,-203.5,8.164,0.4359999999999946
0.002871986,4,169.5,-169.5,0.0,0.0
0.002871986,5,-1.752,34.71,33.46,-0.5020000000000024
0.002873988,1,212.0,-203.5,8.121,0.37899999999999956
0.002873988,3,169.8,-169.7,0.0,0.10000000000002274
0.002873988,2,212.6,-203.9,8.19,0.5099999999999891
0.002873988,4,169.7,-169.7,0.0,0.0
0.002873988,5,-1.722,34.69,33.47,-0.5020000000000024
0.002875949,1,212.4,-203.8,8.144,0.4559999999999942
0.002875949,3,169.9,-169.9,0.0,0.0
0.002875949,2,213.0,-204.4,8.218,0.38199999999999434
0.002875949,4,169.8,-169.8,0.0,0.0
0.002875949,5,-1.689,34.67,33.47,-0.4889999999999972
0.002877911,1,212.8,-204.2,8.167,0.4330000000000229
0.002877911,3,170.0,-170.0,0.0,0.0
0.002877911,2,213.5,-204.8,8.246,0.4539999999999882
0.002877911,4,170.0,-170.0,0.0,0.0
0.002877911,5,-1.652,34.65,33.48,-0.4819999999999993
0.00287992,1,213.2,-204.6,8.191,0.4089999999999936
0.00287992,3,170.2,-170.2,0.0,0.0
0.00287992,2,214.0,-205.2,8.276,0.5240000000000116
0.00287992,4,170.1,-170.1,0.0,0.0
0.00287992,5,-1.613,34.62,33.49,-0.4830000000000041
0.00288196,1,213.7,-205.0,8.216,0.4839999999999893
0.00288196,3,170.3,-170.3,0.0,0.0
0.00288196,2,214.4,-205.7,8.305,0.39500000000001734
0.00288196,4,170.3,-170.3,0.0,0.0
0.00288196,5,-1.575,34.59,33.49,-0.4750000000000014
0.002883964,1,214.2,-205.5,8.242,0.45799999999998775
0.002883964,3,170.5,-170.5,0.0,0.0
0.002883964,2,214.9,-206.1,8.333,0.4670000000000112
0.002883964,4,170.4,-170.4,0.0,0.0
0.002883964,5,-1.542,34.57,33.5,-0.4720000000000013
0.002885934,1,214.6,-205.9,8.267,0.43299999999998917
0.002885934,3,170.6,-170.6,0.0,0.0
0.002885934,2,215.4,-206.5,8.359,0.5410000000000057
0.002885934,4,170.6,-170.6,0.0,0.0
0.002885934,5,-1.516,34.54,33.51,-0.4859999999999971
0.002887935,1,215.1,-206.3,8.294,0.5059999999999825
0.002887935,3,170.8,-170.8,0.0,0.0
0.002887935,2,215.8,-207.0,8.384,0.416000000000011
0.002887935,4,170.7,-170.7,0.0,0.0
0.002887935,5,-1.492,34.53,33.52,-0.4819999999999993
0.002889964,1,215.5,-206.8,8.32,0.37999999999998835
0.002889964,3,171.0,-170.9,0.0,0.09999999999999432
0.002889964,2,216.3,-207.4,8.409,0.491000000000005
0.002889964,4,170.9,-170.9,0.0,0.0
0.002889964,5,-1.469,34.51,33.52,-0.4790000000000063
0.002891966,1,216.0,-207.2,8.345,0.45500000000001073
0.002891966,3,171.1,-171.1,0.0,0.0
0.002891966,2,216.8,-207.9,8.434,0.4660000000000064
0.002891966,4,171.0,-171.0,0.0,0.0
0.002891966,5,-1.446,34.48,33.53,-0.4960000000000022
0.002893912,1,216.4,-207.6,8.369,0.4310000000000116
0.002893912,3,171.3,-171.3,0.0,0.0
0.002893912,2,217.2,-208.3,8.457,0.4429999999999765
0.002893912,4,171.2,-171.2,0.0,0.0
0.002893912,5,-1.423,34.46,33.53,-0.4930000000000021
0.002895943,1,216.9,-208.0,8.392,0.5080000000000062
0.002895943,3,171.4,-171.4,0.0,0.0
0.002895943,2,217.6,-208.7,8.481,0.4190000000000058
0.002895943,4,171.4,-171.4,0.0,0.0
0.002895943,5,-1.401,34.44,33.54,-0.5010000000000048
0.002897987,1,217.3,-208.5,8.414,0.38600000000001167
0.002897987,3,171.6,-171.6,0.0,0.0
0.002897987,2,218.1,-209.1,8.504,0.49600000000000044
0.002897987,4,171.5,-171.5,0.0,0.0
0.002897987,5,-1.384,34.42,33.54,-0.5039999999999978
0.002899964,1,217.7,-208.8,8.434,0.465999999999978
0.002899964,3,171.7,-171.7,0.0,0.0
0.002899964,2,218.5,-209.5,8.525,0.47499999999999964
0.002899964,4,171.7,-171.7,0.0,0.0
0.002899964,5,-1.375,34.4,33.54,-0.5150000000000006
0.002901987,1,218.1,-209.2,8.452,0.4480000000000057
0.002901987,3,171.9,-171.9,0.0,0.0
0.002901987,2,218.9,-209.9,8.545,0.45500000000000007
0.002901987,4,171.9,-171.8,0.0,0.09999999999999432
0.002901987,5,-1.374,34.39,33.54,-0.5240000000000009
0.002903927,1,218.5,-209.6,8.468,0.4320000000000057
0.002903927,3,172.1,-172.0,0.0,0.09999999999999432
0.002903927,2,219.2,-210.3,8.561,0.3389999999999773
0.002903927,4,172.0,-172.0,0.0,0.0
0.002903927,5,-1.378,34.39,33.54,-0.5279999999999987
0.002905984,1,218.9,-210.0,8.483,0.41700000000000514
0.002905984,3,172.2,-172.2,0.0,0.0
0.002905984,2,219.7,-210.7,8.577,0.42300000000000004
0.002905984,4,172.2,-172.2,0.0,0.0
0.002905984,5,-1.384,34.4,33.55,-0.5339999999999989
0.002907931,1,219.3,-210.4,8.498,0.40200000000000635
0.002907931,3,172.4,-172.4,0.0,0.0
0.002907931,2,220.1,-211.1,8.59,0.41000000000000014
0.002907931,4,172.3,-172.3,0.0,0.0
0.002907931,5,-1.39,34.4,33.55,-0.5399999999999991
0.002909922,1,219.7,-210.8,8.513,0.38699999999997736
0.002909922,3,172.5,-172.5,0.0,0.0
0.002909922,2,220.5,-211.5,8.601,0.39899999999999913
0.002909922,4,172.5,-172.5,0.0,0.0
0.002909922,5,-1.393,34.41,33.55,-0.5330000000000013
0.002911978,1,220.1,-211.2,8.529,0.37100000000000577
0.002911978,3,172.7,-172.7,0.0,0.0
0.002911978,2,220.9,-211.9,8.613,0.38700000000000045
0.002911978,4,172.7,-172.7,0.0,0.0
0.002911978,5,-1.391,34.41,33.55,-0.5309999999999988
0.002913927,1,220.5,-211.6,8.545,0.35500000000000576
0.002913927,3,172.9,-172.9,0.0,0.0
0.002913927,2,221.3,-212.3,8.624,0.37599999999999945
0.002913927,4,172.8,-172.8,0.0,0.0
0.002913927,5,-1.385,34.41,33.55,-0.5249999999999986
0.002915965,1,220.9,-212.0,8.563,0.3370000000000051
0.002915965,3,173.0,-173.0,0.0,0.0
0.002915965,2,221.7,-212.7,8.637,0.36299999999999955
0.002915965,4,173.0,-173.0,0.0,0.0
0.002915965,5,-1.373,34.42,33.56,-0.5129999999999981
0.00291794,1,221.2,-212.3,8.581,0.31899999999997775
0.00291794,3,173.2,-173.2,0.0,0.0
0.00291794,2,222.1,-213.0,8.652,0.44799999999999507
0.00291794,4,173.2,-173.2,0.0,0.0
0.00291794,5,-1.353,34.41,33.56,-0.5030000000000072
0.00291999,1,221.6,-212.7,8.601,0.2990000000000048
0.00291999,3,173.4,-173.4,0.0,0.0
0.00291999,2,222.5,-213.4,8.669,0.43099999999999383
0.00291999,4,173.4,-173.3,0.0,0.09999999999999432
0.00291999,5,-1.319,34.41,33.56,-0.4690000000000083
0.002921943,1,222.0,-213.0,8.62,0.3800000000000008
0.002921943,3,173.5,-173.5,0.0,0.0
0.002921943,2,222.9,-213.8,8.685,0.4149999999999938
0.002921943,4,173.5,-173.5,0.0,0.0
0.002921943,5,-1.257,34.39,33.57,-0.4369999999999976
0.002923979,1,222.4,-213.4,8.64,0.35999999999999943
0.002923979,3,173.7,-173.7,0.0,0.0
0.002923979,2,223.2,-214.2,8.702,0.29800000000000004
0.002923979,4,173.7,-173.7,0.0,0.0
0.002923979,5,-1.171,34.35,33.58,-0.40099999999999625
0.00292596,1,222.7,-213.7,8.659,0.3409999999999993
0.00292596,3,173.9,-173.9,0.0,0.0
0.00292596,2,223.6,-214.5,8.717,0.3829999999999938
0.00292596,4,173.9,-173.9,0.0,0.0
0.00292596,5,-1.086,34.3,33.59,-0.3760000000000048
0.002927993,1,223.1,-214.1,8.677,0.3230000000000004
0.002927993,3,174.1,-174.0,0.0,0.09999999999999432
0.002927993,2,223.9,-214.9,8.73,0.2699999999999996
0.002927993,4,174.0,-174.0,0.0,0.0
0.002927993,5,-1.003,34.24,33.6,-0.36299999999999955
0.002929945,1,223.5,-214.4,8.692,0.40799999999999415
0.002929945,3,174.2,-174.2,0.0,0.0
0.002929945,2,224.2,-215.2,8.741,0.25900000000000034
0.002929945,4,174.2,-174.2,0.0,0.0
0.002929945,5,-0.9311,34.18,33.61,-0.3611000000000004
0.002931951,1,223.8,-214.8,8.705,0.29499999999999993
0.002931951,3,174.4,-174.4,0.0,0.0
0.002931951,2,224.5,-215.5,8.751,0.24900000000000055
0.002931951,4,174.4,-174.4,0.0,0.0
0.002931951,5,-0.864,34.12,33.62,-0.3639999999999972
0.002933916,1,224.2,-215.1,8.715,0.38499999999999446
0.002933916,3,174.6,-174.6,0.0,0.0
0.002933916,2,224.8,-215.8,8.76,0.2400000000000002
0.002933916,4,174.6,-174.5,0.0,0.09999999999999432
0.002933916,5,-0.7926,34.05,33.63,-0.3726000000000056
0.002935927,1,224.5,-215.5,8.724,0.2759999999999998
0.002935927,3,174.7,-174.7,0.0,0.0
0.002935927,2,225.1,-216.0,8.768,0.33199999999999363
0.002935927,4,174.7,-174.7,0.0,0.0
0.002935927,5,-0.7076,33.97,33.64,-0.37760000000000105
0.002937973,1,224.9,-215.8,8.731,0.36899999999999444
0.002937973,3,174.9,-174.9,0.0,0.0
0.002937973,2,225.3,-216.3,8.777,0.22300000000000075
0.002937973,4,174.9,-174.9,0.0,0.0
0.002937973,5,-0.6102,33.88,33.65,-0.380199999999995
0.002939922,1,225.2,-216.1,8.736,0.36399999999999366
0.002939922,3,175.1,-175.1,0.0,0.0
0.002939922,2,225.6,-216.5,8.785,0.3149999999999942
0.002939922,4,175.1,-175.1,0.0,0.0
0.002939922,5,-0.506,33.78,33.66,-0.3859999999999957
0.002941957,1,225.5,-216.5,8.74,0.2599999999999998
0.002941957,3,175.3,-175.3,0.0,0.0
0.002941957,2,225.8,-216.8,8.794,0.20599999999999952
0.002941957,4,175.3,-175.3,0.0,0.0
0.002941957,5,-0.3872,33.67,33.67,-0.3872
0.002943929,1,225.8,-216.8,8.743,0.2569999999999997
0.002943929,3,175.4,-175.4,0.0,0.0
0.002943929,2,226.1,-217.0,8.803,0.2969999999999935
0.002943929,4,175.4,-175.4,0.0,0.0
0.002943929,5,-0.2656,33.55,33.67,-0.3856000000000037
0.002945952,1,226.2,-217.1,8.746,0.3539999999999939
0.002945952,3,175.6,-175.6,0.0,0.0
0.002945952,2,226.3,-217.3,8.813,0.1869999999999994
0.002945952,4,175.6,-175.6,0.0,0.0
0.002945952,5,-0.1381,33.43,33.68,-0.38810000000000144
0.00294798,1,226.5,-217.4,8.75,0.3499999999999943
0.00294798,3,175.8,-175.8,0.0,0.0
0.00294798,2,226.6,-217.5,8.823,0.2769999999999939
0.00294798,4,175.8,-175.8,0.0,0.0
0.00294798,5,-0.008092,33.31,33.69,-0.3880919999999932
0.002949936,1,226.7,-217.7,8.754,0.24600000000000044
0.002949936,3,176.0,-176.0,0.0,0.0
0.002949936,2,226.8,-217.8,8.833,0.16699999999999982
0.002949936,4,176.0,-176.0,0.0,0.0
0.002949936,5,0.1246,33.19,33.7,-0.3854000000000042
0.002951925,1,227.0,-218.0,8.758,0.24200000000000088
0.002951925,3,176.2,-176.1,0.0,0.09999999999999432
0.002951925,2,227.1,-218.0,8.843,0.25699999999999434
0.002951925,4,176.1,-176.1,0.0,0.0
0.002951925,5,0.2692,33.06,33.71,-0.3808000000000007
0.002953942,1,227.3,-218.3,8.762,0.23799999999999955
0.002953942,3,176.3,-176.3,0.0,0.0
0.002953942,2,227.4,-218.3,8.855,0.2449999999999939
0.002953942,4,176.3,-176.3,0.0,0.0
0.002953942,5,0.4167,32.93,33.72,-0.3733000000000004
0.002955962,1,227.6,-218.5,8.767,0.33299999999999486
0.002955962,3,176.5,-176.5,0.0,0.0
0.002955962,2,227.7,-218.5,8.866,0.333999999999989
0.002955962,4,176.5,-176.5,0.0,0.0
0.002955962,5,0.5551,32.81,33.73,-0.36489999999999156
0.002957937,1,227.8,-218.8,8.772,0.22799999999999976
0.002957937,3,176.7,-176.7,0.0,0.0
0.002957937,2,228.0,-218.8,8.878,0.3219999999999885
0.002957937,4,176.7,-176.7,0.0,0.0
0.002957937,5,0.6752,32.7,33.73,-0.35479999999999734
0.002959987,1,228.1,-219.1,8.779,0.22100000000000009
0.002959987,3,176.9,-176.9,0.0,0.0
0.002959987,2,228.2,-219.1,8.891,0.2089999999999943
0.002959987,4,176.9,-176.9,0.0,0.0
0.002959987,5,0.7827,32.61,33.74,-0.34730000000000416
0.002961914,1,228.3,-219.3,8.786,0.2140000000000004
0.002961914,3,177.1,-177.0,0.0,0.09999999999999432
0.002961914,2,228.5,-219.3,8.903,0.29699999999998816
0.002961914,4,177.0,-177.0,0.0,0.0
0.002961914,5,0.8648,32.53,33.75,-0.3551999999999964
0.002963945,1,228.5,-219.5,8.795,0.20500000000000007
0.002963945,3,177.2,-177.2,0.0,0.0
0.002963945,2,228.8,-219.6,8.915,0.2850000000000179
0.002963945,4,177.2,-177.2,0.0,0.0
0.002963945,5,0.9299,32.46,33.76,-0.37010000000000076
0.002965917,1,228.7,-219.7,8.804,0.19599999999999973
0.002965917,3,177.4,-177.4,0.0,0.0
0.002965917,2,229.0,-219.8,8.926,0.2739999999999885
0.002965917,4,177.4,-177.4,0.0,0.0
0.002965917,5,0.9803,32.41,33.78,-0.3897000000000048
0.002967946,1,229.0,-219.9,8.815,0.2849999999999948
0.002967946,3,177.6,-177.6,0.0,0.0
0.002967946,2,229.2,-220.1,8.936,0.16399999999999437
0.002967946,4,177.6,-177.6,0.0,0.0
0.002967946,5,1.023,32.35,33.79,-0.4169999999999945
0.002969932,1,229.2,-220.1,8.825,0.274999999999995
0.002969932,3,177.8,-177.8,0.0,0.0
0.002969932,2,229.5,-220.3,8.944,0.2559999999999878
0.002969932,4,177.8,-177.8,0.0,0.0
0.002969932,5,1.06,32.3,33.8,-0.4399999999999977
0.002971974,1,229.4,-220.4,8.836,0.1639999999999997
0.002971974,3,178.0,-178.0,0.0,0.0
0.002971974,2,229.7,-220.5,8.95,0.24999999999998934
0.002971974,4,178.0,-177.9,0.0,0.09999999999999432
0.002971974,5,1.095,32.26,33.81,-0.4550000000000054
0.002973989,1,229.6,-220.6,8.847,0.15300000000000047
0.002973989,3,178.1,-178.1,0.0,0.0
0.002973989,2,229.9,-220.7,8.956,0.24400000000001754
0.002973989,4,178.1,-178.1,0.0,0.0
0.002973989,5,1.123,32.22,33.82,-0.47700000000000387
0.002975995,1,229.9,-220.8,8.857,0.242999999999995
0.002975995,3,178.3,-178.3,0.0,0.0
0.002975995,2,230.1,-220.9,8.96,0.23999999999998778
0.002975995,4,178.3,-178.3,0.0,0.0
0.002975995,5,1.141,32.2,33.83,-0.4889999999999972
0.002977955,1,230.1,-221.0,8.867,0.23299999999999343
0.002977955,3,178.5,-178.5,0.0,0.0
0.002977955,2,230.2,-221.1,8.965,0.13499999999999446
0.002977955,4,178.5,-178.5,0.0,0.0
0.002977955,5,1.148,32.2,33.84,-0.49199999999999733
0.002979976,1,230.3,-221.2,8.877,0.22300000000002207
0.002979976,3,178.7,-178.7,0.0,0.0
0.002979976,2,230.4,-221.2,8.969,0.23100000000001764
0.002979976,4,178.7,-178.7,0.0,0.0
0.002979976,5,1.146,32.21,33.85,-0.4939999999999998
0.002981929,1,230.5,-221.4,8.887,0.21299999999999386
0.002981929,3,178.9,-178.9,0.0,0.0
0.002981929,2,230.5,-221.4,8.973,0.12699999999999356
0.002981929,4,178.9,-178.9,0.0,0.0
0.002981929,5,1.138,32.22,33.86,-0.5020000000000024
0.00298398,1,230.8,-221.6,8.897,0.3030000000000168
0.00298398,3,179.1,-179.1,0.0,0.0
0.00298398,2,230.7,-221.6,8.977,0.122999999999994
0.00298398,4,179.0,-179.0,0.0,0.0
0.00298398,5,1.127,32.24,33.87,-0.502999999999993
0.002985969,1,231.0,-221.8,8.907,0.2929999999999886
0.002985969,3,179.2,-179.2,0.0,0.0
0.002985969,2,230.9,-221.7,8.981,0.21900000000001718
0.002985969,4,179.2,-179.2,0.0,0.0
0.002985969,5,1.113,32.25,33.88,-0.517000000000003
0.002987988,1,231.2,-222.0,8.915,0.2849999999999895
0.002987988,3,179.4,-179.4,0.0,0.0
0.002987988,2,231.0,-221.9,8.986,0.11399999999999366
0.002987988,4,179.4,-179.4,0.0,0.0
0.002987988,5,1.097,32.27,33.89,-0.5229999999999961
0.002989967,1,231.4,-222.2,8.922,0.27800000000001646
0.002989967,3,179.6,-179.6,0.0,0.0
0.002989967,2,231.2,-222.0,8.991,0.20899999999998897
0.002989967,4,179.6,-179.6,0.0,0.0
0.002989967,5,1.084,32.28,33.9,-0.5359999999999943
0.002991933,1,231.5,-222.4,8.927,0.1729999999999947
0.002991933,3,179.8,-179.8,0.0,0.0
0.002991933,2,231.3,-222.1,8.996,0.2040000000000166
0.002991933,4,179.8,-179.8,0.0,0.0
0.002991933,5,1.073,32.29,33.9,-0.536999999999999
0.002993938,1,231.7,-222.6,8.933,0.1669999999999945
0.002993938,3,180.0,-180.0,0.0,0.0
0.002993938,2,231.5,-222.3,9.003,0.19699999999998852
0.002993938,4,180.0,-179.9,0.0,0.09999999999999432
0.002993938,5,1.06,32.3,33.91,-0.5499999999999972
0.002995972,1,231.8,-222.7,8.938,0.16200000000002213
0.002995972,3,180.2,-180.2,0.0,0.0
0.002995972,2,231.6,-222.4,9.01,0.18999999999998884
0.002995972,4,180.1,-180.1,0.0,0.0
0.002995972,5,1.045,32.32,33.92,-0.5549999999999997
0.002997928,1,232.0,-222.9,8.944,0.15599999999999348
0.002997928,3,180.3,-180.3,0.0,0.0
0.002997928,2,231.7,-222.6,9.016,0.0839999999999943
0.002997928,4,180.3,-180.3,0.0,0.0
0.002997928,5,1.028,32.33,33.92,-0.5620000000000047
0.002999965,1,232.1,-223.0,8.95,0.14999999999999503
0.002999965,3,180.5,-180.5,0.0,0.0
0.002999965,2,231.9,-222.7,9.023,0.17700000000001737
0.002999965,4,180.5,-180.5,0.0,0.0
0.002999965,5,1.011,32.35,33.93,-0.5689999999999955
0.003001921,1,232.3,-223.1,8.955,0.24500000000001698
0.003001921,3,180.7,-180.7,0.0,0.0
0.003001921,2,232.0,-222.8,9.029,0.17099999999998872
0.003001921,4,180.7,-180.7,0.0,0.0
0.003001921,5,0.9966,32.37,33.93,-0.5634000000000015
0.003003987,1,232.4,-223.3,8.96,0.13999999999999346
0.003003987,3,180.9,-180.9,0.0,0.0
0.003003987,2,232.2,-222.9,9.035,0.2649999999999828
0.003003987,4,180.9,-180.9,0.0,0.0
0.003003987,5,0.9842,32.39,33.94,-0.5657999999999959
0.003005985,1,232.5,-223.4,8.964,0.1359999999999939
0.003005985,3,181.1,-181.1,0.0,0.0
0.003005985,2,232.3,-223.1,9.04,0.1600000000000179
0.003005985,4,181.1,-181.1,0.0,0.0
0.003005985,5,0.9737,32.41,33.95,-0.5663000000000054
0.003007956,1,232.6,-223.5,8.968,0.13199999999999434
0.003007956,3,181.3,-181.3,0.0,0.0
0.003007956,2,232.4,-223.2,9.046,0.15400000000001768
0.003007956,4,181.2,-181.2,0.0,0.0
0.003007956,5,0.9727,32.42,33.95,-0.5572999999999979
0.003009999,1,232.8,-223.6,8.972,0.22800000000001752
0.003009999,3,181.5,-181.4,0.0,0.09999999999999432
0.003009999,2,232.5,-223.3,9.052,0.14799999999998903
0.003009999,4,181.4,-181.4,0.0,0.0
0.003009999,5,0.9893,32.44,33.95,-0.520700000000005
0.003011977,1,232.9,-223.8,8.977,0.122999999999994
0.003011977,3,181.6,-181.6,0.0,0.0
0.003011977,2,232.6,-223.4,9.057,0.14299999999998825
0.003011977,4,181.6,-181.6,0.0,0.0
0.003011977,5,1.001,32.45,33.96,-0.5090000000000003
0.003013934,1,233.0,-223.9,8.983,0.11699999999999378
0.003013934,3,181.8,-181.8,0.0,0.0
0.003013934,2,232.7,-223.5,9.061,0.1389999999999887
0.003013934,4,181.8,-181.8,0.0,0.0
0.003013934,5,1.004,32.47,33.97,-0.4960000000000022
0.00301598,1,233.1,-224.0,8.989,0.11099999999999355
0.00301598,3,182.0,-182.0,0.0,0.0
0.00301598,2,232.8,-223.5,9.065,0.23500000000001187
0.00301598,4,182.0,-182.0,0.0,0.0
0.00301598,5,0.9864,32.51,33.97,-0.4735999999999976
0.003017931,1,233.2,-224.0,8.994,0.20599999999998886
0.003017931,3,182.2,-182.2,0.0,0.0
0.003017931,2,232.8,-223.6,9.069,0.13100000000001621
0.003017931,4,182.2,-182.1,0.0,0.09999999999999432
0.003017931,5,0.9417,32.58,33.98,-0.45830000000000126
0.00301995,1,233.3,-224.1,8.999,0.2010000000000165
0.00301995,3,182.4,-182.4,0.0,0.0
0.00301995,2,232.9,-223.7,9.072,0.12800000000001788
0.00301995,4,182.3,-182.3,0.0,0.0
0.00301995,5,0.8735,32.67,33.99,-0.44650000000000034
0.003021989,1,233.3,-224.2,9.005,0.09500000000002196
0.003021989,3,182.6,-182.6,0.0,0.0
0.003021989,2,232.9,-223.7,9.075,0.12500000000001776
0.003021989,4,182.5,-182.5,0.0,0.0
0.003021989,5,0.7897,32.78,34.0,-0.43029999999999546
0.003023971,1,233.4,-224.3,9.01,0.08999999999999453
0.003023971,3,182.7,-182.7,0.0,0.0
0.003023971,2,233.0,-223.8,9.078,0.12199999999998923
0.003023971,4,182.7,-182.7,0.0,0.0
0.003023971,5,0.6927,32.92,34.0,-0.3872999999999962
0.003025979,1,233.5,-224.3,9.016,0.18399999999998862
0.003025979,3,182.9,-182.9,0.0,0.0
0.003025979,2,233.0,-223.8,9.081,0.11899999999998911
0.003025979,4,182.9,-182.9,0.0,0.0
0.003025979,5,0.5748,33.06,34.01,-0.37519999999999243
0.00302797,1,233.6,-224.4,9.021,0.17899999999998784
0.00302797,3,183.1,-183.1,0.0,0.0
0.00302797,2,233.1,-223.9,9.083,0.11699999999998845
0.00302797,4,183.1,-183.1,0.0,0.0
0.00302797,5,0.4465,33.2,34.02,-0.37349999999999994
0.003029926,1,233.6,-224.5,9.026,0.07399999999999451
0.003029926,3,183.3,-183.3,0.0,0.0
0.003029926,2,233.1,-223.9,9.085,0.11499999999998778
0.003029926,4,183.2,-183.2,0.0,0.0
0.003029926,5,0.3219,33.34,34.03,-0.3680999999999983
0.003031997,1,233.7,-224.5,9.031,0.16899999999998805
0.003031997,3,183.5,-183.5,0.0,0.0
0.003031997,2,233.1,-223.9,9.087,0.11299999999998889
0.003031997,4,183.4,-183.4,0.0,0.0
0.003031997,5,0.1974,33.46,34.04,-0.3825999999999965
0.003033948,1,233.7,-224.6,9.035,0.06499999999999417
0.003033948,3,183.7,-183.6,0.0,0.09999999999999432
0.003033948,2,233.2,-224.0,9.089,0.11099999999998822
0.003033948,4,183.6,-183.6,0.0,0.0
0.003033948,5,0.09008,33.57,34.05,-0.3899199999999965
0.003035987,1,233.7,-224.6,9.038,0.06199999999999406
0.003035987,3,183.8,-183.8,0.0,0.0
0.003035987,2,233.2,-224.0,9.091,0.10899999999998933
0.003035987,4,183.8,-183.8,0.0,0.0
0.003035987,5,-0.01546,33.67,34.06,-0.40545999999999793
0.00303799,1,233.8,-224.6,9.04,0.1600000000000179
0.00303799,3,184.0,-184.0,0.0,0.0
0.00303799,2,233.2,-224.0,9.092,0.1079999999999881
0.00303799,4,184.0,-184.0,0.0,0.0
0.00303799,5,-0.1047,33.75,34.07,-0.4247000000000014
0.003039964,1,233.8,-224.6,9.042,0.15800000000001724
0.003039964,3,184.2,-184.2,0.0,0.0
0.003039964,2,233.3,-224.1,9.094,0.10600000000001764
0.003039964,4,184.2,-184.1,0.0,0.09999999999999432
0.003039964,5,-0.1768,33.82,34.08,-0.4367999999999981
0.003041957,1,233.8,-224.7,9.043,0.057000000000023476
0.003041957,3,184.4,-184.4,0.0,0.0
0.003041957,2,233.3,-224.1,9.095,0.10500000000001641
0.003041957,4,184.3,-184.3,0.0,0.0
0.003041957,5,-0.2393,33.88,34.09,-0.4493000000000009
0.003043917,1,233.8,-224.7,9.044,0.056000000000022254
0.003043917,3,184.6,-184.6,0.0,0.0
0.003043917,2,233.3,-224.1,9.096,0.10400000000001697
0.003043917,4,184.5,-184.5,0.0,0.0
0.003043917,5,-0.2906,33.93,34.1,-0.46059999999999945
0.003045937,1,233.8,-224.7,9.044,0.056000000000022254
0.003045937,3,184.7,-184.7,0.0,0.0
0.003045937,2,233.4,-224.2,9.097,0.10300000000001752
0.003045937,4,184.7,-184.7,0.0,0.0
0.003045937,5,-0.3255,33.96,34.12,-0.4854999999999947
0.003047921,1,233.8,-224.7,9.045,0.05500000000002281
0.003047921,3,184.9,-184.9,0.0,0.0
0.003047921,2,233.4,-224.2,9.097,0.10300000000001752
0.003047921,4,184.9,-184.9,0.0,0.0
0.003047921,5,-0.3392,33.98,34.13,-0.48920000000000385
0.003049934,1,233.8,-224.7,9.045,0.05500000000002281
0.003049934,3,185.1,-185.1,0.0,0.0
0.003049934,2,233.4,-224.2,9.098,0.1020000000000163
0.003049934,4,185.0,-185.0,0.0,0.0
0.003049934,5,-0.3366,33.98,34.14,-0.4966000000000008
0.003051978,1,233.9,-224.7,9.045,0.15500000000001712
0.003051978,3,185.3,-185.3,0.0,0.0
0.003051978,2,233.4,-224.2,9.099,0.10100000000001685
0.003051978,4,185.2,-185.2,0.0,0.0
0.003051978,5,-0.3216,33.97,34.16,-0.5115999999999943
0.003053982,1,233.9,-224.7,9.046,0.15400000000001768
0.003053982,3,185.5,-185.5,0.0,0.0
0.003053982,2,233.4,-224.3,9.1,-5.329070518200751e-15
0.003053982,4,185.4,-185.4,0.0,0.0
0.003053982,5,-0.3026,33.97,34.17,-0.502600000000001
0.00305596,1,233.9,-224.7,9.046,0.15400000000001768
0.00305596,3,185.6,-185.6,0.0,0.0
0.00305596,2,233.5,-224.3,9.101,0.09899999999998776
0.00305596,4,185.6,-185.6,0.0,0.0
0.00305596,5,-0.2711,33.96,34.18,-0.4910999999999959
0.003057956,1,233.9,-224.7,9.046,0.15400000000001768
0.003057956,3,185.8,-185.8,0.0,0.0
0.003057956,2,233.5,-224.3,9.101,0.09899999999998776
0.003057956,4,185.8,-185.7,0.0,0.10000000000002274
0.003057956,5,-0.2363,33.94,34.2,-0.49630000000000507
0.003059921,1,233.9,-224.8,9.046,0.05399999999999494
0.003059921,3,186.0,-186.0,0.0,0.0
0.003059921,2,233.5,-224.3,9.102,0.09799999999998832
0.003059921,4,185.9,-185.9,0.0,0.0
0.003059921,5,-0.2162,33.92,34.22,-0.5161999999999978
0.003061977,1,233.9,-224.8,9.046,0.05399999999999494
0.003061977,3,186.2,-186.2,0.0,0.0
0.003061977,2,233.5,-224.3,9.102,0.09799999999998832
0.003061977,4,186.1,-186.1,0.0,0.0
0.003061977,5,-0.2053,33.9,34.25,-0.5553000000000026
0.003063979,1,233.9,-224.8,9.046,0.05399999999999494
0.003063979,3,186.4,-186.3,0.0,0.09999999999999432
0.003063979,2,233.5,-224.3,9.103,0.09699999999998887
0.003063979,4,186.3,-186.3,0.0,0.0
0.003063979,5,-0.1925,33.88,34.27,-0.5825000000000031
0.003065919,1,233.9,-224.8,9.047,0.05299999999999372
0.003065919,3,186.5,-186.5,0.0,0.0
0.003065919,2,233.5,-224.3,9.103,0.09699999999998887
0.003065919,4,186.5,-186.4,0.0,0.09999999999999432
0.003065919,5,-0.183,33.85,34.3,-0.6329999999999956
0.003067919,1,233.9,-224.8,9.047,0.05299999999999372
0.003067919,3,186.7,-186.7,0.0,0.0
0.003067919,2,233.5,-224.3,9.103,0.09699999999998887
0.003067919,4,186.6,-186.6,0.0,0.0
0.003067919,5,-0.164,33.79,34.33,-0.7040000000000006
0.003069966,1,233.9,-224.8,9.047,0.05299999999999372
0.003069966,3,186.9,-186.9,0.0,0.0
0.003069966,2,233.5,-224.3,9.103,0.09699999999998887
0.003069966,4,186.8,-186.8,0.0,0.0
0.003069966,5,-0.1254,33.74,34.36,-0.7453999999999965
0.003071957,1,233.9,-224.8,9.047,0.05299999999999372
0.003071957,3,187.1,-187.1,0.0,0.0
0.003071957,2,233.5,-224.3,9.103,0.09699999999998887
0.003071957,4,187.0,-187.0,0.0,0.0
0.003071957,5,-0.08469,33.72,34.38,-0.7446900000000056
0.003073985,1,233.9,-224.8,9.047,0.05299999999999372
0.003073985,3,187.2,-187.2,0.0,0.0
0.003073985,2,233.5,-224.3,9.103,0.09699999999998887
0.003073985,4,187.2,-187.2,0.0,0.0
0.003073985,5,-0.04308,33.69,34.4,-0.7530800000000042
0.003075964,1,233.9,-224.8,9.047,0.05299999999999372
0.003075964,3,187.4,-187.4,0.0,0.0
0.003075964,2,233.5,-224.3,9.103,0.09699999999998887
0.003075964,4,187.3,-187.3,0.0,0.0
0.003075964,5,0.01812,33.64,34.42,-0.7618799999999979
0.003077975,1,233.9,-224.8,9.048,0.05199999999999427
0.003077975,3,187.6,-187.6,0.0,0.0
0.003077975,2,233.5,-224.3,9.103,0.09699999999998887
0.003077975,4,187.5,-187.5,0.0,0.0
0.003077975,5,0.08282,33.57,34.44,-0.7871799999999993
0.003079929,1,233.9,-224.8,9.048,0.05199999999999427
0.003079929,3,187.8,-187.8,0.0,0.0
0.003079929,2,233.5,-224.3,9.103,0.09699999999998887
0.003079929,4,187.7,-187.7,0.0,0.0
0.003079929,5,0.1289,33.51,34.45,-0.8111000000000033
0.003081945,1,233.9,-224.8,9.048,0.05199999999999427
0.003081945,3,187.9,-187.9,0.0,0.0
0.003081945,2,233.5,-224.3,9.103,0.09699999999998887
0.003081945,4,187.9,-187.8,0.0,0.09999999999999432
0.003081945,5,0.1611,33.45,34.47,-0.8588999999999984
0.003083976,1,233.9,-224.8,9.048,0.05199999999999427
0.003083976,3,188.1,-188.1,0.0,0.0
0.003083976,2,233.5,-224.3,9.103,0.09699999999998887
0.003083976,4,188.0,-188.0,0.0,0.0
0.003083976,5,0.1882,33.4,34.49,-0.9018000000000015
0.003085998,1,233.9,-224.8,9.048,0.05199999999999427
0.003085998,3,188.3,-188.3,0.0,0.0
0.003085998,2,233.5,-224.3,9.103,0.09699999999998887
0.003085998,4,188.2,-188.2,0.0,0.0
0.003085998,5,0.2226,33.35,34.5,-0.9273999999999987
0.003087947,1,233.9,-224.8,9.048,0.05199999999999427
0.003087947,3,188.5,-188.4,0.0,0.09999999999999432
0.003087947,2,233.5,-224.3,9.103,0.09699999999998887
0.003087947,4,188.4,-188.4,0.0,0.0
0.003087947,5,0.2584,33.32,34.51,-0.931599999999996
0.003089988,1,233.9,-224.8,9.048,0.05199999999999427
0.003089988,3,188.6,-188.6,0.0,0.0
0.003089988,2,233.5,-224.3,9.103,0.09699999999998887
0.003089988,4,188.5,-188.5,0.0,0.0
0.003089988,5,0.2931,33.28,34.52,-0.9468999999999994
0.003091939,1,233.9,-224.8,9.048,0.05199999999999427
0.003091939,3,188.8,-188.8,0.0,0.0
0.003091939,2,233.5,-224.3,9.103,0.09699999999998887
0.003091939,4,188.7,-188.7,0.0,0.0
0.003091939,5,0.3253,33.26,34.53,-0.9447000000000045
0.003093937,1,233.9,-224.8,9.048,0.05199999999999427
0.003093937,3,189.0,-189.0,0.0,0.0
0.003093937,2,233.5,-224.3,9.103,0.09699999999998887
0.003093937,4,188.9,-188.9,0.0,0.0
0.003093937,5,0.3582,33.23,34.54,-0.9518000000000058
0.003095938,1,233.9,-224.8,9.048,0.05199999999999427
0.003095938,3,189.1,-189.1,0.0,0.0
0.003095938,2,233.5,-224.3,9.103,0.09699999999998887
0.003095938,4,189.1,-189.0,0.0,0.09999999999999432
0.003095938,5,0.3861,33.2,34.55,-0.9638999999999953
0.003097941,1,233.9,-224.8,9.048,0.05199999999999427
0.003097941,3,189.3,-189.3,0.0,0.0
0.003097941,2,233.5,-224.3,9.103,0.09699999999998887
0.003097941,4,189.2,-189.2,0.0,0.0
0.003097941,5,0.4073,33.18,34.56,-0.9727000000000032
0.003099999,1,233.9,-224.8,9.048,0.05199999999999427
0.003099999,3,189.5,-189.5,0.0,0.0
0.003099999,2,233.5,-224.3,9.103,0.09699999999998887
0.003099999,4,189.4,-189.4,0.0,0.0
0.003099999,5,0.4215,33.16,34.57,-0.9885000000000019
0.003101955,1,233.9,-224.8,9.048,0.05199999999999427
0.003101955,3,189.7,-189.7,0.0,0.0
0.003101955,2,233.5,-224.3,9.104,0.09599999999998943
0.003101955,4,189.6,-189.6,0.0,0.0
0.003101955,5,0.4254,33.15,34.59,-1.0146000000000015
0.003103924,1,233.9,-224.8,9.048,0.05199999999999427
0.003103924,3,189.8,-189.8,0.0,0.0
0.003103924,2,233.5,-224.3,9.104,0.09599999999998943
0.003103924,4,189.7,-189.7,0.0,0.0
0.003103924,5,0.4233,33.15,34.6,-1.0267000000000053
0.00310598,1,233.9,-224.8,9.049,0.05099999999999483
0.00310598,3,190.0,-190.0,0.0,0.0
0.00310598,2,233.5,-224.3,9.104,0.09599999999998943
0.00310598,4,189.9,-189.9,0.0,0.0
0.00310598,5,0.4174,33.16,34.61,-1.0326000000000022
0.003107931,1,233.9,-224.8,9.049,0.05099999999999483
0.003107931,3,190.2,-190.2,0.0,0.0
0.003107931,2,233.5,-224.3,9.104,0.09599999999998943
0.003107931,4,190.1,-190.1,0.0,0.0
0.003107931,5,0.4079,33.17,34.62,-1.0420999999999978
0.003109987,1,233.9,-224.8,9.049,0.05099999999999483
0.003109987,3,190.3,-190.3,0.0,0.0
0.003109987,2,233.5,-224.3,9.104,0.09599999999998943
0.003109987,4,190.2,-190.2,0.0,0.0
0.003109987,5,0.3946,33.18,34.63,-1.055400000000006
0.003111987,1,233.9,-224.8,9.049,0.05099999999999483
0.003111987,3,190.5,-190.5,0.0,0.0
0.003111987,2,233.5,-224.3,9.104,0.09599999999998943
0.003111987,4,190.4,-190.4,0.0,0.0
0.003111987,5,0.3828,33.2,34.64,-1.0571999999999946
0.003113971,1,233.9,-224.8,9.049,0.05099999999999483
0.003113971,3,190.7,-190.7,0.0,0.0
0.003113971,2,233.5,-224.3,9.104,0.09599999999998943
0.003113971,4,190.6,-190.6,0.0,0.0
0.003113971,5,0.3746,33.21,34.65,-1.0653999999999968
0.003115996,1,234.0,-224.8,9.049,0.15099999999998914
0.003115996,3,190.9,-190.8,0.0,0.09999999999999432
0.003115996,2,233.5,-224.3,9.104,0.09599999999998943
0.003115996,4,190.7,-190.7,0.0,0.0
0.003115996,5,0.3723,33.22,34.65,-1.057699999999997
0.003117972,1,234.0,-224.8,9.049,0.15099999999998914
0.003117972,3,191.0,-191.0,0.0,0.0
0.003117972,2,233.5,-224.4,9.104,-0.0040000000000048885
0.003117972,4,190.9,-190.9,0.0,0.0
0.003117972,5,0.3805,33.22,34.66,-1.0594999999999999
0.00311997,1,234.0,-224.8,9.049,0.15099999999998914
0.00311997,3,191.2,-191.2,0.0,0.0
0.00311997,2,233.5,-224.4,9.105,-0.005000000000006111
0.00311997,4,191.1,-191.1,0.0,0.0
0.00311997,5,0.3859,33.23,34.67,-1.0541000000000054
0.003121919,1,234.0,-224.8,9.049,0.15099999999998914
0.003121919,3,191.3,-191.3,0.0,0.0
0.003121919,2,233.6,-224.4,9.105,0.0949999999999882
0.003121919,4,191.2,-191.2,0.0,0.0
0.003121919,5,0.4094,33.24,34.68,-1.0305999999999997
0.003123946,1,234.0,-224.8,9.049,0.15099999999998914
0.003123946,3,191.5,-191.5,0.0,0.0
0.003123946,2,233.6,-224.4,9.105,0.0949999999999882
0.003123946,4,191.4,-191.4,0.0,0.0
0.003123946,5,0.5665,33.23,34.7,-0.9035000000000082
0.003126,1,234.0,-224.8,9.049,0.15099999999998914
0.003126,3,191.7,-191.7,0.0,0.0
0.003126,2,233.6,-224.4,9.105,0.0949999999999882
0.003126,4,191.6,-191.6,0.0,0.0
0.003126,5,0.9326,33.01,34.75,-0.8074000000000012
0.003127917,1,234.0,-224.8,9.049,0.15099999999998914
0.003127917,3,191.8,-191.8,0.0,0.0
0.003127917,2,233.6,-224.4,9.105,0.0949999999999882
0.003127917,4,191.7,-191.7,0.0,0.0
0.003127917,5,1.256,32.77,34.82,-0.7939999999999969
0.003129951,1,234.0,-224.8,9.049,0.15099999999998914
0.003129951,3,192.0,-192.0,0.0,0.0
0.003129951,2,233.6,-224.4,9.105,0.0949999999999882
0.003129951,4,191.9,-191.9,0.0,0.0
0.003129951,5,1.429,32.65,34.89,-0.8109999999999999
0.003131937,1,234.0,-224.8,9.05,0.14999999999998792
0.003131937,3,192.2,-192.2,0.0,0.0
0.003131937,2,233.6,-224.4,9.105,0.0949999999999882
0.003131937,4,192.1,-192.1,0.0,0.0
0.003131937,5,1.491,32.68,34.95,-0.7790000000000035
0.003133982,1,234.0,-224.8,9.05,0.14999999999998792
0.003133982,3,192.3,-192.3,0.0,0.0
0.003133982,2,233.6,-224.4,9.105,0.0949999999999882
0.003133982,4,192.2,-192.2,0.0,0.0
0.003133982,5,1.445,32.72,35.0,-0.8350000000000009
0.00313599,1,234.0,-224.8,9.05,0.14999999999998792
0.00313599,3,192.5,-192.5,0.0,0.0
0.00313599,2,233.6,-224.4,9.105,0.0949999999999882
0.00313599,4,192.4,-192.4,0.0,0.0
0.00313599,5,1.345,32.83,35.03,-0.855000000000004
0.003137954,1,234.0,-224.8,9.05,0.14999999999998792
0.003137954,3,192.7,-192.7,0.0,0.0
0.003137954,2,233.6,-224.4,9.105,0.0949999999999882
0.003137954,4,192.6,-192.6,0.0,0.0
0.003137954,5,1.213,32.95,35.06,-0.8969999999999985
0.003139953,1,234.0,-224.8,9.05,0.14999999999998792
0.003139953,3,192.8,-192.8,0.0,0.0
0.003139953,2,233.6,-224.4,9.105,0.0949999999999882
0.003139953,4,192.7,-192.7,0.0,0.0
0.003139953,5,1.096,33.04,35.08,-0.9440000000000026
0.003141981,1,234.0,-224.8,9.05,0.14999999999998792
0.003141981,3,193.0,-193.0,0.0,0.0
0.003141981,2,233.6,-224.4,9.105,0.0949999999999882
0.003141981,4,192.9,-192.9,0.0,0.0
0.003141981,5,1.048,33.09,35.1,-0.9619999999999962
0.003143941,1,234.0,-224.8,9.05,0.14999999999998792
0.003143941,3,193.2,-193.2,0.0,0.0
0.003143941,2,233.6,-224.4,9.105,0.0949999999999882
0.003143941,4,193.0,-193.0,0.0,0.0
0.003143941,5,1.056,33.1,35.11,-0.9540000000000006
0.003145959,1,234.0,-224.8,9.05,0.14999999999998792
0.003145959,3,193.3,-193.3,0.0,0.0
0.003145959,2,233.6,-224.4,9.105,0.0949999999999882
0.003145959,4,193.2,-193.2,0.0,0.0
0.003145959,5,1.107,33.08,35.13,-0.943000000000005
0.003147989,1,234.0,-224.8,9.05,0.14999999999998792
0.003147989,3,193.5,-193.5,0.0,0.0
0.003147989,2,233.6,-224.4,9.105,0.0949999999999882
0.003147989,4,193.4,-193.4,0.0,0.0
0.003147989,5,1.172,33.03,35.14,-0.9380000000000024
0.003149985,1,234.0,-224.8,9.05,0.14999999999998792
0.003149985,3,193.7,-193.6,0.0,0.09999999999999432
0.003149985,2,233.6,-224.4,9.105,0.0949999999999882
0.003149985,4,193.5,-193.5,0.0,0.0
0.003149985,5,1.244,33.0,35.16,-0.9159999999999968
0.003151952,1,234.0,-224.8,9.05,0.14999999999998792
0.003151952,3,193.8,-193.8,0.0,0.0
0.003151952,2,233.6,-224.4,9.105,0.0949999999999882
0.003151952,4,193.7,-193.7,0.0,0.0
0.003151952,5,1.314,32.97,35.18,-0.8960000000000008
0.003153951,1,234.0,-224.8,9.05,0.14999999999998792
0.003153951,3,194.0,-194.0,0.0,0.0
0.003153951,2,233.6,-224.4,9.105,0.0949999999999882
0.003153951,4,193.9,-193.8,0.0,0.09999999999999432
0.003153951,5,1.387,32.94,35.21,-0.8830000000000027
0.003155916,1,234.0,-224.8,9.05,0.14999999999998792
0.003155916,3,194.1,-194.1,0.0,0.0
0.003155916,2,233.6,-224.4,9.105,0.0949999999999882
0.003155916,4,194.0,-194.0,0.0,0.0
0.003155916,5,1.468,32.91,35.24,-0.8620000000000019
0.003157964,1,234.0,-224.8,9.05,0.14999999999998792
0.003157964,3,194.3,-194.3,0.0,0.0
0.003157964,2,233.6,-224.4,9.105,0.0949999999999882
0.003157964,4,194.2,-194.2,0.0,0.0
0.003157964,5,1.541,32.88,35.27,-0.8490000000000038
0.003159949,1,234.0,-224.8,9.05,0.14999999999998792
0.003159949,3,194.5,-194.4,0.0,0.09999999999999432
0.003159949,2,233.6,-224.4,9.105,0.0949999999999882
0.003159949,4,194.3,-194.3,0.0,0.0
0.003159949,5,1.578,32.87,35.3,-0.8519999999999968
0.003161986,1,234.0,-224.8,9.05,0.14999999999998792
0.003161986,3,194.6,-194.6,0.0,0.0
0.003161986,2,233.6,-224.4,9.105,0.0949999999999882
0.003161986,4,194.5,-194.5,0.0,0.0
0.003161986,5,1.591,32.87,35.33,-0.8689999999999998
0.003163953,1,234.0,-224.8,9.05,0.14999999999998792
0.003163953,3,194.8,-194.8,0.0,0.0
0.003163953,2,233.6,-224.4,9.105,0.0949999999999882
0.003163953,4,194.6,-194.6,0.0,0.0
0.003163953,5,1.593,32.89,35.36,-0.8769999999999953
0.003165981,1,234.0,-224.8,9.05,0.14999999999998792
0.003165981,3,194.9,-194.9,0.0,0.0
0.003165981,2,233.6,-224.4,9.105,0.0949999999999882
0.003165981,4,194.8,-194.8,0.0,0.0
0.003165981,5,1.599,32.9,35.4,-0.9010000000000034
0.003167945,1,234.0,-224.8,9.05,0.14999999999998792
0.003167945,3,195.1,-195.1,0.0,0.0
0.003167945,2,233.6,-224.4,9.105,0.0949999999999882
0.003167945,4,195.0,-195.0,0.0,0.0
0.003167945,5,1.63,32.88,35.43,-0.9199999999999946
0.003169995,1,234.0,-224.8,9.05,0.14999999999998792
0.003169995,3,195.3,-195.2,0.0,0.10000000000002274
0.003169995,2,233.6,-224.4,9.105,0.0949999999999882
0.003169995,4,195.1,-195.1,0.0,0.0
0.003169995,5,1.691,32.84,35.46,-0.9289999999999949
0.003171931,1,234.0,-224.8,9.05,0.14999999999998792
0.003171931,3,195.4,-195.4,0.0,0.0
0.003171931,2,233.6,-224.4,9.105,0.0949999999999882
0.003171931,4,195.3,-195.3,0.0,0.0
0.003171931,5,1.766,32.8,35.48,-0.9140000000000015
0.003173984,1,234.0,-224.8,9.05,0.14999999999998792
0.003173984,3,195.6,-195.6,0.0,0.0
0.003173984,2,233.6,-224.4,9.105,0.0949999999999882
0.003173984,4,195.4,-195.4,0.0,0.0
0.003173984,5,1.851,32.75,35.51,-0.9089999999999989
0.003175969,1,234.0,-224.8,9.05,0.14999999999998792
0.003175969,3,195.7,-195.7,0.0,0.0
0.003175969,2,233.6,-224.4,9.105,0.0949999999999882
0.003175969,4,195.6,-195.6,0.0,0.0
0.003175969,5,1.905,32.7,35.53,-0.9249999999999972
0.003177963,1,234.0,-224.8,9.05,0.14999999999998792
0.003177963,3,195.9,-195.9,0.0,0.0
0.003177963,2,233.6,-224.4,9.105,0.0949999999999882
0.003177963,4,195.7,-195.7,0.0,0.0
0.003177963,5,1.91,32.69,35.54,-0.9400000000000048
0.003179982,1,234.0,-224.8,9.05,0.14999999999998792
0.003179982,3,196.0,-196.0,0.0,0.0
0.003179982,2,233.6,-224.4,9.105,0.0949999999999882
0.003179982,4,195.9,-195.9,0.0,0.0
0.003179982,5,1.888,32.7,35.55,-0.9619999999999962
0.003181993,1,234.0,-224.8,9.05,0.14999999999998792
0.003181993,3,196.2,-196.2,0.0,0.0
0.003181993,2,233.6,-224.4,9.105,0.0949999999999882
0.003181993,4,196.1,-196.0,0.0,0.09999999999999432
0.003181993,5,1.861,32.72,35.56,-0.9790000000000063
0.003183977,1,234.0,-224.8,9.05,0.14999999999998792
0.003183977,3,196.3,-196.3,0.0,0.0
0.003183977,2,233.6,-224.4,9.105,0.0949999999999882
0.003183977,4,196.2,-196.2,0.0,0.0
0.003183977,5,1.843,32.73,35.57,-0.997000000000007
0.003185935,1,234.0,-224.8,9.05,0.14999999999998792
0.003185935,3,196.5,-196.5,0.0,0.0
0.003185935,2,233.6,-224.4,9.105,0.0949999999999882
0.003185935,4,196.4,-196.3,0.0,0.09999999999999432
0.003185935,5,1.841,32.74,35.57,-0.9889999999999972
0.00318795,1,234.0,-224.8,9.05,0.14999999999998792
0.00318795,3,196.7,-196.6,0.0,0.09999999999999432
0.00318795,2,233.6,-224.4,9.105,0.0949999999999882
0.00318795,4,196.5,-196.5,0.0,0.0
0.00318795,5,1.845,32.74,35.58,-0.9949999999999974
0.003189923,1,234.0,-224.8,9.05,0.14999999999998792
0.003189923,3,196.8,-196.8,0.0,0.0
0.003189923,2,233.6,-224.4,9.105,0.0949999999999882
0.003189923,4,196.7,-196.7,0.0,0.0
0.003189923,5,1.856,32.73,35.58,-0.9939999999999998
0.003191979,1,234.0,-224.8,9.05,0.14999999999998792
0.003191979,3,197.0,-197.0,0.0,0.0
0.003191979,2,233.6,-224.4,9.105,0.0949999999999882
0.003191979,4,196.8,-196.8,0.0,0.0
0.003191979,5,1.876,32.72,35.58,-0.9840000000000018
0.003193998,1,234.0,-224.8,9.05,0.14999999999998792
0.003193998,3,197.1,-197.1,0.0,0.0
0.003193998,2,233.6,-224.4,9.105,0.0949999999999882
0.003193998,4,197.0,-197.0,0.0,0.0
0.003193998,5,1.899,32.7,35.58,-0.9809999999999945
0.003195943,1,234.0,-224.8,9.05,0.14999999999998792
0.003195943,3,197.3,-197.3,0.0,0.0
0.003195943,2,233.6,-224.4,9.105,0.0949999999999882
0.003195943,4,197.1,-197.1,0.0,0.0
0.003195943,5,1.922,32.69,35.59,-0.9780000000000086
0.003197927,1,234.0,-224.8,9.05,0.14999999999998792
0.003197927,3,197.4,-197.4,0.0,0.0
0.003197927,2,233.6,-224.4,9.105,0.0949999999999882
0.003197927,4,197.3,-197.3,0.0,0.0
0.003197927,5,1.944,32.68,35.59,-0.9660000000000011
0.003199972,1,234.0,-224.8,9.05,0.14999999999998792
0.003199972,3,197.6,-197.6,0.0,0.0
0.003199972,2,233.6,-224.4,9.105,0.0949999999999882
0.003199972,4,197.4,-197.4,0.0,0.0
0.003199972,5,1.964,32.66,35.59,-0.9660000000000082
0.003201938,1,234.0,-224.8,9.05,0.14999999999998792
0.003201938,3,197.7,-197.7,0.0,0.0
0.003201938,2,233.6,-224.4,9.105,0.0949999999999882
0.003201938,4,197.6,-197.6,0.0,0.0
0.003201938,5,1.981,32.65,35.6,-0.9690000000000012
0.00320399,1,234.0,-224.8,9.05,0.14999999999998792
0.00320399,3,197.9,-197.9,0.0,0.0
0.00320399,2,233.6,-224.4,9.105,0.0949999999999882
0.00320399,4,197.7,-197.7,0.0,0.0
0.00320399,5,1.995,32.65,35.6,-0.9550000000000054
0.003205954,1,234.0,-224.8,9.05,0.14999999999998792
0.003205954,3,198.0,-198.0,0.0,0.0
0.003205954,2,233.6,-224.4,9.105,0.0949999999999882
0.003205954,4,197.9,-197.9,0.0,0.0
0.003205954,5,2.006,32.64,35.61,-0.9639999999999986
0.00320793,1,234.0,-224.8,9.05,0.14999999999998792
0.00320793,3,198.2,-198.2,0.0,0.0
0.00320793,2,233.6,-224.4,9.105,0.0949999999999882
0.00320793,4,198.0,-198.0,0.0,0.0
0.00320793,5,2.017,32.64,35.62,-0.9629999999999939
0.003209992,1,234.0,-224.8,9.05,0.14999999999998792
0.003209992,3,198.3,-198.3,0.0,0.0
0.003209992,2,233.6,-224.4,9.105,0.0949999999999882
0.003209992,4,198.2,-198.2,0.0,0.0
0.003209992,5,2.028,32.63,35.63,-0.9720000000000013
0.003211951,1,234.0,-224.8,9.05,0.14999999999998792
0.003211951,3,198.5,-198.5,0.0,0.0
0.003211951,2,233.6,-224.4,9.105,0.0949999999999882
0.003211951,4,198.3,-198.3,0.0,0.0
0.003211951,5,2.039,32.63,35.63,-0.9609999999999985
0.003213919,1,234.0,-224.8,9.05,0.14999999999998792
0.003213919,3,198.6,-198.6,0.0,0.0
0.003213919,2,233.6,-224.4,9.105,0.0949999999999882
0.003213919,4,198.5,-198.5,0.0,0.0
0.003213919,5,2.046,32.62,35.64,-0.9740000000000038
0.00321597,1,234.0,-224.8,9.05,0.14999999999998792
0.00321597,3,198.8,-198.8,0.0,0.0
0.00321597,2,233.6,-224.4,9.105,0.0949999999999882
0.00321597,4,198.6,-198.6,0.0,0.0
0.00321597,5,2.049,32.62,35.64,-0.9710000000000036
0.003217923,1,234.0,-224.8,9.05,0.14999999999998792
0.003217923,3,198.9,-198.9,0.0,0.0
0.003217923,2,233.6,-224.4,9.105,0.0949999999999882
0.003217923,4,198.8,-198.8,0.0,0.0
0.003217923,5,2.049,32.62,35.65,-0.9810000000000016
0.003219974,1,234.0,-224.8,9.05,0.14999999999998792
0.003219974,3,199.1,-199.1,0.0,0.0
0.003219974,2,233.6,-224.4,9.105,0.0949999999999882
0.003219974,4,198.9,-198.9,0.0,0.0
0.003219974,5,2.049,32.62,35.65,-0.9810000000000016
0.003221967,1,234.0,-224.8,9.05,0.14999999999998792
0.003221967,3,199.2,-199.2,0.0,0.0
0.003221967,2,233.6,-224.4,9.105,0.0949999999999882
0.003221967,4,199.1,-199.0,0.0,0.09999999999999432
0.003221967,5,2.055,32.62,35.65,-0.9750000000000014
0.003223921,1,234.0,-224.8,9.05,0.14999999999998792
0.003223921,3,199.4,-199.4,0.0,0.0
0.003223921,2,233.6,-224.4,9.105,0.0949999999999882
0.003223921,4,199.2,-199.2,0.0,0.0
0.003223921,5,2.069,32.61,35.66,-0.9809999999999945
0.003225972,1,234.0,-224.8,9.05,0.14999999999998792
0.003225972,3,199.5,-199.5,0.0,0.0
0.003225972,2,233.6,-224.4,9.105,0.0949999999999882
0.003225972,4,199.3,-199.3,0.0,0.0
0.003225972,5,2.094,32.6,35.66,-0.965999999999994
0.003227935,1,234.0,-224.8,9.05,0.14999999999998792
0.003227935,3,199.7,-199.6,0.0,0.09999999999999432
0.003227935,2,233.6,-224.4,9.105,0.0949999999999882
0.003227935,4,199.5,-199.5,0.0,0.0
0.003227935,5,2.124,32.58,35.66,-0.955999999999996
0.003229985,1,234.0,-224.8,9.05,0.14999999999998792
0.003229985,3,199.8,-199.8,0.0,0.0
0.003229985,2,233.6,-224.4,9.105,0.0949999999999882
0.003229985,4,199.6,-199.6,0.0,0.0
0.003229985,5,2.158,32.56,35.66,-0.9419999999999931
0.003231945,1,234.0,-224.8,9.05,0.14999999999998792
0.003231945,3,199.9,-199.9,0.0,0.0
0.003231945,2,233.6,-224.4,9.105,0.0949999999999882
0.003231945,4,199.8,-199.8,0.0,0.0
0.003231945,5,2.183,32.55,35.67,-0.9370000000000047
0.00323397,1,234.0,-224.8,9.05,0.14999999999998792
0.00323397,3,200.1,-200.1,0.0,0.0
0.00323397,2,233.6,-224.4,9.105,0.0949999999999882
0.00323397,4,199.9,-199.9,0.0,0.0
0.00323397,5,2.197,32.55,35.67,-0.9230000000000018
0.003235994,1,234.0,-224.8,9.05,0.14999999999998792
0.003235994,3,200.2,-200.2,0.0,0.0
0.003235994,2,233.6,-224.4,9.105,0.0949999999999882
0.003235994,4,200.1,-200.1,0.0,0.0
0.003235994,5,2.201,32.55,35.68,-0.929000000000002
0.003237936,1,234.0,-224.8,9.05,0.14999999999998792
0.003237936,3,200.4,-200.4,0.0,0.0
0.003237936,2,233.6,-224.4,9.105,0.0949999999999882
0.003237936,4,200.2,-200.2,0.0,0.0
0.003237936,5,2.2,32.56,35.68,-0.9199999999999946
0.003239978,1,234.0,-224.8,9.05,0.14999999999998792
0.003239978,3,200.5,-200.5,0.0,0.0
0.003239978,2,233.6,-224.4,9.105,0.0949999999999882
0.003239978,4,200.4,-200.3,0.0,0.09999999999999432
0.003239978,5,2.196,32.58,35.68,-0.9040000000000035
0.003241927,1,234.0,-224.8,9.05,0.14999999999998792
0.003241927,3,200.7,-200.7,0.0,0.0
0.003241927,2,233.6,-224.4,9.105,0.0949999999999882
0.003241927,4,200.5,-200.5,0.0,0.0
0.003241927,5,2.187,32.59,35.69,-0.9129999999999967
0.003243979,1,234.0,-224.8,9.05,0.14999999999998792
0.003243979,3,200.8,-200.8,0.0,0.0
0.003243979,2,233.6,-224.4,9.105,0.0949999999999882
0.003243979,4,200.6,-200.6,0.0,0.0
0.003243979,5,2.169,32.62,35.69,-0.9010000000000034
