time_s,rigid_rotation_x_deg,rigid_rotation_y_deg,rigid_rotation_z_deg,left_bore_centroid_dx_m,left_bore_centroid_dy_m,left_bore_centroid_transverse_m,right_bore_centroid_dx_m,right_bore_centroid_dy_m,right_bore_centroid_transverse_m,left_front_bore_centroid_dx_m,left_front_bore_centroid_dy_m,left_front_bore_centroid_transverse_m,left_front_bore_minimum_sampled_cable_clearance_m,right_front_bore_centroid_dx_m,right_front_bore_centroid_dy_m,right_front_bore_centroid_transverse_m,right_front_bore_minimum_sampled_cable_clearance_m
0.0,1.0990421325215896e-15,8.293284390319838e-19,2.0215832759392408e-17,0.0,0.0,0.0,0.0,0.0,0.0,0.0,0.0,0.0,0.0015398999957156561,0.0,0.0,0.0,0.0015398999755046722
9.989961021512745e-06,0.00047371448921211296,-2.933433286965132e-06,7.502284843196229e-07,0.0,-6.401097209292466e-41,6.401097209292466e-41,0.0,1.3094085493081284e-38,1.3094085493081284e-38,-7.764622278472189e-15,1.681462156819039e-13,1.683253967982036e-13,0.0015398999957264227,-8.906764215055318e-14,1.7694486716220925e-14,9.08082580958886e-14,0.0015398999745727796
1.9992043388314044e-05,0.003459653650775271,9.535967551435731e-06,-1.4083352858750785e-06,0.0,3.670962572850407e-24,3.670962572850407e-24,0.0,-3.895033776398499e-25,3.895033776398499e-25,2.9290519593105913e-09,3.3573778185987956e-08,3.3701304530570654e-08,0.001539621040371046,-4.704801408010606e-08,1.262587029679798e-08,4.871271117104265e-08,0.0015395750652038276
2.998154396983048e-05,0.00884872796134381,-1.5226753263846666e-05,1.4493747903725794e-06,2.5673907444456745e-16,1.5900863390284725e-15,1.6106798309756111e-15,-7.487697330852618e-16,7.094582093067938e-16,1.0314974861517485e-15,6.239563575417134e-07,1.6587073606585267e-06,1.7721827344886018e-06,0.0015239514953776239,-3.4657816387608995e-06,8.082541326484592e-07,3.5587802841023353e-06,0.0015198412434116603
3.996706428926499e-05,0.01581190646219025,-1.6151664036861015e-05,9.578067391895875e-06,6.191063444733141e-12,3.257936361378969e-11,3.316239135008563e-11,-1.4961408374829105e-11,1.5155551032498537e-11,2.129634869307586e-11,5.146975118843454e-06,2.7138937968776563e-07,5.15412505372162e-06,0.0015192884872787487,-4.7012478345135125e-06,2.5995561998127617e-06,5.372096763601988e-06,0.0015230324099271097
4.9977073299739135e-05,0.02394633694442851,-2.4597230786043788e-05,2.663046864644001e-05,4.180445063980712e-09,1.5752148851321225e-08,1.629743275387695e-08,-6.875603635048133e-09,8.153497850327374e-09,1.0665526360268405e-08,9.804351832759517e-06,-1.2326784845169986e-05,1.5750394899165143e-05,0.0014875554984649553,1.0300191246801794e-05,-1.0404664507928835e-06,1.035260885747732e-05,0.001509772278941042
5.999080644949294e-05,0.033462243253049404,-3.487653349496522e-05,5.6488678647162316e-05,1.9286488363616894e-07,4.564684144990336e-07,4.955403886417882e-07,-1.9556082684221962e-07,2.778671826004116e-07,3.3978553259593484e-07,3.0227693821128013e-06,-2.4090496456819314e-05,2.4279397732922917e-05,0.0015019182469790076,3.733734555555132e-05,-1.1232867901101681e-05,3.8990443629410637e-05,0.0015038430634715422
6.995577857517775e-05,0.04505368612286198,-9.315216016564986e-05,0.00010748140063410103,1.5144589413008063e-06,2.759749954450136e-06,3.1479843862340687e-06,-1.1083667217075897e-06,1.6199246909248354e-06,1.9628124704252192e-06,-1.5834095725007075e-05,-2.361492713298736e-05,2.8432083478440162e-05,0.0014627771649899294,5.5372266834869885e-05,-1.9984572708745523e-05,5.8868251891687494e-05,0.0014920373238178218
7.997976092856483e-05,0.0593622912432261,-0.0001299595484632416,0.00013718882869390506,5.428000773221006e-06,8.531626707897387e-06,1.0111965519966721e-05,-3.858024228657482e-06,4.405035732448235e-06,5.855654596460922e-06,-3.443200690415177e-05,-2.3587706738767165e-05,4.173659076447952e-05,0.0013662394681670524,7.477361584007965e-05,-2.5388558531009875e-05,7.896627463722932e-05,0.0014280682639813678
8.999023881127192e-05,0.07577597969010053,-0.0001790862577640258,0.00015614989507765673,1.2293818924506831e-05,1.615270725260822e-05,2.0298963898116192e-05,-8.654663517559693e-06,8.762903546997298e-06,1.231631759805489e-05,-4.727813882578029e-05,-2.7146885138435214e-05,5.45176648761587e-05,0.0012638122940968033,7.385878073013549e-05,-3.3290211968082e-05,8.101455242005638e-05,0.001371956643845575
9.999120661247908e-05,0.09453863535656191,-0.00021941683624527382,0.00014335154592273823,2.3901738071405544e-05,3.114230701972471e-05,3.925730975684493e-05,-1.597172787660152e-05,1.8708238121089833e-05,2.4598663885658687e-05,-5.54105321506548e-05,-2.7099935041114132e-05,6.168252226077785e-05,0.0012371968528641299,8.597807500883986e-05,-3.3023219457562974e-05,9.210191314825149e-05,0.0013600662880040742
0.00010998802936081757,0.11535967967085138,-0.0003074661571249255,0.000112691832347172,4.034204751399971e-05,5.3697633490258085e-05,6.716335786778306e-05,-3.0405414451673502e-05,3.326550005758912e-05,4.506753512296293e-05,-7.562684479921634e-05,-2.100955272380637e-05,7.849089730624282e-05,0.0011925241691169227,0.0001034074980927023,-2.8556725385703695e-05,0.00010727813023420348,0.0013374576781711943
0.00011998443754741915,0.13809068926957177,-0.00040590377037965725,8.106489182213418e-05,6.184419955979134e-05,7.329622531373109e-05,9.590120783615047e-05,-4.814413619396327e-05,4.4978860605180905e-05,6.588592984244193e-05,-0.0001012561140500464,-1.8083249633108143e-05,0.0001028581768738359,0.0011306493673728635,0.00012232373227080706,-2.4822448846542508e-05,0.00012481686361785936,0.001284165431892074
0.00012998021736421595,0.16322672598729351,-0.0004453860943967149,5.999159069761486e-05,8.681639316141029e-05,9.635612202226912e-05,0.00012969806618730667,-7.083900028543954e-05,5.4439104773143806e-05,8.934080864835414e-05,-0.0001228172997790166,-2.6666099604821297e-05,0.0001256788366955355,0.0011179683097159309,0.00013968241033620547,-2.780357997399423e-05,0.0001424226625811439,0.0012489264375341665
0.00013997582428984024,0.1908917108151885,-0.00044599302025352227,2.3144382212578726e-05,0.0001203635649377458,0.0001117864103229801,0.0001642668234836865,-9.664438162123767e-05,4.922344271193364e-05,0.00010845775127378603,-0.00013704215270243444,-2.0968262861591048e-05,0.0001386370068371001,0.0010951418055042193,0.0001592163909864032,-2.8311646644594547e-05,0.0001617139712407793,0.0012170469778687138
0.00014999257578972945,0.2207734809811362,-0.00048703558018866423,-4.204477275954729e-05,0.00014819570876920806,0.00010090681781376626,0.0001792879080666305,-0.00011735636897054632,2.858898371542131e-05,0.00012078844037337195,-0.0001565435811653245,-1.0876117565971832e-05,0.0001569209442278926,0.001072925620225282,0.00016512681990721052,-1.8160720178874397e-05,0.00016612248014667887,0.001191695833856862
0.00015999360761981914,0.2518790309126461,-0.00048742756596881854,-0.00010313472581400745,0.00016488540952480394,8.830533045100585e-05,0.0001870428551434768,-0.00013888959593512384,1.7282118362462685e-05,0.0001399606783140041,-0.00016152755201893128,-6.567236096870045e-06,0.0001616609991654777,0.0010787431607692595,0.0001632848198724595,-8.749950934895544e-06,0.00016351909381520137,0.001155618984400583
0.00016996677216290113,0.283729762246248,-0.0004627379164206785,-0.0001627834382552167,0.00018411024492584092,7.763494746692819e-05,0.00019980932749710616,-0.00015510286094953365,-1.6314664782305076e-06,0.00015511144109188064,-0.00016603401994591104,5.958749247847007e-06,0.00016614091149382172,0.0010763894144578197,0.00017095013545571046,-1.4675821867311875e-05,0.00017157892807628453,0.0011472857447299835
0.00017999252641565756,0.31604746457635263,-0.000416122199721615,-0.00022873867504795927,0.00020048475147260714,5.869300189222866e-05,0.00020889950704622117,-0.00017179796885338961,-2.635202681641418e-05,0.00017380728241211078,-0.00018155158735158172,7.761271394528306e-06,0.00018171740754132094,0.0010190238751508775,0.0001895144903398911,-1.0037717154555629e-05,0.0001897801301887622,0.0011092911607835086
0.00018999308490903147,0.34806964463551127,-0.00036772208956505694,-0.0002985981337663555,0.00021425204726915512,4.4744268071049534e-05,0.00021887436872379147,-0.00019414732397607444,-4.635159385384669e-05,0.00019960374159785373,-0.00020668329860267128,7.653601799355726e-06,0.00020682495870127493,0.0009484612604275934,0.00021427055908452858,-6.6519423223760324e-06,0.00021437378763985272,0.0010508247340204452
0.0001999567280807932,0.37956125022279685,-0.0003055714058542265,-0.00039366513645169236,0.00022910883663125917,4.842471037319407e-05,0.00023417047550290521,-0.0002142337485606414,-5.5146392588829166e-05,0.00022121759341857373,-0.00022438813431983288,2.2723460617850488e-05,0.00022553578537781174,0.0009167156058468213,0.0002325038752308056,-8.707379517901484e-06,0.0002326668658305492,0.0010045863386946214
0.00020998283113449233,0.41096035796898556,-0.0002330917419302098,-0.0005256867756788532,0.0002355070770953557,5.440150274788548e-05,0.000241708723183972,-0.0002203809746661172,-5.06864893809594e-05,0.00022613468155184403,-0.0002435319585763181,2.3336403555421147e-05,0.00024464750679072735,0.0009079624511748566,0.00024730446447360395,-5.658524441493104e-06,0.000247369191791199,0.001020276409161989
0.00021999218307440147,0.44225214244754163,-0.00014960504919093136,-0.0006673700223586658,0.0002331024416222213,6.431794435089407e-05,0.00024181303987950235,-0.00021691593823114363,-3.721474354849398e-05,0.0002200851230685016,-0.0002528437386124264,8.813582188942317e-06,0.00025299730312102197,0.0009106629332594264,0.0002581394504407404,1.648828972987021e-06,0.0002581447162171436,0.0010283772712692996
0.00022999777759454492,0.47400006900791936,-5.8021242024894306e-05,-0.0007974302311021614,0.0002248493938107717,8.261614182930153e-05,0.0002395468154408043,-0.00020440748216191823,-1.7189626123899707e-05,0.00020512898871211346,-0.00024628967191173134,1.647014789192048e-05,0.0002468397623195461,0.000952857136634479,0.00025590914893851204,4.049795968381978e-06,0.00025594119120965866,0.0010238085113696356
0.00023997177696874117,0.5063618038184368,4.1785643254159486e-05,-0.0009385000449955956,0.00021749418767374955,8.641980630553817e-05,0.00023403440899523925,-0.00018645983307606702,-1.5919826895363042e-05,0.00018713821159542244,-0.0002347152462928298,3.177871389634351e-05,0.0002368567784531602,0.001020550593992435,0.000247833495998666,5.067149021564551e-06,0.0002478852914921084,0.001061057055807647
0.0002499786197993587,0.5394145612844758,0.00015263067580411764,-0.0011052898896567987,0.00021344840849193465,7.839012832822233e-05,0.0002273878521536605,-0.0001669649495640308,-1.9250941672180628e-05,0.0001680710954869547,-0.00021287960433755918,4.532450234317612e-05,0.00021765118068958948,0.0011151058897984271,0.00023173983342084786,4.056073873345946e-06,0.0002317753268343901,0.0011133914397425432
0.0002599681581316944,0.5724186946775817,0.0002793351891377271,-0.0013172741833738333,0.00019896291373316377,7.118029018560334e-05,0.0002113122683426049,-0.00015002696948361594,-1.6598093763463308e-05,0.00015094233431684614,-0.00018866543790153206,6.620211912386427e-05,0.00019994341208218682,0.0011775956812693496,0.0002072789140124924,-5.010114415677393e-07,0.00020727951950605926,0.0011264473852785751
0.0002699738991410829,0.604717806664089,0.00041462697685201185,-0.001593986801281228,0.0001840517662157078,3.8915577597653865e-05,0.00018812090481092357,-0.000140607370831376,-3.379331996547215e-05,0.00014461127620763486,-0.00016841397533002254,7.92743521421263e-05,0.00018613889973354654,0.0012253524724889111,0.00019558027942878468,7.328320167275636e-06,0.0001957175259855785,0.0011220190580226654
0.0002799995673440711,0.6351424153134575,0.00055258328365072,-0.0019105350720509979,0.00018152058820019692,1.010157949232166e-05,0.0001818014462230297,-0.00013090795186586218,-5.6555369598228883e-05,0.00014260224995457527,-0.00015478029253239607,9.562713322168792e-05,0.00018193814213796004,0.001236159381984569,0.000185886085531539,9.388986148261685e-06,0.000186123050305788,0.0011160153799471165
0.00028997925184033916,0.6624626665352029,0.0006944377800058211,-0.0022433756552464133,0.00018313143595535505,-1.073905981232321e-06,0.00018313458468876607,-0.0001268747601574821,-6.87726913783737e-05,0.00014431523774170087,-0.00014306868039652698,0.00010849268131777355,0.00017955308187253026,0.0012370360230832375,0.00017681196245955457,5.800984193313673e-06,0.00017690709846246989,0.0010613096046561874
0.00029996847699488365,0.6863250036302713,0.0008452143557408283,-0.0025948920951652044,0.00017415430594599918,-6.401972810823786e-06,0.00017427193559320793,-0.00012466505229817256,-7.999813916805889e-05,0.00014812520897827694,-0.00014035749481147372,0.00012656173292337986,0.00018899232415715145,0.0012404448881368183,0.00017229235615860358,3.200812443701639e-06,0.0001723220856158109,0.0009997087623204444
0.00030999245089309926,0.7064926389114973,0.0010030785120320252,-0.0029361711589007554,0.00016254613388686702,-1.8515971886809128e-05,0.0001635973314466969,-0.0001276143560480238,-8.849689859316628e-05,0.00015529689285417446,-0.0001417410407377525,0.00013031740926334068,0.00019254389054584477,0.0012246916976674407,0.00017202871927066762,5.017022422187526e-06,0.00017210186160495448,0.0009475916642834787
0.0003199568713655011,0.722463514550836,0.0011703897572522698,-0.003264090179336606,0.0001673642369336703,-1.551883288138869e-05,0.0001680821881651658,-0.00012634775316106017,-9.45853032588141e-05,0.0001578294469400752,-0.00014587319408998142,0.00012631258109748264,0.0001929607651765548,0.0012053629212412762,0.00017488109447570677,4.408098650705076e-06,0.00017493664149838772,0.0009252408895597179
0.0003299560514831476,0.7347195685767266,0.001346949532640705,-0.0035403341797595857,0.00016693127126797167,-6.656870890084349e-06,0.00016706394960370235,-0.0001250259671241537,-7.775850837999362e-05,0.00014723409279379386,-0.00015710242320033773,0.00010956391105211424,0.0001915343885062252,0.0012162580062138506,0.0001949001923770054,1.555903221551066e-05,0.00019552025079790843,0.0009296892616116755
0.00033998257775922535,0.7435116066959085,0.0015312290095269242,-0.0036892699160014737,0.00016247775736492003,8.767694072538489e-07,0.0001624801229779425,-0.00012636383601472706,-6.432049880272546e-05,0.00014179190956675996,-0.0001642096275135509,0.00010700485916947144,0.0001959970450134837,0.0012229569887969448,0.00020220477722870597,4.126288000226561e-05,0.00020637198744062138,0.0009832761286794572
0.00034999508288619874,0.7490554772694041,0.0017293012312893197,-0.003695597296788491,0.00015611504130203966,6.1258083693986985e-06,0.00015623518057376242,-0.00011289020145313381,-5.701268725375222e-05,0.00012646993354953302,-0.00017064162667785633,0.00010476747971228447,0.00020023683367584704,0.0011823927086517358,0.00019626209969575686,5.564022741375267e-05,0.00020399668302117395,0.0010438161587763583
0.0003599730365147739,0.7516043076457337,0.0019501372370144096,-0.0035244983064767854,0.0001556734694372985,5.8885886811177644e-06,0.0001557848020934677,-9.827225300478342e-05,-4.7307331534915304e-05,0.00010906612364795292,-0.0001684186779944549,0.00010225339629009183,0.000197029460107514,0.0011486294240065664,0.00019534505656279913,6.81537338804322e-05,0.00020689278036066885,0.0010196042009481183
0.00036996789073153146,0.751030362838518,0.0021870258746607783,-0.0031979221537632545,0.000144074652975279,2.6020648467901346e-06,0.0001440981483968964,-8.88583004245606e-05,-5.002019277800781e-05,0.00010196968784835291,-0.00014528843900321435,8.971060259634756e-05,0.00017075339740746167,0.0011585972405251306,0.00018966648148063033,6.81613309630931e-05,0.00020154240555253527,0.0009723428782327259
0.00037997066386399344,0.7471393513486877,0.0024277306811905292,-0.0027495939510682,0.00013530207240394966,1.1689080537291428e-07,0.00013530212289636855,-7.172158622630737e-05,-5.076562905369263e-05,8.786998932533659e-05,-0.0001328697432092128,7.485605602989939e-05,0.00015250507461994037,0.0011200327817692357,0.0001755551296832667,7.256729717535797e-05,0.0001899621440641406,0.0009602160479196338
0.00038996051971769744,0.7398063088019433,0.00267001988005046,-0.0022120121826768036,0.00012617537608761544,-6.2609136177799405e-06,0.00012633061612364794,-6.121716157490285e-05,-5.313459406128688e-05,8.106063136532742e-05,-0.00012060917277094581,6.239043949524764e-05,0.0001357907931227372,0.0010764281057758624,0.0001446297789287768,7.449364216038421e-05,0.0001626870482715395,0.0009545347221641093
0.0003999959653119283,0.7288839887360028,0.002910761344491145,-0.0016347225808195488,0.00010511581510099901,-1.6223401031357692e-05,0.00010636039359353494,-5.546243086484929e-05,-5.519741814117149e-05,7.824855402427264e-05,-0.00011113499142032836,4.785904050574217e-05,0.0001210019589764014,0.0010802541311963252,0.00012827306492300006,8.042512128204404e-05,0.00015140072429804187,0.0009621425356078797
0.0004099650516530841,0.7140761700781713,0.0031321699618067564,-0.001074363533533853,9.435529985491477e-05,-1.725560999734952e-05,9.592016830203911e-05,-4.768603998735693e-05,-5.754784912964384e-05,7.473763007430764e-05,-0.00010103058947532294,4.397069373201584e-05,0.00011018439960813859,0.0011216530621208916,0.0001094664840383874,8.058873705512889e-05,0.0001359318052108013,0.0009568342428858891
0.00041998149695313813,0.6950257895954361,0.0033326089013475018,-0.0005676035627316978,8.887447377288597e-05,-3.126562692901803e-05,9.421364824520879e-05,-3.522609065894242e-05,-6.131482307886386e-05,7.071340037294492e-05,-8.561989890833784e-05,3.117536625814624e-05,9.111899116212578e-05,0.0011937696875489764,9.466251369709498e-05,6.642109827036878e-05,0.00011564062346292793,0.001027028281224219
0.00042997783813852837,0.6719915856454706,0.0035180077950534416,-0.00012862587176599823,8.433382419464897e-05,-4.0644542970648856e-05,9.36171606949649e-05,-3.163676586538024e-05,-6.198500918162219e-05,6.959185525380593e-05,-6.159745607317493e-05,2.569860069352703e-05,6.674327435998374e-05,0.0012621351728157302,7.069364429442785e-05,6.915432218093344e-05,9.88934356766486e-05,0.001114942044054794
0.0004399826335932183,0.6451919992548646,0.003707596028307254,0.000266407644253123,7.350462836041243e-05,-4.426879882723107e-05,8.58059260191754e-05,-2.8923677124761708e-05,-5.434544680728887e-05,6.156303019752461e-05,-4.144056586687962e-05,9.282557376288041e-06,4.2467474269271864e-05,0.0012213731943811674,5.1239980691287525e-05,5.0708475123766776e-05,7.208942412463281e-05,0.001200841679917603
0.00044995611321564996,0.6153268096887301,0.003917407998400569,0.000643464473327329,6.479007889319518e-05,-3.33678351009095e-05,7.287775203934287e-05,-2.0935493550105162e-05,-4.470486193038655e-05,4.93641526859463e-05,-1.8781034928848708e-05,7.140465089271582e-06,2.009262338993446e-05,0.0012457577490016052,2.1826298420271964e-05,3.603793966906887e-05,4.2132177706857424e-05,0.0012810468835384608
0.00045999208083552084,0.5828751352818893,0.004157323482549677,0.0010234818055658568,6.139235998059308e-05,-2.7364195380560778e-05,6.721473836006676e-05,-7.91013063971734e-06,-3.466281983618044e-05,3.555392025829077e-05,2.3725146706086997e-07,2.8907006808695852e-06,2.9004204324549946e-06,0.0012248222918852677,3.779134776494414e-06,1.8756480595760116e-05,1.9133411196073618e-05,0.0013243866883219583
0.0004699576675885509,0.5491445838140051,0.004416200514575058,0.0013875977604437487,6.285081646504901e-05,-1.67631360035393e-05,6.504788896648708e-05,-4.159495420301797e-06,-2.6208051206901157e-05,2.6536076390737663e-05,2.115448582834349e-05,-4.114023007483039e-06,2.1550811028072363e-05,0.00129385095263377,-9.852463628221182e-06,-9.097407689663575e-07,9.894375564538714e-06,0.0013301974424131213
0.0004799734538236568,0.5146562129323837,0.004687697740901853,0.0017284447025458158,6.0447028569143354e-05,-4.311580609475167e-06,6.060060222630494e-05,-4.394609663541609e-06,-1.764966872708667e-05,1.8188551351627605e-05,4.383168619697016e-05,-7.211351074118457e-06,4.4420944375191456e-05,0.0012941186856653577,-2.85808446079212e-05,-1.9004558770054433e-05,3.432255719707655e-05,0.0013235325880728882
0.0004899773262599515,0.48054192846294813,0.004977413175350382,0.0020382876477581247,5.316932436374799e-05,5.653155344699575e-06,5.346901176053987e-05,-7.665985647347334e-06,-2.0280067790958586e-05,2.1680601595694043e-05,4.90192257547482e-05,-9.590009851455502e-06,4.994850130430324e-05,0.0012847528036854998,-4.0649968652039896e-05,-3.26501022717871e-05,5.213874883203455e-05,0.00129478676174381
0.0004999948446451585,0.44727659073527243,0.0052903462136286985,0.002312178961802869,5.195810353822439e-05,1.4896627687549606e-05,5.405140182965022e-05,-1.0809983716022033e-05,-3.390081440626999e-05,3.558259357254646e-05,4.6044172413060684e-05,-1.1269758896981234e-05,4.740330451350144e-05,0.0013360241416351536,-3.2681958388428196e-05,-4.253558526359284e-05,5.364127531872567e-05,0.0013175287164018854
0.0005099888774020678,0.4150349662406333,0.005619542997017928,0.0025704677930578936,4.965351955898347e-05,8.523239155553693e-06,5.037973412293e-05,-4.339639919725464e-06,-4.042890922006789e-05,4.0661150689046726e-05,3.3492818853804625e-05,-3.478214755324278e-06,3.3672940065547086e-05,0.0013478169827936585,-2.7289622003398226e-05,-3.667054230752846e-05,4.571052550798986e-05,0.0013170860598155933
0.0005199581163766662,0.38338767088241316,0.005958585895512073,0.0028321321400801742,4.54313622449586e-05,-1.0041105036300881e-05,4.652776016296805e-05,-8.545675101081683e-06,-5.7148238936241454e-05,5.7783646271648446e-05,2.3671367427783793e-05,3.456651165526176e-06,2.3922417795475376e-05,0.0013674973766202455,-2.5384500302317627e-05,-3.223118543565372e-05,4.102709068634846e-05,0.0013318190582485832
0.0005299594725546438,0.35150645884351683,0.006317101970403798,0.0031149224729921416,4.5806996632855665e-05,-9.385048948119997e-06,4.6758529535059785e-05,-7.920101797599036e-06,-6.641910049241475e-05,6.688964735073598e-05,2.0789009077175867e-05,8.365973054647998e-06,2.2409203545909367e-05,0.0013823900589783182,-2.2353169619717707e-05,-2.197220856697985e-05,3.134393308694257e-05,0.0013943467872842602
0.0005399610257029467,0.3189110767544849,0.0066985700191112335,0.0034320189877722995,4.5279181346037645e-05,1.9161040875524704e-05,4.916655113795244e-05,2.377952594298642e-06,-5.6934334236362803e-05,5.6983972075300306e-05,1.5305310404109713e-05,2.2477388027774122e-05,2.7193482658851778e-05,0.001429919921037698,-6.606481699741873e-06,-4.84363333974076e-06,8.191848654539004e-06,0.0014653994563021701
0.000549997561552946,0.2848239391073404,0.0070922543754470425,0.0037630392985002164,3.486344322148464e-05,1.8364175769175862e-05,3.940434779232958e-05,2.851739292965283e-06,-6.696921823122586e-05,6.702990830589428e-05,-2.472158327788271e-07,3.168514268860364e-05,3.168610709546298e-05,0.0014334406814836237,1.8523368942035233e-05,3.4149355059586114e-06,1.883552445440828e-05,0.0014588067109799238
0.0005599780568693812,0.24870715414397668,0.0074808509222376585,0.004041647451313679,2.462241397395363e-05,6.2018963856471465e-06,2.5391470786133088e-05,5.0357376006691306e-06,-7.087040133755832e-05,7.104908471563432e-05,-1.2697615578138692e-05,5.19539325837197e-05,5.348308660019429e-05,0.0014100344281262381,2.7702388006143816e-05,5.317659808012944e-06,2.8208151429625748e-05,0.0014242774458603073
0.0005699716516408677,0.20976671959579735,0.007858482499031079,0.004204833449923334,1.8932061752063604e-05,3.936293447043738e-05,4.367909765903935e-05,5.838605765541698e-07,-6.29283223715246e-05,6.29310308962707e-05,-2.9643875921240258e-05,6.82178440416741e-05,7.438033090359346e-05,0.0014484977051502338,3.9948376106998564e-05,1.7071138266507455e-05,4.344302608360091e-05,0.001370307600564525
0.0005799804737262408,0.16818819049531952,0.008233749950026542,0.004201074340847063,1.8361885287987685e-05,7.002306293598721e-05,7.239052544543688e-05,-3.60767814919795e-06,-6.31132693981574e-05,6.321629628309929e-05,-3.505426303319469e-05,7.945667790190175e-05,8.684563903850878e-05,0.001491768574538818,6.3712850677731e-05,-1.059923496027711e-06,6.372166648244755e-05,0.0013869752706882608
0.0005899891484605743,0.12483983707722285,0.008605853223100918,0.004007307886637957,4.213398734587401e-07,7.20602753025512e-05,7.20615070892112e-05,-4.358465584207943e-06,-6.33909226478989e-05,6.354057991866794e-05,-4.164437045186577e-05,6.536175554612012e-05,7.750104953097729e-05,0.001511610575208344,6.604010415917072e-05,-2.449912129246406e-05,7.04379322627871e-05,0.001376382325974848
0.0005999957831306825,0.08052943303008192,0.008976279621261154,0.003624426903836756,-1.7742662275500737e-05,5.380705913974666e-05,5.665687670433901e-05,1.3492314828817737e-05,-9.151949009399771e-05,9.250870027465135e-05,-4.188511933779938e-05,7.017431915252713e-05,8.17239150461016e-05,0.001515910758784662,4.855745574120808e-05,-4.192214267435996e-05,6.41505460184773e-05,0.0014749549230538036
0.0006099630404516961,0.03509753594625166,0.009338830713349433,0.0030822954435373597,-3.6827179029107204e-05,1.3436375139525572e-05,3.92017511360395e-05,3.229750080911319e-05,-0.00010849333500490762,0.00011319864088849203,-3.064564673339789e-05,8.031490150936453e-05,8.596300988313023e-05,0.0014916353552670157,2.394651879156478e-05,-5.7624917567261445e-05,6.240245898094435e-05,0.0014833662757855622
0.0006199734262473491,-0.012653605636560167,0.009693499772848078,0.0023711439026757753,-5.454866552988017e-05,-3.167607664225221e-06,5.464055864836299e-05,4.552139802565954e-05,-0.00011895776716332128,0.0001273701222685033,-9.850098915212442e-06,7.663839944881614e-05,7.72688081874942e-05,0.0014955108225657271,6.8075405116833215e-06,-5.486602474719629e-05,5.528673692105698e-05,0.0015152235131459311
0.000629980081594427,-0.06313206390780146,0.010039237647065897,0.0015356070403253097,-8.381550808015909e-05,-2.337714012602433e-05,8.701453944719234e-05,6.25121086799994e-05,-0.00012688238584045145,0.00014144576193080247,7.173648836335429e-06,7.849666088204514e-05,7.88237718411004e-05,0.001544510162951512,-1.1010316073990431e-05,-5.577802482998642e-05,5.68543324117323e-05,0.0015846487771297483
0.0006399702290639075,-0.1166755901346056,0.010367504661179656,0.000655424362017194,-0.0001087725862320705,-4.332152929941485e-05,0.00011708215242492459,8.623813055023966e-05,-0.00012230178700252313,0.00014964872957967508,7.68874450556966e-06,9.104966397015848e-05,9.137372763081685e-05,0.00148257628759025,-9.05343576647951e-06,-5.482117861673125e-05,5.5563714095669684e-05,0.0015543803885924722
0.0006499753927367723,-0.17384297235983656,0.010671878516106573,-0.00018317846196629154,-0.0001254442809895105,-5.616120630774995e-05,0.00013744216502557327,0.00010925051461569425,-9.694558158728125e-05,0.00014606204412197658,7.473616675663687e-06,9.97693166512853e-05,0.00010004884552696843,0.0014272519087511642,6.918445141496435e-06,-2.4623637243756116e-05,2.5577106839671857e-05,0.0015082869248374156
0.0006599828886209325,-0.23523310907508194,0.010948856070847375,-0.0009076120894061219,-0.000136170384028755,-4.768727268212537e-05,0.00014427906799809178,0.00011507143142633915,-7.814323334591295e-05,0.00013909636676872792,1.7246821954847343e-05,0.00011152952486469532,0.00011285516285968887,0.0013409027643485247,2.3613329436888812e-05,7.152373306973797e-06,2.467277388169703e-05,0.0013831636110288536
0.0006699829636183788,-0.3009650642424763,0.0112053254850855,-0.0014571669270142412,-0.0001363713710281672,-4.82233724740884e-05,0.00014464661934824712,0.00013092427283168596,-8.361591813086915e-05,0.0001553473108276225,2.2882500665395537e-05,7.842678486147121e-05,8.169681401627188e-05,0.001305694181686874,2.7865247225452097e-05,3.712079269960419e-06,2.8111412903695104e-05,0.0012603384824829192
0.0006799933337324186,-0.370502461156444,0.0114463452203366,-0.0018227514300519145,-0.00013309700780759416,-6.014297338796468e-05,0.00014605475252548342,0.00013724117452752004,-8.70614645413589e-05,0.00016252642429395752,2.691581226167694e-05,3.848531191542427e-05,4.696360487583269e-05,0.001237606386890151,3.557656213348196e-05,2.0337826971384578e-07,3.557714344854143e-05,0.0010851858504848945
0.0006899675594927731,-0.44279980891080417,0.01166392569791456,-0.0020562711238350465,-0.00013217313255486034,-6.51139654199873e-05,0.0001473416623432761,0.00013242820783181561,-8.473819669647268e-05,0.0001572189308223302,4.238071934765768e-05,1.983789150718696e-05,4.679388113712995e-05,0.0011660715390004188,4.288694518267237e-05,-1.6725410811615174e-05,4.6032916852170454e-05,0.0009229000439337095
0.0006999566791805224,-0.5174327941463915,0.011864544721571373,-0.002218820764846468,-0.000126810084256847,-6.207838568963045e-05,0.00014118967185690017,0.0001245318760948807,-8.596588061785493e-05,0.00015132191115008428,6.289852006020284e-05,3.4465314388751365e-06,6.299287582515099e-05,0.0011481453444357535,2.9137552396669465e-05,-4.012790299096876e-05,4.959078097914226e-05,0.0009322789575172733
0.0007099584768489616,-0.5930125194151518,0.012057676896338947,-0.0023430954312243877,-0.00011168581275422845,-4.401720508970348e-05,0.00012004680384950528,0.00010720762758287703,-7.129933872884853e-05,0.0001287519751891983,7.400341635754783e-05,-2.4057369536318446e-05,7.78155682469489e-05,0.0011718038025410886,-3.8045583928827606e-06,-6.231373679241298e-05,6.242977220524657e-05,0.0010763966593299204
0.0007199725007497685,-0.6680873194670098,0.012241104423546853,-0.0024784921645174206,-0.00010386037171706666,-2.2259555160778203e-05,0.00010621894656398635,9.867314989642407e-05,-3.156055584037699e-05,0.00010359758296135933,9.14682372339156e-05,-1.6815389123468447e-05,9.300105232766737e-05,0.0010786190809734847,-1.6339485225684916e-05,-5.9300190504228527e-05,6.151009162144185e-05,0.0010983551843369
0.0007299613525878762,-0.741432324361383,0.012400646170020626,-0.0026916565299688134,-0.00010419546702479205,-1.838236045855737e-05,0.00010580456759773115,9.861069910297587e-05,-1.2996050360817404e-06,9.861926257495265e-05,9.6203620813415e-05,-1.3091500090550456e-06,9.621252793351573e-05,0.000966572250790151,-1.268801337774017e-05,-5.3848991852164816e-05,5.5323589968188315e-05,0.0009587116353391959
0.0007399900911148834,-0.8137408177479902,0.01251955470921307,-0.002986240892722695,-0.00010550088574733865,-1.1401089524642958e-05,0.00010611513433917863,0.00010190659225677843,1.0564085791404047e-05,0.00010245268885684475,9.627618310872627e-05,1.930360718051023e-05,9.819232497585764e-05,0.0009286547870025262,-6.648983914141725e-06,-5.5649391905796696e-05,5.6045194321863725e-05,0.0008417289171819731
0.0007499899424045427,-0.8851190313208699,0.012592603195266219,-0.003343566584991506,-0.0001088790950148866,-8.661741858017519e-06,0.00010922308869133685,0.00010641086522749756,2.3445535525573115e-05,0.000108963137686768,9.89674361026498e-05,3.840407228675543e-05,0.00010615755355573342,0.0008947581341592361,1.9279007209107094e-06,-5.9318233886520655e-05,5.934955494867384e-05,0.0008417920577685587
0.0007599752199016432,-0.9559430791054738,0.012620046947304248,-0.0037801650401351325,-0.00010648754234816745,8.716090274602586e-06,0.00010684365636306059,0.00010503708908949563,3.811190022013244e-05,0.0001117376705627246,9.463222869723464e-05,3.748541624497228e-05,0.00010178612449280379,0.001000122035782989,-8.523906154659852e-06,-7.045780892932934e-05,7.097154229164905e-05,0.0010366872789316054
0.000769979653422755,-1.0259342850175233,0.012602595414268471,-0.004261959192135021,-0.0001051307110499115,1.974393134004128e-05,0.00010696863666804513,9.244500854853218e-05,4.785781250631982e-05,0.00010409827003090998,6.749446944914837e-05,5.490049722682554e-05,8.700326431792488e-05,0.0010398195443862596,-9.241245371806317e-06,-7.124984420822922e-05,7.184664860464173e-05,0.0012435766348952815
0.0007799714476631343,-1.094312344351079,0.012544119988731426,-0.004754667274361644,-8.967580457442657e-05,3.108122984230744e-05,9.490939244659133e-05,8.229707845600129e-05,6.661648773336605e-05,0.00010587995825614468,5.2836548912243465e-05,5.9954204268167596e-05,7.991375044624711e-05,0.0009997844804953012,2.483447572312371e-05,-8.892531214169507e-05,9.232801483807784e-05,0.0010462706235412852
0.0007899882017718372,-1.1607948364752436,0.01245104378706969,-0.005290366136499262,-7.649589303531076e-05,4.5483234906130726e-05,8.899632750173444e-05,7.882866960346154e-05,7.56907960690234e-05,0.00010928428871989876,6.657833050380865e-05,4.956039588537702e-05,8.299943935346594e-05,0.000946406985271642,6.0481939259523707e-05,-0.00011001365186014882,0.00012554309448232804,0.0008135558627841064
0.0007999894016024467,-1.2245727659684331,0.012335862414351563,-0.005873349012580026,-6.154895257242968e-05,5.447732993352193e-05,8.219521299594644e-05,6.758205004995256e-05,6.80885520073332e-05,9.593427126637077e-05,6.801904399300358e-05,3.066557729770014e-05,7.461211682242623e-05,0.0009660448563562521,6.914173268131058e-05,-0.00012066014250630596,0.00013906634815013974,0.0008019513536543193
0.0008099743756207648,-1.2847593280830316,0.012209531623711769,-0.006457712102907696,-5.3322803086085224e-05,6.317295019635205e-05,8.266887543367332e-05,5.714902682356297e-05,7.110382146963495e-05,9.122370686650504e-05,6.122186934579173e-05,1.2480854726663869e-05,6.248110931234561e-05,0.0009938336524207337,4.696406022844726e-05,-0.00015190545050447997,0.00015899965045908194,0.0009024784068716626
0.0008199895440748132,-1.3397542939053897,0.012090006066387991,-0.007024735733032546,-4.3662119029657844e-05,9.338490231847662e-05,0.0001030879266412485,4.812173885098679e-05,7.397627691186796e-05,8.825072971813854e-05,7.193805831100589e-05,-1.0354627855995638e-05,7.267945068307715e-05,0.0009677258256790403,1.2564077351537133e-05,-0.00017446208227913168,0.00017491390508723404,0.0009721018804454509
0.0008299581994323049,-1.3877528587029273,0.011977686649010815,-0.007586600202959131,-4.28500714257235e-05,0.00012358166197305287,0.00013079967812350116,4.185565183802647e-05,8.583053244302631e-05,9.549228183596558e-05,0.00011242672099798148,-1.300723850805153e-06,0.000112434245125291,0.0008320646492430838,-2.8134212667932715e-05,-0.00019697155585732484,0.00019897067055046005,0.0009581246325355368
0.0008399896869195143,-1.4288838308827956,0.011851260321025089,-0.008146613578061419,-4.086636689082884e-05,0.00012925922847817643,0.0001355655121689482,5.067635313368341e-05,9.394852879021867e-05,0.00010674464309170896,0.00014855373748448673,1.7577753562051105e-05,0.00014959007433950288,0.0006344524573805165,-6.655972372686132e-05,-0.0001948776323859576,0.00020593078552502182,0.0008227573364274804
0.0008499654877961996,-1.4634835336145775,0.011686026620655255,-0.008624004361597791,-4.578861490414201e-05,0.0001235647603423904,0.00013177574607382115,6.249967631004517e-05,9.69729451903786e-05,0.00011536880703966993,0.0001750378005198833,1.8904205333019956e-05,0.00017605567468875134,0.0005796914211831992,-0.00010073364717157977,-0.00016559617272368998,0.00019382817156755744,0.0008219944879761299
0.0008599657983571072,-1.4927644169604068,0.011459805439361372,-0.008966530329733793,-5.8856828533188835e-05,0.00010476072166297991,0.0001201621199394116,7.211740874306813e-05,9.786992446472682e-05,0.00012157073150452825,0.0001905254314191352,3.343599800422793e-05,0.0001934370853274685,0.0006529630560703427,-0.00013915080723415647,-0.00014629068386131478,0.00020190074625550176,0.0009394068456990115
0.000869974189158615,-1.5174640720585544,0.01115933709548757,-0.00913618490023911,-7.054229907305213e-05,9.315307049438315e-05,0.00011684909285503011,7.264235787967441e-05,0.00011024282366574054,0.00013202421114369233,0.0002055297452430464,2.2631850420500998e-05,0.00020677204074324816,0.0007380102586357,-0.0001801845995776704,-0.00013441719646377088,0.00022479873805283116,0.001157761488244168
0.0008799904944519329,-1.537402834747654,0.010789224036216667,-0.009120772658960007,-8.108906526760265e-05,8.636388837061638e-05,0.00011846585043997198,6.73170750288958e-05,0.00011962730076207841,0.00013726718354387094,0.0002277546832622577,-1.0991608676516345e-05,0.00022801976056734425,0.0007012931440870652,-0.00020651997895880948,-0.00013228348366003018,0.000245253790507671,0.0011972582517177492
0.0008899722043754963,-1.5518834726925395,0.010372646758106353,-0.008937920444235052,-7.677991754853367e-05,8.719530736505254e-05,0.00011618165675030467,6.277273085816826e-05,0.00012164297787707426,0.00013688473182278001,0.00026382400746523434,-4.2675736644218816e-05,0.0002672532982268746,0.0005221699232823766,-0.00022656429384035077,-0.00013017017899761736,0.0002612961054888659,0.0010847059112101582
0.0008999634188782872,-1.5601715507547058,0.009913908581325818,-0.008617818828585101,-5.911139387738836e-05,8.029870192170946e-05,9.970977091759509e-05,5.686683109044721e-05,0.0001357860691808222,0.0001472130872641712,0.0002871842558174343,-8.534922371925318e-05,0.00029959854268486134,0.0003906556822239056,-0.00023396217791275473,-0.00013105739974251374,0.00026816849688385947,0.0009072994794891791
0.0009099728035892673,-1.5611413623037744,0.009424253393835284,-0.00824359691128663,-4.189278012492281e-05,9.245786368751421e-05,0.00010150596821987408,4.479519428157845e-05,0.00014887123965003662,0.00015546464365141996,0.0002990200472717461,-0.00013596566418424375,0.00032848082213039444,0.000233505959087743,-0.0002421649465868675,-0.000126288977545439,0.00027311676478182875,0.0007904383138060511
0.0009199644112581268,-1.5533752099135918,0.008928531944956554,-0.00790282261629719,-3.3602487406570915e-05,0.0001072969972939342,0.00011243563842573795,3.331318687967281e-05,0.00013118601575853615,0.00013534969209672736,0.0003121607761458582,-0.0001403687479617981,0.00034226851384307525,0.0001599812650932039,-0.00024231754829958426,-0.0001060633797444031,0.00026451320333156683,0.0006791828428486155
0.0009299654750173452,-1.5362077186593237,0.008432138780669708,-0.007619484110025966,-3.319079299076193e-05,0.0001079584544122436,0.00011294537006197329,3.219336893801568e-05,0.00011790772453564064,0.0001222237477283024,0.0003057693528752707,-0.0001285461507227762,0.0003316911364860455,0.0001671183253742492,-0.0002227888679720378,-0.00010199705952101872,0.00024502710022198835,0.0006944940277225976
0.0009399667116566871,-1.5100013853675975,0.007928793872679757,-0.007368722383033145,-3.201430724733619e-05,0.00010651272393929005,0.00011121994528633007,3.171120127954409e-05,0.00011263145213109695,0.00011701044524208659,0.0003101612306092988,-0.00012681326014100887,0.00033508445490751403,0.00020237893565071925,-0.00020027908848438154,-8.719145625852354e-05,0.00021843549008486866,0.0007016846875348508
0.000949993153366058,-1.475375614000832,0.007430704619819634,-0.007121577425774826,-3.470438292961887e-05,9.526680598897241e-05,0.00010139111656287316,4.820314897466323e-05,9.612867123341072e-05,0.00010753727262756268,0.0003143192869180149,-0.00011426932742957046,0.00033444594977343617,0.00016844623514380291,-0.00018561805453589167,-7.275266277289417e-05,0.00019936652705566127,0.0006491186843800459
0.0009599776261818661,-1.4336652639097995,0.006941697627769981,-0.0068725500128688655,-4.184680307362344e-05,7.802990004745442e-05,8.854275932507608e-05,5.2902713968281465e-05,8.93669710914927e-05,0.00010385158962325755,0.00030747348026587563,-0.00010720589751183,0.00032562715723373996,0.00013464688903343063,-0.00019112790553783322,-6.36366800487725e-05,0.00020144354872496845,0.0006842530859136543
0.0009699958165689663,-1.385448349735406,0.006465041448857429,-0.006634144291669505,-5.093799525167427e-05,7.127879870761112e-05,8.760905492847035e-05,6.283198468609585e-05,8.950949475450383e-05,0.00010936090686712658,0.0002855539075524542,-9.855606116456542e-05,0.0003020833184913545,6.3304420903393e-05,-0.0001866146003018836,-6.0090873761581076e-05,0.0001960508152374329,0.0007080435698887367
0.0009799642605983281,-1.3318323538360115,0.005993221505765254,-0.006403751457406574,-5.503812361938082e-05,7.485483547060769e-05,9.291093285977702e-05,6.704614261045365e-05,6.727352821501673e-05,9.497848618207146e-05,0.0002752903318498116,-8.961368441289494e-05,0.00028950885866244806,6.192095583788804e-05,-0.00017506272070523434,-6.078039858416437e-05,0.00018531382310224128,0.0006190293663368156
0.0009899666686108526,-1.2728394130262592,0.005516498018599069,-0.006154827801647797,-5.316596089208834e-05,5.384391020179721e-05,7.566892402696281e-05,6.621062905357275e-05,4.432945365710609e-05,7.968028527312969e-05,0.00025375587313738665,-6.923595672914754e-05,0.0002630316727238715,0.00023007526621007584,-0.00016880658807083473,-7.513478230287899e-05,0.0001847725620535081,0.0006800177741793441
0.0009999658808187348,-1.2090647361793205,0.0050564951784818684,-0.005895374887781318,-4.8082315513124895e-05,3.919690033376524e-05,6.203471657772619e-05,6.550666427332942e-05,3.5524058910835995e-05,7.451900311812578e-05,0.00021485365715971563,-5.718154212560841e-05,0.00022233268485485295,0.0004396314751236013,-0.00016212503559852494,-9.250289949493367e-05,0.0001866582802417101,0.0009486322577501737
0.0010099702017673457,-1.1403265217179468,0.0046309171014393595,-0.005661930511865836,-4.355063934022738e-05,3.5327174146940455e-05,5.6077334281782856e-05,6.19229767771594e-05,2.9148572269692313e-05,6.844044358642116e-05,0.0001791574594927495,-5.2093738453387866e-05,0.00018657747151772146,0.0006430177305489517,-0.00015388497868497504,-0.00013097844477148258,0.00020207904309856462,0.0011854736145170569
0.0010199673356959494,-1.0662617340225178,0.004237024906124062,-0.005470313376884429,-3.9490184490467706e-05,2.0246402088383353e-05,4.437782631693073e-05,5.055226735558885e-05,5.073232086083636e-06,5.0806194687165885e-05,0.00014628578257957874,-6.610328386584184e-05,0.00016052779922109394,0.000752533310903991,-0.0001398606882594784,-0.00016214964936589062,0.00021413435247502038,0.0013207022960191384
0.0010299958828595638,-0.9865992079238117,0.0038585963265394653,-0.005336196464534811,-3.4727798581808186e-05,2.082781653551802e-05,4.0494665524928545e-05,3.127195584466732e-05,-3.310726659182394e-06,3.1446718960213375e-05,0.00010114417999912938,-4.886257388741829e-05,0.00011232851941782058,0.0008031140484610843,-0.00010977114105852753,-0.00016774120857222322,0.00020046649710752477,0.0014151981669404466
0.0010399715912952755,-0.9025210157432394,0.0034802321348824583,-0.005243596168068219,-3.11513940787224e-05,8.896310765716108e-06,3.2396816175174645e-05,2.3465665414032248e-05,-7.898252434810573e-06,2.4759237565953046e-05,6.319917619325606e-05,-5.005993376765595e-05,8.062340131951965e-05,0.0009238340136158538,-7.896226299257923e-05,-0.00018324466251744688,0.00019953356940134723,0.0013991647070860313
0.0010499598083871873,-0.8139814303588805,0.003098408022193001,-0.00516935255623532,-2.429507088632263e-05,8.510159147156723e-07,2.430997115297632e-05,1.4329890450999976e-05,-1.6300561220755205e-05,2.1703779773330926e-05,3.986913505595914e-05,-6.0190822207775135e-05,7.219752771500078e-05,0.0010754267930947995,-3.9090114903832414e-05,-0.00017665052008926697,0.00018092386059059023,0.0013804361904173096
0.0010599560419078558,-0.721509636620633,0.0027302778311776143,-0.005074001995205647,-2.2672822988202935e-05,-7.679519523624296e-06,2.393808518591473e-05,1.2540514179232298e-05,-1.1784765772395996e-05,1.720886981151762e-05,1.450955128324237e-05,-5.111900346623432e-05,5.313830627543483e-05,0.0012094311704138549,-1.2620687842065936e-05,-0.00016110926789133365,0.0001616028402042748,0.0014240228954932412
0.001069971167556783,-0.6255073572997105,0.0023849314156555333,-0.004957539178564251,-3.0036687655565396e-05,2.2595897242098227e-06,3.0121559571837402e-05,1.5834177438134184e-05,4.585515572860203e-06,1.6484784748708764e-05,-4.019281780199939e-06,-4.9502147244489084e-05,4.9665050164514334e-05,0.001419960415105548,1.0037693547543247e-05,-0.00014780622526823202,0.0001481466689460068,0.0014451865418666078
0.0010799904971131116,-0.5263426735081933,0.002092063158500849,-0.0048393392832285515,-3.616262156229904e-05,7.298487933288223e-06,3.6891775836497887e-05,2.4261175072094615e-05,2.414628724438959e-05,3.422934126692181e-05,-8.272024426677835e-07,-2.5154200355689765e-05,2.516779806449779e-05,0.0014314306140708814,2.0524805009811478e-05,-0.00013009268078160942,0.00013170183451127973,0.0014100660169098687
0.0010899580585454322,-0.42464670340444083,0.0018609547093384768,-0.004711351676099619,-3.143866813252448e-05,-8.835363734182906e-07,3.145108091099833e-05,3.4408342116141894e-05,2.5238847870610826e-05,4.2672396804225803e-05,5.856568988566596e-06,4.791105437583234e-06,7.566643353025144e-06,0.0013768972047606388,2.7363922491709623e-05,-0.00012506028303798273,0.00012801897768562534,0.0013202290399277838
0.001099995097200793,-0.3193620007082771,0.0016763966851780021,-0.00454143888166409,-2.8362407937852268e-05,-1.1041172797248632e-05,3.0435730330843855e-05,4.5584544802673334e-05,2.7513600585604018e-05,5.324423858081813e-05,3.0721839854646812e-06,5.5252650247648145e-06,6.321935465854976e-06,0.0013679287780306135,2.802851858740938e-05,-0.00013406287332010764,0.0001369614977175994,0.0013132795648368527
0.0011099605620624017,-0.21183535294934205,0.0015351216569637217,-0.0043397992483647915,-3.5244750025766805e-05,-2.015436429974507e-05,4.0600379366523504e-05,5.742673221310133e-05,2.9349225800922525e-05,6.449191133614189e-05,-5.2164238329962045e-06,-3.941105093903654e-06,6.537842684452123e-06,0.001411953716917299,3.7734397578446065e-05,-0.00013669022892144925,0.00014180304454843853,0.0013498332247879941
0.0011199778366987173,-0.10077950987641751,0.0014172483339426254,-0.004115514568836471,-5.2943978522231414e-05,-1.4156025575755538e-05,5.480381302303651e-05,6.924240227542223e-05,2.936840259377407e-05,7.521311949242228e-05,-1.5247372337689677e-06,-3.407430698482353e-05,3.410840395163683e-05,0.0013994705381541483,3.4779202749017635e-05,-0.00013725037260223311,0.00014158833893830768,0.0013956325800224046
0.0011299999004189144,0.013420537401860907,0.001299738111806348,-0.00386952174333327,-5.9940492765094e-05,-7.6024648302461335e-06,6.0420693015037616e-05,6.948892143136756e-05,3.0204958121110266e-05,7.57697149050516e-05,-4.672279665201423e-06,-5.586846884609929e-05,5.6063499787985244e-05,0.0013579866947428568,2.9869657920923547e-05,-0.00014265341919509044,0.00014574702217322723,0.001377041373419975
0.0011399688574877478,0.13062404075300585,0.0011701807326727986,-0.0035959338562493366,-6.086118190907032e-05,1.5429955346014917e-05,6.278667840672066e-05,6.826368299559844e-05,2.5729991991358198e-05,7.295178478967402e-05,-2.0898480311999472e-05,-6.755274076176925e-05,7.071152143588646e-05,0.0013462056928215493,2.9141945602003706e-05,-0.00013979994796207315,0.00014280503647864983,0.001334455655026458
0.00114999104053655,0.25292939525378205,0.001019225204863161,-0.0032929248027837423,-6.128647204333061e-05,2.6064973562214092e-05,6.659890766609363e-05,7.156591836368127e-05,1.164279071757774e-06,7.157538834679156e-05,-3.9281423584299965e-05,-7.66834789134572e-05,8.6159074838811e-05,0.0013167718015824332,3.2670957510802685e-05,-0.00014823561232920937,0.00015179324170492019,0.0013422489507961713
0.0011599749759054815,0.3796152149258941,0.0008444030199406428,-0.0029808835598737907,-5.060488897506735e-05,4.166616413571934e-05,6.55509269344347e-05,7.789200098615862e-05,-1.6536527306627703e-05,7.962801361952073e-05,-4.898788058623187e-05,-7.178726456662293e-05,8.690928487963314e-05,0.0013443371953178024,5.766119503611538e-05,-0.0001487531083258302,0.00015953777185854487,0.0013562238648141271
0.0011699767987091371,0.5108272419393345,0.000656206087354301,-0.0026985601800038703,-3.601891557278555e-05,4.346616064961906e-05,5.645059256250501e-05,7.729739896281308e-05,-4.548692244314503e-05,8.968805940461075e-05,-5.039446831672529e-05,-6.334681785024975e-05,8.094703063533677e-05,0.0013726385163062202,7.421172087528592e-05,-0.00013705280798769176,0.0001558552267092203,0.0013320083813087445
0.0011799851497623372,0.6452270883489815,0.00045783682328606073,-0.002502201978533507,-2.4899766633922323e-05,3.008701762519635e-05,3.9054154811014244e-05,6.57115449284362e-05,-5.6690553721620985e-05,8.678609346056477e-05,-5.6904838204374815e-05,-6.019343824270906e-05,8.283363217042282e-05,0.0013136222642535765,7.477048327618821e-05,-0.00010863094234311055,0.00013187610399047642,0.0012758222699340636
0.0011899589811022926,0.7810148230145958,0.0002487001605328184,-0.0024821030672691883,-1.1108652993081527e-05,5.672134936395338e-05,5.779890695323185e-05,4.355258944925934e-05,-7.360936744452157e-05,8.552874968873523e-05,-7.643257431054831e-05,-3.8005399165973854e-05,8.536011235643084e-05,0.0012984471761534658,8.27701008118166e-05,-9.620105345597047e-05,0.0001269075737473409,0.0011935585622554223
0.0011999954661071714,0.9186954273676919,2.939540385479789e-05,-0.0026700552185377445,-4.604817348883875e-06,7.224474889679516e-05,7.23913536686362e-05,2.780227696633598e-05,-9.154678954262058e-05,9.567539537453568e-05,-9.798775074586468e-05,-1.1716296099840467e-05,9.868571776368068e-05,0.001254024013069626,0.00011128014910468265,-8.034416320831885e-05,0.0001372532555038509,0.00113051992813668
0.0012099633255643625,1.055813565895799,-0.00018723801076338294,-0.0030540668268308185,9.67195977289902e-06,8.572243707496566e-05,8.626634931373892e-05,1.6696171396013932e-05,-6.941449843776682e-05,7.139422058298421e-05,-0.00010373297981917766,1.2716835954571233e-05,0.00010450956424586889,0.0012295286221871812,0.0001323169589869267,-4.0037454927943986e-05,0.0001382417282612424,0.0011001216215599167
0.001219957314258476,1.1928957684113977,-0.00038978287455402905,-0.0036720115053379054,3.3686801100895156e-05,0.00010606910533477258,0.00011128996214812166,-6.240073903750072e-06,-7.046783018790182e-05,7.074357648377152e-05,-0.00011478341334301024,3.4150493579295914e-05,0.00011975595263026332,0.0011475069245649515,0.0001634326558797401,-1.2422334623585999e-05,0.00016390407989249654,0.0010152524053206277
0.001229972834827589,1.329101764410153,-0.0005737535952038751,-0.004547762831179056,4.7626332213063355e-05,0.00010940656529035839,0.00011932335919132737,-3.079796540970643e-05,-9.756877474804866e-05,0.00010231412648902853,-0.00014353316327967575,5.164820148949877e-05,0.00015254279949630505,0.0010941503927925744,0.0001898071344067949,1.307757431181343e-05,0.00019025711871464916,0.0009796286071995512
0.0012399578590630244,1.4625697145677423,-0.000742352352598065,-0.005661555039295911,5.580123575822471e-05,9.512483522482934e-05,0.00011028378026117852,-4.468818032369075e-05,-0.00011445663728485317,0.00012287129558688286,-0.0001787050671854121,6.549640333558681e-05,0.0001903293983798628,0.0010681558399180144,0.00021707974616455312,4.646948719612001e-05,0.00022199781403233946,0.0010060161573147868
0.0012499675495489986,1.5927457560025249,-0.0008966180282473521,-0.006976931818778604,6.418408127437545e-05,9.412163249166186e-05,0.00011392312316615574,-4.257138752618421e-05,-0.00012972058259631215,0.0001365274792304875,-0.00020087838933480814,7.541907369470457e-05,0.00021456971822397038,0.0010434363218728535,0.0002323514582853372,7.386191881372862e-05,0.000243808907175617,0.0010570654798600439
0.0012599568785764768,1.7178839881824755,-0.0010359438663321966,-0.00839973642182149,7.13321173593694e-05,7.659580778945998e-05,0.0001046670374945749,-3.624455225463626e-05,-0.00014031026590292432,0.00014491596974070312,-0.00021735143720679612,7.487902115649236e-05,0.00022988804898300884,0.0009691813949901464,0.00025002276845223666,7.272844715963016e-05,0.0002603858901145987,0.0010193100326715992
0.0012699664231770695,1.8379863702901873,-0.001162037222654856,-0.00987201463770838,7.37737632931665e-05,6.079835348616748e-05,9.559815864892553e-05,-3.436395547731596e-05,-0.0001325103951980667,0.0001368937042803458,-0.00023252905347550222,8.944203470482655e-05,0.00024913778975168015,0.0008846048984423433,0.0002732523245986907,9.320576254853151e-05,0.00028871118279491954,0.0010121331653832034
0.0012799807341562824,1.9526895560175568,-0.0012575634254953904,-0.011344989307481715,7.17116464258991e-05,6.499437390160062e-05,9.678237893322437e-05,-2.8393551071552954e-05,-0.00012835465333156155,0.00013145763870661236,-0.0002463957306370317,9.727712545198899e-05,0.00026490318082718204,0.0008471453679184623,0.00028769719996275724,0.00010701642896756577,0.0003069563404384747,0.0009610953499028575
0.0012899597591071081,2.06123715188564,-0.0013228576765965288,-0.012773302929125147,6.79748694529809e-05,4.882916457054942e-05,8.369510254374263e-05,-1.799424828537997e-05,-0.0001342285135982707,0.0001354292687499901,-0.0002495303412374276,0.0001169080233439323,0.00027555920801209397,0.000791032930060834,0.00028271045162558354,0.00010429468712909958,0.0003013346664784823,0.0009177379044598105
0.001299986675857092,2.16386234266213,-0.001375472580430192,-0.014149391140880374,5.745778010602021e-05,-3.862845028031514e-06,5.7587481855194535e-05,-5.611863669270634e-06,-0.00013414799009411747,0.00013426532039262378,-0.00024233654062398927,0.00013243046386348116,0.00027616087101669417,0.0007910120248336501,0.0002730133644766814,0.00010904069344718327,0.000293983281855142,0.0008871612553419312
0.0013099848057680256,2.2588846857867986,-0.0014352352049151079,-0.015472942320211852,6.045863066008285e-05,-5.51404112644173e-05,8.182732413870924e-05,1.1398134525509635e-05,-0.00015442189018657334,0.00015484197634832659,-0.00022659116811194358,0.00014431222244376047,0.0002686439558467536,0.0008183422457192975,0.00026552416304369275,0.00010189689432589278,0.00028440474368989643,0.0008979544486395698
0.0013199736548793655,2.345553735276622,-0.0015166796317221708,-0.01680680577354779,6.59520938565896e-05,-8.8587190803516e-05,0.00011044169981726537,2.207898288121631e-05,-0.00016808674638622357,0.00016953063379748122,-0.00021207283188049743,0.00015603848300810365,0.0002632924119705769,0.0008542919817503603,0.0002398274852174918,9.942216221572902e-05,0.00025961893036794716,0.0009328425741684247
0.0013299822310088466,2.422702092639184,-0.001630392529777985,-0.018170798705468536,6.51428319272257e-05,-0.0001336638683727007,0.00014869303366282305,1.8680797435244818e-05,-0.00019223940826946706,0.0001931449255989178,-0.00020729328320983915,0.00017183845647775672,0.00026925630983984844,0.0008786574410357679,0.00021235573699906161,0.00010501027092377754,0.00023690106803452742,0.0009698687334602899
0.0013399713214551755,2.4885015818251803,-0.0017887697576776124,-0.019542488939710903,6.744848849207533e-05,-0.00015254317539371468,0.00016678944498697517,1.6624285866261024e-05,-0.00021947866031387647,0.00022010735838162506,-0.00019501143379527155,0.00017379657531628456,0.0002612177423196146,0.000947820496329905,0.00019074681408708626,0.0001035221593102873,0.00021702807319017036,0.0010419767555968893
0.00134996429524554,2.5419846821294643,-0.0020009760600746026,-0.020871075998343053,8.180815962196856e-05,-0.00016227295049278936,0.00018172805353706056,5.7714441903994835e-06,-0.0002359999774633417,0.00023607053804052016,-0.00018212471139887436,0.00018971380013417457,0.000262984289385265,0.0010352274297713107,0.0001727226938969869,0.00011340044576125085,0.00020662233685127712,0.00111317738736917
0.001359974641634749,2.582396555624072,-0.0022630285120571027,-0.02209909627326006,9.173455003727635e-05,-0.00015911335434662412,0.00018366351625180197,-1.590162173660095e-05,-0.0002392406555404596,0.0002397685401325261,-0.00018316671962589383,0.000207977178991783,0.0002771363457937103,0.0010769909745715835,0.0001702765962371842,0.00010872634368118184,0.00020202855500250336,0.0011620984917479018
0.0013699800802793275,2.609241905130596,-0.0025625302792415213,-0.023192902575378725,0.00010526873036040338,-0.00016269885431048227,0.00019378447508929824,-2.895971006725511e-05,-0.0002432895743399582,0.00024500710559022064,-0.0001753868090430561,0.00019700776389475983,0.00026376616883353116,0.001109643788800792,0.00017605322228167464,0.00010855958454972616,0.00020683307393492433,0.0011695995717874827
0.0013799694917800399,2.622472454506141,-0.0028912774491209768,-0.024169081743986378,0.00011413723143381492,-0.00016052656429897777,0.00019696721921428975,-4.415136955648375e-05,-0.0002410975085702072,0.0002451068176784855,-0.0001484307804145192,0.0001757462442057462,0.0002300400811312868,0.0011380455182885417,0.000152505568159619,0.00011764899348079414,0.00019261161436095214,0.0011469800016320965
0.00138997241891667,2.622444922890178,-0.0032396070774621177,-0.02508962815188451,0.00012340782060232182,-0.0001602555822780892,0.00020226552310540782,-6.7376534030671e-05,-0.00022908972281260597,0.00023879216577673315,-0.00012924454335414177,0.00015812707706603263,0.00020422616014670515,0.001156474193877028,0.0001371432488078382,0.0001270342669291501,0.00018693842747759268,0.0011744267160853964
0.0013999902988138808,2.609792222350565,-0.0035774846051694715,-0.025979876102095303,0.0001302463504768545,-0.00014509656852458214,0.00019497980923713197,-7.538068700315312e-05,-0.00021706832960016994,0.00022978448095655927,-0.00012008663710825693,0.00015243136911380988,0.0001940518557032649,0.001130946539520361,0.00013103923265163527,0.00012643307694438913,0.0001820895478591652,0.0011913554960836389
0.0014099770974287595,2.5852941877444877,-0.003898212672938558,-0.02684522680003879,0.0001480333835302285,-0.00010805845374741528,0.00018327714550835303,-8.714163810030384e-05,-0.00020637755247156488,0.0002240208902199923,-0.00011692472089365642,0.00015365529353052803,0.0001930837631340662,0.0011144621012894574,0.00012824380141887148,0.00013541816291369742,0.00018650617000325658,0.0011611402619442139
0.0014199643077242696,2.549197260420928,-0.004217993274660942,-0.027732677606591042,0.00015272092589640638,-7.250270398100181e-05,0.00016905715983421828,-9.915161682705216e-05,-0.00019199198939689893,0.00021608324116413456,-0.0001129671956780088,0.00016171450454633234,0.0001972642093234839,0.0011384597675751346,0.00013614239399295687,0.00016946182026629798,0.00021737538952259656,0.0011430088327471408
0.001429965001313615,2.5013300488015826,-0.004522836705116972,-0.02861869340477709,0.00015082880783151627,-5.3475009592223336e-05,0.0001600278285885453,-0.00010176895995366157,-0.00017937830030583896,0.00020623650460251144,-9.841039146021684e-05,0.00016529559167037582,0.00019237265339182888,0.0011786146326877149,0.00012290625973201096,0.00019103782292043158,0.00022715941201607894,0.0011599576910666398
0.001439978580402546,2.4416131611805842,-0.004798145008877101,-0.029476014329662736,0.00014810046993542908,-3.002608422224617e-05,0.00015111358287333524,-9.720120023960398e-05,-0.00016165999289770506,0.00018863198729723876,-8.877520851898434e-05,0.000155714399706658,0.00017924288528026435,0.0012128506990067207,0.00011029114041887899,0.00019244072333200185,0.0002218052471233288,0.001195456747400452
0.0014499934135066034,2.3708206607687443,-0.0050594327522940335,-0.030285547078743424,0.0001442624660341208,-2.1639816336254895e-05,0.0001458764571728855,-8.579340260057225e-05,-0.0001393381703174696,0.0001636326178889895,-8.755664682069154e-05,0.0001473135219717085,0.00017136930926566857,0.001216766677738681,0.0001061924697836952,0.0001890103958360357,0.00021679891690886262,0.0011735587727407753
0.0014599848922581238,2.2900305667345897,-0.0053294562463477675,-0.031017614399903307,0.0001400406650478997,-3.310096025655757e-05,0.0001438994837967261,-6.945587413938823e-05,-0.0001237122744813084,0.0001418761618800182,-8.338834561026371e-05,0.00012742234890035368,0.00015228286569046517,0.0012185028419460825,9.458717501719706e-05,0.00015337103271187742,0.000180192695059599,0.0011575750383529134
0.0014699826767232574,2.200316986702917,-0.005620881556356046,-0.0316529871265159,0.00013169644506917527,-3.4855684540106366e-05,0.00013623095238827964,-5.7368090985575326e-05,-0.0001298170332991417,0.00014192800991319406,-6.542773718840652e-05,0.0001036268699552343,0.00012255332296724652,0.0012617594574000205,8.796544868436111e-05,0.0001246511917549465,0.0001525642152281111,0.0011541481273332232
0.0014799556062961275,2.1031674070996687,-0.005919532519532777,-0.03218541463703985,0.0001286888319404571,-3.6975899878840054e-05,0.00013389560350530265,-4.968989111206468e-05,-0.00012208581257360695,0.0001318105872473328,-5.633366420271062e-05,8.571022831076529e-05,0.00010256571044743595,0.001270689758488853,8.479862600040307e-05,9.917083768899074e-05,0.0001304824203465447,0.001171639786166179
0.0014899566844938142,1.9986699592732253,-0.006239354589353949,-0.032570256013841115,0.00012600850279118753,-2.9385452710800858e-05,0.00012938951892133856,-4.670037932127189e-05,-0.0001406003608234494,0.00014815325474803058,-6.589556968805178e-05,5.570803039954711e-05,8.628795255138317e-05,0.0012405252539191528,7.543726357360503e-05,6.899396852183898e-05,0.00010222988030838177,0.0012082076661599048
0.0014999967921634487,1.8876540114936344,-0.006596624622135447,-0.03276167147746587,0.00012396350941286762,-2.581623558842432e-05,0.00012662317989180002,-5.792225578734966e-05,-0.0001447717107631053,0.00015592894520508814,-6.663419704729372e-05,3.436366874005054e-05,7.497318150787983e-05,0.0012779170653456754,7.32108497150212e-05,4.0960734335666365e-05,8.389046592618531e-05,0.0012559922549111448
0.0015099576959541085,1.7728538928564082,-0.006966263098559416,-0.03276300585648246,0.00011720940509016035,-3.8297668786772675e-05,0.00012330756698633968,-6.666837664311206e-05,-0.00014955359908854588,0.00016374050031853866,-6.0214334421628685e-05,2.6774242041343092e-05,6.58986047403749e-05,0.0013372853185187957,6.286113952813123e-05,2.1731383452391658e-05,6.651147186410825e-05,0.0013248110388891956
0.001519989648142698,1.6535280519276663,-0.007326743314242187,-0.03255680855461919,0.00010350453077792209,-5.744362116237405e-05,0.00011837633844567152,-6.380864466767698e-05,-0.0001449479825470041,0.00015837127510622773,-4.722080620739311e-05,2.2837684340841134e-05,5.245344950456619e-05,0.001378124370609891,4.189927729931174e-05,1.8321514805702744e-06,4.1939315889179404e-05,0.0013941851383889345
0.0015299694516815677,1.5316016597328552,-0.007663001449264804,-0.03216909703438786,9.038990942091995e-05,-7.649332664187829e-05,0.00011841268828070411,-5.37326028730187e-05,-0.00013010853889329152,0.00014076727071466821,-2.0564433290353942e-05,2.9195317477762992e-05,3.5710817397264805e-05,0.001448900635999182,2.86469729906709e-05,-1.0458299660669793e-05,3.0496312782377378e-05,0.0014356675678631509
0.001539989840410008,1.405977025231525,-0.007976903380351582,-0.03166311472769873,8.083108875539472e-05,-7.973247169120881e-05,0.00011353824003996148,-4.726215315758062e-05,-0.00011536495140623254,0.0001246706987790355,1.5556380408183156e-05,3.6504414761857436e-05,3.968089299032747e-05,0.001490743825540972,-2.9481073691725937e-06,-1.5282190226163333e-05,1.556395435513777e-05,0.0014433594285025299
0.0015499845632675228,1.277168524681518,-0.008280279370230455,-0.03111566887819416,7.385720587032245e-05,-7.758446065495153e-05,0.00010711785749393476,-4.324858993909583e-05,-9.98129467228561e-05,0.00010877989182390178,5.403054762369384e-05,4.996011955464349e-05,7.358881451980675e-05,0.0013858187991265454,-4.586575407275646e-05,-1.1722176758357704e-05,4.734001293426901e-05,0.0013678961542623641
0.00155996167363527,1.1447220494080332,-0.008579027962960773,-0.03056102613051431,6.950756422767742e-05,-7.598050269017471e-05,0.00010297736777523666,-4.1383860535733844e-05,-9.76508368816097e-05,0.00010605804946594017,8.818514308981881e-05,7.548990336037195e-05,0.00011608335354877594,0.0013257461033634788,-8.719135531052094e-05,-5.1377498765167215e-06,8.734259507639532e-05,0.0013292339506934003
0.0015699620344369163,1.0076968605731869,-0.00885762072962916,-0.030003699071668173,6.342078198588666e-05,-8.669044064636731e-05,0.00010741242054419358,-2.8751309705135747e-05,-0.0001022829375635336,0.00010624705702458937,0.00010074963596504519,8.244726452245989e-05,0.00013018464031645823,0.0012548073659744093,-0.00010094587513884493,-1.2360437054825474e-05,0.00010169980389230636,0.0013430386943906387
0.0015799825530535185,0.8659725374521745,-0.009113898111331831,-0.029419879703383472,5.365006694048955e-05,-7.866716130827728e-05,9.522001864640401e-05,-1.4728792140621242e-05,-9.850960000973165e-05,9.96046113992668e-05,0.00011805626744243632,7.476586803393535e-05,0.0001397398200417758,0.001225141119466614,-0.0001202501407349954,-2.4359300044040234e-05,0.0001226925908334394,0.0013223031031734428
0.001589998112228593,0.7200382180492058,-0.009367225820300988,-0.0288040016145187,5.430006419412936e-05,-8.16989839309727e-05,9.80980170382659e-05,-6.087879475252043e-06,-0.00011667603725246381,0.0001168347548696171,0.00012897195063680048,6.826212557451547e-05,0.0001459228626330097,0.0011614876840622518,-0.00013423723469698813,-3.7489808227833414e-05,0.0001393740323735164,0.0012577104194817644
0.0015999618879190937,0.5709109955570613,-0.00964143945887861,-0.028113266625467294,5.9329743300511426e-05,-9.738354209337576e-05,0.00011403320880671942,-1.1426222966736602e-05,-0.00014108647560089345,0.00014154840927671028,0.0001322480532207123,6.141758400582758e-05,0.00014581381006537495,0.0011960389428383616,-0.00014769992159751645,-4.6316045660427826e-05,0.0001547916112892793,0.0012259539525466428
0.001609985878875884,0.41692171820150564,-0.00994384233834484,-0.027262382604691954,6.052055071547968e-05,-0.00010289006068619436,0.00011936960101681545,-2.0023117991348078e-05,-0.000150433093719635,0.00015175981332406788,0.0001279435933752163,5.036188014960592e-05,0.0001374986620224574,0.0012427515974759522,-0.00014981701361459557,-3.993514629950401e-05,0.00015504822952345734,0.0012576040269252427
0.0016199795012749702,0.2590261847044086,-0.010275651006517363,-0.026264067403367345,6.015617597149366e-05,-9.067782896389392e-05,0.00010881743506037307,-3.474764644038014e-05,-0.00017073369310952963,0.00017423373064927671,0.00011161358850046276,3.218726413231543e-05,0.00011616201233739916,0.0012524305071710449,-0.00014441704670286812,-4.559676535033534e-05,0.00015144420883213703,0.0012947900821140032
0.0016299952643993435,0.09589730648151007,-0.010657648121089734,-0.02512842319023433,6.332097709568206e-05,-7.70127500906241e-05,9.970210537833598e-05,-3.722818636350065e-05,-0.00017059575741662736,0.00017461056757386793,0.00010221973227365639,1.604369934001806e-05,0.00010347112618798969,0.001184778910704632,-0.00013421056526667034,-3.72701369286234e-05,0.0001392894071201307,0.0012917106774338427
0.0016399765803374212,-0.07094833406398263,-0.011091467736524826,-0.02389608337906976,6.0503661322969504e-05,-6.650970139548132e-05,8.99123651852218e-05,-3.722943647599145e-05,-0.00015052994814540433,0.0001550654578846559,7.999216279233352e-05,-2.1040403159154175e-05,8.271302601945435e-05,0.0012122075235242512,-0.00010583058573953013,-3.979905265570404e-05,0.00011306669478791507,0.0013696086547171989
0.0016499971999057292,-0.24088211805524992,-0.011554561370637538,-0.022652582628001634,5.392075055044715e-05,-4.9654688095801965e-05,7.330099173827681e-05,-4.212243383501324e-05,-0.0001327497718345362,0.00013927239982963779,5.6839654726813064e-05,-3.9106430615982747e-05,6.899318274283334e-05,0.0013340513851282216,-6.318668881457636e-05,-4.58831700822834e-05,7.808855831778338e-05,0.0013713939212798422
0.0016599592000508241,-0.41014749287829283,-0.012006734229133304,-0.021483646639675967,3.619265548510677e-05,-3.7351699041355205e-05,5.201016950885282e-05,-3.1070290310164e-05,-0.00010302815790469867,0.00010761117163749028,4.506114635382044e-05,-6.938310808412755e-05,8.273162997387488e-05,0.001338206053581374,-3.547100095287019e-05,-5.3764283440087084e-05,6.441110216744114e-05,0.0013348592447815148
0.0016699850782126169,-0.5792637517524967,-0.012449218326161696,-0.020427379969272314,1.9752232927235984e-05,-2.8120817679332197e-05,3.436467797850036e-05,-1.2986953665109819e-05,-8.952659963947712e-05,9.04636557326031e-05,5.2187401653578866e-05,-8.803341063525304e-05,0.00010233966132163546,0.0013346157850723018,-2.5692800624054803e-05,-7.01244270523247e-05,7.468303203087191e-05,0.0013034056587962078
0.0016799591029450587,-0.7449505044537412,-0.012880517013775626,-0.019556643701073607,8.593122133011958e-06,-2.173419823655955e-05,2.3371288389366302e-05,9.062577350929398e-06,-6.572654696433976e-05,6.634839322920442e-05,6.108621212727247e-05,-9.464608243109197e-05,0.00011264726464327124,0.0013483935308942524,-2.6521797919417875e-05,-7.833566106414859e-05,8.270357645976142e-05,0.0013170516145308525
0.0016899912409734483,-0.9084172027451421,-0.013302028537040059,-0.018899631013486268,-1.631118286407859e-06,-9.254256233007891e-06,9.39690402688138e-06,2.2806258034184512e-05,-5.2675340964481766e-05,5.740049608885115e-05,6.68679644552474e-05,-0.00010112789252861629,0.00012123603143318242,0.0012931330394318368,-2.821607278546273e-05,-9.370603444739257e-05,9.78619826862835e-05,0.0013267474584964562
0.0016999711866510561,-1.06757949363608,-0.0137017983688642,-0.01842497353040567,-1.2871514333442787e-05,1.4259644711596067e-05,1.92097201576955e-05,3.933856064204655e-05,-5.329748838377968e-05,6.624307225217672e-05,6.402182444808623e-05,-0.00010152480241543387,0.00012002532862339707,0.0011940352484902804,-2.9580392043208198e-05,-0.00011355374578511546,0.00011734331159150282,0.0013204862878104687
0.0017099890935931767,-1.2233337376777018,-0.014082721261658413,-0.018097008380296115,-2.065734983610989e-05,2.3814355296557667e-05,3.1525380575690334e-05,4.0515508310051684e-05,-3.7856301110413884e-05,5.544912936542999e-05,5.63410664813661e-05,-0.0001003816075694251,0.00011511204502778923,0.0012265864157207222,-3.291648997222167e-05,-0.00012142630220700858,0.0001258087523972762,0.0013568880739944903
0.0017199842058484868,-1.3745525756350092,-0.014464440641852252,-0.017915747052570583,-2.2464236784090257e-05,1.0341505309766396e-05,2.4730318767933428e-05,3.965807007055213e-05,-2.065855297920538e-05,4.471619765717405e-05,5.026303456364366e-05,-0.00010155036786859163,0.00011330864864516002,0.0012556824544882107,-3.418587130512782e-05,-0.00012745459398868104,0.0001319596427916895,0.001377043599032088
0.0017299700066734725,-1.5214958806746715,-0.014857390488732932,-0.01789644250419907,-3.2183921651823694e-05,-1.907912363958766e-06,3.2240424043105774e-05,4.5694783320240276e-05,-2.4283107416025735e-05,5.1746328647179914e-05,3.794069413779865e-05,-8.323290680107405e-05,9.14724715212958e-05,0.001293331685919994,-2.98868171046459e-05,-0.00013738574113037074,0.0001405989463068191,0.0013687645730954905
0.0017399988872449053,-1.6650382288784258,-0.015271404664048851,-0.018037656463108304,-4.3870730895035926e-05,-1.7816595791968146e-05,4.735052391345883e-05,4.72485224485671e-05,-2.6616389066404318e-05,5.422965093476959e-05,4.174223465388833e-05,-7.088733435490589e-05,8.226438066286342e-05,0.0011640598061926992,-2.8001349678901007e-05,-0.0001425488821889338,0.00014527305117314297,0.001369056725545751
0.00174998548405672,-1.8042400236536407,-0.01569606083969156,-0.01834812130977375,-6.304954371312124e-05,-1.0646039730532042e-05,6.394202940458531e-05,4.136663462180057e-05,-8.314736274294375e-06,4.2193996009439734e-05,5.226721446508365e-05,-8.539822365669837e-05,0.00010012351527817292,0.0010704305156712282,-2.868577136241543e-05,-0.00016013287744746669,0.00016268193482455928,0.001346717482296153
0.0017599911249635096,-1.9394529581657434,-0.016114417557148746,-0.018812389003292858,-7.241019004458237e-05,1.3036554142879513e-06,7.242192444095737e-05,4.849551856427805e-05,2.9757328557146967e-05,5.6897398215351035e-05,6.43758688575486e-05,-9.362611111777218e-05,0.00011362262615430837,0.0010587994689516046,-2.960000215615835e-05,-0.00017813372903347424,0.00018057625964399587,0.0012534812186899172
0.0017699644322331331,-2.069130958882288,-0.016517582500368815,-0.019357078581351727,-7.971285217460307e-05,3.215387802316838e-05,8.595353787796586e-05,4.639009603568162e-05,4.43313749945615e-05,6.416628257198788e-05,5.565440184091344e-05,-9.22633762906628e-05,0.00010774944570076594,0.0010312220327462333,-1.740930392760652e-05,-0.00017950715388293775,0.0001803493891267627,0.001209081862927531
0.0017799833496972783,-2.1929727232443854,-0.016913583100498772,-0.019971376486016396,-7.171879469327108e-05,8.075097905600703e-05,0.00010800141726273435,5.0275440194787064e-05,7.716076274369221e-05,9.209453400700809e-05,3.6623776204799605e-05,-9.859232717491103e-05,0.00010517484471708977,0.0010782086053921646,6.620968778953476e-06,-0.00017914777434305048,0.00017927008194241562,0.0012827084077807502
0.0017899751569559934,-2.3083142852342986,-0.01730515095117301,-0.020625067237781475,-6.979653239674235e-05,0.00010917013324060196,0.000129574974151571,5.666366302399717e-05,0.00011893956565793788,0.0001317474515358685,1.760412299802415e-05,-0.0001030031964020677,0.00010449671581237611,0.001100340965368716,3.9913021226653175e-05,-0.0002040559892441062,0.00020792281262485378,0.001237295565072114
0.0017999750671708237,-2.4139407485834234,-0.017694916021885904,-0.02138727388257103,-6.789683785940406e-05,0.00012181757563461139,0.00013946147254636484,5.533870633418064e-05,0.00014867695827437902,0.0001586417673264583,-1.5850691131970643e-06,-0.00010780535178344877,0.00010781700384098397,0.0011051972636914411,6.992314566094202e-05,-0.00023042314397570186,0.00024079881972046362,0.0010584438256815531
0.0018099656639713377,-2.508485326528431,-0.018074787667945617,-0.02233836042351845,-7.163132293343129e-05,0.00015469819722081207,0.0001704775018838638,5.9607831588180295e-05,0.00019839871783623522,0.0002071597084997634,3.4739442780198568e-06,-0.0001126078596956299,0.0001126614324162331,0.0011286751308918759,8.59074009077615e-05,-0.0002552365198847477,0.00026930607607999503,0.0010490638510845273
0.0018199608746322167,-2.5908377111743204,-0.018430364515449327,-0.023514885276002553,-6.764662559419778e-05,0.00017275836228704616,0.00018553036865802825,5.870345291846433e-05,0.000239270925813844,0.00024636694446366866,1.5604365767630385e-05,-9.842690884872892e-05,9.965617199414188e-05,0.0012254777226735829,8.416003299178618e-05,-0.0002749582561460639,0.00028754991527744016,0.0012599330823401772
0.0018299962293289675,-2.659944909488543,-0.018752066217133975,-0.024924205224718398,-7.933649033592583e-05,0.00018335570274050086,0.0001997838642790888,6.931206498463576e-05,0.00027829168828895286,0.0002867933509047064,1.9539776909625883e-05,-8.516140675703007e-05,8.737429875263249e-05,0.0013604500769033218,8.433011879348511e-05,-0.00029155278795044837,0.0003035038666926707,0.0013723569112717797
0.0018399939108237624,-2.7138501437877878,-0.019036264991563648,-0.02657182554129168,-8.602443635912517e-05,0.0002079818507823404,0.0002250703310206676,7.196865985273612e-05,0.0003071918063642921,0.00031550957814043543,1.3820262081777612e-05,-5.498681099481457e-05,5.669699310711707e-05,0.0015231264762506779,8.433478739189662e-05,-0.00031300560494933595,0.00032416795815462106,0.0014636187253299292
0.0018499643565681202,-2.751877014486866,-0.019293948398069014,-0.02840155902537304,-9.436505547637505e-05,0.00021458863548128713,0.00023442066072080776,7.590845402857437e-05,0.0003223445366612683,0.00033116173346021716,4.1293438620242096e-06,-2.632631630283886e-05,2.6648197139918417e-05,0.001579062276202276,7.579438957855834e-05,-0.0003318464926574529,0.0003403922504708931,0.0015576735622711093
0.001859968540797818,-2.7745810004706404,-0.019537872524416605,-0.030326622363007424,-9.132767235407799e-05,0.00021900542200169548,0.00023728488911802737,8.304635658709773e-05,0.0003298690207172972,0.00034016212042404137,-7.656331250289333e-06,1.9110620111343464e-05,2.058725842005784e-05,0.0015948296206409686,7.593212924241876e-05,-0.00032541408179505906,0.0003341556716289711,0.001602147446383336
0.001869999360236389,-2.7825073787920136,-0.019791761620772133,-0.03222681332898921,-8.702292070754339e-05,0.00023597562914271845,0.00025151040987953795,8.070447258143384e-05,0.0003226566661141976,0.0003325966567519526,-1.4693547286723403e-05,3.1827992901782276e-05,3.505597615276288e-05,0.0014853564779513883,8.004031076817072e-05,-0.0003112302635610822,0.00032135763302614434,0.0015040421123664288
0.0018799855178169224,-2.7758904559025246,-0.02004718045878226,-0.034008036629092527,-8.390806459441942e-05,0.00025115646312748774,0.00026480206244417805,7.69219904969679e-05,0.00031975111711249994,0.00032887348557873627,-1.6374804824441022e-05,1.1174892163611107e-05,1.9824541556032862e-05,0.0013989640966289968,7.984491668740386e-05,-0.00031326290708221644,0.00032327830065505454,0.00145236322426797
0.0018899824686351974,-2.754744107619713,-0.020300055743265523,-0.035649377539380876,-8.071240933415856e-05,0.0002589758762192038,0.00027126186146236836,8.151737061972054e-05,0.00029942928889412036,0.0003103272156295536,-2.3628832913152008e-05,8.161233572639832e-06,2.4998549523219125e-05,0.0014250501736580439,7.798635999850187e-05,-0.00030049849029335014,0.00031045324126895276,0.0014758030246047956
0.0018999688812909043,-2.7194073057350843,-0.020557401545609408,-0.03713401566009479,-7.512490919781454e-05,0.0002585091909001795,0.0002692039259777712,8.370039788980601e-05,0.0002865806800779175,0.0002985535844715879,-3.448211906969135e-05,2.3024186234225864e-05,4.14623888275228e-05,0.0014896990258507904,7.44207880548518e-05,-0.00028479905691498105,0.0002943619481427037,0.0015103338237325635
0.0019099731049039086,-2.6705966595987287,-0.020830253013257218,-0.03849070078882197,-7.303348898163119e-05,0.0002499234443661173,0.00026037591777400184,8.7091523858485e-05,0.0002700533395017039,0.00028374943119593315,-2.6172569161225616e-05,4.506550073309869e-05,5.2114323681921235e-05,0.0014609881117364156,8.234917826197268e-05,-0.0002731515903137379,0.00028529489734544194,0.0014702362907828693
0.0019199777923854333,-2.6091129288029262,-0.021115358452741362,-0.03973115656605899,-7.012438308401874e-05,0.00022940466299578731,0.0002398831559470672,8.927914037678299e-05,0.00025460748327049346,0.00026980684840039165,-2.7274509010501158e-06,5.894116467226475e-05,5.9004236130473464e-05,0.001373557476374475,7.655732275519724e-05,-0.0002706559478849067,0.0002812750714032809,0.0013922970013439278
0.0019299750326173368,-2.5357803933112555,-0.021420702988255273,-0.04088625151448323,-7.626198804606587e-05,0.00020373513663681493,0.0002175405633925773,8.31749216933633e-05,0.000248513979210933,0.0002620634760166879,1.9244051948004784e-05,5.564729652807691e-05,5.888085551570415e-05,0.001257260365565616,7.562108135764686e-05,-0.00024636829829852776,0.0002577127981925077,0.0013240893019688337
0.0019399892912366989,-2.451388996577319,-0.021742624697659668,-0.04205914208925508,-8.490913646669634e-05,0.00018728212253714012,0.00020563111359309523,8.667005069601764e-05,0.0002506012847954858,0.00026516542313959117,2.815932826991021e-05,6.296339701512284e-05,6.897345237333378e-05,0.0012949053196265443,7.669079005268725e-05,-0.00022995601576718852,0.0002424071914494799,0.001413370150761073
0.0019499778420350884,-2.3570225597528096,-0.02205808265649289,-0.0433221519232582,-8.969476174451532e-05,0.00018608741083365137,0.00020657607498250497,8.516555002622222e-05,0.0002358140113632799,0.00025072179575479683,3.421551088793936e-05,7.777927885302898e-05,8.497245085449718e-05,0.0012675765783065067,8.465291436517749e-05,-0.00020171053758554907,0.00021875387284244657,0.001335545847289152
0.0019599927968355544,-2.2533694104258544,-0.02237264452656994,-0.0447170123611507,-8.59315944143485e-05,0.0001671269302428881,0.00018792458522237922,9.945519338511935e-05,0.00020551682114176582,0.00022831666444543213,5.775493289572088e-05,0.0001025339471426376,0.0001176811054946308,0.0011388727074164748,8.335716386797046e-05,-0.00017809408154430205,0.00019663651402834672,0.0011164276014235777
0.0019699674488002435,-2.1436147067758102,-0.022712043692735183,-0.046206037765431994,-8.606216682220732e-05,0.00013411698230794496,0.00015935514268928714,0.00010421523986412256,0.00017687432955823748,0.00020529331376499478,7.705652913871184e-05,0.00013326835572932197,0.0001539420778140345,0.0011464041181441288,6.979425005435545e-05,-0.0001446234713489822,0.0001605838902433235,0.0010882665468430314
0.0019799664640804933,-2.029542957739924,-0.023082673746616975,-0.04771810300573914,-9.44306607311486e-05,0.0001172926706476188,0.0001505812746451964,0.00010204995234659478,0.00016526498481237155,0.0001942336427578283,8.973155984080567e-05,0.00016673269991442714,0.00018934504496347006,0.0010418035913771135,6.33674145978369e-05,-9.276504915421067e-05,0.00011234226087006294,0.0011589989860721476
0.001989965194383709,-1.9131371880886736,-0.02346987505127156,-0.04922915769023736,-9.777040587205711e-05,9.01153481690859e-05,0.0001329655152286575,9.547966482244453e-05,0.00014901902103706675,0.0001769831489872753,0.0001006200562409746,0.0001900156332910792,0.0002150124103696035,0.0009798522222150999,7.096350025419598e-05,-6.160260699141424e-05,9.397180192199101e-05,0.0010724743868681511
0.001999988546064914,-1.7956766328356266,-0.023854713564653924,-0.050728814916749555,-9.127891811537306e-05,7.416766811509992e-05,0.00011761243083086324,9.14298994356644e-05,0.00011130241036789602,0.0001440404563465391,0.0001045325798796461,0.00020190565366032267,0.00022736084367431603,0.001059843454627655,8.589252394132756e-05,-3.850914011463654e-05,9.41301202664707e-05,0.0010259208446234528
0.002009994633218821,-1.6790763637529067,-0.024205692370628928,-0.05218155651260879,-8.178447923170182e-05,6.534014921676551e-05,0.00010468063881573254,8.09275464433037e-05,8.921382013086383e-05,0.00012045070973504142,0.00010400615764865218,0.00021785948171788456,0.00024141258170033635,0.0011267883808970974,8.252443903870258e-05,-2.3884293212641298e-05,8.591124781377559e-05,0.00101442747859368
0.0020199843076899957,-1.563900830639254,-0.02450070290225099,-0.05353009358730645,-7.42170481639042e-05,5.69152055335902e-05,9.352812870518737e-05,6.604066327021795e-05,7.208598726446571e-05,9.77637906643509e-05,0.00010206735668158093,0.00022005438459178416,0.00024257303534818935,0.001126658641405293,8.131755222409807e-05,-2.3579301661133673e-05,8.466715872488964e-05,0.0010588975671737932
0.0020299764806285645,-1.44994097694292,-0.02471855846066674,-0.05470050233962839,-7.057682844839849e-05,6.712578202312569e-05,9.740102322897258e-05,5.1760826483030816e-05,5.910979874757497e-05,7.856940540811824e-05,9.30260515171243e-05,0.00021977708894284237,0.00023865417466505107,0.0011332109995978242,8.446890020574315e-05,-2.312824570337844e-05,8.757802721735423e-05,0.0010548980535252648
0.002039971510100887,-1.3372277144240161,-0.024854269441669345,-0.05560414326677398,-6.811033141789126e-05,7.287567037891103e-05,9.974908811127385e-05,4.597038704201205e-05,6.59871824723352e-05,8.042129528569937e-05,7.716761950448802e-05,0.00019873190694418165,0.00021318820872098045,0.001103490395593976,7.226272956034879e-05,-1.097298353811552e-05,7.309109693553559e-05,0.0010671868732636714
0.0020499851170852467,-1.2252072831817515,-0.0248951754466722,-0.05621287885254706,-6.611733933806334e-05,9.169295584147315e-05,0.0001130446845813237,4.871195383254504e-05,6.237689578420719e-05,7.91437399536934e-05,6.566540572011063e-05,0.00017568457500430438,0.0001875553662330934,0.0011685192927803835,5.239167012072599e-05,-4.146629877746546e-06,5.255551005729079e-05,0.0011521927246275457
0.0020599798170726474,-1.1138909887813977,-0.024847239972201302,-0.05649318789292907,-7.048639963948908e-05,9.964120054540669e-05,0.00012205204373654594,6.207064291375688e-05,7.485165787085162e-05,9.723957732190191e-05,5.9720601604929154e-05,0.00016983879913806893,0.00018003268577876627,0.0012688228342883907,2.8793648797731733e-05,-1.8152568510721343e-05,3.4038066258581e-05,0.001351283084768604
0.002069983527623644,-1.0024077733013759,-0.024741573128654968,-0.05644726836260192,-6.206038980521413e-05,0.00010379671540136057,0.0001209349003013033,6.662141518580838e-05,8.292171694124768e-05,0.00010636928175861798,5.331647172812388e-05,0.0001597500312970878,0.00016841234710363837,0.0013774968908625835,4.244539097265562e-06,-4.055725881313218e-05,4.077876107220036e-05,0.0014021823098091676
0.0020799726396303945,-0.8898941033688476,-0.024603286408252538,-0.05609583004129182,-5.644964806629957e-05,0.0001007649390398944,0.00011549950522198229,6.410159027744131e-05,8.986201981297743e-05,0.00011038204782012747,4.2086357491436834e-05,0.00010655856389241036,0.0001145687087546592,0.0014771936891373942,-1.5677918919106137e-05,-5.563330852760452e-05,5.780019168966224e-05,0.0014388270616345184
0.00208998828091631,-0.7746479730403455,-0.024445003762921257,-0.05552383973278707,-6.4123798438357e-05,9.245359308069641e-05,0.00011251456972185438,6.668076788583587e-05,9.555163488217294e-05,0.00011651798030561982,3.82354621084836e-05,6.703739868237215e-05,7.717488830408889e-05,0.0014413713941456787,-2.570454470146675e-05,-6.096095762031876e-05,6.615861223072929e-05,0.0014113626756759152
0.002099960695316437,-0.6567530080466859,-0.024283308838060035,-0.054824323530699944,-6.661078763310688e-05,7.818084627748724e-05,0.00010270950176963646,7.250599109012964e-05,8.360590052054631e-05,0.0001106664598955503,4.547301513119651e-05,4.263068898200005e-05,6.233113787026551e-05,0.001384350040493023,-2.7837959952000876e-05,-6.716491389760051e-05,7.270541708264449e-05,0.0013893154252934297
0.0021099569615075624,-0.5355030995391781,-0.024125562315984273,-0.05402859638961471,-5.865149075424201e-05,8.28395422465002e-05,0.00010150067550171588,7.795706609369841e-05,7.638846209226155e-05,0.00010914440569611502,5.400555545454714e-05,1.790301733841533e-05,5.689567689880986e-05,0.0013574258400203287,-4.598622112237435e-05,-5.0795757130652204e-05,6.85196429908396e-05,0.0014089337992590442
0.0021199732712319213,-0.41142432797542927,-0.023976610541325407,-0.053202334384453376,-5.852736776530004e-05,7.79299013985519e-05,9.746036276108715e-05,6.622402894679933e-05,4.6891693581319e-05,8.114464207124724e-05,7.349895287070939e-05,-3.5895042983720916e-06,7.358655185697174e-05,0.001314811406407769,-5.868764614328729e-05,-4.559823524587495e-05,7.43198416802529e-05,0.0014657187788016117
0.0021299680703956545,-0.28527154421001205,-0.023828691791214263,-0.052379453595367075,-5.8943001154536124e-05,8.353635302693262e-05,0.00010223795607377899,6.117121651419863e-05,3.474949297828614e-05,7.035229201721096e-05,7.78105650243062e-05,-1.1690614511977198e-05,7.868388969204201e-05,0.0012858616022409842,-6.310608104001091e-05,-3.410265809121902e-05,7.173122578845988e-05,0.001428973924064819
0.002139995320785377,-0.1555750971155056,-0.023677020492295437,-0.051533449450557996,-6.322687514288007e-05,9.261687676933775e-05,0.00011214064206539947,5.7887902548694395e-05,4.866031042354462e-05,7.562297978791145e-05,8.400423645940451e-05,-2.7571502289169676e-05,8.841323137183277e-05,0.0012812310892092896,-6.803564402965874e-05,-2.650568924867378e-05,7.301643938920673e-05,0.0013106344125133145
0.0021499764219865022,-0.022516489845661996,-0.023514254623726055,-0.05066751017880248,-6.229307770382747e-05,8.351176571103443e-05,0.00010418561581134794,5.071499429573886e-05,5.361009509985328e-05,7.379737761622792e-05,0.00010182690881237622,-2.3081853641173476e-05,0.00010441020700006555,0.0012155654217133106,-7.235987632263092e-05,-3.247978449110671e-05,7.931511900019553e-05,0.0011596322935149357
0.0021599568904996183,0.114408733421637,-0.023313840193558154,-0.04970570052758996,-5.951764198370051e-05,7.610822444218846e-05,9.661682842570688e-05,4.9469582568002895e-05,3.463715144143865e-05,6.039016359830143e-05,0.000113024589110511,-1.9609507311969534e-05,0.00011471307911750093,0.0010860762498783832,-7.418257065874671e-05,-2.0561122345837547e-05,7.697930593127253e-05,0.0010252161388636448
0.00216996056612999,0.25480935233198043,-0.023085891143439775,-0.04857500661131268,-5.682468231183217e-05,6.514417038916518e-05,8.644540158697417e-05,4.880072235362929e-05,1.0425022180624287e-05,4.9901819502925164e-05,0.00011920989622670082,-2.2079684089685056e-05,0.00012123741917362424,0.0009651289812124563,-8.6022747693636e-05,-1.324977754293803e-05,8.703717438945444e-05,0.0010072421278460807
0.0021799808111731527,0.39746344591951427,-0.02286890962089087,-0.047247296232359445,-4.7364942407005836e-05,3.2576242134247685e-05,5.7486079365426494e-05,5.215155199269931e-05,-4.104257004374828e-05,6.636472655743564e-05,0.00011923180896929349,-2.0677688337749293e-05,0.00012101153277718281,0.0009635185438873635,-9.961657156308534e-05,-1.789377402233334e-05,0.00010121091086807605,0.0010638763856909337
0.0021899674700162188,0.5399394681761938,-0.022677411714197588,-0.04572055950460349,-3.761435183113451e-05,-4.997760222142433e-07,3.7617671907612145e-05,5.4699262251768505e-05,-8.156898305551723e-05,9.821154864678086e-05,0.00012033935746242046,2.6634771098063397e-06,0.00012036882929057121,0.0010392712909064214,-0.00010634766750826537,-6.204493730429528e-06,0.00010652850382362226,0.001187973777439628
0.002199956944858223,0.6804165924442963,-0.022513561202594498,-0.04399306591855905,-3.131721106730671e-05,-6.0782597134865706e-05,6.837610564732114e-05,4.812286013716749e-05,-0.0001227964571411261,0.00013188927004951468,0.0001098257487532452,1.0848962979635833e-05,0.00011036029669652238,0.001085802643297018,-0.00010901163707210774,-6.49673362367671e-06,0.00010920505741456276,0.001257447370609868
0.0022099594802748325,0.816952673528252,-0.02238913079907978,-0.04210487437780424,-2.3751940051438093e-05,-0.00012155221384148257,0.00012385110151295634,3.343574678877372e-05,-0.00018341964143450676,0.00018644225386774862,9.736834163739765e-05,2.8278486691470487e-05,0.00010139165036025727,0.0011067728223695303,-0.00011696506230282101,-1.9566282691862414e-05,0.00011859032514451032,0.0012602463461746315
0.002219960109732291,0.9474316462493753,-0.022312699898446885,-0.040109573284768406,-2.3448841465465266e-05,-0.00015782661779760104,0.00015955904691211515,1.9022086726080715e-05,-0.00022823193698063725,0.00022902326703055326,9.549551283665608e-05,5.174556989409179e-05,0.00010861398149225672,0.0011810111160071636,-0.00010982643129928745,-2.024823490537237e-05,0.00011167737473956058,0.001218828112061383
0.00222997330339741,1.070727456452179,-0.022260497125472446,-0.03803255766914872,-1.9395795280184843e-05,-0.00017002615555095684,0.00017112887087218512,3.604110639749742e-06,-0.0002522302191245495,0.000252255967329064,9.019334974520211e-05,7.502118350064106e-05,0.00011731589113200823,0.0012075432620927578,-8.967056709920356e-05,-1.5407720528127417e-05,9.098466055201639e-05,0.0011197066349377
0.0022399795506986573,1.1857423541602776,-0.022196712489998497,-0.035928395020203285,-8.2527425949681e-06,-0.00016627809423467625,0.00016648276902627094,-8.960871266442608e-06,-0.0002694453865985289,0.00026959435003924776,6.338695129122583e-05,8.77390845745136e-05,0.00010824071579572027,0.001231256082694959,-6.630211057695196e-05,-3.1178502617756536e-06,6.63753783960078e-05,0.0012185400925323908
0.0022499847016867664,1.2921204123039856,-0.022107378752277054,-0.03381774191420866,-3.409184842046013e-06,-0.00015512454639304607,0.00015516200383771647,-1.6691481587775206e-05,-0.0002753581884279493,0.0002758636211824913,4.487120900359496e-05,8.091980398929928e-05,9.252805020700975e-05,0.001274236121517378,-4.376280593750004e-05,-6.985580575053724e-06,4.431683110843844e-05,0.0013754551549102485
0.0022599966361363855,1.3903660871600951,-0.021971814008711482,-0.031691482667448576,1.5482067783036502e-06,-0.00015511161707341145,0.00015511934339519688,-2.5460291758374283e-05,-0.00027287221458498906,0.00027405742454627614,4.751494114643186e-06,8.07322693872113e-05,8.087197299887485e-05,0.001397431766312796,-2.813858407498329e-05,3.435110230478601e-06,2.834748482741356e-05,0.0013846334298621503
0.0022699726010188934,1.4807077747753774,-0.021774695333528663,-0.029569588776684044,9.004069327028922e-06,-0.0001673635899620265,0.0001676056219505279,-2.928391391012172e-05,-0.0002529150877626025,0.00025460477063845514,-1.6058338813081975e-05,8.813913589535185e-05,8.959005258294604e-05,0.0014436470982771882,-1.0535486879723922e-05,8.087931218362921e-06,1.3281984610208085e-05,0.0014066760168957334
0.0022799730230051783,1.563872557154441,-0.02151240910369789,-0.027498863483532893,1.890478770244445e-05,-0.00017223903909371769,0.000173273418578851,-2.735936128356383e-05,-0.00025533227553061844,0.0002567938970799116,-3.688152709878205e-05,9.658179039308363e-05,0.00010338418291340187,0.0015252825467654382,6.230593124004202e-06,2.0582916783558246e-05,2.150527270219497e-05,0.0014046188700945635
0.002289961888919968,1.6392950119357914,-0.021194440264875946,-0.02555776542250596,3.253092060365612e-05,-0.00016921563461195292,0.00017231422399920253,-2.1165102892354747e-05,-0.00025895953308365216,0.00025982301929457116,-5.9349404623403566e-05,0.0001041334837921192,0.00011985880975479453,0.0014256492754227443,1.1188335813045423e-05,2.8112560236367366e-05,3.0257146284949915e-05,0.0014249294060835424
0.0022999862878289507,1.7070879069876022,-0.020844371557915537,-0.02380984661253106,3.9984246842286996e-05,-0.00015416905514435407,0.00015926970069554292,-2.638950206691748e-05,-0.00024140545787802647,0.00024284357292841713,-7.061011586271398e-05,0.00010932456474320749,0.00013014472297576132,0.0014052637906761772,1.3087759128132051e-05,2.5487682064414024e-05,2.8651551022809497e-05,0.0013502713905797288
0.002309997801497285,1.7668951134058006,-0.0204984787935877,-0.02231171591249666,5.3566454962326495e-05,-0.00015627965766897036,0.00016520501353881945,-3.921358691219946e-05,-0.00023620222182656276,0.00023943515822519754,-7.911386335242819e-05,9.881817113542552e-05,0.00012658607475191308,0.001355771945569143,3.485899269701619e-05,2.318280378301093e-05,4.1863967359678346e-05,0.0012387269115239044
0.002319972401179661,1.8192316670549993,-0.020162835341965623,-0.021136328412323307,6.799786989691417e-05,-0.00015780143217070523,0.00017182840948354073,-4.815030417555213e-05,-0.00024453949825132046,0.0002492348651316781,-7.863858514747454e-05,8.920657926856011e-05,0.00011891947215992215,0.0012681329910507384,3.657510192791105e-05,3.837830275839104e-05,5.30153959114879e-05,0.0011565181618801283
0.0023299749916493783,1.864816716942064,-0.019832087263506874,-0.02031923456618451,6.860640869234143e-05,-0.0001831432034021593,0.00019557165506807288,-4.21356386955068e-05,-0.00025851240110852933,0.0002619237934498801,-8.74027151272147e-05,7.255924500653434e-05,0.00011359612074154349,0.0012424304491619044,4.6237016867867534e-05,2.1417216743633846e-05,5.095644122074516e-05,0.0011524986980313867
0.002339963899198567,1.903320027150488,-0.019522320962517777,-0.019827910732138666,6.74755418056287e-05,-0.00020835926877840708,0.00021901263348911092,-4.160063133059661e-05,-0.0002674777116554731,0.0002706934405550911,-0.0001148700079841693,3.2164332327572876e-05,0.00011928815116499068,0.001227779889313062,6.429695238353416e-05,1.6235166745996154e-05,6.631499623072265e-05,0.0011393555018887236
0.0023499854099363884,1.9350374852601868,-0.01923245597424823,-0.0195855864154299,7.730079262730076e-05,-0.0002140383978047618,0.00022756943616320362,-4.8413179384804664e-05,-0.0002718659991606693,0.0002761430017903302,-0.00013389121039387216,2.4266316100723045e-05,0.00013607244510861245,0.0011642069925650472,8.439104532124118e-05,4.206087933147711e-06,8.449579697306343e-05,0.0011583512249397454
0.0023599643631998686,1.9601349747284327,-0.018944821331762667,-0.01954007727459938,8.561751239500832e-05,-0.0002212767161696287,0.00023726302608607986,-5.143078444077122e-05,-0.0002725679187047054,0.00027737771340756266,-0.0001427933956022918,3.833000930641133e-05,0.00014784837990678895,0.0011332811265944115,9.339689386118552e-05,-1.3537081163099115e-05,9.437283692532448e-05,0.0011787836984547043
0.0023699582888794955,1.9791233878131842,-0.018647077729453718,-0.019653971694893725,9.120819213252373e-05,-0.000211313587188644,0.00023015726458796825,-4.5096407372274324e-05,-0.0002744592070109067,0.00027813942955097514,-0.00016006263984868867,-3.751086421876654e-06,0.00016010658738688861,0.0010680253321728958,0.00012084279072501706,-1.8414543745335402e-05,0.00012223778258606927,0.001123491678650394
0.0023799969164151912,1.992749639407943,-0.018362793739669623,-0.019890554506202966,0.00010799683165087478,-0.00017297983864443154,0.0002039248396446126,-5.429164535756713e-05,-0.00027671281332292255,0.00028198858808951545,-0.0001742442288276717,-2.1203099704207828e-05,0.00017552954941210496,0.0010395463610661927,0.00012395372371559396,-1.6088509042104657e-05,0.0001249934628136995,0.0011297269265200705
0.002389999360669749,2.0014769810291364,-0.018132481809986927,-0.020176235379021704,0.00012672887635250087,-0.00015364296362717407,0.00019916417442328475,-5.5961869129475036e-05,-0.00027900292077898,0.0002845599420151513,-0.00018147758968547773,-3.5753781111997716e-05,0.0001849660737050318,0.0010244145907098213,0.00010667101033087507,-1.8658853892924843e-05,0.00010829061489162933,0.0012530785928141423
0.0023999861354865866,2.005503778969794,-0.01799200391645913,-0.02046287772509418,0.0001357562408880016,-0.0001487026771094713,0.00020135104449583766,-5.3572866168302326e-05,-0.00029480872497858473,0.00029963684071386424,-0.00018113233444599832,-4.037561885301272e-05,0.00018557778202042598,0.0010365503568614018,9.884109496615008e-05,-4.3581766958602694e-06,9.893713033143745e-05,0.0012496046258186132
0.002409998648478418,2.0045150837873766,-0.01795015747718823,-0.020745856614205947,0.0001446231200219737,-0.0001318674131392436,0.00019571627804790831,-5.748068704309404e-05,-0.0002926424430249696,0.00029823418456402463,-0.00016111679089593402,-3.31578179900428e-05,0.00016449334698541743,0.0010625648219462886,0.00010736846298130265,6.674359330590333e-06,0.00010757571247935659,0.0012384294839029703
0.002419975314626342,1.997797981574982,-0.01800987501215939,-0.02104637401034764,0.00015389575896483526,-0.00013336682364739461,0.00020364335068240734,-6.978406264564007e-05,-0.0002885326519732063,0.00029685165765752766,-0.0001577712083669497,-1.4251479842507087e-05,0.00015841356907559667,0.001090520086753552,9.835296016886055e-05,3.263187543355372e-05,0.00010362501661417688,0.0012419885390383086
0.00242999777759559,1.9842371213931886,-0.01818261268265769,-0.021408989742827133,0.0001585551893345161,-0.00011832322656359021,0.00019783865650909317,-7.5913082974291e-05,-0.00027116870422899295,0.0002815941446832527,-0.00015034704382387108,1.2941013791088399e-05,0.00015090296029077145,0.0010989658394437445,8.146722467472067e-05,6.972982454517805e-05,0.00010723412296140967,0.0011762817693873567
0.002439980206408675,1.962744327490983,-0.01846251310205996,-0.02187699577784696,0.0001688985878143698,-0.0001021717564971743,0.00019739757037868087,-7.067624248787442e-05,-0.00023878067959767592,0.00024902077062231734,-0.00014058268770862636,6.17036039727945e-05,0.00015352793500406572,0.001092984051581192,9.722903269469927e-05,9.427965521982487e-05,0.00013543315025176057,0.001191209960521761
0.0024499882859080756,1.932434314267986,-0.018829327926069273,-0.02245367855964499,0.00015910450482698786,-9.919189767552128e-05,0.00018749206922083955,-6.559796492221089e-05,-0.00021626112509853698,0.00022599107776817356,-0.00013954201282016018,7.579163122796575e-05,0.0001587965513041694,0.0010729925792384693,0.00011520899681250613,0.00012884602701250988,0.00017284215811963374,0.001177061794979555
0.002459968817885451,1.8927269384754988,-0.019257913608256023,-0.023142375278101132,0.00015075262489337653,-0.00010167068917684096,0.00018183311840788767,-6.497653898164219e-05,-0.00017450312359433724,0.0001862076549506314,-0.00014638582074744805,9.531817015364935e-05,0.00017468360563414084,0.0010556250126013337,0.00014177319757023056,0.00015122027580049305,0.00020728533803061135,0.0011045874247284965
0.0024699800815520226,1.8428144628574452,-0.0197340844829684,-0.023930367868056274,0.00014970811792549795,-7.565675413845936e-05,0.00016773927691379287,-6.997087185733192e-05,-0.00014881986193637025,0.00016444839377517637,-0.0001528898271435826,0.00010292980280174984,0.00018430909784598719,0.0010198337490360788,0.00016198761101481138,0.00015316623124066699,0.00022293470011363264,0.0010381796716893445
0.002479985634592174,1.7829329994536005,-0.02024631489624839,-0.02479551372269934,0.00013992469652292165,-5.9132976735481756e-05,0.00015190664776312704,-7.843827041205462e-05,-0.00012430847131987934,0.00014698693243659407,-0.0001533561319530391,8.395962028325698e-05,0.00017483512532013307,0.0010162829853664628,0.00017509434742835842,0.00013803619033256171,0.00022296192576960286,0.00107135964497328
0.0024899946162147495,1.7140062509089493,-0.0207944823975541,-0.025764531380130695,0.0001304269036768787,-4.545082146427317e-05,0.0001381193482989079,-9.331769302045727e-05,-0.00011331514052558093,0.00014679411739913984,-0.00014598849025412256,7.728676554933892e-05,0.00016518439216753051,0.001085704459849453,0.00019178057797192977,0.00012114910651999427,0.0002268411252349105,0.001075867879464345
0.0024999673900585806,1.6376580384238804,-0.02133276910952414,-0.02678084984663617,0.00013458100568598618,-9.323131833700386e-06,0.00013490355028182173,-9.752240594117159e-05,-8.70799391708183e-05,0.00013074224820825163,-0.00014405008348882843,7.65363274681373e-05,0.00016312031135161677,0.0011151504058859022,0.00019689073873721107,0.00010556035635972396,0.00022340311509752193,0.0010791365870290478
0.002509994416373522,1.5551300294067674,-0.02184231602708111,-0.027797726740509496,0.0001347714560255009,2.218218785946479e-05,0.00013658475323939385,-9.715544029769694e-05,-7.617303166070699e-05,0.00012345651190529572,-0.00012839917523724351,5.028028637530592e-05,0.00013789291279680453,0.0011524965806219583,0.00017394648567663987,7.976317612798974e-05,0.00019136233732184135,0.0010706322053715502
0.002519984821243666,1.469429433757226,-0.022298584111080193,-0.02877295507088276,0.00013364880642637464,5.9043744458148e-05,0.00014611012017938266,-9.199314732537519e-05,-3.345713270941101e-05,9.788829799298445e-05,-9.225515591591762e-05,3.909258594613602e-05,0.00010019602820983624,0.0011981590274111292,0.00014889816728991777,5.04313880523664e-05,0.00015720683548492637,0.0011245193444029927
0.0025299979662083026,1.3823816283712211,-0.0226711897748558,-0.029639257150154502,0.0001300208537510701,8.327398369505547e-05,0.00015440200377780567,-8.790810206528821e-05,-9.553218901455261e-06,8.842566595791209e-05,-8.077745069372689e-05,9.644608914256553e-06,8.135118328387385e-05,0.0011936553642852752,0.00012681700001299177,6.699825470589201e-06,0.00012699385478688135,0.0011301281449439871
0.0025399737370046405,1.2972635628802192,-0.022954099350177424,-0.030416094603324347,0.00012989981450231368,9.599371492343542e-05,0.00016152013841170794,-7.175836787181514e-05,1.220304881188674e-05,7.27885826207108e-05,-7.2145287052852e-05,-3.2425690064196345e-05,7.909720488157426e-05,0.0012119681368113803,0.0001004138078331664,-2.4724638447203555e-05,0.00010341296122779294,0.0011968438806866095
0.002549962943706849,1.2158982455622247,-0.02319262406748584,-0.031177586567789524,0.00012603917109604783,0.0001069904040839377,0.00016532640205551893,-6.284929066206883e-05,3.299492722331171e-05,7.098379082013618e-05,-5.159717478830147e-05,-5.4903866460894365e-05,7.534389821671197e-05,0.0013039282625132722,7.968166070613722e-05,-4.007100511778153e-05,8.918997984099585e-05,0.0012660098006402215
0.002559987272755071,1.1397949215736725,-0.02340792524216822,-0.03193913489917206,0.00011752159625205137,0.0001026863304779206,0.00015606347443476612,-6.447529224749837e-05,5.388287733470263e-05,8.402635170151643e-05,-4.137527130118699e-05,-7.890532591361046e-05,8.909524977674127e-05,0.001311806506964473,6.429013783455957e-05,-6.430650444711275e-05,9.093155853164071e-05,0.0012931896193841435
0.0025699659481242428,1.070796289458896,-0.023594584300134867,-0.03272543878397925,0.00011505625639625688,8.177546203538132e-05,0.00014115653837857209,-5.221986992332321e-05,6.616580943167956e-05,8.429014860918286e-05,-3.634278988535848e-05,-8.476617866631137e-05,9.22285390881821e-05,0.0013135394596045457,6.166425626350554e-05,-7.117329805716181e-05,9.417069000949753e-05,0.0012796458464919423
0.002579994484637053,1.0084580992002234,-0.023753065996803956,-0.033576714396626045,0.00011153454947673457,7.825456749008905e-05,0.00013624879104065128,-3.944453919724768e-05,6.977865408845765e-05,8.015567502603815e-05,-2.585897258675085e-05,-6.787181190242722e-05,7.26310492431494e-05,0.0013543957228842412,6.546581372583044e-05,-8.096767747298648e-05,0.00010412270435478849,0.0013121133908393485
0.0025899940073215322,0.9528055207273068,-0.023894432490218467,-0.03447759444887846,0.00010149328625033578,6.182144802763073e-05,0.00011883929733099925,-2.8925972605374746e-05,7.03778382272977e-05,7.609041992731133e-05,-2.151824831365251e-05,-4.809963871622959e-05,5.2693550412928355e-05,0.0013769101797494877,6.288393315716408e-05,-8.248941496486113e-05,0.00010372508197422518,0.0013049895130802206
0.002599982692719946,0.9027909015803853,-0.02403527650497763,-0.035427072794907935,9.413255986457319e-05,4.434400391974166e-05,0.00010405445454324154,-1.696754896048281e-05,4.5127820034961874e-05,4.821221690437277e-05,-1.884192397168423e-05,-4.042218300185159e-05,4.4597880864340494e-05,0.001412994149569332,5.4784691289876467e-05,-7.907911664810072e-05,9.620223016942479e-05,0.0013209302783374955
0.0026099583410498137,0.8567067945760544,-0.02417595267074419,-0.036354253216530984,9.597041220709247e-05,4.2053757152805275e-05,0.00010477995280523066,-1.2419719764809878e-05,1.5783557980324788e-05,2.008407681609198e-05,-7.115623228864595e-06,-2.423058278291497e-06,7.51686805492516e-06,0.0014502591895042718,6.095359829598988e-05,-5.1180202212611396e-05,7.959116938299558e-05,0.0013719909388280097
0.0026199908534473193,0.8122711115185355,-0.02430719128718023,-0.037219539991258606,8.97326386707232e-05,3.2180359286332544e-05,9.532849504008766e-05,-3.09707936710116e-06,5.527761380523651e-06,6.336248613030621e-06,-3.84352994933692e-06,2.4083216173775684e-05,2.4387989333773717e-05,0.0014614797831950153,6.900410032613467e-05,-3.952397749196203e-05,7.952176216988894e-05,0.0013393740053367635
0.0026299760523095877,0.7688586086247717,-0.024423220025968653,-0.03801442913208173,8.504182456693654e-05,4.467831900108812e-05,9.606385435967371e-05,-1.0545078392936775e-06,-6.507453224619858e-06,6.592339057857022e-06,-1.0855266349934882e-05,4.2078700473309814e-05,4.345634408289027e-05,0.0014141750494855812,8.53462509346481e-05,-1.2082710152147466e-05,8.619729945433748e-05,0.0012638349805993167
0.002639963377767787,0.7255304518025547,-0.024517172713364885,-0.03876370152411196,8.597697721074501e-05,6.122361991714516e-05,0.00010554796182805246,-1.5424703927325514e-06,-2.3423105016527852e-05,2.3473837852548714e-05,-1.0626298676389735e-05,4.8630714333061344e-05,4.9778153843866686e-05,0.001374984387966485,8.27638703985601e-05,2.0235838348564237e-05,8.520180395401777e-05,0.0012258358499101694
0.0026499887386907004,0.6813734604270855,-0.024562392678433367,-0.039496346008608095,7.858437178318527e-05,7.5452002006155e-05,0.00010894268261473418,2.2210774101255098e-06,-2.080982426792775e-05,2.09280188007323e-05,-8.963740248413635e-06,6.274859279283259e-05,6.338560196702208e-05,0.001303299892666959,7.121418152806428e-05,2.9294917109588008e-05,7.700423247568749e-05,0.0012647035410853504
0.002659993444675745,0.6361670018760928,-0.0245412049098019,-0.04019444773248057,6.119840543390015e-05,9.615444110063039e-05,0.00011397772313494694,4.560981349751505e-06,-8.84227038373737e-06,9.949286226252619e-06,-2.178898585754145e-05,8.631034125674147e-05,8.901817181090224e-05,0.0012033811657909195,7.530709342031677e-05,3.6966148796782646e-05,8.389072938222789e-05,0.0012328107774933444
0.0026699594477339783,0.5897405640106034,-0.024435299111476246,-0.04079547798600255,5.1049203483167164e-05,0.00010810254337399904,0.00011954991033117988,8.45038013963391e-06,-7.837508179677361e-06,1.1525426628582075e-05,-3.253506140134168e-05,0.00010263033429171493,0.00010766390173692495,0.0012110988410378525,7.95471812760221e-05,5.1247846215429616e-05,9.462608409249875e-05,0.0010913740324067296
0.0026799593693022797,0.5428817131840098,-0.02346181041887422,-0.041275139438066676,4.795089788362655e-05,0.00010779204244021511,0.00011797632398612494,5.760593971766199e-06,-1.8237046024508693e-05,1.9125226550490777e-05,-2.928670914678893e-05,0.00011258557186928342,0.00011633237866467871,0.0011983559861626293,7.753461936965602e-05,7.446838950080033e-05,0.00010750422426881814,0.0011277639795541972
0.0026899901993603158,0.497661130759545,-0.02104607068885387,-0.0416234489856629,3.641186253373454e-05,0.00010461117024468726,0.00011076696562214984,1.3334728291935545e-06,-2.092570095478518e-05,2.0968145131014685e-05,-2.2160889516446847e-05,0.00012077070859027273,0.0001227870883992154,0.0012147951188488768,8.166955838160867e-05,8.306145460486518e-05,0.00011648657436513044,0.0011538110855939684
0.00269998736849525,0.4529356903111342,-0.018668779006391807,-0.04188721788604216,2.45329224909114e-05,8.263745989363224e-05,8.620216971524988e-05,6.078224680933851e-06,-3.9318627108071884e-05,3.9785666425680475e-05,-2.1039867240882013e-05,0.0001208168190165508,0.00012263514900220056,0.001250489277705756,7.967876657644611e-05,8.132721690444989e-05,0.00011385438969388588,0.001150063460909782
0.0027099564543407117,0.40532449512009916,-0.016825814964530544,-0.04194455659481117,1.8475773921755083e-05,4.9621982915999594e-05,5.294993305494881e-05,1.9255928838931494e-05,-7.65485762676387e-05,7.89333600200352e-05,-3.338297680108033e-05,0.00012699040099845772,0.00013130493168899088,0.001263365224928445,7.77349672728151e-05,7.551231896869646e-05,0.00010837359204592136,0.0011211992905318367
0.0027199638333857924,0.3530111456651352,-0.015023656279591666,-0.04180437462228883,8.74118740131819e-06,3.37985834864021e-05,3.4910637388513215e-05,2.699635025720906e-05,-8.409458294521896e-05,8.83215817789753e-05,-3.395789299732912e-05,0.00010979886098012433,0.0001149301021027595,0.0012910110064676462,6.373671261035007e-05,6.391135697794784e-05,9.026090009044359e-05,0.0011593423974696798
0.0027299630282449096,0.29725019449364487,-0.013269547431678776,-0.04152549818560233,-1.1216377019239822e-05,2.522171737616076e-05,2.760329945569299e-05,3.293766825744678e-05,-9.488147715675804e-05,0.00010043597312559884,-2.067704481709294e-05,8.093858499822884e-05,8.353798371928536e-05,0.001318694045216302,4.9157487804150565e-05,3.4104914474690814e-05,5.982979022645146e-05,0.001241976180288489
0.0027399918897720262,0.23948748626459,-0.011386621235522388,-0.04112904083761618,-2.4488142113572714e-05,2.1844594219856276e-05,3.2815475020250914e-05,4.082253397243668e-05,-9.808211319602685e-05,0.00010623831798804502,-4.93578778718029e-06,5.62930345618414e-05,5.650900584208457e-05,0.001368269445852692,5.0745893755006245e-05,1.0887878458903922e-05,5.1900786413408475e-05,0.0012936551266086688
0.0027499991272805194,0.18138394895152277,-0.00957271224624753,-0.04064659333029085,-4.304059442593259e-05,-2.101054849453681e-06,4.3091846096657686e-05,4.809796445256968e-05,-0.0001056685349818356,0.00011610018720780803,-9.111546171995666e-06,4.921808021405987e-05,5.005436737790261e-05,0.0014024445658907731,6.560828272915691e-05,-1.3566685337599885e-05,6.699628134246286e-05,0.0013876126904044223
0.002759965226510916,0.123870011007792,-0.008135981102083656,-0.04010085019053441,-6.678797810942297e-05,-2.0159125651290033e-05,6.976406214498452e-05,6.374873914083927e-05,-0.00010717424205776335,0.0001247005208597896,-2.138577788516477e-05,3.583962980028092e-05,4.1735243619449334e-05,0.00144561980972594,8.901618522931184e-05,-2.7195348599516e-05,9.3077753616148e-05,0.0014712529648127077
0.0027699799082271143,0.06704858941363369,-0.006479830357811923,-0.03955916974422992,-9.203476661857512e-05,2.770464012371832e-06,9.207645593407381e-05,8.681706777927501e-05,-0.00010986685591774275,0.00014002831601872987,-3.3420712805594215e-05,-7.199655047811151e-06,3.4187411092995646e-05,0.001485318824231956,0.00010915521100901548,-5.601940571637424e-05,0.000122690806123517,0.0014420507924675515
0.002779970536157839,0.012573968002274118,-0.004688775779639455,-0.03911352642016316,-9.821079622281504e-05,2.8780505807922102e-05,0.00010234098890121757,9.33932627571497e-05,-0.00011321861913170697,0.00014676769823948502,-4.130569749786518e-05,-4.1061801934824304e-05,5.8242872730660244e-05,0.0014347354342740004,0.0001097648903249527,-9.590825991579767e-05,0.00014576256538674493,0.0014292852711367365
0.0027899670463153404,-0.038892827377933196,-0.003281785456016007,-0.038690623237349085,-8.678457287507702e-05,5.655701491553783e-05,0.00010358695876057913,9.658209486384442e-05,-8.107651164519955e-05,0.00012610115696869248,-3.514862220435188e-05,-5.963352411656831e-05,6.922126003927979e-05,0.0014225824350302895,8.938507856931163e-05,-0.00012774963932686033,0.00015591556246566572,0.0014814209546516062
0.002799996203365536,-0.08625777873704175,-0.0022514023313272686,-0.03827404101658719,-6.914996448347607e-05,0.00010451553436894743,0.0001253204473040718,8.650216267458559e-05,-7.550734573278194e-05,0.00011482152849962559,-2.7769879275028192e-05,-8.86792649645708e-05,9.292565969422113e-05,0.0013720520250896464,7.287606745375562e-05,-0.00015720149117493752,0.00017327212711555284,0.0015007982096579332
0.002809997833640168,-0.12746941583055554,-0.0014863840413479761,-0.03792387659621645,-5.108938776852789e-05,0.0001440097349765801,0.00015280356445642178,6.86050511626587e-05,-5.297503008743151e-05,8.667760297675111e-05,-2.735630219437464e-05,-0.00010076770035059206,0.00010441502144661302,0.0013522241596797542,4.962618518879452e-05,-0.0001735219907871125,0.0001804789171707191,0.0015083378003644498
0.002819967008977856,-0.16075361588569143,-0.0007484246113351188,-0.03768225207938669,-4.5999933970405915e-05,0.00016237801562220475,0.00016876792907032627,5.160987796315527e-05,-3.3891728615850486e-05,6.174324879646551e-05,-1.721749363797244e-05,-9.588245795333952e-05,9.74160553006923e-05,0.0014117898966561969,4.667634669488271e-05,-0.0002012549808518586,0.00020659682635138145,0.0015100996569437134
0.0028299625308132867,-0.18586271214636227,-0.00031050717298053947,-0.03759763226798031,-3.8239131769167434e-05,0.0001713581786156826,0.00017557293805408605,3.807006041157148e-05,-4.216803542934965e-05,5.6810850299142586e-05,-5.118482153516034e-06,-6.813426550029031e-05,6.83262540669391e-05,0.0014513993788837138,4.202072274325178e-05,-0.00021529802686998274,0.00021936039185316262,0.001461490603926399
0.0028399829465466557,-0.20346502476575673,-0.00030038345993809953,-0.03772375861187568,-2.4482351566718832e-05,0.00015021753354525771,0.0001521995168279356,2.218065892693554e-05,-5.456281462550179e-05,5.889891654597661e-05,3.939250632287172e-06,-4.1106448927041316e-05,4.129476769441173e-05,0.0014720732984019433,2.1767559651114307e-05,-0.000230489588025894,0.00023151517626607366,0.0014281185765128612
0.0028499720052161245,-0.21479618391969402,-0.000713259255677486,-0.038099932495873144,-2.1791356708066664e-05,0.00014213064224581382,0.00014379145556112058,3.472802858810944e-06,-6.248588942657121e-05,6.25823196847628e-05,-9.499610904703179e-07,-5.831509839846121e-06,5.908378211119333e-06,0.0015161711211734027,1.355478607530363e-05,-0.00021476705586722403,0.00021519437843824492,0.0015248911774985306
0.002859993355102407,-0.22132893014456298,-0.001312865257822568,-0.03867241943585902,-2.1005818382262917e-05,0.00013113665549912523,0.00013280838385209298,-2.054680276997683e-06,-7.615427521139579e-05,7.61819883175393e-05,-1.031826136156308e-05,2.4003516392502523e-05,2.6127290650403517e-05,0.0015701364378744392,2.5001848383858147e-05,-0.00021283494256934854,0.000214298402236478,0.001609182141149162
0.00286996652586216,-0.22445829485379118,-0.0019502416817974392,-0.03928429683643392,-2.252568761196283e-05,0.00013897418733657804,0.000140787894892473,-2.262216413056386e-06,-7.587479027993676e-05,7.590850692197738e-05,-4.3505501962977366e-05,5.6489146514960755e-05,7.13004374112763e-05,0.001579413197690022,4.297096637218695e-05,-0.00019699630465298275,0.0002016284900451581,0.0015890825931973896
0.0028799708610538098,-0.22573506408129348,-0.0025868437293139835,-0.039824577584853485,-3.4887617506974075e-05,0.00013073166496364259,0.0001353067407022984,-3.153502894741059e-06,-5.879285813928481e-05,5.88773704295055e-05,-6.581493497162267e-05,8.55527686378032e-05,0.00010793925090953894,0.001494987357274952,6.779294397884876e-05,-0.00017360143785505848,0.00018636883451549259,0.0015449315262700083
0.002889995639778524,-0.2261399724029103,-0.003206040338559129,-0.040248886670883235,-4.3760561366793336e-05,0.00011807192478412513,0.00012592047551278143,-4.985403868924064e-06,-4.929270391188522e-05,4.954417130885396e-05,-6.973321128999309e-05,8.9974991811042e-05,0.00011383417724133598,0.0015075192766169023,9.665919237801437e-05,-0.00015140148341283766,0.00017962574606881316,0.0015211384070869132
0.002899980473333962,-0.2256352271231115,-0.0037638217588935037,-0.040526380059896006,-3.4141619454246264e-05,0.000105840242418327,0.00011121064289953904,-1.1121400066522508e-05,-3.4494732679995754e-05,3.624323553580742e-05,-6.937636335650581e-05,6.76754413941196e-05,9.691772366529684e-05,0.0014852911430511396,0.00011745004233538157,-0.0001403583629584774,0.00018301634489019443,0.001416439982586439
0.002909978057514456,-0.22349507789104311,-0.004243791983596083,-0.040716320939602396,-3.0560223359300936e-05,9.7306538577121e-05,0.00010199259630792374,-8.904094537937687e-06,-2.6805388729999353e-05,2.8245561855040308e-05,-7.741458384253122e-05,6.802417128836432e-05,0.00010305486728428224,0.0014928171740786968,0.00015049262913852546,-0.00015238528245823104,0.0002141712065962664,0.0013985218722599164
0.0029199887633107307,-0.21912448595130574,-0.004624917598445641,-0.04085604222300252,-3.0043141580910936e-05,6.495402435040238e-05,7.156546398482529e-05,-1.1711883534956164e-06,-3.812685523637324e-05,3.8144839393746634e-05,-9.25967681825431e-05,7.503247280164226e-05,0.00011918067566757965,0.0014630160845107965,0.00017772755975919204,-0.00016043456588455334,0.0002394291866680465,0.0013077967810797473
0.002929991954553023,-0.2126483397810024,-0.0048920241381370366,-0.04090614665616736,-2.706082671829593e-05,1.789029801985328e-05,3.243996155849765e-05,1.8285951412809476e-05,-5.876120115397908e-05,6.154067581795005e-05,-8.176634327300078e-05,6.768855855624172e-05,0.00010614836716436086,0.0014743421230725058,0.00017931057497914266,-0.0001636488723359763,0.00024276168502502081,0.0012144548624888388
0.0029399764697640284,-0.20489116374841404,-0.005083156286497798,-0.04088134638158602,-1.0213900801338271e-05,-1.947579503666286e-05,2.1991597529276502e-05,2.7331799363423066e-05,-7.604881807877627e-05,8.081119964226013e-05,-6.368225058423285e-05,6.310110340653245e-05,8.965031115726775e-05,0.0015075023786156037,0.00016154100735081122,-0.00016315376831210713,0.00022959670984218301,0.0012468977885895485
0.002949998184656102,-0.19661471019964447,-0.005233870272150562,-0.04077874828249014,-1.2336750978469222e-05,-7.148595008016286e-05,7.254265285725561e-05,3.0683914540991965e-05,-8.672881630336338e-05,9.199668574976735e-05,-6.55903958602707e-05,7.015423768466886e-05,9.604018478857705e-05,0.0014645271013312999,0.00014072574249609365,-0.0001678453608721015,0.0002190337868169266,0.0012236063997012833
0.002959979252006029,-0.18903075196097655,-0.005373920666662573,-0.04060500858295149,-2.4665914657949232e-05,-0.00010969006179101644,0.00011242916437308532,2.4133521278504626e-05,-0.00011477799491072812,0.0001172877443087178,-5.069592605454892e-05,8.850663447290336e-05,0.00010199755518760446,0.0013937135981803108,0.00011702358913484676,-0.0001343897734690968,0.00017819969592307552,0.001265597949260382
0.002969980736582091,-0.18425822191489005,-0.005525402315755086,-0.040370108850235925,-3.101113190560195e-05,-0.00012611327478771284,0.0001298701211970937,2.4553224090671915e-05,-0.00013127776036865778,0.00013355415074290086,-3.3907425126179606e-05,9.444925549217615e-05,0.00010035125979136407,0.001339175860297448,7.739640365489811e-05,-0.00010800840891049161,0.00013287595604204655,0.0013702619124268925
0.0029799930482495057,-0.18394855824770456,-0.0056957426191475615,-0.04007259055583556,-2.4233562159221717e-05,-0.00013701290214784498,0.00013913950154395338,3.125755817197815e-05,-0.00016029473089758202,0.00016331391764452542,-7.674509102000189e-06,8.949720786127118e-05,8.982565504865669e-05,0.0013461295311607935,3.8918488208301676e-05,-8.513771324077363e-05,9.36113184411368e-05,0.0013176497932250344
0.0029899731213205967,-0.1892659698712241,-0.005923225706391737,-0.03972352258076511,-1.2317731012860419e-05,-0.0001230951140707013,0.000123709876749531,1.8051307278714457e-05,-0.0001443871687198369,0.00014551118233799496,9.645892594997013e-06,0.00010609514521358255,0.00010653273244334526,0.001391976519097384,8.007035693324144e-06,-5.8159976094542755e-05,5.870856359946095e-05,0.0012904531157350006
0.002999972572662621,-0.2003019104616338,-0.0062160938565856624,-0.03927802808800697,-8.134415279997809e-06,-8.486833245666374e-05,8.525727280368676e-05,8.10789178123623e-06,-0.0001203997332242128,0.00012067242298718399,3.087094950741855e-05,0.00013487957836277878,0.00013836732339252128,0.0014847358760309314,-2.1717365994836958e-05,-4.935667382135148e-05,5.3923327386771886e-05,0.0013427042710759149
0.003009966234808012,-0.21658093904316983,-0.006566696757456426,-0.03864586244006632,1.6761888504280489e-06,-5.684159777582818e-05,5.6866306779773684e-05,4.9722736881979195e-06,-8.724834015358289e-05,8.738990997355271e-05,5.878078971885935e-05,0.00017385107787888798,0.00018351942273128456,0.001470360933029311,-5.630513162838309e-05,-3.663895892651488e-05,6.717649260647946e-05,0.001483258795160833
0.003019993492019316,-0.23759028163676066,-0.0069964320854320455,-0.03785272761003162,-8.511273859981597e-07,-9.791979649244645e-06,9.828900410443548e-06,7.4206090456798255e-06,-3.881126844805383e-05,3.951430117255933e-05,7.00633370335586e-05,0.0001953536789385052,0.00020753778227370213,0.001432986662708038,-7.556364416864015e-05,-1.9589134025499312e-05,7.806150454554305e-05,0.0014833716028952192
0.0030299923285373176,-0.26189191250629995,-0.007498126993308909,-0.036907973171684656,-3.3948957166025284e-06,4.432347490947478e-05,4.4453298471288344e-05,7.4973634903687345e-06,1.5011339711764298e-05,1.6779474939601237e-05,6.286844354067532e-05,0.00019199569932118498,0.00020202670553928743,0.0014420147326892519,-7.32854003977837e-05,7.959676486289101e-07,7.328972285362484e-05,0.0014181157681156212
0.003039985271719881,-0.2887419805439344,-0.008065970450081675,-0.03579245671022778,-8.57736075109202e-06,6.888687415799034e-05,6.941881984529246e-05,1.7300869343285256e-05,4.591886831304659e-05,4.9069976025919774e-05,5.3100447212912905e-05,0.00019244392032571238,0.00019963546770186024,0.0014356823287416105,-4.66040261022831e-05,3.566257008058251e-05,5.8683508362185905e-05,0.0014111367810669723
0.0030499910953431784,-0.3178289339303214,-0.008706232871067006,-0.03449431318624751,-1.6742087633291554e-05,5.8284508852238374e-05,6.064141712120081e-05,2.353310025776088e-05,6.570327873289025e-05,6.979059853586077e-05,3.11882341645104e-05,0.00015958908093260314,0.00016260805854327544,0.0014157101210743668,-2.4370490646493173e-05,4.566100428004833e-05,5.175759003482874e-05,0.0013904356725262944
0.003059964952357777,-0.3482478454187606,-0.00940795126398517,-0.03308670371860019,-3.09349737660061e-05,5.358466373487434e-05,6.187316695856971e-05,3.3906739766982105e-05,7.05415823440328e-05,7.826737405347011e-05,6.891979724868262e-06,0.00013125949988468928,0.0001314403122885317,0.0013528519551355921,-2.2444125698083822e-06,5.8779178927636746e-05,5.8822013423468e-05,0.0013584689042721826
0.003069994740587669,-0.3800433552263261,-0.010180147614303822,-0.03164085094820953,-4.7458611143163445e-05,5.915743056779604e-05,7.584142247493521e-05,3.950109399489633e-05,7.711533999785555e-05,8.664359231806179e-05,1.1369143990556246e-05,0.00011572350937542813,0.0001162806435192152,0.0013323191905504372,1.0631559531731373e-05,5.789815721216827e-05,5.886617591318211e-05,0.0013257046633554782
0.00307995931289467,-0.4130258126040016,-0.011004859366072754,-0.030176316676969777,-5.889855426325817e-05,6.498224245816812e-05,8.770251723408009e-05,3.7833575950234216e-05,8.249683958001656e-05,9.075851480645288e-05,1.3215776921141585e-05,0.0001085982368531298,0.00010939942324910977,0.0013107528314319499,1.1815779759500981e-05,7.324368290639025e-05,7.41906310595676e-05,0.0013024623958304217
0.0030899847747873333,-0.44795265616900076,-0.01187130415048942,-0.028691152070384307,-5.591989977077138e-05,6.143933018371184e-05,8.307723204221649e-05,3.8270950353333245e-05,7.543824272610448e-05,8.459074480432214e-05,1.1952891680398758e-05,9.616219456713819e-05,9.69022150597781e-05,0.0013325117363194665,-6.499790111976801e-06,9.033550274581954e-05,9.056903625323458e-05,0.0013210228550412906
0.00309997082118476,-0.4849765836026454,-0.012770136010458382,-0.027293427822184052,-5.229092959105909e-05,5.8284418025048624e-05,7.830335051589882e-05,2.5321571802146532e-05,5.9767517848882935e-05,6.491023176932742e-05,1.27006132075334e-05,7.656138674585598e-05,7.760767691598495e-05,0.0013674403902841762,-3.841242222623557e-05,8.395607980842249e-05,9.232625584352917e-05,0.001382994776704893
0.0031099691440506253,-0.524059151638863,-0.013697696094453897,-0.0259760608491589,-4.491808698069333e-05,7.608440155544426e-05,8.835423418294802e-05,1.1628980276478947e-05,6.113378184635067e-05,6.222999650576826e-05,3.779746930958859e-05,3.8589664160555524e-05,5.401676467758648e-05,0.0013779781628855546,-7.387001081230783e-05,7.895471250448808e-05,0.00010812319420030488,0.0013502763079598786
0.003119998919780487,-0.5646315542664475,-0.0146545972145579,-0.024710875430488624,-2.3041538766474144e-05,7.488209147701591e-05,7.834692165426227e-05,5.560378836293557e-06,4.398756328379201e-05,4.433760860092376e-05,5.846603868317132e-05,4.0631301357277875e-05,7.119817644636706e-05,0.0012852895422275578,-0.00010410572170304819,5.547532504020557e-05,0.00011796403256768131,0.0013064424453281122
0.0031299647571994,-0.6060436668795591,-0.015632307061400497,-0.023493664981446376,-4.732425431043014e-06,5.44633534215681e-05,5.4668571559745515e-05,-6.8994418221182685e-06,1.6223942712394794e-05,1.7630048627041923e-05,8.865390297703273e-05,1.2734395241100684e-05,8.956382827468744e-05,0.0012281539793601152,-0.00015266388233745303,2.3898581444254974e-05,0.00015452314766853343,0.0012331694917272254
0.0031399993771487637,-0.6485491964765839,-0.01664799832987471,-0.02231725332620677,1.5125454036882258e-05,3.582182414858189e-05,3.888421845882674e-05,-1.292863606464457e-05,-8.265658585635821e-06,1.5345055957744938e-05,0.00011550094269136262,-3.174711052959781e-06,0.00011554456522425976,0.0011566851022881274,-0.00017284087651330427,-1.589251545439251e-06,0.00017284818284946468,0.0011813912308937624
0.0031499598328533266,-0.6911111698689367,-0.017699876670458903,-0.021182912136970024,1.8493938735381204e-05,4.1805154298146536e-05,4.571320045500942e-05,-1.9897285848610975e-05,-1.854594895505657e-05,2.7200261152880473e-05,0.00012386552570732307,-8.852757330008465e-06,0.0001241814791790448,0.0011620157464665988,-0.00014580397234436725,-1.5251776197398746e-05,0.0001465995055536428,0.0012250983730334405
0.00315999109527504,-0.7337110289445126,-0.018799743011732727,-0.01998902954553308,2.6243343881219876e-05,6.557058659863438e-05,7.062729589158127e-05,-2.2993611205275348e-05,6.834224995579526e-07,2.3003765399870216e-05,0.00010831396984895512,1.3198649309214578e-06,0.00010832201118829099,0.0012804266242702317,-0.00011799310768594896,-1.2361101613858535e-05,0.0001186388228806072,0.001261348984430468
0.003169982639720877,-0.7756058389494669,-0.019911077037975036,-0.018728742223862387,1.20306388500688e-05,6.0835077576642846e-05,6.201324805956336e-05,-2.476540212359561e-05,1.2195663646861142e-05,2.7605422549397145e-05,0.00010698484461556333,1.2677400607353613e-05,0.00010773334425132991,0.0013191650029455936,-0.00010789177355850256,-1.4591682732157192e-05,0.00010887401896942689,0.0012678059417199467
0.0031799856317141556,-0.8172438202470763,-0.021021240991307484,-0.017348131606649785,6.749448680888867e-06,4.2992853790199135e-05,4.3519427093211974e-05,-1.8423884120809126e-05,2.841755100445664e-05,3.386733988945541e-05,9.316569506473416e-05,3.00717806504019e-05,9.789871668403481e-05,0.0011273895421717302,-9.101981613720937e-05,-1.368208817718174e-05,9.204241667046545e-05,0.0012640029448702686
0.0031899737695395883,-0.8589224871053228,-0.02216194650562702,-0.0158281765104801,9.850553322031511e-06,3.484901102376382e-05,3.621445802555381e-05,-2.3090155661398777e-05,4.376057595799948e-05,4.9478715592095436e-05,7.010301056886714e-05,1.525250621185154e-05,7.174309051442702e-05,0.0009639534817790355,-6.722772798062587e-05,-1.9494398824089253e-05,6.999713561960717e-05,0.0011893163473600883
0.0031999917316139974,-0.9000984423269136,-0.02335505099180261,-0.01420702485214435,7.459983795727397e-06,2.2579739254695523e-05,2.3780159441066692e-05,-2.5096883953490918e-05,4.026317243299785e-05,4.744445845980653e-05,4.753677439732051e-05,-1.0626519807308819e-05,4.8710038424506225e-05,0.00105957328644429,-5.628630380600727e-05,-2.943909465284357e-05,6.352014082258659e-05,0.0011381892005888528
0.003209996339448164,-0.9397487500403394,-0.02457205620436752,-0.01252326793099864,5.512818298129829e-06,1.1681550760763883e-05,1.2917035022190592e-05,-2.754923708982171e-05,4.096543656390989e-05,4.9367271112579574e-05,6.844651578858264e-05,1.75011470169628e-06,6.846888654758295e-05,0.0009976937879246175,-2.4911559416367253e-05,-2.8758294555289835e-05,3.8047671391085275e-05,0.0009829348101181782
0.003219965161145989,-0.9771742389485011,-0.02577132748012708,-0.01080769808829994,1.5697135605090412e-05,1.968185461403351e-05,2.517489756190776e-05,-3.718842916938361e-05,3.503674521489293e-05,5.1093568864775774e-05,9.550160713102818e-05,-3.041456156149622e-05,0.00010022775324024427,0.0009745518368961263,-2.424885003117494e-05,-4.1026080681118894e-05,4.765654229891306e-05,0.0008351652070748652
0.0032299581354244193,-1.011696390225003,-0.026940461557931863,-0.009113472037331724,2.6804049667070552e-05,1.2072069607059287e-05,2.93971417514096e-05,-3.869918946204453e-05,4.136628111218497e-05,5.66462397522689e-05,9.226933207578773e-05,-3.812862660014769e-05,9.983697615676008e-05,0.001041020193688159,-3.8939350948183696e-05,-4.771936064320998e-05,6.159066838785363e-05,0.0009293817883055376
0.003239970433001811,-1.0427036208365836,-0.028081232898075008,-0.007557827556078894,2.203285958230065e-05,5.877857482337984e-06,2.280342320696729e-05,-4.344016457377508e-05,4.965984759660677e-05,6.597839314135253e-05,9.565666944402317e-05,-3.576441654556495e-05,0.00010212390464513094,0.0010815939158844786,-6.2235410178039e-05,-5.907578680141046e-05,8.580906051364542e-05,0.0011510228378740178
0.0032499679490677596,-1.0696969830513652,-0.029171697790008527,-0.006235549444950335,1.5785191476854428e-05,2.5681685217522863e-05,3.0145003326801772e-05,-4.099661150113656e-05,6.327824237644743e-05,7.539799806909696e-05,0.00010472698605327319,-1.0199752866670358e-05,0.00010522250978922536,0.0009945584895025036,-5.871242060982891e-05,-5.619829444632418e-05,8.12735912368908e-05,0.0011335159165983912
0.0032599571624250044,-1.0922376585206435,-0.03019904182090559,-0.0051850713717382455,5.781954834032074e-06,3.6158784867557585e-05,3.6618147479099734e-05,-4.450597988394506e-05,5.572023147474691e-05,7.131287710525707e-05,8.677982765519648e-05,-3.246573015889118e-05,9.26539914014261e-05,0.001095501721479673,-5.37498729350893e-05,-7.646972213310933e-05,9.347014092025964e-05,0.001067975596935777
0.0032699997190781685,-1.1102638398564977,-0.03116121953843855,-0.004398555900565371,1.5258189507434683e-05,4.503821882966171e-05,4.7552639278943124e-05,-3.8824377199313884e-05,6.0063092323820095e-05,7.151858027404026e-05,7.757886289284487e-05,-2.1785969286566198e-05,8.057982641767124e-05,0.0011141027103705324,-6.613312095176543e-05,-8.461536772133327e-05,0.00010739343621207622,0.0012584288888939864
0.00327997660839436,-1.123870368317811,-0.03206699901433673,-0.0037952317873210656,1.6594414191618328e-05,4.308462550672005e-05,4.616989860739674e-05,-4.453861594032642e-05,6.147895916979818e-05,7.591673550990986e-05,6.773443728092486e-05,5.394221569936284e-06,6.794888976362387e-05,0.001258577901524761,-8.242871899827309e-05,-8.228410527371038e-05,0.00011646959988078999,0.001391151853788387
0.0032899765442371623,-1.1334104564883263,-0.032934524645466236,-0.0032955404536395947,1.6410110420093056e-05,4.2034786202208904e-05,4.512443877839434e-05,-4.6094637117051976e-05,6.61022322196185e-05,8.058672766261872e-05,6.044249037937856e-05,9.866036619250448e-06,6.124241440238668e-05,0.0013768267709567254,-6.348225926331146e-05,-7.514102548737356e-05,9.836752997035361e-05,0.0014297245474452435
0.0032999730807222838,-1.1389613860112013,-0.033738256145434346,-0.002855594838243155,1.060768977188378e-05,3.05709772776356e-05,3.2359044083628925e-05,-4.312090309578442e-05,7.091219543981926e-05,8.299368497597366e-05,2.736676943019753e-05,4.9399667922928824e-05,5.647359790150825e-05,0.0014647344394346858,-4.577255500026484e-05,-7.577604830699428e-05,8.852760184414916e-05,0.0013939225454007742
0.003309977879925228,-1.1408133666577203,-0.03447952760257904,-0.002519234083532215,1.4928298225083427e-05,2.2746111629158237e-05,2.7207346106211032e-05,-4.394982724152422e-05,7.721258327242296e-05,8.88446415388158e-05,-8.388088171824674e-06,7.171779909242736e-05,7.220666679635669e-05,0.0015358886175093262,-3.87849676099063e-05,-6.195576046288464e-05,7.309439080419113e-05,0.0013422790297124378
0.003319972582669815,-1.1397787903437642,-0.03519913379904797,-0.002327196117858552,1.9665475922338305e-05,4.0547215031490515e-05,4.506448257843418e-05,-4.626241084481922e-05,7.772922604562311e-05,9.045464741419548e-05,-4.002807817751839e-05,6.168965137035674e-05,7.353815423833863e-05,0.0014793555157608198,5.923641312778616e-06,-3.4881922579449184e-05,3.538132345236883e-05,0.0014011857228191783
0.003329965863041504,-1.136672869858201,-0.03592585384575682,-0.0022630228892128765,1.349422315447117e-05,5.613932769090366e-05,5.773835962451071e-05,-4.266261375906579e-05,8.363444089292813e-05,9.388726386591484e-05,-5.5575743903274466e-05,5.845668193436582e-05,8.065883072037407e-05,0.0015080646142175123,5.6078535795621616e-05,-6.5399133628888e-06,5.6458592293599624e-05,0.001421996033600046
0.0033399809040717365,-1.1318181481145797,-0.03664126027541978,-0.0022909058976618045,1.1453334210405216e-05,5.8012397825137436e-05,5.9132200753542475e-05,-4.536567321492433e-05,9.26379006168715e-05,0.00010314952708056719,-8.338853340723092e-05,4.7919971980696694e-05,9.617677068003283e-05,0.0014922570861131252,9.372537275314802e-05,1.7983185974508875e-05,9.543500655163343e-05,0.00149673095850628
0.0033499906507562763,-1.1250614328579498,-0.037302462042124965,-0.0024191973740121525,1.907100654716551e-05,4.053464767322175e-05,4.4796885524713116e-05,-3.910860787540955e-05,8.968797878087625e-05,9.78438385783768e-05,-0.00010501979308101539,2.1143326622504072e-05,0.00010712701433086417,0.0014902104898621284,0.00011646618138661056,-3.2362177442493238e-06,0.00011651113471281218,0.0014227830028520206
0.0033599958270293805,-1.1155712724260975,-0.03791813704470737,-0.0026909493998361145,2.0946134217893336e-05,3.87132724225106e-05,4.4016565067409815e-05,-2.5048623243958075e-05,7.697737514981291e-05,8.095029222536996e-05,-8.643065771443779e-05,-7.3352425481644585e-06,8.674136485086401e-05,0.001463878709055387,0.0001249715044743015,-5.019759758410421e-05,0.000134676188443934,0.0013748433226138898
0.003369960269393244,-1.1021099399105254,-0.03850954545903678,-0.003066862513194649,2.149783582035459e-05,4.036988317115495e-05,4.5737122911390266e-05,-2.2975274730696098e-05,5.908401916157571e-05,6.339388432046429e-05,-6.347101213464903e-05,-5.546753911748583e-05,8.429245089061407e-05,0.001375420724827697,0.00013025140475695588,-8.78935896635087e-05,0.00015713278316474127,0.0013127428407149785
0.0033799722574691634,-1.0831188593528616,-0.039057546138330665,-0.0035529451803459535,2.2735338455691874e-05,2.211840699329723e-05,3.171938748803327e-05,-3.1201154453384695e-05,4.734104988714687e-05,5.66982102331396e-05,-5.424502355774914e-05,-9.052320619147238e-05,0.00010553185983372312,0.0012812065254594863,0.00011266456083082639,-0.00013043794573802762,0.00017235823437120612,0.0013485700096420796
0.0033899916558431486,-1.0573829046732277,-0.03955186561047021,-0.0041781416710300985,2.2322715321654937e-05,2.0333339043215547e-05,3.01951700769842e-05,-3.974482843057163e-05,1.7227189638529722e-05,4.331774982403219e-05,-6.182731010899098e-05,-0.00011223618658657432,0.0001281389006305644,0.0013550452326765035,8.806848449720815e-05,-0.000165771461164265,0.00018771317294790586,0.0013869199989212616
0.003399995227773425,-1.0248826640749578,-0.03999814166262715,-0.004956450737155817,2.2160023703982826e-05,-2.3600030548381425e-05,3.237326199884122e-05,-4.398754919362215e-05,-2.4145930028582348e-05,5.017898385785152e-05,-5.8213245539878895e-05,-0.00014422151263430291,0.00015552693227480771,0.0013854801642549448,7.062446873007215e-05,-0.00018545746228856158,0.0001984497062278455,0.0013242863469147353
0.0034099763881091085,-0.9862312580380822,-0.040411892527666395,-0.0058874766621832735,3.650297747463671e-05,-5.810310470244368e-05,6.861805987185129e-05,-3.9953420560858635e-05,-4.134184272748206e-05,5.7492814982541107e-05,-5.1621238241574864e-05,-0.00017370682974056535,0.00018121483089446954,0.001329850701303191,4.772517844179886e-05,-0.00020961040210913418,0.00021497491325653433,0.0012343098540312804
0.003419990288270649,-0.9421979095113721,-0.040827638444391565,-0.0070598067454564015,3.0536317821534444e-05,-7.787451796277164e-05,8.364751791913376e-05,-4.046938984262477e-05,-5.7456027748363394e-05,7.027778197165193e-05,-4.9981044833741044e-05,-0.0001601503873094158,0.00016776844577580234,0.00126698398145002,2.907194688224566e-05,-0.0002164828668357386,0.00021842621117655327,0.001156092838196059
0.0034299796669928205,-0.8942644758722291,-0.04126419622445632,-0.008494573959140626,2.1751139977005145e-05,-6.757724638838557e-05,7.099152287235316e-05,-3.0138892573990987e-05,-5.2849897732214516e-05,6.083966252283211e-05,-5.336390307576419e-05,-0.0001276241640098368,0.00013833160662223685,0.0013716201861819293,2.3857632411083962e-05,-0.00020056907558606437,0.00020198302083519499,0.001161981491417784
0.003439982401248543,-0.8434934086339904,-0.04175154141697538,-0.010134463533143663,3.480153317300987e-05,-5.8480494719540395e-05,6.805229587482188e-05,-2.6922465203003575e-05,-5.277818880206604e-05,5.924826027685089e-05,-8.156116756473288e-05,-8.736134113964178e-05,0.00011951664310981674,0.0014402003539933195,4.478660986441483e-05,-0.00017564040679960533,0.00018126056637856496,0.0011612982899717977
0.003449974731003177,-0.7911853452903278,-0.042311506575653864,-0.011964540885684497,5.211644508896988e-05,-4.632860196016267e-05,6.973136459510026e-05,-3.814531717843456e-05,-5.842834289838785e-05,6.977776491472742e-05,-9.471487633733091e-05,-6.651646836148576e-05,0.00011573827527175451,0.0014023901991956369,8.306027407019301e-05,-0.000143828455536953,0.0001660892343012058,0.0011876008757236846
0.0034599728513892945,-0.7383282403834899,-0.04291370179009203,-0.013980717339282913,5.698824065662996e-05,-3.8556466732000875e-05,6.880596413098114e-05,-4.823302042096585e-05,-6.451435909491897e-05,8.055139221861695e-05,-8.599645791349583e-05,-4.2764829036864934e-05,9.604281012246542e-05,0.0014463897429286272,0.00013772169349975712,-0.00011206519484716537,0.00017755526676664418,0.001142911612817789
0.003469973705488485,-0.6853122792849966,-0.043504748193843694,-0.016145395520225533,5.27240515212559e-05,-2.2684357614984648e-05,5.739691358618997e-05,-4.551678264206529e-05,-4.512657730684736e-05,6.409512837584372e-05,-8.196952437375307e-05,-4.347070940472877e-05,9.27831100050525e-05,0.0013676595121462766,0.00016764273455692914,-9.839841801326344e-05,0.00019438707548918453,0.001099649184297688
0.0034799853355285764,-0.6316016175463304,-0.04404993269722242,-0.018427460291853416,4.820868115213756e-05,-1.9913008358059376e-05,5.215941756094105e-05,-5.011406042047869e-05,-3.4376646304762344e-05,6.077148067136524e-05,-9.963419856570416e-05,-5.2848681476500853e-05,0.0001127827852893996,0.0013683721490162421,0.00018801378533753969,-9.5020250823591e-05,0.00021066093976703084,0.0010356431168714558
0.003489970909260417,-0.5768782354507671,-0.04452113748525684,-0.0208370635250894,5.236253745737998e-05,6.589482964737513e-06,5.2775530454161114e-05,-5.545266967152849e-05,-2.049258978722965e-05,5.911805823847164e-05,-0.00011340935031419527,-5.468696735635526e-05,0.00012590609650578056,0.0013514348248427981,0.00021054929877975265,-8.546712975561168e-05,0.0002272347629332011,0.0010669803993500599
0.003499988732211183,-0.5203148654118447,-0.04490983833589423,-0.023363856033747424,5.9955935776983474e-05,4.3756025732275197e-05,7.422468607395585e-05,-5.721735850262109e-05,3.9987558883680915e-06,5.7356919047942456e-05,-0.0001251575526642042,-2.768304432846522e-05,0.00012818254144845474,0.0012464939959364357,0.00021889840996145837,-9.823073186557857e-05,0.00023992871976172818,0.001095610503212391
0.003509987757324931,-0.4611946800808029,-0.045194103600376644,-0.025938958657354662,5.6854030107410375e-05,6.564627423506563e-05,8.684361842069784e-05,-6.736005823007848e-05,2.2033332733529952e-05,7.087203394926666e-05,-0.00012147286194502064,-7.286284722013144e-06,0.0001216911916868443,0.0012207485338911433,0.00019317590508288133,-0.00010799060081852422,0.00022131177142153152,0.0010513036332349423
0.003519996837758516,-0.39936711783533574,-0.045374496832924875,-0.02853292400824528,5.931939825219155e-05,8.444528406579809e-05,0.0001031978537080856,-7.003402507372505e-05,1.945143325331787e-05,7.268509423283036e-05,-9.680404419976345e-05,2.282753190270399e-05,9.945913324676987e-05,0.001276657796017253,0.0001654093176858759,-0.00010943795325690336,0.00019833534226246008,0.0010147343826896363
0.0035299840719765444,-0.3356557116736173,-0.045493148512015774,-0.031076917664269555,6.0170976595729966e-05,8.561405072779147e-05,0.00010464373897422022,-6.417919637421304e-05,2.7621227244092157e-05,6.987060499029315e-05,-9.128675040748994e-05,6.529426300949315e-05,0.00011223462737458627,0.0012855029894827722,0.0001455392208218843,-0.00012105623216404217,0.00018930471769925777,0.0010687414568966128
0.003539999247022662,-0.27005639638099976,-0.04557197644301775,-0.0335110844468049,4.9775731452006295e-05,8.790279085569725e-05,0.00010101744444304014,-4.9359016488457775e-05,3.311341685715845e-05,5.943745355130713e-05,-7.301054577248719e-05,8.404998699556956e-05,0.00011133256535242445,0.0013412993525707445,0.0001252420740030036,-0.00010644401983443187,0.000164365161938553,0.001172920881011594
0.0035499750470102814,-0.20319399378842656,-0.045617549145171965,-0.03569745814322097,4.3205571943881847e-05,7.497688581786837e-05,8.653470317707006e-05,-4.3068296496071654e-05,2.0325303670377167e-05,4.762348299281128e-05,-7.445496506257657e-05,7.893044532046375e-05,0.00010850602297087575,0.0013669930890314644,8.369950908892771e-05,-0.00011360478277356253,0.00014110866199761027,0.0012784854792444824
0.003559987345307009,-0.1343987378698876,-0.045634730429982596,-0.03751021190024389,2.9579544468007832e-05,8.592929107889764e-05,9.08778989427945e-05,-2.707350384647773e-05,4.045638845233791e-05,4.867950263849975e-05,-5.66138795752855e-05,6.073169329042823e-05,8.302692292556418e-05,0.0014269411614309308,5.64294369084983e-05,-0.00010711277639778637,0.00012106786616378588,0.0013617305288382352
0.003569991342151219,-0.06355626355029224,-0.04564309992724478,-0.038948990347046485,2.943631158506152e-05,9.312292922734601e-05,9.766461174660001e-05,-1.0655887322375495e-05,5.68733565202528e-05,5.786299868229217e-05,-3.084306412977789e-05,7.15276685452894e-05,7.789417162046447e-05,0.001498203851505083,3.843619195282883e-05,-9.425022888348248e-05,0.00010178627852723341,0.0014482403531683925
0.00357999935868398,0.009927618971308234,-0.0456716571947006,-0.04003605261576593,3.161461951171391e-05,0.00010401514782476094,0.00010871354627587729,1.415917090949459e-06,5.08346863080373e-05,5.0854401512995884e-05,-8.041833075178584e-06,7.758950156141683e-05,7.800513977782581e-05,0.0014405241613647756,2.7097751717860934e-05,-8.63159054652953e-05,9.046946271785099e-05,0.0014764132808981847
0.0035899827101628138,0.08595520654343482,-0.04571683045590913,-0.0407878317220683,3.713906490104456e-05,0.00011341177456634971,0.00011933792671239318,-4.921799536904389e-06,6.710860878442036e-05,6.728885110968869e-05,2.6724972553507885e-05,7.905684530853154e-05,8.345183609797232e-05,0.001346837622317729,2.898990718367203e-05,-7.976521227659998e-05,8.486992287052566e-05,0.0013373219522436783
0.003599989507754609,0.1651167407353402,-0.04577711072723931,-0.04128366894099027,4.5137339528629345e-05,0.00012345553403887892,0.0001314482723528444,1.9618696376830225e-06,8.180397913397201e-05,8.182750108995503e-05,5.0357729103887514e-05,6.539006277653084e-05,8.253339439535469e-05,0.0013236605507840698,9.662525213075847e-06,-6.381519729931076e-05,6.454257354524443e-05,0.0012929149204859857
0.003609987609753006,0.24729273109530756,-0.045878187501529825,-0.04155545938195097,5.704808084395799e-05,0.00013701204657496938,0.0001484142325878497,2.0099206995072662e-05,6.806102042594804e-05,7.096675717018564e-05,5.671713986451013e-05,7.623859721803097e-05,9.50218799023865e-05,0.001250923747564517,5.755653956951608e-06,-4.713256811784588e-05,4.748269716281453e-05,0.0012853321725630452
0.0036199706403360955,0.3321041691452919,-0.0460366473658913,-0.04158097318790743,5.483277596758903e-05,0.00010582957564334001,0.0001191911590729834,2.6050011364696747e-05,7.222241140033696e-05,7.67768181196665e-05,6.471667876393333e-05,8.425437936108234e-05,0.00010624052405629086,0.0011674825399593885,2.691555839792574e-05,-1.8389826247949406e-05,3.259805198630617e-05,0.0012650846543460158
0.00362998239784877,0.41915364800293475,-0.046234845346935616,-0.04143721553885855,5.521527466780037e-05,0.00010332584682850015,0.00011715356238487719,2.7269293784584e-05,7.618094766980388e-05,8.091446824505089e-05,7.262222899285988e-05,9.125073326660702e-05,0.00011662197248196772,0.0010908643661254424,4.3620550608536486e-05,1.944122098191675e-06,4.366385285478791e-05,0.0011895458912670304
0.003639959160008169,0.5069990459897218,-0.046335361384823574,-0.04116755434208046,5.1893160056054727e-05,0.00011942885845348111,0.00013021579125476655,1.5705532825575656e-05,7.266201146792344e-05,7.433997358016663e-05,7.748048502988908e-05,9.922392357163945e-05,0.0001258912728087909,0.0010770223492465492,3.3428163243975906e-05,3.9436071525015e-05,5.1697638584291264e-05,0.0011671814745540959
0.003649955457475156,0.5946693655517701,-0.045627258832234625,-0.040842660297016595,4.728398404383024e-05,0.00012301865723458896,0.000131792887421357,4.6679665641877706e-06,7.482433318302301e-05,7.49697989068159e-05,7.18721802649494e-05,0.00010630683927526254,0.00012832285210645017,0.0011478114606709613,1.695031513603354e-05,4.443042937310462e-05,4.755392977966475e-05,0.0011940323207905632
0.003659999069154944,0.6811770706601677,-0.043587323971184797,-0.0404686181276786,5.353296061185781e-05,0.00012233901481936807,0.0001335388049176878,-4.195960794425478e-06,6.416918517253665e-05,6.430622374774974e-05,7.130562063191372e-05,0.0001383524949170099,0.00015564672943388063,0.001088578958767601,-2.0104377015939257e-06,5.9363990836363865e-05,5.939802410663071e-05,0.001250315423414914
0.0036699606504969565,0.7646496000090578,-0.04049511472515779,-0.03992941095183033,5.080822650585704e-05,0.00011242334791654158,0.00012337132988435453,8.655436922380941e-06,4.544037800720779e-05,4.6257372836719215e-05,8.090856233553424e-05,0.0001558013028534134,0.00017555694640208365,0.0010957255888650974,-3.175609205971486e-05,7.583062001855121e-05,8.221150962792852e-05,0.0012884322160661064
0.0036799600199480973,0.8454196127183207,-0.036452809466204154,-0.03915432235378298,4.517855958661935e-05,9.376633134657078e-05,0.00010408278983826586,1.2773975936941754e-05,8.878248983241648e-06,1.5556277390365548e-05,7.179685661228095e-05,0.0001659299290448275,0.00018079693020686474,0.001146200726634248,-6.030699153986279e-05,8.482085134665072e-05,0.00010407454084337678,0.0012873115573165425
0.0036899913764507465,0.9234179033912223,-0.03086776414965918,-0.0382376941049184,3.96586093396266e-05,7.985931426965583e-05,8.91645409923293e-05,-2.94417202351821e-06,-5.5831431835130854e-05,5.590900580107761e-05,5.7334806862260196e-05,0.000154285101309599,0.000164593962720526,0.001204116348477916,-7.582766789475913e-05,9.797965540293158e-05,0.0001238945038782395,0.0013021449387626183
0.003699982913942179,0.9951195206640584,-0.02426776467070866,-0.03717893641806938,3.2045314384043533e-05,7.31969318949193e-05,7.990427405841093e-05,-1.4126317359812078e-05,-8.758681310971335e-05,8.871867150079503e-05,4.007310974688764e-05,0.0001428629261111604,0.0001483767831630979,0.0012735325819194774,-7.229735443703856e-05,0.00011268472936285174,0.00013388336599508516,0.001302755318611838
0.0037099757384516734,1.0603770691847505,-0.01795641118938435,-0.035880734900434905,3.9630987057719114e-05,4.8519703325374456e-05,6.264803864409048e-05,-2.5235872495240544e-05,-0.00012468504444023527,0.00012721324446636633,1.95067806529935e-05,0.00014371410717550897,0.0001450319243914859,0.001281736230656401,-6.625684820294082e-05,0.00013450953077206936,0.00014994260169248037,0.0012534158533611937
0.0037199943889358097,1.1189281566581963,-0.012245392993012744,-0.03436215982251185,2.1502990361775175e-05,-2.8260838485806633e-06,2.1687907792542012e-05,-1.4993802400160596e-05,-0.00014723642214200486,0.00014799789902425549,-1.7465656668149906e-06,0.00012828509362861577,0.00012829698257921427,0.0012485929635623195,-6.298866115038177e-05,0.00014640240566108492,0.00015937765156028144,0.0012336438957797932
0.003729962389202568,1.1698586317311535,-0.006682051187782251,-0.03283226514510793,7.904709206952501e-06,-1.3981658293812594e-05,1.6061481758898153e-05,-1.1333252893075533e-05,-0.0001498345527977352,0.00015026255632470683,-5.1699950963371086e-06,0.0001259561628201474,0.00012606222194484607,0.0012117301752220884,-7.861616092815892e-05,0.0001480138858876175,0.00016759657268164776,0.001211934602504947
0.003739976717589097,1.2134195684894467,-0.0006269286693065409,-0.031407690458726385,9.425538938978447e-06,7.708967917359694e-06,1.217657466782346e-05,-1.3843678788682585e-05,-0.0001569405256156037,0.0001575499159723869,-4.764729103758254e-06,0.0001256345594699746,0.00012572487890885712,0.0012441349106749023,-6.747195116896774e-05,0.00013437901582319612,0.00015036683174210447,0.0012448945492441054
0.003749962843021728,1.2487612950524094,0.0060628514536897335,-0.03003072819205732,2.62348312364332e-05,3.660469162374019e-05,4.5035206437555565e-05,2.5939489909832476e-06,-0.00014480609888333024,0.0001448293300584403,-2.0300981434654905e-05,0.00012164001889416083,0.00012332243933600246,0.0013031594426003846,-4.376914468242222e-05,0.00011537730704326473,0.00012340040926506928,0.0013397133794922455
0.003759981563887964,1.2766124967469201,0.01293972580124555,-0.028537312656880778,3.0638390583671594e-05,4.7590700636416814e-05,5.660022760221605e-05,1.8477480989068347e-05,-0.00012270669856733206,0.00012409009298487722,-2.351870058516642e-05,0.00010918915562423434,0.00011169333455111801,0.0013244285616233202,3.067876677128288e-06,9.020208849372366e-05,9.025424442061228e-05,0.0013594972493632261
0.0037699657838864884,1.2983243732160779,0.019289385943448232,-0.026795955237011667,2.4696739043524168e-05,8.781381268484797e-05,9.122058220398233e-05,3.100829733382894e-05,-9.651583022685902e-05,0.00010137465160444704,-2.147485526895511e-05,9.804620305126264e-05,0.00010037045053994723,0.0013461187771857002,3.367594608148002e-05,8.018833788701969e-05,8.697263292303842e-05,0.0013040074291784756
0.003779989481127052,1.3150336843290167,0.024779321281355248,-0.024727852193147753,7.879915035553418e-06,0.00010513382989852955,0.0001054287211821356,4.8223209586087765e-05,-7.704226222304072e-05,9.088997805714069e-05,-1.5008755415032125e-05,0.00010012413014483137,0.00010124279814568238,0.0013737179864331726,3.138883804987367e-05,5.954585504801502e-05,6.731246546903785e-05,0.0012707008481724481
0.003789992714413908,1.3274698082747716,0.02950991168874514,-0.02229323082503127,8.28883493459455e-06,9.877839250535294e-05,9.912555478036185e-05,5.7018259240234926e-05,-5.076907546876994e-05,7.63451433343359e-05,-7.4698097914409e-06,8.520169658886401e-05,8.552851664761378e-05,0.0013578709794714121,2.006978843678564e-05,4.790480744679953e-05,5.193906992248007e-05,0.0013054347931698057
0.003799958127050029,1.3366717007598743,0.033773065600648834,-0.019620739538087045,9.701730902054375e-07,5.58669932332686e-05,5.587541649733842e-05,6.134577127109297e-05,-4.671124257707169e-05,7.71054073067466e-05,2.0127132746322607e-05,7.42647625779109e-05,7.694385247270614e-05,0.0014154568618093013,4.921022434240842e-06,1.780643923355164e-05,1.84739205361631e-05,0.0012909455768515105
0.0038099628048722306,1.3432746074817528,0.03772730141564791,-0.0168384476923224,-1.73503968096766e-05,2.5579948028329366e-05,3.090906033164495e-05,6.551560158744673e-05,-5.8351892570543705e-05,8.773390118950214e-05,3.9139750907126944e-05,6.566698919293505e-05,7.644654060673376e-05,0.001442593112198688,-9.36085926316315e-06,-3.1616447739858456e-06,9.88036860757833e-06,0.0013873636235620921
0.003819965322099062,1.3469730244642621,0.04106358247316861,-0.014054703577713093,-3.755392268561871e-05,-8.663474820375257e-06,3.85402764006786e-05,5.659283631232294e-05,-7.897501425950163e-05,9.715864346089783e-05,3.0896256852630186e-05,6.942424696974105e-05,7.598884625271854e-05,0.001394925026335122,-1.4552118124990833e-05,-1.1954957226861919e-05,1.8833086423095518e-05,0.0013998428964023739
0.0038299977230396107,1.346459889970644,0.043028442266179114,-0.011299456085950068,-4.0624111862488174e-05,-2.2039453981485376e-05,4.621748582969398e-05,3.972068410830665e-05,-0.00010453586310583942,0.00011182790090721851,2.565187568483694e-05,6.364516942730089e-05,6.86201597023802e-05,0.001382315904759707,-2.15783528297233e-05,-5.7221733492376e-06,2.232417027982793e-05,0.001430767611384809
0.003839982251655563,1.340738347750554,0.04372497997385103,-0.008607160444374835,-2.9823582933731117e-05,-3.0959784326311106e-05,4.298783949603465e-05,1.780039121626041e-05,-0.00011592967991590568,0.00011728829699870428,1.902837172637964e-05,7.267268591260135e-05,7.51225545912071e-05,0.0013824935822425413,-2.0095619889721507e-05,3.628663077719468e-05,4.1479555348540355e-05,0.0014135348917954844
0.0038499999632941144,1.3295633615954252,0.04360833608685158,-0.0060637317330814585,-1.8985647363295316e-05,-2.9337504795334822e-05,3.4944870774116424e-05,7.290584976700992e-06,-0.00012771222469916443,0.00012792015074612897,-2.9672409719780357e-06,9.025985358000941e-05,9.030861358292753e-05,0.0013443785205490568,-1.9542240025425747e-05,4.9966948463943854e-05,5.3652540331374554e-05,0.0013650265066032148
0.0038599853756904998,1.3129891564107135,0.04297893608836255,-0.0036809843405316714,-8.365368285365034e-06,-3.3005938637782302e-06,8.992958712426163e-06,1.6660768779730312e-05,-0.00013672070022013579,0.00013773209896395203,-3.502461566830782e-05,8.728143688059299e-05,9.404665292637273e-05,0.001366085842139987,-1.0325423463180584e-05,7.557032259200683e-05,7.627245916026294e-05,0.0013145922969421881
0.0038699966226814213,1.2910187114926024,0.04201392826291256,-0.0014735954895832026,-2.5033467501068225e-06,5.6468778876695914e-06,6.176890385098491e-06,3.5923077370812613e-06,-0.00013504993530624908,0.00013509770427768178,-6.227371903820989e-05,6.826931023486294e-05,9.240516653734177e-05,0.0013427824759631216,1.355533959766092e-05,0.00010952662195395314,0.00011036225871307674,0.0012388304375043446
0.0038799758307534967,1.2635262126808375,0.040749301768958184,0.00047300938548230497,7.43934037157612e-06,1.1702206034925006e-05,1.3866701527327886e-05,-7.2411435437879694e-06,-0.00013064458539931907,0.0001308451063432703,-8.689276795076101e-05,4.4226914337448046e-05,9.750063114645344e-05,0.0013189121372553588,4.131728342661196e-05,0.00012401428382675223,0.00013071595351301708,0.0011599629239501751
0.0038899749412881868,1.2301631956131904,0.03923456217874313,0.0020661790294821264,2.0048384097262617e-05,1.4374672589739534e-05,2.4669189629446315e-05,-1.4006581212571247e-05,-0.0001347259336424522,0.0001354520635246831,-0.00011434806875286387,2.2031563233817228e-05,0.00011645115115805156,0.001231252154468177,6.506374135264135e-05,0.00014583586669182383,0.00015969154784320561,0.0010951989678210984
0.003899974279069712,1.1911401617664257,0.03758903020416084,0.0031684681974230395,1.7446043553741927e-05,-2.1022727840625256e-06,1.7572250468783738e-05,-7.223496795352345e-06,-0.00013656437392227624,0.00013675528191165324,-0.0001296046237674025,6.026224101646121e-06,0.00012974464874827482,0.0011700283483664108,8.292900422851145e-05,0.00014411083971154203,0.00016626831888456149,0.001090439525621148
0.003909981045563255,1.1471036538765795,0.035883681859271745,0.0036947216242648466,7.651217443656448e-06,-1.548073221225749e-05,1.7268300385322798e-05,9.642946173563473e-06,-0.00010571389474285852,0.00010615278589189458,-0.00011642762047286287,-5.011790825780045e-06,0.00011653544034436207,0.0011499396322907514,0.0001010588317554538,0.0001137018447371771,0.00015212165188563476,0.0011029974193587908
0.003919979483561263,1.0992700575888699,0.034168535719939136,0.0035982732358427233,-7.165848982934093e-06,-2.763219511869889e-05,2.8546236156874767e-05,1.4280375746330237e-05,-9.976222214339848e-05,0.0001007791153882845,-0.00011076421138343177,-1.454296244409448e-05,0.00011171485254899591,0.0011713556705071422,0.00010113572205467519,8.275957240357484e-05,0.00013068121938497154,0.001134464559040441
0.003929974164293732,1.0483675222190423,0.03246998828386758,0.0029507662996171324,-1.2803893325770042e-05,-5.3180490334733885e-05,5.470013013275584e-05,1.3794906318610491e-05,-0.0001017710903733056,0.00010270177348084489,-0.00011037456377742481,-1.0999656428882462e-05,0.00011092130891136414,0.001212552541205497,9.213158628479032e-05,3.2990453844656125e-05,9.786010032811202e-05,0.0012345975780974085
0.003939965643851169,0.9953344026241473,0.030798594507085397,0.0019194808137993078,-1.5921079485589377e-05,-6.700891515660748e-05,6.887434560452734e-05,1.492829910944735e-05,-9.110836514481035e-05,9.232328153646414e-05,-9.923604103435207e-05,-3.878488371461766e-06,9.931180449583612e-05,0.0012682845545609754,9.501344862423901e-05,-1.6821298006681574e-05,9.649099173550087e-05,0.001342636570548879
0.0039499920406901945,0.9410479349998071,0.02917727870826158,0.0006820953491071677,-1.7065585689803294e-05,-6.376146406594264e-05,6.600574607387234e-05,2.3861256273140357e-05,-7.974427929695523e-05,8.323766954644563e-05,-7.745181004934626e-05,-1.6966523339231224e-05,7.928837111544601e-05,0.001340584871464445,0.00011426586973943987,-4.933084408572061e-05,0.00012445971703937107,0.0012599841189825868
0.003959957102444371,0.8871304214274707,0.02766520124922666,-0.0006732623147043344,-1.0046695952258242e-05,-5.510469658560359e-05,5.601306709463921e-05,1.3542175036592769e-05,-0.000112852253896295,0.00011366187449710455,-6.54720778620714e-05,-4.09852392172315e-05,7.724236410979943e-05,0.0014456915222044449,0.0001290668161541544,-7.34968173701408e-05,0.00014852617680298017,0.001265344473286746
0.003969981472115329,0.8336245123879642,0.026271838720629326,-0.0020276462590959336,2.8600609243322297e-06,-5.220467057685553e-05,5.228295686482257e-05,2.4890597207013276e-07,-0.00015038303988441413,0.00015038324587220554,-5.453103515649319e-05,-4.100370978351331e-05,6.822710613274816e-05,0.0014434094688007657,0.00010557522890385605,-0.00010108777082110165,0.00014616725477233666,0.001312947272004502
0.003979983658302246,0.7812332871289261,0.025008991622275198,-0.003269107961076868,-7.693165358627579e-07,-5.899692111521592e-05,5.9001936824204014e-05,-4.159064904136781e-06,-0.0001622110496191909,0.00016226435973261792,-6.440158653342725e-05,-4.004639347921893e-05,7.58371807144421e-05,0.0013021663141779493,7.638443819375004e-05,-0.00011534828327424776,0.00013834669801802616,0.0012993421512834404
0.003989996897388895,0.729803786928913,0.023843507122424827,-0.004400126852119949,2.3670263031313525e-06,-4.94711729446113e-05,4.952776762620496e-05,-9.550732164118689e-06,-0.00018174450377609903,0.0001819952777895383,-6.519962151685463e-05,-3.959988520651311e-05,7.628329800362666e-05,0.0013221701619043646,5.3456537340172694e-05,-0.00012459408372910143,0.0001355776053951965,0.0013070445557091747
0.003999962066184443,0.6790644345779215,0.02276002505140874,-0.00538813121439544,1.770561943130214e-05,-4.50571351005815e-05,4.8411097724779564e-05,-2.196656090242252e-05,-0.00017408891310038676,0.00017546931202450715,-5.6827610736186196e-05,-1.5035437523627121e-05,5.878300539705672e-05,0.001442993110640944,3.514990260519626e-05,-0.00013015538092823138,0.0001348181695385596,0.0013451624851900227
0.004009982616686821,0.6277711370707734,0.021727801791548887,-0.006208300078297727,2.2708832163632267e-05,-3.399822803601872e-05,4.088484520974916e-05,-2.6664353124811697e-05,-0.00015605541659279834,0.00015831702617064437,-6.129386370176161e-05,1.4523885722083379e-05,6.299111829423469e-05,0.0014719728264840633,3.616997906243525e-05,-0.00012800962542987572,0.0001330215455784291,0.0013079727986640868
0.004019985737106671,0.5758785937757595,0.02073177990612498,-0.0067466422172007086,2.1063607892120936e-05,-1.720716000023181e-05,2.7198564901600913e-05,-2.3056205339966457e-05,-0.00013614282101980424,0.00013808133950649938,-7.340215972282283e-05,3.3330102869320614e-05,8.061496640980686e-05,0.0014560493546173351,3.619824338770266e-05,-0.0001384240072054909,0.00014307871468244727,0.0013426924197933701
0.004029985450337512,0.5240472120128006,0.019760444304571113,-0.006956278340045604,6.1200273486261305e-06,8.362643071072479e-07,6.176898310582209e-06,-9.717235100355215e-06,-0.0001003621045910682,0.00010083142712440447,-7.962427066605243e-05,3.010395808222766e-05,8.512504197542166e-05,0.0014810207998339326,3.1076555181071795e-05,-0.0001503338487349793,0.00015351227428904126,0.0014105741466948533
0.004039966885469826,0.4738867232626085,0.018816092940834653,-0.006890625217987686,8.124102579474092e-06,6.710728116439573e-06,1.0537310594956866e-05,7.947553047072096e-06,-4.706802373043582e-05,4.77342901625749e-05,-8.95278393998394e-05,-7.227169985971439e-06,8.981907377394605e-05,0.0014763928647427405,6.417947424847397e-05,-0.00013814347029661965,0.00015232407327931975,0.0014097526458039925
0.004049957672285779,0.4268429619106082,0.017892836542456953,-0.006717614497650091,1.2429329524760422e-05,1.6558283618236924e-05,2.0704226351570212e-05,1.4177704527888999e-05,-3.980594805447094e-06,1.4725910521433865e-05,-7.813036443504555e-05,-4.178275528643215e-05,8.860108625789474e-05,0.0014593932991792797,8.292588501193805e-05,-0.00013417166797294113,0.0001577299555939021,0.001364894733040562
0.004059981472726734,0.3834546597599388,0.01697519617114888,-0.006559313920825709,9.494856019844067e-06,3.107933686274139e-05,3.249734559414545e-05,1.3812352387745919e-05,4.014707883813929e-05,4.245667224028565e-05,-5.439904057261049e-05,-5.0435244575860704e-05,7.418200260607291e-05,0.0013842306304354796,7.95261326107478e-05,-0.00012400691762993283,0.0001473163989109807,0.0012984040481180312
0.00406997745205338,0.34403715976378674,0.016067721907331606,-0.006560311361205584,1.1174423233999772e-05,3.9296290269247675e-05,4.08542061914991e-05,8.709046749688768e-06,8.127140210875575e-05,8.173670103454955e-05,-3.275280767022111e-05,-2.1673683767768084e-05,3.9274609843354374e-05,0.0014467747844888125,5.1329404779140025e-05,-9.840829600415678e-05,0.00011099054246836774,0.0013115228414918045
0.004079973744767089,0.3079946111293229,0.01518358519955634,-0.0068996049273305875,1.244311924546349e-05,3.3971338492600774e-05,3.6178488850913645e-05,-3.3429517075255313e-06,0.00011082816116830722,0.00011087856706355439,-2.0262859370881806e-05,-1.9973889439496264e-05,2.845241165921358e-05,0.0013915940406118454,6.046642576903235e-05,-7.071580637725942e-05,9.304253821165856e-05,0.0012361115788995102
0.004089967943497107,0.2748119334439274,0.014353798678115776,-0.0076683457211859695,1.1443865469203749e-05,1.5778165508151083e-05,1.9491345866302883e-05,-2.342280295120511e-05,0.00011525044684050283,0.00011760651850567871,-6.310814742829449e-06,-1.4980905296110172e-05,1.625588835497265e-05,0.0012716177409774813,7.808706904481686e-05,-3.671756675697239e-05,8.628887564780711e-05,0.001174810673339043
0.00409995910856725,0.24428522859156399,0.01363853954009568,-0.008934213673961909,1.315832346046597e-05,-6.032666316263951e-06,1.4475307912912762e-05,-4.3856310477579195e-05,9.311293898350447e-05,0.00010292422151685991,1.1547520359521737e-05,-2.5948743989849528e-05,2.8402157331870426e-05,0.0012650053243713822,7.291480978798785e-05,-1.338655314020053e-05,7.413345595204544e-05,0.0012244964442109838
0.004109980115336773,0.21580152613479478,0.013084589875845314,-0.01071031412536872,1.1634462461691682e-05,-1.20683059231524e-05,1.6763195537465646e-05,-4.9945126422707e-05,6.812521225592413e-05,8.44722451358723e-05,2.1532614240859886e-05,-2.893292975810286e-05,3.606616004557453e-05,0.0013135720381376114,7.245877415686282e-05,1.4536042518324727e-05,7.390243896117229e-05,0.0012685823123516674
0.004119984125208945,0.18865793255148006,0.012697415204341865,-0.012943170798544824,1.5393804885644784e-05,-5.772261854602908e-06,1.644044512096327e-05,-5.550303082825314e-05,3.4190774205618515e-05,6.518892138930975e-05,2.8348426471901285e-05,-2.6171431111739332e-05,3.8582082497829366e-05,0.00139264337272106,6.831515548715982e-05,3.16109362160653e-05,7.527424365406119e-05,0.0012608494714449196
0.004129964255278309,0.16185267682349397,0.0124726918328188,-0.015542570803652404,1.929727480912451e-05,-3.420146947316646e-06,1.959801572098846e-05,-4.6206121671836144e-05,9.253035508930598e-07,4.621538560494569e-05,2.679154217730302e-05,-2.206925387838467e-05,3.4710786493348196e-05,0.001427420619482127,4.8407939107734596e-05,2.268942695540604e-05,5.3461562493279665e-05,0.0013614258499469582
0.004139984312080828,0.13480807200673514,0.012439631739446526,-0.018379048585200224,1.792829053700078e-05,1.4785859804756694e-05,2.3238873719374428e-05,-5.0777274404299744e-05,-1.2278928919064626e-05,5.224082399167337e-05,2.0206391554420007e-05,-1.9702375722344376e-05,2.8222010359911664e-05,0.0014018397915598764,1.915737462190089e-05,1.003925580423383e-05,2.1628491845403713e-05,0.0014197946077560727
0.004149995956521106,0.10794804748711516,0.01258915255909804,-0.021269092035071595,1.3292818064961706e-05,3.440170578653397e-05,3.688056904565624e-05,-4.410882808675109e-05,-1.2369825913856901e-05,4.5810493430279576e-05,2.3569831809838217e-05,-1.0129085709854056e-05,2.5654148765095114e-05,0.0013977796002079324,1.2922157061308684e-06,-7.415665274293746e-06,7.52741076941716e-06,0.0014292405721922784
0.004159984365413026,0.0820783628692829,0.01285425608468489,-0.02399673404458326,9.471952105609163e-06,4.22067304652095e-05,4.325651365116932e-05,-3.170656425482787e-05,-1.7781281597723016e-05,3.635216901510901e-05,2.1581663308827687e-05,2.9582429001846416e-07,2.1583690675743208e-05,0.001395596004005494,-1.6747020301521864e-05,-2.667965593178347e-05,3.1500265548371724e-05,0.001350739162845217
0.004169957460397018,0.058111851051425606,0.013210397835005591,-0.02637296153725409,1.0921600108466303e-05,5.1630193848133216e-05,5.2772703793960226e-05,-2.3198654758602924e-05,-1.8157128566623245e-05,2.9459445011638217e-05,3.768941459297067e-05,3.2584320849151623e-06,3.7830005974263804e-05,0.0013746397332133555,-3.8274363158543635e-05,-4.385808197548081e-05,5.821046495055745e-05,0.0012888818523839342
0.004179975603296128,0.036293083707208754,0.013652120268089383,-0.028338232400108437,1.605363935968019e-05,5.249985601447909e-05,5.4899491966972786e-05,-2.8247672888515922e-05,-1.362788949182733e-05,3.136320129734934e-05,5.126236694273211e-05,8.452695017548001e-06,5.195457937112949e-05,0.0013709818799298606,-6.761344262564382e-05,-3.279367772582207e-05,7.51465429842006e-05,0.0013171538307539614
0.004189960119300603,0.016609872375661257,0.014172362889577182,-0.02989766348939669,1.896453973042838e-05,5.222314996286784e-05,5.555997803483349e-05,-2.842410284085679e-05,-9.924625708378875e-06,3.0106939694346515e-05,5.105307052261608e-05,3.941973364549219e-05,6.450063108581775e-05,0.0013444297881490901,-7.954679946292273e-05,-2.667257113494578e-05,8.389945980602728e-05,0.0013562502911771061
0.004199994698658853,-0.001412762191362821,0.014839770835803899,-0.031109222339293335,2.2173344739016704e-05,6.127978698514057e-05,6.516800986572694e-05,-2.282277686957624e-05,1.0595219508760067e-05,2.516223003784192e-05,5.8449384941886874e-05,6.11949468420154e-05,8.462359079525024e-05,0.0013043431517267734,-8.765465281588159e-05,1.2460247537987425e-05,8.853584544680567e-05,0.001385617338886295
0.004209996904761525,-0.018592050479651748,0.01574637303180954,-0.032015376157750665,3.212213780976545e-05,6.85855793872921e-05,7.573515324708937e-05,-2.449997472432567e-05,3.539437734485984e-05,4.304661089009127e-05,6.241378920748223e-05,7.765083351534585e-05,9.962496187634895e-05,0.0012389642979820999,-8.078252592990439e-05,3.624200402000849e-05,8.853981788439587e-05,0.0014014058929839065
0.004219994070290476,-0.03569476122246373,0.016942710601688872,-0.03271137816556853,3.777936017549464e-05,5.843677011191988e-05,6.958545937466478e-05,-2.3868775418436023e-05,4.2703937431488935e-05,4.892182245305522e-05,7.22027221467152e-05,7.027663600342347e-05,0.00010075732555677247,0.0012163543894529957,-7.163822522908946e-05,6.079784531101905e-05,9.395963659165753e-05,0.0013927229134215366
0.004229969721830748,-0.0527368930267893,0.018490122979326444,-0.033309894155938664,5.336937366225021e-05,4.6761233953213764e-05,7.095705071328767e-05,-2.7940237826921954e-05,4.674321633403225e-05,5.4457186514500544e-05,6.699169813038485e-05,6.57796666324229e-05,9.388744410551018e-05,0.001311655262145542,-6.783794533039584e-05,8.704116692073253e-05,0.00011035466263630457,0.0013717260290842226
0.0042399745007891355,-0.06939973180252271,0.020510307611710004,-0.03393161359778695,5.236965530832436e-05,3.8786125759501206e-05,6.516858406122192e-05,-2.4276266642332426e-05,4.221129254347378e-05,4.86942536679673e-05,4.0026086957092e-05,5.002781224653503e-05,6.406925655313358e-05,0.0014198569688161724,-6.644146873009509e-05,7.905875180034831e-05,0.00010327030068340694,0.0013814115453984403
0.004249982306832177,-0.08559807973979768,0.023051107914224565,-0.03464691773222198,4.821172103369553e-05,2.4799347660742304e-05,5.421602797539898e-05,-2.462882130462976e-05,1.859575247202857e-05,3.0860668315127935e-05,2.877798279496413e-06,3.767653282579874e-05,3.778627857716293e-05,0.0014342391439524428,-5.888880059913993e-05,5.37226143709347e-05,7.971204508010959e-05,0.0014478094394370145
0.004259982568110752,-0.10163530563325823,0.025961589684029725,-0.035421094918031665,4.0255388433842315e-05,2.968639817524327e-05,5.0017782183725544e-05,-2.7842193245189567e-05,6.376507571933738e-06,2.8563045592468038e-05,5.823890763075566e-06,3.800868944815723e-05,3.845228442091179e-05,0.0013523169992219618,-4.0684331447868316e-05,2.008765815829485e-05,4.5373217162159844e-05,0.001417757089797409
0.004269964160984992,-0.11721812406001342,0.029072474903710524,-0.036203372833606424,2.756155110757668e-05,1.665472930969511e-05,3.2202781057461154e-05,-2.470514454949093e-05,-6.3928306814440755e-06,2.5518864616844814e-05,9.658536428314157e-06,9.181288170469752e-06,1.3326041362920927e-05,0.0013439336493032638,-4.234048385630407e-05,-3.898308398582897e-05,5.7553430916255027e-05,0.0013128268042131822
0.004279999742011297,-0.13172609383149092,0.03236725857536495,-0.03695460736162446,1.682493814714129e-05,3.953508496708467e-06,1.728319337069039e-05,-2.2311819890912975e-05,-1.0415123813155503e-05,2.4622999632211726e-05,-1.3907655377464606e-06,4.641060958665794e-06,4.844963942387503e-06,0.0014720211230503954,-4.9587125021853355e-05,-8.234806394315667e-05,9.612536919626959e-05,0.0012310033898262017
0.0042899881831208065,-0.14462048477142025,0.0360556910714323,-0.03756194356988205,1.4287387005350569e-05,2.232741068216176e-05,2.650740830806685e-05,-2.109001636878019e-05,-2.355869067756207e-05,3.161962518557844e-05,6.770862173875389e-06,1.3496382495800747e-05,1.5099566717312566e-05,0.0014290367633890823,-5.8618642785842646e-05,-0.00011236584280330134,0.00012673684511991945,0.0012631688856496984
0.004299982584989596,-0.15657864882217284,0.04003028474758131,-0.03794977479797787,6.391479425572636e-06,2.6773264576480447e-05,2.752560090769575e-05,-1.866440723320643e-05,-4.709813419843231e-05,5.066156671817905e-05,3.025679756073381e-05,2.408452963054489e-05,3.867219112173271e-05,0.0013659902118303637,-5.262783631942297e-05,-0.00011178623044511013,0.00012355505037347215,0.0012624731893321815
0.004309970035917239,-0.16831200767868584,0.04389883482181294,-0.03812388964444718,5.3875020464038235e-06,2.6765732828239977e-05,2.7302557245297165e-05,-1.6302478303641248e-06,-5.3165180094872334e-05,5.3190169040045515e-05,4.418392570170772e-05,1.4526438438013794e-05,4.651060851147222e-05,0.0013504213577665105,-4.9642314401869905e-05,-8.818423807098542e-05,0.00010119693287513379,0.001223755136062587
0.004319999374273674,-0.17977723713269503,0.04705687605251748,-0.038187998971793695,3.547720807179305e-07,3.896130819876909e-05,3.89629233989023e-05,4.0372225250447724e-07,-6.710099963031394e-05,6.710221414412909e-05,5.242523841283292e-05,3.361551291065187e-05,6.227686834522569e-05,0.001352989680097809,-4.56400357120787e-05,-8.044153363581242e-05,9.248704338166162e-05,0.0013050703623564285
0.004329993981516786,-0.19097660306465625,0.04913868367932645,-0.03817397880541613,2.110327719958737e-06,2.212637414896928e-05,2.2226783754421206e-05,1.4907596655908003e-05,-8.639873235789434e-05,8.767540927253375e-05,3.511293528461572e-05,3.589234265616512e-05,5.021133821806766e-05,0.0014835678200889493,-2.6685965722437165e-05,-6.763225422011433e-05,7.270668867052923e-05,0.0013937953218511874
0.004339957996342546,-0.20339606000556168,0.05018425969241381,-0.038104064340488374,8.91832961711308e-07,2.6064682243782132e-05,2.6079935323940632e-05,2.5985548292828904e-05,-7.265900871419624e-05,7.716592685511261e-05,1.0263770168635403e-05,2.4543011164335134e-05,2.660271367900743e-05,0.0016016113995801638,6.875453482940372e-06,-4.7674297247296714e-05,4.816752514526441e-05,0.0013717237962286859
0.004349963206873632,-0.21838264155918663,0.05024642914135919,-0.0380618807766702,-1.2853639198272134e-05,2.8850638570452412e-05,3.158441683112472e-05,2.5351411477718538e-05,-7.14205096915298e-05,7.578643195526823e-05,-2.8085752226863006e-06,2.1659430552793265e-05,2.1840765248790202e-05,0.0015860486971786638,3.626593597836399e-05,-3.4163862403630894e-05,4.982356477331806e-05,0.0012665902308583985
0.004359990236780178,-0.23643506187368596,0.049405275701625846,-0.03807381978312056,-1.4024873989614374e-05,4.934518543631846e-06,1.4867634770938126e-05,3.348744593755201e-05,-9.60857738333322e-05,0.00010175404153433285,-1.5717820424882706e-05,2.645418597689604e-05,3.077131512641381e-05,0.0015157928114516027,3.833403655555123e-05,-4.626840660601527e-05,6.0085470860282817e-05,0.001199944457853834
0.004369973183385304,-0.25783184643363044,0.048209506680833354,-0.03812518406477069,-1.0208052289399638e-05,-8.20600076033045e-08,1.0208382114123915e-05,4.7234047529983905e-05,-9.199812703998842e-05,0.00010341523400800592,-2.310172127428789e-05,9.101694532284559e-06,2.4830029585038847e-05,0.0014517192463009416,4.1549545975594696e-05,-3.719716225909064e-05,5.5767317049569226e-05,0.001102931798184896
0.00437998615140778,-0.283035686539142,0.046922655437981624,-0.0382672396490977,2.688538432028189e-06,-1.778161521137334e-05,1.7983717035858752e-05,3.627027788526075e-05,-0.00011237241042935381,0.00011808086925314015,-3.2756528985763284e-05,2.892434773613679e-06,3.2883983489151064e-05,0.0014107792868061938,4.038891731506823e-05,-6.882814820787434e-05,7.980337478834171e-05,0.0011393971984493324
0.004389983665670742,-0.3121583262385875,0.04558382144576221,-0.03853777851590967,2.6127990482098644e-06,-2.737050869278376e-05,2.7494935260299807e-05,2.4794970059919087e-05,-0.00013509304019998944,0.0001373496270499059,-4.1582968085831194e-05,3.7358179528035003e-06,4.175044395696583e-05,0.0014261623897512256,2.1502009705558905e-05,-0.00010229473003351311,0.00010453013065144077,0.0013296252724393606
0.0043999586148666244,-0.3446381178326757,0.044211796515710396,-0.03883181237585131,1.2126204833253194e-05,-1.2548165316939934e-05,1.744996551513118e-05,1.1486402771665082e-05,-0.0001363042295291201,0.00013678735481088876,-5.240766470638366e-05,3.6228384294613363e-06,5.253273530154996e-05,0.0015299854626354887,1.3628960220092579e-05,-0.00011662821912385076,0.00011742184657329237,0.0014690768606311663
0.0044099993160019715,-0.37996264737427216,0.04273410805884516,-0.039051431407687416,1.5028540929660545e-05,-1.4515498851509247e-05,2.089394049437895e-05,1.781656691543005e-05,-0.00013340620016243673,0.0001345906545731617,-4.426453339585485e-05,5.871433671103619e-06,4.46522412663342e-05,0.0015839630228740762,4.529147142680497e-06,-0.000150660577508392,0.00015072863957789256,0.001401976656758079
0.004419956260684955,-0.4168908131517614,0.041168309669977934,-0.03915313102630951,1.1194944941830316e-05,-4.545296147689081e-05,4.681130738689459e-05,1.2012930496607802e-05,-0.00012194061982365878,0.0001225309155360165,-4.380728085123017e-05,1.3352470721503514e-05,4.579701223821447e-05,0.0015879358597106585,5.598854912722967e-06,-0.00017682315657354097,0.00017691177427453693,0.0014269875353766924
0.0044299611819229485,-0.45543616850192353,0.03964652950168333,-0.03917387606445405,3.945154529318782e-06,-8.092822198926354e-05,8.102432572137656e-05,-4.0311651893126546e-06,-0.0001373462031133491,0.00013740534852194392,-5.382173182125714e-05,1.8477885392420336e-05,5.6905281519510514e-05,0.0014492454194985059,1.9309438847958313e-05,-0.000187752682744977,0.00018874301127872002,0.0015610993214960158
0.004439972548915116,-0.495073462483895,0.03828143435466548,-0.03910612731202727,-7.5045046187278346e-06,-0.00010541070483852046,0.00010567750131473675,-2.0883223452420656e-05,-0.00014125591838725534,0.0001427912584901144,-6.386762971484147e-05,2.262556822391717e-05,6.775684808819867e-05,0.0014301040857506958,3.286188501232159e-05,-0.0002157465323872202,0.00021823489575151106,0.0015920555607442147
0.004449970402193156,-0.5356304460346096,0.037016520925910644,-0.0389631472763704,-1.1997584480435974e-05,-0.00010767613114912822,0.00010834247206248093,-1.2773025092751754e-05,-0.00012624001473163132,0.00012688455969684634,-6.0139824007921644e-05,3.629339805888538e-05,7.024250262031169e-05,0.0014032172710250084,6.491080344171469e-05,-0.00021069218002472658,0.00022046452577913916,0.0015099488356672378
0.0044599950945013065,-0.5770680285697722,0.035703531963855506,-0.0387978421727077,-1.3702665155980076e-06,-0.00010057255370708551,0.00010058188797933934,-7.735476284772861e-07,-0.00012904193266276905,0.00012904425117484368,-7.048801237747107e-05,4.081176578432384e-05,8.145035368468956e-05,0.001417893935762964,7.701847878197662e-05,-0.00021368972736370012,0.00022714564854881607,0.0014546173498822582
0.004469967334358652,-0.6186086220030668,0.03423126533525582,-0.03861310660920265,8.272392109778184e-06,-8.311580339157495e-05,8.352645835090138e-05,8.84538368352725e-06,-0.00012030589583727922,0.00012063063203730256,-9.710582511468589e-05,3.8319640989058906e-05,0.00010439318060455062,0.001454856265393286,9.850373848725898e-05,-0.0002295158143489694,0.00024976087670457295,0.0014977130298302502
0.004479959399329604,-0.6594226564250475,0.03263442342884594,-0.038431628393708735,8.139175163615745e-06,-5.05333313856413e-05,5.118460465095983e-05,8.370989718821387e-06,-0.00010394219119953681,0.00010427872544404099,-0.00011974872846429955,1.3959228932032104e-05,0.00012055960368711166,0.0014815714035801282,0.00012245365328234122,-0.00021787667270937577,0.0002499302737026875,0.0014274595855104087
0.0044899665489456985,-0.6983707849967918,0.03098775171718159,-0.03821667787901832,9.180791758503504e-06,-6.90375830559534e-06,1.1486897581813921e-05,7.341952734865471e-06,-8.180993534981925e-05,8.213872285288227e-05,-0.00013439023127576315,2.508370744478866e-05,0.00013671110650392986,0.0015010972020195724,0.000142687195977367,-0.00022520705267798128,0.0002666042994247965,0.0013863713099851412
0.004499989685407309,-0.7343037715899446,0.02929947127784187,-0.03790779553645282,5.95410958073331e-06,2.6557822096147796e-05,2.7217078009772033e-05,-8.471215907313918e-06,-4.528408056686548e-05,4.60696152766082e-05,-0.00014216846906040404,3.2318835113926476e-05,0.00014579568134241917,0.0015173002954832625,0.0001535860181225545,-0.00020506710635879495,0.00025620535332641074,0.0013593716102531374
0.004509994842501989,-0.765974026602706,0.027599978781495317,-0.03756462209431145,5.42898248832794e-06,6.492285264027175e-05,6.514944854570154e-05,-1.5017743991814239e-05,1.0848646242025607e-06,1.505687769281928e-05,-0.00013676174851251846,4.4643099486827447e-05,0.00014386376259500555,0.0014902879345945132,0.00013161724766437826,-0.00019299335491525536,0.00023360123057079987,0.0014118388779124397
0.00451998440936643,-0.7928459965751327,0.025905179026196466,-0.03720335871880549,-2.167451018112897e-06,8.654795006617983e-05,8.657508593454514e-05,-1.9966021341276017e-06,2.6002081165582572e-05,2.6078624293155244e-05,-0.00013519856412123974,6.711052827777916e-05,0.00015093864563513074,0.0014149332931027848,0.00011785766853838944,-0.0001741686062707655,0.00021029772572143,0.001410756544367613
0.004529966366454434,-0.8157464206126742,0.024252466945764325,-0.036808720066378836,7.802238049151033e-06,8.60909907049982e-05,8.644381758774718e-05,2.198886496424473e-05,4.569885872403862e-05,5.071386271124918e-05,-0.00011649166276149828,9.56445218774695e-05,0.000150725518934613,0.001511543317880348,0.00010410661811905558,-0.00016004894940963648,0.00019092892432346454,0.0013231973852221896
0.004539974687750707,-0.8360756726193735,0.02268737232089635,-0.036353330506297944,7.224694883180787e-06,5.7832587327628e-05,5.828211023258147e-05,4.0237237350848354e-05,5.195746720138205e-05,6.571615986658987e-05,-9.08120143147369e-05,0.00012300123808664363,0.00015289253256698697,0.001584617511979984,8.021030597255008e-05,-0.00015322186520122985,0.00017294690850071289,0.0013370001599861433
0.004549966025476365,-0.8549675827678637,0.02120827867347005,-0.03582136196241514,-4.837942252606707e-06,3.1230613718002095e-05,3.16031156445471e-05,5.394426471826646e-05,3.3725557679975075e-05,6.361915542365942e-05,-5.092735331216e-05,0.00014563155697244398,0.00015427944030751398,0.0014839359221664786,7.593854103525068e-05,-0.0001481453037124339,0.00016647430139998104,0.0013194530304968702
0.004559965924704872,-0.8732873723658244,0.019881227020872895,-0.03520065425085761,-7.6260962561663925e-06,2.377509158184492e-05,2.4968226285289635e-05,5.7574368392967276e-05,-3.5281450153291106e-07,5.7575449402689e-05,-2.694079844457395e-05,0.00015380590426318478,0.00015614756740675508,0.001494135381892993,6.82697735177205e-05,-0.00013422771555011,0.00015059163853933623,0.0013315708689529211
0.004569966257261108,-0.8918450129978228,0.01880185390275571,-0.034540337679574956,-5.071081395967418e-06,-2.944662057873296e-06,5.864034546249319e-06,5.283273127363269e-05,-1.2109915697980719e-05,5.420283712172349e-05,6.14942628005509e-06,0.00015821195563636486,0.0001583314193388568,0.0013312514189457452,5.357431731038611e-05,-0.0001351236557061035,0.0001453568361194462,0.0013643394029705263
0.004579980735928727,-0.9107983184878606,0.01798686565585838,-0.03391509864273184,2.5874190615786006e-06,-4.6312845320957295e-05,4.638506633737992e-05,3.318179700701549e-05,-2.0944237234168895e-05,3.9238918511293465e-05,1.1269784246396505e-05,0.00015481401553269885,0.0001552236690789103,0.001319161776020508,3.512803868232876e-05,-0.00015546029013360226,0.00015937967533563048,0.0013325502627891373
0.004589969944166384,-0.930211946024622,0.017407283344904115,-0.03336558873175564,2.410027764444822e-06,-6.519058882293128e-05,6.523512171296906e-05,1.618772327273484e-05,-3.832892733164853e-05,4.160707938740035e-05,3.8798430169063175e-07,0.0001321996685410822,0.00013220023787493862,0.0014279961851067628,1.5663048390041935e-05,-0.00017195341068218054,0.00017266530204445663,0.0013938747622170814
0.00459996567268466,-0.9508939443281337,0.017129587065613384,-0.03291978966724615,6.627676789755131e-06,-7.446028776327659e-05,7.475466910781838e-05,6.777850376813267e-06,-4.675037188706386e-05,4.723914189852774e-05,-6.905156612317491e-06,0.00010903789744180076,0.00010925632369052737,0.0015597350719592658,2.6984835930440182e-05,-0.0001820014245793666,0.0001839910321703524,0.0013928581331833765
0.004609958441749131,-0.9728075786100386,0.017265341447919753,-0.032607239739190254,1.935853620928619e-06,-6.772929271281722e-05,6.775695256296684e-05,-3.556735190505584e-06,-4.138477471859888e-05,4.15373319283336e-05,-1.4820465456298094e-05,8.099972611316471e-05,8.234440980873578e-05,0.0016294122432507605,3.772027641172834e-05,-0.0001862682710668607,0.00019004917273909584,0.0013989833415396142
0.004619962039231872,-0.9954768680701754,0.01783993219164123,-0.03245574764504708,-4.04521712427613e-07,-5.012972982339063e-05,5.0131361940226256e-05,-1.1369320370318367e-05,-3.770124809732325e-05,3.937823705778175e-05,-1.5885223617073847e-05,6.603719532983932e-05,6.792092090361991e-05,0.0015646902504958967,4.964168095816356e-05,-0.0001826463356609181,0.0001892722389013055,0.0014566621604370626
0.004629968572207945,-1.018241499651851,0.01874369500902934,-0.03244254193576995,-6.059620236350462e-06,-4.702936793058016e-05,4.74181446849059e-05,-1.77541902046297e-05,-3.2242155342855476e-05,3.680717118952492e-05,-1.550691046562757e-05,4.516664683753111e-05,4.775447893899848e-05,0.0014494967161827843,0.00010639388118669976,-0.00016144882249352084,0.0001933529938700562,0.001434609554823231
0.004639986773608062,-1.0404646604461276,0.019854466560348116,-0.0326036290072158,-1.7798480234246997e-05,-3.641767619959591e-05,4.053434393730205e-05,-1.8620344999370107e-05,-9.433888329919201e-06,2.0873799292820486e-05,-2.1891064704805327e-06,6.219316318918027e-05,6.22316779029387e-05,0.0013454430167612248,0.00016233035698913403,-0.00012333621607315458,0.0002038699757086942,0.0014496140429215635
0.004649993448754368,-1.061364322247417,0.0211550340496214,-0.03298902890191153,-2.2080949187197986e-05,7.999003882097986e-06,2.3485152333196353e-05,1.497096534617977e-06,4.6517909363528796e-05,4.654199382909423e-05,-3.6491258112317584e-06,5.587941621416639e-05,5.5998439939182586e-05,0.0013594236912751055,0.00019573233755443287,-0.00010487038911567237,0.00022205617865259905,0.0013127811846337183
0.0046599877218289855,-1.0800045549736903,0.022674037813146117,-0.03365728911549702,-2.3742637389392105e-05,6.155520460009753e-05,6.597541999535908e-05,2.020954440058037e-05,9.885796641586997e-05,0.00010090254312335395,-1.888752467139182e-05,7.487928013784299e-05,7.722464102975165e-05,0.0014416307808732512,0.00020515931882364967,-7.182915685733691e-05,0.00021737013105534956,0.0013020540203889691
0.004669984174244073,-1.0959059298077094,0.024383394292451323,-0.03467614190253381,-2.7108224829676146e-05,6.569658922097544e-05,7.106966785264904e-05,3.408196435476607e-05,0.00014866196341077156,0.00015251871904597522,-2.828690828158599e-05,8.362557359556475e-05,8.828015484421215e-05,0.001426904655379551,0.00019554067279648618,-4.165298666722787e-05,0.00019992780200863195,0.0013753442406570049
0.004679986633953577,-1.1092135303885216,0.026259957491121182,-0.03611320803049925,-2.8097478288367532e-05,8.997736020823856e-05,9.426236595910585e-05,4.479700800380704e-05,0.00017993039076447296,0.00018542307689915267,-3.38339143936715e-05,8.606605773828992e-05,9.24775651593885e-05,0.001458827775820779,0.00018952349093298657,-5.078409800846874e-05,0.00019620952633845178,0.0013963154362567052
0.0046899744027101235,-1.1196225244619442,0.028330637768784833,-0.03791246253411326,-2.4491620371109504e-05,0.00013881202940441782,0.00014095608882121945,6.002980321425705e-05,0.00016782608432219746,0.00017823908620968567,-4.371444678937138e-05,0.00010705778550296969,0.00011563875775405341,0.0015501486732076007,0.0001904163097247169,-4.936946838865522e-05,0.00019671226555087443,0.0014090899516648347
0.004699995325494959,-1.126138389706479,0.030721775242763906,-0.03986352418944376,-1.6509916410266262e-05,0.0001593947808600245,0.00016024753821912275,5.4087553496957244e-05,0.00017536924474064597,0.00018352066762136298,-4.7951015157665124e-05,0.0001455602594553571,0.00015325498030198403,0.0015218720552252663,0.00016442278673645117,-7.620492730216224e-05,0.0001812237394584615,0.0013570723285029952
0.004709959483720083,-1.128149802648488,0.03335219891148883,-0.04180889365577611,-1.3244801257928072e-06,0.00016758605172940622,0.00016759128551883248,3.696713932002597e-05,0.000179840293141277,0.00018360038242511002,-5.282818687367668e-05,0.0001573681579555684,0.0001659986580267709,0.001468546771730543,0.00014553839074774293,-7.367066123554043e-05,0.00016312200804405414,0.0011896159863569104
0.004719957849489888,-1.125713339267693,0.036256883308766766,-0.04369696778525979,1.8977686467993758e-05,0.00017833619835085998,0.00017934311312652835,2.2125855622800878e-05,0.0001525230589233299,0.00015411955421156198,-5.399739696352549e-05,0.00015445945939916407,0.00016362592544190107,0.001467954975120337,0.00011188063017675363,-6.960812436364941e-05,0.0001317670914385409,0.0012265012420886322
0.0047299681944631255,-1.1183657862089489,0.03954143299552118,-0.04543220225643499,3.1050078007571e-05,0.00020868050149773452,0.0002109778638853428,1.1895343843252253e-05,0.00016055697380440312,0.00016099702184319123,-5.400303764918537e-05,0.00015829808961622446,0.00016725613068430573,0.0014074694041899586,8.556154843375463e-05,-7.300175066109332e-05,0.0001124723706959455,0.0012581375700035356
0.0047399957966518975,-1.1053022498659524,0.04315357759154327,-0.046815777441730884,4.606222394951499e-05,0.00021873262879867228,0.00022353006817059988,1.2111953679860086e-06,0.00016154656257657353,0.00016155110298145977,-5.686992545538179e-05,0.00017340166458858607,0.00018248924818573063,0.0013526555720726418,6.781749904515716e-05,-9.242041362268199e-05,0.00011463309308802374,0.0011625952125298065
0.004749973233593551,-1.0858497762285848,0.04667906401933162,-0.04780018674247448,5.948305300321767e-05,0.0002031962977364756,0.00021172380359419686,-1.3574270687321457e-05,0.00014741857681608843,0.0001480422156520688,-4.2997229386082525e-05,0.0001371265648476323,0.00014370962571028881,0.001408289830038993,4.014009306632215e-05,-0.00010678053986390906,0.00011407589914175945,0.0012275075971275935
0.004759973025489073,-1.0591667420612896,0.04991191962853914,-0.04841503184215866,6.421654497621834e-05,0.00020469838426484492,0.00021453482973475608,-2.4852192962572768e-05,0.0001285085045803995,0.00013088952305108118,-4.4835627823037495e-05,0.00010844592922440311,0.00011734885209336383,0.0014241260270040413,4.173402004254475e-05,-0.00010551453129300695,0.00011346825433968071,0.0013212147228967475
0.004769990488137166,-1.0248551218386643,0.052860935606772054,-0.048683671700346945,6.065141459968282e-05,0.00020805867822280998,0.0002167187294092631,-2.9106050359212083e-05,0.0001322251255498364,0.00013539071605609814,-2.7920395596931803e-05,0.00010196807886700396,0.00010572150962844178,0.0014722943557130175,4.903372125338295e-05,-0.00011341311867640061,0.0001235590599991024,0.0013551267266188383
0.004779996188618287,-0.9833359887085702,0.05545375827138267,-0.048679534424546415,5.852447585687519e-05,0.000192719616120709,0.00020140994193940727,-3.7010085337105004e-05,0.0001405845146381848,0.00014537452380906975,-2.5240972061036857e-05,6.355990001794962e-05,6.838835837244374e-05,0.0014471891453324563,5.717168804571238e-05,-0.0001093121485730646,0.0001233602356501316,0.001394099722729979
0.004789980228832013,-0.9354325111209119,0.057697888946646916,-0.048464912209904995,5.368668403852066e-05,0.00016524698603318929,0.00017374932067811086,-4.016967129322959e-05,0.0001306163546509176,0.00013665370318473042,-2.238545034653587e-05,4.62267859285482e-05,5.136169900325577e-05,0.0014183953449779462,5.4789662801303825e-05,-0.00011023235203143917,0.0001230978415093608,0.001378367712318989
0.004799973573577608,-0.8821085197752658,0.059596050122010316,-0.04801792878353636,4.570278060557108e-05,0.0001258502120926355,0.00013389182215072846,-2.8730073363323162e-05,9.506656051941863e-05,9.931298024152842e-05,-2.2783454796120213e-05,3.653061307828165e-05,4.3053124210932415e-05,0.0013340580506739455,6.453843161106834e-05,-8.93325579270627e-05,0.0001102066924492726,0.0014160750259692195
0.004809996370479239,-0.824774504376554,0.06106278229512558,-0.047320754244654616,3.262996709002415e-05,0.0001023001259680479,0.0001073779797042882,-1.2455769890573873e-05,7.21823936290592e-05,7.324919217020331e-05,-2.6891780790756076e-05,2.424055824574804e-05,3.620459277720964e-05,0.001341161052651333,7.952782383980391e-05,-5.331433985011509e-05,9.574494032766668e-05,0.00142597146938893
0.0048199903920037165,-0.7646809552040034,0.06219539762962738,-0.04647786570551965,2.398451426201517e-05,5.428467720532649e-05,5.934714065286804e-05,1.7748221498032548e-06,5.289488733241118e-05,5.292465493106124e-05,-4.150111291610723e-05,4.234818056128623e-06,4.171661608093345e-05,0.001291877477496341,8.22424539582544e-05,-2.556646898348807e-05,8.612470940072456e-05,0.0013560279216564357
0.004829995363228399,-0.7024650538418019,0.06308118451803323,-0.045634808610912375,1.4341887023778709e-05,5.350857330406797e-06,1.530756014436005e-05,-4.05334176080029e-06,2.6233764016892315e-05,2.6545055168973405e-05,-3.872482095715422e-05,6.263794675386837e-07,3.872988651417668e-05,0.001364420780971275,7.596758618199848e-05,-8.540258623414359e-06,7.644612591671451e-05,0.0013636955532189076
0.004839982137742458,-0.6398883190617366,0.06366383165883782,-0.04489508054963408,9.762554299608387e-06,-1.767397313319649e-05,2.019100772041241e-05,9.429048723607412e-07,3.002706344662763e-05,3.0041864270150126e-05,-2.032031829672827e-05,2.514828727733996e-05,3.233189893377698e-05,0.0014586373939266943,8.150847936431397e-05,3.988419817067894e-06,8.160600284856485e-05,0.0013172144941175639
0.0048499838476868855,-0.5781165164762103,0.0638523001010103,-0.04433579544037632,1.866235522870135e-05,-3.121095604497516e-05,3.636491825817306e-05,-1.6615464653807983e-05,-9.525273482450239e-06,1.915214088757213e-05,-3.846528853398631e-06,3.771261442863136e-05,3.790827180527546e-05,0.0014530220572029694,8.919737146674718e-05,2.484443081506599e-05,9.259274711931536e-05,0.001254645154128538
0.0048599648851425006,-0.5189560848702655,0.06339529096486654,-0.04396522325947244,2.445274720013377e-05,-3.947988423911037e-05,4.6439187171689443e-05,-2.52062938253553e-05,-2.335418880969719e-05,3.4362412362480175e-05,1.3938481768623924e-05,4.241715382180489e-05,4.464858578227219e-05,0.0014373575325125642,8.743745475854516e-05,2.0834341357724643e-05,8.988536184753793e-05,0.001234872019950125
0.0048699714256318204,-0.4616906672147303,0.06163211764641328,-0.043739971811953784,3.365418967722507e-05,-3.9560471380746306e-05,5.193876566397675e-05,-3.328288967650041e-05,-3.326966711650962e-05,4.7059765142438386e-05,1.8664633253671556e-05,4.886642200397289e-05,5.2309614163788555e-05,0.0015070412384356152,7.781928618754222e-05,5.682886758391056e-06,7.802651154990396e-05,0.0013333328099016987
0.004879985365513301,-0.4060747469542756,0.05867129628382051,-0.04362597616647454,3.597174787900006e-05,-4.1414397776943925e-05,5.485543718445131e-05,-4.468418434748363e-05,-5.7084284899686454e-05,7.24933922044518e-05,1.2646417842570278e-05,2.7095707313806108e-05,2.9901659470409427e-05,0.0015575097348166146,6.429567308184267e-05,-6.051997784065203e-07,6.429852131907057e-05,0.0014548448756880523
0.004889968814565082,-0.35220304033780125,0.055222008994897466,-0.043549521416849146,4.521405750875141e-05,-2.9153284531577434e-05,5.379800177872587e-05,-5.54946279590383e-05,-4.5265933379040224e-05,7.161465252996612e-05,-3.5082836961335823e-06,-8.708410709650217e-06,9.388528722888763e-06,0.0014203766877680566,5.308899291093204e-05,-1.917063451165161e-05,5.6444259193263576e-05,0.0014185110278181249
0.0048999645215692285,-0.2994481050155883,0.05166568654167394,-0.04346160674987205,5.550501627344586e-05,-8.45295996085301e-06,5.614498520451558e-05,-7.171357054872609e-05,-5.051555465175551e-05,8.771919665969138e-05,-8.691174985737612e-06,-1.5768036333546437e-05,1.8004651966887662e-05,0.001398005175009954,4.6025583674857463e-05,-1.842950337177909e-05,4.957823057695507e-05,0.0013161637447942965
0.004909993442299744,-0.2476608306744883,0.047938948561674646,-0.04334108032509481,5.64417430296358e-05,1.6310631844658613e-05,5.875123034792917e-05,-8.383271294551219e-05,-6.181079115773249e-05,0.00010415612158365665,3.2762424145718963e-06,-2.1000739296054157e-05,2.125475982785675e-05,0.001250057636991621,9.283707277614635e-06,-3.0086887548333076e-05,3.1486632451922745e-05,0.0014560965435106792
0.004919993470493547,-0.1970390962413303,0.044158637883347895,-0.04313661492967033,4.349604829720986e-05,2.1684131633887348e-05,4.860152036910951e-05,-7.125923747889731e-05,-5.6932997316567705e-05,9.120989589689371e-05,3.147890983773091e-06,-2.9163989749021962e-05,2.933338568469003e-05,0.0012207260501406942,-1.269044151352896e-05,-4.1663043376110345e-05,4.355291596630415e-05,0.0014225359014560196
0.004929997298337766,-0.14716574652667463,0.04051365944276455,-0.042807702472105955,4.452234872232702e-05,2.700420649370581e-05,5.207174573708085e-05,-7.024948776536863e-05,-6.208381603697697e-05,9.37517506237077e-05,-2.052442810680094e-05,-3.667171211447544e-05,4.2024595399815635e-05,0.001253079675783386,-3.0442649897031472e-05,-5.273822058279913e-05,6.089396392905629e-05,0.0013530479695638285
0.0049399607788006995,-0.09792862139706839,0.03722222478487389,-0.04232158750957837,4.914332725120364e-05,1.6368168371357743e-05,5.1797524546565064e-05,-6.738156650049002e-05,-7.302000234162025e-05,9.935892635304684e-05,-4.556351550401641e-05,-3.48149448820523e-05,5.734208168723109e-05,0.0012762309711693413,-2.627872034884158e-05,-6.881055663399767e-05,7.365774804766449e-05,0.0012991456701605523
0.004949963643589128,-0.048394250744772216,0.03440005183601632,-0.04157842002023473,4.40149717182192e-05,2.6115024429382033e-05,5.117921683948335e-05,-5.4587874953377936e-05,-7.700020197550887e-05,9.438679566652735e-05,-4.634963862432031e-05,-4.347991381720895e-05,6.355149019619448e-05,0.0012933334150558484,1.862377567994275e-06,-7.247855234621696e-05,7.250247582261643e-05,0.0013016386753682868
0.004959999773995563,0.0022600776552007514,0.03196119518285098,-0.04051918186712195,4.158215554904358e-05,1.3974907480997825e-05,4.3867683996391975e-05,-3.9203191858295944e-05,-8.734114008377242e-05,9.573591281756037e-05,-5.089489329487655e-05,-5.3135144017431524e-05,7.357739933736486e-05,0.0012466014420937656,1.8104397163164025e-05,-7.297274201625441e-05,7.518504022751071e-05,0.00132541223299752
0.004969976148962584,0.05408833224504027,0.029801630037314595,-0.03925712897646515,3.9230524921765725e-05,1.968871342779524e-06,3.927989994897772e-05,-3.41771362473904e-05,-8.67797158176683e-05,9.326733468620166e-05,-6.471010925554379e-05,-7.038725945570879e-05,9.561257518522175e-05,0.0013093739153758233,3.482169961247471e-05,-6.216789121851641e-05,7.125585914476585e-05,0.0013620469029414178
0.00497999079649168,0.10748676053764064,0.027795990386400255,-0.03779790692424079,5.199768899732948e-05,-9.997990067292193e-07,5.20073000560196e-05,-3.128241179980312e-05,-6.973152303070238e-05,7.642692321553863e-05,-6.117571448865586e-05,-7.061885431805751e-05,9.343174315184623e-05,0.0013880968465305155,3.2797553546880416e-05,-5.746199905622993e-05,6.616313818281791e-05,0.0014219595836799464
0.0049899741780366795,0.16196176734877832,0.02588009969510768,-0.036211810090510464,3.705303866274563e-05,-2.5096346542544035e-05,4.475214278586428e-05,-2.543121891298244e-05,-6.566137598806159e-05,7.041422577892642e-05,-8.043323915969333e-05,-4.503770261958367e-05,9.218405837763099e-05,0.0014592754780666226,2.8369429588591573e-05,-6.956084025928569e-05,7.512346526059561e-05,0.0014263008838024762
0.004999992796390972,0.21746644583216285,0.024003054666205923,-0.034583009029792125,3.30146849519163e-05,-5.179192279537548e-05,6.141964416468418e-05,-2.20207232563249e-05,-6.555350903112914e-05,6.915327034223312e-05,-7.589806719598448e-05,-2.0324702935891454e-05,7.857232434845243e-05,0.0014255724998518287,2.0888857188181703e-05,-8.85401045305314e-05,9.097084403755787e-05,0.0014323514851850654
0.005009965747862612,0.27352782469185144,0.022173434618786063,-0.03302498254700162,2.5314137115122054e-05,-5.67549497180689e-05,6.214442738801066e-05,-2.3629512737111995e-05,-5.667049977255659e-05,6.139950664838175e-05,-5.360952578991381e-05,-2.1311346953838062e-05,5.76901617644317e-05,0.001364691687374775,-6.930765868243434e-06,-0.00010049737302137376,0.00010073607844122952,0.0013532263905006417
0.005019998759779939,0.3312463760097628,0.020414749786852905,-0.031553757702402326,2.5420342318448324e-05,-5.7962796551634865e-05,6.329201835676683e-05,-3.401656138053773e-05,-5.1946368440721536e-05,6.209308852308025e-05,-5.159655898820392e-05,-1.4371835203555813e-05,5.356075565693013e-05,0.0013559157696247438,-3.0905986433682475e-05,-0.00011745887221800298,0.00012145685102193337,0.0014309279684471946
0.005029983983952706,0.39045613174524996,0.018770542324122567,-0.030125198627674165,1.8614554101261217e-05,-8.427322564943857e-05,8.630456642466824e-05,-3.697606011379506e-05,-4.292115774919396e-05,5.6652050307735366e-05,-6.596591703212328e-05,-1.975614660037161e-05,6.886078374796751e-05,0.0014496026412928486,-4.92517267064738e-05,-0.0001350431166878067,0.0001437441336136044,0.0013556085762323378
0.005039988504982833,0.4519155472936777,0.017241209296408534,-0.028753302539918778,8.337185890717266e-06,-9.047413223475944e-05,9.085745578767387e-05,-4.80624483782489e-05,-4.5620694502674615e-05,6.626648256108216e-05,-5.520904440349875e-05,-3.700787055089653e-05,6.646518687748806e-05,0.0014019294049526774,-3.683842487260929e-05,-0.0001326816836067115,0.0001377007578476109,0.001301545945056597
0.005049984777705981,0.5151425135219665,0.015924346304122584,-0.027457039088020947,4.435868861654575e-06,-8.033677867866485e-05,8.045915076001346e-05,-6.046496381472308e-05,-6.948743963052681e-05,9.21114331422646e-05,-4.2657477660744056e-05,-3.6820244292424224e-05,5.635060594288829e-05,0.0013363777595906145,-2.9630774117586113e-05,-0.00012430362852229907,0.0001277864423114484,0.0012603983116530565
0.005059960074180316,0.5793192445461385,0.01497342531999309,-0.026241893131191452,4.810111200837973e-06,-8.623807352080671e-05,8.637211641695768e-05,-5.784742645517586e-05,-7.425734073697206e-05,9.413010889621742e-05,-4.8706804726871e-05,-4.472800725110062e-05,6.612826520751964e-05,0.001369422680583416,-2.2643757340899337e-05,-0.00010832914470327359,0.00011067042666700223,0.0012374243460172621
0.0050699646703149075,0.6429837495616482,0.014544760805351024,-0.02513307821497919,2.126288030850455e-06,-9.50278665741691e-05,9.505165188689896e-05,-5.463587286216434e-05,-0.00010001608291637323,0.00011396620308383283,-6.259722654204745e-05,-4.600838247635007e-05,7.768644688004804e-05,0.0014090934814565497,8.41420729065772e-06,-7.054482384633213e-05,7.104485242324167e-05,0.0013335204703528556
0.005079975685729509,0.7040941829941244,0.014751562290778869,-0.02407099173160877,-3.4779080666526423e-06,-0.00011301534763117587,0.00011306884913500985,-5.1278363999100365e-05,-0.00012308310105978734,0.00013333761802626466,-5.363500329843077e-05,-2.651363743356636e-05,5.983048176959041e-05,0.001363246022955776,1.5937871102369647e-05,-2.1645537322528194e-05,2.688019756729311e-05,0.0014289406363951758
0.005089992849776121,0.7607025572195394,0.015648132520406675,-0.023079755367332498,-1.2304325579415298e-05,-0.00010579642112990254,0.00010650952610851268,-5.356063118406004e-05,-0.00012626035477926784,0.00013715107874829672,-3.698643795326754e-05,-2.070758247109235e-05,4.2388684389445264e-05,0.00137069281249183,2.004429294620233e-05,2.8190357562222394e-05,3.459002658569556e-05,0.00140072069063588
0.005099958718378997,0.8113557069690823,0.017101875094586112,-0.022184580482903782,-6.314290189147022e-06,-7.222507881501938e-05,7.250056738004551e-05,-5.402341433821804e-05,-0.0001250327634514833,0.00013620470341758895,-3.596067171179624e-05,-1.951348435469645e-05,4.091388494905569e-05,0.0013840414102459868,1.5421041562691494e-05,6.309144940739092e-05,6.494874526273488e-05,0.0013184475001273813
0.005109971722647651,0.8559042673487423,0.01896905027890011,-0.021348817898723227,-4.688388274977362e-06,-5.403104999047116e-05,5.423407920938401e-05,-4.713508401331264e-05,-0.00011660872177572959,0.00012577483905420653,-3.533734568744555e-05,5.688046870858265e-06,3.579220414334813e-05,0.001395574438208745,1.8193838082652437e-05,9.93235084790915e-05,0.00010097611143619037,0.0013646571623219584
0.005119977983712958,0.8940276689856884,0.0211675430524853,-0.02061173540583737,-5.2643369409351535e-06,-4.514813115621341e-05,4.545400961770416e-05,-4.342688116114513e-05,-0.00011476751461295447,0.0001227089092846112,-2.4381321034325394e-05,2.3072577939000593e-05,3.3567732543770285e-05,0.001421204263984116,-4.8962303352663786e-06,0.0001056678633545918,0.00010578123849445453,0.001408408205871629
0.005129983628808401,0.925651406685164,0.023314986792003747,-0.019999335875158928,-3.3055296278575175e-06,-5.150723159373274e-05,5.161319049013598e-05,-5.751599197623893e-05,-0.00011631599846180706,0.00012975939592637555,-5.3443438018203546e-06,2.446780249579572e-05,2.5044667489214606e-05,0.0014601895173904007,-3.8547479847703126e-05,0.00011016014379553341,0.0001167097488801243,0.001383995206922573
0.005139991801203174,0.9505480283414834,0.025208111092503687,-0.019517499745648245,-8.21248331743392e-06,-5.4631801465766006e-05,5.524562076431039e-05,-6.252566065182695e-05,-0.00011525936687511936,0.00013112657965645556,-6.718492074098657e-06,2.313048686318586e-05,2.4086460061157596e-05,0.001420444199184356,-6.704436240846483e-05,8.964417080290346e-05,0.00011194205594725202,0.0013386567899496432
0.0051499826632363955,0.9693499489886114,0.027069222575505262,-0.019124199026629637,-4.946920900804468e-06,-4.35981933488214e-05,4.3877949925674864e-05,-5.929250196928425e-05,-0.00010675607171899364,0.00012211658216085354,-2.1659611089752846e-05,7.264842188407705e-06,2.284549593643817e-05,0.0014051658907368075,-7.111931717257089e-05,4.683800638277232e-05,8.515724347937383e-05,0.0013091378458377303
0.005159967580727336,0.9833595919479787,0.029024142592067828,-0.01874037738695604,9.15908703997346e-06,-3.098592064004763e-05,3.2311238808147535e-05,-4.968815437810664e-05,-9.891872590629516e-05,0.00011069700547181621,-2.8484142538497126e-05,3.1629781079246805e-05,4.256511984330011e-05,0.0013612813871189872,-6.055035363933606e-05,3.8633040495251576e-05,7.182518460649026e-05,0.0013579786897689335
0.0051699699630949605,0.9930125280213707,0.03118619421556103,-0.018271852851803015,2.4075038415501505e-05,-1.1986809498559801e-05,2.689407140361304e-05,-2.734711858829213e-05,-9.340924182972779e-05,9.733011535124512e-05,-1.6915352667185544e-05,4.3366263940602384e-05,4.6548490888763e-05,0.0013502188977502186,-7.956375786247107e-05,2.6282360523431414e-05,8.37923268556349e-05,0.0012940778827944
0.0051799713593928595,0.9985652988325401,0.0336210237576744,-0.01764371521529057,4.079809537322545e-05,1.179298214933032e-05,4.2468329541638715e-05,-7.169201197286787e-06,-7.439747262441507e-05,7.474209910557616e-05,-2.760658337918123e-06,8.179780798869867e-05,8.184438054145643e-05,0.001401578355531377,-7.854308293559105e-05,2.6693476820389965e-05,8.295515403992587e-05,0.001295811029802699
0.005189982671452809,1.0001181733307147,0.036226443126985586,-0.016774996429092803,5.4011708387538924e-05,3.2509947363402844e-05,6.304094955274521e-05,1.829339226217732e-06,-4.96718354835669e-05,4.970550997938875e-05,-4.112606338877237e-06,8.887034228058615e-05,8.896544985536302e-05,0.0013647894239261454,-5.372013100424927e-05,3.3865043124080155e-05,6.35034929819574e-05,0.0013210259982550285
0.005199971079100129,0.9983547034659017,0.03859718111770695,-0.015727980791343067,7.115037732145905e-05,4.840629242674017e-05,8.605547826541363e-05,-3.9575620810522966e-07,-2.9650961521162006e-05,2.9653602514798835e-05,-5.6846373942620945e-06,9.850511195408986e-05,9.866900315393897e-05,0.00130010210559854,-2.568552269961461e-05,4.5658112387468224e-05,5.2387110085774886e-05,0.0013321477106148657
0.005209973232172589,0.9942878163410447,0.04043245384601891,-0.014577381868553348,7.030786445316361e-05,6.156944469055278e-05,9.345583086927997e-05,1.061099533263693e-05,-9.587767314927115e-06,1.4300996609832036e-05,-4.241162863623943e-06,8.271710558479143e-05,8.282576301345684e-05,0.0013574118419666498,-1.4913662328155941e-05,5.9749561484768944e-05,6.15826876781165e-05,0.0013721877708996791
0.005219981155537408,0.988548980899836,0.041650937300163435,-0.01339049024751843,7.480177077686844e-05,7.287503904555743e-05,0.00010443216088565193,1.7973363785790675e-05,6.337311556346549e-06,1.9057893995365154e-05,7.754539077053403e-06,7.825383778755844e-05,7.863711594901646e-05,0.0013996004989942517,-3.730116802124015e-05,7.605720932084571e-05,8.471172425009262e-05,0.0014082033305540614
0.005229965138942932,0.9812502882975116,0.04216079351780543,-0.012184051367865354,6.677591447996016e-05,7.132065486692734e-05,9.770188619101641e-05,1.5844388143461524e-05,9.106323831604265e-06,1.8274839790452552e-05,-1.0478913949659406e-05,9.350442153803002e-05,9.408976822548762e-05,0.0013617376810584965,-3.641492213656006e-05,8.855863398975248e-05,9.575321513318847e-05,0.0014350016570857734
0.0052399608934577116,0.9719620503440843,0.04200068002814011,-0.01098592175589759,6.588278879934724e-05,0.00010708721654410512,0.00012573071942506117,-4.041536924545942e-06,3.381950038697199e-05,3.406013251789938e-05,-3.153636711328116e-05,0.00010881972831268513,0.00011329728911474558,0.0013443127567683527,-3.788300075584141e-05,9.114866049796828e-05,9.870764943428126e-05,0.0013982081007540476
0.005249982002999411,0.9609629966403506,0.041222049899830256,-0.009822856604879197,6.010773241136126e-05,0.0001326575174535994,0.00014563981746963238,-1.0055824653455978e-05,7.654363646809047e-05,7.720134644693862e-05,-3.753451458708614e-05,0.00013204125199784358,0.0001372724736225228,0.001337433267838015,-5.300738809894522e-05,8.102013323000329e-05,9.68196528690311e-05,0.0013393271134006465
0.005259975273822631,0.9490953398242384,0.03991450490868543,-0.00862902390952221,5.24834096704771e-05,0.00015241447844813015,0.00016119764741228285,-8.207675071593928e-06,0.00010378200054491112,0.00010410604961857307,-3.453214089367898e-05,0.00016283888640530235,0.0001664601203905003,0.0012959687258734223,-7.057509082018104e-05,6.385038287991254e-05,9.517202760364114e-05,0.0012708517359965531
0.005269979810125778,0.9366093283308015,0.038254126600243764,-0.0073575511630209174,3.8495882655802116e-05,0.0001520042355998788,0.00015680312695145064,-1.1707307846668302e-06,0.00011304762606807136,0.00011305368799909472,-3.392956874299566e-05,0.00015933210689503973,0.00016290468355052912,0.001278624060988652,-7.007026700592625e-05,4.836043832962844e-05,8.513855949988578e-05,0.0013097213640777682
0.005279979478277073,0.924103471265493,0.036459192554150956,-0.006011967868875616,3.494130820472987e-05,0.00015134817735022515,0.0001553292174907642,8.866654884739292e-06,0.00010385148497886232,0.00010422930730442344,-2.6355589055329295e-05,0.00015156493281931035,0.00015383935106134402,0.0012677236891925083,-5.138677370110974e-05,4.5483306966486726e-05,6.8624570847596e-05,0.0013369797899308168
0.005289965745571135,0.9117628390498895,0.03456928050812376,-0.004549602697949736,3.049465683645162e-05,0.00010679458581394153,0.00011106307962029625,2.070788014410266e-05,0.00010334172306458446,0.0001053960531804668,-3.158137002171827e-05,0.00014791379453915927,0.00015124772245366641,0.0012829853614014894,-1.5579870636934015e-05,4.207020313402135e-05,4.486239361426694e-05,0.001340866056275578
0.005299991157239064,0.8997761809583513,0.032713721139109274,-0.0029923335285940954,1.8868282040559005e-05,7.361139335717741e-05,7.599111329061566e-05,4.3665145006975675e-05,9.673581689535461e-05,0.00010613417526363403,-5.0130854625515114e-05,0.0001253758663174022,0.00013502670269366587,0.001282552892778469,2.073086858477794e-05,5.5077520450673675e-05,5.884982728329549e-05,0.0013276869633157347
0.005309970016642706,0.8885796936255281,0.031010778947220752,-0.0015390823411510954,1.2659792233361075e-05,5.966827707570512e-05,6.099650505213382e-05,4.5570698983248004e-05,8.039096458477522e-05,9.240885126811383e-05,-5.086083639605377e-05,9.938203507589e-05,0.00011164055524195309,0.0013189913766054246,3.807421364109779e-05,7.924763262280047e-05,8.791946895145754e-05,0.0012694253849883804
0.005319967898115426,0.8768388412844099,0.029459620331377057,-0.00031111757574510645,7.136638909464234e-06,5.522448410212577e-05,5.568370730536914e-05,5.044325571624655e-05,4.735160446044065e-05,6.918595588869653e-05,-3.0350268144405286e-05,9.639920561756826e-05,0.00010106406690874609,0.0013230325957292659,3.3259583903205193e-05,9.648948418642487e-05,0.0001020608665452958,0.0012751363602187022
0.0053299814238811785,0.8628541548548714,0.02786832177408839,0.0006970155451381785,-4.4061581444057585e-06,4.941762463916367e-05,4.9613666006159924e-05,6.328047745205343e-05,2.3101132205069908e-05,6.736528138229633e-05,-1.4249028783741916e-05,8.078176153793065e-05,8.202882309561072e-05,0.0013253523892551582,2.659499312156286e-05,9.630996571783696e-05,9.99144792095065e-05,0.0013299740529666621
0.005339988839159224,0.8457122909345264,0.026182870908684357,0.0015720760425475308,-1.176994200886471e-05,3.1280060223836e-05,3.342115651049265e-05,5.612457137648168e-05,-8.720196772578284e-06,5.679796954069988e-05,-6.0857114337680915e-06,8.811055904921913e-05,8.832047610617272e-05,0.0013065179609660442,3.0489479682337117e-05,6.428414985634151e-05,7.114815734825619e-05,0.0013575294460078844
0.005349969719018033,0.8249046934759657,0.02431216596102065,0.0024418323741266846,-2.1276468175464933e-05,2.243300344595906e-05,3.091808114401641e-05,3.7933593295250145e-05,-3.2013944718674254e-05,4.9637185221764724e-05,2.2858196669429606e-05,7.708829639979305e-05,8.040586170672303e-05,0.0013211986274346854,4.856796468728861e-05,5.734247149509214e-05,7.514656499821644e-05,0.0013451765229357854
0.0053599764474193375,0.8003531728569774,0.022342963166071594,0.003337254622252635,-1.2367318065782547e-05,2.1298095340642585e-05,2.462842709714392e-05,2.0498365824013236e-05,-4.8322880813591215e-05,5.2490797398969046e-05,4.650457666767992e-05,5.63180971323149e-05,7.303700237307782e-05,0.0013189728904558344,4.173560517453743e-05,5.023525339959141e-05,6.531034698580337e-05,0.001361634472446503
0.005369997037700295,0.772277158677358,0.020436038893192697,0.004223899630329239,-1.1174527770289751e-05,1.9102679768857873e-05,2.2131029014497014e-05,2.0650847836718343e-05,-4.7765347454833094e-05,5.203831217339995e-05,6.81476206150361e-05,4.045742445589236e-05,7.925213807270521e-05,0.0012666217058816208,3.827739146619168e-05,3.1111462102529616e-05,4.932627871239853e-05,0.0013706365637030237
0.005379980128486526,0.741549434144308,0.01859502598689194,0.005026043575200993,-1.2536693055028631e-05,1.357585530284617e-05,1.847897507871634e-05,2.265408429630931e-05,-4.579551588399676e-05,5.109243398376797e-05,5.988291396109499e-05,3.283450792337693e-05,6.829398432543096e-05,0.001287472860646679,4.11079381648664e-05,2.878018125175041e-05,5.0181285486225696e-05,0.0013478031034649487
0.005389969650855461,0.7082229133040295,0.016696749789888776,0.005636740419875791,-2.923303330665198e-05,7.489015795520692e-06,3.017707066455229e-05,3.168792867822832e-05,-3.0628866707384375e-05,4.4070991589652304e-05,3.7641538667879115e-05,2.804560454774351e-05,4.694082836650681e-05,0.0013413661706625775,2.859012315209377e-05,3.8049137305241003e-05,4.7593402815148346e-05,0.001316776326066966
0.005399996237483614,0.6725122644642049,0.014875968764712479,0.00602263575458497,-3.7892883384902076e-05,1.78260077476551e-05,4.187645118012327e-05,3.066544057762153e-05,-3.45603514972381e-05,4.620375678916472e-05,1.9889900736819698e-05,3.0134979015177717e-05,3.610713380435703e-05,0.001321446866521922,4.411520424151688e-05,2.6173007126719206e-05,5.1295005091393096e-05,0.0012976836256817837
0.005409966596757288,0.6357230985667133,0.013578978319034084,0.006285292888405727,-4.206715195843427e-05,3.1237023706123035e-05,5.239653541896537e-05,2.5466347573933522e-05,-2.514403659024946e-05,3.578767154772986e-05,-6.060458427410188e-06,2.8342697158641526e-05,2.8983402812244694e-05,0.0013643796805615127,6.408524445336745e-05,2.9692547803676383e-05,7.062978091231397e-05,0.0012545521275016624
0.005419986616964384,0.5987658202304708,0.013160704628614442,0.006539354692099534,-2.8678936040930156e-05,4.576744147113477e-05,5.401055518371858e-05,2.8709779796401563e-05,-2.7749149495967846e-05,3.992827010662295e-05,-5.4478222857731566e-05,3.343910774674286e-05,6.392222377729787e-05,0.0013037056364564917,8.271602202110026e-05,2.0613202123681003e-05,8.524578817036575e-05,0.0012904649437216246
0.005429994815562234,0.5624985944157354,0.013482252516472568,0.006883360312900257,-3.136650797676529e-05,4.721530681278379e-05,5.6684592439937225e-05,3.1133631491938393e-05,-3.101190326521254e-05,4.394361334718298e-05,-8.648475470086816e-05,4.5621625373190816e-05,9.778008742766139e-05,0.001324444737794714,9.680188336626781e-05,6.738012825778006e-06,9.703610379697272e-05,0.0013440554458393071
0.005439969100741385,0.5280298044048367,0.013976138278869444,0.007343987028407621,-4.253461422476701e-05,6.21621662390752e-05,7.532149971146468e-05,2.8937398171557938e-05,-4.6550080022800574e-05,5.481133973064718e-05,-0.00011194579306862597,3.893740603374187e-05,0.00011852418392210134,0.0013094257442795901,0.00011919425634524927,5.2618694576380894e-06,0.00011931034328961685,0.0013622235387408545
0.005449975236982409,0.49560221733975135,0.014333708227656361,0.00791449246017535,-4.830179110584304e-05,6.984591769420237e-05,8.492064085119583e-05,2.332476151082417e-05,-4.924534203688986e-05,5.448989091443564e-05,-0.00011128218585965913,2.798349706867081e-05,0.0001147466818600696,0.001303959285828655,0.00011810844030827466,-1.4605106572552364e-05,0.00011900803674562862,0.0013264727311197758
0.00545996843034601,0.4652537034975479,0.014762209592128149,0.008589215089956933,-3.225599850061487e-05,0.00011246153829858571,0.00011699592743235096,2.8509482224950422e-05,-4.0912975625537895e-05,4.986644313835329e-05,-0.00011190019820444402,3.1645487638569464e-05,0.00011628882683248942,0.0013073081811052936,0.00010472448123064349,-3.250793072829992e-05,0.00010965392163193867,0.0011687998236896637
0.005469971325902306,0.43650289943815035,0.015346548024418755,0.00942409623999733,-1.2566830618656397e-05,0.0001363754492674925,0.00013695323433460206,3.626749948330023e-05,-4.28015481898495e-05,5.610083819533529e-05,-0.00010351508360924907,3.851868650179813e-05,0.00011044936280691542,0.001274183207118466,9.690868218648584e-05,-3.415219570263077e-05,0.00010275049953373515,0.0011520182034403452
0.00547999764219542,0.4093247055321585,0.016226244977884892,0.010392405320574467,-1.0710753899676537e-05,0.00013357322664459296,0.000134001966871189,3.9599286085365634e-05,-3.155406221673033e-05,5.063360841227811e-05,-0.00010035960600277179,2.1242574242561804e-05,0.00010258312472079576,0.0012327910484914704,9.438881685187861e-05,-4.004607634346695e-05,0.00010253261421228012,0.0012813344739622087
0.005489991768779654,0.384167631501104,0.017520178526709583,0.011437451927089583,-1.5054071739245051e-05,0.00011834869729959037,0.00011930230185725842,2.9947984918521605e-05,-1.816480936309611e-05,3.502630582687277e-05,-8.044473608305631e-05,1.6982626388424814e-05,8.221779103406638e-05,0.0012320651794644126,8.526940742398497e-05,-6.783182877017554e-05,0.00010895884010370135,0.0012848956247286558
0.00549996525350136,0.36174783542906086,0.019116135810189006,0.012521040265687186,-1.2026042058480643e-05,0.00010110641486777713,0.00010181911812134011,2.295528113714766e-05,-1.3816951385070369e-05,2.679278032722407e-05,-6.825213585301936e-05,1.4654153371536336e-06,6.826786572472715e-05,0.0012462029024856067,0.00010417967526717229,-7.735552380828968e-05,0.0001297585519433241,0.0011307164008809369
0.005509966015189842,0.34265941610731043,0.02085667215397615,0.01360042218753474,-1.7514899689092837e-05,7.075333167491781e-05,7.288899542605805e-05,1.9140140776902952e-05,-1.2270244185929575e-06,1.9179431114699062e-05,-5.535189591170976e-05,-8.602910682602052e-06,5.601644805977598e-05,0.0012999137469644792,0.00011141527065728317,-9.917924045572585e-05,0.0001491639509835079,0.001162583216899484
0.005519978045567491,0.3273405577029203,0.022701154898573633,0.014646759869607416,-2.406398633350192e-05,5.4426322697150634e-05,5.9508823216337776e-05,1.5786458367677104e-05,2.7586820398003604e-05,3.1784350354633806e-05,-6.742120155272136e-05,-3.611221521364822e-05,7.648340020193613e-05,0.001350353575703633,8.91424888538224e-05,-0.00011975305358032277,0.00014928890501596394,0.0013353162312262621
0.005529958511920713,0.31660455714921965,0.02464078194723358,0.01563255093280446,-2.7116060392367254e-05,4.1595312235645526e-05,4.965330533996051e-05,1.4430704441192498e-05,4.6496631862894096e-05,4.868451504598306e-05,-7.007434501382723e-05,-5.35295899105179e-05,8.818067149384332e-05,0.0013466852735870504,0.00010193055879757166,-0.00012676142376111946,0.00016266006692096038,0.0013270285425717528
0.005539996544531082,0.31067171343903144,0.026672485332271463,0.01653109816595912,-2.3255930615639908e-05,3.357908164287456e-05,4.084596715439962e-05,1.1856859230814138e-05,3.049731659460124e-05,3.272111596951856e-05,-6.681994633584397e-05,-4.5267109288619914e-05,8.070945676730161e-05,0.0013778545706017629,0.00010404388045653044,-0.00012349842079064586,0.00016148371124740795,0.0013224664267461098
0.0055499916673077436,0.30887285057473457,0.028751720139405676,0.01732813666768571,-1.815088119891458e-05,3.6835270195604865e-05,4.106448122989413e-05,1.304219432151189e-05,3.4989783243302884e-05,3.7341448340060356e-05,-8.180978435156586e-05,-2.8915570419168555e-05,8.676952822457666e-05,0.0013838033278616665,8.394652564442696e-05,-0.0001046549233337579,0.0001341628568038307,0.001311545839787352
0.005559973770025515,0.31028956944359776,0.03084607871647178,0.01799497403163079,-7.656894158483191e-06,1.54257851418363e-05,1.7221581675221112e-05,1.031258668890107e-05,3.630957456279495e-05,3.77456573548172e-05,-8.01573838632337e-05,-3.425284999912145e-05,8.716916840752879e-05,0.001312791792419323,7.429361160969043e-05,-7.554758523902078e-05,0.00010595743655571627,0.0013970072252015302
0.00556997793476473,0.3137515665301596,0.03294540019542778,0.018401903607877062,-1.7619177080201795e-05,4.515183947127151e-06,1.8188520749635e-05,2.0441285802572096e-05,-7.51266012298712e-06,2.1778113494652296e-05,-5.792457160577833e-05,-3.2979419807797524e-05,6.665506827370211e-05,0.0014261943374682478,6.956165437917161e-05,-7.883525472595183e-05,0.00010513715398313307,0.0014205408484864574
0.005579992867189304,0.3184534399795161,0.035024819920449764,0.01855292950618251,-1.2657372111388934e-05,8.636676940939408e-06,1.532322607509009e-05,1.87457897777116e-05,-3.84131520865603e-05,4.274312678800381e-05,-3.5300944672070865e-05,-3.267729623764958e-05,4.8103662897369006e-05,0.0014850885251029892,5.882386293420364e-05,-6.45068152517862e-05,8.730049292203368e-05,0.0014618390988738327
0.005589994622012164,0.32394091342356757,0.036874208408738784,0.018503126640518053,2.3138098772574285e-06,7.100017528729244e-07,2.420293089106495e-06,1.1961695287756388e-05,-5.1303759410384986e-05,5.2679767309620866e-05,-2.008545569087434e-05,-1.3317179018642749e-05,2.409922794042695e-05,0.001508084675019321,3.3589469946023603e-05,-5.233131276533929e-05,6.218375018442186e-05,0.0015039808966554927
0.005599988999215762,0.32924669282499763,0.038336722645981265,0.018299977496903246,-2.8526051919661427e-07,-2.3505595235937406e-05,2.3507326112502366e-05,2.1151732043581245e-05,-6.961997264955036e-05,7.276219045745945e-05,-4.973376712183279e-06,1.6819896930304906e-05,1.7539766494094706e-05,0.001454675725534585,1.9041796035364385e-05,-4.7539511366486854e-05,5.1211279394453246e-05,0.001504546212595498
0.005609986973983674,0.33304137876594897,0.03922903426222675,0.01798679054571931,-1.502877514306679e-05,-4.0567480266424475e-05,4.326181384856166e-05,3.1996513376809545e-05,-8.58637228572973e-05,9.163163084430567e-05,1.327316298193118e-05,2.4119182822272712e-05,2.7530198610963985e-05,0.0014083573581511913,4.235045009444091e-06,-4.635886326456899e-05,4.655190446603686e-05,0.001453473843690115
0.0056199666123731345,0.33429575280468593,0.03955115070663575,0.017627292759683215,-1.357048622914028e-05,-4.753951599873539e-05,4.943848377417439e-05,3.2059484647098026e-05,-9.645627508289338e-05,0.00010164459434079272,3.0198050566669285e-05,3.4212083760173484e-05,4.563319990139023e-05,0.0013956223814412037,8.593577571101504e-07,-4.319976932919427e-05,4.320831593397617e-05,0.0014581860721281288
0.005629983242042961,0.33232402718697074,0.03954100577047894,0.017268079084956863,-1.836657030919516e-05,-8.159299503435327e-05,8.363460852780149e-05,3.134654084653261e-05,-0.00010980461300586748,0.00011419132480364548,2.7137409646972588e-05,6.269069365027945e-05,6.831223955266574e-05,0.0014425801495608725,-9.498132384454239e-07,-3.57445681116031e-05,3.5757185217421116e-05,0.0015008342661159513
0.005639965675729477,0.32630904913984327,0.03939355445296265,0.016894961014221433,-1.4835092142702218e-05,-7.966092764040692e-05,8.103050876930621e-05,2.906513106136614e-05,-0.00012007411296729782,0.00012354179231538527,1.2176507603699552e-05,7.538252577510735e-05,7.635962630643027e-05,0.0014973047604303316,-1.4424421848797941e-07,-1.585747249729475e-05,1.585812852757306e-05,0.0015322806174108256
0.005649963985862555,0.3160496874360807,0.03912331165614135,0.01654659517806743,-1.4988932598346272e-05,-7.477767177118487e-05,7.626511847467902e-05,2.7616870979184488e-05,-0.00011956791896482809,0.00012271584579124498,6.014040545008689e-06,7.720999206485426e-05,7.74438606884488e-05,0.0015703070051199552,5.9396625857188745e-06,-2.5390179322989332e-05,2.6075674443544958e-05,0.0015237088054094751
0.005659957800666603,0.3019753693653214,0.03867600751898778,0.016233087534586108,-4.21509628207571e-06,-4.5713674010629706e-05,4.590759227205551e-05,2.6180838662452632e-05,-8.954910336349508e-05,9.3297793255121e-05,-3.395526492130929e-06,6.864261909573946e-05,6.872655059350454e-05,0.0015585783012392741,8.0500364993746e-06,-2.563290383492269e-05,2.6867244865293832e-05,0.0014195821649263334
0.005669981840028802,0.2850783447958919,0.038029613669767294,0.015941042753952216,2.180023683877445e-06,-3.562617584675101e-05,3.569281312429564e-05,2.2608357616937044e-05,-7.7627779688223e-05,8.085301486932075e-05,-5.0967529065049436e-06,7.413333400940578e-05,7.43083313063891e-05,0.0015099616277335494,9.84934655863523e-06,-3.294813007161178e-05,3.4388790366163627e-05,0.001457335421195805
0.005679995054171536,0.2659683254424558,0.037272752248399287,0.01573372225923408,8.982805859069052e-06,-2.71903065691816e-05,2.8635704503779986e-05,1.828638590338557e-05,-6.467738632432845e-05,6.721276821522802e-05,-7.823712861589754e-06,6.598315097894169e-05,6.644536624965219e-05,0.001525692014824246,-8.506913222039794e-06,-3.548192035725162e-05,3.648745325184621e-05,0.0014367590408264105
0.005689981055962534,0.24537368315815633,0.036428757003762885,0.015616459130823079,1.885496924160298e-05,-9.161332780038666e-07,1.8877212857963446e-05,-2.9102728292843247e-06,-4.645095035675725e-05,4.6542029145566876e-05,-1.4643813448489071e-05,6.136831845167588e-05,6.309129719620964e-05,0.0014640906705600614,-1.8693445938081782e-05,-3.852096075934044e-05,4.281716173291537e-05,0.0013936819382841634
0.005699963637495528,0.22460661269097953,0.03550003190503211,0.015579725792856405,2.3420316954061486e-05,1.5881342961163296e-05,2.829714297378431e-05,-1.5285123311650015e-05,-1.1104081500432196e-05,1.889273989183642e-05,2.1149228919653887e-05,6.0436542518550756e-05,6.403019253049703e-05,0.0014628770198446294,-1.310597193001934e-05,-3.7816958094348634e-05,4.0023603282815196e-05,0.0014012355718963847
0.005709973742693839,0.20477361125750093,0.03440622515255864,0.015650555406848,2.7649350523379432e-05,2.663125648013319e-05,3.83889359851942e-05,-1.848282404624623e-05,-1.724980836288357e-05,2.5281824959458642e-05,4.5479927252589127e-05,6.371055290629888e-05,7.827808336007664e-05,0.0013644026107815523,4.189419800923987e-06,-4.717780079487744e-05,4.7363447151886157e-05,0.0013896675807214295
0.0057199826677225745,0.1864046485028104,0.03286804182742042,0.015881848039827017,3.1316362253861046e-05,4.88444663664234e-05,5.802151703838602e-05,-2.3292055441185615e-05,-8.666476142068359e-06,2.485211571267735e-05,5.7957902282654815e-05,4.566720783228839e-05,7.378761622523922e-05,0.001415271300285834,1.572014530265564e-05,-4.884519631860799e-05,5.131253425567638e-05,0.0014058381740682398
0.005729997316249422,0.17040964269943557,0.030622057707371576,0.016280828487019436,2.05827822306389e-05,4.663811329948184e-05,5.097807897998128e-05,-1.3929472900766803e-05,-4.83879255617299e-06,1.4745986867445388e-05,5.748094681913823e-05,5.986680989204716e-05,8.299454303672689e-05,0.0014103527060990747,9.110796555993582e-06,-3.743981312087498e-05,3.8532404809598206e-05,0.0014955204107698528
0.00573995947155766,0.15713343491118906,0.027582179869243485,0.01675689552223125,2.7124443043104943e-05,3.3526353546216734e-05,4.31248396229431e-05,-5.098850755418862e-06,2.3592357599519e-07,5.1043059234087705e-06,5.3531505875509776e-05,4.905203003689127e-05,7.260663724508815e-05,0.0014376556386588323,2.3981942239735196e-06,-4.018677646444549e-05,4.025827043154251e-05,0.0015022266297082753
0.005749973659715163,0.14604551528554288,0.023804905981999074,0.01723829355604793,3.164933575407518e-05,2.0272646645537882e-05,3.7585378216655206e-05,-9.304973880032556e-06,-4.619367913044872e-06,1.0388508017235038e-05,3.288769998586582e-05,3.51586503639282e-05,4.8142824031970406e-05,0.001483496377269786,-6.166534484037048e-06,-3.058329322010703e-05,3.1198781574443947e-05,0.0014793643663498185
0.005759981153184275,0.13660422722391677,0.019581073660723612,0.01773124118634085,4.102229656073534e-05,2.4895757571643693e-05,4.7985701622285074e-05,-2.216989259307071e-05,6.232486657852535e-06,2.3029286300895242e-05,1.143701933691444e-05,2.7177872691230262e-05,2.9486304877581296e-05,0.0014565757304750237,-1.3758645201434813e-06,-4.090483146321583e-05,4.092796403697454e-05,0.0014482737395585163
0.005769964727386619,0.12782866555851172,0.014994806436048355,0.018222134109473934,3.117072137190558e-05,-7.3952781187780326e-06,3.203597991788371e-05,-3.0041280392696657e-05,4.322088645860112e-06,3.03506009478444e-05,-1.0910597984230969e-06,2.5224272825309065e-05,2.5247858345795598e-05,0.001351529466617513,3.4669407293881974e-06,-3.55511470750451e-05,3.571979474146763e-05,0.0014963194101308762
0.005779977010838675,0.11778391050836401,0.010302863026614185,0.018663261591305838,4.261483653799055e-05,-1.9908386626155543e-05,4.703581774792635e-05,-2.8052015644807422e-05,-1.278569577077062e-05,3.0828389482410886e-05,-9.39527695732311e-06,3.929510216606337e-06,1.018392260610911e-05,0.0013555534340434334,-2.0366344617223607e-05,-3.0190099961739963e-05,3.641744264452632e-05,0.0014821704489025715
0.005789973688981864,0.10526078123407233,0.005852155874626735,0.019036069828884738,4.899264712026606e-05,-2.6577258273410986e-05,5.573715214453019e-05,-2.0078229223557195e-05,-1.0848655307347979e-05,2.2821669762122045e-05,7.83157112361349e-06,2.162580068472988e-05,2.3000190467034834e-05,0.0013210821080736983,-2.6225859050040684e-05,-2.243759347809583e-05,3.4514363444816555e-05,0.001461155087927189
0.005799984294858557,0.08940765054457568,0.0018510501708569132,0.019389105685849655,5.773459007880205e-05,-2.5751393028051894e-05,6.321722181852432e-05,-3.176975962818768e-05,-1.969234687328856e-05,3.737788319595883e-05,3.440946476875213e-05,6.255430768200554e-05,7.139364590246817e-05,0.0012912792684037044,-1.0916575688474026e-05,-1.5648699476085834e-05,1.9080183962819415e-05,0.0014494337150697816
0.005809963684300622,0.06984888417890112,-0.0017211234427547404,0.019791113648477215,6.036201687109484e-05,-3.2760711241967683e-05,6.867923472073583e-05,-3.9309037563596804e-05,-3.4709517696028674e-05,5.243997571383107e-05,4.018051481230727e-05,5.460587901697317e-05,6.779583905962339e-05,0.001346688236512511,1.6171147242258037e-05,1.562798057973301e-05,2.24886589224725e-05,0.0013406366810554573
0.005819987219207334,0.04575284280649423,-0.004944076582211451,0.020231122750551972,6.115962391846616e-05,-4.380993635633124e-05,7.523170954719831e-05,-3.673823342679953e-05,-6.298133652147881e-05,7.291328099430015e-05,4.8036535547373374e-05,5.9304756297557126e-05,7.631882380452877e-05,0.0013859426752285985,3.174799919996186e-05,3.1148178137290394e-05,4.447633589306963e-05,0.0013005438559871812
0.005829983085017342,0.016491369071997344,-0.007799244826944344,0.020773557302568052,5.43629927926849e-05,-5.9229139945454034e-05,8.03954352190203e-05,-3.2023171002629064e-05,-6.700034578752339e-05,7.425988026324394e-05,7.294563842778247e-05,4.883379276705556e-05,8.778271744285718e-05,0.0013661691812835723,3.580528556632566e-05,2.2121932620302834e-05,4.208798376429247e-05,0.0012968415714298318
0.005839979294598562,-0.018063325614537783,-0.010141882456665476,0.021458710038114233,3.9706086588927145e-05,-5.9270626152766464e-05,7.134129545185162e-05,-3.8250662063569774e-05,-7.67859476067623e-05,8.578574997148337e-05,9.31679726335205e-05,4.601370048474166e-05,0.00010391117243559491,0.0013296894128715935,3.961318185080522e-05,3.814301257207822e-05,5.4991759240987025e-05,0.0012684259469995566
0.005849955942465895,-0.058182312850110315,-0.012251687769275673,0.022208533456682632,2.1861498918962875e-05,-8.0584427681029e-05,8.349715635674552e-05,-4.0760676061185735e-05,-8.479202727730888e-05,9.408039435908425e-05,9.927451807209206e-05,4.302952406293669e-05,0.00010819875174663052,0.0012788374874573819,4.080515589257108e-05,3.312819698238875e-05,5.255985333618217e-05,0.001236618862782608
0.005859957484590053,-0.10423834480304854,-0.014248508924606341,0.022887540111220534,1.3191054482978253e-05,-9.4480865146828e-05,9.539726304913575e-05,-4.131410903580185e-05,-7.561698600073268e-05,8.61671873583972e-05,0.00010189647925598188,1.495391101204421e-05,0.00010298792132731335,0.00120573174033576,2.6270403028555087e-05,2.814560510007846e-05,3.850076832651888e-05,0.0013331393550484907
0.005869968967583659,-0.15542975585047908,-0.015988609859480106,0.02338986097307399,1.9255372422244148e-05,-0.00010084320647648159,0.00010266509465040989,-4.777318824996581e-05,-9.120329687921967e-05,0.00010295785000283248,9.621296008258205e-05,2.1693761562213782e-07,9.62132046539434e-05,0.0012590949274960263,1.932994548178163e-05,1.540828298841122e-05,2.4719667816935013e-05,0.0013688941967977364
0.005879984272359551,-0.21109055326879142,-0.01739777474795493,0.023767660430240083,1.748847642002323e-05,-7.783998255517759e-05,7.97803841284564e-05,-3.8848292682171215e-05,-0.00011392785187140285,0.00012036920401976557,8.698138654548125e-05,-2.938175093500933e-06,8.703099722658874e-05,0.0012143018446732659,1.0533328554141429e-05,1.699024743110131e-06,1.0669474940557835e-05,0.0013595885290346682
0.005889972644483208,-0.2705073376318154,-0.01844489723882098,0.024147558174599553,2.2768602677839484e-05,-5.695152927993722e-05,6.133421520835548e-05,-4.6243055452201015e-05,-9.787319053482539e-05,0.00010824777874405354,6.489391448509258e-05,-1.1400640918664186e-05,6.588774355337135e-05,0.001256819037254771,-6.833835538627361e-07,-1.0284802794589321e-05,1.0307481826580262e-05,0.0015170212245475341
0.0058999745347217475,-0.33256020843382755,-0.01924308170445977,0.024503899788444992,3.26265066754367e-05,-4.145382038679044e-05,5.2753276320078914e-05,-6.213775093189241e-05,-9.198635955785325e-05,0.00011100716389305943,3.990860806736031e-05,-9.948769782193775e-06,4.112997712196383e-05,0.0012155811734479304,-1.1909088944921792e-05,-2.490802492751079e-05,2.760862374852389e-05,0.0015097257235919827
0.0059099857275428614,-0.3963149018413868,-0.01991866820298437,0.024813912845308535,4.10154028626785e-05,-1.1286708758125459e-05,4.2540017237638274e-05,-6.388074117556006e-05,-7.446019657425289e-05,9.810744093602318e-05,2.466429017055575e-05,-1.0449180393510128e-05,2.6786425303005427e-05,0.0012412236078440156,-2.904165259069117e-05,-4.466899526131422e-05,5.327979657293852e-05,0.001377571092952896
0.005919997681181325,-0.46110163957035966,-0.020533453550479527,0.02507509231942746,5.608968310404083e-05,-9.385039233578123e-06,5.686942510811521e-05,-4.9303377737996093e-05,-5.4364367408661244e-05,7.339146748852648e-05,6.444655290070017e-07,-3.516923206152713e-05,3.517513638375303e-05,0.0013276891632544442,-2.7538789813382793e-05,-6.010218503676277e-05,6.611094909755074e-05,0.0012370945110428016
0.005929992033273825,-0.5258889450707026,-0.021036894709609132,0.025315104501635217,5.5576008411587444e-05,-2.1599630553565326e-05,5.962580608273025e-05,-3.714263003558568e-05,-4.114557389866983e-05,5.543043583999039e-05,-2.285163201378327e-05,-3.4078544336008615e-05,4.1031015948361176e-05,0.0014008700694160135,-5.417851000262194e-06,-8.394130972787874e-05,8.411597106550403e-05,0.001276181250110663
0.005939988437048837,-0.5902501362573057,-0.021307665635233463,0.025571070951210386,4.596956436585758e-05,-3.1068447884906234e-05,5.5483775123578763e-05,-1.8070322003084e-05,-4.500010351567436e-05,4.8492740216619535e-05,-3.233359946399044e-05,-2.964007475693289e-05,4.386337522232339e-05,0.0015282662415407457,4.829720075215198e-06,-0.00011752486870802886,0.00011762406624855459,0.001366603569453961
0.005949971011485544,-0.6529225047871183,-0.021379837967411455,0.025840746139593175,4.542731541420425e-05,-2.3553783326163435e-05,5.117051587308314e-05,-1.6029145429028773e-05,-3.1475374690125944e-05,3.5321844729130086e-05,-3.589513895489293e-05,-4.5449300937225285e-05,5.791459191148237e-05,0.0015316368860042134,1.1933726385905848e-05,-0.00014376894350409623,0.0001442633804599687,0.0014166617211123704
0.005959994067918254,-0.7125621441606971,-0.02133599618935828,0.026118641549330347,4.9837318342757636e-05,-1.8980308088897768e-06,4.9873448051532e-05,-2.500374701852414e-05,-7.797054289362412e-06,2.6191247021812836e-05,-3.2680708278930506e-05,-7.527750995128974e-05,8.206541414066636e-05,0.0014771040256257198,1.9670536165862854e-05,-0.00015932939548792265,0.00016053904901798622,0.0013977470642066504
0.005969982593316964,-0.7671553044280359,-0.021216969628265876,0.026346605152382494,5.0403417532508566e-05,6.789230743732045e-06,5.0858609428965205e-05,-2.8006999248989982e-05,-6.326921696197553e-06,2.8712748824916444e-05,-3.698055843832926e-05,-9.386359666894372e-05,0.00010088575956021161,0.001420234941588518,4.205141487820339e-05,-0.00016613216161505095,0.00017137157470288996,0.0013108281309885113
0.00597999319973683,-0.8162711426037673,-0.021011455670802415,0.026417811569480417,3.832397734222907e-05,1.8095878777259022e-05,4.238145901274449e-05,-3.652811477298058e-05,6.848590810197105e-06,3.7164584821487765e-05,-5.193120257183416e-05,-8.737109363074435e-05,0.00010163935164486819,0.0013933017057381589,5.5444002281359976e-05,-0.00017023492833368153,0.00017903622039617886,0.0013471061650378656
0.005989998987402787,-0.8593950626033122,-0.020679204805549693,0.026281535826409408,4.772892081878679e-05,1.420721265915358e-05,4.9798541886971276e-05,-4.043743625819736e-05,1.8046242470686026e-05,4.428152118487537e-05,-8.030371186085183e-05,-7.302782004725337e-05,0.0001085437637060957,0.0014442940741083697,3.9997557799303224e-05,-0.00016293115599309691,0.00016776878798857516,0.001473584889207046
0.005999989969773451,-0.8964868844709651,-0.02020008965947381,0.025964151868322186,3.1269034339398555e-05,1.960540051306573e-05,3.690696733404418e-05,-3.608317006226466e-05,1.655211867585963e-05,3.9698460856839946e-05,-8.999035588066421e-05,-6.073777570627831e-05,0.00010856952403540677,0.0014823365884526637,2.504707049402321e-05,-0.00015931064051940227,0.00016126759104989068,0.0014735607548551264
0.006009961005981372,-0.927649531939354,-0.01952500447980724,0.02548052836397305,2.195724373527739e-05,2.3011437738537956e-05,3.180639588581182e-05,-2.046377623704773e-05,2.2125381658183904e-05,3.0137993486631788e-05,-9.338239534763607e-05,-2.7991782909426488e-05,9.748749494838127e-05,0.0014248782352698866,3.386852861597331e-05,-0.0001651086576113429,0.00016854656937722185,0.0014485117957588468
0.006019999136666898,-0.9535175245827157,-0.018596276328696263,0.024811303307482515,1.2317344486941193e-05,1.2942756481606345e-06,1.2385157433936892e-05,-1.630976577292142e-05,1.81744014655541e-05,2.4419609501355546e-05,-0.00010390630960005736,-1.761576334309594e-07,0.00010390645892443254,0.0013988552425325995,3.798696235926893e-05,-0.00017256808109585944,0.00017669960928760322,0.0014184094359156042
0.006029996038720702,-0.974785194540227,-0.017519487130045027,0.023945425430475367,1.3796645013929525e-05,-1.911120597030643e-05,2.3570863524272134e-05,-8.81961732598345e-06,1.0426571113204309e-05,1.3656464950912223e-05,-0.0001144470180983034,1.3229973331818232e-05,0.00011520916693542231,0.0013867643688271571,4.665343408418506e-05,-0.00018785503402567804,0.00019356150629873712,0.0013388395135565645
0.006039961259028798,-0.9925132315075226,-0.016398256508109915,0.02290305316860008,7.64273964667434e-06,-3.153122417332406e-05,3.2444253222647355e-05,2.9245818273389417e-06,-1.593648171097779e-07,2.9289206219584743e-06,-0.000119207770797429,4.2298875198471726e-05,0.0001264898709839972,0.0013313047614108326,5.4058609163886925e-05,-0.00017944378939113926,0.00018740972967214221,0.001246779974395372
0.006049977970011413,-1.0075676701730043,-0.015219895819536804,0.021747597403105175,7.443788619775198e-06,-2.152848279950233e-05,2.2779059696667955e-05,2.5665814781401912e-06,8.332699906207775e-07,2.6984587010368418e-06,-0.0001248086867891192,6.455789402228048e-05,0.0001405166537411721,0.001350542861607284,5.618690545368919e-05,-0.0002110245464786349,0.00021837657282999782,0.001295890378908288
0.0060599942540477065,-1.0196743869171512,-0.013981732318785639,0.02051429625957391,3.2535315055893195e-06,-2.4889069041396998e-05,2.5100821201811084e-05,-1.4476552780459673e-05,3.301642170376807e-06,1.4848280083115525e-05,-0.00012678385448471746,7.262624603118255e-05,0.00014611200282859676,0.0014764233914964157,7.207116969474691e-05,-0.00023681915347076885,0.00024754305676342564,0.001318679723106775
0.006069958650732351,-1.0286116466061976,-0.012755452043569218,0.019181244421373023,7.003534714864933e-06,-3.902355862926076e-05,3.9647038055744714e-05,-1.5780699522703612e-05,-1.0110830958135174e-07,1.57810234242309e-05,-0.00012194642664303205,8.898396046905622e-05,0.00015096051202802326,0.001374876513098569,9.448079692892571e-05,-0.00025036606143777297,0.0002676000480347259,0.001292595501478941
0.006079988953826534,-1.034549856734559,-0.011491832221495132,0.01772595494832952,1.0851079244696515e-06,-3.6995972239403765e-05,3.7011882161631296e-05,-1.1660633645303984e-05,-6.656427005181014e-06,1.3426779118064703e-05,-0.00011965253047625194,0.00010548956873089275,0.00015951419109408463,0.0012504374508410794,0.00010420466433367324,-0.0002599879145623842,0.0002800934268907271,0.0012751997513867764
0.0060899928755560615,-1.0371323988618018,-0.010383368243193924,0.016253005473266618,-8.868999003182836e-06,-3.71054355493181e-05,3.81506551794731e-05,-1.5543826762162326e-05,-7.918169266975281e-06,1.744442475269923e-05,-0.00011665777709562314,0.0001198874151750317,0.00016727829887418902,0.001251269787737068,0.00010168073844238172,-0.0002473526122495432,0.000267436510889708,0.0013137122257865157
0.006099989890616766,-1.036990402496573,-0.009727367290878537,0.014743918372837079,-2.4277697594926846e-05,-4.9520620341054356e-05,5.515159507642153e-05,-1.6828352452203452e-05,-1.8166309811412994e-06,1.6926121657876156e-05,-0.00011999780596098387,0.00011977758775841707,0.00016954687836900814,0.0013477322062801192,9.574935586327896e-05,-0.00023132274355844627,0.00025035604813073624,0.0012781145990617827
0.006109985632846028,-1.0349439262606752,-0.009467898486200457,0.013115881863998867,-3.451008428532578e-05,-5.444553947970691e-05,6.446132706217437e-05,-1.0395185436398724e-05,-9.860469439237805e-06,1.4327900677323907e-05,-0.00012872210269157698,0.00012511308439589757,0.0001795067230172616,0.0014628318521252505,8.652875255209941e-05,-0.00020278543958215538,0.00022047485009576588,0.0013129881084915774
0.006119974139240185,-1.0319293221949684,-0.009531618628773261,0.011315733996437156,-3.1551925410325e-05,-4.364071327643504e-05,5.385198095125867e-05,-9.77616875614401e-06,-1.4859019893254061e-05,1.7786622718681764e-05,-0.00014751474309436432,0.00011576272401912343,0.00018751428666244086,0.0015410830084421697,8.181450494928414e-05,-0.00020113426208308516,0.0002171372943641963,0.0013046898575113102
0.006129987556662607,-1.0284664285491025,-0.00990075945025268,0.009394276225854687,-3.8706917517729814e-05,-3.875055571995146e-05,5.477071327205263e-05,3.8728802007343614e-06,-1.199575642108773e-05,1.2605450137274262e-05,-0.00015041882331359464,8.298969961008689e-05,0.0001717938085276034,0.0015452035789007379,7.230995529425733e-05,-0.00019424523888026809,0.0002072678037281958,0.0013094527441685415
0.006139961785386554,-1.0243022601755276,-0.010492727408484713,0.007407997803071923,-5.285508855689289e-05,-3.2245777421356295e-05,6.19148653221877e-05,1.5772687496856547e-05,-1.0473751780182911e-06,1.5807424383403632e-05,-0.00014755728384073172,6.427881860603812e-05,0.0001609500498162154,0.0014646487226226937,7.944620617517453e-05,-0.0001749422747893514,0.00019213666798427958,0.0012844480125092594
0.006149962887980511,-1.0186936169743155,-0.011420115783393641,0.005344486086605754,-4.71807509896545e-05,-6.257637917676817e-06,4.7593920790963743e-05,2.747367858351648e-05,1.5351530072162348e-06,2.751653520459902e-05,-0.00015685075194779054,5.961737446521728e-05,0.00016779865829235125,0.0014774791691560848,8.6614577426254e-05,-0.00016618602180249148,0.00018740298520905882,0.0012521272875006735
0.006159975295933049,-1.010595836553146,-0.012551341981122604,0.0032522508185939634,-3.556324773709518e-05,2.0487007794254085e-05,4.1042198746800014e-05,2.685320100118947e-05,3.1988040425835267e-06,2.7043053661026003e-05,-0.0001586078424962705,7.370867414754201e-05,0.00017489830286743859,0.0015162363725311355,9.76906478260195e-05,-0.0001658932653522522,0.00019252022792917145,0.0012395389623692187
0.006169982337224006,-0.9987874236401119,-0.013685421647114705,0.0012239032731323916,-3.308545413426012e-05,5.6704987678123625e-05,6.565137396008085e-05,1.25423205034393e-05,1.7186530955971604e-05,2.127643414464849e-05,-0.00013216974739480372,9.515396013765227e-05,0.00016285919764104248,0.0014490442820709356,0.00011832097868205802,-0.00018100405563918422,0.00021624597604143512,0.00118332878616566
0.006179980492075587,-0.982386836122215,-0.014645246924700206,-0.0006657366883323759,-2.3313038025746877e-05,9.021716269702583e-05,9.318065350217045e-05,5.894791795993645e-06,3.3541291209249026e-05,3.405534886477835e-05,-0.00010427500331681733,9.080187268769387e-05,0.00013826878317362321,0.0013540187796063003,0.00013275992029044767,-0.0001611060572103406,0.00020875909107243105,0.0012332346112871443
0.006189987946860759,-0.9608568487141007,-0.015328131638808572,-0.0023592636136623517,-2.0133171536783975e-05,0.00010838948825974802,0.0001102434839858557,3.851561987792583e-06,5.097956719962176e-05,5.1124855027731465e-05,-8.749423104010678e-05,9.837724854262245e-05,0.00013165608036135853,0.0013494016886909442,0.00013499312079607965,-0.00014295824913674918,0.00019662198162593572,0.0013576842453064488
0.0061999630487530755,-0.9338010652294091,-0.015752839745479575,-0.003905944426861936,-1.0934110380642449e-05,0.000130852930124721,0.0001313089642486041,-1.134758227984044e-06,6.774825649159422e-05,6.775775921536082e-05,-7.828366122204517e-05,0.00010819254273197095,0.00013354384267774122,0.0013712597826111878,0.00013532586595195288,-0.00014259479273608385,0.00019658678722409763,0.0013407276907239705
0.006209984208849826,-0.9010383543877762,-0.016103956532748123,-0.005401295671208055,-4.509094945368881e-06,0.00015996530665682854,0.00016002884512187027,-4.2621132059961714e-07,8.379748056276639e-05,8.37985644552281e-05,-8.153804070252981e-05,9.945042823500893e-05,0.00012860342047447287,0.0013797023422900023,0.00013421338785142307,-0.0001448084498271571,0.00019744042296323413,0.0012699253496961135
0.0062199899287840536,-0.8631316561935907,-0.016430079243296005,-0.0068657910748592035,9.27129313801269e-06,0.0001698343800443515,0.00017008725267197476,2.605619146174576e-06,0.00010287872275189887,0.00010291171384345412,-7.546538062440811e-05,7.937164795943467e-05,0.00010952114943052424,0.00148227748469777,0.00013605172818121226,-0.00013635426802508313,0.00019262024594977203,0.001325232701973014
0.006229976582287904,-0.8206885575321893,-0.016821161843181578,-0.008343216782971266,1.3828812034202957e-05,0.0001727776050930974,0.00017333013836025063,3.443006751996128e-06,0.00011738465289637669,0.00011743513541992927,-9.610780992636708e-05,5.9209626304989745e-05,0.00011288264249218849,0.0015805824360797097,0.00015266784977951108,-8.982711942260595e-05,0.00017713380179983285,0.001392663387932994
0.006239967494492535,-0.77435318122368,-0.017494944950903455,-0.009966035476081636,2.6865198415732362e-05,0.00017345201649511378,0.00017552020086627606,8.206673258106332e-07,0.00011250769476720935,0.00011251068783316187,-0.00010701077676805552,4.688314536060909e-05,0.00011683037132272847,0.0014781627348167728,0.000150746547537918,-6.621863118955693e-05,0.00016464941151191623,0.001457132337302301
0.006249960368758599,-0.7247839081268391,-0.018520569558100386,-0.011738933527644435,4.0411377109527616e-05,0.0001673309232021836,0.00017214156168567635,-2.8458969499260056e-06,9.352048521361825e-05,9.35637765593084e-05,-0.00010620139542507744,5.4646843017682014e-05,0.00011943623337175718,0.001421463924305704,0.00013868830620827888,-7.132669804392163e-05,0.00015595494263655158,0.001470628571708202
0.006259998517275639,-0.6722518665590277,-0.019844820890012185,-0.013593832306402754,4.371875320906839e-05,0.0001518534185069997,0.00015802148617962504,-8.913520995769798e-06,7.157595222306112e-05,7.212882775409537e-05,-7.963267986325472e-05,7.157116934772062e-05,0.00010706911778848146,0.0015067773487108895,0.0001261203789906986,-5.88312769373223e-05,0.00013916705480404964,0.0013950686716836685
0.006269964856281512,-0.6181839087753831,-0.021425837362884805,-0.0154642025455489,3.9118431268410734e-05,0.00015139621254459823,0.0001563683626497078,-2.7718033853271634e-05,5.8010883877420495e-05,6.429270603210505e-05,-6.530167783632811e-05,7.04490946750692e-05,9.605927372605132e-05,0.0014382075981348203,0.00010070404329023258,-4.8210207469087924e-05,0.00011164913093801285,0.0013820575582185394
0.006279968251574158,-0.5628554747149532,-0.023217926106614693,-0.017329796217330093,4.422588138312117e-05,0.00015291974452456491,0.000159186610145364,-3.739803112618595e-05,2.7849576003286775e-05,4.662844213222247e-05,-6.170224307459459e-05,5.831502841045457e-05,8.48988182423553e-05,0.0014004487414528365,8.430198745131359e-05,-4.21310102873038e-05,9.424355211933776e-05,0.0014018180178648238
0.00628999274730658,-0.5069704890864101,-0.025163347140281657,-0.019144718387109037,4.4715393433673364e-05,0.0001176129503203586,0.00012582635849847735,-3.157042058136615e-05,2.295363031477048e-05,3.9032814404184304e-05,-4.986708735481814e-05,6.534720338716911e-05,8.220087220812873e-05,0.0013808963946746991,7.733858623130106e-05,-3.365425398558326e-05,8.434373557996193e-05,0.0014344554595257177
0.006299978669363407,-0.45118276826302994,-0.027171170595863686,-0.020858053631859153,4.036839585655483e-05,9.168808987955135e-05,0.00010018140151641022,-3.706856436580782e-05,2.6568496838878806e-05,4.560661671752851e-05,-3.6175213395365884e-05,6.166827480623142e-05,7.149560952797827e-05,0.001372719816962706,7.170723005367301e-05,-1.677259404492676e-05,7.364269653513713e-05,0.0014485113371277155
0.006309976929827969,-0.3954843029568219,-0.02913562143029635,-0.022391550069305207,3.8773829078386276e-05,9.683430045678397e-05,0.00010430863610629095,-5.3302957915549934e-05,2.1544130772278445e-05,5.749221593641979e-05,-2.157043316931926e-05,7.197551826591812e-05,7.513826466428129e-05,0.0013706123994479606,7.24507114329212e-05,-4.4144802642979475e-07,7.245205630964837e-05,0.0013876058666497898
0.006319958736051649,-0.3407069235580177,-0.030887663771299662,-0.02371428167641888,2.9618926420695403e-05,9.100081900780824e-05,9.569968580098078e-05,-4.700170183495232e-05,2.2514170937168695e-05,5.211571613601613e-05,1.7986007644729685e-05,0.00011089653768850611,0.00011234562093065547,0.0013891923414369486,7.889092903012613e-05,2.3871490350795818e-05,8.242345985703667e-05,0.001396697199828718
0.006329958410957847,-0.28773852487789636,-0.03232754364747351,-0.024809565235926045,1.337289928870361e-05,4.455171412403155e-05,4.6515477711996484e-05,-3.742068042599724e-05,2.9902310794348088e-05,4.7900475095623e-05,2.5856808861093872e-05,0.00015652049430850567,0.00015864185987014303,0.0013619091305815457,9.768523999726265e-05,3.3553502678304915e-05,0.00010328719018012745,0.0012711775762610272
0.006339979575708321,-0.23708996723872808,-0.033487312229167336,-0.025621407087678398,9.845522563724734e-06,3.389213280016639e-05,3.529321436617707e-05,-2.8146701211592305e-05,5.0893905890201966e-05,5.815863173988352e-05,1.8039332680285305e-05,0.00015588211634769687,0.00015692243855034536,0.0013554981922645477,9.478919916643125e-05,3.2624788979894226e-05,0.00010024654175878587,0.0012803318751184582
0.006349963037528943,-0.18897603186640324,-0.034209038878596,-0.026159050788387952,1.8554818042801598e-05,3.389202797910695e-05,3.8638721939759396e-05,-2.935008367767081e-05,4.554749968144037e-05,5.41848884756358e-05,2.1897824534287957e-05,0.00015938067253401782,0.00016087794596131034,0.0013810443206812065,7.424456834211317e-05,5.263164881244125e-05,9.100739741923655e-05,0.0013204799634848326
0.006359961274282395,-0.1440003531516226,-0.03430349548449103,-0.02641990487511696,1.5999645180291893e-05,1.0615352796702718e-05,1.9200894794089723e-05,-2.792322359890684e-05,3.136435560222221e-05,4.199320443235066e-05,2.365183459307474e-05,0.00015327461905866518,0.00015508874274813467,0.0013700711879510836,7.103409887004777e-05,6.0500430957221074e-05,9.330672724026492e-05,0.0012808723829534408
0.006369989516460177,-0.10319567896697777,-0.03382233255681754,-0.026403555026044117,1.0125266852242672e-05,1.1601550689590338e-05,1.5398604067650363e-05,-2.537435336055897e-05,2.607792234278711e-05,3.638565434594994e-05,3.120856747375507e-05,0.00011477831307030781,0.00011894551624600869,0.001371547492117159,7.192565422724489e-05,5.3322265109716313e-05,8.953526507722005e-05,0.0012854454010370578
0.006379975710467145,-0.06693402949540207,-0.032903106747672384,-0.026174301697473864,5.7322750542200165e-06,1.4054475360703294e-05,1.5178512936445688e-05,-2.251963698842086e-05,2.2898032927769042e-05,3.211625697448954e-05,4.1654034232929335e-05,8.359425729217717e-05,9.339731484421148e-05,0.0013573803223138029,6.715592856741844e-05,4.734369450907721e-05,8.216656346422817e-05,0.0013705495340012425
0.006389990623740286,-0.03415166497810832,-0.03170629249030975,-0.02584584663084502,6.719698270349098e-06,9.974376699737977e-07,6.7933222174437905e-06,-2.4183192873770207e-05,1.7867148177923626e-05,3.006762048419944e-05,3.8081074720250525e-05,6.431761736173696e-05,7.474573001142012e-05,0.0013633153540095698,4.985249820997021e-05,4.6677825290304135e-05,6.82941502004911e-05,0.0013844751296683924
0.006399996009538428,-0.004403148389335947,-0.030489240777193487,-0.02551979690221067,8.864035132965822e-06,-7.808144580301622e-07,8.898358840613326e-06,-2.2911751951531804e-05,1.9462989560511957e-05,3.0062540480157677e-05,3.705437062237124e-05,3.5312065003012396e-05,5.118562607800184e-05,0.0013561149223177472,1.8845672178512476e-05,3.5982041379456314e-05,4.061855070891705e-05,0.0014065551951654696
0.006409968392701951,0.023074250745425233,-0.029477819783791333,-0.02523557645893879,1.5655283702786163e-05,2.302734562565898e-05,2.784504541885823e-05,-1.8739598859818368e-05,1.4443840988468776e-05,2.3660031866569337e-05,3.0552010128440284e-05,-5.535183101268607e-06,3.104937317970988e-05,0.0013240197337891176,-1.0927828434230923e-05,1.7023580525397853e-05,2.0229180116670347e-05,0.0014362645281070815
0.006419964509205941,0.04969408947182409,-0.028748331985419387,-0.024956483072213636,1.9827744254442206e-05,2.8142329495115873e-05,3.442571933353368e-05,-2.4864930259719707e-05,6.2806981534694284e-06,2.5645894917427214e-05,2.0987816711739125e-05,-6.675749097381068e-06,2.2023943251305845e-05,0.0013483692862171202,-1.5062532291756393e-05,1.724461079640149e-05,2.289664780179778e-05,0.0013634057866172447
0.006429978221835664,0.07538830338480824,-0.028335984119394638,-0.02466301857241518,1.96983440958274e-05,2.187561332140368e-05,2.9437513792866277e-05,-2.5469651376394296e-05,-3.0588790122865395e-07,2.547148815132681e-05,2.5470301377350686e-05,3.4572834721415994e-06,2.5703872495400683e-05,0.001392472108076029,-1.609746317651848e-05,1.0229529580378197e-05,1.90727972818672e-05,0.001368333096143442
0.0064399953837639854,0.09978482980876616,-0.02822343303413736,-0.02432690372207354,1.618026664787245e-05,3.566826781080044e-05,3.916664853442577e-05,-2.4983991101007336e-05,-1.4590435768590516e-05,2.8932345692193353e-05,2.8176933626567965e-05,2.135558673747757e-06,2.8257745830922816e-05,0.0014381162830689191,-2.3174831926387092e-05,6.997275809202445e-06,2.4208153658764233e-05,0.0014074056403925506
0.006449984380157341,0.12244620079414452,-0.02837688167276919,-0.02387561695621469,1.5562485161455733e-05,3.9913991188530235e-05,4.284060733694842e-05,-2.34785457101006e-05,-3.2091980314398175e-05,3.9763517313751344e-05,4.382635432145614e-05,1.728142548226351e-05,4.711047653981908e-05,0.001480966673291537,-1.9332981212379086e-05,4.926583270031591e-07,1.9339257348341177e-05,0.0014474076235744516
0.0064599867114587175,0.1430256844513449,-0.028966232487695896,-0.023241918377599098,1.8061547303135665e-05,2.0741008754265325e-05,2.7502889577786514e-05,-2.4499697166875794e-05,-3.040879162939073e-05,3.9050349161413724e-05,4.8791185207210964e-05,3.266074314236169e-05,5.8713745379899654e-05,0.0013834105613401387,-7.524182144180887e-06,-1.2837359690585262e-05,1.487988981021949e-05,0.0014519250065235007
0.006469992173478451,0.1621072700612347,-0.030004287372510003,-0.022452025587997044,2.887409462628163e-05,-9.113972131139665e-06,3.027833926249351e-05,-2.2816895967962697e-05,-2.6542244405413125e-05,3.500144967982779e-05,3.20619011433829e-05,2.7332092715170856e-05,4.213085326834425e-05,0.0014277109843348888,1.6274962484829833e-05,-1.7303089233934505e-05,2.375439540211703e-05,0.0014735272942151142
0.006479956661035917,0.18001445101011251,-0.03138070310894839,-0.02158650952785635,2.4863320779254768e-05,-2.6321755041529574e-05,3.620800337823683e-05,-1.9172840283234787e-05,-3.329666424012297e-05,3.842220261835485e-05,3.0447386554759842e-06,1.8484424049241926e-05,1.8733509172398612e-05,0.0014118342029619435,2.6998980825054288e-05,-1.4047455228885742e-05,3.043478214147751e-05,0.0014788211404807585
0.006489976550495774,0.19674532267814376,-0.032667367232296685,-0.020729891712065136,1.2051577382912611e-05,-4.093682155181431e-05,4.267392501494817e-05,-9.912963327512635e-06,-4.7246478674529614e-05,4.827521713131275e-05,-2.248366043179975e-07,1.3521897539737443e-05,1.352376665629065e-05,0.0013769872825780635,1.9142716741131494e-05,-3.776339877154001e-06,1.951164644767272e-05,0.001537011040986669
0.006499970786370717,0.2116047208830409,-0.0334807616104896,-0.019954898942922322,7.2540415262055524e-06,-4.118671614306683e-05,4.1820649267000585e-05,-3.0217172296697425e-06,-6.585056762042424e-05,6.591986067148616e-05,7.718593704705498e-06,2.187467249319252e-05,2.319650804459052e-05,0.0013855391734189852,2.159591468164565e-05,2.5758433905156898e-06,2.1748988484740654e-05,0.001500288284028818
0.006509964984914044,0.22433388896325424,-0.03376259984193163,-0.019315728607527054,5.272741438098396e-06,-5.072319186797041e-05,5.0996509640836976e-05,4.533707236994094e-06,-6.885391174347767e-05,6.900301198998045e-05,-1.553700805085028e-05,2.756280488843561e-05,3.164027232010111e-05,0.001396113481258072,1.842868254157276e-05,-7.063103151821567e-07,1.844221284118046e-05,0.0014554973096689914
0.006519959368723488,0.23499003562732593,-0.033683706829471124,-0.018854158293138894,7.934428433990781e-06,-6.171858366253719e-05,6.222651142305603e-05,7.211777212302746e-06,-8.049373432495822e-05,8.08161555392042e-05,-4.317762073338151e-05,2.6926163396186988e-05,5.0885412521015263e-05,0.00141407446831875,2.1724428404234705e-05,-1.3176713298549503e-05,2.5408198732749456e-05,0.0014866442509732674
0.006529996411384291,0.24390763015174793,-0.03338992682131456,-0.018600289440565375,5.085886118283549e-06,-6.276091615182289e-05,6.296664858339129e-05,-8.729222878646344e-06,-8.1420719076096e-05,8.188731786384035e-05,-3.8072419189257196e-05,2.3685343892164942e-05,4.483865094104231e-05,0.0013946392302756024,3.356741102812297e-07,-2.0822225731661456e-05,2.082493124907205e-05,0.0014989226699190553
0.006539962588281889,0.251042736684772,-0.033072030300380736,-0.018569712290332278,1.1319167073089114e-05,-5.504166302057679e-05,5.61934890472129e-05,-4.647467183157359e-06,-7.790931021662209e-05,7.804780310584263e-05,-2.0305534004577512e-05,4.868575334653676e-06,2.0881037737628173e-05,0.0013594397025557437,-2.886811200019778e-05,-2.1579012407199364e-05,3.604194316246042e-05,0.0014654344579816607
0.006549982944956602,0.25631272967271285,-0.03288579797582412,-0.018756049760548867,1.626079634016516e-05,-5.760759738386292e-05,5.98585731032538e-05,9.852744532864873e-06,-8.268795442535945e-05,8.327289103832183e-05,-1.959502889501471e-05,-2.0141301295667454e-05,2.810048354173495e-05,0.0014165960097489712,-3.4683485410880524e-05,-1.6989102418958266e-05,3.8620897986046565e-05,0.0014122163868089152
0.006559978538742022,0.25960537521213695,-0.03280558836458098,-0.01909488455733482,3.0010305115210382e-05,-5.7040543895526486e-05,6.445341000292774e-05,1.4960102739566953e-05,-7.87129780456271e-05,8.012201686671257e-05,-1.8213391194812217e-05,-5.22479635618798e-06,1.894798447800975e-05,0.0013950000759598538,-2.5307840101923378e-05,-4.103189044348881e-05,4.8208949418038446e-05,0.001464342710539785
0.00656999697712984,0.2611369027277801,-0.03282601117284333,-0.019544755185263843,4.010899977419165e-05,-6.176467325868692e-05,7.364514054327319e-05,6.19140186105336e-06,-8.932408074849044e-05,8.953839879385769e-05,-4.495423262153818e-06,1.1883864674118233e-05,1.2705710129649147e-05,0.0014256559972841607,-4.3233351916907234e-05,-6.349808132126924e-05,7.68188066130532e-05,0.0013876904029691277
0.006579982118465766,0.2611252344241348,-0.032964451698856034,-0.019994416867641456,3.4286552013973204e-05,-5.8351575285053635e-05,6.767919907367531e-05,7.260509463911808e-07,-8.172671453994454e-05,8.172993955381552e-05,7.671588326837661e-06,8.811220028486527e-06,1.168293053334111e-05,0.0015181103264635472,-6.40750967460706e-05,-5.758925855222765e-05,8.615184689612656e-05,0.0014156065403282746
0.006589966692864798,0.25977623714662695,-0.03323694923464208,-0.02035583926339546,2.4682490006901833e-05,-6.571990314969697e-05,7.020207249751505e-05,1.8728720818568396e-06,-7.121467372096572e-05,7.123929676111777e-05,9.98112314974306e-06,-1.741831744906885e-06,1.013196906617377e-05,0.001466222789114431,-7.61370350496806e-05,-7.58420022547502e-05,0.00010746561036985657,0.001322044098635736
0.006599967994790061,0.25756603631885416,-0.03363085815059521,-0.02058613428986345,2.2128588711115886e-05,-8.894477630965857e-05,9.165613820754684e-05,5.21225436720598e-07,-7.175537135440779e-05,7.175726439995362e-05,1.3826040362638348e-05,-2.164338125267527e-05,2.568258834615312e-05,0.0014452167483581684,-6.840346465375891e-05,-9.35522953202649e-05,0.00011589247575372657,0.0012239568019522316
0.006609986454824011,0.25542325581441816,-0.034116031927915666,-0.020644493956546855,2.450288129521873e-05,-8.801239615484742e-05,9.13595811542795e-05,-1.1970670730060543e-05,-6.667106958064532e-05,6.773720157162368e-05,1.8262798210995357e-05,-6.89259038898706e-05,7.130434787256113e-05,0.0013301513115206898,-6.268574538200594e-05,-0.00011965070958591084,0.0001350769964816721,0.0012728118681647788
0.006619981099827853,0.2545414397740163,-0.03468653733759074,-0.020540367134704435,2.7622121017497663e-05,-7.481747887884444e-05,7.975360001461766e-05,-1.2701993807286528e-05,-4.980828269966417e-05,5.1402389751547646e-05,1.4407697522931043e-05,-9.982768470280558e-05,0.00010086202645711139,0.001383354804620852,-6.357673375234976e-05,-0.0001275526964038846,0.00014251909147380474,0.0012670647159562063
0.006629985121013332,0.25605896178719123,-0.03533554550553174,-0.02035617814868388,2.3053346958683525e-05,-7.482397928306309e-05,7.829485731355347e-05,-1.723336254028222e-05,-4.706529947531494e-05,5.0121165181446886e-05,1.9875571277767207e-05,-9.960814619228412e-05,0.00010157175356112076,0.0014257694148151587,-6.885187795706987e-05,-9.56547310634964e-05,0.00011785757791947477,0.001301504556232682
0.006639965643973591,0.2604426970669252,-0.036074401109432594,-0.020205583828286085,3.274520995281529e-05,-4.567937118970451e-05,5.6203680725916516e-05,-1.4985620228059756e-05,-4.6176031590990965e-05,4.854683004184546e-05,2.4496479876157627e-05,-0.00010767134194931146,0.00011042280291447302,0.0014132837650387893,-8.620614240775672e-05,-7.275976765514292e-05,0.00011280728158260358,0.0012645414230133792
0.006649989356091944,0.2676629860723916,-0.036936767153673986,-0.020159997822243376,4.435825752285407e-05,-2.6880825344391745e-05,5.186746361313163e-05,-1.7165141173073403e-05,-3.6421236648168695e-05,4.0263489049925194e-05,2.1358173826966677e-05,-9.78019593566189e-05,0.00010010691705979493,0.001396948465114681,-8.102700344372188e-05,-6.348681554991946e-05,0.00010293663602303318,0.001299908458526728
0.006659974233030556,0.27712867965741594,-0.03798210996059649,-0.020284003977832806,4.533443593044241e-05,-2.1414542419291037e-05,5.013774733829795e-05,-1.961004406478158e-05,-1.7786921886828367e-06,1.9690545297801087e-05,3.3861963550013696e-05,-8.401475877273349e-05,9.058207475600818e-05,0.001365644003060044,-6.672209290848729e-05,-2.4142380266031114e-05,7.095556501782265e-05,0.0013364499900755185
0.006669986718168594,0.28829576852903765,-0.03922493906425677,-0.020678180917186283,4.353141118028433e-05,-6.769588540143777e-06,4.405463753510894e-05,-1.9701112228629293e-05,1.1779377169652425e-05,2.2954031226561827e-05,4.3586450201766463e-05,-8.160122287668997e-05,9.251236790917362e-05,0.0013844339248705964,-4.969312841289399e-05,5.506471461304469e-06,4.99972823202875e-05,0.001346667376995341
0.00667998208399872,0.30069203580871057,-0.04076826861587994,-0.02139693214408808,4.7601146671485586e-05,1.546787545504638e-05,5.005121712339381e-05,-1.9953591040624856e-05,3.1281557557459134e-06,2.019730560863777e-05,3.4661983608547976e-05,-5.366372445567678e-05,6.388464940918164e-05,0.001438232478146975,-4.2360681499750696e-05,4.410057159786645e-05,6.114971588144843e-05,0.0013935985988561815
0.006689963464909093,0.31384438420471494,-0.042619815972261985,-0.022486708298947795,4.6252713734998916e-05,2.009409575720091e-05,5.0429021526808515e-05,-1.3026405094491988e-05,1.5408178880300294e-05,2.0176699583755985e-05,1.8391622687873033e-05,-3.7799541249941156e-05,4.2036378338280866e-05,0.001482340459533995,-4.9445089714268524e-05,7.634656894133928e-05,9.095941669759506e-05,0.0013879867793014102
0.00669999470757306,0.32712800878088394,-0.04464239752340731,-0.02401175538757831,4.6508587556171674e-05,1.4522698909988353e-05,4.872327472676958e-05,-1.0668224333483901e-05,1.7811310020888338e-05,2.0761834579095736e-05,1.3514891077520859e-05,-3.0040253155371754e-05,3.2940386920558106e-05,0.0014067121036408343,-5.130109302199041e-05,7.978241793611749e-05,9.485270874879765e-05,0.0013943054666557928
0.006709993415910295,0.3397596928190886,-0.046741213730586775,-0.02585359664966366,4.582712306028815e-05,4.0826573695738496e-05,6.137535602924321e-05,-1.7096515479997605e-05,1.386734305325967e-05,2.2013496880654535e-05,1.53903495719674e-05,-1.568604553007656e-05,2.1975324441723086e-05,0.001320364728290817,-4.7465044917394464e-05,7.117704249395478e-05,8.55517496442739e-05,0.0014187163567553908
0.006719977067568235,0.35164240661883295,-0.04869381812658061,-0.02783076384464316,4.4278671907523176e-05,4.63241895191869e-05,6.408222312391813e-05,-3.486906146191119e-05,-3.3073454614832748e-06,3.502556182613113e-05,1.2143544047794712e-05,1.2120580878267503e-05,1.7157334958184916e-05,0.001391157030210264,-5.6902954038008484e-05,5.3588475775170274e-05,7.816438392361139e-05,0.0013803515101371033
0.006729991232328321,0.3633001462089935,-0.0501838933884824,-0.02980826762872867,4.591051343364284e-05,4.9843640253977945e-05,6.77655053659948e-05,-3.40818032655578e-05,-1.2656067796922058e-05,3.6355816122217285e-05,1.506676084576681e-05,2.1060397750903535e-05,2.5894934558901563e-05,0.0014270142867125507,-6.701913835315161e-05,3.82604873951463e-05,7.717143125090415e-05,0.001345393470933457
0.0067399631776007855,0.374877886149509,-0.051272411721308135,-0.031673378922264454,4.845271397407049e-05,4.8786388264436976e-05,6.87588334059085e-05,-2.544040496269248e-05,-3.193982225122326e-05,4.0833398708722796e-05,3.626332122772576e-05,2.4135751685794398e-05,4.3561025882129466e-05,0.0014246071033194876,-8.508097712507049e-05,1.7093759907686263e-05,8.67811574959587e-05,0.001310219064978664
0.006749992578756297,0.3860433574530236,-0.05207626295388042,-0.0333865356129212,5.2590261007653075e-05,4.785794439691533e-05,7.110638786178999e-05,-1.857995906558037e-05,-4.559160368985524e-05,4.923219684202061e-05,5.508537456354323e-05,2.4311081036315677e-05,6.02115200934187e-05,0.0013952700629080695,-7.493237853931252e-05,1.263585643659704e-05,7.599030346988434e-05,0.0013424816084745407
0.006759998883430472,0.3968077743101824,-0.052644807072135626,-0.034895620656921186,6.077929666263077e-05,3.0053118792218787e-05,6.780348701905598e-05,-2.2309264900438102e-05,-5.308800189881942e-05,5.758506096208437e-05,6.190564637859313e-05,7.824889774671804e-06,6.23982207561817e-05,0.001372412627792165,-6.137757422300209e-05,1.549019551424394e-05,6.330207559448296e-05,0.001350650171107979
0.006769959001106804,0.4072967781302497,-0.05297464901285054,-0.03618694486326147,5.749842591118185e-05,3.327300156562081e-06,5.7594617010581175e-05,-2.991383680621596e-05,-4.0756580980111914e-05,5.055627088361384e-05,4.7447783616288985e-05,-1.0503093921426305e-05,4.85963697411698e-05,0.0013227129797745989,-5.338690249219458e-05,1.6045311545131605e-05,5.574597187502811e-05,0.0013724026852495728
0.0067799985463174,0.41761619991980276,-0.053125213406627333,-0.03737534813795067,4.046579144418381e-05,1.386038067273645e-06,4.0489521838719105e-05,-2.6855881231740228e-05,-3.8206465292509234e-05,4.670088164993301e-05,2.485801910664682e-05,-1.254831098730037e-05,2.7845667931303452e-05,0.001424120044011061,-3.196622680334306e-05,2.5549861763974e-05,4.092230555822764e-05,0.001423330276166698
0.006789988188117938,0.4276568022800381,-0.0531989544208085,-0.038536728720517555,2.063313832626176e-05,2.3599474224243064e-05,3.134743340133869e-05,-1.6407045610932177e-05,-3.4612802605747596e-05,3.8304533020305266e-05,2.495379270880862e-05,-3.2097241923195784e-06,2.5159373997477597e-05,0.0014105830518935862,-2.445534766885686e-05,3.0257628478764844e-05,3.8904859731961816e-05,0.0014299817421437708
0.0067999708061716015,0.43833607993877266,-0.053360301214138824,-0.039707193321745785,1.632155154227178e-05,3.580346528248202e-05,3.934820416462395e-05,-1.3728766824267062e-05,-1.3842111518556553e-05,1.949571978171752e-05,2.741140504280634e-05,-1.998833996641897e-06,2.7484185703180663e-05,0.0013676118302082076,-1.2708270178354679e-05,2.71108396991053e-05,2.9941572438945865e-05,0.0014667460527275533
0.006809980784842799,0.4509081991737379,-0.05363601133068362,-0.04091697832748011,1.4240116796996277e-05,2.410745341910087e-05,2.7999111356366542e-05,-2.6455094478780583e-05,1.4678976945325733e-05,3.025465894771599e-05,2.1752419783162974e-05,-6.418434893576881e-06,2.267959595993776e-05,0.0013896051916526017,-1.1152793718299803e-05,2.7844087852243207e-05,2.9994633454109507e-05,0.001466918942578966
0.006819980150435991,0.4657530560446799,-0.0539744172533902,-0.0422008866092472,7.699563346303849e-08,3.1287371725262896e-05,3.128746646506158e-05,-1.9576644271565707e-05,3.769461351934013e-05,4.2475038426208e-05,-7.165837397106467e-06,1.502140209282957e-05,1.6643069020953862e-05,0.0013945442149201977,-7.2100232280407e-06,5.039922490894512e-05,5.091233943133355e-05,0.0014459870372797493
0.0068299845002377435,0.48241458763312894,-0.054380005267212914,-0.0435786565541899,-1.3830879998170323e-05,1.8526050419827352e-05,2.3119424423669658e-05,-6.8374042099616554e-06,4.64614008782619e-05,4.696181286855265e-05,-1.2700861435652883e-05,3.3814890130255954e-05,3.612144343363006e-05,0.0013978996833454642,4.650339152290593e-06,7.650308784568678e-05,7.66442959662113e-05,0.001414580658603714
0.006839969587457437,0.4995670719376422,-0.054670703085215835,-0.04512489302534519,-1.261135131286024e-05,1.0045013716257603e-05,1.6122917927477802e-05,2.4394029959711032e-06,4.7246507784474104e-05,4.73094407576873e-05,-6.675351244798261e-06,4.726949807327024e-05,4.773851445468668e-05,0.0014071537566956887,3.1283853695173586e-06,7.265829492710027e-05,7.27256118347154e-05,0.0014003916674735074
0.006849972801697294,0.5163203857444135,-0.05469214395990755,-0.046842184444046704,-5.029200978030763e-06,2.998509841441123e-05,3.0403930492608227e-05,-3.6928598317464223e-06,3.163528988196349e-05,3.185009858152385e-05,-1.7239698351653905e-05,7.080556812264353e-05,7.28741084091348e-05,0.001357260610377734,-1.8375714262984857e-05,7.122120898901045e-05,7.355356880893794e-05,0.001371311890938111
0.0068599665323948655,0.5316490502526537,-0.054429422468515724,-0.048615895312599536,-5.085876049318947e-06,3.937572966254741e-05,3.970282384978494e-05,6.378076147354901e-07,3.4517486671762245e-05,3.452337881333023e-05,-1.8619217381441074e-05,0.0001003533654596075,0.00010206602380306044,0.0013520644731525896,-2.1298989088969905e-05,7.781243609768306e-05,8.067479251704382e-05,0.0013195031276926283
0.006869968533687079,0.5446200144176512,-0.05395173651219791,-0.05035460093859184,6.712456948988376e-07,4.762738814578296e-05,4.76321180756429e-05,9.446124899897319e-06,3.968526213788902e-05,4.0793986156999025e-05,-1.4172275948112247e-05,0.00010605633857046794,0.00010699906708248987,0.0013378080502816753,-1.051824461041715e-05,6.794766481689825e-05,6.875695327568058e-05,0.0013619975504096352
0.006879972011526077,0.5548909605093922,-0.05316613064290615,-0.05192134440908422,7.369054456969994e-06,6.108721047003987e-05,6.153007595152746e-05,1.0239487306992377e-05,3.8841630269797666e-05,4.0168636301544026e-05,1.2722742086758096e-06,0.00010825858025524741,0.0001082660559942215,0.001347497859568773,2.8220148488560665e-06,6.619862498373927e-05,6.625874823406275e-05,0.0013714367852594449
0.006889965317175171,0.5623187798182948,-0.05164944788319889,-0.05321088770290854,1.526539448832437e-05,8.605677003632578e-05,8.740022847778615e-05,5.1549769683474005e-06,3.832153340241953e-05,3.866670027112409e-05,9.468065503169185e-06,0.00011736546793060721,0.00011774675081267717,0.001343551061298459,-2.04778085367667e-06,6.545345625979993e-05,6.548548192369226e-05,0.001350738418909024
0.006899993840153902,0.5670265578604617,-0.049462079450839094,-0.05421111080536404,1.939784079125219e-05,0.00010802085837595975,0.00010974872241462276,3.95068266316215e-06,3.3663483895006326e-05,3.389451344177049e-05,2.0659958293560952e-05,0.00011409350948823514,0.00011594896629135457,0.0013466913810269965,4.210530423970522e-06,7.295675334432657e-05,7.307815285703442e-05,0.0013171642001285938
0.006909973914984763,0.5694415133054255,-0.046981196695696226,-0.054947748444439753,2.102459732722699e-05,0.0001189788855067355,0.00012082222017988626,8.965521943845135e-07,1.1648682376806288e-05,1.1683133438978306e-05,2.8686491037694002e-05,9.998767817187333e-05,0.00010402139469483099,0.0013370198775104164,1.5113982534353115e-05,5.9988208476880204e-05,6.186289375962276e-05,0.0013493219043602925
0.006919994835008652,0.5695986465255805,-0.04432022965266488,-0.05545919698725324,1.7105598322853596e-05,0.00010508826891069212,0.00010647133772348665,1.940841339279328e-06,-1.1108608183398905e-05,1.1276880813262713e-05,3.128774907275832e-05,9.871601508280985e-05,0.00010355566076207244,0.0013493496301233217,2.583551304239772e-05,5.973083317704588e-05,6.50787689357135e-05,0.0013474445092028484
0.0069299780214827356,0.567226671713524,-0.041559302194355226,-0.05574799267325185,9.99023051730045e-06,0.00010392010345883096,0.00010439919831436893,3.567646711340189e-06,-5.483968930617503e-06,6.542325143931211e-06,2.765893759856808e-05,7.971674369224603e-05,8.437876542102716e-05,0.0013617622756436454,3.640766934507114e-05,5.598620285247375e-05,6.678303150485439e-05,0.0013325173320881873
0.006939960288435847,0.5628412819506121,-0.038738296555387075,-0.055888280047605154,-5.024752560764905e-06,0.00010130266640871956,0.00010142720719714821,8.18462194009548e-06,1.0877231498508993e-05,1.3612575119148048e-05,1.0265410251005663e-05,6.542403550891413e-05,6.622448995570377e-05,0.0013952376507241934,4.20445420841048e-05,4.887395430541957e-05,6.447020186497246e-05,0.0013510720196485324
0.006949996434153348,0.5573524361757418,-0.036132081984645625,-0.05599094128594089,-2.2589296237083732e-05,9.040215192558666e-05,9.318167940782983e-05,1.4906158290001823e-05,1.880994397328187e-06,1.5024370033028677e-05,-2.790295873313607e-06,5.7220159904016045e-05,5.728815279359072e-05,0.0014213835228023418,3.8326000410903935e-05,4.23748461877909e-05,5.713588974484904e-05,0.0013694393541644387
0.006959987984477801,0.5513558271518473,-0.0340981368971043,-0.056079693322753255,-3.236313500454217e-05,7.870665387261713e-05,8.510058678496982e-05,2.3879786263132262e-05,-4.632776720705684e-06,2.4325024401155137e-05,-1.1422287758699329e-05,5.513332973321748e-05,5.6304109131698505e-05,0.0014336007070627735,4.23417268073812e-05,3.507494815194308e-05,5.4982486456074346e-05,0.0013881441750001823
0.006969967946167452,0.5446284032975754,-0.032456599333615346,-0.0561389840275691,-5.054150954357012e-05,7.55888322031536e-05,9.092917980923011e-05,2.923677231726447e-05,-1.6245823244098025e-05,3.344720658605196e-05,-1.7543012072897442e-05,6.25375320835061e-05,6.495152185811645e-05,0.0014351531475164394,6.16449328061687e-05,2.3134687192697548e-05,6.584308234113146e-05,0.0014058454948026214
0.006979986730648021,0.5372058555470534,-0.031077844527912797,-0.05611469645479019,-5.720324324159289e-05,6.943598810209975e-05,8.996425668604049e-05,1.950692549182832e-05,-1.8659792767620957e-05,2.6994592204260114e-05,-1.8770153466107428e-05,6.48501007770551e-05,6.75118821537026e-05,0.001413709863219466,4.7592131493933744e-05,2.396314912181514e-05,5.328455213258557e-05,0.0013974526981669305
0.006989988592971343,0.5291573246639121,-0.029969223424077603,-0.056053128477030686,-5.429818106080079e-05,5.589130141228248e-05,7.792387336413736e-05,1.8131777732067024e-05,-1.1565890596712182e-05,2.150653828537259e-05,-1.2241507459207109e-05,6.74811163438855e-05,6.858247274552612e-05,0.0014147211245415926,2.5332481284188156e-05,3.5365328312942185e-05,4.3502195975558906e-05,0.0013936198178766171
0.006999973832570555,0.519848947501689,-0.029088005390009285,-0.055968418232432315,-5.46846764754772e-05,5.320462912329726e-05,7.629643767159264e-05,9.66338078363067e-06,-1.5059052085124026e-05,1.789290300292048e-05,-1.0239350861071528e-05,6.822814133003094e-05,6.899219938084886e-05,0.0013399536392850364,2.1054896839134592e-05,3.6877051944066906e-05,4.246440439935557e-05,0.001379855890307037
0.007009981092335826,0.5087410969347794,-0.028338212087610434,-0.05587890843678787,-5.9721486509381344e-05,5.5108183366133565e-05,8.126233952333404e-05,4.251678227477275e-06,-1.7366352880476873e-05,1.7879233208369194e-05,-4.36919617616445e-06,7.358394432302645e-05,7.371354514171778e-05,0.001341845525609313,3.002866484900623e-05,2.891756215265443e-05,4.1688680879425464e-05,0.0014002234290756486
0.007019958978262349,0.49600005594435026,-0.027627258959924624,-0.05582813596088787,-4.8841671908694314e-05,6.099893575156792e-05,7.814332394811761e-05,6.271387394164339e-06,-8.917023286475786e-06,1.0901541365294855e-05,-1.0752140034881418e-05,5.6025778867067284e-05,5.704819377501117e-05,0.0013344717964341199,2.2293702842490423e-05,3.466948581272778e-05,4.121871459602056e-05,0.00138085309163447
0.0070299765559185086,0.4821606689543325,-0.026950340582935068,-0.05587105091973488,-2.9816625784893662e-05,6.960625987296205e-05,7.572359332928354e-05,-2.7518894481272245e-06,-1.9085402202633745e-05,1.9282776583547583e-05,-2.59941085421541e-05,6.346881706319852e-05,6.858559920495738e-05,0.001354360835437034,2.13550857891898e-05,2.2649901193514873e-05,3.112969182532398e-05,0.0013912879425393922
0.0070399830810224705,0.46697985379142626,-0.02650132338573132,-0.05596383460219869,-8.939291477563152e-06,7.770422183953615e-05,7.821673109897063e-05,-1.120147562589897e-05,-2.2456150400195082e-05,2.5094854990491384e-05,-3.0914801038384e-05,6.619031642063644e-05,7.305397258949606e-05,0.0013463850113088999,1.2483109361224702e-05,1.692738029419284e-05,2.103245641736894e-05,0.0014385854833431507
0.007049990318557698,0.45047746490181934,-0.026417297690119624,-0.05598537900662092,-4.407886990312471e-06,8.907608584042267e-05,8.918508023413846e-05,-1.8581454622458203e-05,-4.055275656397153e-05,4.46071353128982e-05,-2.3116138218812372e-05,6.808923056736451e-05,7.190618308189472e-05,0.001345923866685131,4.147319570329752e-06,-3.87681619469553e-06,5.677143949724517e-06,0.001447499494467769
0.007059968894757484,0.43333141741722836,-0.026501010362524988,-0.055824182718316934,5.908145372051694e-08,8.610160603114322e-05,8.610162630148383e-05,-4.9514289094495054e-06,-4.6334842290539115e-05,4.6598650820967604e-05,-3.8511570236045636e-05,5.452545774721496e-05,6.675452482483266e-05,0.001316366666395495,1.6455791914261886e-05,-2.2439682176031467e-05,2.7826829206483284e-05,0.0013799892504612562
0.0070699856228296646,0.4158398238205673,-0.026689322588613142,-0.05547902762533982,4.521916600898472e-06,6.692902989478947e-05,6.708161277431472e-05,6.56935617111642e-06,-3.050062597202441e-05,3.120007412151958e-05,-7.231623429464294e-05,3.613726297042427e-05,8.084268376019742e-05,0.0012933222556217087,1.3557703559170103e-05,-3.365799118682946e-05,3.6285971070525635e-05,0.0013912491327601234
0.0070799858331441505,0.3989086731525006,-0.027085459271989056,-0.0550298821572093,1.1490760650672862e-06,4.729996220427407e-05,4.7313917617642555e-05,1.223475509054361e-05,-3.0804460450727444e-05,3.314519596843582e-05,-8.108339269693489e-05,2.2044277008832936e-05,8.402658341315273e-05,0.001345021083548972,1.3464262032285984e-05,-5.3236569685627776e-05,5.4912828227717066e-05,0.001399477247294461
0.007089959798666404,0.38314514641647696,-0.027766241850752087,-0.05447737557825652,7.432303580620636e-06,2.920225207497222e-05,3.0133215274257172e-05,1.744535627918774e-05,-4.503108160337495e-05,4.8292222625155796e-05,-5.862949757505075e-05,-6.8195758288213745e-06,5.902477954544114e-05,0.0014036531405748434,1.0939838457166284e-05,-5.024745098588387e-05,5.142456996463555e-05,0.0014166023475859356
0.007099997741017178,0.36876385673448947,-0.028794995562665206,-0.05384363211661975,-5.238415485313664e-07,3.642625989792815e-06,3.680099736349794e-06,2.1804234681153566e-05,-4.4235683509359564e-05,4.931754602138113e-05,-4.869457462979617e-05,-2.4625669490113178e-05,5.456725388191236e-05,0.0014254022381976045,7.964135352630207e-06,-4.7547706684433855e-05,4.8210080510863805e-05,0.0014580019665788525
0.0071099676633398536,0.35599218479653205,-0.030202748269806522,-0.05321374854682969,-1.572805741434495e-05,-8.202770493739159e-06,1.7738580377298766e-05,2.597704798974123e-05,-3.813140543928976e-05,4.613904098523088e-05,-4.58845295133797e-05,-2.4495448484584363e-06,4.5949867449523965e-05,0.0014585190374056364,1.1302992448092818e-05,-4.577274650922474e-05,4.714766124930683e-05,0.0014783061047632527
0.007119971380930784,0.3440886331085434,-0.03188814049382755,-0.052625887859612724,-2.516803506060622e-05,-1.103920444523042e-05,2.7482613114394692e-05,1.6068049323248532e-05,-5.014714507749372e-05,5.2658507085536995e-05,-3.961993153349212e-05,1.580954230143409e-05,4.2657714454708396e-05,0.001499201024019139,1.2987525896289952e-05,-4.686603572809556e-05,4.863230545402852e-05,0.0014527284022859779
0.007129990758922399,0.3323824336901989,-0.033744088384529816,-0.05210485215199123,-2.3489379036421842e-05,-1.1192119037430011e-05,2.6019501456882243e-05,9.267573059861862e-06,-6.172510460336483e-05,6.241695641984001e-05,-2.83382303064815e-05,2.6183252556545745e-05,3.858261281125276e-05,0.0014844677949451671,4.078308351339495e-06,-5.185175635916705e-05,5.201189514465923e-05,0.0014244816981732029
0.007139961431496943,0.32034501900575596,-0.035757141796845415,-0.051604276150647534,-1.6424911632652936e-05,-1.9554745828674915e-05,2.5537537206327016e-05,9.433780190498675e-07,-6.930663179896649e-05,6.931305197006072e-05,-1.8531868260277494e-05,2.888361854383068e-05,3.4317540142058546e-05,0.0014479825362875838,-6.040466649769732e-07,-5.2401462630828064e-05,5.240494402461985e-05,0.0014191218482484734
0.007149979474100601,0.30739486767533847,-0.037887343492228914,-0.051035801553341656,-8.540516450142185e-06,-3.259651827569827e-05,3.369678656686837e-05,-7.174327811982048e-06,-6.487482545653321e-05,6.527031452022756e-05,-1.0401528348177001e-05,5.3687008127321816e-05,5.468534203642735e-05,0.0014453326188334837,-1.1491631387724847e-05,-6.283816393666297e-05,6.388029773633083e-05,0.0014768660393740074
0.007159995254801014,0.29335458055870467,-0.03999633978430288,-0.050343460267247536,-1.9161730426965617e-05,-3.066501312821966e-05,3.6159576091397755e-05,-1.8524875899823823e-05,-7.675485092094773e-05,7.895871178660898e-05,-1.1050219098121886e-05,6.653143052414687e-05,6.744285425236598e-05,0.0014290748328797238,-6.86597036654666e-06,-6.43705698526826e-05,6.473570739733511e-05,0.0014208730760738209
0.007169962449877353,0.27764620384583194,-0.04197658645665936,-0.04951732332207502,-2.906724222797068e-05,-2.8867807746103433e-05,4.0966509429111864e-05,-2.9588665194146824e-05,-8.4355885711935e-05,8.939465622852607e-05,-1.4674102093723343e-05,6.12554925109024e-05,6.298860718423797e-05,0.0013901391475602373,-4.5533710631246935e-06,-5.430588762702131e-05,5.449644592996104e-05,0.0013841313296185293
0.007179959609427872,0.259633318434277,-0.04371948942734402,-0.04859459120420111,-2.5224793133761776e-05,-2.4848227198261096e-05,3.5407973445785874e-05,-1.8729356469029956e-05,-7.176789412264806e-05,7.417155398495853e-05,-2.7987319240500505e-06,5.4847539884816214e-05,5.491889958656493e-05,0.0014244630672940665,-6.469199253805562e-06,-5.563176117681305e-05,5.600663702294043e-05,0.0014821491957535114
0.007189968909607604,0.23921145299378385,-0.04523012304453555,-0.04766344558712357,-1.937510985323397e-05,-4.784039234131507e-05,5.161490115456817e-05,-3.8075877044560502e-06,-5.853128471805585e-05,5.865499991367525e-05,3.376936912278909e-06,4.6797148255708877e-05,4.6918831909759945e-05,0.0013933352440574681,8.287994878690766e-06,-3.929809795234684e-05,4.016256169346586e-05,0.0015119697801056968
0.007199959927297341,0.21612860532252698,-0.046870204435254234,-0.04683052773771401,-9.949854754610152e-06,-3.358842214188597e-05,3.503115344403285e-05,6.4114938003734245e-06,-6.367844358609992e-05,6.400040179796012e-05,-4.013489415531299e-06,3.690067385581245e-05,3.7118295061891274e-05,0.0014142875660571124,2.3157145515091508e-05,-3.35441444548594e-05,4.076104777377045e-05,0.001462029573037212
0.007209987078070645,0.18994969221736996,-0.04880481203002279,-0.04608671320983886,-2.2194953433721494e-05,-3.509805193849791e-05,4.1526969643865934e-05,1.5192430346815994e-05,-6.22943719187448e-05,6.412018958638345e-05,-9.272367058191407e-06,3.1187216871473184e-05,3.25364301522176e-05,0.0014700116664069815,2.3731298649787985e-05,-3.90867716804271e-05,4.572690953916815e-05,0.0014852137163895453
0.007219986323040487,0.1610673280963065,-0.05089188433449859,-0.04540324384699927,-3.331499700272174e-05,-4.359720055928893e-05,5.486897959592671e-05,1.780893646483544e-05,-5.735653041446207e-05,6.005772056275245e-05,-1.2838684416848108e-05,2.7570397866950505e-05,3.0413132954323652e-05,0.0014971635500711637,1.7816749821698147e-05,-2.3811276143124636e-05,2.973908952495213e-05,0.0015022388453964975
0.007229979056884137,0.12980184179282578,-0.05300731694897897,-0.04478086523653701,-3.0376346632582374e-05,-3.991967136028578e-05,5.0162761050963086e-05,1.1245793629559802e-05,-6.057389043386357e-05,6.160896100935606e-05,-2.6052960475431326e-05,3.2909717090859355e-05,4.197387554818815e-05,0.0014544046742443434,2.982484435165491e-05,-3.321396044867595e-05,4.463953975218216e-05,0.001472267719964102
0.007239979494087148,0.09620891235312226,-0.055136658354158444,-0.04421362259128567,-1.195324596825854e-05,-4.193158982367058e-05,4.360204484101913e-05,2.622055207541294e-06,-5.089522211879891e-05,5.0962719786460304e-05,-2.3739162873462165e-05,5.476939318667624e-05,5.969283276884673e-05,0.0014082800374565691,4.228569205273064e-05,-4.624767655639924e-05,6.266520038461288e-05,0.0014457159906110973
0.0072499584218456235,0.060508193099915564,-0.05727545540048396,-0.043670539472344894,-4.194135205343427e-06,-4.1042503984081516e-05,4.1256246840982136e-05,-7.689974933126772e-06,-5.111597421124218e-05,5.169118429709745e-05,-3.09193557233153e-05,4.904016230483208e-05,5.797364985257685e-05,0.0014395653450785663,4.4196679872494926e-05,-4.5495608794523735e-05,6.342867593869624e-05,0.0014930171260811001
0.007259988719917388,0.02308592759713626,-0.05936021146574334,-0.043134822688664524,-4.94895843601825e-07,-2.2454794597129985e-05,2.246024760093513e-05,-1.7895048802204798e-05,-4.9098702678971714e-05,5.225816085925102e-05,-4.451731509746027e-05,5.225147759790473e-05,6.864406933341659e-05,0.0015394897414451269,3.2194179892185495e-05,-3.645916734812177e-05,4.863883327803772e-05,0.0015378418149676544
0.007269994722444973,-0.014875619984860488,-0.06124335874610197,-0.042566988730140566,6.836514827900602e-06,-3.1569042689952565e-06,7.530204482994155e-06,-3.2084779371730435e-05,-3.3930811261799026e-05,4.6698319244020406e-05,-4.894586794749155e-05,4.458929089391481e-05,6.621104780590196e-05,0.0015587912220957237,3.0950220602772235e-05,-3.9355666534251246e-05,5.006780046811973e-05,0.0014913194308087854
0.007279979460642738,-0.05290708293905619,-0.06283825965149185,-0.04196069918667767,1.6790616977487522e-05,5.218087115178123e-06,1.7582754381105373e-05,-4.0127719942732604e-05,-5.165465937156215e-05,6.540976794481459e-05,-4.273984156411264e-05,3.313807504517246e-05,5.408166116739511e-05,0.0015523664295718797,3.0234268463756944e-05,-4.057932339372715e-05,5.060427330405229e-05,0.0014578778492480558
0.007289956192759518,-0.09087137102118643,-0.06419288743968306,-0.0412586442766478,3.56498486101474e-05,4.15781210260879e-05,5.4769077534558144e-05,-3.11699574626465e-05,-5.779094422919489e-05,6.566094336152281e-05,-3.691277593701348e-05,1.7319292825478005e-05,4.077390012435425e-05,0.0015179445837390864,1.8134206749326372e-05,-5.7670774584140814e-05,6.045467472050525e-05,0.0015164317869531363
0.0072999916149521695,-0.1282217153763277,-0.06532900865658622,-0.04037464163216604,5.403958774641976e-05,5.8345272263141995e-05,7.952639712235911e-05,-3.7054569992123326e-05,-3.292399352505563e-05,4.956844265194411e-05,-4.1116136925705045e-05,-3.045193830403229e-07,4.111726459466842e-05,0.0015049395774798875,1.9254649644848132e-05,-7.206490999847542e-05,7.45928467484263e-05,0.0015171515107900648
0.007309960085356894,-0.16373065376848117,-0.0662271110962578,-0.0393770542484444,6.01019596160431e-05,4.893112206780736e-05,7.750161454126708e-05,-5.825487746559893e-05,-2.762736964322444e-05,6.44740436294739e-05,-3.496364767784175e-05,-1.6508608838581722e-05,3.866511120798112e-05,0.0014827033263341747,1.4157799836135576e-05,-7.727731859891312e-05,7.856352376286342e-05,0.001463680518427018
0.007319978735606019,-0.197526587994079,-0.06686776362826036,-0.038328095952145896,5.608229239737296e-05,3.765892675951822e-05,6.755307754072492e-05,-6.376563451216474e-05,-2.2665311676636852e-05,6.767401641795813e-05,-7.394194119951861e-06,-2.1746152822676075e-05,2.2968876099424484e-05,0.0014198004348718383,5.505720424538001e-06,-6.92914816976308e-05,6.950987263149227e-05,0.0015100901791907785
0.007329971517588883,-0.22923184999892782,-0.06729251392415952,-0.03721110344068596,6.43150994348162e-05,2.378394452258856e-05,6.857191868661592e-05,-5.6004138795321476e-05,-1.3655472229856597e-05,5.764490856984697e-05,6.741488379506319e-06,-7.5775005243928866e-06,1.0142296572679838e-05,0.0014338128404079394,-1.0774209145032743e-06,-6.986162317170666e-05,6.986993078580048e-05,0.00149575021930261
0.007339959116689036,-0.25991266612420216,-0.06744308361160357,-0.03600441556932152,6.668908170757614e-05,2.1118100251464807e-05,6.995289684659731e-05,-4.7585346030583215e-05,-1.6350682786652e-05,5.031610064820265e-05,4.776726452634765e-06,-8.42951946935403e-06,9.68885514844346e-06,0.0014236753510715326,1.0323641331556888e-07,-6.686424275489305e-05,6.686432245183004e-05,0.0014855760540866164
0.007349979222642239,-0.2907916541340121,-0.06723755821419078,-0.03470922947507128,6.598104686015748e-05,6.4343780162792545e-06,6.629404019381135e-05,-3.795529540321502e-05,-1.2003570254093329e-05,3.9808166850412354e-05,2.3511655589077314e-05,6.050228449658806e-07,2.351943879394917e-05,0.0013892065264750919,-4.1017964363685225e-06,-6.285359695472925e-05,6.298729541862355e-05,0.0014815557955283145
0.00735998163947862,-0.3220731068464672,-0.06675456960034273,-0.03339274300613467,6.409598026374088e-05,-5.2857527210507815e-06,6.431355897318975e-05,-2.6476169809700418e-05,5.982585214100598e-06,2.7143671336723538e-05,3.208991859952274e-05,1.8256790841877416e-06,3.214181046304698e-05,0.0014369004624213626,-6.7611681351647385e-06,-5.452454350335363e-05,5.4942144468532254e-05,0.0015208844577469529
0.007369966776498766,-0.35342170678930934,-0.06614600701408054,-0.032159935389079644,7.035208860529876e-05,-4.823351686728423e-06,7.051723968379416e-05,-2.228071749349154e-05,1.1554292491951954e-05,2.509844710364283e-05,3.061070716623652e-05,6.150609156249595e-06,3.122251409175797e-05,0.0014710953551173764,3.958890006769758e-06,-4.69317270301506e-05,4.709840562182832e-05,0.00150775419529593
0.007379998054591323,-0.38527098483812744,-0.06543843345120982,-0.031046404038534283,7.09852600986018e-05,-2.9823052734194053e-07,7.098588657411828e-05,-3.571870825939771e-05,1.9341310941120054e-05,4.06191140799631e-05,3.848034841450777e-05,2.0280826500447162e-05,4.349769117600555e-05,0.0014971397039118118,2.6580228677519635e-05,-2.621871889499815e-05,3.733536898229573e-05,0.0014270989448446941
0.007389991146096957,-0.41780552165255963,-0.06465914672431078,-0.030076291578191822,6.0548597568799284e-05,-5.731442150485683e-06,6.0819257613627365e-05,-4.666400888022413e-05,4.363074477954519e-05,6.38840482029078e-05,4.872416540699625e-05,2.7118548326115907e-05,5.576253184643084e-05,0.0014341664916612588,3.982551369485169e-05,-2.202175534520179e-05,4.55085623761369e-05,0.0013821748200842933
0.007399971460935594,-0.45107874761604966,-0.0637736857030203,-0.02929353725312922,6.344497788048644e-05,9.800506849394441e-06,6.419746998722333e-05,-6.22645403687548e-05,3.362961051324358e-05,7.076597834132415e-05,4.991639399760939e-05,2.8129879808401918e-05,5.7296915516977985e-05,0.0014015559907517273,3.953355195924959e-05,-1.294149750106975e-05,4.1597885620363945e-05,0.0014774807580192292
0.007409966464186002,-0.48490569075762147,-0.06269576552130969,-0.028702166536862937,5.6296977668648564e-05,3.3982608155275855e-05,6.575840137700533e-05,-5.961521528968657e-05,1.0214065120117183e-05,6.0483890585127485e-05,3.348213653932286e-05,2.9289066276441234e-05,4.448486113930925e-05,0.001402791703748504,3.242517923655094e-05,2.3795750734742704e-06,3.2512376505767064e-05,0.0014623160965306805
0.007419956876920095,-0.5191693349707868,-0.06141025472141756,-0.02826166224383618,4.749166049881588e-05,4.9565906935940916e-05,6.86457350992554e-05,-5.0429144577193846e-05,-9.483577955710897e-06,5.131312574409753e-05,2.5857308290816276e-05,2.710847419574729e-05,3.746291186317226e-05,0.001453865143759585,4.363038654776191e-05,-1.0128297066688689e-05,4.4790546232193e-05,0.001279889353856894
0.007429997218771458,-0.5540317696958439,-0.05988575720704943,-0.02783550880204324,4.1544668193510045e-05,4.108863177618622e-05,5.843145656705697e-05,-4.2535770412542584e-05,-4.570194635890922e-06,4.278058489079432e-05,2.1742632762759666e-05,5.145159134326894e-06,2.2343113972178933e-05,0.0014799689973125107,5.093492216460063e-05,-1.0988950980455028e-05,5.210684541943379e-05,0.0011152671836846917
0.007439992845652756,-0.588703246128169,-0.05807465662901727,-0.027347676469443586,3.762132932791941e-05,2.7609967105370676e-05,4.6665562291259494e-05,-3.4430398664880846e-05,-1.5748675455092776e-06,3.446639754904082e-05,1.866519500492471e-05,-2.365049310539935e-05,3.0128646313772687e-05,0.001463897554393433,4.459550466047891e-05,-8.668874200505953e-06,4.543025881311919e-05,0.0011399797096910158
0.007449972023947285,-0.622638386271772,-0.055998697960545095,-0.02678941216010526,3.7720431145093034e-05,3.722640912331492e-05,5.299657028514325e-05,-2.3503503379191078e-05,-6.7516835944022065e-06,2.4454036526810175e-05,1.2681274111489213e-05,-4.3755164826363804e-05,4.5555780775583144e-05,0.001405992878423299,2.5404344504784647e-05,-2.266290050630757e-05,3.404390957391025e-05,0.001172454825081827
0.00745996235590817,-0.6547543198032946,-0.0537204671001922,-0.026203385950570396,4.5157786305944816e-05,4.30064282182354e-05,6.236007161753113e-05,-1.8103415430458716e-05,-2.4806143810445793e-05,3.0709581908457963e-05,1.197769281642471e-05,-6.038205993372183e-05,6.155857606413754e-05,0.0013779241384844526,5.064873220408245e-06,-4.613331423614641e-05,4.6410511989740397e-05,0.00120280930859443
0.0074699675704960914,-0.6842202681299073,-0.05136352379013376,-0.025587254792714224,5.37819500801095e-05,4.321802343758248e-05,6.899489621900173e-05,-1.585674756185492e-05,-2.8608290907432486e-05,3.2708878792839665e-05,1.1749025017162087e-05,-8.364344538721109e-05,8.446458160138642e-05,0.001323529010669362,-8.436483811996229e-06,-5.722881638248009e-05,5.7847313538743495e-05,0.001383256700044359
0.00747997665906257,-0.7104365369733902,-0.049014136032234444,-0.024898601250642895,5.419367705248325e-05,3.3235254629509944e-05,6.35730822184768e-05,-1.450484674619125e-05,-2.9570648442400015e-05,3.29365120866571e-05,1.2355516637023445e-05,-7.240044184447931e-05,7.344714269897498e-05,0.00141322215225837,-1.6585436530567287e-05,-6.360261462625899e-05,6.572951614157744e-05,0.0014256830149910874
0.007489958270510493,-0.7330392192962988,-0.04672062751533386,-0.024131834726746917,4.8808749603832224e-05,2.7107033915778714e-05,5.5830863557720204e-05,-1.9828985705283324e-05,-2.233343997435015e-05,2.9865887148856495e-05,1.210352866828912e-05,-6.390061757885102e-05,6.503679215015652e-05,0.0014465016959537883,-2.4032336872936884e-05,-6.925264766754006e-05,7.330404098369178e-05,0.001411819946865202
0.007499993868528688,-0.7524870816273256,-0.04453748333125,-0.02329253617296712,5.6995789915406786e-05,1.930310305046843e-05,6.017582450999894e-05,-2.9453836963276453e-05,-1.797599203211214e-05,3.4506011090791545e-05,1.4154972248527076e-05,-7.275752512006213e-05,7.412166148268025e-05,0.0014180649830432134,-2.811521336071321e-05,-6.352171684761469e-05,6.946562987252735e-05,0.0014074139797312112
0.0075099722627718695,-0.7688381625774943,-0.042569808445481805,-0.022451200501662535,7.372834172759652e-05,1.6637619122383586e-05,7.558226474486428e-05,-2.6325802630680377e-05,-2.25924418559445e-05,3.4691011993941177e-05,2.5944201799548393e-05,-5.498377696491961e-05,6.079734645807919e-05,0.0013993619164039913,-1.6276623067901057e-05,-6.808000991717304e-05,6.999868719352462e-05,0.001403130860209044
0.007519962940739569,-0.7824125478285927,-0.04095581456658107,-0.02166833919243327,7.417414192229976e-05,1.5895518368572255e-05,7.585822851948946e-05,-1.7524771344381498e-05,-1.2370061140244606e-05,2.1450781414350492e-05,2.9075484435569718e-05,-4.1194485340990825e-05,5.0421914061964815e-05,0.0014480760268244142,-6.221558768363007e-06,-7.320982806084955e-05,7.347371447128115e-05,0.0014417263411477337
0.0075299901782128744,-0.7930605330815559,-0.04006805832824338,-0.02102883057889881,5.74376016740652e-05,1.463061785088481e-05,5.9271688560114486e-05,-2.417294720442697e-05,7.890103166240486e-06,2.5428037763892278e-05,1.0549945013068988e-05,-3.5292309739039945e-05,3.683542407106389e-05,0.0015478478139339916,-3.6149592071614903e-06,-6.469122486819647e-05,6.479214848279846e-05,0.0015199592157348345
0.007539978725632402,-0.8004034072732251,-0.04019589690833621,-0.020609117508340737,4.04505560095149e-05,2.1567823581124812e-05,4.584123139167866e-05,-2.4720513567563016e-05,1.807161079034881e-05,3.062167382103595e-05,3.7688002092082715e-06,-3.521654743596889e-05,3.5417637814043656e-05,0.0015635425631124566,8.544743353446592e-06,-6.76124815042618e-05,6.815027728586593e-05,0.0015265912745223375
0.007549964841706514,-0.8043626106618541,-0.04112612449530059,-0.020323667505786073,4.3050704055595674e-05,4.110839515190808e-05,5.9525316224677896e-05,-9.865048994794647e-06,3.6989303134359514e-05,3.8282211770419394e-05,-2.5413165922402725e-06,-9.765276073540074e-06,1.0090535506822715e-05,0.0014718349238494574,3.836845546538112e-05,-7.756508472081098e-05,8.653600835805589e-05,0.0014355041745523528
0.007559966214083071,-0.8048216791239914,-0.04243058133321814,-0.020016081902462436,4.206482084881643e-05,5.265587444128154e-05,6.739503146537605e-05,1.365693709105957e-07,4.527293783679769e-05,4.5273143822443116e-05,-1.1363296411446948e-05,5.37373168285534e-06,1.2569864658528602e-05,0.0014670199754701434,5.4310019123110335e-05,-6.328309564256484e-05,8.339261580774775e-05,0.0013339506666810203
0.0075699912721043676,-0.8017914715752992,-0.043871500386074735,-0.019626953543988145,3.1614988822390647e-05,5.038197522985834e-05,5.9479836468352405e-05,-9.842283655357215e-06,2.999468358797964e-05,3.156820538287736e-05,-1.0595827866605526e-05,9.339094931406343e-06,1.4124102177361712e-05,0.001443942386292254,5.672714769419662e-05,-6.288094766835978e-05,8.468756027416422e-05,0.0013938862364256646
0.007579967190150209,-0.795332979878922,-0.045213572261615695,-0.019196750547795214,1.714841729449849e-05,5.519454528891757e-05,5.77971110468043e-05,-1.882381298609184e-05,3.304272462418727e-05,3.8028378691777436e-05,-1.545243052547031e-05,1.6992405153045647e-05,2.2967791405133818e-05,0.0015091604156166403,4.653937783546166e-05,-8.504230091457843e-05,9.694383236780753e-05,0.0014955630354633984
0.007589967957976571,-0.785189523793831,-0.04646688065076582,-0.018697989632244477,1.1220499368672592e-05,5.4101569900379705e-05,5.525286844832631e-05,-1.0770552541900084e-05,3.235823355783854e-05,3.410366668030666e-05,-2.998929543865294e-05,1.6967595655953634e-05,3.4456597963971236e-05,0.0015174287862885967,3.672797308199114e-05,-0.00010818561109383489,0.00011425003481162689,0.0014581878142145258
0.007599989399646848,-0.771738768731368,-0.04778598521533474,-0.01810277966585767,9.337973917855499e-06,2.422215349926537e-05,2.5959785766306375e-05,-1.6334610533914253e-06,2.1721724351948032e-05,2.1783055429277106e-05,-3.1268818829471336e-05,1.190503489176583e-05,3.3458465098752857e-05,0.0015213937299568786,4.167512175890387e-05,-0.00011538106960712764,0.00012267683969398744,0.0014041146514833553
0.007609994161680655,-0.7560057174725163,-0.04915296876656685,-0.017453623938203277,-4.7450984876830993e-07,-1.8809339288849165e-05,1.881532365067428e-05,9.281766064358285e-06,1.603909039026847e-05,1.85311521989507e-05,-2.2467150554874096e-05,1.5684355811584895e-06,2.2521830392479723e-05,0.0014607971345863145,4.50150757817791e-05,-0.00012332494526236923,0.00013128365919491154,0.0013895001131260846
0.007619973106125884,-0.7382805313079647,-0.050429999110948025,-0.01686436240717498,-6.518479681892241e-07,-2.9297991151020094e-05,2.930524170278901e-05,4.930648964680186e-06,1.788266850865811e-05,1.854996313213194e-05,-1.7031728907740407e-05,-6.267177071654553e-06,1.8148203713707666e-05,0.0013815027579033834,4.360595928453413e-05,-0.00012686883322215773,0.00013415357068776113,0.0013287699745067679
0.007629997163950928,-0.718566088045,-0.051346315250441726,-0.016343911689915804,-7.021218974911168e-06,-4.960349277275467e-05,5.009794418087809e-05,-1.1749273160813075e-05,9.708143880695235e-06,1.5241177035113882e-05,-3.16912573202939e-05,4.039975718682533e-06,3.19477259652174e-05,0.0014618120381486173,3.4926627192978336e-05,-0.00014547598522013952,0.0001496099313643568,0.0013425680055061668
0.007639975774411478,-0.6972547282046714,-0.052003723415585935,-0.0159182898089879,-1.3957208022303976e-05,-7.00351340985897e-05,7.141234952013068e-05,-1.9483477416836556e-05,8.32406980095501e-06,2.1187166641709108e-05,-3.500464892884376e-05,4.981646097588227e-06,3.535735064273366e-05,0.0015308745659952847,4.180439491691373e-05,-0.00017790370966970712,0.00018274938398969427,0.0013632058594192516
0.007649988272634897,-0.6742636068083504,-0.05251988766706276,-0.01563699702948428,-2.9764137302438663e-05,-9.347026221926663e-05,9.809482039688377e-05,-2.123187768583723e-05,4.323268992839552e-06,2.166756296519756e-05,-2.6917633929947164e-05,-1.287861195287322e-05,2.9839866993995328e-05,0.0014953648272175292,5.703783181641546e-05,-0.00018699507635202574,0.0001955005699178845,0.0013570078432414254
0.007659993327525552,-0.6493454435229913,-0.05286867970229271,-0.015618785371696966,-3.25567144446359e-05,-0.00010399885610479802,0.00010897569328311727,-2.440707103664465e-05,2.054153445351701e-06,2.4493359568766154e-05,-8.540538459273286e-06,-1.5877997123205822e-05,1.8029187164674353e-05,0.0014456201443546605,5.609508503250961e-05,-0.00020289655240695415,0.00021050812227425424,0.0013725181974341611
0.0076699772056735265,-0.6222922742641783,-0.05308808302327789,-0.015880051688586663,-3.128613837825425e-05,-0.00010257177759138937,0.00010723708319830747,-1.3963802804940625e-05,1.4283175817811907e-05,1.997490676368214e-05,-5.522324469511147e-06,-1.4413960002368557e-05,1.543561824147132e-05,0.0014926445386785948,5.389111385652526e-05,-0.000203229137072893,0.00021025302449213354,0.0013351106976603557
0.0076799806786752274,-0.5931387354707639,-0.05322671144260263,-0.016365234235046586,-2.5397046436855227e-05,-7.564204641608578e-05,7.97917862547835e-05,-3.7137529631260785e-07,1.2931909409173941e-05,1.2937240840990507e-05,-1.245393765272624e-05,-4.140280070549076e-06,1.3124118336885652e-05,0.001508819870595183,5.583071480990635e-05,-0.00019790453900193764,0.00020562897479138137,0.001308336476844326
0.00768996271722455,-0.5623460988384138,-0.053289581713970594,-0.016971601591188375,-2.2153695631947383e-05,-4.530625199562226e-05,5.0432555953905316e-05,1.3725530691244523e-05,-2.9711072904168933e-06,1.404342092538224e-05,-5.759511861073638e-06,1.1078100625510018e-05,1.2485843597721916e-05,0.0015140857881710064,5.474513802075469e-05,-0.00020380884421684707,0.0002110333507242837,0.0013581911205071853
0.00769995904395316,-0.5301745140011407,-0.05327751277243453,-0.017618839348352094,-1.8936196111216614e-05,-3.998045919813167e-05,4.423818080409643e-05,2.4144365710528712e-05,-1.2373532746464524e-05,2.713032819911297e-05,8.16507235048159e-06,2.837995417934206e-05,2.9531173456369015e-05,0.0014992164147574279,4.528795806558843e-05,-0.00019478705691498453,0.0001999824909519629,0.0014036876478550147
0.00770999504696977,-0.49684553009064486,-0.05318344097504836,-0.018306328454818926,-1.8923149890589444e-05,-3.874828405170495e-05,4.312209548170552e-05,2.4890351375020887e-05,-3.474944389755803e-05,4.274404569950693e-05,1.0719766969314627e-05,2.4424150518028846e-05,2.667306754769195e-05,0.001514218623564077,4.716810124186753e-05,-0.0001845141063560925,0.00019044759179141774,0.0014052294776202069
0.007719999631724893,-0.4628786066708239,-0.05300600517529029,-0.01899863414707087,-2.520914520128423e-05,-2.862273843707453e-05,3.814134446262501e-05,8.015821609444095e-06,-3.4536800290928656e-05,3.5454815898688864e-05,-2.7531729131372376e-06,2.3901719660536283e-05,2.405976233923559e-05,0.0014915350931964792,4.3575597975798776e-05,-0.00015666636236138284,0.00016261359670856725,0.0013935021527577787
0.0077299875952706815,-0.42849754832192577,-0.05275268111713887,-0.019747089137347535,-1.846791826768592e-05,-2.7870630894745455e-05,3.343405556633935e-05,-1.619285810987934e-06,-3.915567056150966e-05,3.918913910331715e-05,-1.4178631285549984e-05,2.2390389976766765e-05,2.6502134790300843e-05,0.0014685211168960536,4.46076880177013e-05,-0.00013266760322778207,0.00013996620583729767,0.0013742236619993854
0.007739985374075151,-0.3939494216958554,-0.05242946845163796,-0.020546678324408395,-1.360797389145493e-05,-5.185666643325556e-06,1.4562557878553423e-05,-5.125197559116557e-06,-5.301110506719185e-05,5.325828489976773e-05,-2.475367374611768e-05,4.3929688883503185e-05,5.042382303366751e-05,0.0014444984056715773,5.31235062005489e-05,-0.00011305994350614077,0.00012491860444566093,0.0013608897703454629
0.007749961451947057,-0.35989147873920174,-0.05205715053631113,-0.021349258781734118,-9.930145081613555e-06,1.0407399366603124e-05,1.4384774691244385e-05,-8.234324890535832e-06,-5.738121187187837e-05,5.79690226093928e-05,-4.673328876384202e-05,5.302669051631664e-05,7.068118692974722e-05,0.001439080895487547,5.977226964128286e-05,-0.00010238321476873754,0.0001185539829969945,0.0014311733857465861
0.0077599873006954055,-0.3263930648114468,-0.05166478589855298,-0.022164122071594468,-7.878895409708173e-06,2.126737564627103e-05,2.2679908724611802e-05,-8.258151724756751e-06,-5.305154738776405e-05,5.369044375068321e-05,-5.3204826754778625e-05,4.18219971911436e-05,6.767446371462452e-05,0.0015171951867471683,7.483077457008745e-05,-8.740788286967086e-05,0.00011506425513823719,0.0015135696411676587
0.007769967652442747,-0.29395856624190353,-0.05125157092735161,-0.022994356857780885,-4.6376041368004467e-07,2.2509432618779133e-05,2.2514209525112238e-05,-1.762052164912769e-05,-5.6619716239682114e-05,5.9298187579802975e-05,-4.511095359216975e-05,4.780725016011811e-05,6.573074852659907e-05,0.0015801441155073527,8.762108777356486e-05,-7.608848525302646e-05,0.00011604702758245375,0.0015586237847494033
0.007779963289498407,-0.26253478920092654,-0.050789697918220376,-0.02381712797904031,-2.213778076858903e-06,2.2089868618437023e-05,2.2200520465822188e-05,-1.8404126195571942e-05,-5.608744319151031e-05,5.9029764905371545e-05,-3.985452852394659e-05,7.065435819105077e-05,8.111979891034849e-05,0.0015266958363377736,9.381995584094131e-05,-6.907301108249935e-05,0.00011650435603014702,0.0015302454069756406
0.007789965700101399,-0.2317952609817431,-0.05026987179654196,-0.02456374942260768,1.6819320780822347e-07,4.027282869679973e-05,4.027317991165993e-05,-1.0734004332694174e-05,-5.402048106460627e-05,5.507659415274134e-05,-3.2697187713037756e-05,6.700141588629618e-05,7.455397920372895e-05,0.001482866507723736,9.570004804530623e-05,-5.4370094318760365e-05,0.00011006637248544543,0.0014272616531188728
0.0077999708907684215,-0.2013047434361967,-0.04968287435972749,-0.02518926263991393,3.172791097406798e-07,5.144562998682942e-05,5.1446608350553494e-05,-1.997950387768278e-06,-5.318937635266347e-05,5.322688759017626e-05,-2.0046824510440084e-05,6.825555491790376e-05,7.113856865374335e-05,0.0015171193793715259,9.211747379344985e-05,-4.8067195242952454e-05,0.00010390420702075075,0.001371154172060875
0.007809991702906979,-0.17080218658703492,-0.04903857498642868,-0.02563818494923856,3.493825778058553e-06,4.7207613608915046e-05,4.733672571287591e-05,2.9867517818207845e-06,-4.894380988396618e-05,4.90348571137312e-05,-2.0459464742955506e-05,8.47022854060182e-05,8.713820545874699e-05,0.0015140582432353754,8.448271200022731e-05,-4.889227949483035e-05,9.76103663609248e-05,0.0013579620629941467
0.007819981703892134,-0.14068709236249816,-0.0483556794668522,-0.02589808075666379,6.171208443798729e-06,5.007612564102348e-05,5.045495191626271e-05,6.3215293760106195e-06,-5.121380590956768e-05,5.160247716335559e-05,-2.4946179732684114e-05,7.782529259850187e-05,8.172568783006852e-05,0.001461304954806219,7.435783512414924e-05,-3.349863518259795e-05,8.155517275714002e-05,0.001403598202427816
0.0078299966939969,-0.11122456521280816,-0.0475906024282554,-0.025976919238629655,-3.223860678918717e-07,6.141283560624288e-05,6.141368178163709e-05,1.538951737534597e-05,-4.125054446958015e-05,4.4027771509388084e-05,-2.5215516237082035e-05,6.400308334001653e-05,6.879111088019767e-05,0.0014365497616287948,5.595181996767302e-05,-9.91841955424915e-06,5.682412519475337e-05,0.0014742857148699585
0.007839982616107523,-0.08312923917968927,-0.04670997679171827,-0.025893354025940313,-1.6041605517395792e-06,7.602611876136338e-05,7.604304087155304e-05,2.1145177889542305e-05,-2.6682108833840296e-05,3.40448745011828e-05,-2.2340265564426386e-05,6.694385538238003e-05,7.057313397424056e-05,0.0014286754130681564,4.3420213216118116e-05,2.4159423738985485e-07,4.342088533768857e-05,0.0014978124739044702
0.007849978197684258,-0.05673509876586674,-0.045722958098228975,-0.025674565300495337,7.551373174659946e-06,9.153221652123196e-05,9.18431810104194e-05,1.4929203644346351e-05,-2.675178898702663e-05,3.063558936042791e-05,-1.725775342977052e-05,7.210326601430455e-05,7.413980727903412e-05,0.0014183612346973513,3.077254729470097e-05,1.2395455626715404e-05,3.317524660343127e-05,0.001469503209298882
0.007859989157165834,-0.0321512648728892,-0.044751240448156426,-0.025323035985653837,1.0373241415485845e-05,0.00010574058714135837,0.00010624818072072177,6.687279476690067e-06,-6.411164013556823e-06,9.264055850872565e-06,-2.736054529623496e-05,7.200369782715634e-05,7.702682610423308e-05,0.0013861936990157554,2.268612710631685e-05,3.445261648282881e-05,4.125097751080393e-05,0.00149337747347337
0.007869984231473868,-0.009432084738053122,-0.0438849356023043,-0.024915472993894884,2.920297182533323e-07,0.00010054726803779457,0.00010054769212279538,3.2354283034076827e-06,-6.458839535859628e-07,3.299266947064355e-06,-3.276217724916715e-05,7.499851774517738e-05,8.184215247706729e-05,0.001360225476438826,1.4910914647174763e-05,3.676035645243031e-05,3.966937335180713e-05,0.0014665006875848956
0.007879984445131633,0.011458988146135581,-0.04320713905941676,-0.024469849622584756,-1.0305705712248334e-05,9.32178185293489e-05,9.378576257406074e-05,1.0024266923095892e-06,9.637625378022733e-07,1.3905745225358555e-06,-2.4999204099431308e-05,6.460056192178648e-05,6.926898877719807e-05,0.00136165234935989,1.7987344006380364e-05,3.804719668276983e-05,4.2084839548479204e-05,0.0014248969791809643
0.007889982485346805,0.03103294535843516,-0.04268502426757751,-0.023972135491309672,-1.0540260803367078e-05,8.557292111332658e-05,8.621961450662263e-05,-3.036756518218472e-06,-5.683272086224353e-06,6.443715679404181e-06,-1.600216659693697e-06,6.631816085675631e-05,6.633746417206922e-05,0.0013662750622787305,1.6655633425454418e-05,5.081583670528316e-05,5.3475783162672034e-05,0.0013557787631507958
0.007899970982648837,0.04971707503905236,-0.0422052527380926,-0.023412693696779757,-7.607474186470145e-06,7.514665581068771e-05,7.55307456803372e-05,-1.3734682228255676e-05,5.090483205425102e-06,1.464767951505894e-05,1.6426058640189e-05,6.531756224997505e-05,6.735131283598185e-05,0.0013324590974619862,1.1577634617463209e-05,4.993066275745367e-05,5.125536758949304e-05,0.0013882905491927069
0.007909987238536996,0.06747046312297827,-0.041562152721051404,-0.02280955376873299,-1.2948038022107558e-05,5.8041999365346135e-05,5.94686924267617e-05,-1.8234959418175767e-05,1.1234266801497773e-05,2.1417807907200777e-05,2.8143151921370888e-05,6.358845696616337e-05,6.953796703533238e-05,0.0013807903292098896,5.712747891411726e-06,4.304580514703916e-05,4.3423229143255715e-05,0.0013524633596233176
0.00791997557594777,0.08442785144979285,-0.04076155781196578,-0.022205284107539733,-2.8665507529827197e-05,3.8130615890784996e-05,4.770382783543859e-05,2.086344906495038e-06,1.3101945194738794e-05,1.3267019369654843e-05,3.7181748459811335e-05,5.5423490991568686e-05,6.674013614176388e-05,0.0014367987729173933,9.501057147417308e-06,4.580008175533258e-05,4.677518119380873e-05,0.001325852733483557
0.007929966085572558,0.10066110484143447,-0.03994998085012906,-0.021627197278446864,-3.085081373222637e-05,3.721687537115332e-05,4.834116796615992e-05,1.974057978373217e-05,2.3679285499217093e-05,3.082854281264893e-05,3.681846992949472e-05,5.82714735736644e-05,6.892869040098886e-05,0.0014770583127666453,6.800865975107109e-06,4.415077253473158e-05,4.4671495312167224e-05,0.0013573726310817645
0.007939965306455615,0.11583975514010923,-0.03933746640016037,-0.021125351393769202,-1.9750370146050372e-05,4.18434226148751e-05,4.6270391580718645e-05,2.1530716733125536e-05,1.8030477540964476e-05,2.808326696446331e-05,4.933393564273379e-05,5.464632570427657e-05,7.362104399544519e-05,0.001456391263026114,2.2296972131598952e-06,4.237974403200405e-05,4.2438358284464254e-05,0.0014240722995312624
0.007949999662666022,0.130024967822032,-0.038880953130557734,-0.02067541547315302,-6.720458384090617e-06,3.6274403408638375e-05,3.689169152458219e-05,2.748417410791303e-05,1.0448676717614681e-05,2.940331055414169e-05,5.511320271413614e-05,5.713038725758737e-05,7.938101952993148e-05,0.00141404734766605,-5.147853807172149e-06,3.87882328217312e-05,3.9128345278746995e-05,0.0014571214291804525
0.007959977234177688,0.14291119000853938,-0.03851550713486936,-0.020259391815251784,-4.684397395681136e-06,3.175512945260162e-05,3.209878230575346e-05,3.5142105507318794e-05,-9.56252046975817e-06,3.641990358611716e-05,5.442713311494627e-05,3.8179200289830567e-05,6.648281096556521e-05,0.0013856614086339629,-2.5872114855323737e-05,3.3304696467255136e-05,4.2173085420242376e-05,0.0014865982679344567
0.007969970778968001,0.15420989080628447,-0.038132731152014744,-0.01984852071749935,-3.966177534272454e-06,2.4303321078602275e-05,2.462482445994288e-05,2.5647923263285123e-05,-1.565743116848621e-05,3.004947784097497e-05,4.795072963291024e-05,3.13539453683116e-05,5.7291730315007285e-05,0.0014452923636225595,-3.953020993891637e-05,2.6451005816120244e-05,4.756357016140851e-05,0.0014719213940962545
0.007979968376253834,0.164241601362238,-0.03783929937276029,-0.019488539547277688,-1.6830618080329217e-05,-1.1360682328170545e-06,1.6868916858990112e-05,1.1645893484004108e-05,-2.3377252821799344e-05,2.611748044002512e-05,4.6186820710821495e-05,4.85542279767772e-05,6.70129499559184e-05,0.0014074156769677344,-4.693049357441543e-05,2.2724106952391247e-05,5.214265301959581e-05,0.0014638502491350664
0.007989991036745086,0.17290696609367023,-0.03767395020189337,-0.01917671670432162,-1.915893698950952e-05,-5.6713761800765735e-06,1.9980725070525744e-05,-4.5384575358686785e-06,-4.70967214925651e-05,4.731488953969064e-05,3.776995141685242e-05,1.9458683447629703e-05,4.248775813745002e-05,0.001409948006170184,-6.193753716910323e-05,1.8581883864711852e-05,6.466486618354423e-05,0.0014063743208610796
0.007999962384108236,0.1796907361154722,-0.03755690492127874,-0.018972543025168456,-1.2131588942689892e-05,-3.5613080272884665e-06,1.2643510791691717e-05,-9.992074343678012e-06,-5.412316798884087e-05,5.503779485805984e-05,2.1551065581429038e-05,2.4112744724176633e-06,2.1685540626795274e-05,0.0013853360513837762,-6.192950400126917e-05,1.6267570600649706e-05,6.40304405661115e-05,0.0013926522629415616
0.008000006831550933,0.17971604447249473,-0.037556446984901695,-0.018971935279001696,-1.2091505184063832e-05,-3.523092532248014e-06,1.2594311358983636e-05,-1.0008747367368231e-05,-5.411845134982078e-05,5.503618628108891e-05,2.147789142922709e-05,2.478727374998656e-06,2.1620451189677663e-05,0.0013853863708423353,-6.188924539061134e-05,1.629078219282926e-05,6.399740838091423e-05,0.0013926503546731338
