time_s,group_id,dof,weighted_displacement_m,weighted_velocity_m_s
0.0,500,1,0.0,0.0
9.989961021512745e-06,500,1,-1.6266279735794356e-18,-1.942085876783096e-12
1.9992043388314044e-05,500,1,-2.103155562125801e-13,-1.473515684226323e-07
2.998154396983048e-05,500,1,-1.3982456961255432e-11,-2.605014491785518e-06
3.996706428926499e-05,500,1,-1.216694650794768e-11,3.883730391451845e-06
4.9977073299739135e-05,500,1,5.156122170510527e-11,8.695076268772084e-06
5.999080644949294e-05,500,1,1.4849642124807475e-10,7.825422249529979e-06
6.995577857517775e-05,500,1,2.0965746791391706e-10,6.441034056114958e-06
7.997976092856483e-05,500,1,2.664865934190008e-10,2.495005768987646e-06
8.999023881127192e-05,500,1,2.543447174066255e-10,-4.373691195325158e-07
9.999120661247908e-05,500,1,2.7219682956984136e-10,2.9416129206927266e-06
0.00010998802936081757,500,1,2.945432610310171e-10,1.6994013850024636e-06
0.00011998443754741915,500,1,3.094907057954281e-10,4.00311700538003e-07
0.00012998021736421595,500,1,3.263658303705912e-10,5.1383559230844256e-06
0.00013997582428984024,500,1,3.7566813409237263e-10,2.5381284326497777e-06
0.00014999257578972945,500,1,3.61975615253236e-10,-5.705879416395554e-06
0.00015999360761981914,500,1,3.2779240628257045e-10,8.507439935856453e-07
0.00016996677216290113,500,1,3.2855854193195814e-10,-2.2387509605349687e-07
0.00017999252641565756,500,1,3.655636325876517e-10,6.620780867772069e-06
0.00018999308490903147,500,1,4.0018828989562064e-10,-1.405436140244909e-07
0.0001999567280807932,500,1,4.256124195618641e-10,1.9173483292722615e-06
0.00020998283113449233,500,1,4.404685933752459e-10,2.4633398705287135e-06
0.00021999218307440147,500,1,4.624148724249443e-10,-3.6803131459040017e-07
0.00022999777759454492,500,1,4.420877353837572e-10,-1.6348688797185318e-07
0.00023997177696874117,500,1,4.4356001226045043e-10,-1.690396089007451e-06
0.0002499786197993587,500,1,4.057722635138596e-10,-4.216706105064638e-06
0.0002599681581316944,500,1,3.915343554743416e-10,-1.928247816862516e-06
0.0002699738991410829,500,1,3.867256160217016e-10,-1.6650718257515962e-06
0.0002799995673440711,500,1,3.61280493301158e-10,-5.451954369295464e-06
0.00028997925184033916,500,1,3.245557384586213e-10,-4.210845891416959e-06
0.00029996847699488365,500,1,3.2277012402344603e-10,3.5124066142255828e-06
0.00030999245089309926,500,1,3.0271231303406233e-10,-3.0214584789689525e-06
0.0003199568713655011,500,1,2.9142244963498067e-10,4.867522102602884e-07
0.0003299560514831476,500,1,3.231101102277832e-10,3.757029632900366e-06
0.00033998257775922535,500,1,3.385237588567156e-10,-9.899424896486764e-07
0.00034999508288619874,500,1,3.354310756427002e-10,-8.926160754985091e-08
0.0003599730365147739,500,1,3.136577449456895e-10,-1.958566990145627e-06
0.00036996789073153146,500,1,3.134766082509618e-10,2.320593640629809e-06
0.00037997066386399344,500,1,2.801210291421838e-10,-7.542342532973478e-06
0.00038996051971769744,500,1,2.0994984823065202e-10,-3.477214582159327e-06
0.0003999959653119283,500,1,2.010913877228222e-10,-9.311341548912111e-07
0.0004099650516530841,500,1,1.7480804468067521e-10,-6.487311892677816e-06
0.00041998149695313813,500,1,1.0807020959412638e-10,-6.323245976491698e-06
0.00042997783813852837,500,1,5.146082229101493e-11,-1.5324814168771184e-06
0.0004399826335932183,500,1,-4.629593407311054e-12,-6.942436100998428e-06
0.00044995611321564996,500,1,-6.4206608113513e-11,-6.240815179525683e-06
0.00045999208083552084,500,1,-1.1687866983686528e-10,-1.6909311598700683e-06
0.0004699576675885509,500,1,-9.602743832631035e-11,3.928055654356388e-07
0.0004799734538236568,500,1,-1.1446027707691581e-10,6.956924943068987e-07
0.0004899773262599515,500,1,-9.803675769964158e-11,2.2430696943187556e-06
0.0004999948446451585,500,1,-5.6497653013976116e-11,5.481887890013137e-06
0.0005099888774020678,500,1,-2.6843043805225804e-11,-1.818731811820129e-07
0.0005199581163766662,500,1,-3.4571116170719804e-11,6.483338353957535e-07
0.0005299594725546438,500,1,-6.0474806738518684e-12,2.9438761458000506e-06
0.0005399610257029467,500,1,1.498946175667958e-11,1.625562391360802e-07
0.000549997561552946,500,1,-3.544832799555952e-13,6.029119207218159e-07
0.0005599780568693812,500,1,1.1969191136062076e-11,2.2657850662355372e-06
0.0005699716516408677,500,1,4.154208748423713e-11,3.02226981940823e-06
0.0005799804737262408,500,1,6.814246513380624e-11,2.0985948581131453e-06
0.0005899891484605743,500,1,1.0713352210575677e-10,3.4224658626014204e-06
0.0005999957831306825,500,1,1.0472818550149188e-10,-3.0205855208187415e-06
0.0006099630404516961,500,1,7.662467618822213e-11,-4.511003494522825e-06
0.0006199734262473491,500,1,6.061185333228638e-11,-9.008442115043813e-07
0.000629980081594427,500,1,4.830853655223337e-11,8.289152351181883e-07
0.0006399702290639075,500,1,8.156173698783893e-11,6.013102650526125e-06
0.0006499753927367723,500,1,1.206384835041033e-10,2.7063983586983476e-06
0.0006599828886209325,500,1,8.077137006110013e-11,-4.955390423999617e-06
0.0006699829636183788,500,1,4.6431798425512543e-11,-2.9216449881630524e-06
0.0006799933337324186,500,1,4.1093360586888766e-11,-6.785336367221007e-07
0.0006899675594927731,500,1,3.506078653586157e-11,7.709775755593284e-07
0.0006999566791805224,500,1,1.7153934800666782e-11,-2.619924620084202e-06
0.0007099584768489616,500,1,2.3826959800804168e-11,1.2406494240141397e-06
0.0007199725007497685,500,1,2.2338817983456362e-11,-7.240227937188592e-07
0.0007299613525878762,500,1,-3.9506253764242175e-12,-4.1562316037691005e-06
0.0007399900911148834,500,1,-2.0704226432800323e-11,1.3431524853446675e-06
0.0007499899424045427,500,1,-8.05583857542598e-13,3.925735407694919e-06
0.0007599752199016432,500,1,4.428499528078087e-11,3.62373602946775e-06
0.000769979653422755,500,1,5.651854867092226e-11,-5.744356686987473e-07
0.0007799714476631343,500,1,4.878659161497347e-11,7.46475785073919e-07
0.0007899882017718372,500,1,7.634275865284462e-11,4.260282671690596e-06
0.0007999894016024467,500,1,4.925772097608312e-11,-6.493882001468165e-06
0.0008099743756207648,500,1,1.0969182579942914e-11,-2.6473671708160396e-06
0.0008199895440748132,500,1,-1.40833197968121e-11,-2.8829690481568804e-06
0.0008299581994323049,500,1,-1.011064891613114e-10,-1.2541438112911862e-05
0.0008399896869195143,500,1,-1.863247904760907e-10,-6.122999665070239e-06
0.0008499654877961996,500,1,-2.2067050153861713e-10,-3.5461985046919553e-06
0.0008599657983571072,500,1,-2.42495901831008e-10,2.7133975488702333e-07
0.000869974189158615,500,1,-2.51087755337334e-10,-2.0032545687831416e-06
0.0008799904944519329,500,1,-2.704755490623911e-10,-4.096943063025549e-06
0.0008899722043754963,500,1,-3.328656130569506e-10,-6.86018566975477e-06
0.0008999634188782872,500,1,-3.8882525085943975e-10,-3.478985724392203e-06
0.0009099728035892673,500,1,-4.3815264724788097e-10,-2.069098188783869e-06
0.0009199644112581268,500,1,-4.4126788998504786e-10,5.451153811675269e-07
0.0009299654750173452,500,1,-4.350137677107315e-10,4.362803037838425e-06
0.0009399667116566871,500,1,-4.0832730783830345e-10,4.376645139414492e-06
0.000949993153366058,500,1,-4.201625777714487e-10,-5.088473662429038e-06
0.0009599776261818661,500,1,-4.5139520338808095e-10,-1.8346901473620392e-06
0.0009699958165689663,500,1,-4.920751713001145e-10,-3.5724349468670147e-06
0.0009799642605983281,500,1,-5.097246348422478e-10,-4.093318861198014e-06
0.0009899666686108526,500,1,-5.183476490644e-10,1.2502307411565994e-07
0.0009999658808187348,500,1,-4.905092041091255e-10,5.22997890151089e-06
0.0010099702017673457,500,1,-3.955952434527661e-10,1.2946945079139738e-05
0.0010199673356959494,500,1,-2.960720935996433e-10,9.08112768871483e-06
0.0010299958828595638,500,1,-2.5279519100317e-10,2.3065973318026067e-06
0.0010399715912952755,500,1,-2.1696403729881426e-10,7.4818681197186265e-06
0.0010499598083871873,500,1,-1.5776005240391352e-10,7.4512672301185745e-06
0.0010599560419078558,500,1,-9.261037991575806e-11,5.821906936542831e-06
0.001069971167556783,500,1,-4.730717649347816e-11,2.715231182559563e-06
0.0010799904971131116,500,1,-1.1064664446849186e-11,3.9229593198353285e-06
0.0010899580585454322,500,1,3.4505677744218815e-11,3.2627613077984563e-06
0.001099995097200793,500,1,4.693522964217562e-11,-1.6489095314847768e-09
0.0011099605620624017,500,1,6.184222756691572e-11,2.682897381589555e-06
0.0011199778366987173,500,1,7.854387876618312e-11,2.1235697069688086e-06
0.0011299999004189144,500,1,9.479290497589209e-11,-3.4113963285342663e-06
0.0011399688574877478,500,1,9.267728827476538e-11,3.304478104315667e-06
0.00114999104053655,500,1,1.213259223481185e-10,2.3720925113046576e-07
0.0011599749759054815,500,1,1.0892837618638488e-10,-9.348197645975276e-07
0.0011699767987091371,500,1,1.1615252528784752e-10,-6.538443418357964e-07
0.0011799851497623372,500,1,1.1638495471999379e-10,1.1849770582550434e-06
0.0011899589811022926,500,1,1.1285472322007228e-10,-2.6586241846926484e-08
0.0011999954661071714,500,1,1.4350868000320488e-10,4.336120083880957e-06
0.0012099633255643625,500,1,1.8932188878672401e-10,4.446930974455476e-06
0.001219957314258476,500,1,2.3169526677292458e-10,4.214258704338114e-06
0.001229972834827589,500,1,2.9850672266998465e-10,8.845913111121817e-06
0.0012399578590630244,500,1,3.3827319068156607e-10,1.2280823606936053e-06
0.0012499675495489986,500,1,3.524188706160482e-10,5.039080288926634e-06
0.0012599568785764768,500,1,3.923783891660211e-10,1.434130448896287e-06
0.0012699664231770695,500,1,4.0556531693918246e-10,9.768897962225687e-07
0.0012799807341562824,500,1,4.186394706102211e-10,6.19514657074216e-07
0.0012899597591071081,500,1,4.22224882444186e-10,1.3959629712179122e-06
0.001299986675857092,500,1,4.3892471727785976e-10,1.0671272697715395e-06
0.0013099848057680256,500,1,4.206623316284526e-10,-2.7825423971616914e-06
0.0013199736548793655,500,1,3.9554762242021476e-10,-2.924177039041048e-06
0.0013299822310088466,500,1,3.7852830086701744e-10,-9.521889269281658e-07
0.0013399713214551755,500,1,3.8626279670432584e-10,9.243702811523313e-08
0.00134996429524554,500,1,3.450655136519147e-10,-5.667528188535442e-06
0.001359974641634749,500,1,3.185811028774254e-10,2.248633878598749e-06
0.0013699800802793275,500,1,3.4299803462430924e-10,-1.3123717768070975e-06
0.0013799694917800399,500,1,2.829952554846832e-10,-6.898235221264315e-06
0.00138997241891667,500,1,2.1151559309243303e-10,-7.368505162586025e-06
0.0013999902988138808,500,1,1.4563447530444116e-10,-3.2650099672792976e-06
0.0014099770974287595,500,1,1.5050716801464714e-10,2.4014914652426e-06
0.0014199643077242696,500,1,1.563524169821153e-10,-4.133753229385029e-06
0.001429965001313615,500,1,1.2512200826754645e-10,-1.4869789816407408e-06
0.001439978580402546,500,1,1.293274431773614e-10,3.6967623739114774e-06
0.0014499934135066034,500,1,1.488069998372885e-10,-8.688030397330238e-07
0.0014599848922581238,500,1,1.3501452671935707e-10,-2.742417339440806e-06
0.0014699826767232574,500,1,8.702557094685025e-11,-6.276375214220309e-06
0.0014799556062961275,500,1,2.01661254833679e-11,-4.963360600518385e-06
0.0014899566844938142,500,1,-1.8334190902394212e-11,1.242183651356532e-07
0.0014999967921634487,500,1,-1.5764721440840153e-11,-2.4283394516877443e-06
0.0015099576959541085,500,1,-1.8872361305140176e-11,3.3812713791103732e-06
0.001519989648142698,500,1,1.9146852946714827e-11,1.5730496769061908e-06
0.0015299694516815677,500,1,1.4174254245368292e-11,-5.462325239902199e-06
0.001539989840410008,500,1,1.577547281225196e-12,1.2426171407398101e-06
0.0015499845632675228,500,1,-4.846846525916233e-11,-9.743328108990923e-06
0.00155996167363527,500,1,-1.5125291944007653e-10,-1.0599169337210945e-05
0.0015699620344369163,500,1,-2.2812025279015952e-10,-4.093610477706733e-06
0.0015799825530535185,500,1,-2.422187501027913e-10,-1.2128957838086762e-08
0.001589998112228593,500,1,-2.377505205783479e-10,1.8404828995999961e-06
0.0015999618879190937,500,1,-2.3044963577386127e-10,-2.7272326730276575e-08
0.001609985878875884,500,1,-2.40680421745949e-10,-6.055327017584489e-07
0.0016199795012749702,500,1,-2.320027764194689e-10,2.685232609100918e-06
0.0016299952643993435,500,1,-2.2281797262981408e-10,-1.0133769898779121e-06
0.0016399765803374212,500,1,-1.9365057073086195e-10,1.0464983697833219e-05
0.0016499971999057292,500,1,-1.1596536384766575e-10,8.533939576560456e-06
0.0016599592000508241,500,1,-4.8093518184973367e-11,5.3323698577939505e-06
0.0016699850782126169,500,1,-3.3351514363682546e-11,1.2340258738752219e-06
0.0016799591029450587,500,1,-7.28221540618394e-11,-4.6671263891351344e-06
0.0016899912409734483,500,1,-9.282096950799057e-11,-1.301595547009704e-06
0.0016999711866510561,500,1,-1.2544018253323515e-10,1.5213496297739049e-06
0.0017099890935931767,500,1,-1.1069465559698484e-10,-1.199646808558441e-07
0.0017199842058484868,500,1,-1.0350325629259133e-10,3.5026319694653196e-06
0.0017299700066734725,500,1,-5.5198362041905796e-11,4.030664912613169e-06
0.0017399988872449053,500,1,-4.013021349686535e-11,4.189257591935558e-07
0.00174998548405672,500,1,-7.88902256509353e-11,-2.1202030293654417e-06
0.0017599911249635096,500,1,-4.3402418283184675e-11,2.192857120109082e-06
0.0017699644322331331,500,1,-3.257595709567178e-11,2.34441824059628e-06
0.0017799833496972783,500,1,1.3457931627826672e-11,5.674303984348761e-06
0.0017899751569559934,500,1,5.864959149712084e-11,2.1823357438249813e-06
0.0017999750671708237,500,1,7.544045173713682e-11,2.7327165073032234e-06
0.0018099656639713377,500,1,1.0695163995427283e-10,1.9171322159228232e-06
0.0018199608746322167,500,1,1.5035409064154993e-10,4.992489232025221e-06
0.0018299962293289675,500,1,2.1384947862545557e-10,7.57797642103597e-06
0.0018399939108237624,500,1,2.939076214289471e-10,4.67425715866554e-06
0.0018499643565681202,500,1,2.953708408554921e-10,-4.41030695169653e-06
0.001859968540797818,500,1,2.5088573959639976e-10,-7.286778856252507e-06
0.001869999360236389,500,1,1.6596183924542604e-10,-6.3438424418027495e-06
0.0018799855178169224,500,1,1.4873285828786195e-10,1.4987182289510903e-06
0.0018899824686351974,500,1,1.648146325397093e-10,9.204075481772378e-07
0.0018999688812909043,500,1,1.6499171562951893e-10,1.8255227129948537e-06
0.0019099731049039086,500,1,1.4271994145580256e-10,-4.8054673631448e-06
0.0019199777923854333,500,1,1.3086973633957572e-10,5.430130659789256e-06
0.0019299750326173368,500,1,1.52969978060879e-10,-1.6019147711099357e-06
0.0019399892912366989,500,1,1.3162599286074047e-10,-2.1521293848136835e-06
0.0019499778420350884,500,1,1.1404122965923266e-10,-2.174885294969897e-06
0.0019599927968355544,500,1,8.987776706692249e-11,-2.126086916687253e-06
0.0019699674488002435,500,1,5.752197969246392e-11,-5.66838856619345e-06
0.0019799664640804933,500,1,3.675119900786207e-12,-2.335933786179467e-06
0.001989965194383709,500,1,-2.4603617849116265e-11,-5.393392911168249e-06
0.001999988546064914,500,1,-6.277421476781706e-11,-1.1920970024448252e-06
0.002009994633218821,500,1,-5.5420994873943245e-11,6.801789566301952e-07
0.0020199843076899957,500,1,-4.637417765063472e-11,9.424903695265385e-07
0.0020299764806285645,500,1,-4.829946135425679e-11,-2.6948722013087067e-06
0.002039971510100887,500,1,-7.374858621738475e-11,-3.8139107106371917e-06
0.0020499851170852467,500,1,-7.642715549104973e-11,3.19646172086685e-06
0.0020599798170726474,500,1,-5.153105414980926e-11,2.736856177465441e-06
0.002069983527623644,500,1,-2.3577115852377057e-11,5.725933103217784e-06
0.0020799726396303945,500,1,1.977721332022635e-11,1.7086694262813396e-06
0.00208998828091631,500,1,-9.173854425985654e-12,-7.772145334872249e-06
0.002099960695316437,500,1,-7.680568300569399e-11,-3.925126822790226e-06
0.0021099569615075624,500,1,-1.18871884859491e-10,-3.2746261813265676e-06
0.0021199732712319213,500,1,-1.253131899734295e-10,2.736082259369166e-07
0.0021299680703956545,500,1,-1.3133336372638318e-10,3.4380703006764435e-07
0.002139995320785377,500,1,-1.2933581830710692e-10,-2.689316537074493e-06
0.0021499764219865022,500,1,-1.845132892097168e-10,-6.743920985652352e-06
0.0021599568904996183,500,1,-2.1429414101233665e-10,4.739931158681543e-07
0.00216996056612999,500,1,-1.9443673655460039e-10,-1.550704846753348e-07
0.0021799808111731527,500,1,-2.013148907694046e-10,-1.461051663195767e-06
0.0021899674700162188,500,1,-2.026732736986562e-10,4.2260794013149194e-06
0.002199956944858223,500,1,-1.7586694737493653e-10,7.212895932889873e-07
0.0022099594802748325,500,1,-1.8141078851792447e-10,1.450337686503822e-06
0.002219960109732291,500,1,-1.4514489702363922e-10,3.259214621298412e-06
0.00222997330339741,500,1,-1.5281309317303994e-10,-2.034974900425729e-06
0.0022399795506986573,500,1,-1.3065296302396936e-10,6.9909349981189806e-06
0.0022499847016867664,500,1,-8.36639821007526e-11,3.847839296744482e-06
0.0022599966361363855,500,1,-4.7614189631331656e-11,1.5237735109252526e-06
0.0022699726010188934,500,1,-5.493729389514671e-12,6.756680431374562e-06
0.0022799730230051783,500,1,7.4473305408158e-11,7.30531097814513e-06
0.002289961888919968,500,1,1.0041686153249149e-10,-1.4655409604213965e-06
0.0022999862878289507,500,1,1.1719040702993155e-10,6.986354047500143e-07
0.002309997801497285,500,1,1.324955284647423e-10,-2.0364556364907416e-06
0.002319972401179661,500,1,1.2785162074272372e-10,-5.52058695008073e-07
0.0023299749916493783,500,1,1.6815671458633805e-10,5.468169912425935e-06
0.002339963899198567,500,1,1.916874592608757e-10,1.5672248655507204e-06
0.0023499854099363884,500,1,2.1365998494781617e-10,3.6651407155918747e-06
0.0023599643631998686,500,1,2.617488687139914e-10,6.5284165265966365e-06
0.0023699582888794955,500,1,3.342329110147483e-10,5.989872725264966e-06
0.0023799969164151912,500,1,3.405162215429835e-10,-3.6630634731582568e-06
0.002389999360669749,500,1,2.9952929816079357e-10,-1.0884257059945446e-06
0.0023999861354865866,500,1,3.0145625576414974e-10,2.2267395105579624e-07
0.002409998648478418,500,1,2.7554120550705215e-10,-4.234940012115551e-06
0.002419975314626342,500,1,2.3998998108747246e-10,6.407528680418828e-07
0.00242999777759559,500,1,2.4777367646082763e-10,5.26798864614042e-07
0.002439980206408675,500,1,2.376836620723117e-10,-1.2285964725300413e-06
0.0024499882859080756,500,1,2.2005788452583459e-10,-7.861171771872399e-07
0.002459968817885451,500,1,2.2173434684630853e-10,-1.2809199557706208e-06
0.0024699800815520226,500,1,2.2383778438086512e-10,2.5286740445440437e-06
0.002479985634592174,500,1,2.4752036387182394e-10,1.4517389013146698e-06
0.0024899946162147495,500,1,2.5192138243643365e-10,-1.5279813436741563e-07
0.0024999673900585806,500,1,2.5227196086231515e-10,-1.687717999687699e-06
0.002509994416373522,500,1,2.1251745442639816e-10,-9.326854181868072e-06
0.002519984821243666,500,1,1.174374860798597e-10,-4.367156766105218e-06
0.0025299979662083026,500,1,1.2598436804558836e-10,6.203556579431613e-06
0.0025399737370046405,500,1,1.8775296155439753e-10,-2.294352339227146e-07
0.002549962943706849,500,1,1.4019669484306631e-10,-5.679864237162491e-06
0.002559987272755071,500,1,1.0165359667983461e-10,-3.119925330752338e-06
0.0025699659481242428,500,1,9.616026408438639e-11,2.0947569628892992e-06
0.002579994484637053,500,1,1.348745060508218e-10,4.230472972710508e-06
0.0025899940073215322,500,1,1.4035796004659563e-10,-1.5474420574507208e-06
0.002599982692719946,500,1,9.632244290781701e-11,-6.216852651730331e-06
0.0026099583410498137,500,1,4.59166479320418e-11,-2.414990934312966e-06
0.0026199908534473193,500,1,3.891903356223979e-11,-8.048017718920164e-07
0.0026299760523095877,500,1,4.280036730168772e-11,2.8019468878426323e-06
0.002639963377767787,500,1,4.549699819431205e-11,-6.370558836822637e-06
0.0026499887386907004,500,1,-3.1455120422956874e-13,-5.508274680154912e-06
0.002659993444675745,500,1,-4.616176197395254e-11,-3.4630334044827293e-07
0.0026699594477339783,500,1,-5.7282939147835533e-11,-1.0047214263342319e-06
0.0026799593693022797,500,1,-5.641339705217321e-11,4.5529987602321853e-07
0.0026899901993603158,500,1,-5.3639562040528775e-11,1.7217861366658482e-06
0.00269998736849525,500,1,-2.7837796439745058e-11,2.93637581449957e-06
0.0027099564543407117,500,1,2.8210368089654544e-11,6.2573664372234106e-06
0.0027199638333857924,500,1,5.0402021830242213e-11,-8.733131628968493e-07
0.0027299630282449096,500,1,3.556986520917519e-11,-4.6293338851199906e-06
0.0027399918897720262,500,1,1.1961651860122957e-11,3.3973434874559616e-06
0.0027499991272805194,500,1,4.9947369709575943e-11,3.3553567430066877e-06
0.002759965226510916,500,1,7.338628894160018e-11,2.1434611129911296e-06
0.0027699799082271143,500,1,1.4894205821412427e-10,4.631858333076222e-06
0.002779970536157839,500,1,1.6390235807231513e-10,3.570407572928147e-07
0.0027899670463153404,500,1,1.760702553332415e-10,2.1963335888885993e-06
0.002799996203365536,500,1,1.7751717016985702e-10,-2.8653462718075673e-06
0.002809997833640168,500,1,1.3997452248778515e-10,-2.1395252975398016e-06
0.002819967008977856,500,1,1.1765158249310242e-10,-4.171354033744024e-06
0.0028299625308132867,500,1,5.468557555809853e-11,-3.4784259899112158e-06
0.0028399829465466557,500,1,6.677931838114501e-11,1.4803631913640203e-06
0.0028499720052161245,500,1,9.295383221872596e-11,4.486459304231527e-06
0.002859993355102407,500,1,1.7169642938073967e-10,8.707419467457456e-06
0.00286996652586216,500,1,2.1306376041458405e-10,-2.65784400377278e-06
0.0028799708610538098,500,1,1.7593505861559664e-10,-1.4720331784345841e-06
0.002889995639778524,500,1,1.8693028387063606e-10,2.0055426096926565e-06
0.002899980473333962,500,1,2.31993422573646e-10,9.045592400863667e-06
0.002909978057514456,500,1,3.094225997792672e-10,2.2250343615914936e-06
0.0029199887633107307,500,1,3.1565354195004923e-10,6.195229864669471e-07
0.002929991954553023,500,1,3.1135706179299233e-10,2.022673284238219e-06
0.0029399764697640284,500,1,3.0726836588892796e-10,-2.7138890045241837e-06
0.002949998184656102,500,1,2.722755325644836e-10,-2.310734690480487e-06
0.002959979252006029,500,1,2.2497289173253822e-10,-6.777814794745041e-06
0.002969980736582091,500,1,1.5441538723883256e-10,-4.100040414289907e-06
0.0029799930482495057,500,1,1.0467337023864877e-10,-6.287465134188763e-06
0.0029899731213205967,500,1,6.036631238894659e-11,-3.394458883393403e-06
0.002999972572662621,500,1,4.72638533908045e-11,2.135591031571238e-06
0.003009966234808012,500,1,7.11446920391998e-11,2.9666353196233786e-07
0.003019993492019316,500,1,5.840138121775097e-11,-4.5386959552362605e-06
0.0030299923285373176,500,1,4.554339058863272e-11,2.2346617181145945e-06
0.003039985271719881,500,1,4.642215054914266e-11,2.4944772176738184e-06
0.0030499910953431784,500,1,6.186929335316423e-11,-5.218502057147134e-07
0.003059964952357777,500,1,7.691067114962532e-11,2.6426636210719057e-06
0.003069994740587669,500,1,6.924988102686969e-11,1.159807543310576e-06
0.00307995931289467,500,1,1.0361993046728715e-10,-1.1304497472691688e-06
0.0030899847747873333,500,1,8.202016238024611e-11,-3.194058273203737e-06
0.00309997082118476,500,1,3.732783724588913e-11,-3.7639842722647643e-06
0.0031099691440506253,500,1,-8.145534434384941e-12,-8.18806267122163e-06
0.003119998919780487,500,1,-8.429469316877417e-11,-9.312016014395574e-06
0.0031299647571994,500,1,-1.590295032027336e-10,-5.054163929707478e-06
0.0031399993771487637,500,1,-1.7999377837941153e-10,4.623336113951382e-08
0.0031499598328533266,500,1,-1.6399007400912406e-10,2.6450961448931665e-06
0.00315999109527504,500,1,-1.7106543107029315e-10,-3.0862072648574213e-06
0.003169982639720877,500,1,-1.5504602396616048e-10,6.773292835271505e-06
0.0031799856317141556,500,1,-1.144371820544529e-10,-1.0410232946789222e-06
0.0031899737695395883,500,1,-1.1790663409538046e-10,1.8989460488505472e-06
0.0031999917316139974,500,1,-7.925206080587263e-11,1.447883148320006e-06
0.003209996339448164,500,1,-8.302555958548691e-11,8.576179522101768e-07
0.003219965161145989,500,1,-4.568922441717995e-11,2.868743063516588e-06
0.0032299581354244193,500,1,-6.446989910511864e-11,-1.8596881705690294e-06
0.003239970433001811,500,1,-7.946886222942031e-11,-9.706568376843805e-07
0.0032499679490677596,500,1,-9.762141602357409e-11,-3.1042128554870096e-06
0.0032599571624250044,500,1,-1.0135501260570253e-10,-7.381242994597415e-08
0.0032699997190781685,500,1,-1.241139745638371e-10,-2.455606933904342e-06
0.00327997660839436,500,1,-8.973655977637888e-11,5.900889249010888e-06
0.0032899765442371623,500,1,-6.98417090999636e-11,1.953594297887662e-06
0.0032999730807222838,500,1,-3.1189828815339265e-11,6.0131709034294545e-06
0.003309977879925228,500,1,5.98032308480188e-11,1.4344569901902915e-05
0.003319972582669815,500,1,1.72768762304152e-10,7.787578027662612e-06
0.003329965863041504,500,1,2.361040510507912e-10,1.6737115826614968e-06
0.0033399809040717365,500,1,2.21329886825061e-10,-3.123733526733119e-06
0.0033499906507562763,500,1,2.2401933040257054e-10,1.7522953009718734e-06
0.0033599958270293805,500,1,2.3168822998911702e-10,6.154483818132661e-07
0.003369960269393244,500,1,2.3526867498450954e-10,1.0257092003529422e-07
0.0033799722574691634,500,1,2.312911329271244e-10,1.5283970598023444e-06
0.0033899916558431486,500,1,2.422897692482169e-10,-1.7292776494093332e-06
0.003399995227773425,500,1,2.346673036554732e-10,-4.849123751982098e-07
0.0034099763881091085,500,1,1.9616336482828007e-10,-8.134215348398754e-06
0.003419990288270649,500,1,1.7960280343778056e-10,2.7560190605235846e-06
0.0034299796669928205,500,1,1.8495519201746583e-10,-4.0426776348745364e-07
0.003439982401248543,500,1,2.1574524508078579e-10,2.6999549636030906e-06
0.003449974731003177,500,1,2.2447565025995918e-10,-4.752683295805582e-07
0.0034599728513892945,500,1,2.430474057080255e-10,5.7765363128403635e-06
0.003469973705488485,500,1,2.828010404047382e-10,3.235663151857082e-07
0.0034799853355285764,500,1,2.8315767368640096e-10,2.823736064916371e-06
0.003489970909260417,500,1,2.906822648321536e-10,-2.468038682978957e-06
0.003499988732211183,500,1,2.2736455825163836e-10,-1.0236297673521522e-05
0.003509987757324931,500,1,1.7624351705423837e-10,2.0001540054215283e-06
0.003519996837758516,500,1,2.186945956562914e-10,3.727859866603511e-06
0.0035299840719765444,500,1,2.431854882736979e-10,2.5528440950051134e-06
0.003539999247022662,500,1,2.553756516150696e-10,-4.1552570312353154e-06
0.0035499750470102814,500,1,2.019733519496793e-10,-8.850569815366249e-07
0.003559987345307009,500,1,1.8900799246432355e-10,-2.818953135363955e-06
0.003569991342151219,500,1,1.5395122294833302e-10,-4.742641603439068e-06
0.00357999935868398,500,1,8.336922929470732e-11,-7.031266779478074e-06
0.0035899827101628138,500,1,1.952403658937816e-12,-5.619794048117299e-06
0.003599989507754609,500,1,-4.9771669441710286e-11,-7.439821836902061e-06
0.003609987609753006,500,1,-1.0929158154925154e-10,-5.618809033824945e-06
0.0036199706403360955,500,1,-1.2614059856320622e-10,-1.8771510967852123e-07
0.00362998239784877,500,1,-1.2937943463564626e-10,-2.3929906679542867e-06
0.003639959160008169,500,1,-1.647459934315046e-10,-4.201772956513583e-06
0.003649955457475156,500,1,-1.7973163473331997e-10,8.67100312662572e-08
0.003659999069154944,500,1,-2.010212464830007e-10,-2.9821518388178925e-06
0.0036699606504969565,500,1,-2.1653588588800479e-10,-1.796154302180497e-06
0.0036799600199480973,500,1,-1.8396876279031926e-10,8.76411495331908e-06
0.0036899913764507465,500,1,-1.2928662176278053e-10,2.7637178506290105e-06
0.003699982913942179,500,1,-7.935732492859653e-11,6.54992653359443e-06
0.0037099757384516734,500,1,-7.281908743665211e-11,-1.856983787712485e-06
0.0037199943889358097,500,1,-7.346516093032683e-11,-1.3396212195648793e-06
0.003729962389202568,500,1,-1.6594263906510778e-11,9.015281333457636e-06
0.003739976717589097,500,1,1.0619175735282352e-11,1.886547699725405e-07
0.003749962843021728,500,1,7.542656403565539e-12,1.3523500981826864e-06
0.003759981563887964,500,1,4.3689132644069524e-11,3.810307263679702e-06
0.0037699657838864884,500,1,4.741313169238427e-11,-1.796274410298393e-06
0.003779989481127052,500,1,2.713711885277614e-11,-3.5159873142398546e-06
0.003789992714413908,500,1,-1.7273889226494354e-11,-2.6643041883822605e-06
0.003799958127050029,500,1,-3.939426140407308e-11,-2.7936683995033462e-06
0.0038099628048722306,500,1,-2.7750556543499298e-11,4.6068819008482365e-06
0.003819965322099062,500,1,-3.364486470339574e-11,-2.3325100685367417e-06
0.0038299977230396107,500,1,-3.167130714791847e-11,2.89006800158198e-06
0.003839982251655563,500,1,-2.6565664329331333e-11,-1.6598552436686287e-07
0.0038499999632941144,500,1,-3.2135570175354606e-11,5.615610560782969e-06
0.0038599853756904998,500,1,1.7150631212930296e-11,1.89983746867739e-06
0.0038699966226814213,500,1,2.4323528288765954e-11,6.855586668796931e-06
0.0038799758307534967,500,1,1.0056119981595012e-10,3.2828875693446946e-06
0.0038899749412881868,500,1,1.1234429489123676e-10,4.119630784837902e-07
0.003899974279069712,500,1,1.7142148326363717e-10,5.242462658761049e-06
0.003909981045563255,500,1,1.8705029106153405e-10,-3.445226131153223e-06
0.003919979483561263,500,1,1.8834207553064053e-10,-6.192583054120959e-06
0.003929974164293732,500,1,1.5847525474923163e-10,-3.6536687372246135e-06
0.003939965643851169,500,1,1.2633742764103654e-10,5.534698833270513e-08
0.0039499920406901945,500,1,1.2632780668845591e-10,-3.342987209498105e-06
0.003959957102444371,500,1,1.0481927477073018e-10,-3.119167282683577e-06
0.003969981472115329,500,1,7.927250352592627e-11,-4.533767238301678e-07
0.003979983658302246,500,1,1.0222138025904777e-10,3.159517946701995e-06
0.003989996897388895,500,1,9.516852285274143e-11,-4.2065594441642595e-06
0.003999962066184443,500,1,5.30835063998822e-11,-6.200542101986173e-07
0.004009982616686821,500,1,6.493059307961042e-11,2.2930029477397085e-06
0.004019985737106671,500,1,1.151486741684572e-10,7.020634566368145e-06
0.004029985450337512,500,1,1.7791986744439053e-10,4.600484824535123e-06
0.004039966885469826,500,1,2.2083884428856755e-10,3.0223210348012675e-06
0.004049957672285779,500,1,1.976279194072371e-10,-5.384192905744101e-06
0.004059981472726734,500,1,1.3673996188106198e-10,-1.0157845170721824e-05
0.00406997745205338,500,1,4.961558924194737e-11,-7.232467002796922e-06
0.004079973744767089,500,1,-7.8904143181529e-12,-8.815206745893533e-06
0.004089967943497107,500,1,-5.366375169341031e-11,-3.58532600842551e-07
0.00409995910856725,500,1,-2.0090384246151884e-11,-5.343389981454783e-07
0.004109980115336773,500,1,-1.3669413513364942e-11,1.6606624008430604e-06
0.004119984125208945,500,1,-2.8806277278026123e-11,-3.7908366083971856e-06
0.004129964255278309,500,1,-6.795604625797493e-11,-4.53209743433991e-06
0.004139984312080828,500,1,-1.14396597082343e-10,-1.1902611263270302e-06
0.004149995956521106,500,1,-1.2504639370580176e-10,-5.4448046227228986e-06
0.004159984365413026,500,1,-1.287311593348823e-10,1.7753453818436515e-06
0.004169957460397018,500,1,-8.145721667036877e-11,6.190849368481466e-06
0.004179975603296128,500,1,-5.5265764866560475e-11,1.3093194807245467e-06
0.004189960119300603,500,1,-7.089262061265591e-11,-3.4181713231412614e-07
0.004199994698658853,500,1,-7.40003600024802e-11,-1.6967516087706969e-06
0.004209996904761525,500,1,-8.997296307545566e-11,-2.5488831559838943e-06
0.004219994070290476,500,1,-6.546338219649215e-11,2.398333777686723e-06
0.004229969721830748,500,1,-4.114374407996646e-11,1.372297715129811e-06
0.0042399745007891355,500,1,-4.218104960777109e-11,3.0899536784811943e-07
0.004249982306832177,500,1,4.287651175199762e-12,6.698072775757069e-06
0.004259982568110752,500,1,-4.995789799368527e-12,-2.1472996956095614e-06
0.004269964160984992,500,1,3.4850467899304486e-11,4.261774309677335e-06
0.004279999742011297,500,1,2.129961745003697e-11,-6.644828305146788e-06
0.0042899881831208065,500,1,-1.2178960231195505e-11,1.605403161963892e-06
0.004299982584989596,500,1,1.6212470673279038e-11,-3.628265923483198e-06
0.004309970035917239,500,1,-4.9688650024767075e-11,-4.533396100403486e-06
0.004319999374273674,500,1,-1.803682894433909e-11,1.0324074050743759e-05
0.004329993981516786,500,1,8.754145872151521e-11,8.94508641557934e-06
0.004339957996342546,500,1,1.683674230901379e-10,7.608389432034457e-06
0.004349963206873632,500,1,1.695520297038543e-10,-2.9734402737513488e-06
0.004359990236780178,500,1,1.5436692084791812e-10,-1.1899126843850638e-06
0.004369973183385304,500,1,1.1361578578415689e-10,9.759125323138829e-07
0.00437998615140778,500,1,1.491810876897261e-10,1.7075131186206072e-06
0.004389983665670742,500,1,1.6078460745439757e-10,3.921103348902832e-06
0.0043999586148666244,500,1,2.105815525718592e-10,3.5497941044404513e-06
0.0044099993160019715,500,1,2.3528390501637193e-10,2.661593395153483e-06
0.004419956260684955,500,1,2.5059717511142316e-10,9.8829319315763e-07
0.0044299611819229485,500,1,2.511450964253208e-10,-2.7088266600916455e-06
0.004439972548915116,500,1,2.0637838515907966e-10,-7.939140298562908e-06
0.004449970402193156,500,1,1.826830322689747e-10,8.393978062848362e-06
0.0044599950945013065,500,1,2.556432903704658e-10,1.313336461639114e-06
0.004469967334358652,500,1,3.20815322888573e-10,9.892741679617956e-06
0.004479959399329604,500,1,3.931669715273242e-10,2.536820358386288e-06
0.0044899665489456985,500,1,3.856378566699796e-10,-6.116853735860239e-06
0.004499989685407309,500,1,3.5777700163527057e-10,1.0501362797121772e-06
0.004509994842501989,500,1,3.4993875898674427e-10,-1.5530948606623518e-06
0.00451998440936643,500,1,3.3430219398996566e-10,-1.1505930892496963e-06
0.004529966366454434,500,1,3.429646018273053e-10,2.5021161382809964e-06
0.004539974687750707,500,1,3.18801439613207e-10,-7.860815469662441e-06
0.004549966025476365,500,1,2.8494440722150616e-10,3.315275559301334e-06
0.004559965924704872,500,1,2.703072641275215e-10,-1.5280081161611614e-06
0.004569966257261108,500,1,2.4602894648997767e-10,-2.1841554753709858e-06
0.004579980735928727,500,1,2.1684432073169673e-10,-4.253128409681395e-06
0.004589969944166384,500,1,2.1013281167729138e-10,-2.377616174165098e-06
0.00459996567268466,500,1,2.0905476345497163e-10,5.004726463919695e-06
0.004609958441749131,500,1,2.6093304819731287e-10,5.776886947694848e-07
0.004619962039231872,500,1,2.4431513809976523e-10,-1.9912114386233526e-06
0.004629968572207945,500,1,2.096935816074685e-10,-7.35380205307834e-06
0.004639986773608062,500,1,1.4085570195979244e-10,-4.180491128491504e-06
0.004649993448754368,500,1,1.5649734620996805e-10,3.3288691132504766e-06
0.0046599877218289855,500,1,1.5307816103266936e-10,-7.96511784528775e-06
0.004669984174244073,500,1,9.748734485770912e-11,-3.067722498140135e-06
0.004679986633953577,500,1,1.1047372997721676e-10,5.591538386973127e-06
0.0046899744027101235,500,1,1.674793207153617e-10,6.514297635540345e-06
0.004699995325494959,500,1,2.2221920648274416e-10,7.998373297235517e-06
0.004709959483720083,500,1,2.6331541493670313e-10,-7.395996517445269e-06
0.004719957849489888,500,1,1.884201792393082e-10,-2.580579993027854e-07
0.0047299681944631255,500,1,1.6570641584015338e-10,-5.460390881006916e-06
0.0047399957966518975,500,1,1.154415236093078e-10,-2.325893885213315e-06
0.004749973233593551,500,1,1.3051825831049413e-10,5.7586715315194326e-06
0.004759973025489073,500,1,1.5697125011897598e-10,-1.0083200403521175e-06
0.004769990488137166,500,1,1.461134480957747e-10,2.139509789333971e-07
0.004779996188618287,500,1,1.2079507466717428e-10,-3.147899584332592e-06
0.004789980228832013,500,1,7.881579728260027e-11,-3.2473991538051195e-06
0.004799973573577608,500,1,7.015804459773128e-11,2.972349352647896e-06
0.004809996370479239,500,1,1.0479210364983339e-10,1.7714511630906316e-06
0.0048199903920037165,500,1,1.3911122652784884e-10,4.2073810108123055e-06
0.004829995363228399,500,1,1.0846870998981284e-10,-9.70155372881365e-06
0.004839982137742458,500,1,4.9596405973488934e-11,3.476305483474107e-07
0.0048499838476868855,500,1,6.022381669522163e-11,-1.2766073921310905e-06
0.0048599648851425006,500,1,4.597979752305338e-11,-1.6251637894749288e-06
0.0048699714256318204,500,1,5.362225042837488e-11,1.8678753648249113e-06
0.004879985365513301,500,1,6.513901272759207e-11,-1.8054148248625168e-06
0.004889968814565082,500,1,3.2142097028387256e-11,-1.8163189243747269e-06
0.0048999645215692285,500,1,3.5406894389610095e-11,-2.1020289702189388e-06
0.004909993442299744,500,1,3.6199464061103615e-12,-1.1060093788595182e-06
0.004919993470493547,500,1,3.664483787688632e-11,3.576501832913692e-06
0.004929997298337766,500,1,6.788864501621307e-11,3.9151943947990375e-06
0.0049399607788006995,500,1,1.1760363733873515e-10,4.119205950559035e-06
0.004949963643589128,500,1,1.4737188348183747e-10,2.094808601554865e-06
0.004959999773995563,500,1,1.4251851458826686e-10,-9.715939287002762e-07
0.004969976148962584,500,1,1.375486575834928e-10,-2.2126085170715015e-06
0.00497999079649168,500,1,8.237889195664497e-11,-4.479438039217687e-06
0.0049899741780366795,500,1,6.114436075036205e-11,-2.909484698443432e-06
0.004999992796390972,500,1,3.2282535612814314e-11,1.485348176011314e-06
0.005009965747862612,500,1,8.097460609275534e-11,4.577872016520157e-06
0.005019998759779939,500,1,8.272940887607604e-11,-5.341560382588276e-06
0.005029983983952706,500,1,9.321991056748563e-11,1.386051688534451e-06
0.005039988504982833,500,1,1.1126710638194749e-10,-1.1953246098483916e-07
0.005049984777705981,500,1,6.572482704124926e-11,-6.130352253830296e-06
0.005059960074180316,500,1,9.575266946525163e-11,6.7805291616984675e-06
0.0050699646703149075,500,1,1.303337562827162e-10,-2.655575385299147e-06
0.005079975685729509,500,1,1.170646793715311e-10,-7.302436660916456e-07
0.005089992849776121,500,1,9.599600705206715e-11,2.520140685025041e-07
0.005099958718378997,500,1,1.0203768640912173e-10,2.0056669722545717e-06
0.005109971722647651,500,1,4.0511523274183985e-11,-8.79135354669991e-06
0.005119977983712958,500,1,-4.770422187629661e-12,-1.946129623897619e-06
0.005129983628808401,500,1,3.1278277815965363e-13,2.5648907343578387e-06
0.005139991801203174,500,1,-2.7972791946407347e-12,7.193153792606211e-07
0.0051499826632363955,500,1,2.7787226224818646e-11,5.904200094386525e-07
0.005159967580727336,500,1,-1.303973200372636e-11,-3.6358174601083815e-06
0.0051699699630949605,500,1,-6.854439826603671e-12,5.551205948139959e-06
0.0051799713593928595,500,1,-3.110483655193575e-11,-5.979346460738277e-06
0.005189982671452809,500,1,-6.94570479275219e-11,-5.192695530981117e-06
0.005199971079100129,500,1,-7.740690179616675e-11,6.784908711726656e-06
0.005209973232172589,500,1,-9.91573086446382e-12,5.224574588014175e-06
0.005219981155537408,500,1,1.862577692922948e-11,3.313862999343442e-06
0.005229965138942932,500,1,1.4558678254513987e-11,-3.95553691256989e-06
0.0052399608934577116,500,1,-2.5852044095869028e-11,-3.5414120725940634e-06
0.005249982002999411,500,1,-4.687990095539373e-11,-3.894551005689806e-06
0.005259975273822631,500,1,-5.835959409413068e-11,-2.6910522089584887e-06
0.005269979810125778,500,1,-6.984090493365974e-11,-4.5610332913559315e-06
0.005279979478277073,500,1,-5.563493946881214e-11,5.002381928964628e-07
0.005289965745571135,500,1,-4.315360809781211e-11,7.867732422450757e-06
0.005299991157239064,500,1,2.926383611888232e-11,1.3375204127030749e-06
0.005309970016642706,500,1,1.1292639969694629e-11,-4.238845021431459e-06
0.005319967898115426,500,1,-4.681471625761209e-11,-1.0951632865019434e-06
0.0053299814238811785,500,1,-4.036082865622465e-11,-7.256858255422216e-07
0.005339988839159224,500,1,-3.514858620780656e-11,2.6609596038285055e-06
0.005349969719018033,500,1,-3.3388345060459453e-11,-5.360919062002978e-07
0.0053599764474193375,500,1,-2.6962196266188147e-11,-3.657715101468284e-06
0.005369997037700295,500,1,-5.11819009271454e-11,2.5808030776897084e-06
0.005379980128486526,500,1,-6.467482066881142e-11,-1.2405010071936395e-06
0.005389969650855461,500,1,-6.038001205250186e-11,-4.092798007782061e-06
0.005399996237483614,500,1,-8.705568436260607e-11,-4.0269411138993405e-08
0.005409966596757288,500,1,-6.021005324034455e-11,2.805748569700839e-06
0.005419986616964384,500,1,9.935122748772713e-12,9.124789662751098e-06
0.005429994815562234,500,1,8.089248942319853e-11,9.685039367601789e-06
0.005439969100741385,500,1,1.502260396497022e-10,6.060528114193442e-06
0.005449975236982409,500,1,1.762433059600754e-10,3.907329498620271e-06
0.00545996843034601,500,1,1.9463209441751648e-10,-1.4725374741231256e-06
0.005469971325902306,500,1,1.714501088979437e-10,-3.9028672527141595e-06
0.00547999764219542,500,1,1.3862541933047819e-10,-2.437540720046094e-06
0.005489991768779654,500,1,1.1164737737161213e-10,-8.275849079364406e-07
0.00549996525350136,500,1,1.1430622254119966e-10,3.581234836458336e-08
0.005509966015189842,500,1,1.1557531704746893e-10,2.4207967496137073e-06
0.005519978045567491,500,1,1.2909057790820924e-10,2.384022733496749e-06
0.005529958511920713,500,1,1.1177274533238934e-10,-5.198726303889956e-06
0.005539996544531082,500,1,5.318134377224116e-11,-2.5447155058699877e-06
0.0055499916673077436,500,1,5.99327206396769e-11,-2.1871137123596895e-07
0.005559973770025515,500,1,7.065299353159287e-11,-1.1576442247029917e-06
0.00556997793476473,500,1,3.657582209905919e-11,-1.2161533737842234e-06
0.005579992867189304,500,1,5.003122278481617e-11,1.9815499913804213e-06
0.005589994622012164,500,1,6.539887956267393e-11,1.8354950119814362e-06
0.005599988999215762,500,1,7.420018232110435e-11,2.1601109740365665e-06
0.005609986973983674,500,1,6.711510169439528e-11,-8.229565728212762e-06
0.0056199666123731345,500,1,8.255443387000707e-12,-2.05704806544027e-06
0.005629983242042961,500,1,-4.825463630292546e-12,-1.2113361460563965e-06
0.005639965675729477,500,1,1.2836894545277364e-11,1.6996741137031979e-06
0.005649963985862555,500,1,4.827864291918687e-11,3.164864839699799e-06
0.005659957800666603,500,1,6.729465328808793e-11,2.5726004144188686e-06
0.005669981840028802,500,1,9.926157375616356e-11,-9.089120553418262e-09
0.005679995054171536,500,1,6.407474464331032e-11,-2.607303258628235e-06
0.005689981055962534,500,1,2.3885131281775943e-11,-4.984274488140095e-06
0.005699963637495528,500,1,-2.3651369167801005e-11,-5.919714246349628e-06
0.005709973742693839,500,1,-8.243568628147615e-11,-2.458371057612041e-06
0.0057199826677225745,500,1,-7.171581203037022e-11,1.9919165010762185e-06
0.005729997316249422,500,1,-5.5656962984432386e-11,2.273604281455288e-06
0.00573995947155766,500,1,-1.313914610928191e-11,4.95575321862729e-06
0.005749973659715163,500,1,1.1163906748712046e-11,-1.430984551742398e-06
0.005759981153184275,500,1,-1.2960207066946825e-11,-4.9654554397093875e-06
0.005769964727386619,500,1,-6.188414298892247e-11,-1.0353737056878476e-06
0.005779977010838675,500,1,-2.3732332851027823e-11,6.342196835040781e-06
0.005789973688981864,500,1,2.3757241518414544e-11,-3.143421715146033e-07
0.005799984294858557,500,1,-1.4829555396438533e-12,-1.1786513900435835e-06
0.005809963684300622,500,1,2.0003411858580977e-11,2.6157285202277336e-06
0.005819987219207334,500,1,1.7178343837199236e-11,-1.48517113418567e-06
0.005829983085017342,500,1,-2.0389337862124126e-11,-3.953595296590784e-06
0.005839979294598562,500,1,-5.7753053028249774e-11,-4.661934175032023e-06
0.005849955942465895,500,1,-1.1196491361820365e-10,-2.323015995342459e-06
0.005859957484590053,500,1,-1.219228304199984e-10,1.4904504825885567e-06
0.005869968967583659,500,1,-8.18973609631804e-11,7.332925459069273e-07
0.005879984272359551,500,1,-6.232338349419124e-11,3.203865137677009e-06
0.005889972644483208,500,1,-4.128914868155569e-11,2.234807311166098e-06
0.0058999745347217475,500,1,-4.210779413951066e-11,-2.994658961474883e-06
0.0059099857275428614,500,1,-3.369428165840051e-11,9.742684598079698e-06
0.005919997681181325,500,1,9.062546683414902e-11,7.917421072645148e-06
0.005929992033273825,500,1,1.2464970524064443e-10,3.3202201701332257e-06
0.005939988437048837,500,1,1.7112455303996933e-10,5.731353923454918e-06
0.005949971011485544,500,1,2.334023630462111e-10,4.227578035038981e-06
0.005959994067918254,500,1,2.5450648060454145e-10,-4.7384222756630123e-07
0.005969982593316964,500,1,2.655845740574261e-10,-4.607188094918335e-07
0.00597999319973683,500,1,2.553686729682154e-10,-1.9112430446610595e-06
0.005989998987402787,500,1,2.6978026996876073e-10,5.220196722888204e-06
0.005999989969773451,500,1,3.2738863874802676e-10,6.919631864832354e-06
0.006009961005981372,500,1,3.3644859236814503e-10,-5.337671597493987e-06
0.006019999136666898,500,1,3.072399005606889e-10,1.7104422642966188e-06
0.006029996038720702,500,1,3.121977298602423e-10,1.8203408773675989e-06
0.006039961259028798,500,1,3.095938187617272e-10,-2.960112123640002e-06
0.006049977970011413,500,1,2.727861817046441e-10,-8.632868264690785e-08
0.0060599942540477065,500,1,2.9057275589296477e-10,1.1772601979931352e-06
0.006069958650732351,500,1,2.930022954269291e-10,1.8332277139584963e-06
0.006079988953826534,500,1,3.1147735850652796e-10,-3.864225681660116e-07
0.0060899928755560615,500,1,3.04327533618841e-10,2.70251737255478e-06
0.006099989890616766,500,1,3.673005351067073e-10,5.2840400942000265e-06
0.006109985632846028,500,1,3.886731528393887e-10,2.9718406937551123e-06
0.006119974139240185,500,1,4.455668592602286e-10,2.8785041228662767e-06
0.006129987556662607,500,1,4.437351699732202e-10,-9.74728838198935e-07
0.006139961785386554,500,1,4.1923294535602205e-10,-2.6274083151367478e-06
0.006149962887980511,500,1,4.1676889221101306e-10,1.443968568048959e-06
0.006159975295933049,500,1,4.1905095552970985e-10,-3.063071940423434e-06
0.006169982337224006,500,1,3.803197576475719e-10,-3.862719972547168e-06
0.006179980492075587,500,1,3.173084330145926e-10,-6.494589052996602e-06
0.006189987946860759,500,1,2.906178459504121e-10,-2.3893942906472176e-06
0.0061999630487530755,500,1,2.835841120577779e-10,-1.3910780812809165e-06
0.006209984208849826,500,1,2.589245221563106e-10,-3.643922996621196e-06
0.0062199899287840536,500,1,2.2087573169250621e-10,-1.5216873058276903e-06
0.006229976582287904,500,1,2.5490787869994046e-10,3.137382353328097e-06
0.006239967494492535,500,1,2.543039470410263e-10,-2.099609501149402e-06
0.006249960368758599,500,1,2.476687988030269e-10,1.2120969508089274e-06
0.006259998517275639,500,1,2.63988203431947e-10,-2.2936547968699372e-06
0.006269964856281512,500,1,2.3368872479066815e-10,-1.4712765661339944e-06
0.006279968251574158,500,1,2.1988672557429366e-10,-3.4455120047072185e-06
0.00628999274730658,500,1,2.0770379664645676e-10,2.375047757352533e-07
0.006299978669363407,500,1,2.0834249723247463e-10,-1.6602746315541594e-06
0.006309976929827969,500,1,1.1566715059439358e-10,-8.60378680339613e-06
0.006319958736051649,500,1,6.025045287444582e-11,-7.514061989066789e-06
0.006329958410957847,500,1,-1.2745369131839449e-12,-1.0740234985262553e-06
0.006339979575708321,500,1,2.5011670953632844e-11,3.0105318099549194e-07
0.006349963037528943,500,1,-6.310994116214734e-12,-5.679493572219307e-06
0.006359961274282395,500,1,-4.744106634008231e-11,-1.0136592599740979e-06
0.006369989516460177,500,1,-2.6426341587145472e-11,3.4452064154501943e-06
0.006379975710467145,500,1,-2.930021096963207e-11,3.121756124158104e-07
0.006389990623740286,500,1,2.2774714074000595e-11,3.934817787598632e-06
0.006399996009538428,500,1,6.314759482427734e-11,5.6092669082907776e-06
0.006409968392701951,500,1,6.897642621122072e-11,-5.569406174688041e-06
0.006419964509205941,500,1,4.332067073999836e-11,-3.5230243480288692e-06
0.006429978221835664,500,1,7.711274098081303e-12,1.3264312831162695e-06
0.0064399953837639854,500,1,2.4265513016339762e-11,1.3232343278046788e-06
0.006449984380157341,500,1,6.6473757820092755e-12,-2.2807340178676583e-06
0.0064599867114587175,500,1,-2.5304990677340157e-11,-3.2805676266622896e-06
0.006469992173478451,500,1,-5.703152394820907e-11,-3.7671008420447905e-06
0.006479956661035917,500,1,-8.609841021337423e-11,-2.1712883888080903e-06
0.006489976550495774,500,1,-5.473269693660806e-11,6.568862839784195e-06
0.006499970786370717,500,1,6.6803174523697405e-12,7.09145116761789e-06
0.006509964984914044,500,1,3.1248428261401707e-11,-4.0166348703740695e-06
0.006519959368723488,500,1,4.2782037996600113e-11,6.030999833761541e-06
0.006529996411384291,500,1,4.4867188984292275e-11,-4.201540746207044e-06
0.006539962588281889,500,1,1.962587685140453e-11,1.4416051689059017e-06
0.006549982944956602,500,1,5.4080687106013766e-11,2.326692229437377e-06
0.006559978538742022,500,1,1.7946967205412353e-11,-2.356110676338119e-06
0.00656999697712984,500,1,3.515501603745027e-12,1.4757926142250355e-07
0.006579982118465766,500,1,1.9387010217039775e-11,-6.861203958319351e-07
0.006589966692864798,500,1,-4.52282827088445e-11,-6.044617603451208e-06
0.006599967994790061,500,1,-6.751583910917763e-11,5.162730243313263e-09
0.006609986454824011,500,1,-5.463366916055629e-11,1.3999029166017474e-06
0.006619981099827853,500,1,-2.1010453380083168e-11,1.216366350753617e-06
0.006629985121013332,500,1,-5.1009578115932376e-11,-1.7178676937346093e-06
0.006639965643973591,500,1,-4.057996102063428e-11,1.314879986495654e-06
0.006649989356091944,500,1,-6.619621484396957e-11,-1.8116850163396592e-06
0.006659974233030556,500,1,-5.912457789390658e-11,4.958763105689101e-07
0.006669986718168594,500,1,-3.9184569614248614e-11,-7.087410465178579e-07
0.00667998208399872,500,1,-6.309882205392258e-11,-1.7768409237284288e-06
0.006689963464909093,500,1,-5.903393130737993e-11,1.9582568701603797e-06
0.00669999470757306,500,1,-5.961282615002221e-11,-1.4825267324880542e-07
0.006709993415910295,500,1,-7.867521086381887e-11,-3.76893493519298e-06
0.006719977067568235,500,1,-1.034148538728481e-10,-8.729256357753457e-07
0.006729991232328321,500,1,-9.69362657550092e-11,-2.0220351637512124e-07
0.0067399631776007855,500,1,-1.0494018821573096e-10,-2.5120687916491136e-06
0.006749992578756297,500,1,-1.1257838224807575e-10,3.607228949653596e-06
0.006759998883430472,500,1,-9.471473652849626e-11,-8.689908614911701e-07
0.006769959001106804,500,1,-1.017219224027895e-10,1.6338313191255338e-07
0.0067799985463174,500,1,-8.773865337198929e-11,2.272012132209511e-06
0.006789988188117938,500,1,-9.022032743996177e-11,-3.5930920880833384e-06
0.0067999708061716015,500,1,-1.1693606301399018e-10,-2.691851255343103e-06
0.006809980784842799,500,1,-9.673611659940498e-11,3.9867566394291565e-06
0.006819980150435991,500,1,-8.57121875340002e-11,7.003088874357744e-07
0.0068299845002377435,500,1,-6.023009647763741e-11,3.8023476742754525e-06
0.006839969587457437,500,1,-2.990619857063271e-11,4.685773864698817e-06
0.006849972801697294,500,1,3.5078312755459353e-11,1.6258577235639393e-06
0.0068599665323948655,500,1,7.091978278578781e-12,-3.2297603104192163e-06
0.006869968533687079,500,1,-6.290146730405708e-12,2.158886394709736e-06
0.006879972011526077,500,1,-1.3574971680945153e-11,-4.729318772642155e-06
0.006889965317175171,500,1,-6.517213697463376e-11,-1.0077809881048339e-06
0.006899993840153902,500,1,-9.249397904767762e-11,1.9116645089134465e-07
0.006909973914984763,500,1,-6.30154213535685e-11,4.3472717105074235e-06
0.006919994835008652,500,1,-4.6921740088954564e-11,1.855483540147418e-07
0.0069299780214827356,500,1,-2.6612323149818748e-11,8.286077575470063e-07
0.006939960288435847,500,1,-2.8618562048973988e-11,-5.124458136163135e-07
0.006949996434153348,500,1,-2.420533083458175e-11,3.0882943853338674e-06
0.006959987984477801,500,1,-1.5023624979840092e-11,9.789665798010105e-07
0.006969967946167452,500,1,-3.313327137052677e-11,-2.3111568733247267e-06
0.006979986730648021,500,1,-2.6764872923033773e-11,2.560661109596296e-06
0.006989988592971343,500,1,-3.853707719046241e-11,-2.8524768536236644e-06
0.006999973832570555,500,1,-6.824510582629766e-11,-2.6737600322124244e-06
0.007009981092335826,500,1,-3.39882455633697e-11,5.277697630867717e-06
0.007019958978262349,500,1,9.710135292196839e-12,2.3367821249120624e-06
0.0070299765559185086,500,1,5.00836145220728e-12,-2.345857608665458e-06
0.0070399830810224705,500,1,2.272021820356497e-11,4.16234608313637e-06
0.007049990318557698,500,1,5.538666305988601e-11,5.329215323618408e-06
0.007059968894757484,500,1,8.401116926759944e-11,1.5301837570369514e-06
0.0070699856228296646,500,1,1.217833362434262e-10,2.135520249302303e-06
0.0070799858331441505,500,1,1.634595971964736e-10,5.413309164321867e-06
0.007089959798666404,500,1,1.6765514608660555e-10,-4.813433396533284e-06
0.007099997741017178,500,1,8.772575912157038e-11,-7.783082794921015e-06
0.0071099676633398536,500,1,5.33863470348028e-11,-1.5355287144441787e-06
0.007119971380930784,500,1,4.2061939536572595e-11,-7.377766970684263e-07
0.007129990758922399,500,1,6.04941094775862e-11,6.09216308289362e-07
0.007139961431496943,500,1,6.067156842810178e-11,-3.4321662495534477e-06
0.007149979474100601,500,1,2.1460810935286642e-11,-1.6411779554803552e-06
0.007159995254801014,500,1,5.706303030429975e-12,-2.8734085180115443e-06
0.007169962449877353,500,1,1.681408771810305e-11,3.7122938950640005e-06
0.007179959609427872,500,1,2.3579151209021838e-11,2.6316884215726866e-06
0.007189968909607604,500,1,2.4572442342400713e-11,4.042942627555113e-08
0.007199959927297341,500,1,2.0416611813747155e-11,-2.535222779487256e-07
0.007209987078070645,500,1,2.6054142996803978e-11,5.720915292606321e-07
0.007219986323040487,500,1,6.936236146266959e-11,6.767845553534713e-06
0.007229979056884137,500,1,1.2262915496895062e-10,4.193253690065041e-06
0.007239979494087148,500,1,1.1880108121957596e-10,-4.288237076988111e-06
0.0072499584218456235,500,1,1.1909208139776733e-10,6.867183267367238e-06
0.007259988719917388,500,1,1.5263784362834617e-10,-2.6271270468225527e-06
0.007269994722444973,500,1,1.489552611369017e-10,7.369808542323497e-07
0.007279979460642738,500,1,1.5980712541170889e-10,2.788998185759839e-06
0.007289956192759518,500,1,1.7611227308360453e-10,-4.359916967455746e-07
0.0072999916149521695,500,1,1.340545392214691e-10,-7.015010926592069e-06
0.007309960085356894,500,1,8.47930979724966e-11,-1.0322463289691441e-06
0.007319978735606019,500,1,4.390566237841124e-11,-3.877653015682547e-06
0.007329971517588883,500,1,3.4507785893604534e-11,-5.71549313876929e-07
0.007339959116689036,500,1,7.167130344960622e-11,4.179561581219016e-06
0.007349979222642239,500,1,9.923306250200986e-11,3.1309237211729624e-06
0.00735998163947862,500,1,8.822077663630157e-11,-4.315446078262397e-06
0.007369966776498766,500,1,9.036677899269677e-11,1.1138442982949748e-06
0.007379998054591323,500,1,7.678438567174822e-11,-2.572783209364715e-06
0.007389991146096957,500,1,4.6145103920774044e-11,-4.81942371483024e-06
0.007399971460935594,500,1,1.50964526896859e-11,1.5920500545663074e-06
0.007409966464186002,500,1,4.5230922401050776e-11,2.4433313217109287e-06
0.007419956876920095,500,1,4.5894471325380734e-11,-1.7915440831961504e-06
0.007429997218771458,500,1,-4.3729029313818355e-12,-2.947768587030497e-06
0.007439992845652756,500,1,-5.451244092423099e-12,5.307235541041067e-07
0.007449972023947285,500,1,1.0176212801425331e-11,3.0667447179499874e-06
0.00745996235590817,500,1,2.2834934169376842e-11,1.341617221317648e-06
0.0074699675704960914,500,1,4.646140581843878e-11,4.756665508143243e-07
0.00747997665906257,500,1,7.080677330167939e-11,3.901059574484833e-06
0.007489958270510493,500,1,1.0090240791444164e-10,8.933209711681211e-07
0.007499993868528688,500,1,1.232868706975513e-10,2.012543182994264e-06
0.0075099722627718695,500,1,1.3256441347508192e-10,-1.0613849961149668e-06
0.007519962940739569,500,1,1.0893079654576221e-10,-1.20975374140464e-06
0.0075299901782128744,500,1,9.45912184707352e-11,-2.4750210479984602e-06
0.007539978725632402,500,1,9.662196197333868e-11,1.866437219721906e-06
0.007549964841706514,500,1,8.405462132426305e-11,-3.778441989510384e-06
0.007559966214083071,500,1,5.339680758295788e-11,-2.7788686724622425e-07
0.0075699912721043676,500,1,7.24035735351754e-11,1.5716765748297057e-06
0.007579967190150209,500,1,6.305332346930841e-11,-1.1680146915910017e-06
0.007589967957976571,500,1,7.449959995104247e-11,3.251351011535064e-06
0.007599989399646848,500,1,1.0266330169474537e-10,2.302539784893032e-06
0.007609994161680655,500,1,1.2924166388821273e-10,2.667027849234671e-06
0.007619973106125884,500,1,1.719329930367059e-10,3.8382700822126026e-06
0.007629997163950928,500,1,1.6663016756332527e-10,-4.10941450190716e-06
0.007639975774411478,500,1,1.2529637000312688e-10,-1.8932285162920337e-06
0.007649988272634897,500,1,1.3324685401070965e-10,3.788732634381342e-06
0.007659993327525552,500,1,1.7125825313679373e-10,1.483095462440076e-06
0.0076699772056735265,500,1,1.464317488453994e-10,-7.528076651497351e-06
0.0076799806786752274,500,1,1.1676279696507845e-10,1.0370784092050833e-06
0.00768996271722455,500,1,9.65515070295712e-11,-4.3066442446670905e-06
0.00769995904395316,500,1,7.812316492467866e-11,1.8835636543812484e-06
0.00770999504696977,500,1,9.28314318853133e-11,-2.188491837099016e-06
0.007719999631724893,500,1,4.652936464568443e-11,-4.952593740892297e-06
0.0077299875952706815,500,1,3.729896944571002e-11,3.0831447832557757e-06
0.007739985374075151,500,1,5.72178781761565e-11,2.2213990629182945e-06
0.007749961451947057,500,1,1.0537917859471151e-10,5.1861216365800544e-06
0.0077599873006954055,500,1,1.427137546627813e-10,4.697336972947497e-06
0.007769967652442747,500,1,1.3898313253510298e-10,-5.955229328669098e-06
0.007779963289498407,500,1,1.0862320096941946e-10,1.116817973323414e-06
0.007789965700101399,500,1,1.1691648856877604e-10,-1.2072051887787594e-06
0.0077999708907684215,500,1,9.947706514182612e-11,-6.746465776030774e-07
0.007809991702906979,500,1,1.162542701502471e-10,2.1856388583429975e-06
0.007819981703892134,500,1,1.2131126847145495e-10,-2.628519149672215e-06
0.0078299966939969,500,1,8.893789906809176e-11,-1.2354726637298086e-06
0.007839982616107523,500,1,7.70559335896516e-11,-2.9548160396797307e-06
0.007849978197684258,500,1,7.635782154308366e-11,3.421115592705526e-06
0.007859989157165834,500,1,8.035055740219095e-11,-7.581773895370958e-07
0.007869984231473868,500,1,7.430486065765303e-11,-1.8953504299784596e-06
0.007879984445131633,500,1,4.035040972279827e-11,-4.2416058417815705e-06
0.007889982485346805,500,1,3.5220266237983786e-13,-3.88059074318825e-06
0.007899970982648837,500,1,-2.94225965917765e-11,-2.8929034144864474e-06
0.007909987238536996,500,1,-3.9882986721003063e-11,2.208157333372096e-07
0.00791997557594777,500,1,-3.734016008618776e-11,6.147119835375747e-08
0.007929966085572558,500,1,-3.549113030002556e-11,3.0302165751061594e-06
0.007939965306455615,500,1,-2.2688675295620333e-11,-4.200354715155896e-07
0.007949999662666022,500,1,-2.682920184437056e-11,-9.627898629460674e-07
0.007959977234177688,500,1,-2.0321778456652883e-11,2.5947752690935744e-06
0.007969970778968001,500,1,-2.6352948601391984e-11,-1.965164799555552e-06
0.007979968376253834,500,1,-4.2235673993433606e-11,2.608632150291612e-07
0.007989991036745086,500,1,-1.1699953484005181e-11,4.54863539817163e-06
0.007999962384108236,500,1,2.0428318311580505e-11,1.3959679343034104e-06
0.008000006831550933,500,1,2.049017136620038e-11,1.3915700334266035e-06
0.0,501,2,0.0,0.0
9.989961021512745e-06,501,2,-7.650662555836674e-20,-3.38474671738286e-14
1.9992043388314044e-05,501,2,-8.00255330561469e-15,-5.63875078747611e-09
2.998154396983048e-05,501,2,-4.7108629763697405e-14,9.356393293469267e-08
3.996706428926499e-05,501,2,2.968163993221556e-12,3.346869146270137e-07
4.9977073299739135e-05,501,2,3.1332454504904704e-12,-1.0343913667276716e-07
5.999080644949294e-05,501,2,-9.662323753465351e-13,-5.706681668882219e-07
6.995577857517775e-05,501,2,-7.953529035759248e-12,-1.099115157388031e-06
7.997976092856483e-05,501,2,-3.781811294651478e-11,-5.080981613003743e-06
8.999023881127192e-05,501,2,-8.458157313307054e-11,-3.306616740417212e-06
9.999120661247908e-05,501,2,-9.386453386536872e-11,6.019882609065164e-08
0.00010998802936081757,501,2,-9.667746142280977e-11,-5.2024643298898e-07
0.00011998443754741915,501,2,-1.0052787046538596e-10,3.1692204563449344e-07
0.00012998021736421595,501,2,-8.368727576430011e-11,1.894704544258552e-06
0.00013997582428984024,501,2,-6.815526667816314e-11,1.4938065500541553e-06
0.00014999257578972945,501,2,-4.7292517270342655e-11,1.9537290186499856e-06
0.00015999360761981914,501,2,-2.4407276160820068e-11,1.4481646558595074e-06
0.00016996677216290113,501,2,-2.4857984448650077e-11,-1.5749303631240608e-06
0.00017999252641565756,501,2,-3.8481397274692675e-11,-1.1746012881508339e-06
0.00018999308490903147,501,2,-3.9526977834759575e-11,1.0465095590661555e-06
0.0001999567280807932,501,2,-2.555145298563876e-11,5.653634233826477e-07
0.00020998283113449233,501,2,-1.8559353655826652e-11,1.5841640045310967e-06
0.00021999218307440147,501,2,-6.105324121833062e-13,2.58620066784232e-06
0.00022999777759454492,501,2,4.044663971440279e-11,4.635607988023871e-06
0.00023997177696874117,501,2,7.326088337933638e-11,2.0692503866492906e-06
0.0002499786197993587,501,2,9.83133027299219e-11,2.71445035382456e-06
0.0002599681581316944,501,2,1.1211814154463097e-10,6.131113388166409e-07
0.0002699738991410829,501,2,1.2805621866105658e-10,1.7792724925635994e-06
0.0002799995673440711,501,2,1.3933916747946805e-10,5.663936616384646e-07
0.00028997925184033916,501,2,1.5961477907618093e-10,4.4116527813109485e-06
0.00029996847699488365,501,2,1.9496297473984387e-10,2.20898173519668e-06
0.00030999245089309926,501,2,2.0801105143095164e-10,1.5037086991132043e-06
0.0003199568713655011,501,2,2.3132902661975692e-10,2.4752943550421236e-06
0.0003299560514831476,501,2,2.506519306143978e-10,1.5690515348110168e-06
0.00033998257775922535,501,2,2.5443803705252734e-10,-2.899702104652846e-06
0.00034999508288619874,501,2,2.1302414566619918e-10,-2.459493496753673e-06
0.0003599730365147739,501,2,1.969176915136235e-10,-2.7176482594315488e-06
0.00036996789073153146,501,2,1.7066087617119115e-10,-2.453054178952474e-06
0.00037997066386399344,501,2,1.464149966192037e-10,-2.7734514519983655e-06
0.00038996051971769744,501,2,1.3165521121143403e-10,-6.719124612808436e-07
0.0003999959653119283,501,2,1.1789227999045322e-10,-1.0957918094856023e-06
0.0004099650516530841,501,2,1.382209525431315e-10,3.6172459390027e-06
0.00041998149695313813,501,2,1.6911939589294377e-10,3.115253287999664e-06
0.00042997783813852837,501,2,1.925834845734704e-10,1.5822311460744753e-06
0.0004399826335932183,501,2,2.153635485549997e-10,2.9213603586208947e-06
0.00044995611321564996,501,2,2.4319966300415195e-10,2.4518349742708168e-06
0.00045999208083552084,501,2,2.209569342474945e-10,-5.378617817797249e-06
0.0004699576675885509,501,2,1.815453211752912e-10,-2.5072043010609946e-06
0.0004799734538236568,501,2,1.46697795136609e-10,-4.0988067531166905e-06
0.0004899773262599515,501,2,1.0737621498191482e-10,-5.065633981171658e-06
0.0004999948446451585,501,2,5.1907431594983727e-11,-6.19622425968025e-06
0.0005099888774020678,501,2,8.777244865335488e-12,-1.794205698568696e-06
0.0005199581163766662,501,2,-2.2019818323124074e-11,-5.7639412530674505e-06
0.0005299594725546438,501,2,-4.88401677109664e-11,1.1960753714956862e-06
0.0005399610257029467,501,2,-9.793862455989458e-12,5.547971334118884e-06
0.000549997561552946,501,2,2.154546795956678e-11,1.0946222805396921e-06
0.0005599780568693812,501,2,4.56327644458992e-11,3.816824365232563e-06
0.0005699716516408677,501,2,9.996961918489703e-11,6.617428454536167e-06
0.0005799804737262408,501,2,1.5967256054676138e-10,4.111738713841184e-06
0.0005899891484605743,501,2,1.6974163445123e-10,-8.179663760626843e-07
0.0005999957831306825,501,2,1.6978997517040715e-10,1.2453109112173233e-06
0.0006099630404516961,501,2,1.9324610827015955e-10,3.776547704781308e-06
0.0006199734262473491,501,2,2.1662903312543239e-10,-6.82150128716863e-07
0.000629980081594427,501,2,1.8489665640295926e-10,-4.172287382919748e-06
0.0006399702290639075,501,2,1.516171727182242e-10,-1.9082770816858385e-06
0.0006499753927367723,501,2,1.126781562477662e-10,-7.186050645646702e-06
0.0006599828886209325,501,2,4.521888051819262e-11,-4.420173585595322e-06
0.0006699829636183788,501,2,3.4601926406335314e-11,1.0870106385008071e-06
0.0006799933337324186,501,2,4.763905781721388e-11,3.993322917061892e-07
0.0006899675594927731,501,2,2.4928391975724925e-11,-4.509270197794457e-06
0.0006999566791805224,501,2,-1.0920996254543255e-11,-1.5221683268562547e-06
0.0007099584768489616,501,2,-1.5084391694376322e-11,-1.895960101139238e-06
0.0007199725007497685,501,2,-5.3027932666468666e-11,-2.499538667710688e-06
0.0007299613525878762,501,2,-1.4020127821965907e-11,7.3127017288232565e-06
0.0007399900911148834,501,2,4.0755836054266845e-11,2.518266959516957e-06
0.0007499899424045427,501,2,6.56731782399788e-11,2.601046817263253e-06
0.0007599752199016432,501,2,9.292052288947957e-11,3.264637354671862e-06
0.000769979653422755,501,2,1.2924467042318868e-10,4.121669850531973e-06
0.0007799714476631343,501,2,1.63888505522701e-10,-5.286890987221682e-07
0.0007899882017718372,501,2,1.7521817512671867e-10,5.2623172009935715e-06
0.0007999894016024467,501,2,2.3134474813401662e-10,6.2961692592899965e-06
0.0008099743756207648,501,2,3.0238587214693677e-10,6.932519758917621e-06
0.0008199895440748132,501,2,3.382409457771199e-10,4.143546549206789e-07
0.0008299581994323049,501,2,3.12373019174827e-10,-3.245814916730261e-06
0.0008399896869195143,501,2,3.0930225135945236e-10,-6.849790823437729e-07
0.0008499654877961996,501,2,2.4057773789331726e-10,-1.0798535490685879e-05
0.0008599657983571072,501,2,1.3194467565790565e-10,-9.080065286326544e-06
0.000869974189158615,501,2,5.3663391096661585e-11,-7.209494092386137e-06
0.0008799904944519329,501,2,-4.998809931764379e-12,-4.10871676659319e-06
0.0008899722043754963,501,2,-6.804032662131474e-11,-8.345766390860376e-06
0.0008999634188782872,501,2,-1.3967757237493667e-10,-5.308461928477115e-06
0.0009099728035892673,501,2,-1.8711046655893156e-10,-2.9846916479447927e-06
0.0009199644112581268,501,2,-1.9346043891554075e-10,-9.98610189872906e-07
0.0009299654750173452,501,2,-2.0460656023732655e-10,-2.5989236266399374e-06
0.0009399667116566871,501,2,-2.1168838211483524e-10,1.520011809044708e-06
0.000949993153366058,501,2,-1.783554805852728e-10,5.093559351854182e-06
0.0009599776261818661,501,2,-1.0750619846249107e-10,7.5219521011860024e-06
0.0009699958165689663,501,2,-3.0221662526131295e-11,5.880063974395e-06
0.0009799642605983281,501,2,3.3310741572180986e-12,4.959975625995483e-06
0.0009899666686108526,501,2,6.762312401597972e-11,3.787734469407056e-06
0.0009999658808187348,501,2,8.333733464939625e-11,4.3232462787479164e-07
0.0010099702017673457,501,2,9.083067527011334e-11,1.0154063754264087e-06
0.0010199673356959494,501,2,8.901664444487456e-11,-2.7170751257798997e-06
0.0010299958828595638,501,2,7.802263261874219e-11,1.245736008237408e-06
0.0010399715912952755,501,2,9.950349026585084e-11,3.1303718467379227e-06
0.0010499598083871873,501,2,1.2252232916247626e-10,-6.775830857994047e-07
0.0010599560419078558,501,2,1.1522243928288947e-10,-5.048123589701525e-07
0.001069971167556783,501,2,1.0542484257542589e-10,-3.5227611265842285e-06
0.0010799904971131116,501,2,4.822877859610771e-11,-6.7469992310886795e-06
0.0010899580585454322,501,2,-1.0803298997031328e-11,-4.855016216609442e-06
0.001099995097200793,501,2,-6.364846412456991e-11,-5.457344080861404e-06
0.0011099605620624017,501,2,-1.0950165954798347e-10,-3.5297295445380072e-06
0.0011199778366987173,501,2,-1.3491597082250148e-10,-1.2072337097768226e-06
0.0011299999004189144,501,2,-1.3081636359586464e-10,1.412047621607293e-07
0.0011399688574877478,501,2,-1.397220443321136e-10,-2.607498178763823e-06
0.00114999104053655,501,2,-1.4733297061375183e-10,2.2411583026071824e-06
0.0011599749759054815,501,2,-1.1190905050784215e-10,4.870076379726029e-06
0.0011699767987091371,501,2,-5.867321522484394e-11,5.526963741342428e-06
0.0011799851497623372,501,2,-7.855001795087054e-13,5.964773984623584e-06
0.0011899589811022926,501,2,4.871533697067159e-11,3.160085266573631e-06
0.0011999954661071714,501,2,6.371577724589438e-11,-5.661052280281353e-07
0.0012099633255643625,501,2,5.03315297171867e-11,-1.2996282844346396e-06
0.001219957314258476,501,2,3.3371781503970617e-11,-3.8352531563923264e-06
0.001229972834827589,501,2,-1.6917945680372417e-12,-2.192029773806503e-06
0.0012399578590630244,501,2,-1.1973053152291896e-11,-1.9070293471035171e-06
0.0012499675495489986,501,2,-2.9108890011532483e-11,-1.9371368736864625e-06
0.0012599568785764768,501,2,-7.141678868495169e-11,-5.0700968092787235e-06
0.0012699664231770695,501,2,-1.1077031117714704e-10,-1.1066619500788022e-06
0.0012799807341562824,501,2,-1.0732600205564996e-10,-1.168053954336834e-06
0.0012899597591071081,501,2,-1.3041306392674564e-10,-1.1166165071463396e-06
0.001299986675857092,501,2,-1.1564352157356159e-10,2.6629856673676677e-06
0.0013099848057680256,501,2,-9.442077710517839e-11,9.66397859208934e-07
0.0013199736548793655,501,2,-8.812556816283155e-11,1.3033088809011328e-06
0.0013299822310088466,501,2,-7.463118091458141e-11,6.189438504222711e-07
0.0013399713214551755,501,2,-6.516962833367102e-11,1.6830822387806088e-06
0.00134996429524554,501,2,-3.484338499963515e-11,2.7528454263348046e-06
0.001359974641634749,501,2,-9.567249214539018e-12,2.033687276470353e-06
0.0013699800802793275,501,2,7.543493112875232e-12,1.589260429396555e-06
0.0013799694917800399,501,2,2.5194890078861394e-11,2.3587075608233476e-06
0.00138997241891667,501,2,6.438303623213155e-11,5.58741613110314e-06
0.0013999902988138808,501,2,1.1137919356237283e-10,1.6486107751734203e-06
0.0014099770974287595,501,2,1.0578030535750543e-10,-2.2261626134723045e-06
0.0014199643077242696,501,2,8.820018867889659e-11,7.16498782818431e-07
0.001429965001313615,501,2,8.989873899622092e-11,-2.20098925152179e-06
0.001439978580402546,501,2,7.863771124479472e-11,1.7018101615695613e-06
0.0014499934135066034,501,2,8.952914854144973e-11,-2.120063959568097e-06
0.0014599848922581238,501,2,4.3598992683618735e-11,-2.670385539763065e-06
0.0014699826767232574,501,2,5.628289022890237e-11,3.2517258634623403e-06
0.0014799556062961275,501,2,7.957229181165875e-11,-2.882639324464087e-07
0.0014899566844938142,501,2,7.831202430508364e-11,7.196177765900202e-07
0.0014999967921634487,501,2,9.10607637369745e-11,8.233800636858746e-07
0.0015099576959541085,501,2,1.0043902755462884e-10,2.106386139844041e-06
0.001519989648142698,501,2,1.1658041373219631e-10,-1.263158417086352e-06
0.0015299694516815677,501,2,8.950243299862652e-11,-1.563076641120098e-06
0.001539989840410008,501,2,8.401023645731968e-11,-1.4518775784955196e-06
0.0015499845632675228,501,2,6.056339193780754e-11,-2.0267616708258274e-06
0.00155996167363527,501,2,5.452262260923456e-11,1.5143864362521242e-06
0.0015699620344369163,501,2,7.505587451667162e-11,2.6091744926848293e-06
0.0015799825530535185,501,2,1.1214577175428821e-10,4.727719992603241e-06
0.001589998112228593,501,2,1.5653243566111528e-10,2.6756341393596728e-06
0.0015999618879190937,501,2,1.5398308554615252e-10,-3.868360764491818e-06
0.001609985878875884,501,2,1.1016651383055328e-10,-4.12772969049513e-06
0.0016199795012749702,501,2,5.6901567371093293e-11,-6.371030571994396e-06
0.0016299952643993435,501,2,-2.508129824096701e-12,-6.40898151427205e-06
0.0016399765803374212,501,2,-9.02896973148303e-11,-9.100342551748852e-06
0.0016499971999057292,501,2,-1.4197859203180093e-10,-3.5802110420757316e-06
0.0016599592000508241,501,2,-1.87660968795772e-10,-6.142574582423954e-06
0.0016699850782126169,501,2,-1.9915479682053316e-10,3.5417214212518644e-06
0.0016799591029450587,501,2,-1.579165102465397e-10,2.763905534108879e-06
0.0016899912409734483,501,2,-1.3914566807629494e-10,1.3101684220861998e-06
0.0016999711866510561,501,2,-1.1908247470159824e-10,2.580003428453992e-06
0.0017099890935931767,501,2,-8.254067111435569e-11,6.318622569612131e-06
0.0017199842058484868,501,2,-1.868318449236195e-11,6.3755473980187105e-06
0.0017299700066734725,501,2,3.734572223815019e-11,3.499436833753755e-06
0.0017399988872449053,501,2,5.0028350094598415e-11,1.0545862785260596e-06
0.00174998548405672,501,2,6.284261201423402e-11,1.321134377008093e-06
0.0017599911249635096,501,2,9.452379957447738e-11,4.259469462697396e-06
0.0017699644322331331,501,2,1.4080207198742187e-10,6.061887872110816e-06
0.0017799833496972783,501,2,2.0317494908717038e-10,4.890347674590956e-06
0.0017899751569559934,501,2,2.1865450003713798e-10,-1.482596933541358e-06
0.0017999750671708237,501,2,2.1064765601578554e-10,7.279819844163704e-07
0.0018099656639713377,501,2,2.2720841114304887e-10,9.88290253467472e-07
0.0018199608746322167,501,2,2.1685036778122235e-10,-2.524687789551283e-06
0.0018299962293289675,501,2,1.9281320504517356e-10,-1.7372923099001625e-06
0.0018399939108237624,501,2,1.746214063917586e-10,-2.1359996459358044e-06
0.0018499643565681202,501,2,1.5536090170836748e-10,-1.599716735078971e-06
0.001859968540797818,501,2,1.6891306440309974e-10,2.771838113119207e-06
0.001869999360236389,501,2,1.8555995040086528e-10,1.2071478969755134e-06
0.0018799855178169224,501,2,2.085566154792621e-10,4.435726681184526e-06
0.0018899824686351974,501,2,2.5652352963166647e-10,4.0277924914233765e-06
0.0018999688812909043,501,2,2.7425839518261524e-10,-3.8564389165385293e-07
0.0019099731049039086,501,2,2.528340099200552e-10,-3.2312031592596213e-06
0.0019199777923854333,501,2,2.262582519276901e-10,-1.06192889337553e-06
0.0019299750326173368,501,2,2.3349118792533085e-10,1.4978516985619805e-06
0.0019399892912366989,501,2,2.629306980472812e-10,4.487952386944549e-06
0.0019499778420350884,501,2,2.812987094302712e-10,-1.6757652333554418e-06
0.0019599927968355544,501,2,2.572379140616419e-10,-2.346133602060263e-06
0.0019699674488002435,501,2,2.2797071761398004e-10,-3.987693218965305e-06
0.0019799664640804933,501,2,1.949476104905288e-10,-1.80559600093666e-06
0.001989965194383709,501,2,1.7998519247568146e-10,-2.4740433482994817e-06
0.001999988546064914,501,2,1.413874955144879e-10,-4.999615070611085e-06
0.002009994633218821,501,2,8.698452745378314e-11,-5.24754783115533e-06
0.0020199843076899957,501,2,6.248761201199334e-11,1.633575513748653e-08
0.0020299764806285645,501,2,6.636245721309696e-11,-8.095288857312699e-07
0.002039971510100887,501,2,2.116961770473407e-11,-7.724708036116468e-06
0.0020499851170852467,501,2,-4.387054616610507e-12,3.525062187148542e-06
0.0020599798170726474,501,2,2.226580817507942e-11,3.368812030724033e-08
0.002069983527623644,501,2,1.1036827220645574e-11,-1.923159197416563e-06
0.0020799726396303945,501,2,-7.657354534251672e-13,6.958441358673184e-07
0.00208998828091631,501,2,1.6933746885185869e-12,-2.616226181362258e-06
0.002099960695316437,501,2,-2.4943958587563854e-11,-1.2295171054853282e-06
0.0021099569615075624,501,2,-1.2827972404883805e-11,1.6958247849307995e-06
0.0021199732712319213,501,2,-1.957873432131764e-11,-3.076741491581103e-06
0.0021299680703956545,501,2,-4.282450209944504e-11,-1.0238818422825258e-06
0.002139995320785377,501,2,-3.277956056005511e-11,3.0076029863268516e-06
0.0021499764219865022,501,2,1.5524609507953707e-13,3.2903414527440944e-06
0.0021599568904996183,501,2,2.3759288150338402e-11,3.383876268525654e-06
0.00216996056612999,501,2,6.505688890230091e-11,4.78152862282144e-06
0.0021799808111731527,501,2,1.1574270800343719e-10,2.3515641285332123e-06
0.0021899674700162188,501,2,1.25555424062662e-10,2.8411104754377803e-06
0.002199956944858223,501,2,1.762620199739751e-10,5.1177733904061995e-06
0.0022099594802748325,501,2,1.8445063464339433e-10,-3.005359593022394e-06
0.002219960109732291,501,2,1.6507385403394118e-10,4.936886590090062e-07
0.00222997330339741,501,2,1.704827206326382e-10,7.26865546848976e-07
0.0022399795506986573,501,2,1.733934331903911e-10,-1.622854323868328e-06
0.0022499847016867664,501,2,1.6470403498361225e-10,3.6044426821035813e-06
0.0022599966361363855,501,2,2.3096446316492021e-10,4.884207140065655e-06
0.0022699726010188934,501,2,2.5545560844886673e-10,9.239902198643346e-07
0.0022799730230051783,501,2,2.6807853655583073e-10,-5.386746128044351e-07
0.002289961888919968,501,2,2.2122304493512506e-10,-6.670450238832615e-06
0.0022999862878289507,501,2,1.8071064939318825e-10,-1.117733374411678e-06
0.002309997801497285,501,2,1.7444642877174595e-10,-1.233735889102916e-06
0.002319972401179661,501,2,1.4092356429812694e-10,-5.2136131497571014e-06
0.0023299749916493783,501,2,1.0250323269824922e-10,-1.7627831341016087e-06
0.002339963899198567,501,2,7.361473170475999e-11,-4.0726969811055724e-06
0.0023499854099363884,501,2,2.1069261940792595e-11,-5.340572217349404e-06
0.0023599643631998686,501,2,-2.7528414606441814e-11,-4.126292658113151e-06
0.0023699582888794955,501,2,-6.179616307249558e-11,-3.7717196664788233e-06
0.0023799969164151912,501,2,-1.0009695546474344e-10,-2.5650761751316864e-06
0.002389999360669749,501,2,-1.0988188436757623e-10,-1.0698081676085991e-07
0.0023999861354865866,501,2,-1.1538166657766374e-10,-8.042749177761266e-07
0.002409998648478418,501,2,-1.3282742111510846e-10,-2.4402275913271154e-06
0.002419975314626342,501,2,-1.3450524807003493e-10,1.8303745390468862e-06
0.00242999777759559,501,2,-1.3221106996604828e-10,-2.2077884742621734e-06
0.002439980206408675,501,2,-1.4283460006054324e-10,1.0434354547061986e-07
0.0024499882859080756,501,2,-1.402697771100297e-10,1.998269167968747e-06
0.002459968817885451,501,2,-1.047446441580324e-10,3.7552334615220673e-06
0.0024699800815520226,501,2,-6.347464518718384e-11,3.499047520005849e-06
0.002479985634592174,501,2,-3.177395182019419e-11,3.981705847255768e-06
0.0024899946162147495,501,2,-3.0825356373345714e-12,1.6585577874150825e-06
0.0024999673900585806,501,2,-7.0471365813559684e-12,-1.3778599338154507e-06
0.002509994416373522,501,2,-6.74748090381946e-12,1.9283339351972018e-06
0.002519984821243666,501,2,-6.369072349870445e-12,-2.5629280985539626e-06
0.0025299979662083026,501,2,-5.088365197738359e-11,-5.523126872714057e-06
0.0025399737370046405,501,2,-8.133480502059594e-11,1.5299329764184577e-06
0.002549962943706849,501,2,-3.982692818192942e-11,3.161999249656766e-06
0.002559987272755071,501,2,-4.5427082924669665e-11,-2.3730236644037284e-06
0.0025699659481242428,501,2,-5.977680390393203e-11,1.0939647976798694e-06
0.002579994484637053,501,2,-5.897088609856778e-11,-1.7776085028398114e-06
0.0025899940073215322,501,2,-6.614937838246191e-11,2.047340035005174e-06
0.002599982692719946,501,2,-3.337322784068014e-11,3.684711969778598e-06
0.0026099583410498137,501,2,-1.223050174769638e-11,-2.5218701943385824e-07
0.0026199908534473193,501,2,-2.7317261423897188e-11,-1.961878517198201e-06
0.0026299760523095877,501,2,-5.814752547056391e-11,-2.0269040374998326e-06
0.002639963377767787,501,2,-4.4691130868723325e-11,2.125911351513743e-06
0.0026499887386907004,501,2,-4.754901909763496e-11,-2.982773082527146e-06
0.002659993444675745,501,2,-6.008127694561902e-11,-1.7311030889310963e-07
0.0026699594477339783,501,2,-9.0570446751963e-11,-3.4769364012365855e-06
0.0026799593693022797,501,2,-1.1407669787640885e-10,-1.1952987212238142e-06
0.0026899901993603158,501,2,-1.402409366207339e-10,-3.168524374652648e-06
0.00269998736849525,501,2,-1.6957597547435097e-10,-1.7429405947400056e-06
0.0027099564543407117,501,2,-1.704367076006577e-10,-4.1161800323763487e-07
0.0027199638333857924,501,2,-1.866010191416828e-10,-1.4624257813344865e-06
0.0027299630282449096,501,2,-1.9552266287281442e-10,-3.36267892420139e-07
0.0027399918897720262,501,2,-1.9168151376043607e-10,7.496734055756349e-07
0.0027499991272805194,501,2,-1.8884836788568603e-10,5.926085921981183e-07
0.002759965226510916,501,2,-1.6904327408890675e-10,3.6091299060458937e-06
0.0027699799082271143,501,2,-1.4590267671671917e-10,2.705348667308982e-07
0.002779970536157839,501,2,-1.289728612943004e-10,4.296300726625013e-06
0.0027899670463153404,501,2,-1.0001359067604522e-10,8.122472617833054e-07
0.002799996203365536,501,2,-7.866613719447206e-11,4.389985820640874e-06
0.002809997833640168,501,2,-2.6720979279719153e-11,4.074827389399793e-06
0.002819967008977856,501,2,5.126825699747011e-12,2.4893170280648746e-06
0.0028299625308132867,501,2,3.266649659648159e-11,3.887725611662063e-06
0.0028399829465466557,501,2,8.351921298923193e-11,6.052435275516466e-06
0.0028499720052161245,501,2,1.0654444129932399e-10,-1.0814900643918435e-06
0.002859993355102407,501,2,1.3021359920764412e-10,5.733830480192381e-06
0.00286996652586216,501,2,1.7756944879602794e-10,2.5014800474482124e-06
0.0028799708610538098,501,2,1.962485439590102e-10,1.6096406945664832e-06
0.002889995639778524,501,2,2.3202620116305906e-10,4.650209523893167e-06
0.002899980473333962,501,2,2.5358744166087974e-10,7.39192389985488e-07
0.002909978057514456,501,2,2.6867336238016893e-10,2.563041675479605e-06
0.0029199887633107307,501,2,3.006856055511259e-10,4.536142749977934e-06
0.002929991954553023,501,2,3.449156967254719e-10,4.615184538980799e-06
0.0029399764697640284,501,2,3.896691895479039e-10,2.8868273009852174e-06
0.002949998184656102,501,2,3.9991211020886167e-10,1.3166467177361252e-06
0.002959979252006029,501,2,4.355334639352627e-10,5.680889171522097e-06
0.002969980736582091,501,2,5.10296957996286e-10,7.265021350510992e-06
0.0029799930482495057,501,2,5.592226522756509e-10,4.174882815455305e-06
0.0029899731213205967,501,2,6.159900361058651e-10,6.8922275457961035e-06
0.002999972572662621,501,2,6.453744832654335e-10,-2.358428997317752e-06
0.003009966234808012,501,2,5.790563122992339e-10,-1.0702939362783326e-05
0.003019993492019316,501,2,4.733921741612761e-10,-7.557227548637968e-06
0.0030299923285373176,501,2,4.3179406614645126e-10,-4.150543901459969e-06
0.003039985271719881,501,2,3.8786610606785475e-10,-2.4301806846871443e-06
0.0030499910953431784,501,2,3.5661509405611426e-10,-6.47931488961806e-06
0.003059964952357777,501,2,2.7416444257270887e-10,-8.9924727979529e-06
0.003069994740587669,501,2,2.1914117995415353e-10,-4.337591924863382e-06
0.00307995931289467,501,2,1.5650880841227622e-10,-4.94236198811393e-06
0.0030899847747873333,501,2,1.1618153220048272e-10,-3.907677796122222e-06
0.00309997082118476,501,2,6.898410978882432e-11,-5.625391373831334e-06
0.0031099691440506253,501,2,2.0759951442910103e-11,-1.9803736717727283e-06
0.003119998919780487,501,2,1.1917095668907544e-11,-1.4269564125313217e-06
0.0031299647571994,501,2,1.3051008385640633e-11,-9.848179235716348e-07
0.0031399993771487637,501,2,-8.144949509430468e-12,-7.867134815681132e-07
0.0031499598328533266,501,2,4.127849807233626e-12,3.60054137099608e-06
0.00315999109527504,501,2,4.253687068224622e-11,1.6440264589689946e-06
0.003169982639720877,501,2,4.928210274831907e-11,2.7656583379831456e-06
0.0031799856317141556,501,2,9.951211897894369e-11,4.981575966178653e-06
0.0031899737695395883,501,2,1.2320364856190688e-10,2.280577430457953e-06
0.0031999917316139974,501,2,1.3736906689160633e-10,-2.653540498109841e-06
0.003209996339448164,501,2,1.1235479943047148e-10,4.954462207718002e-07
0.003219965161145989,501,2,9.720067007443873e-11,-2.940025809472502e-06
0.0032299581354244193,501,2,7.194186975415605e-11,9.401159397626202e-07
0.003239970433001811,501,2,1.0805893240583675e-10,6.130136762094729e-06
0.0032499679490677596,501,2,1.720838216186433e-10,5.463728487198338e-06
0.0032599571624250044,501,2,2.1777183602554118e-10,3.45644620303176e-06
0.0032699997190781685,501,2,2.3863695766771506e-10,1.1995346923532324e-06
0.00327997660839436,501,2,2.6403521688776526e-10,3.246776040910504e-06
0.0032899765442371623,501,2,2.7517838402629346e-10,-2.036441548225465e-06
0.0032999730807222838,501,2,2.506221494035345e-10,-2.576136761578418e-06
0.003309977879925228,501,2,2.4655299315026486e-10,7.654658477629361e-07
0.003319972582669815,501,2,2.399759400120412e-10,-4.763069573643364e-06
0.003329965863041504,501,2,1.7506499463244233e-10,-7.054272767037517e-06
0.0033399809040717365,501,2,1.5179094036522423e-10,2.1424042636608576e-06
0.0033499906507562763,501,2,1.9915022355412567e-10,3.45694888115311e-06
0.0033599958270293805,501,2,2.106022857666155e-10,-1.765219692140274e-06
0.003369960269393244,501,2,1.602126277510437e-10,-6.520325942283023e-06
0.0033799722574691634,501,2,1.3660468522552977e-10,2.4340735524930324e-06
0.0033899916558431486,501,2,1.5239877439979406e-10,-5.800061042837701e-07
0.003399995227773425,501,2,1.562263592146465e-10,1.9598174901269694e-06
0.0034099763881091085,501,2,1.8793727879007956e-10,3.0371757571145963e-06
0.003419990288270649,501,2,2.1509227725476348e-10,2.4413573422588097e-06
0.0034299796669928205,501,2,1.9278667845337803e-10,-5.170823770939137e-06
0.003439982401248543,501,2,1.5949374712110644e-10,-1.1997302766797446e-06
0.003449974731003177,501,2,1.6436817882383445e-10,1.6484556482898594e-06
0.0034599728513892945,501,2,1.679604738033828e-10,-5.70109959852072e-07
0.003469973705488485,501,2,1.7426936466563873e-10,3.987353164452978e-07
0.0034799853355285764,501,2,1.9560888421321166e-10,4.971587157731605e-06
0.003489970909260417,501,2,2.2480917940339044e-10,-1.7563496480521579e-06
0.003499988732211183,501,2,1.6568923793744417e-10,-6.767430968945831e-06
0.003509987757324931,501,2,1.2820330802960087e-10,-3.549455394491474e-06
0.003519996837758516,501,2,5.817604618967552e-11,-9.65704079991525e-06
0.0035299840719765444,501,2,-1.934499020933393e-11,-3.5423939284129347e-06
0.003539999247022662,501,2,-3.20510874700315e-11,4.0496242839638263e-07
0.0035499750470102814,501,2,-2.3981295800486494e-11,1.1830490630471147e-06
0.003559987345307009,501,2,-7.582452660946605e-12,3.0236620951473725e-07
0.003569991342151219,501,2,3.362537722898353e-13,2.870439839486316e-06
0.00357999935868398,501,2,3.909127571476026e-11,3.434483354880502e-06
0.0035899827101628138,501,2,6.327802315872243e-11,2.3013137439575893e-06
0.003599989507754609,501,2,1.0456820986496718e-10,6.5722543733937044e-06
0.003609987609753006,501,2,1.6278894175380761e-10,2.744178380711948e-06
0.0036199706403360955,501,2,1.849919609096367e-10,2.450254155239584e-06
0.00362998239784877,501,2,2.1212118012477665e-10,3.3845110322776317e-06
0.003639959160008169,501,2,2.2477559795210426e-10,-1.2068670215970023e-06
0.003649955457475156,501,2,2.0808689969416868e-10,-1.616269691639971e-06
0.003659999069154944,501,2,1.9143766479865447e-10,-2.3340067726307367e-06
0.0036699606504969565,501,2,1.4263815079228648e-10,-5.385117182399313e-06
0.0036799600199480973,501,2,1.1618164708017322e-10,-2.4602461291545197e-06
0.0036899913764507465,501,2,6.437701629104838e-11,-8.339549490088416e-06
0.003699982913942179,501,2,-1.9497500944494484e-12,-3.5885074965991137e-06
0.0037099757384516734,501,2,-9.763353557427131e-12,-4.240753566642219e-07
0.0037199943889358097,501,2,-3.7084544799153435e-11,-3.381856352291379e-06
0.003729962389202568,501,2,-7.628282488509773e-11,-3.4794253705450195e-06
0.003739976717589097,501,2,-4.691977755893204e-11,6.312103983496797e-06
0.003749962843021728,501,2,4.403177129819972e-12,4.920501721850101e-06
0.003759981563887964,501,2,-2.881024994852259e-12,-5.357179031884041e-06
0.0037699657838864884,501,2,-2.983579691561377e-11,-5.368810678252345e-07
0.003779989481127052,501,2,-3.5196896392293e-11,-2.678375048970061e-06
0.003789992714413908,501,2,-5.4583655961272255e-11,-3.9021596442978534e-07
0.003799958127050029,501,2,-3.71419290417748e-11,1.8714907206174303e-06
0.0038099628048722306,501,2,-2.8291000896401176e-11,-1.0485708826779572e-06
0.003819965322099062,501,2,-2.881634207036539e-11,4.153299580922365e-06
0.0038299977230396107,501,2,2.655914059337993e-11,5.947939635264632e-06
0.003839982251655563,501,2,6.75910351214499e-11,1.708808286933483e-06
0.0038499999632941144,501,2,6.190297882987692e-11,2.18320413614137e-06
0.0038599853756904998,501,2,1.004649163204507e-10,1.7683420899250457e-06
0.0038699966226814213,501,2,1.0147917176914884e-10,2.591174308314015e-07
0.0038799758307534967,501,2,6.50900529747142e-11,-6.175245052419953e-06
0.0038899749412881868,501,2,-9.409010747721443e-12,-8.528051062217656e-06
0.003899974279069712,501,2,-7.021373834046685e-11,-4.742482043851304e-06
0.003909981045563255,501,2,-1.3204952950391616e-10,-5.712649677858117e-06
0.003919979483561263,501,2,-1.5835004336080065e-10,2.674165416438612e-06
0.003929974164293732,501,2,-1.150340097632349e-10,2.768174715006566e-06
0.003939965643851169,501,2,-7.26927687762593e-11,6.595507681117496e-06
0.0039499920406901945,501,2,-4.22643219165651e-12,6.155573991195595e-06
0.003959957102444371,501,2,7.8144324114327e-11,1.0603503472594866e-05
0.003969981472115329,501,2,1.6736428968378665e-10,3.0606836953772643e-06
0.003979983658302246,501,2,1.5935431458820402e-10,-2.298773290110301e-06
0.003989996897388895,501,2,1.4941362206586642e-10,-8.441054570457185e-07
0.003999962066184443,501,2,1.1309756675967472e-10,-4.922143695740289e-06
0.004009982616686821,501,2,7.200308575826091e-11,-4.634259188174283e-06
0.004019985737106671,501,2,2.669309501184675e-11,-4.159285713623007e-06
0.004029985450337512,501,2,1.3993991886847843e-11,1.2775942909160065e-06
0.004039966885469826,501,2,2.5865313573413245e-11,1.3345511804541133e-06
0.004049957672285779,501,2,8.219503430748759e-11,9.97434245353368e-06
0.004059981472726734,501,2,1.4511236283372463e-10,1.8491269816456324e-06
0.00406997745205338,501,2,1.2155828995024775e-10,-3.585858340038328e-06
0.004079973744767089,501,2,9.026811379132154e-11,-5.768896714108962e-06
0.004089967943497107,501,2,2.4293804340718046e-11,-4.775000102652527e-06
0.00409995910856725,501,2,-1.831139115392264e-12,-1.2503935825636248e-07
0.004109980115336773,501,2,-5.869356883787856e-12,-9.8464796050024e-07
0.004119984125208945,501,2,-2.946446851842965e-11,-4.009772574642412e-06
0.004129964255278309,501,2,-4.802411038335759e-11,-2.471128263403788e-07
0.004139984312080828,501,2,-5.091131430314205e-11,-8.969116903623231e-07
0.004149995956521106,501,2,-5.675725885745462e-11,3.849508926068168e-07
0.004159984365413026,501,2,-6.705378526055848e-11,-1.924115737295118e-06
0.004169957460397018,501,2,-5.812178242659623e-11,4.625475624187025e-06
0.004179975603296128,501,2,-4.03242884504558e-11,-3.7845566336347503e-06
0.004189960119300603,501,2,-7.941855975144413e-11,-1.0138084292066196e-06
0.004199994698658853,501,2,-8.93750517591183e-11,-4.8713704854375095e-06
0.004209996904761525,501,2,-1.49885258813264e-10,-4.175378541693142e-06
0.004219994070290476,501,2,-1.738467092247194e-10,1.0039194571764831e-06
0.004229969721830748,501,2,-1.4078629576161003e-10,3.9020575017811865e-06
0.0042399745007891355,501,2,-1.1254519518888234e-10,1.0055593576696609e-06
0.004249982306832177,501,2,-1.0101463197200312e-10,4.4195639167798895e-07
0.004259982568110752,501,2,-8.987471798209347e-11,2.4482043089468775e-06
0.004269964160984992,501,2,-5.995806966255224e-11,4.231491583350788e-06
0.004279999742011297,501,2,-3.111537142511437e-12,6.817729905739256e-06
0.0042899881831208065,501,2,5.431431485430525e-11,4.686942527865057e-06
0.004299982584989596,501,2,7.129093129837317e-11,2.2081332040624346e-08
0.004309970035917239,501,2,8.193149740061802e-11,-5.5940935397846836e-08
0.004319999374273674,501,2,6.620180640491593e-11,-3.0882701240741994e-06
0.004329993981516786,501,2,5.721383627553967e-11,1.3465038624371761e-06
0.004339957996342546,501,2,8.110459708481977e-11,1.3200490417419886e-06
0.004349963206873632,501,2,5.118364212620811e-11,-4.632015301209158e-06
0.004359990236780178,501,2,1.1023914317290613e-11,-1.7770900999636297e-06
0.004369973183385304,501,2,4.8406001343862654e-11,6.777730634954793e-06
0.00437998615140778,501,2,1.0079811715729974e-10,3.879761944824978e-06
0.004389983665670742,501,2,1.2718701314918244e-10,1.759563767494976e-06
0.0043999586148666244,501,2,1.5134949504674628e-10,2.6815716661632294e-06
0.0044099993160019715,501,2,1.5341979027933038e-10,9.268590205275054e-07
0.004419956260684955,501,2,1.8121123542956964e-10,3.8297147000321274e-06
0.0044299611819229485,501,2,2.0677023531274997e-10,1.531498855511515e-07
0.004439972548915116,501,2,2.1258170465371547e-10,1.872681737014048e-06
0.004449970402193156,501,2,2.477489432681744e-10,5.848029082988759e-06
0.0044599950945013065,501,2,3.0424491303583136e-10,4.768674952693175e-06
0.004469967334358652,501,2,3.494597494545096e-10,5.603583496771591e-06
0.004479959399329604,501,2,4.0097042144373284e-10,2.4635415324936183e-06
0.0044899665489456985,501,2,4.3547723025815117e-10,6.7260276159775145e-06
0.004499989685407309,501,2,5.167565674956028e-10,8.731706104603276e-06
0.004509994842501989,501,2,5.721710357841758e-10,1.8923101902657002e-06
0.00451998440936643,501,2,5.74364513578323e-10,-1.0311522186667865e-06
0.004529966366454434,501,2,5.43301001247349e-10,-5.212895267892037e-06
0.004539974687750707,501,2,4.971908138694985e-10,-3.09209537457944e-06
0.004549966025476365,501,2,4.6859636605571e-10,-4.0700940631133165e-06
0.004559965924704872,501,2,4.3997435808019493e-10,1.581953047807838e-06
0.004569966257261108,501,2,4.77289800875926e-10,2.9918395690886612e-06
0.004579980735928727,501,2,4.965495661131067e-10,2.4617656240177865e-06
0.004589969944166384,501,2,5.344005979515719e-10,4.580041517154854e-06
0.00459996567268466,501,2,5.563791774981829e-10,8.413549478641924e-08
0.004609958441749131,501,2,5.414498406379996e-10,-6.948650415061763e-07
0.004619962039231872,501,2,5.386273501734517e-10,-1.7733813512110785e-06
0.004629968572207945,501,2,4.744740859160147e-10,-9.547173498880568e-06
0.004639986773608062,501,2,3.9360121135674844e-10,-6.167765061793062e-06
0.004649993448754368,501,2,3.3853825953222404e-10,-6.0528175140905915e-06
0.0046599877218289855,501,2,2.488805541051107e-10,-8.582363149045591e-06
0.004669984174244073,501,2,1.984464368954544e-10,-4.155650246917553e-06
0.004679986633953577,501,2,1.5934740415460714e-10,-5.047268632152324e-06
0.0046899744027101235,501,2,9.671746036331666e-11,-5.30362097617143e-06
0.004699995325494959,501,2,9.334801263669065e-11,5.0092034589166445e-06
0.004709959483720083,501,2,1.5884793894440882e-10,3.131919899868052e-06
0.004719957849489888,501,2,1.2651041419660424e-10,-5.916062793209775e-06
0.0047299681944631255,501,2,1.4464379281654643e-10,5.247784126916066e-06
0.0047399957966518975,501,2,1.5798906656364108e-10,-5.973731767028312e-07
0.004749973233593551,501,2,1.4385458701358315e-10,-5.334085329544713e-06
0.004759973025489073,501,2,7.613521466201813e-11,-6.461227431087124e-06
0.004769990488137166,501,2,3.178536195369303e-11,-2.771915970395389e-06
0.004779996188618287,501,2,-2.3217304923224547e-11,-5.9633092210908956e-06
0.004789980228832013,501,2,-8.947180436856897e-11,-8.170279781838374e-06
0.004799973573577608,501,2,-1.2736780301102332e-10,9.223791700256612e-07
0.004809996370479239,501,2,-1.1283546619706699e-10,1.390949750934567e-06
0.0048199903920037165,501,2,-1.1095439367967059e-10,1.1288365685535595e-06
0.004829995363228399,501,2,-1.0514392209608312e-10,-1.3450569447681637e-06
0.004839982137742458,501,2,-1.0220034815314064e-10,3.5864162991616766e-06
0.0048499838476868855,501,2,-7.051601658277992e-11,8.063340213027015e-07
0.0048599648851425006,501,2,-5.944941777356536e-11,2.0376722560389027e-06
0.0048699714256318204,501,2,-1.5143965317266565e-11,6.719486764783511e-06
0.004879985365513301,501,2,6.292309039840403e-11,9.62392539971546e-06
0.004889968814565082,501,2,1.1325430509726139e-10,-1.6767566220765584e-06
0.0048999645215692285,501,2,7.439419068774075e-11,-2.826752153017864e-06
0.004909993442299744,501,2,3.6652056301827215e-11,-5.575424179893318e-06
0.004919993470493547,501,2,-3.043275206439374e-11,-6.521635917855484e-06
0.004929997298337766,501,2,-6.752714805781466e-11,-5.353049722933712e-07
0.0049399607788006995,501,2,-6.651629973900751e-11,5.800749175999265e-07
0.004949963643589128,501,2,-6.302127839751041e-11,-2.42036173775384e-06
0.004959999773995563,501,2,-8.198421355784619e-11,3.383466865125584e-06
0.004969976148962584,501,2,-9.640718091056448e-12,8.334942454224503e-06
0.00497999079649168,501,2,5.927452828902494e-11,5.186665378964506e-06
0.0049899741780366795,501,2,1.19174360131832e-10,5.989028869279878e-06
0.004999992796390972,501,2,1.3629700301465717e-10,-1.4675363261273944e-06
0.005009965747862612,501,2,1.1449498566986271e-10,5.372865774511126e-07
0.005019998759779939,501,2,1.588567183274047e-10,4.182875620761806e-06
0.005029983983952706,501,2,1.7356504903150377e-10,-2.277946358014704e-06
0.005039988504982833,501,2,1.380500849065499e-10,-4.763672595053947e-06
0.005049984777705981,501,2,9.391695792370855e-11,-3.128091395909749e-06
0.005059960074180316,501,2,7.749890005860063e-11,-2.428556548528249e-06
0.0050699646703149075,501,2,1.4307111203902935e-11,-9.203317280270795e-06
0.005079975685729509,501,2,-1.8699992267084205e-11,1.7191570877983509e-07
0.005089992849776121,501,2,-4.0585801069283625e-11,-5.056740524089776e-06
0.005099958718378997,501,2,-8.299326736239216e-11,-1.956162834049202e-06
0.005109971722647651,501,2,-7.643417487002428e-11,1.2608811558179056e-06
0.005119977983712958,501,2,-6.553505681243478e-11,1.0631435801294886e-06
0.005129983628808401,501,2,-2.6649962825317204e-11,6.497871358202012e-06
0.005139991801203174,501,2,1.1996958820013686e-11,1.627747756860476e-06
0.0051499826632363955,501,2,7.608050701344042e-12,-1.7293364190096305e-06
0.005159967580727336,501,2,1.1841627997075468e-11,2.4438726245312042e-06
0.0051699699630949605,501,2,-2.5073591884390914e-12,-5.563195996538539e-06
0.0051799713593928595,501,2,-6.54135773325848e-11,-2.895979267392157e-06
0.005189982671452809,501,2,-7.896712852438178e-11,6.424552105310788e-07
0.005199971079100129,501,2,-6.271828701867729e-11,1.722014769443489e-06
0.005209973232172589,501,2,-8.69133673519107e-11,-5.751461524816648e-06
0.005219981155537408,501,2,-1.1303602774252004e-10,2.675853829348096e-06
0.005229965138942932,501,2,-9.187555310454214e-11,1.0757122768101368e-06
0.0052399608934577116,501,2,-1.0508571640768577e-10,-4.436775874472332e-07
0.005249982002999411,501,2,-1.0439664700745942e-10,-7.385566967998969e-07
0.005259975273822631,501,2,-1.1577885970505105e-10,-6.22046429817058e-07
0.005269979810125778,501,2,-1.2478952985832186e-10,-5.409220861007924e-06
0.005279979478277073,501,2,-1.5486498522909904e-10,1.5551499544796954e-06
0.005289965745571135,501,2,-1.5520341144946914e-10,-4.668184971912126e-07
0.005299991157239064,501,2,-1.4235013741489746e-10,2.694104804690234e-06
0.005309970016642706,501,2,-1.1578018949256813e-10,3.0247065837540887e-06
0.005319967898115426,501,2,-9.00536002376457e-11,1.3275074136620546e-06
0.0053299814238811785,501,2,-9.607116824620308e-11,-1.6615610789472157e-06
0.005339988839159224,501,2,-1.201204752934162e-10,-3.1411426658634056e-06
0.005349969719018033,501,2,-1.514724317722431e-10,-1.6077605884956547e-06
0.0053599764474193375,501,2,-1.4332691472193886e-10,2.0438475079043172e-06
0.005369997037700295,501,2,-1.2258726482918328e-10,1.026869374087802e-06
0.005379980128486526,501,2,-1.2726868317487804e-10,1.4432778698558746e-06
0.005389969650855461,501,2,-1.1084919214357589e-10,-1.2273231979609278e-06
0.005399996237483614,501,2,-1.347767215350128e-10,-7.334996204866329e-07
0.005409966596757288,501,2,-1.5424512361805753e-10,1.161514973868627e-06
0.005419986616964384,501,2,-1.2894852026773735e-10,1.1831313700694235e-06
0.005429994815562234,501,2,-1.3315191976754443e-10,-2.239801583092671e-07
0.005439969100741385,501,2,-1.4315592223270086e-10,-3.6681733023291585e-06
0.005449975236982409,501,2,-1.3587640279415225e-10,8.022138328289685e-06
0.00545996843034601,501,2,-8.698229098017647e-11,-2.0099453017230484e-07
0.005469971325902306,501,2,-1.1702821829282731e-10,-4.645988501916776e-06
0.00547999764219542,501,2,-1.3254488474931814e-10,2.485946439145792e-06
0.005489991768779654,501,2,-1.3183577662140235e-10,-1.981556317254274e-06
0.00549996525350136,501,2,-1.0725860473162724e-10,3.2866145859844487e-06
0.005509966015189842,501,2,-1.0164647894847641e-10,-1.6903629451205104e-06
0.005519978045567491,501,2,-1.1451591618179112e-10,9.85134638309404e-08
0.005529958511920713,501,2,-1.2516247672180413e-10,-2.610115115153633e-07
0.005539996544531082,501,2,-9.739930247694342e-11,3.7562973900229224e-06
0.0055499916673077436,501,2,-1.0542109453594945e-10,-2.333468355902868e-06
0.005559973770025515,501,2,-9.620807095088414e-11,3.3598055001471394e-06
0.00556997793476473,501,2,-5.170743998793122e-11,5.206208615549102e-06
0.005579992867189304,501,2,-2.1859674836009443e-11,1.5442665645126752e-06
0.005589994622012164,501,2,6.044740344390582e-13,7.754990721253741e-07
0.005599988999215762,501,2,1.0727304867964513e-11,4.101039546955398e-06
0.005609986973983674,501,2,6.023266726964266e-11,4.887363855399229e-06
0.0056199666123731345,501,2,1.005323248219202e-10,2.5041322634644647e-06
0.005629983242042961,501,2,1.335554747544166e-10,4.6972778448006736e-06
0.005639965675729477,501,2,1.817370486075615e-10,3.7336548426303295e-06
0.005649963985862555,501,2,1.7862383958972472e-10,-5.435135379761036e-06
0.005659957800666603,501,2,1.2083968460601833e-10,-4.791887439736797e-06
0.005669981840028802,501,2,1.0742141236182471e-10,3.454970259886281e-06
0.005679995054171536,501,2,1.206728912250181e-10,-5.656040970580811e-06
0.005689981055962534,501,2,5.6365181629497744e-11,-4.099428411619144e-06
0.005699963637495528,501,2,3.640433455845055e-11,-1.220151506164946e-06
0.005709973742693839,501,2,1.143641904761308e-11,-3.1105619909821414e-06
0.0057199826677225745,501,2,-1.3558257843023782e-11,-4.486753462817905e-06
0.005729997316249422,501,2,-6.24092740224828e-11,-4.644873233483615e-06
0.00573995947155766,501,2,-5.4935638932104695e-11,5.430626235369829e-06
0.005749973659715163,501,2,-7.419954512659374e-12,1.4359151591092356e-06
0.005759981153184275,501,2,-2.202278155057598e-11,-2.0850088365831354e-06
0.005769964727386619,501,2,-3.3970189035078364e-11,2.3419016781378588e-08
0.005779977010838675,501,2,-5.408214119900399e-11,-3.7627239743986962e-06
0.005789973688981864,501,2,-7.866100911979004e-11,-3.6362274926649008e-06
0.005799984294858557,501,2,-1.0733551180974526e-10,-1.1670853584111462e-06
0.005809963684300622,501,2,-1.008204504176222e-10,-2.0020569851952885e-07
0.005819987219207334,501,2,-1.1098375011706334e-10,-6.083081890984054e-07
0.005829983085017342,501,2,-1.0767880514241665e-10,1.8546091448690127e-06
0.005839979294598562,501,2,-7.200525366116237e-11,3.5675904652143764e-06
0.005849955942465895,501,2,-5.3760328515148814e-11,1.1828056606377757e-06
0.005859957484590053,501,2,-2.5166448474321125e-11,3.415622625624337e-06
0.005869968967583659,501,2,-8.237350214370005e-13,4.598094389685059e-06
0.005879984272359551,501,2,4.7094632693321826e-11,3.1910943589785745e-06
0.005889972644483208,501,2,6.266773987692836e-11,1.9200246954564903e-06
0.0058999745347217475,501,2,8.907941798883294e-11,2.7977702090620227e-06
0.0059099857275428614,501,2,9.043747579973432e-11,-2.790459478152485e-06
0.005919997681181325,501,2,8.069289043921048e-11,9.212499502142535e-07
0.005929992033273825,501,2,8.973840512913403e-11,1.7326425388874966e-06
0.005939988437048837,501,2,9.047471526444717e-11,-2.5457988896693262e-06
0.005949971011485544,501,2,4.6521086452083445e-11,-4.856664929775434e-06
0.005959994067918254,501,2,4.01476810069155e-11,3.2390955166938795e-06
0.005969982593316964,501,2,5.471908615507868e-11,-7.750823549645958e-08
0.00597999319973683,501,2,8.081216768760771e-11,5.576857933231594e-06
0.005989998987402787,501,2,1.2814834396678585e-10,1.9437941370936684e-06
0.005999989969773451,501,2,1.405129074888694e-10,2.1422012119742817e-06
0.006009961005981372,501,2,1.7270182653346443e-10,4.315130033738512e-06
0.006019999136666898,501,2,2.5500532608647205e-10,9.524905887126067e-06
0.006029996038720702,501,2,3.451538738928053e-10,7.424278941625673e-06
0.006039961259028798,501,2,4.1934916932169497e-10,7.673801589280771e-06
0.006049977970011413,501,2,4.794389287703441e-10,5.137113133102389e-06
0.0060599942540477065,501,2,5.371828925150417e-10,5.67921827354656e-06
0.006069958650732351,501,2,5.560348975415345e-10,-5.242475120903478e-06
0.006079988953826534,501,2,4.787136988898544e-10,-5.772429087391728e-06
0.0060899928755560615,501,2,4.3415716049935264e-10,-4.523071168716086e-06
0.006099989890616766,501,2,3.787918263152253e-10,-7.519339282779924e-06
0.006109985632846028,501,2,3.3116472887247724e-10,-2.9390453616384704e-06
0.006119974139240185,501,2,2.971514446043757e-10,-2.807602476950777e-06
0.006129987556662607,501,2,3.105253353578993e-10,1.3866837844517255e-06
0.006139961785386554,501,2,3.0189884966946856e-10,-1.9411244837064245e-06
0.006149962887980511,501,2,3.077451477516164e-10,1.7862781538369177e-06
0.006159975295933049,501,2,3.06426373871912e-10,-1.4926221514888205e-06
0.006169982337224006,501,2,3.2088879215472557e-10,4.6233189316957635e-06
0.006179980492075587,501,2,3.607793344807689e-10,2.9148277565504976e-06
0.006189987946860759,501,2,3.719812729867898e-10,-6.139926795184492e-07
0.0061999630487530755,501,2,3.495790885498645e-10,-2.4482687752680476e-06
0.006209984208849826,501,2,3.570396638118232e-10,2.8224988938840845e-06
0.0062199899287840536,501,2,3.742182775137194e-10,-1.4448140453482416e-07
0.006229976582287904,501,2,3.606262087861361e-10,-3.7277947009251022e-06
0.006239967494492535,501,2,2.9684939797475175e-10,-8.698718039656939e-06
0.006249960368758599,501,2,1.959432862613645e-10,-1.2040068075869215e-05
0.006259998517275639,501,2,8.129731273518305e-11,-7.786098509043882e-06
0.006269964856281512,501,2,4.449633730423889e-11,-4.084409445104242e-06
0.006279968251574158,501,2,1.3444738247722437e-11,-2.7778754319585097e-06
0.00628999274730658,501,2,-8.325566727321971e-12,-1.1780435362762631e-06
0.006299978669363407,501,2,4.05305979818177e-12,1.6138276728496631e-06
0.006309976929827969,501,2,6.942993143572388e-12,-2.98110514135308e-07
0.006319958736051649,501,2,1.9808620909734283e-11,2.3132587681218286e-06
0.006329958410957847,501,2,4.6089081529254944e-11,3.284979995354931e-06
0.006339979575708321,501,2,7.24365000863154e-11,1.804222216517104e-06
0.006349963037528943,501,2,9.721144023897054e-11,3.443037517203429e-06
0.006359961274282395,501,2,1.0593362375890998e-10,-2.0606488104757403e-07
0.006369989516460177,501,2,9.682530924498382e-11,-1.7197591443834925e-06
0.006379975710467145,501,2,6.318711963131573e-11,-5.742557588006569e-06
0.006389990623740286,501,2,-1.6523425287523139e-12,-2.6606617074473315e-06
0.006399996009538428,501,2,-3.8669767258095455e-13,1.0638874570201295e-07
0.006409968392701951,501,2,3.765320847609198e-12,5.275129431880909e-07
0.006419964509205941,501,2,7.2188357569581306e-12,8.086297369480633e-07
0.006429978221835664,501,2,2.8135972099789202e-11,3.3851801862772035e-06
0.0064399953837639854,501,2,5.719118107578165e-11,8.803249861716322e-07
0.006449984380157341,501,2,6.366274545835555e-11,3.361022894221577e-06
0.0064599867114587175,501,2,1.1449663167510779e-10,6.048102625610952e-06
0.006469992173478451,501,2,1.7354033144458556e-10,3.6713697328938366e-06
0.006479956661035917,501,2,2.0716152457475514e-10,3.2356282444467865e-06
0.006489976550495774,501,2,2.0849942411959536e-10,-2.8373151934601992e-06
0.006499970786370717,501,2,1.6497834129098991e-10,-4.044383928980544e-06
0.006509964984914044,501,2,1.4265269883726546e-10,-1.201508720294342e-08
0.006519959368723488,501,2,1.3967985133741005e-10,-1.6494950802019293e-06
0.006529996411384291,501,2,1.378694035428533e-10,2.4063345203106934e-06
0.006539962588281889,501,2,1.7793311292549135e-10,8.099161462604698e-07
0.006549982944956602,501,2,1.3884978157340097e-10,-3.711614662504914e-06
0.006559978538742022,501,2,1.1879176286443355e-10,-2.440380568013989e-06
0.00656999697712984,501,2,9.154710633158913e-11,-3.031976143375026e-06
0.006579982118465766,501,2,5.723810695432239e-11,-1.4305884105669797e-06
0.006589966692864798,501,2,5.5891102916606414e-11,1.6091295961251362e-06
0.006599967994790061,501,2,6.77961498281364e-11,1.6592159793882288e-06
0.006609986454824011,501,2,8.575779760191453e-11,6.534020674520136e-07
0.006619981099827853,501,2,6.898873128585031e-11,-2.0312698955290975e-06
0.006629985121013332,501,2,6.298361116506557e-11,1.5082240220898324e-06
0.006639965643973591,501,2,7.107994172701857e-11,-1.2668131297299823e-06
0.006649989356091944,501,2,3.077366357210178e-11,-3.946873666338391e-06
0.006659974233030556,501,2,9.97893410495409e-12,-6.208320504630382e-07
0.006669986718168594,501,2,-3.415060599489938e-12,-1.5625690577003581e-06
0.00667998208399872,501,2,-2.7244662408288457e-11,-3.3119575358897535e-06
0.006689963464909093,501,2,-5.1423430169471515e-11,-3.828843005426741e-07
0.00669999470757306,501,2,-6.295926259398005e-11,-1.228754197057924e-06
0.006709993415910295,501,2,-4.5028639740553084e-11,2.946047637952809e-06
0.006719977067568235,501,2,-3.5292233515668147e-11,1.1978107953211636e-06
0.006729991232328321,501,2,-4.108932011775762e-11,-6.379909806564221e-07
0.0067399631776007855,501,2,-4.0009920216354264e-11,6.619449119610668e-07
0.006749992578756297,501,2,-3.494194941764219e-11,1.267177090952254e-06
0.006759998883430472,501,2,-1.4264006067370562e-11,1.1623755368089794e-06
0.006769959001106804,501,2,-2.1339433663514272e-11,-5.940185580227686e-07
0.0067799985463174,501,2,-1.1723419850794372e-11,1.8213099183539416e-06
0.006789988188117938,501,2,-2.6702667542941906e-11,-2.5160464910412017e-06
0.0067999708061716015,501,2,-3.577216506105358e-11,5.636252780327755e-07
0.006809980784842799,501,2,-1.4523501594548567e-11,1.7827719758500837e-06
0.006819980150435991,501,2,-3.123904357849733e-11,-2.099393522914106e-06
0.0068299845002377435,501,2,-5.663193517786583e-11,-1.2483628140935732e-06
0.006839969587457437,501,2,-4.34329564433472e-11,1.0058644470678502e-06
0.006849972801697294,501,2,-4.990785006943853e-11,-8.71704190053002e-07
0.0068599665323948655,501,2,-5.334487209195148e-11,-7.99956387798062e-08
0.006869968533687079,501,2,-4.009144691306376e-11,1.7333460362867203e-06
0.006879972011526077,501,2,-4.7141072607461386e-11,-1.9438554929585017e-06
0.006889965317175171,501,2,-4.080235896874139e-11,2.017095139528191e-06
0.006899993840153902,501,2,-4.1640854277897026e-11,-1.3364302672569384e-06
0.006909973914984763,501,2,-4.153932514801284e-11,2.893739830533981e-06
0.006919994835008652,501,2,-3.7053686995861673e-11,-1.1181307774388305e-06
0.0069299780214827356,501,2,-3.4175210597786826e-11,1.998389338342399e-06
0.006939960288435847,501,2,-9.135899288736102e-12,4.9686388446934515e-06
0.006949996434153348,501,2,2.483975525269244e-11,1.0563293720844413e-06
0.006959987984477801,501,2,2.0205339729164316e-11,1.9127720296552297e-07
0.006969967946167452,501,2,5.953108607639594e-11,3.2358279331567985e-06
0.006979986730648021,501,2,5.678009582709499e-11,-1.6663521580362328e-06
0.006989988592971343,501,2,4.804787162687968e-11,-1.6145856179296258e-07
0.006999973832570555,501,2,6.606222211123794e-11,2.9246196252552537e-06
0.007009981092335826,501,2,7.772848616822022e-11,-7.867014789608717e-08
0.007019958978262349,501,2,6.885439648833911e-11,-2.2063261241322962e-06
0.0070299765559185086,501,2,4.43357192474338e-11,-2.1844562282657964e-06
0.0070399830810224705,501,2,3.0859450353256854e-11,-1.4083796905373092e-06
0.007049990318557698,501,2,8.859259205688981e-12,-4.109261004692222e-06
0.007059968894757484,501,2,-2.44947656755578e-11,6.198054880446335e-07
0.0070699856228296646,501,2,1.2051264357910898e-11,5.815509139805997e-06
0.0070799858331441505,501,2,6.23121805347869e-11,1.7162865076914002e-06
0.007089959798666404,501,2,5.224661182629578e-11,-2.0076483644437815e-06
0.007099997741017178,501,2,5.32738763991741e-11,3.3730780850671493e-06
0.0071099676633398536,501,2,9.110182040648613e-11,1.9112250473352077e-06
0.007119971380930784,501,2,1.1442459806203817e-10,3.558834216321749e-06
0.007129990758922399,501,2,1.6448888872342988e-10,5.431071846251356e-06
0.007139961431496943,501,2,1.9568434524684652e-10,1.6880624714166181e-06
0.007149979474100601,501,2,2.417158144918819e-10,7.328057061828375e-06
0.007159995254801014,501,2,2.9646835790627605e-10,4.057509347066279e-06
0.007169962449877353,501,2,3.1877174686646475e-10,-1.3427192413484335e-07
0.007179959609427872,501,2,3.185195972265926e-10,1.9908107041777257e-06
0.007189968909607604,501,2,3.463807585213103e-10,1.0706299538587594e-06
0.007199959927297341,501,2,3.502484546152613e-10,1.5988525253474162e-06
0.007209987078070645,501,2,3.826294152261536e-10,2.3045249420983183e-06
0.007219986323040487,501,2,3.4824397178608284e-10,-8.227097575419506e-06
0.007229979056884137,501,2,2.8010054789907174e-10,-4.694796239768095e-06
0.007239979494087148,501,2,2.463308757479402e-10,-2.4756352918764435e-06
0.0072499584218456235,501,2,2.2178626163117101e-10,-2.6985225822784287e-06
0.007259988719917388,501,2,1.7814539886383107e-10,-5.3878568762044665e-06
0.007269994722444973,501,2,1.4755449892668452e-10,-1.524482392822879e-06
0.007279979460642738,501,2,1.222043763145881e-10,-3.499560968012183e-06
0.007289956192759518,501,2,7.763157202852772e-11,-4.617989267430289e-06
0.0072999916149521695,501,2,5.6459882108510174e-11,5.00638324907321e-07
0.007309960085356894,501,2,6.38462493797779e-11,-1.5367870920823812e-06
0.007319978735606019,501,2,3.9429800347653336e-11,-2.742803980271269e-06
0.007329971517588883,501,2,7.851326332781669e-12,-2.0761516325018547e-06
0.007339959116689036,501,2,-8.49895201009707e-12,-1.881662280434071e-06
0.007349979222642239,501,2,-1.827229934843282e-11,2.028762810829532e-06
0.00735998163947862,501,2,1.2462480073388354e-11,2.586378437863246e-06
0.007369966776498766,501,2,4.3550106642777255e-11,3.041981932239146e-06
0.007379998054591323,501,2,7.122526911795476e-11,1.1562700655554092e-06
0.007389991146096957,501,2,6.52598601307045e-11,-3.228006352773427e-07
0.007399971460935594,501,2,5.665836152415909e-11,-3.437742158218793e-06
0.007409966464186002,501,2,3.279120475162717e-11,-2.2993824788652972e-08
0.007419956876920095,501,2,2.7712889660455543e-11,7.128701611236465e-07
0.007429997218771458,501,2,3.7435791829009543e-11,-2.4107809221129983e-07
0.007439992845652756,501,2,3.16934798048649e-11,-1.3367214513754222e-07
0.007449972023947285,501,2,3.933664820336387e-11,2.7617968121340652e-06
0.00745996235590817,501,2,6.437426041175625e-11,9.86416128834211e-07
0.0074699675704960914,501,2,4.9761902094731325e-11,-3.412886240394819e-06
0.00747997665906257,501,2,8.705545111149056e-12,-1.7032198994515468e-06
0.007489958270510493,501,2,2.1622449509245043e-11,2.3348328545003127e-06
0.007499993868528688,501,2,1.503283780145354e-11,-2.0361246247935227e-06
0.0075099722627718695,501,2,1.4275251264072816e-11,2.801841934907401e-06
0.007519962940739569,501,2,6.501616020394645e-11,7.248359637834767e-06
0.0075299901782128744,501,2,1.1297852960107232e-10,1.6516251845066776e-06
0.007539978725632402,501,2,1.1566074755724903e-10,1.7248341277163737e-06
0.007549964841706514,501,2,1.7018049518419467e-10,8.450762485123775e-06
0.007559966214083071,501,2,2.393839163827567e-10,4.694484001199761e-06
0.0075699912721043676,501,2,2.555377219505203e-10,1.828351313681864e-07
0.007579967190150209,501,2,2.5789825613617423e-10,-1.2732953189042995e-07
0.007589967957976571,501,2,2.8291024712257147e-10,4.6301382850000294e-06
0.007599989399646848,501,2,2.9067369485772515e-10,-3.984700959802634e-06
0.007609994161680655,501,2,2.431620968761008e-10,-2.785821937578703e-06
0.007619973106125884,501,2,2.4719019685965835e-10,3.785867636052487e-08
0.007629997163950928,501,2,2.3931961679035923e-10,6.349675798489329e-07
0.007639975774411478,501,2,2.744841306556809e-10,6.477587815800767e-06
0.007649988272634897,501,2,3.1884924319152286e-10,-3.304755319399888e-07
0.007659993327525552,501,2,2.921022698487751e-10,-1.2686993361155086e-06
0.0076699772056735265,501,2,3.0540558352675634e-10,1.5612190900904377e-06
0.0076799806786752274,501,2,2.894937022442307e-10,-4.267431049642667e-06
0.00768996271722455,501,2,2.547664514857624e-10,-3.477708915733402e-06
0.00769995904395316,501,2,2.3395205128777736e-10,7.499221704315717e-07
0.00770999504696977,501,2,2.4134493264559714e-10,-2.071204895370826e-06
0.007719999631724893,501,2,1.9603662684592078e-10,-2.3051641811489e-06
0.0077299875952706815,501,2,2.276226527346526e-10,5.307179747005009e-06
0.007739985374075151,501,2,2.5383308650784534e-10,4.3645276948112155e-07
0.007749961451947057,501,2,2.552444897829147e-10,3.588227601714067e-07
0.0077599873006954055,501,2,2.5042466577930014e-10,-2.0258917893256623e-07
0.007769967652442747,501,2,2.4623958880492895e-10,-2.798834807138384e-06
0.007779963289498407,501,2,1.9546041879898697e-10,-7.117970015624309e-06
0.007789965700101399,501,2,1.2330967753907676e-10,-4.482217677237443e-06
0.0077999708907684215,501,2,8.038319650814749e-11,-4.836129068985784e-06
0.007809991702906979,501,2,4.6665244168870033e-11,-1.4027247385306474e-06
0.007819981703892134,501,2,1.1154507988120083e-11,-6.073574269516158e-06
0.0078299966939969,501,2,-2.4992353208529638e-11,-1.3776839200008162e-06
0.007839982616107523,501,2,-2.675211535450991e-11,2.6017863142061004e-07
0.007849978197684258,501,2,-8.248465834513087e-12,3.1297326029688932e-06
0.007859989157165834,501,2,1.9045231801947515e-12,-1.946077007097813e-06
0.007869984231473868,501,2,-1.570796454131271e-11,1.1323517192796118e-06
0.007879984445131633,501,2,1.1063753334165406e-11,3.6863631344141723e-06
0.007889982485346805,501,2,6.833503079665742e-12,-2.932888263584843e-06
0.007899970982648837,501,2,1.709757161899388e-11,4.7743115214604614e-06
0.007909987238536996,501,2,2.5448138920165482e-11,-2.615473189915285e-06
0.00791997557594777,501,2,2.4949819769261718e-11,2.8758790175942295e-06
0.007929966085572558,501,2,4.203675266206138e-11,8.952597099765036e-07
0.007939965306455615,501,2,5.152206332706096e-11,2.2422954245038262e-06
0.007949999662666022,501,2,8.889395363125352e-11,3.540161480852788e-06
0.007959977234177688,501,2,9.445414492967308e-11,-2.2738812443523493e-06
0.007969970778968001,501,2,6.1235716739264e-11,-3.241389775587855e-06
0.007979968376253834,501,2,4.8028644536112926e-11,-1.2873851854000584e-06
0.007989991036745086,501,2,3.55823578366987e-11,-6.449777669309542e-07
0.007999962384108236,501,2,1.5030438126197265e-11,-3.579408996978728e-06
0.008000006831550933,501,2,1.4870844079709365e-11,-3.5906265979379626e-06
0.0,502,1,0.0,0.0
9.989961021512745e-06,502,1,0.0,-6.314343422052948e-42
1.9992043388314044e-05,502,1,0.0,-2.5520605714633983e-24
2.998154396983048e-05,502,1,9.912418432408944e-19,-3.39648881542534e-17
3.996706428926499e-05,502,1,5.392693921471128e-19,-3.309709341004451e-13
4.9977073299739135e-05,502,1,-9.139183952181594e-17,-2.7760944096896084e-11
5.999080644949294e-05,502,1,2.3910304909538895e-15,1.0941239442230355e-09
6.995577857517775e-05,502,1,3.879733167991346e-14,6.828197993136165e-09
7.997976092856483e-05,502,1,1.444190588498266e-13,1.3632488166104295e-08
8.999023881127192e-05,502,1,2.831867642740329e-13,1.506298198672429e-08
9.999120661247908e-05,502,1,4.908049462928519e-13,2.7031712923619722e-08
0.00010998802936081757,502,1,8.848507745338715e-13,4.821535493082507e-08
0.00011998443754741915,502,1,1.27013723262646e-12,2.8926508521820438e-08
0.00012998021736421595,502,1,1.4360805567718155e-12,-7.905801541197022e-09
0.00013997582428984024,502,1,1.022082205925489e-12,-6.150665543547262e-08
0.00014999257578972945,502,1,6.643401174771975e-13,4.208227058488667e-09
0.00015999360761981914,502,1,8.880987528633042e-13,1.1570663704940642e-08
0.00016996677216290113,502,1,8.023097499408084e-13,-2.1457024601545527e-08
0.00017999252641565756,502,1,5.176267519403947e-13,-3.369332118863255e-08
0.00018999308490903147,502,1,2.767931706998102e-13,-1.1439783370592593e-08
0.0001999567280807932,502,1,1.3665610120285401e-13,-2.1175809995256645e-08
0.00020998283113449233,502,1,1.6444881751915413e-13,4.796718366950614e-08
0.00021999218307440147,502,1,8.398072073368713e-13,7.093594434071093e-08
0.00022999777759454492,502,1,1.4898752092879896e-12,4.368347389371863e-08
0.00023997177696874117,502,1,1.8622828227969103e-12,2.9284455416167532e-08
0.0002499786197993587,502,1,1.9931873805525274e-12,2.513232788547981e-09
0.0002599681581316944,502,1,2.0981539666483154e-12,1.7365961946236297e-08
0.0002699738991410829,502,1,2.181228230668927e-12,-1.718676717610279e-08
0.0002799995673440711,502,1,1.9613670022432424e-12,-9.902832664998584e-09
0.00028997925184033916,502,1,2.0040102610268404e-12,1.686584711474426e-08
0.00029996847699488365,502,1,2.374292945003841e-12,4.054470120751219e-08
0.00030999245089309926,502,1,2.7333514344605146e-12,3.179212998416503e-08
0.0003199568713655011,502,1,2.8677954684640326e-12,4.834249334173535e-09
0.0003299560514831476,502,1,3.0960742053876694e-12,3.961201011648541e-08
0.00033998257775922535,502,1,3.3900073876248337e-12,1.705144020425209e-08
0.00034999508288619874,502,1,3.5390203578279395e-12,4.084573401730296e-09
0.0003599730365147739,502,1,3.4433305714381707e-12,-8.222578493088939e-09
0.00036996789073153146,502,1,3.715343418526527e-12,2.8037114851997558e-08
0.00037997066386399344,502,1,3.7596458200362184e-12,-5.213156073491376e-09
0.00038996051971769744,502,1,3.5363824058508558e-12,-1.4880613082024485e-08
0.0003999959653119283,502,1,3.726116600189693e-12,2.3542901517181747e-08
0.0004099650516530841,502,1,3.970834705019572e-12,6.942353178440719e-09
0.00041998149695313813,502,1,3.785401256095914e-12,-2.6973637878846546e-08
0.00042997783813852837,502,1,3.689436068801807e-12,2.7768791578675067e-08
0.0004399826335932183,502,1,4.049885731947315e-12,5.801869179533625e-09
0.00044995611321564996,502,1,3.828243542211129e-12,-4.2032674590908314e-08
0.00045999208083552084,502,1,3.4715980056756936e-12,-4.2639714314951505e-08
0.0004699576675885509,502,1,3.0767878513254885e-12,-1.0295899941642483e-08
0.0004799734538236568,502,1,2.9322863649467075e-12,-1.8398456855250878e-08
0.0004899773262599515,502,1,3.0128677855925613e-12,2.1354282897512178e-08
0.0004999948446451585,502,1,2.903707834142383e-12,-3.016924821075406e-08
0.0005099888774020678,502,1,2.8467505045967623e-12,2.3126610043666673e-08
0.0005199581163766662,502,1,3.2447543814279967e-12,5.681746140240307e-08
0.0005299594725546438,502,1,3.729546341625211e-12,2.7906999156002144e-08
0.0005399610257029467,502,1,3.5125970362893336e-12,-3.5178601753838024e-08
0.000549997561552946,502,1,3.18742696285893e-12,-2.927507580796629e-08
0.0005599780568693812,502,1,2.5889561812599124e-12,-8.951132446366472e-08
0.0005699716516408677,502,1,1.5560562524437262e-12,-9.658842547999313e-08
0.0005799804737262408,502,1,7.8881212153115e-13,-6.813520395110295e-08
0.0005899891484605743,502,1,3.0338494739810893e-13,-4.6355936145214827e-08
0.0005999957831306825,502,1,-2.395030398641808e-13,-6.687915088399166e-08
0.0006099630404516961,502,1,-1.1085179642429926e-12,-7.569083759761952e-08
0.0006199734262473491,502,1,-1.531566543646343e-12,-2.5094694267036033e-08
0.000629980081594427,502,1,-1.573609444111652e-12,5.7402569642039936e-09
0.0006399702290639075,502,1,-1.5747133414942271e-12,1.0850319698274546e-08
0.0006499753927367723,502,1,-1.4945499604069636e-12,1.3793470754475123e-08
0.0006599828886209325,502,1,-1.3060398370971261e-12,2.2584642933587418e-08
0.0006699829636183788,502,1,-1.1177461273171804e-12,1.2303841917526981e-08
0.0006799933337324186,502,1,-1.263387781029338e-12,-3.6682949122734954e-08
0.0006899675594927731,502,1,-1.5746876255739485e-12,-1.818824368893246e-08
0.0006999566791805224,502,1,-1.5179457761279117e-12,8.365655720238285e-09
0.0007099584768489616,502,1,-1.5019210037442964e-12,1.7970130494759928e-08
0.0007199725007497685,502,1,-1.4241449884070008e-12,1.1679574252188019e-08
0.0007299613525878762,502,1,-1.335084020876072e-12,1.937184801459324e-08
0.0007399900911148834,502,1,-1.259393007631629e-12,-1.707442609868992e-08
0.0007499899424045427,502,1,-1.3829887315376915e-12,1.482078937353748e-08
0.0007599752199016432,502,1,-1.336706183837754e-12,5.6965318573354295e-09
0.000769979653422755,502,1,-1.613602150456043e-12,-7.066057949867144e-08
0.0007799714476631343,502,1,-2.446850705449359e-12,-6.322485701648617e-08
0.0007899882017718372,502,1,-2.8459027703062276e-12,-2.056035890499186e-08
0.0007999894016024467,502,1,-3.3334294864879356e-12,-7.5337370897266e-08
0.0008099743756207648,502,1,-4.051975450319618e-12,-5.444749673344518e-08
0.0008199895440748132,502,1,-4.1766718393305285e-12,1.6179784179115586e-08
0.0008299581994323049,502,1,-3.5299660940059548e-12,9.50011058709066e-08
0.0008399896869195143,502,1,-3.0446235132651142e-12,1.907854259991515e-08
0.0008499654877961996,502,1,-2.757930573843502e-12,3.4462918213629123e-08
0.0008599657983571072,502,1,-2.0716693842988323e-12,9.844634019096077e-08
0.000869974189158615,502,1,-1.318606172898311e-12,3.9316906286224196e-08
0.0008799904944519329,502,1,-1.0017556327236417e-12,5.0803849405145485e-08
0.0008899722043754963,502,1,-7.687106303943766e-13,-9.277555536096535e-09
0.0008999634188782872,502,1,-1.1068819724096554e-12,-4.324823721368887e-08
0.0009099728035892673,502,1,-1.4314531818996473e-12,-1.7036803579006943e-08
0.0009199644112581268,502,1,-1.7086488694322563e-12,-5.743354397624856e-08
0.0009299654750173452,502,1,-2.266535866461564e-12,-5.584966095151245e-08
0.0009399667116566871,502,1,-2.538460378177917e-12,-3.481421373408011e-08
0.000949993153366058,502,1,-2.9499364546427004e-12,-4.0062122008688306e-08
0.0009599776261818661,502,1,-2.8596868525531532e-12,7.571453408683482e-08
0.0009699958165689663,502,1,-2.0233359072533786e-12,5.2988036736145716e-08
0.0009799642605983281,502,1,-1.5765178782727496e-12,3.718367452831828e-08
0.0009899666686108526,502,1,-1.2420732027633083e-12,4.685065968512703e-08
0.0009999658808187348,502,1,-8.490641538611563e-13,3.1389772614520695e-08
0.0010099702017673457,502,1,-7.686151087948488e-13,7.730520765192317e-09
0.0010199673356959494,502,1,-1.019132074026464e-12,-6.417439596395624e-08
0.0010299958828595638,502,1,-1.5788250223793161e-12,-3.991523753188453e-08
0.0010399715912952755,502,1,-1.923346102202699e-12,-4.2712405667888476e-08
0.0010499598083871873,502,1,-2.3307036639205747e-12,-2.3682602989794077e-08
0.0010599560419078558,502,1,-2.3173611772185024e-12,3.4943988924673874e-08
0.001069971167556783,502,1,-1.5257000273349777e-12,1.1789470533152269e-07
0.0010799904971131116,502,1,-6.642230004550421e-13,5.413165049539259e-08
0.0010899580585454322,502,1,-2.787944524796726e-13,1.2474497643188975e-08
0.001099995097200793,502,1,-2.8258726738825124e-13,-1.3905784856937942e-08
0.0011099605620624017,502,1,-1.304249507602228e-13,4.082713911390812e-08
0.0011199778366987173,502,1,5.449269194448994e-13,7.828191250780492e-08
0.0011299999004189144,502,1,1.1638973815221616e-12,2.587935041264977e-08
0.0011399688574877478,502,1,1.125301160610217e-12,1.2042600153194805e-08
0.00114999104053655,502,1,1.6836951466690049e-12,6.950394093596657e-08
0.0011599749759054815,502,1,2.1424780217082703e-12,1.85278673930922e-08
0.0011699767987091371,502,1,2.0566325581106095e-12,-1.5593025204374555e-08
0.0011799851497623372,502,1,2.0847083884132657e-12,2.1532345307814782e-08
0.0011899589811022926,502,1,1.9951810165894915e-12,-9.247439147763714e-09
0.0011999954661071714,502,1,2.246817834763309e-12,4.566242457759717e-08
0.0012099633255643625,502,1,2.419092772541038e-12,-2.060466020026297e-08
0.001219957314258476,502,1,1.8943989693942066e-12,-5.632793018128801e-08
0.001229972834827589,502,1,1.872666683130046e-12,4.0896879882623693e-08
0.0012399578590630244,502,1,2.32409107590707e-12,3.544686300038791e-08
0.0012499675495489986,502,1,2.5716498480271013e-12,2.7503159513719844e-08
0.0012599568785764768,502,1,2.8444241252189965e-12,1.2819686312504075e-08
0.0012699664231770695,502,1,2.753278911995637e-12,8.54917135695299e-09
0.0012799807341562824,502,1,3.1627675992914423e-12,6.217799009000657e-08
0.0012899597591071081,502,1,3.843875262508098e-12,6.513609562830425e-08
0.001299986675857092,502,1,4.232881575902837e-12,2.0090845945230917e-08
0.0013099848057680256,502,1,4.28887739261025e-12,3.128773676253083e-08
0.0013199736548793655,502,1,4.5490954109401755e-12,1.8022082493018843e-08
0.0013299822310088466,502,1,4.69571811176437e-12,-2.3168427783909484e-09
0.0013399713214551755,502,1,4.67077127537898e-12,3.523174330055667e-08
0.00134996429524554,502,1,4.690578305676036e-12,-3.5845240387022415e-08
0.001359974641634749,502,1,4.3052986661986726e-12,-1.0468321071099851e-08
0.0013699800802793275,502,1,4.134527537162972e-12,-3.361390188416635e-08
0.0013799694917800399,502,1,3.8308293669336055e-12,-2.2162919693924366e-08
0.00138997241891667,502,1,3.6722694401011184e-12,-6.992412732165221e-09
0.0013999902988138808,502,1,3.517673365728601e-12,-1.143104128714656e-08
0.0014099770974287595,502,1,3.1975617764473316e-12,-2.8896054937721516e-08
0.0014199643077242696,502,1,2.7946865648555597e-12,-7.324488437987497e-08
0.001429965001313615,502,1,2.2144252247117816e-12,-1.661215037404573e-08
0.001439978580402546,502,1,2.3392216457726643e-12,2.8974054988584186e-08
0.0014499934135066034,502,1,2.4750218117119884e-12,6.748373769516203e-10
0.0014599848922581238,502,1,2.0124783212981177e-12,-5.439219941116846e-08
0.0014699826767232574,502,1,1.742347474692409e-12,1.8012576430415095e-09
0.0014799556062961275,502,1,1.5216689964802033e-12,-1.264300686365516e-08
0.0014899566844938142,502,1,1.5621829158665994e-12,-1.279100145246126e-08
0.0014999967921634487,502,1,1.4724225765245288e-12,2.276412747193035e-08
0.0015099576959541085,502,1,2.081163370875824e-12,6.540465602444812e-08
0.001519989648142698,502,1,2.5790433868654473e-12,2.1329074395559644e-08
0.0015299694516815677,502,1,2.583672794616689e-12,1.9274767587562636e-08
0.001539989840410008,502,1,2.6212893821145854e-12,-2.7655630563394595e-09
0.0015499845632675228,502,1,2.8507202701937365e-12,4.5601208364942636e-08
0.00155996167363527,502,1,3.2606507893565874e-12,2.0921155415281473e-08
0.0015699620344369163,502,1,3.4624060312371443e-12,2.4785567431795386e-08
0.0015799825530535185,502,1,3.5690261205136627e-12,1.3473273996478241e-08
0.001589998112228593,502,1,3.606777687793902e-12,-3.106240592520848e-08
0.0015999618879190937,502,1,3.2344125343525612e-12,-4.5195933329189586e-08
0.001609985878875884,502,1,3.035517338181924e-12,-5.232994537696101e-09
0.0016199795012749702,502,1,2.811210218469284e-12,-2.8284851905091557e-08
0.0016299952643993435,502,1,2.3656546912495047e-12,-7.045292171881101e-08
0.0016399765803374212,502,1,1.683072463103325e-12,-6.285692333296566e-08
0.0016499971999057292,502,1,9.9047220921272e-13,-4.633980582591235e-08
0.0016599592000508241,502,1,6.754978556983068e-13,-1.9284197849689377e-08
0.0016699850782126169,502,1,5.262752419820193e-13,-6.42121189553535e-09
0.0016799591029450587,502,1,6.124506059602736e-13,-8.617628277640677e-09
0.0016899912409734483,502,1,7.346094574794482e-14,-5.2007424033995164e-08
0.0016999711866510561,502,1,-2.1833905600936003e-14,3.052468933173458e-08
0.0017099890935931767,502,1,1.597884837479754e-13,-2.5946723103409397e-09
0.0017199842058484868,502,1,-9.13923291564903e-14,-5.38954915141332e-08
0.0017299700066734725,502,1,-5.128065296889934e-13,-3.483711888407903e-08
0.0017399988872449053,502,1,-7.667813493796461e-13,-1.9484429368554768e-08
0.00174998548405672,502,1,-1.0913712289581032e-12,-2.8031610296852527e-08
0.0017599911249635096,502,1,-1.3770450251138428e-12,-4.58024522753675e-08
0.0017699644322331331,502,1,-1.6115774291569477e-12,-2.1995026182330957e-08
0.0017799833496972783,502,1,-2.2439904209976824e-12,-8.285568986465819e-08
0.0017899751569559934,502,1,-2.442306512600743e-12,2.9490276221011413e-08
0.0017999750671708237,502,1,-2.3653344602794e-12,2.0998646599323934e-08
0.0018099656639713377,502,1,-1.9495507884439924e-12,4.672037978714627e-08
0.0018199608746322167,502,1,-1.713093647717919e-12,1.718840610120953e-08
0.0018299962293289675,502,1,-1.2913993740473403e-12,6.298323651510174e-08
0.0018399939108237624,502,1,-9.259258293191428e-13,-4.776251061322512e-09
0.0018499643565681202,502,1,-9.883331132665152e-13,-1.4117116635403715e-08
0.001859968540797818,502,1,-1.59701606522015e-12,-6.71382402450682e-08
0.001869999360236389,502,1,-2.15811924783249e-12,-5.212112580421646e-08
0.0018799855178169224,502,1,-2.228994449326088e-12,2.1368458696935377e-08
0.0018899824686351974,502,1,-1.844899338838648e-12,4.239339925632413e-08
0.0018999688812909043,502,1,-1.5941274857230944e-12,9.595241823312506e-10
0.0019099731049039086,502,1,-1.4870312012998932e-12,1.6942043712386834e-08
0.0019199777923854333,502,1,-1.2847600858612723e-12,1.7916223088443317e-08
0.0019299750326173368,502,1,-1.3450847135735395e-12,-3.99328654587805e-08
0.0019399892912366989,502,1,-1.4142615894439372e-12,1.8310820859568366e-08
0.0019499778420350884,502,1,-1.16830508432869e-12,3.486189968648912e-08
0.0019599927968355544,502,1,-9.966111510134384e-13,-2.0110545451146322e-09
0.0019699674488002435,502,1,-1.0618029435430438e-12,-1.7287715703417916e-10
0.0019799664640804933,502,1,-6.483780365431073e-13,5.7773629963397966e-08
0.001989965194383709,502,1,-4.89129545616369e-13,-1.2141426642721387e-08
0.001999988546064914,502,1,-9.665195652554335e-13,-4.393272087788169e-08
0.002009994633218821,502,1,-9.926711247432423e-13,4.820043530973095e-09
0.0020199843076899957,502,1,-8.887495299707455e-13,1.0919194368130825e-09
0.0020299764806285645,502,1,-1.0725622321718087e-12,-1.823536688316807e-08
0.002039971510100887,502,1,-1.1559650568845285e-12,-5.895733942717918e-09
0.0020499851170852467,502,1,-1.0292539983145074e-12,2.380455554895633e-08
0.0020599798170726474,502,1,-9.541338573244265e-13,-3.023405081847841e-09
0.002069983527623644,502,1,-8.570872368085384e-13,1.5518728413432825e-08
0.0020799726396303945,502,1,-9.003520077112501e-13,-7.715371994065912e-09
0.00208998828091631,502,1,-9.19735565580392e-13,3.7549744910658767e-10
0.002099960695316437,502,1,-8.961991322258044e-13,1.1344094077297973e-08
0.0021099569615075624,502,1,-7.80895467850074e-13,7.570449350735586e-09
0.0021199732712319213,502,1,-9.961562722979062e-13,-2.1542777995514628e-08
0.0021299680703956545,502,1,-6.71799858716635e-13,7.992398909362208e-08
0.002139995320785377,502,1,1.181067818482981e-13,3.1219183571629117e-08
0.0021499764219865022,502,1,2.166666186776431e-13,6.093964222131376e-10
0.0021599568904996183,502,1,2.347735310297822e-13,3.3199074572776155e-08
0.00216996056612999,502,1,5.921297286314801e-13,5.100643065032717e-09
0.0021799808111731527,502,1,6.891657445066269e-13,2.1883979239856188e-08
0.0021899674700162188,502,1,6.750483952407799e-13,-1.1415984324525397e-08
0.002199956944858223,502,1,5.239304355083652e-13,9.02125607549209e-09
0.0022099594802748325,502,1,7.179646993300901e-13,-7.805139978778186e-09
0.002219960109732291,502,1,7.463685668584932e-13,1.988857434298552e-08
0.00222997330339741,502,1,1.0822854101942179e-12,5.9306531130509654e-08
0.0022399795506986573,502,1,1.2926807053506074e-12,-3.027120432097519e-08
0.0022499847016867664,502,1,1.0212801453455362e-12,-5.5748906879760085e-09
0.0022599966361363855,502,1,1.4859318694249038e-12,6.437267580094996e-08
0.0022699726010188934,502,1,1.8001804132181882e-12,2.6644917938689616e-09
0.0022799730230051783,502,1,1.7048774603168042e-12,-1.2566254925516773e-08
0.002289961888919968,502,1,1.7743997994217726e-12,1.7408956498599082e-08
0.0022999862878289507,502,1,1.7111179022873504e-12,-3.789086683650411e-08
0.002309997801497285,502,1,1.4667155556700984e-12,1.7574273619702652e-08
0.002319972401179661,502,1,1.8127503786614311e-12,2.618102146190182e-08
0.0023299749916493783,502,1,2.006198010227898e-12,1.883391687051983e-08
0.002339963899198567,502,1,2.1938140060880095e-12,2.8396646922779212e-08
0.0023499854099363884,502,1,2.438068954572879e-12,1.3434047013705097e-08
0.0023599643631998686,502,1,2.529147109838931e-12,2.4070513082730116e-08
0.0023699582888794955,502,1,3.019989342998577e-12,5.854824647322232e-08
0.0023799969164151912,502,1,3.4685695105235535e-12,1.2479827338207627e-08
0.002389999360669749,502,1,3.314698166011036e-12,-2.8518923333997748e-08
0.0023999861354865866,502,1,3.0876339184796996e-12,-2.7637137467451112e-08
0.002409998648478418,502,1,2.9372118276536734e-12,9.06643521370043e-09
0.002419975314626342,502,1,2.832320290371078e-12,-3.0812439655303336e-08
0.00242999777759559,502,1,2.7887403012392432e-12,4.507843487377983e-09
0.002439980206408675,502,1,2.890178288684239e-12,9.486600921482236e-09
0.0024499882859080756,502,1,2.633609464473938e-12,-5.555322546424435e-08
0.002459968817885451,502,1,2.336711741460283e-12,-9.618078153361687e-09
0.0024699800815520226,502,1,2.2224315876523014e-12,-3.6087729332612284e-08
0.002479985634592174,502,1,1.8184738992941575e-12,-3.2067007049718654e-08
0.0024899946162147495,502,1,1.6979930238551419e-12,-3.066725910716439e-08
0.0024999673900585806,502,1,1.2074256711510278e-12,-2.584871172661707e-08
0.002509994416373522,502,1,1.2482076986998448e-12,1.5868432359789075e-08
0.002519984821243666,502,1,1.603853734663454e-12,4.02668174082077e-08
0.0025299979662083026,502,1,1.8594480389976095e-12,4.633041239543445e-08
0.0025399737370046405,502,1,2.254700641007813e-12,2.96369509072969e-08
0.002549962943706849,502,1,2.607286155503546e-12,-9.395078715002114e-09
0.002559987272755071,502,1,2.5980228032925975e-12,4.2034611430485924e-08
0.0025699659481242428,502,1,2.6948414745368854e-12,-8.998848777252988e-09
0.002579994484637053,502,1,2.8596731509481985e-12,2.7079092412840566e-08
0.0025899940073215322,502,1,3.214536394637339e-12,3.304918652635713e-08
0.002599982692719946,502,1,3.40531852119786e-12,-3.1794820803954238e-09
0.0026099583410498137,502,1,3.2403010226985784e-12,1.1483184597649299e-08
0.0026199908534473193,502,1,3.4253665713319253e-12,-2.0331629643766114e-08
0.0026299760523095877,502,1,3.254936701706278e-12,6.340832053863821e-09
0.002639963377767787,502,1,3.5357103495817135e-12,1.7225623427652437e-08
0.0026499887386907004,502,1,3.560216191815643e-12,2.9833232273457355e-09
0.002659993444675745,502,1,3.537506808207018e-12,-3.1612731349328627e-08
0.0026699594477339783,502,1,3.0955025767328854e-12,-3.5622527649881164e-08
0.0026799593693022797,502,1,2.7542092243752325e-12,-5.4246443115246734e-08
0.0026899901993603158,502,1,2.1706112283287077e-12,-3.410473992104812e-08
0.00269998736849525,502,1,2.1422113740424088e-12,-5.027536387203213e-09
0.0027099564543407117,502,1,1.6613706082448001e-12,-8.167630416444638e-08
0.0027199638333857924,502,1,1.228196833312164e-12,8.068529455673712e-09
0.0027299630282449096,502,1,1.582519804870953e-12,6.26498952716048e-08
0.0027399918897720262,502,1,1.6055034805119095e-12,-6.312332834212953e-08
0.0027499991272805194,502,1,1.3370116849049062e-12,1.8817256586256548e-08
0.002759965226510916,502,1,1.3002841101541628e-12,-4.317627810834779e-08
0.0027699799082271143,502,1,8.013830476156342e-13,-2.7568472060757188e-08
0.002779970536157839,502,1,6.329298346162486e-13,-2.6699514273087477e-08
0.0027899670463153404,502,1,2.0551969600847908e-13,-6.430099186438554e-08
0.002799996203365536,502,1,-5.083812221496893e-13,-7.011046104787866e-08
0.002809997833640168,502,1,-7.512862588852009e-13,1.2125160875342544e-09
0.002819967008977856,502,1,-1.1525300570684738e-12,-5.807376080024795e-08
0.0028299625308132867,502,1,-1.5846592938404454e-12,-7.9276205044998e-09
0.0028399829465466557,502,1,-1.4995728962773677e-12,-2.193302450770318e-08
0.0028499720052161245,502,1,-1.927095110684828e-12,-4.456625976589912e-08
0.002859993355102407,502,1,-1.9959563990197375e-12,1.716646129824688e-08
0.00286996652586216,502,1,-1.485521243098668e-12,9.558843783175064e-08
0.0028799708610538098,502,1,-9.24283758965618e-13,5.0292274123009406e-08
0.002889995639778524,502,1,-3.179436101468378e-13,7.069778495960577e-08
0.002899980473333962,502,1,-1.5642945791684998e-13,-1.6588898088532034e-08
0.002909978057514456,502,1,-1.7891441146401224e-13,2.161826664903721e-08
0.0029199887633107307,502,1,2.331587741006744e-13,4.21917549786599e-08
0.002929991954553023,502,1,4.226232550702463e-13,-6.532623983424024e-09
0.0029399764697640284,502,1,-2.0449459894802003e-14,-6.239072170011184e-08
0.002949998184656102,502,1,-7.459279284608702e-13,-1.0488919111040218e-07
0.002959979252006029,502,1,-1.5334889255777182e-12,-1.7881937375285872e-08
0.002969980736582091,502,1,-1.3841689093193645e-12,1.995756757078304e-08
0.0029799930482495057,502,1,-1.3750044092414922e-12,1.1831564727948773e-08
0.0029899731213205967,502,1,-1.420642110758685e-12,-3.566701817225848e-08
0.002999972572662621,502,1,-1.2630881922521577e-12,3.9274980823122974e-08
0.003009966234808012,502,1,-8.714100320099177e-13,6.384938577852495e-08
0.003019993492019316,502,1,-2.264036444181905e-13,4.4552044053958184e-08
0.0030299923285373176,502,1,3.4945986635860887e-14,-2.2234942220755727e-09
0.003039985271719881,502,1,-1.727868472600118e-13,-1.528043723497685e-08
0.0030499910953431784,502,1,3.2158659551495897e-14,3.2608055117178125e-08
0.003059964952357777,502,1,4.971268057055628e-14,-3.620337990506428e-08
0.003069994740587669,502,1,-3.5498547795496753e-13,2.2440580782490116e-09
0.00307995931289467,502,1,3.8861604508187383e-13,1.0031198971471866e-07
0.0030899847747873333,502,1,1.1005055085944833e-12,2.7142665559587442e-08
0.00309997082118476,502,1,1.2805743590500003e-12,-2.3525206459956705e-08
0.0031099691440506253,502,1,1.1905788515980363e-12,2.1522680138975903e-08
0.003119998919780487,502,1,1.0906677325200247e-12,-1.959962281361527e-08
0.0031299647571994,502,1,1.1703957818710799e-12,-1.4723220392864889e-08
0.0031399993771487637,502,1,7.997008907926058e-13,-4.4507431629092764e-08
0.0031499598328533266,502,1,3.709975805785765e-13,-1.2929438270026239e-08
0.00315999109527504,502,1,4.988219104859812e-13,2.990643108158331e-08
0.003169982639720877,502,1,4.372279852675286e-13,-3.576567081386983e-08
0.0031799856317141556,502,1,4.528942613323721e-14,-4.963169475402651e-08
0.0031899737695395883,502,1,-2.6376522121237134e-13,6.325997406464445e-09
0.0031999917316139974,502,1,-5.649633948737404e-14,4.195670066931001e-08
0.003209996339448164,502,1,4.763207908915041e-13,5.5498312834245667e-08
0.003219965161145989,502,1,2.785983939985364e-13,-6.787424866594449e-08
0.0032299581354244193,502,1,-2.932386086559104e-13,-4.5139588400466835e-08
0.003239970433001811,502,1,-3.2832697623624884e-13,5.414235582090754e-08
0.0032499679490677596,502,1,-4.4819596439153037e-14,-2.1625241708456144e-08
0.0032599571624250044,502,1,-4.973244674083099e-13,-3.538173787287491e-08
0.0032699997190781685,502,1,-5.735919632298412e-13,-3.1854019984234316e-08
0.00327997660839436,502,1,-4.982938538412786e-13,5.113957357583132e-08
0.0032899765442371623,502,1,-2.8930361736131103e-13,-2.8868721607677728e-08
0.0032999730807222838,502,1,-8.597929355395347e-13,-6.160084642381491e-08
0.003309977879925228,502,1,-1.255227047181214e-12,-4.990754409739395e-08
0.003319972582669815,502,1,-1.6401596809770096e-12,-2.9130676759692165e-08
0.003329965863041504,502,1,-1.5173736193745548e-12,5.437030614618976e-08
0.0033399809040717365,502,1,-1.16711081848328e-12,-1.7002415586553354e-08
0.0033499906507562763,502,1,-1.1862214756775855e-12,1.6832664984089973e-09
0.0033599958270293805,502,1,-1.017797878179349e-12,2.678106286735371e-08
0.003369960269393244,502,1,-7.121331203749419e-13,3.5492468949960276e-08
0.0033799722574691634,502,1,-4.149202424478767e-13,4.1995981581166575e-08
0.0033899916558431486,502,1,-2.571377220308632e-14,2.602207821444935e-08
0.003399995227773425,502,1,6.415194439036986e-14,3.6163968708535776e-08
0.0034099763881091085,502,1,-3.054584224842801e-14,-1.8235005949662764e-08
0.003419990288270649,502,1,1.75605737188799e-13,1.9819481833494024e-08
0.0034299796669928205,502,1,2.1949604245245368e-13,6.339631264395962e-09
0.003439982401248543,502,1,2.757360528293296e-13,1.2412512906401219e-08
0.003449974731003177,502,1,1.7409914922579181e-13,-3.6496711930400494e-08
0.0034599728513892945,502,1,-1.3233835509526907e-13,2.5562954697466722e-08
0.003469973705488485,502,1,5.769069389007864e-13,6.09799225559371e-08
0.0034799853355285764,502,1,5.291304808858425e-13,-3.204850496096867e-08
0.003489970909260417,502,1,1.9508866906919192e-13,-2.696145201541711e-08
0.003499988732211183,502,1,2.6144030720160437e-13,5.1670060452480016e-08
0.003509987757324931,502,1,5.932187080697881e-13,-1.9524801636583433e-09
0.003519996837758516,502,1,5.786033341359e-13,4.547967960566446e-09
0.0035299840719765444,502,1,4.162292984100568e-13,-4.204441150790217e-08
0.003539999247022662,502,1,3.712192347542524e-13,3.36753401553036e-08
0.0035499750470102814,502,1,5.772655523218631e-13,2.6603849512252253e-08
0.003559987345307009,502,1,1.1460436007311448e-12,5.070994357758707e-08
0.003569991342151219,502,1,1.2462579694627347e-12,-9.60555968099186e-09
0.00357999935868398,502,1,1.146977610409555e-12,1.200352156560669e-08
0.0035899827101628138,502,1,1.1764351699836834e-12,1.3868384385329335e-08
0.003599989507754609,502,1,1.3744590758775228e-12,2.5575105644382035e-09
0.003609987609753006,502,1,9.715305494909518e-13,-6.877931746362975e-08
0.0036199706403360955,502,1,5.939264616954595e-13,-3.540909873644971e-08
0.00362998239784877,502,1,3.7309990963033763e-13,-8.712660287679697e-09
0.003639959160008169,502,1,3.1063633399087314e-13,8.808561546835847e-09
0.003649955457475156,502,1,6.094711662977571e-13,1.3187727021524154e-08
0.003659999069154944,502,1,5.55355449331058e-13,-5.050698748121363e-10
0.0036699606504969565,502,1,4.1134532549442983e-13,1.3764690942608127e-08
0.0036799600199480973,502,1,1.2670901976171703e-12,1.1737428806668504e-07
0.0036899913764507465,502,1,1.7764672772499794e-12,-1.5718215284898918e-08
0.003699982913942179,502,1,1.6608582439442366e-12,-2.9348588836963785e-08
0.0037099757384516734,502,1,8.582465362868527e-13,-6.90503789702035e-08
0.0037199943889358097,502,1,7.324055887120086e-13,-1.6244580958169053e-08
0.003729962389202568,502,1,8.683702162624375e-13,7.692468573239353e-08
0.003739976717589097,502,1,1.4284992104002725e-12,3.7065853164541807e-09
0.003749962843021728,502,1,1.3439269491306838e-12,1.6385485968051228e-08
0.003759981563887964,502,1,1.7787799524816915e-12,3.099678846929521e-08
0.0037699657838864884,502,1,2.198260663939782e-12,2.1192706034511843e-08
0.003779989481127052,502,1,2.099313659785192e-12,-5.869228152100003e-09
0.003789992714413908,502,1,1.8039203875645391e-12,-5.4035294239085374e-08
0.003799958127050029,502,1,1.34433500047676e-12,-2.882365779388607e-08
0.0038099628048722306,502,1,1.3547362695604233e-12,3.379039070772194e-08
0.003819965322099062,502,1,1.7028309406248113e-12,1.8987319494456756e-08
0.0038299977230396107,502,1,1.7353548899110742e-12,-2.2592044318647808e-08
0.003839982251655563,502,1,1.3184628197717682e-12,-9.517031696049116e-08
0.0038499999632941144,502,1,3.3984613388683086e-13,-6.181430894924844e-08
0.0038599853756904998,502,1,2.6045201965193415e-13,4.502332051625757e-08
0.0038699966226814213,502,1,5.865146676030343e-13,2.0594092542403075e-08
0.0038799758307534967,502,1,5.944317312480568e-13,-1.6713347844588e-08
0.0038899749412881868,502,1,2.3115279255850416e-13,-6.103166139137528e-08
0.003899974279069712,502,1,-7.961427503854705e-14,1.8180601635275906e-08
0.003909981045563255,502,1,7.995118069925155e-14,3.5981935653239816e-08
0.003919979483561263,502,1,2.7732914562026193e-13,-1.0388614121725759e-08
0.003929974164293732,502,1,4.98403143961364e-13,2.8374107230444423e-08
0.003939965643851169,502,1,4.887852476873755e-13,-1.6737985386594545e-08
0.0039499920406901945,502,1,2.2346308610905188e-13,-1.8046094063528528e-08
0.003959957102444371,502,1,5.6095788618045796e-14,-3.7731070101632014e-08
0.003969981472115329,502,1,-3.441800118427754e-13,-1.1098072356940936e-08
0.003979983658302246,502,1,-7.813239682655628e-14,2.6511672655826768e-08
0.003989996897388895,502,1,2.0768722367434968e-13,6.54907448272013e-08
0.003999962066184443,502,1,3.1928081131978926e-13,-5.657315949036956e-08
0.004009982616686821,502,1,-2.6216854716613804e-14,7.484851294314865e-09
0.004019985737106671,502,1,2.568911443871704e-13,7.485501440918085e-08
0.004029985450337512,502,1,1.1356975760892134e-12,8.61344546798648e-08
0.004039966885469826,502,1,1.3345111623294485e-12,-4.9489231934707334e-08
0.004049957672285779,502,1,8.943756058156374e-13,-1.2221494427588908e-08
0.004059981472726734,502,1,6.26811980547785e-13,-5.384544661535262e-08
0.00406997745205338,502,1,1.3386423995112237e-13,-4.881241410376047e-08
0.004079973744767089,502,1,-5.508861053958591e-13,-6.821631626241498e-08
0.004089967943497107,502,1,-1.2082562555654794e-12,-9.326160277378648e-08
0.00409995910856725,502,1,-1.8977798602691346e-12,4.137620079891491e-09
0.004109980115336773,502,1,-1.3830159382359573e-12,7.29798806942128e-08
0.004119984125208945,502,1,-9.552142584365612e-13,1.934533430669738e-08
0.004129964255278309,502,1,-6.745280485017215e-13,7.432073273472284e-08
0.004139984312080828,502,1,1.3133542435764408e-13,4.4560315881625456e-08
0.004149995956521106,502,1,5.574078677604956e-13,2.1242816727884417e-08
0.004159984365413026,502,1,7.830764226822245e-13,4.884460447218686e-08
0.004169957460397018,502,1,1.889581478347604e-12,1.785096757078719e-07
0.004179975603296128,502,1,2.949218844941655e-12,-1.3236311194667061e-08
0.004189960119300603,502,1,2.781784737726934e-12,-2.6480118431315702e-08
0.004199994698658853,502,1,2.888080542133662e-12,7.785746991562092e-09
0.004209996904761525,502,1,2.661736845201764e-12,-3.9932360418326596e-08
0.004219994070290476,502,1,2.0399746802679313e-12,-5.468672104047556e-08
0.004229969721830748,502,1,1.7428411619164856e-12,-2.879785110376787e-08
0.0042399745007891355,502,1,1.6585885903629485e-12,3.760081551673622e-09
0.004249982306832177,502,1,1.550983376357785e-12,-2.4780009960645444e-08
0.004259982568110752,502,1,1.4365509023089645e-12,-1.3717111938503501e-08
0.004269964160984992,502,1,1.211347162646272e-12,-6.019785359079322e-08
0.004279999742011297,502,1,9.3000937346379e-13,-1.4981747689657432e-08
0.0042899881831208065,502,1,1.0657557271882167e-12,4.5827426103928204e-08
0.004299982584989596,502,1,1.3082117828868496e-12,1.0409292067192766e-08
0.004309970035917239,502,1,1.4509380838727964e-12,-7.779894950488142e-09
0.004319999374273674,502,1,7.723251397853605e-13,-1.1522279141917835e-07
0.004329993981516786,502,1,-1.6316858058245494e-13,-7.406342561466772e-08
0.004339957996342546,502,1,-6.392733276739488e-13,-3.5500179816627675e-08
0.004349963206873632,502,1,-6.8989432561368e-13,-1.0070590583666217e-08
0.004359990236780178,502,1,-1.375338885611704e-12,-1.0189125410065003e-07
0.004369973183385304,502,1,-1.792254421316506e-12,1.099981378205328e-08
0.00437998615140778,502,1,-1.4516018155021331e-12,6.208654779182865e-08
0.004389983665670742,502,1,-9.843335947902357e-13,4.849473578261154e-08
0.0043999586148666244,502,1,-3.464829072320785e-13,5.9004752861469e-08
0.0044099993160019715,502,1,-1.0838852296973008e-13,4.859582042326949e-08
0.004419956260684955,502,1,4.28764353708016e-13,3.6674315029294746e-08
0.0044299611819229485,502,1,4.8154596731301e-13,-3.123909997349017e-08
0.004439972548915116,502,1,6.714784190305144e-13,6.149168485514167e-08
0.004449970402193156,502,1,6.261913396020575e-13,-6.173232158790398e-08
0.0044599950945013065,502,1,-2.3501381267757807e-13,-6.316402845207847e-08
0.004469967334358652,502,1,-8.045682480981812e-13,-5.7661021624078046e-08
0.004479959399329604,502,1,-8.82777942610405e-13,2.4144184429530924e-08
0.0044899665489456985,502,1,-8.819990161943077e-13,-7.397446349921566e-09
0.004499989685407309,502,1,-6.159134583372163e-13,6.757753567843139e-08
0.004509994842501989,502,1,5.703712174331792e-14,4.688203114611156e-08
0.00451998440936643,502,1,4.1870409151270865e-13,5.1683957391635005e-09
0.004529966366454434,502,1,1.3046271403011024e-13,-1.4182943264273717e-08
0.004539974687750707,502,1,2.1073409795913762e-13,2.17099227484141e-10
0.004549966025476365,502,1,9.069833185410209e-13,1.0513415360513534e-07
0.004559965924704872,502,1,1.6163763493767585e-12,1.3881096244672264e-08
0.004569966257261108,502,1,1.5493405203812014e-12,7.140006530459431e-09
0.004579980735928727,502,1,1.5725117279520096e-12,-2.6088691651438012e-08
0.004589969944166384,502,1,1.3688619930969127e-12,-8.066076584434256e-09
0.00459996567268466,502,1,1.1971844261787377e-12,1.3533116793862376e-08
0.004609958441749131,502,1,1.1892711513120883e-12,1.0356727864202497e-08
0.004619962039231872,502,1,1.3180498795632787e-12,-6.759789394905624e-10
0.004629968572207945,502,1,1.5805317355345184e-12,6.082903097892611e-09
0.004639986773608062,502,1,1.2928965025846206e-12,-4.578374591251988e-08
0.004649993448754368,502,1,1.0523738339723393e-12,-2.603102211562458e-08
0.0046599877218289855,502,1,9.044926236653338e-13,-1.4745894505452384e-08
0.004669984174244073,502,1,1.567169478024666e-12,7.194690510026192e-08
0.004679986633953577,502,1,1.619592438609793e-12,4.409064724431033e-09
0.0046899744027101235,502,1,1.5063086835389846e-12,-3.9227311871004034e-08
0.004699995325494959,502,1,1.3862177515756987e-12,4.716815694971732e-09
0.004709959483720083,502,1,1.5126956931261083e-12,-1.8764206272114947e-08
0.004719957849489888,502,1,1.316276508091501e-12,-9.396445177500823e-09
0.0047299681944631255,502,1,1.0062633167581651e-12,-4.660501362607761e-08
0.0047399957966518975,502,1,9.326671210243675e-13,-2.4053833036496997e-08
0.004749973233593551,502,1,9.128621659580324e-13,1.586136855191711e-08
0.004759973025489073,502,1,8.609931022399717e-13,-4.203042081041275e-09
0.004769990488137166,502,1,1.1035570650656454e-12,4.680751719554621e-08
0.004779996188618287,502,1,1.0117721107271143e-12,-6.239133520935525e-08
0.004789980228832013,502,1,5.136603321235621e-13,-2.892879416571681e-08
0.004799973573577608,502,1,2.0924959288621918e-13,1.423646867060313e-08
0.004809996370479239,502,1,3.627236094897726e-13,-2.2182946032150985e-08
0.0048199903920037165,502,1,1.619384524208494e-14,-3.6540114267680224e-08
0.004829995363228399,502,1,6.86209232543685e-14,4.4154437800481006e-08
0.004839982137742458,502,1,3.17849052470804e-13,-3.155458105918996e-08
0.0048499838476868855,502,1,1.1861782901262862e-14,-2.4430943545983297e-08
0.0048599648851425006,502,1,1.0850721769662883e-13,3.888394306539311e-08
0.0048699714256318204,502,1,2.6476564864999985e-13,-5.63044100232446e-09
0.004879985365513301,502,1,4.736670387853388e-13,1.1406830535687362e-08
0.004889968814565082,502,1,-5.384159762320982e-14,-8.843013499237884e-08
0.0048999645215692285,502,1,-6.374551883933264e-13,-3.22480430137162e-08
0.004909993442299744,502,1,-5.238484232373132e-13,6.129835528057015e-08
0.004919993470493547,502,1,1.8519022637746864e-13,5.605349295834117e-08
0.004929997298337766,502,1,3.438282962345046e-13,-1.3609902094202653e-08
0.0049399607788006995,502,1,2.0977899864264848e-13,1.4040578977247975e-08
0.004949963643589128,502,1,5.876813434677698e-13,3.9512504379501934e-08
0.004959999773995563,502,1,7.784511857212152e-13,5.2828791341497094e-09
0.004969976148962584,502,1,8.600126683797884e-13,-4.6515709339889355e-09
0.00497999079649168,502,1,6.463970458610128e-13,2.3471546824194167e-08
0.0049899741780366795,502,1,7.537032157311813e-13,4.8911145134056255e-09
0.004999992796390972,502,1,1.203129182076408e-12,7.385621325628478e-08
0.005009965747862612,502,1,1.3807552123819332e-12,-5.519204449022652e-08
0.005019998759779939,502,1,6.835214733352368e-13,-5.0613824242873307e-08
0.005029983983952706,502,1,2.5282311068633694e-13,1.2626167451845749e-08
0.005039988504982833,502,1,3.4185952612025665e-13,-1.1927328291694295e-08
0.005049984777705981,502,1,-6.084582529592114e-14,-6.441522282241152e-08
0.005059960074180316,502,1,-6.408590394197788e-13,-3.88122891603615e-08
0.0050699646703149075,502,1,-9.664168167707998e-13,4.4155537171075565e-08
0.005079975685729509,502,1,-4.972991470524176e-13,-9.989571725377289e-09
0.005089992849776121,502,1,-3.0852506964149096e-13,7.092662768215519e-08
0.005099958718378997,502,1,1.908854086759117e-13,2.1981104714186017e-09
0.005109971722647651,502,1,3.2878093930916504e-13,2.914023994327053e-08
0.005119977983712958,502,1,2.2454243393571667e-13,-7.69136387912539e-09
0.005129983628808401,502,1,6.915226907623602e-13,5.585627682602734e-08
0.005139991801203174,502,1,7.679205101202439e-13,-4.9168783711195374e-08
0.0051499826632363955,502,1,5.253717498154378e-13,1.1828256041290786e-08
0.005159967580727336,502,1,2.6971922549883327e-13,-2.0866683492215543e-08
0.0051699699630949605,502,1,-1.119359545510715e-14,-4.0014645513730684e-08
0.0051799713593928595,502,1,-1.6357593143228374e-13,2.9225199454918638e-08
0.005189982671452809,502,1,5.514960052491314e-13,7.647454025594413e-08
0.005199971079100129,502,1,7.565329334264246e-13,-1.4513053425702083e-08
0.005209973232172589,502,1,4.006258148034174e-13,-3.7155585275172598e-09
0.005219981155537408,502,1,7.591110128796316e-13,6.225570781115408e-08
0.005229965138942932,502,1,1.26916782713525e-12,1.80367173974183e-08
0.0052399608934577116,502,1,1.5342281041257327e-12,2.1090720392358264e-08
0.005249982002999411,502,1,1.7917682921674179e-12,1.650515139145492e-08
0.005259975273822631,502,1,2.3203601414139696e-12,7.644233163128789e-08
0.005269979810125778,502,1,2.7528903771356986e-12,-8.271829962745031e-09
0.005279979478277073,502,1,2.142328147698583e-12,-6.134104491017922e-08
0.005289965745571135,502,1,1.6902707193427145e-12,-4.07483613518167e-08
0.005299991157239064,502,1,1.005796054420944e-12,-3.6430024219491486e-08
0.005309970016642706,502,1,1.3340357108776934e-12,7.757201492264443e-08
0.005319967898115426,502,1,1.6400600851490055e-12,-2.6009914000368894e-08
0.0053299814238811785,502,1,1.2321269128744605e-12,-6.764931970160148e-08
0.005339988839159224,502,1,7.142155201708222e-13,-4.54413154327149e-09
0.005349969719018033,502,1,9.561361466499797e-13,1.197452520473874e-08
0.0053599764474193375,502,1,7.569499900032795e-13,-2.9654976183013382e-08
0.005369997037700295,502,1,7.021483993307278e-13,4.389205082722114e-09
0.005379980128486526,502,1,3.464938204045709e-13,-6.080180639522759e-08
0.005389969650855461,502,1,-1.4194416431497934e-13,-3.825403202539768e-08
0.005399996237483614,502,1,-1.9692016775345843e-13,1.4616411858625611e-08
0.005409966596757288,502,1,-6.620358185543008e-14,7.3116373650039534e-09
0.005419986616964384,502,1,3.7573316226863e-13,7.722602307635995e-08
0.005429994815562234,502,1,9.87873582116641e-13,5.369109234987235e-08
0.005439969100741385,502,1,1.517556584817439e-12,-1.4376093260271006e-08
0.005449975236982409,502,1,1.2561796848082002e-12,-1.525302473215362e-08
0.00545996843034601,502,1,1.2512667776706115e-12,3.765592315740918e-08
0.005469971325902306,502,1,1.627906820846417e-12,1.7887126918525453e-08
0.00547999764219542,502,1,1.5422746816494892e-12,-5.10467789149871e-08
0.005489991768779654,502,1,1.0115682358259408e-12,-4.0465467421313406e-08
0.00549996525350136,502,1,6.254536969365346e-13,-5.843954054007838e-08
0.005509966015189842,502,1,3.0145695662631535e-13,6.445869393800763e-09
0.005519978045567491,502,1,2.321573812572443e-13,-3.959222870213164e-08
0.005529958511920713,502,1,6.871387453241781e-14,-2.309398944300156e-08
0.005539996544531082,502,1,-2.894157657940769e-13,-2.1347368595048266e-08
0.0055499916673077436,502,1,-8.399828040431007e-13,-4.238016848567838e-08
0.005559973770025515,502,1,-6.100029979565474e-13,7.279306316054779e-08
0.00556997793476473,502,1,-1.8738554646488808e-13,-1.4971081374604012e-08
0.005579992867189304,502,1,-3.0794981907382446e-13,1.4552570815062893e-09
0.005589994622012164,502,1,1.6605834274926318e-13,6.155623788473008e-08
0.005599988999215762,502,1,7.029473125480068e-13,3.6875617337450706e-08
0.005609986973983674,502,1,1.1931012926333118e-12,6.918001116407169e-08
0.0056199666123731345,502,1,1.7206766974727189e-12,7.136610302715951e-09
0.005629983242042961,502,1,1.6804687160107174e-12,-1.8699052667381366e-08
0.005639965675729477,502,1,1.349290119289517e-12,-6.049911960293031e-10
0.005649963985862555,502,1,1.5471808176056976e-12,-1.944295102696003e-08
0.005659957800666603,502,1,8.933740260955633e-13,-4.4947972746567366e-08
0.005669981840028802,502,1,6.879552402984642e-13,-4.4473474680728486e-08
0.005679995054171536,502,1,4.722115955187197e-13,-1.557012482833464e-08
0.005689981055962534,502,1,3.4349613819346946e-13,-2.056193605659562e-08
0.005699963637495528,502,1,1.856794408440672e-13,1.1727256277183074e-08
0.005709973742693839,502,1,6.047749886333494e-13,3.2076246520018614e-08
0.0057199826677225745,502,1,7.269135571015691e-13,1.166642264044393e-08
0.005729997316249422,502,1,1.1291384053614944e-12,5.792351154276787e-08
0.00573995947155766,502,1,1.1842860761203606e-12,-1.974169805407655e-08
0.005749973659715163,502,1,1.1905248964463292e-12,2.706662705076468e-08
0.005759981153184275,502,1,1.5552703032774631e-12,1.7468448978985585e-08
0.005769964727386619,502,1,1.5992300884303196e-12,-4.4040550872814777e-08
0.005779977010838675,502,1,8.34057123750919e-13,-5.7186839264034006e-08
0.005789973688981864,502,1,7.13258524135806e-13,-1.2445259989224411e-08
0.005799984294858557,502,1,9.256316128484305e-13,5.104789790877362e-08
0.005809963684300622,502,1,9.526486928363587e-13,-5.07761882539981e-08
0.005819987219207334,502,1,3.1435621131588017e-13,-5.3131483879198527e-08
0.005829983085017342,502,1,-1.4275863816277413e-13,-3.60122566767096e-08
0.005839979294598562,502,1,8.43642088019193e-14,3.8825971215850075e-08
0.005849955942465895,502,1,2.0308261027154016e-13,2.5436186490424006e-10
0.005859957484590053,502,1,3.7527678149898455e-13,2.4135778679476583e-08
0.005869968967583659,502,1,1.6789164476667439e-13,-4.726432645263401e-08
0.005879984272359551,502,1,2.155749071345637e-13,3.887828392556969e-08
0.005889972644483208,502,1,5.369056995464848e-13,2.7848273964625747e-09
0.0058999745347217475,502,1,5.143899233174049e-13,-6.989546625507659e-09
0.0059099857275428614,502,1,4.813155849161076e-13,2.641603330522102e-08
0.005919997681181325,502,1,9.140340464167124e-13,2.4655738672940686e-08
0.005929992033273825,502,1,8.059338396979423e-13,-1.0930419791499446e-08
0.005939988437048837,502,1,8.875755514114553e-13,2.3394808312815485e-10
0.005949971011485544,502,1,7.774088826687403e-13,-1.2315285902175788e-08
0.005959994067918254,502,1,9.18841042883917e-13,3.2402671878983824e-08
0.005969982593316964,502,1,1.1481676332551738e-12,2.1657709514677492e-08
0.00597999319973683,502,1,1.1805144366119468e-12,-3.2660611271051465e-08
0.005989998987402787,502,1,7.304443923428585e-13,-3.6517822543657985e-08
0.005999989969773451,502,1,6.181127387271806e-13,3.48391091531397e-08
0.006009961005981372,502,1,1.0916676159507428e-12,2.5778492923622665e-08
0.006019999136666898,502,1,9.573549025472354e-13,-4.1191546396035505e-08
0.006029996038720702,502,1,2.929361007914357e-13,-4.4757503703252155e-08
0.006039961259028798,502,1,6.60991897033622e-14,-1.3882772070816785e-08
0.006049977970011413,502,1,-4.901335354628154e-14,1.9547651386453424e-08
0.0060599942540477065,502,1,7.645162680822073e-15,-2.3137283200469483e-09
0.006069958650732351,502,1,-1.1597239349945589e-13,-3.792859581963626e-09
0.006079988953826534,502,1,-1.1098578687215952e-14,-4.759526106568046e-09
0.0060899928755560615,502,1,5.89314202973268e-14,3.010693394589481e-08
0.006099989890616766,502,1,1.8833360227890432e-13,-4.3052468534643396e-10
0.006109985632846028,502,1,2.4761450731147707e-13,1.2792933337668622e-08
0.006119974139240185,502,1,3.23595230811353e-13,1.0300114983152753e-08
0.006129987556662607,502,1,3.5384207087938647e-13,1.2577949237702057e-08
0.006139961785386554,502,1,2.985198107614583e-13,-1.3303377427442697e-08
0.006149962887980511,502,1,4.63130402084122e-13,2.6250708162756098e-08
0.006159975295933049,502,1,5.239801025557769e-13,-4.166198136479338e-09
0.006169982337224006,502,1,6.11526511649544e-13,1.511894427014271e-08
0.006179980492075587,502,1,8.972969775579713e-13,4.186386845517198e-08
0.006189987946860759,502,1,1.2442080929791718e-12,1.7162816695615035e-08
0.0061999630487530755,502,1,9.618112318211997e-13,-6.378306938170653e-08
0.006209984208849826,502,1,6.623241358640519e-13,2.5353238286562885e-08
0.0062199899287840536,502,1,7.624078353639678e-13,-2.3049924469109584e-09
0.006229976582287904,502,1,1.0482827645752306e-12,2.5088979893617136e-08
0.006239967494492535,502,1,1.0976076936854455e-12,-8.917135307928703e-09
0.006249960368758599,502,1,8.319206970172893e-13,-2.7954589087997306e-08
0.006259998517275639,502,1,7.546407024798399e-13,1.7725391987521988e-08
0.006269964856281512,502,1,1.0958531784376231e-12,3.0056707678305372e-09
0.006279968251574158,502,1,8.420512144545825e-13,-2.686804329021797e-08
0.00628999274730658,502,1,5.569634202557089e-13,-5.5443810098587676e-08
0.006299978669363407,502,1,4.035852403479396e-13,2.954196801074893e-08
0.006309976929827969,502,1,8.742641484892066e-13,3.9835202358950994e-08
0.006319958736051649,502,1,1.084982220373224e-12,2.4323189268260492e-08
0.006329958410957847,502,1,1.3766505788109654e-12,2.1233829472500076e-08
0.006339979575708321,502,1,1.3013399290996187e-12,-2.2526393916866283e-08
0.006349963037528943,502,1,1.313128886225659e-12,2.2409282762758664e-08
0.006359961274282395,502,1,1.4556216873331022e-12,-2.0148875137793176e-08
0.006369989516460177,502,1,6.776805619828339e-13,-6.866072738143103e-08
0.006379975710467145,502,1,2.274578997408258e-13,-4.894218846862586e-08
0.006389990623740286,502,1,-2.5326578394826677e-13,-4.51507408127938e-08
0.006399996009538428,502,1,-5.890394011329815e-13,-3.803412255976024e-08
0.006409968392701951,502,1,-9.347003884623841e-13,-8.756586150626688e-10
0.006419964509205941,502,1,-1.0901406916795841e-12,-2.1732809829533295e-08
0.006429978221835664,502,1,-9.824390599140346e-13,1.5538102415835198e-08
0.0064399953837639854,502,1,-6.2720600799287e-13,5.7619138571496364e-08
0.006449984380157341,502,1,1.1743325767105822e-13,6.871458282931009e-08
0.0064599867114587175,502,1,2.3628242726344976e-13,-2.4884674432179565e-08
0.006469992173478451,502,1,5.836933646507264e-13,5.1239954890203165e-08
0.006479956661035917,502,1,8.678125132528228e-13,3.316140528841771e-08
0.006489976550495774,502,1,1.345987965791569e-12,6.879506198043117e-08
0.006499970786370717,502,1,1.5326591500797312e-12,-3.097847089961192e-08
0.006509964984914044,502,1,1.0541296907085919e-12,-5.3393805821144724e-08
0.006519959368723488,502,1,8.425800225233884e-13,2.807169513507901e-08
0.006529996411384291,502,1,1.0236227335457806e-12,-4.258033925452764e-09
0.006539962588281889,502,1,7.465247910741859e-13,-4.9425963433158415e-08
0.006549982944956602,502,1,6.513968920367913e-15,-1.0407286432645435e-07
0.006559978538742022,502,1,-8.124262515239234e-13,-3.1436852121480285e-08
0.00656999697712984,502,1,-1.0336399654085763e-12,-3.521138508544297e-08
0.006579982118465766,502,1,-1.3393463889224775e-12,-5.603863484360261e-09
0.006589966692864798,502,1,-8.610764036951694e-13,5.8386664170129166e-08
0.006599967994790061,502,1,-6.936653298473833e-13,-1.602915922216397e-08
0.006609986454824011,502,1,-7.26315200745651e-13,-1.3281732380576727e-08
0.006619981099827853,502,1,-1.3929910183511657e-12,-5.3219097545520455e-08
0.006629985121013332,502,1,-1.1681451831429732e-12,5.6551373694979645e-08
0.006639965643973591,502,1,-7.51140900831672e-13,2.9057082351346963e-08
0.006649989356091944,502,1,-6.612052163521573e-13,-5.810635778091822e-09
0.006659974233030556,502,1,-9.099330656753296e-13,-3.031037928979963e-08
0.006669986718168594,502,1,-5.401709277018884e-13,4.763075156510865e-08
0.00667998208399872,502,1,-2.0407301370951262e-13,3.1814212819725185e-08
0.006689963464909093,502,1,-2.437716090387932e-13,-4.3282337547356775e-08
0.00669999470757306,502,1,-5.896859996151358e-13,-2.1581478715226865e-08
0.006709993415910295,502,1,-4.601307382394405e-13,4.2906754482707754e-08
0.006719977067568235,502,1,-1.8868822892765657e-13,1.2667355597621721e-08
0.006729991232328321,502,1,-2.501665273725454e-13,-4.870650438526525e-09
0.0067399631776007855,502,1,1.2417757794258577e-13,7.435205640060616e-08
0.006749992578756297,502,1,5.020018688933758e-13,-3.5386305774487425e-08
0.006759998883430472,502,1,7.87718999254697e-14,-1.906813479335412e-08
0.006769959001106804,502,1,-1.278938659654788e-13,-3.507049151085795e-08
0.0067799985463174,502,1,-2.381956131500224e-13,-1.9194082379048183e-08
0.006789988188117938,502,1,-7.433198385244628e-13,-5.419960842634186e-08
0.0067999708061716015,502,1,-9.462042622504659e-13,3.556063166154644e-09
0.006809980784842799,502,1,-1.1042558164251533e-12,-1.374269104070791e-08
0.006819980150435991,502,1,-8.20493809630267e-13,4.084619176225601e-08
0.0068299845002377435,502,1,-5.060576904966922e-13,4.769870126652975e-08
0.006839969587457437,502,1,-2.0696995003362587e-13,3.93074295335083e-10
0.006849972801697294,502,1,-2.7076647368185543e-14,4.2817785705917544e-08
0.0068599665323948655,502,1,4.821539751858456e-13,1.7495071502615644e-08
0.006869968533687079,502,1,3.8875900857326083e-13,-2.1057258048351457e-08
0.006879972011526077,502,1,4.5265124757980484e-14,-3.670333154071059e-08
0.006889965317175171,502,1,-7.832178153510108e-14,7.092652992701787e-09
0.006899993840153902,502,1,-9.163878270985635e-14,-2.8454925748988558e-08
0.006909973914984763,502,1,-3.9041450037559323e-13,-3.237924977445017e-08
0.006919994835008652,502,1,-8.103256403079189e-13,-3.404795956285511e-08
0.0069299780214827356,502,1,-1.1619136218893626e-12,-2.4598426545674457e-08
0.006939960288435847,502,1,-1.217597218864286e-12,1.9644031368573622e-08
0.006949996434153348,502,1,-9.215773159044192e-13,2.6554187845979904e-08
0.006959987984477801,502,1,-7.495291237644727e-13,2.3636043122721162e-08
0.006969967946167452,502,1,-4.685846056266536e-13,1.846482641787439e-08
0.006979986730648021,502,1,-9.131429518743331e-14,5.487887028143845e-08
0.006989988592971343,502,1,4.0169664931368756e-13,4.137127496139925e-08
0.006999973832570555,502,1,5.756165873319058e-13,1.1650701681187314e-08
0.007009981092335826,502,1,5.38415128352118e-13,-3.6843372186456946e-08
0.007019958978262349,502,1,-1.1125147924367524e-13,-4.6784285112622115e-08
0.0070299765559185086,502,1,-9.273026724810588e-14,1.8883740821040718e-08
0.0070399830810224705,502,1,-1.2972287225529802e-13,-1.4439589499787298e-08
0.007049990318557698,502,1,-3.799162963120505e-13,-3.4645010048295344e-08
0.007059968894757484,502,1,-4.828245135719464e-13,1.9427181530140558e-08
0.0070699856228296646,502,1,-1.539627757899428e-13,3.4078292798778165e-08
0.0070799858331441505,502,1,3.64747574388446e-14,-1.4454655805629102e-08
0.007089959798666404,502,1,-1.640254196301396e-13,8.611202528818751e-09
0.007099997741017178,502,1,8.870663459085103e-14,2.499650375575868e-08
0.0071099676633398536,502,1,4.2630402326942205e-13,2.814745392321072e-08
0.007119971380930784,502,1,7.824776229045584e-13,7.33133470598446e-08
0.007129990758922399,502,1,1.0546263510183133e-12,-2.2078759542853987e-08
0.007139961431496943,502,1,7.172029225783176e-13,-2.1100185543243555e-08
0.007149979474100601,502,1,5.712626137310459e-13,-3.458144293144727e-08
0.007159995254801014,502,1,4.014354415051715e-13,2.527784759287499e-08
0.007169962449877353,502,1,4.870734180296554e-13,-4.106355855348909e-08
0.007179959609427872,502,1,9.836384568732807e-14,-1.3119834718633427e-08
0.007189968909607604,502,1,-4.968324098756239e-14,-1.0204660894075346e-08
0.007199959927297341,502,1,5.761116783013342e-14,2.5436922124200123e-08
0.007209987078070645,502,1,1.926983950828847e-13,-4.050627611107416e-10
0.007219986323040487,502,1,1.251897255633472e-13,-5.606306363592495e-09
0.007229979056884137,502,1,-4.681371490373217e-13,-9.795154642944226e-08
0.007239979494087148,502,1,-9.122627004124698e-13,2.4969453338297143e-08
0.0072499584218456235,502,1,-5.906789822684327e-13,2.451200270536802e-08
0.007259988719917388,502,1,-3.4018109581867965e-13,-2.9111224542077707e-10
0.007269994722444973,502,1,-5.730802096400327e-13,3.0358062799717977e-09
0.007279979460642738,502,1,-1.4328658469319356e-13,5.213970644124544e-08
0.007289956192759518,502,1,2.3652470896779235e-13,1.6310188144519344e-08
0.0072999916149521695,502,1,5.488542859606658e-13,6.100451865886924e-08
0.007309960085356894,502,1,9.240044896618093e-13,-2.350006189644205e-09
0.007319978735606019,502,1,6.58385487716461e-13,-4.0509761933815724e-08
0.007329971517588883,502,1,1.6971034732420672e-13,-5.0326683709300823e-08
0.007339959116689036,502,1,-4.3599974958928546e-13,-3.276181923320132e-08
0.007349979222642239,502,1,-2.6438632421457156e-13,3.120108335585847e-08
0.00735998163947862,502,1,5.152955427807637e-15,3.2928125726083834e-08
0.007369966776498766,502,1,-2.2344776709468431e-13,-4.1179940568625284e-08
0.007379998054591323,502,1,-3.179874940768021e-13,1.6039390869290737e-08
0.007389991146096957,502,1,-1.3389307718781164e-13,-6.93818164032578e-09
0.007399971460935594,502,1,-4.5084896136782324e-13,-3.6452691212773836e-08
0.007409966464186002,502,1,-4.856641796691552e-13,4.4008002242357236e-08
0.007419956876920095,502,1,-2.9732030097477657e-13,3.5080848781454677e-09
0.007429997218771458,502,1,-1.0617380963946679e-13,2.7953519055046172e-08
0.007439992845652756,502,1,1.17620940690412e-13,2.625513961795889e-08
0.007449972023947285,502,1,4.0966841328765255e-13,3.363666792322029e-08
0.00745996235590817,502,1,7.029941373763639e-13,4.056317476353044e-09
0.0074699675704960914,502,1,3.9400451929121495e-13,-3.930151282194316e-08
0.00747997665906257,502,1,2.603344735017119e-13,-7.0998697129787125e-09
0.007489958270510493,502,1,4.476885713273343e-13,3.8096354848526914e-08
0.007499993868528688,502,1,5.704498830770566e-13,-1.198203186669744e-08
0.0075099722627718695,502,1,5.381330265701338e-13,2.1721296539212176e-08
0.007519962940739569,502,1,6.728338013421622e-13,3.3983593716868654e-08
0.0075299901782128744,502,1,1.0390164528311643e-12,-7.903806331643892e-09
0.007539978725632402,502,1,9.167236112876459e-13,-2.1349002565784758e-08
0.007549964841706514,502,1,2.722913862497644e-13,-8.858933364663812e-08
0.007559966214083071,502,1,4.7729718313397956e-14,3.2200265065451816e-08
0.0075699912721043676,502,1,4.879877748496233e-13,1.3311996005516136e-08
0.007579967190150209,502,1,2.1141702653143263e-13,-2.3326222647890305e-08
0.007589967957976571,502,1,-7.598554184679637e-14,-3.912773144376658e-08
0.007599989399646848,502,1,-4.628575494784054e-13,-1.4490338262618252e-08
0.007609994161680655,502,1,-5.398447717363175e-13,-1.97709159183157e-08
0.007619973106125884,502,1,-6.896690300963034e-13,4.040645873448767e-09
0.007629997163950928,502,1,-6.139735445178989e-13,-7.113446331974416e-09
0.007639975774411478,502,1,-6.863147288031996e-13,-7.533309330509663e-09
0.007649988272634897,502,1,-7.308363949556831e-13,2.602999649159443e-09
0.007659993327525552,502,1,-6.562890235737662e-13,3.416288457680494e-08
0.0076699772056735265,502,1,-2.7370182400891785e-13,2.8872138471691677e-08
0.0076799806786752274,502,1,-1.143219413314014e-13,9.491495589486476e-09
0.00768996271722455,502,1,1.4544025172367353e-13,2.6476993320034836e-08
0.00769995904395316,502,1,7.684188707427278e-14,-2.7110546058084495e-08
0.00770999504696977,502,1,-2.5573061057009364e-13,-2.2229347335089855e-08
0.007719999631724893,502,1,-2.252646942711592e-13,1.0858971555283148e-08
0.0077299875952706815,502,1,-2.6198502561965414e-13,1.9442113474710254e-08
0.007739985374075151,502,1,5.241077940431249e-14,2.844176416605393e-08
0.007749961451947057,502,1,7.131652408208413e-14,-2.666969040054923e-08
0.0077599873006954055,502,1,-2.7119014770361077e-13,9.144376016817501e-09
0.007769967652442747,502,1,4.610078205275316e-14,2.79835023070385e-08
0.007779963289498407,502,1,2.624523415317091e-13,6.379595157701701e-09
0.007789965700101399,502,1,2.109232861494212e-13,-5.804134117770587e-09
0.0077999708907684215,502,1,9.267514692317044e-14,-9.3318622274019e-10
0.007809991702906979,502,1,-4.4884620670354467e-14,-4.361897604221454e-08
0.007819981703892134,502,1,-8.241928495212551e-13,-7.865582840604901e-08
0.0078299966939969,502,1,-1.3314415166226648e-12,-8.157662434449264e-09
0.007839982616107523,502,1,-8.355393310352098e-13,6.208289882181361e-08
0.007849978197684258,502,1,-6.629950418624519e-13,-7.316913547272819e-09
0.007859989157165834,502,1,-7.581959411638562e-13,1.9381104610083355e-08
0.007869984231473868,502,1,-3.48256184683199e-13,4.3368517776976034e-08
0.007879984445131633,502,1,-7.01681524405201e-15,1.7914579007738407e-08
0.007889982485346805,502,1,1.8191511848270788e-13,3.244782773026422e-08
0.007899970982648837,502,1,5.136764685247238e-13,3.9388066419565604e-08
0.007909987238536996,502,1,7.653188885509382e-13,-3.4700878837057303e-09
0.00791997557594777,502,1,1.0008467697593696e-12,2.8564130283292855e-08
0.007929966085572558,502,1,1.1861489421287298e-12,1.11890509982282e-08
0.007939965306455615,502,1,9.486262991765474e-13,-5.127403263083252e-08
0.007949999662666022,502,1,3.977111570677399e-13,-4.487103810735249e-08
0.007959977234177688,502,1,1.399144683913848e-13,-2.364948098465547e-08
0.007969970778968001,502,1,6.275918336179267e-14,1.0776362691089503e-08
0.007979968376253834,502,1,1.625548841951642e-13,5.0438131449226375e-09
0.007989991036745086,502,1,-2.1616670872601955e-14,-2.53742710176752e-08
0.007999962384108236,502,1,-1.0569514920339101e-13,-1.4047239704773062e-08
0.008000006831550933,502,1,-1.063319629726969e-13,-1.4327338926367617e-08
0.0,503,2,0.0,0.0
9.989961021512745e-06,503,2,0.0,-1.0236202503386461e-42
1.9992043388314044e-05,503,2,0.0,1.882575227557058e-25
2.998154396983048e-05,503,2,2.7059592987027897e-20,-5.2598413530261016e-17
3.996706428926499e-05,503,2,-6.644571375806167e-19,-4.696007258319377e-13
4.9977073299739135e-05,503,2,-1.905886877107541e-16,-7.66129491661452e-11
5.999080644949294e-05,503,2,-4.1916409408935745e-15,-1.136843699039991e-09
6.995577857517775e-05,503,2,-5.317362130001621e-14,-1.0865792609421332e-08
7.997976092856483e-05,503,2,-2.1946130658419884e-13,-1.8414047633918962e-08
8.999023881127192e-05,503,2,-3.8778566300241754e-13,-1.991756044816828e-08
9.999120661247908e-05,503,2,-6.821226841849322e-13,-3.682330559917624e-08
0.00010998802936081757,503,2,-9.939334998726663e-13,-2.2637429430982792e-08
0.00011998443754741915,503,2,-1.2594664703756279e-12,-3.637065532080541e-08
0.00012998021736421595,503,2,-1.6227353501254154e-12,-2.468308651915052e-08
0.00013997582428984024,503,2,-1.3762498517587841e-12,7.170422636204599e-08
0.00014999257578972945,503,2,-1.0059508598564502e-12,-5.645880651883317e-09
0.00015999360761981914,503,2,-1.3565918238745128e-12,-3.6948868187280937e-08
0.00016996677216290113,503,2,-1.3529460754849176e-12,-1.910883340450198e-09
0.00017999252641565756,503,2,-1.4940904280924192e-12,-5.727308460823366e-09
0.00018999308490903147,503,2,-1.8793895069759217e-12,-7.045062346000552e-08
0.0001999567280807932,503,2,-2.3759443441547304e-12,-3.696742964867661e-08
0.00020998283113449233,503,2,-2.8137296502082562e-12,-5.326453861309588e-08
0.00021999218307440147,503,2,-3.0461121736699136e-12,3.000458378976667e-08
0.00022999777759454492,503,2,-2.4568678271978716e-12,4.533894773506297e-08
0.00023997177696874117,503,2,-1.951714172424685e-12,5.773330247205166e-08
0.0002499786197993587,503,2,-1.5852081847427934e-12,1.700520485536927e-08
0.0002599681581316944,503,2,-1.4314074133213754e-12,6.194863491626457e-08
0.0002699738991410829,503,2,-6.557656690207121e-13,2.7140879932385786e-08
0.0002799995673440711,503,2,-8.461122512397551e-13,-2.657413067375103e-08
0.00028997925184033916,503,2,-5.783816867894272e-13,7.405942459293158e-08
0.00029996847699488365,503,2,-1.6779337708633163e-13,2.1530783822498734e-09
0.00030999245089309926,503,2,-1.9700381564513158e-13,-1.518045023018999e-09
0.0003199568713655011,503,2,-3.14284094083718e-13,1.4837496786768156e-09
0.0003299560514831476,503,2,2.4728536004905294e-13,6.307688922568833e-08
0.00033998257775922535,503,2,6.626364157358809e-13,6.030124101875228e-08
0.00034999508288619874,503,2,1.4021520252651635e-12,6.564453058910402e-08
0.0003599730365147739,503,2,1.9330914873114027e-12,5.6900591460795624e-08
0.00036996789073153146,503,2,2.1647337403995766e-12,-2.5972195893952943e-08
0.00037997066386399344,503,2,1.9511002725906682e-12,6.871775481975817e-09
0.00038996051971769744,503,2,2.019591798433333e-12,-1.910371277835665e-09
0.0003999959653119283,503,2,2.2997001845144124e-12,3.1922522181204727e-08
0.0004099650516530841,503,2,2.2175105532335837e-12,-3.681109295161633e-08
0.00041998149695313813,503,2,1.3162246628988655e-12,-1.1511703842947973e-07
0.00042997783813852837,503,2,8.655355417303869e-13,-1.5967168087716033e-08
0.0004399826335932183,503,2,5.603056233772271e-13,7.456176565057149e-09
0.00044995611321564996,503,2,1.016102180422928e-12,6.862755230763184e-08
0.00045999208083552084,503,2,1.8826345410188298e-12,1.1543776368139191e-07
0.0004699576675885509,503,2,2.471565000797542e-12,2.3685965744313364e-08
0.0004799734538236568,503,2,3.003021186822924e-12,8.904681103594214e-09
0.0004899773262599515,503,2,3.1475343876673657e-12,4.8729204060737885e-08
0.0004999948446451585,503,2,2.968722720876339e-12,-4.8909820082876365e-09
0.0005099888774020678,503,2,2.8561942350149275e-12,-5.6364968747946165e-08
0.0005199581163766662,503,2,2.5485450762149616e-12,-5.714051343197468e-08
0.0005299594725546438,503,2,1.8271460530011087e-12,-2.2266641197532522e-08
0.0005399610257029467,503,2,1.7225766813118697e-12,-2.9502261078562242e-08
0.000549997561552946,503,2,1.6111202405825684e-12,5.185448959110772e-09
0.0005599780568693812,503,2,1.5699557336123528e-12,1.4012029703192042e-08
0.0005699716516408677,503,2,1.7427636821187344e-12,-3.700852513333075e-09
0.0005799804737262408,503,2,1.6820617571326399e-12,2.3487387479370625e-08
0.0005899891484605743,503,2,2.2297022897726365e-12,6.61453858075145e-08
0.0005999957831306825,503,2,2.5059893667567917e-12,-5.013927784069949e-08
0.0006099630404516961,503,2,2.041332631630508e-12,3.060952399880357e-08
0.0006199734262473491,503,2,2.0137100537401253e-12,-9.330785916139561e-08
0.000629980081594427,503,2,1.0825871584818972e-12,-4.448416940361355e-08
0.0006399702290639075,503,2,1.0718034600576583e-12,2.7443673444871308e-08
0.0006499753927367723,503,2,7.807739101518135e-13,-7.070032742584331e-08
0.0006599828886209325,503,2,5.17962585257388e-13,-9.741825901521395e-09
0.0006699829636183788,503,2,6.801629910875052e-13,5.200617780865002e-08
0.0006799933337324186,503,2,1.3305875159823864e-12,4.879824966330659e-08
0.0006899675594927731,503,2,1.6925515351241815e-12,-6.163630716926605e-09
0.0006999566791805224,503,2,1.873961671569038e-12,6.329174473407306e-08
0.0007099584768489616,503,2,2.141979320049146e-12,-5.738796104992616e-09
0.0007199725007497685,503,2,1.7964825472089859e-12,-7.233170254417054e-08
0.0007299613525878762,503,2,9.20504445338702e-13,-7.703786736139306e-08
0.0007399900911148834,503,2,2.9376707060587825e-13,-8.653251104551174e-08
0.0007499899424045427,503,2,-7.746275540599496e-13,-7.70732887511727e-08
0.0007599752199016432,503,2,-1.2796251713882083e-12,-4.8324185597525826e-08
0.000769979653422755,503,2,-1.9478050154232186e-12,-3.070295828688785e-08
0.0007799714476631343,503,2,-2.0234318642278412e-12,-1.2762674778121763e-08
0.0007899882017718372,503,2,-2.118701105535562e-12,-8.34082286571558e-09
0.0007999894016024467,503,2,-2.0274679796096397e-12,4.804387176982061e-08
0.0008099743756207648,503,2,-1.3128635616252611e-12,9.742825046732406e-08
0.0008199895440748132,503,2,-1.087466789930153e-12,-5.753164700195157e-08
0.0008299581994323049,503,2,-1.8121995332305574e-12,-7.747461481383278e-08
0.0008399896869195143,503,2,-2.179976271927172e-12,-2.579016455950267e-08
0.0008499654877961996,503,2,-2.635399040109513e-12,-4.831844498814908e-08
0.0008599657983571072,503,2,-2.9815418661543677e-12,-5.7135574188516e-08
0.000869974189158615,503,2,-3.640548728770605e-12,-2.4085822614150487e-08
0.0008799904944519329,503,2,-3.854756154574902e-12,1.7320422873723373e-10
0.0008899722043754963,503,2,-3.071701906368204e-12,1.1360028973061986e-07
0.0008999634188782872,503,2,-2.4896084791698985e-12,3.5195197090054364e-08
0.0009099728035892673,503,2,-1.87259818738725e-12,2.7695158222318383e-08
0.0009199644112581268,503,2,-1.787255041432365e-12,1.0731986299639118e-08
0.0009299654750173452,503,2,-2.0014631092876364e-12,-2.2490285855880643e-08
0.0009399667116566871,503,2,-1.8617726586644273e-12,1.8510237342894698e-08
0.000949993153366058,503,2,-2.4092627984870565e-12,-1.458487222105731e-07
0.0009599776261818661,503,2,-3.8539500333190004e-12,-1.2722005227061572e-07
0.0009699958165689663,503,2,-4.8067526860402256e-12,-7.917215968933355e-08
0.0009799642605983281,503,2,-5.838203008599711e-12,-8.355141928317877e-08
0.0009899666686108526,503,2,-6.295709186452964e-12,-3.4178877533763696e-08
0.0009999658808187348,503,2,-6.59440695951162e-12,-3.820340466198502e-08
0.0010099702017673457,503,2,-6.7287371590632906e-12,-7.524563458427558e-09
0.0010199673356959494,503,2,-6.57826597081951e-12,8.446324871458355e-08
0.0010299958828595638,503,2,-5.4044608449133145e-12,1.1316550074802478e-07
0.0010399715912952755,503,2,-4.534928561280649e-12,6.917875454426348e-08
0.0010499598083871873,503,2,-3.91387539511092e-12,4.407866116551418e-08
0.0010599560419078558,503,2,-3.42726512792056e-12,6.616778647217103e-08
0.001069971167556783,503,2,-2.971444324556744e-12,1.0233810465720694e-09
0.0010799904971131116,503,2,-3.1471647280896238e-12,1.4132302439406885e-08
0.0010899580585454322,503,2,-2.3304423423978855e-12,7.882769548217539e-08
0.001099995097200793,503,2,-1.904347874867856e-12,2.3321353376237752e-08
0.0011099605620624017,503,2,-1.684530749753669e-12,2.1019676110789476e-08
0.0011199778366987173,503,2,-1.2225136657525613e-12,5.6907804760197855e-08
0.0011299999004189144,503,2,-8.533316477274421e-13,1.2704199581214937e-08
0.0011399688574877478,503,2,-9.666504293046854e-13,3.0703179443314355e-08
0.00114999104053655,503,2,-4.627285188319678e-13,4.586236457271298e-08
0.0011599749759054815,503,2,5.0557265486713895e-14,1.774280788957583e-08
0.0011699767987091371,503,2,-6.0997302315461e-14,-1.3188840686240155e-08
0.0011799851497623372,503,2,3.716230204424062e-13,1.1555428630627418e-07
0.0011899589811022926,503,2,8.997428250037166e-13,-8.084472868929993e-09
0.0011999954661071714,503,2,1.07524101113695e-12,5.216878773417477e-08
0.0012099633255643625,503,2,1.8451571786324075e-12,6.584797451747448e-08
0.001219957314258476,503,2,1.6189324999939941e-12,-4.4711239322037244e-08
0.001229972834827589,503,2,1.2945822528125789e-12,-4.5978000962065835e-08
0.0012399578590630244,503,2,8.045682176049951e-13,-1.1062991855936843e-08
0.0012499675495489986,503,2,1.024800321100701e-12,-3.0234945547213954e-08
0.0012599568785764768,503,2,7.977256686166403e-13,6.008756525677228e-08
0.0012699664231770695,503,2,1.6237968136984318e-12,5.5213242200480295e-08
0.0012799807341562824,503,2,1.6355134545395673e-12,-4.358712213381466e-08
0.0012899597591071081,503,2,1.5060567742464052e-12,3.669871517786305e-09
0.001299986675857092,503,2,1.3526303354834991e-12,-2.25045713175831e-08
0.0013099848057680256,503,2,1.2012496879642513e-12,-1.2387637138289165e-08
0.0013199736548793655,503,2,8.278954033284248e-13,-3.59362853641354e-08
0.0013299822310088466,503,2,1.1817482248029174e-12,8.571454856998173e-08
0.0013399713214551755,503,2,1.6300548565901054e-12,8.059666267712373e-09
0.00134996429524554,503,2,1.1053172941859717e-12,-2.3561876727473674e-08
0.001359974641634749,503,2,1.891900999299596e-12,1.1918998368831701e-07
0.0013699800802793275,503,2,2.552620097090577e-12,-1.9073122414781096e-08
0.0013799694917800399,503,2,2.2741972987394787e-12,-3.644399093616357e-08
0.00138997241891667,503,2,1.545003813335213e-12,-3.756515731812016e-08
0.0013999902988138808,503,2,1.0636660602731654e-12,-4.742279882674616e-08
0.0014099770974287595,503,2,1.0373264222016164e-12,6.835237043034681e-08
0.0014199643077242696,503,2,1.5815597614231508e-12,2.9480776597701208e-08
0.001429965001313615,503,2,1.6444766580845575e-12,-1.5285479271209823e-08
0.001439978580402546,503,2,1.8032957107185762e-12,2.3301717055890236e-08
0.0014499934135066034,503,2,1.9856013568650497e-12,2.8661046147515634e-08
0.0014599848922581238,503,2,2.3063019288121264e-12,-6.569064099452848e-08
0.0014699826767232574,503,2,2.1658305608218773e-12,9.869398026607357e-08
0.0014799556062961275,503,2,3.3290795250703886e-12,9.24376950539596e-08
0.0014899566844938142,503,2,3.5583170727971312e-12,1.125488410802511e-08
0.0014999967921634487,503,2,3.915425905861528e-12,-6.172108754642913e-09
0.0015099576959541085,503,2,3.696841555886907e-12,-4.418573673614645e-09
0.001519989648142698,503,2,4.053493052146159e-12,2.7025387594470374e-08
0.0015299694516815677,503,2,3.4938986010195783e-12,-8.778709453816091e-08
0.001539989840410008,503,2,3.228302838270171e-12,3.996835418185185e-08
0.0015499845632675228,503,2,3.6270563511181866e-12,2.527432443888422e-09
0.00155996167363527,503,2,3.495341653782366e-12,3.1068443928639056e-08
0.0015699620344369163,503,2,3.871573587166822e-12,-3.293844225149556e-08
0.0015799825530535185,503,2,3.4236807487620594e-12,-5.8614453152250334e-09
0.001589998112228593,503,2,3.2119689378243233e-12,-6.535399199592007e-08
0.0015999618879190937,503,2,2.490473036911194e-12,-4.5158703554371016e-08
0.001609985878875884,503,2,2.4675109943858315e-12,9.087857077982875e-09
0.0016199795012749702,503,2,2.0594685162284474e-12,-3.653410213244612e-08
0.0016299952643993435,503,2,1.9021854336348336e-12,-1.921928738379819e-08
0.0016399765803374212,503,2,1.7557915316562854e-12,-8.672388696062683e-09
0.0016499971999057292,503,2,1.4063349450092483e-12,-6.184583023483015e-08
0.0016599592000508241,503,2,1.033763671182391e-12,1.0877668099595894e-08
0.0016699850782126169,503,2,9.230261479730058e-13,-3.263927605967609e-08
0.0016799591029450587,503,2,7.083350358626402e-13,1.2636573509805515e-08
0.0016899912409734483,503,2,1.0298517003374738e-12,7.383989225617782e-09
0.0016999711866510561,503,2,7.736071847138856e-13,-5.0035247278756856e-08
0.0017099890935931767,503,2,5.25029021994361e-13,-1.711505559498505e-08
0.0017199842058484868,503,2,1.9405829075830675e-13,-3.455557595621883e-08
0.0017299700066734725,503,2,-7.586940515939833e-14,-1.8498537313060837e-08
0.0017399988872449053,503,2,-2.1299817785187455e-13,-1.5774423822723094e-08
0.00174998548405672,503,2,-3.698385727442938e-14,4.6980381918082514e-08
0.0017599911249635096,503,2,1.7254345950398612e-14,-4.671120268362472e-09
0.0017699644322331331,503,2,1.833136430940351e-13,1.4061419806310482e-08
0.0017799833496972783,503,2,5.648536820842143e-13,5.424289473143773e-08
0.0017899751569559934,503,2,5.062783874721982e-13,-3.369427389876556e-08
0.0017999750671708237,503,2,3.001945742971113e-13,-8.820251085062125e-09
0.0018099656639713377,503,2,4.060176885794923e-13,3.297184963946265e-08
0.0018199608746322167,503,2,1.0894324315282103e-14,-1.510143315796436e-07
0.0018299962293289675,503,2,-1.6183501047034175e-12,-6.23134874255804e-08
0.0018399939108237624,503,2,-1.4922617381694057e-12,2.3944264959663286e-08
0.0018499643565681202,503,2,-1.7643752737582681e-12,-4.35146678690046e-08
0.001859968540797818,503,2,-1.2816522364274686e-12,1.042000599138504e-07
0.001869999360236389,503,2,-6.07598767357083e-13,1.827447981828101e-08
0.0018799855178169224,503,2,-4.4849784036942646e-13,3.0108696397190826e-08
0.0018899824686351974,503,2,-4.805104462415855e-13,-2.297813947449434e-08
0.0018999688812909043,503,2,-1.0053604973739717e-12,-6.485673798017899e-08
0.0019099731049039086,503,2,-1.197724801011834e-12,2.670125809345336e-08
0.0019199777923854333,503,2,-1.1277295608713147e-12,3.5911967843915704e-09
0.0019299750326173368,503,2,-1.0230202347752339e-12,-1.693167361871417e-08
0.0019399892912366989,503,2,-6.560826139264981e-13,1.1162039936785106e-07
0.0019499778420350884,503,2,1.3990573463466566e-13,1.8167771342891825e-08
0.0019599927968355544,503,2,1.3082683401237707e-13,3.708890877751614e-08
0.0019699674488002435,503,2,7.687496913187392e-13,3.96970341876024e-08
0.0019799664640804933,503,2,6.526738649320282e-13,-7.845397304029333e-08
0.001989965194383709,503,2,2.944933064904587e-13,3.012648401058693e-08
0.001999988546064914,503,2,1.0460374140632651e-12,1.1440555672259656e-07
0.002009994633218821,503,2,1.6645044006037123e-12,3.3743733918178975e-09
0.0020199843076899957,503,2,1.2206871145877397e-12,-6.014402870180291e-08
0.0020299764806285645,503,2,1.1899181574288485e-12,4.3177648532954915e-08
0.002039971510100887,503,2,9.473361384018382e-13,-5.548693005064109e-08
0.0020499851170852467,503,2,7.056999460098852e-13,-3.0749484791758874e-08
0.0020599798170726474,503,2,2.8179094799761495e-13,-3.109077328922183e-09
0.002069983527623644,503,2,6.507284869031681e-13,-2.081013472654547e-09
0.0020799726396303945,503,2,2.5786397146797084e-13,-6.094616467056113e-08
0.00208998828091631,503,2,-2.849362083356e-14,4.030345124306223e-08
0.002099960695316437,503,2,5.849573958354413e-14,-3.6686396365226415e-08
0.0021099569615075624,503,2,-4.5255256315925203e-13,-3.0282756857680226e-09
0.0021199732712319213,503,2,1.0862728292283623e-13,5.277506556766731e-08
0.0021299680703956545,503,2,-1.0253426322511146e-13,-3.804833648146655e-08
0.002139995320785377,503,2,8.332555159100766e-14,2.8294476650536637e-08
0.0021499764219865022,503,2,7.491885089464922e-13,1.1889153916921913e-07
0.0021599568904996183,503,2,1.5257860299782442e-12,3.4385194358499405e-08
0.00216996056612999,503,2,1.8690063856790324e-12,1.2882552857806928e-08
0.0021799808111731527,503,2,2.2298593362985024e-12,2.9664637302140306e-08
0.0021899674700162188,503,2,2.3828085812099413e-12,1.411617489566197e-08
0.002199956944858223,503,2,2.3320592274972732e-12,-2.7607725050504683e-08
0.0022099594802748325,503,2,2.442772558598652e-12,-4.261895614199318e-09
0.002219960109732291,503,2,1.8067938909339248e-12,-6.741485414352155e-08
0.00222997330339741,503,2,1.2673283206015e-12,-2.8509271499110866e-08
0.0022399795506986573,503,2,1.0306147245570194e-12,-1.9345052060248946e-08
0.0022499847016867664,503,2,1.8239599758394613e-12,1.0248491422171213e-07
0.0022599966361363855,503,2,2.0279216606205845e-12,-4.486683624627119e-08
0.0022699726010188934,503,2,1.5908308538211714e-12,3.426146866214452e-08
0.0022799730230051783,503,2,1.698365955521159e-12,-4.150034929595314e-08
0.002289961888919968,503,2,1.6224456809510804e-12,1.1337854211035392e-08
0.0022999862878289507,503,2,1.5028135664065315e-12,-3.331154871388797e-08
0.002309997801497285,503,2,1.5339643753354074e-12,2.555987710373131e-08
0.002319972401179661,503,2,1.7094131828359477e-12,4.06993633239594e-09
0.0023299749916493783,503,2,1.884002570379413e-12,9.903324216242737e-09
0.002339963899198567,503,2,1.8651673968869166e-12,-2.5045903573328587e-08
0.0023499854099363884,503,2,1.664882092594893e-12,-4.3176448416559765e-08
0.0023599643631998686,503,2,9.522266228832472e-13,-8.225090919466993e-08
0.0023699582888794955,503,2,2.3432328261985616e-13,-3.412774257638418e-08
0.0023799969164151912,503,2,2.9901854104764924e-13,1.4770382833484419e-08
0.002389999360669749,503,2,4.540450961986863e-13,7.978357932213881e-09
0.0023999861354865866,503,2,4.1455042320442427e-13,-3.252507219109191e-08
0.002409998648478418,503,2,-6.447649014630803e-14,-8.27471302589089e-09
0.002419975314626342,503,2,3.043311113640375e-14,-3.64248897710695e-09
0.00242999777759559,503,2,-7.217949382718608e-13,-1.1470202976315846e-07
0.002439980206408675,503,2,-1.3630424473300411e-12,-1.3177556046350958e-08
0.0024499882859080756,503,2,-1.6559607790643093e-12,-6.52203898873771e-08
0.002459968817885451,503,2,-1.8409628103910076e-12,4.984459744949987e-08
0.0024699800815520226,503,2,-1.101160390423587e-12,7.106930460798466e-08
0.002479985634592174,503,2,-6.544713637137919e-13,7.0616953395941096e-09
0.0024899946162147495,503,2,-6.361641492454509e-13,-1.2610929800427328e-08
0.0024999673900585806,503,2,-6.599362491888213e-13,-6.5210901215593045e-09
0.002509994416373522,503,2,-4.067239048403644e-13,3.2397210358858786e-08
0.002519984821243666,503,2,-4.4588177381787563e-13,-7.232130655454583e-08
0.0025299979662083026,503,2,-1.0305279748306934e-12,-2.6944506292814197e-08
0.0025399737370046405,503,2,-1.073535150308651e-12,1.0173110576161548e-08
0.002549962943706849,503,2,-1.070085253724153e-12,-3.1878228834436584e-08
0.002559987272755071,503,2,-1.5587824584776503e-12,-3.912581358900269e-08
0.0025699659481242428,503,2,-1.861551524196404e-12,3.550860383505494e-09
0.002579994484637053,503,2,-2.0459453409742276e-12,-6.123618585818225e-08
0.0025899940073215322,503,2,-2.820599565137071e-12,-1.3054188036099035e-08
0.002599982692719946,503,2,-2.8129920962694345e-12,-3.185269714656158e-09
0.0026099583410498137,503,2,-2.4676673655617406e-12,8.249115899042203e-08
0.0026199908534473193,503,2,-1.868062601452169e-12,-1.3434110102128471e-08
0.0026299760523095877,503,2,-2.152582357357164e-12,-3.8373962896187663e-08
0.002639963377767787,503,2,-2.3929018014572263e-12,2.7723037476778956e-08
0.0026499887386907004,503,2,-2.1561659318343647e-12,-5.1614844454039854e-08
0.002659993444675745,503,2,-2.7321626643766247e-12,1.8616683972183523e-08
0.0026699594477339783,503,2,-1.7506821696261412e-12,9.816950029967186e-08
0.0026799593693022797,503,2,-8.926435877628942e-13,4.7213146961433416e-08
0.0026899901993603158,503,2,-7.216454301804068e-13,8.212289737130618e-09
0.00269998736849525,503,2,-8.230413929327576e-13,6.041578931581526e-09
0.0027099564543407117,503,2,-2.502077761830108e-13,6.443680856949019e-08
0.0027199638333857924,503,2,2.41793889597941e-13,5.978120454219749e-08
0.0027299630282449096,503,2,2.6840956893073656e-13,7.341421914830448e-10
0.0027399918897720262,503,2,2.665587985528541e-13,-1.9005767626367742e-08
0.0027499991272805194,503,2,3.2541217238738797e-13,3.013232441340108e-10
0.002759965226510916,503,2,5.333105105535113e-14,-2.4462869951946686e-08
0.0027699799082271143,503,2,-5.990951549954271e-14,-5.1718276106171857e-08
0.002779970536157839,503,2,-9.084390683276877e-13,-8.729177269906074e-08
0.0027899670463153404,503,2,-1.5124904231616706e-12,-6.14142167121301e-08
0.002799996203365536,503,2,-1.87398915016488e-12,2.662328679736703e-08
0.002809997833640168,503,2,-1.5960097691147465e-12,-1.4206146703443778e-08
0.002819967008977856,503,2,-1.8368063553443267e-12,3.6191136754126774e-09
0.0028299625308132867,503,2,-1.4943778094307636e-12,4.002068876296505e-08
0.0028399829465466557,503,2,-1.1335916336478388e-12,4.465248781837516e-09
0.0028499720052161245,503,2,-1.5528211041223455e-12,-1.8229433906835624e-08
0.002859993355102407,503,2,-1.400886920572067e-12,-9.131094436121145e-09
0.00286996652586216,503,2,-1.6791507691672064e-12,-5.0333726075990626e-08
0.0028799708610538098,503,2,-2.3632412487432225e-12,-3.9394633555289715e-08
0.002889995639778524,503,2,-2.2506589690898804e-12,3.048160479579565e-08
0.002899980473333962,503,2,-2.073793644674724e-12,4.2814968015392196e-08
0.002909978057514456,503,2,-1.0433200934049577e-12,1.5847614642794383e-07
0.0029199887633107307,503,2,-4.6254876827616503e-14,2.9560213943291558e-08
0.002929991954553023,503,2,1.888702342851649e-13,-2.2961747836447444e-08
0.0029399764697640284,503,2,-2.835036223589418e-13,-3.755991095921729e-08
0.002949998184656102,503,2,-6.432578430791501e-13,-1.0330918454037885e-08
0.002959979252006029,503,2,-5.9736351090773e-13,-2.3089445355672922e-08
0.002969980736582091,503,2,-4.761560916876576e-13,6.216228209954267e-08
0.0029799930482495057,503,2,-5.596383765611593e-13,-8.987855404374301e-08
0.0029899731213205967,503,2,-1.1091103231821277e-12,-1.593216220063809e-08
0.002999972572662621,503,2,-6.454360810531222e-13,1.3823080950714495e-07
0.003009966234808012,503,2,9.44970486341473e-13,5.965579369382468e-08
0.003019993492019316,503,2,9.1014963188291e-13,-4.191638858230817e-08
0.0030299923285373176,503,2,9.710561170198323e-13,5.9517477224435567e-08
0.003039985271719881,503,2,7.855797209846502e-13,-1.504561930598669e-08
0.0030499910953431784,503,2,1.1212381197450911e-12,4.063786786939749e-08
0.003059964952357777,503,2,1.7456719502613742e-12,9.23070043040708e-08
0.003069994740587669,503,2,2.159816960627353e-12,4.794426156085052e-08
0.00307995931289467,503,2,2.965384311191875e-12,2.07072613500614e-08
0.0030899847747873333,503,2,2.790797471735273e-12,9.921480748076306e-09
0.00309997082118476,503,2,2.473686142398122e-12,-3.321291563995743e-08
0.0031099691440506253,503,2,2.970785670889926e-12,1.0923196747114616e-07
0.003119998919780487,503,2,2.757840462243408e-12,-1.0119168875055706e-07
0.0031299647571994,503,2,2.025496760299625e-12,-2.956601286019378e-08
0.0031399993771487637,503,2,2.1158382612287844e-12,-1.602334205597078e-08
0.0031499598328533266,503,2,1.5243100140812814e-12,-7.684696243237532e-08
0.00315999109527504,503,2,1.4743270962251122e-12,8.292196573833621e-08
0.003169982639720877,503,2,2.0739662411902544e-12,5.900939570313568e-08
0.0031799856317141556,503,2,2.049520777158871e-12,-1.9949832820442825e-08
0.0031899737695395883,503,2,2.2301630299561637e-12,3.113464376591768e-08
0.0031999917316139974,503,2,2.36290344692166e-12,3.6890935861677576e-09
0.003209996339448164,503,2,1.8029449986325897e-12,-1.2713408276132654e-07
0.003219965161145989,503,2,3.0615956242375977e-13,-6.74278417822638e-08
0.0032299581354244193,503,2,6.933581838422477e-13,-1.6395068455632433e-08
0.003239970433001811,503,2,1.8216234828883054e-13,-5.1803802136873855e-08
0.0032499679490677596,503,2,2.0166114880209468e-14,1.0537582312286631e-07
0.0032599571624250044,503,2,8.6991440560616e-13,-2.2094016061124933e-08
0.0032699997190781685,503,2,5.843954919659247e-13,1.5932271058005654e-08
0.00327997660839436,503,2,-2.9087222370028764e-13,-1.7736604140949908e-07
0.0032899765442371623,503,2,-5.972014629170084e-13,1.098155705120396e-07
0.0032999730807222838,503,2,9.217039532592643e-13,5.3197927674109025e-08
0.003309977879925228,503,2,3.457266220066612e-13,-8.089036107605807e-08
0.003319972582669815,503,2,3.9380003622038534e-13,7.255819411966513e-08
0.003329965863041504,503,2,3.004293625127278e-13,-6.387738216151462e-08
0.0033399809040717365,503,2,-2.0425827844980197e-13,-1.770207760931619e-08
0.0033499906507562763,503,2,2.1444039374611014e-13,4.9274140934141286e-08
0.0033599958270293805,503,2,1.3670212727914192e-13,-4.1105745307579156e-08
0.003369960269393244,503,2,-3.3535066067927506e-14,5.349454323955172e-08
0.0033799722574691634,503,2,-7.554351812678818e-14,-7.161401610611406e-08
0.0033899916558431486,503,2,-6.965682676116861e-14,5.26184298355048e-08
0.003399995227773425,503,2,1.407614276467727e-13,2.185766190265781e-08
0.0034099763881091085,503,2,2.150427087105073e-13,8.592474454172105e-09
0.003419990288270649,503,2,5.5548041887803e-13,2.5270042489089484e-08
0.0034299796669928205,503,2,4.0436789963823553e-13,9.085960706034513e-09
0.003439982401248543,503,2,3.8841143114445387e-13,-1.8031320603295597e-08
0.003449974731003177,503,2,6.47644330674965e-14,-6.686935871691446e-08
0.0034599728513892945,503,2,1.4547292305499854e-13,3.193715425453547e-08
0.003469973705488485,503,2,-5.369212544595282e-13,-1.0906994873938203e-07
0.0034799853355285764,503,2,-3.319542110267158e-13,6.582318934356124e-08
0.003489970909260417,503,2,-5.922329768655527e-13,-4.0579927196304766e-08
0.003499988732211183,503,2,-6.43884835924949e-13,5.6976413975728946e-08
0.003509987757324931,503,2,-5.104321023672947e-13,-6.672440511223954e-08
0.003519996837758516,503,2,-9.704977694181447e-13,-4.636762238052761e-09
0.0035299840719765444,503,2,-7.719657617052906e-13,2.521579361980386e-08
0.003539999247022662,503,2,-9.518584612832725e-13,-5.881245157546289e-08
0.0035499750470102814,503,2,-1.436307826722992e-12,1.865938535627887e-09
0.003559987345307009,503,2,-8.438339672397674e-13,6.703665389462543e-08
0.003569991342151219,503,2,-3.411155512481783e-13,7.015970637791469e-08
0.00357999935868398,503,2,-2.8850248640001786e-13,-5.652021826604847e-08
0.0035899827101628138,503,2,-5.055634052673549e-13,1.7717098899083794e-09
0.003599989507754609,503,2,-6.808665976398669e-13,-2.136410204300887e-08
0.003609987609753006,503,2,-6.293936505736555e-13,3.02967589904668e-08
0.0036199706403360955,503,2,-3.889266664631921e-13,-3.9869622936450355e-08
0.00362998239784877,503,2,-1.118549024765685e-12,-3.839158313478919e-08
0.003639959160008169,503,2,-1.5765041334691145e-12,-1.9316398758295605e-08
0.003649955457475156,503,2,-1.8993612208067145e-12,-1.6228185184541388e-08
0.003659999069154944,503,2,-1.6195031477846253e-12,4.291078467555387e-08
0.0036699606504969565,503,2,-1.7017863118316216e-12,-3.1217920248849396e-08
0.0036799600199480973,503,2,-2.333226575270894e-12,-8.509364529674102e-08
0.0036899913764507465,503,2,-2.885793624326843e-12,-2.4841745938086746e-08
0.003699982913942179,503,2,-2.748363009749547e-12,4.8911179828525775e-08
0.0037099757384516734,503,2,-2.9133586005886808e-12,-1.2274909000353773e-07
0.0037199943889358097,503,2,-3.5307019962305293e-12,-1.988608566705352e-08
0.003729962389202568,503,2,-3.3354450793129584e-12,6.253154660740279e-08
0.003739976717589097,503,2,-3.203439100899104e-12,-6.533668855945862e-08
0.003749962843021728,503,2,-3.3624916747992083e-12,3.384959159496992e-08
0.003759981563887964,503,2,-2.8746295234059922e-12,6.778915728755663e-08
0.0037699657838864884,503,2,-1.955835714467346e-12,8.734502887630669e-08
0.003779989481127052,503,2,-1.0817103438562174e-12,7.545954788801268e-08
0.003789992714413908,503,2,-8.154094194019572e-13,2.588856481966495e-08
0.003799958127050029,503,2,-5.26587786234007e-13,1.6487813711552057e-08
0.0038099628048722306,503,2,-6.136638574139215e-13,3.851499069673636e-08
0.003819965322099062,503,2,-5.3121511367233e-13,-7.701967930096032e-08
0.0038299977230396107,503,2,-1.4369447810997672e-12,-6.309225342171487e-08
0.003839982251655563,503,2,-1.2631033643063089e-12,-1.0625522683938016e-08
0.0038499999632941144,503,2,-1.339921446366632e-12,6.290079182513786e-08
0.0038599853756904998,503,2,-1.0374520117767058e-12,-1.9098611664380982e-08
0.0038699966226814213,503,2,-7.160153478696744e-13,5.602140129568056e-08
0.0038799758307534967,503,2,-6.173449067486264e-13,-1.668296034651462e-08
0.0038899749412881868,503,2,-9.14405825906163e-13,-8.04867712478341e-08
0.003899974279069712,503,2,-1.8697669145395154e-12,-5.873924918686768e-08
0.003909981045563255,503,2,-1.9507727207148003e-12,2.608397164927112e-08
0.003919979483561263,503,2,-2.07747121100995e-12,-7.843586763423005e-08
0.003929974164293732,503,2,-2.082423602588375e-12,6.95229140923459e-08
0.003939965643851169,503,2,-1.523530542175966e-12,6.019516551880599e-08
0.0039499920406901945,503,2,-1.6605101218732446e-12,-3.466424758347131e-08
0.003959957102444371,503,2,-1.1322131383481593e-12,1.1072699623859705e-07
0.003969981472115329,503,2,-4.666081838402766e-13,-3.1784050946725984e-09
0.003979983658302246,503,2,-7.837078103584702e-13,-5.594393104324524e-08
0.003989996897388895,503,2,-1.4929686515383934e-12,-3.2078382838918174e-08
0.003999962066184443,503,2,-1.8103609465745883e-12,2.0045001058316414e-08
0.004009982616686821,503,2,-1.6008921809486517e-12,-4.244785710427745e-08
0.004019985737106671,503,2,-2.0422566183680535e-12,-5.243025846812799e-09
0.004029985450337512,503,2,-1.9198069483567136e-12,-1.7337905111602936e-08
0.004039966885469826,503,2,-1.7119790023342762e-12,2.1072723878357014e-08
0.004049957672285779,503,2,-2.083631928121918e-12,-2.4216024963052973e-08
0.004059981472726734,503,2,-2.005415767360175e-12,-3.8536701291863595e-08
0.00406997745205338,503,2,-1.9168278211434756e-12,5.748997966570357e-08
0.004079973744767089,503,2,-2.037390633467611e-12,-4.323884661427968e-08
0.004089967943497107,503,2,-1.8601890573011854e-12,5.3333715527292824e-08
0.00409995910856725,503,2,-1.315362232586696e-12,-4.302807332656755e-09
0.004109980115336773,503,2,-1.7203538364653128e-12,-4.728996849667766e-08
0.004119984125208945,503,2,-1.5079068551394686e-12,3.7644480921361634e-08
0.004129964255278309,503,2,-1.617986356992131e-12,1.115391035089175e-08
0.004139984312080828,503,2,-1.2193982167391548e-12,2.2829137802382604e-08
0.004149995956521106,503,2,-9.503347138091825e-13,4.082727214638204e-08
0.004159984365413026,503,2,-1.1509526487866258e-12,-6.636862515119191e-08
0.004169957460397018,503,2,-1.5081246932728985e-12,-3.2494497370638697e-09
0.004179975603296128,503,2,-1.4593099927755497e-12,2.3965653739299597e-08
0.004189960119300603,503,2,-7.49285060749842e-13,1.1915738828971456e-07
0.004199994698658853,503,2,2.629415206346821e-13,1.107799100230622e-07
0.004209996904761525,503,2,7.728559596632953e-13,4.453640913004708e-08
0.004219994070290476,503,2,1.4908882776335647e-12,3.746692095463189e-09
0.004229969721830748,503,2,1.270078729754859e-12,-1.4471374598645781e-08
0.0042399745007891355,503,2,9.209791251434422e-13,-4.801744779570072e-08
0.004249982306832177,503,2,1.3169793370676171e-12,5.597555519099018e-08
0.004259982568110752,503,2,1.0925198674679852e-12,-7.837635740415294e-08
0.004269964160984992,503,2,2.19715512924252e-13,-4.261249042514237e-08
0.004279999742011297,503,2,4.1551820874512267e-13,-1.6013615655730007e-08
0.0042899881831208065,503,2,-4.235243849148775e-13,-1.2770570267939263e-07
0.004299982584989596,503,2,-1.1442149345250539e-12,-1.5784319129519275e-08
0.004309970035917239,503,2,-1.2567908580431598e-12,-4.893681349038559e-09
0.004319999374273674,503,2,-8.72942262095458e-13,8.886594582424578e-08
0.004329993981516786,503,2,-7.817136491610789e-13,-1.645324099186496e-08
0.004339957996342546,503,2,-3.5532866118860237e-13,2.2534065058366082e-08
0.004349963206873632,503,2,-3.0745725247433714e-13,4.2354068474637074e-08
0.004359990236780178,503,2,-1.4304284482163226e-13,4.618039672887875e-09
0.004369973183385304,503,2,5.122728413339828e-13,9.731856853711918e-08
0.00437998615140778,503,2,9.113807730959204e-13,-8.198817613713771e-08
0.004389983665670742,503,2,3.6902229725742017e-13,-2.001036669696532e-09
0.0043999586148666244,503,2,4.3461511922996895e-13,3.0311088528023333e-08
0.0044099993160019715,503,2,1.7887327700299473e-13,-3.4574300755707554e-08
0.004419956260684955,503,2,5.867287399338597e-13,2.364191620252143e-08
0.0044299611819229485,503,2,1.9679417520244438e-13,-7.844123700584404e-08
0.004439972548915116,503,2,2.481846058012419e-13,1.9325296252148405e-08
0.004449970402193156,503,2,4.639145157299884e-13,6.056603163440144e-09
0.0044599950945013065,503,2,4.095302791546143e-13,5.001580360985969e-08
0.004469967334358652,503,2,1.403681649877358e-12,1.0178887660527991e-07
0.004479959399329604,503,2,2.4856640810450243e-12,4.6327096658860256e-08
0.0044899665489456985,503,2,2.687380113241057e-12,3.29949647603911e-08
0.004499989685407309,503,2,2.327037258091462e-12,-1.8568728554768654e-08
0.004509994842501989,503,2,2.6354629631449434e-12,-1.0247157740395085e-09
0.00451998440936643,503,2,2.4521933039307604e-12,1.1487367357343459e-07
0.004529966366454434,503,2,3.2047718149150173e-12,-1.3577061114267153e-08
0.004539974687750707,503,2,3.250833842775214e-12,-2.5341452297711342e-08
0.004549966025476365,503,2,3.2514166496179237e-12,2.1171818187504243e-08
0.004559965924704872,503,2,3.0193349854828674e-12,-6.613614880746077e-08
0.004569966257261108,503,2,2.478608054342973e-12,-4.671994179028527e-08
0.004579980735928727,503,2,2.527339946887695e-12,3.256308675481101e-08
0.004589969944166384,503,2,3.2965332124202523e-12,6.160101889696179e-08
0.00459996567268466,503,2,3.983115178424245e-12,1.198219796161304e-07
0.004609958441749131,503,2,4.275295446305857e-12,-5.580369288882281e-08
0.004619962039231872,503,2,3.852677776279697e-12,-3.65712488070713e-09
0.004629968572207945,503,2,3.608657660479674e-12,-4.770859965419483e-08
0.004639986773608062,503,2,3.4434314598384523e-12,4.9815461422575424e-08
0.004649993448754368,503,2,4.379291505438813e-12,3.6770795547313995e-08
0.0046599877218289855,503,2,4.076766014208437e-12,-1.0876050093866496e-07
0.004669984174244073,503,2,3.4795588888761764e-12,1.2271602761737554e-08
0.004679986633953577,503,2,3.8435929548971074e-12,8.125263547056893e-09
0.0046899744027101235,503,2,3.5581908581117268e-12,-4.458542912644248e-08
0.004699995325494959,503,2,2.923102166270614e-12,-8.495019698795403e-08
0.004709959483720083,503,2,1.9469328018805084e-12,-9.064473555087105e-08
0.004719957849489888,503,2,1.4730353913093401e-12,7.095540996426841e-08
0.0047299681944631255,503,2,1.539676948490807e-12,-6.577712174937744e-08
0.0047399957966518975,503,2,1.1427131857671535e-12,-4.084207552712549e-08
0.004749973233593551,503,2,4.799306585419371e-13,-4.612003806636622e-08
0.004759973025489073,503,2,1.7023247198542143e-14,-4.322696889325073e-08
0.004769990488137166,503,2,-1.4537831603929558e-13,2.099547963263504e-08
0.004779996188618287,503,2,-6.005500103153016e-14,-3.393351055702709e-08
0.004789980228832013,503,2,-4.751294250751473e-13,-3.8525731688165976e-08
0.004799973573577608,503,2,6.09129886558913e-14,6.157712367782509e-08
0.004809996370479239,503,2,-2.6045078128976527e-13,-4.984322032886013e-08
0.0048199903920037165,503,2,-1.0032352840860142e-13,1.0783630099986397e-07
0.004829995363228399,503,2,5.722097568670615e-13,-6.47526601227355e-08
0.004839982137742458,503,2,-3.6515487949849565e-13,6.716823985897236e-09
0.0048499838476868855,503,2,1.2135250791712408e-13,1.5379573836682425e-08
0.0048599648851425006,503,2,3.9367297196093477e-13,2.9498820330875475e-08
0.0048699714256318204,503,2,3.7306984758400663e-13,4.4029648985782766e-08
0.004879985365513301,503,2,1.3447607319415442e-12,2.626403514116582e-08
0.004889968814565082,503,2,1.7219521198741459e-12,4.868065583973902e-08
0.0048999645215692285,503,2,2.141459466283263e-12,2.3059867126917766e-08
0.004909993442299744,503,2,2.840100598640942e-12,1.6210905181104126e-08
0.004919993470493547,503,2,2.4444814251233643e-12,-2.646457086807885e-08
0.004929997298337766,503,2,2.6110439934571173e-12,7.568945267766303e-08
0.0049399607788006995,503,2,2.8898209925052744e-12,-6.489139875442973e-08
0.004949963643589128,503,2,2.3183758210453594e-12,-5.957154358693373e-08
0.004959999773995563,503,2,1.4710948845669597e-12,-7.825616446521799e-08
0.004969976148962584,503,2,1.3450843578197017e-12,4.19255759553927e-08
0.00497999079649168,503,2,1.0634153266623168e-12,-8.723425815038155e-08
0.0049899741780366795,503,2,8.635334692452682e-13,4.7472307473928055e-09
0.004999992796390972,503,2,7.341876892818242e-13,-1.0784265813690297e-08
0.005009965747862612,503,2,8.848277733541888e-13,1.1369725383403306e-08
0.005019998759779939,503,2,6.2775830947338e-13,-6.825597287374308e-08
0.005029983983952706,503,2,7.914063759255179e-13,7.128285218344077e-08
0.005039988504982833,503,2,7.063526704460723e-13,-5.3333427674218115e-08
0.005049984777705981,503,2,1.120985113544845e-12,1.166878923763992e-07
0.005059960074180316,503,2,1.8008843046912575e-12,6.69286808752112e-08
0.0050699646703149075,503,2,2.662651717017764e-12,9.129133626828434e-08
0.005079975685729509,503,2,3.285086403241827e-12,2.1152763485243753e-08
0.005089992849776121,503,2,3.2783434528343335e-12,-3.186612435035485e-08
0.005099958718378997,503,2,3.2136287395420496e-12,6.70551281167775e-09
0.005109971722647651,503,2,3.1289216213098957e-12,3.238121226711854e-08
0.005119977983712958,503,2,2.6875516582710625e-12,-4.275201104242399e-08
0.005129983628808401,503,2,2.0096720477807885e-12,-1.3373359708523935e-07
0.005139991801203174,503,2,1.3535489308563351e-12,1.528386150972949e-08
0.0051499826632363955,503,2,1.3356577069738849e-12,3.5461256209234904e-08
0.005159967580727336,503,2,6.772648078250145e-13,-1.2498428381135795e-07
0.0051699699630949605,503,2,7.719592847090408e-13,5.704718195054248e-08
0.0051799713593928595,503,2,8.118756072633747e-13,-4.552838372973156e-08
0.005189982671452809,503,2,2.388073022478992e-13,-3.090420241935732e-08
0.005199971079100129,503,2,-2.5229073057371335e-13,-8.713325727605081e-08
0.005209973232172589,503,2,-9.301902899604446e-13,-4.133717212972954e-08
0.005219981155537408,503,2,-1.0607662819417558e-12,-2.365749263155692e-09
0.005229965138942932,503,2,-1.7134202246588646e-12,-5.778747991236344e-08
0.0052399608934577116,503,2,-2.002495842350115e-12,-8.325966205369184e-08
0.005249982002999411,503,2,-2.3246952780608737e-12,2.1359323698622035e-08
0.005259975273822631,503,2,-2.901604737731711e-12,-6.318014611830791e-08
0.005269979810125778,503,2,-2.5660452885131356e-12,6.82846116317748e-08
0.005279979478277073,503,2,-1.5629907883631198e-12,1.1163206628528322e-07
0.005289965745571135,503,2,-1.0530654920661887e-12,-2.7897723520187157e-08
0.005299991157239064,503,2,-1.5593069946416658e-12,-7.613163321984473e-09
0.005309970016642706,503,2,-1.370292632618328e-12,-1.2184381448232529e-08
0.005319967898115426,503,2,-1.2469991707254272e-12,6.178474187823468e-08
0.0053299814238811785,503,2,-7.815266285214899e-13,7.499380244579967e-08
0.005339988839159224,503,2,-5.359111007543246e-13,-4.083506555119243e-08
0.005349969719018033,503,2,-9.998472861282026e-13,-6.474087549390717e-08
0.0053599764474193375,503,2,-9.48959782824145e-13,5.89192350256007e-08
0.005369997037700295,503,2,-1.0833027929021098e-12,-1.6588856233124005e-08
0.005379980128486526,503,2,-3.3953649421669847e-13,7.093242723743565e-08
0.005389969650855461,503,2,-5.870781461067998e-14,4.527835348322462e-08
0.005399996237483614,503,2,2.443355186823289e-13,-1.609752015019339e-08
0.005409966596757288,503,2,-2.1405547825795526e-13,-9.802347022969116e-08
0.005419986616964384,503,2,-5.941068661606975e-13,-5.42691014349117e-09
0.005429994815562234,503,2,-9.891142267216824e-13,-2.0129824696013543e-08
0.005439969100741385,503,2,-4.5334562994337087e-13,1.0447469692143052e-07
0.005449975236982409,503,2,-2.5389394837298067e-13,-4.679423444564623e-08
0.00545996843034601,503,2,-5.789940501056776e-13,3.020883815318953e-08
0.005469971325902306,503,2,1.7655761428607766e-14,7.488091355312143e-09
0.00547999764219542,503,2,-3.4207306990252304e-14,-9.41356514960745e-09
0.005489991768779654,503,2,-2.7249743802561233e-13,-1.425067264193558e-08
0.00549996525350136,503,2,-2.0563391755438337e-13,-9.971155678911714e-09
0.005509966015189842,503,2,-3.693240239457593e-13,1.180893238750258e-08
0.005519978045567491,503,2,-5.581278237428051e-13,-3.2480502398790634e-08
0.005529958511920713,503,2,-4.4693974676811646e-13,2.5558888172572125e-08
0.005539996544531082,503,2,1.2588035811205572e-13,7.610871488594739e-08
0.0055499916673077436,503,2,6.462146762793372e-13,5.261935542844043e-08
0.005559973770025515,503,2,9.609429510524636e-13,-4.9789874445593796e-09
0.00556997793476473,503,2,1.4310749325607873e-12,9.381095766869407e-08
0.005579992867189304,503,2,2.1112883742011805e-12,6.396776108807956e-08
0.005589994622012164,503,2,1.6826675966011306e-12,-1.258886149213545e-07
0.005599988999215762,503,2,1.8096709484535572e-12,6.885384107313541e-08
0.005609986973983674,503,2,1.8466555968567593e-12,3.481584368025814e-08
0.0056199666123731345,503,2,1.7074234346802115e-12,-7.966631720979223e-08
0.005629983242042961,503,2,1.1129940810536377e-12,2.3901892048927564e-08
0.005639965675729477,503,2,1.595957024373121e-12,1.5657612151276368e-09
0.005649963985862555,503,2,1.7184548851593246e-12,1.317944330059273e-08
0.005659957800666603,503,2,2.1247858429451283e-12,5.197683899949013e-08
0.005669981840028802,503,2,2.590934521575915e-12,3.74700042382603e-08
0.005679995054171536,503,2,3.236132739683822e-12,5.1477273048383676e-08
0.005689981055962534,503,2,2.7030950567485555e-12,-3.8725218143298434e-08
0.005699963637495528,503,2,2.928216154794716e-12,-1.876544830636817e-08
0.005709973742693839,503,2,2.1642771566067216e-12,-5.1153545121973565e-08
0.0057199826677225745,503,2,2.4597377476178904e-12,5.4229648105419415e-08
0.005729997316249422,503,2,2.472352350109267e-12,-2.1474161934764702e-08
0.00573995947155766,503,2,2.6027346171852116e-12,-7.751626784902044e-09
0.005749973659715163,503,2,1.6812684108276485e-12,-4.838437739351775e-08
0.005759981153184275,503,2,1.8731271908030292e-12,1.7584265266101795e-08
0.005769964727386619,503,2,2.6411529823540565e-12,8.526807859787766e-08
0.005779977010838675,503,2,2.749548564496369e-12,4.041933751586235e-08
0.005789973688981864,503,2,3.912563720546384e-12,5.5964154477283756e-08
0.005799984294858557,503,2,4.161928532928419e-12,3.337195442210117e-08
0.005809963684300622,503,2,3.988304884917568e-12,-3.5269105691515534e-08
0.005819987219207334,503,2,3.2970428552039563e-12,-8.235953008473018e-08
0.005829983085017342,503,2,3.2700683811850333e-12,4.5033695716956146e-08
0.005839979294598562,503,2,2.919791917467031e-12,-1.0611026213247499e-07
0.005849955942465895,503,2,1.991521484009229e-12,-4.778312590048017e-08
0.005859957484590053,503,2,1.5469000204132708e-12,-5.373029565713949e-08
0.005869968967583659,503,2,6.298646551024375e-13,-4.2987570114672025e-08
0.005879984272359551,503,2,1.0810603324665604e-13,-9.220090231576439e-08
0.005889972644483208,503,2,3.740328850815192e-14,4.69478560194414e-08
0.0058999745347217475,503,2,7.926240937838967e-13,1.1449230918891828e-07
0.0059099857275428614,503,2,1.2773503551411066e-12,-4.391707097983755e-08
0.005919997681181325,503,2,7.3874678652218e-13,-8.686499930465885e-08
0.005929992033273825,503,2,7.645589992003304e-13,1.4219469046672373e-07
0.005939988437048837,503,2,1.5415270649592541e-12,8.686870306418015e-09
0.005949971011485544,503,2,1.4707442891597616e-12,-1.8969537857183028e-08
0.005959994067918254,503,2,1.4155072166144116e-12,5.054355056710591e-08
0.005969982593316964,503,2,1.701276418233521e-12,-1.3176542079662568e-09
0.00597999319973683,503,2,1.5343431388232663e-12,-4.08842530108533e-08
0.005989998987402787,503,2,1.840912057870874e-12,8.083877822695484e-08
0.005999989969773451,503,2,1.6578329251656487e-12,-2.8669041168827292e-08
0.006009961005981372,503,2,1.882689025566129e-12,2.066022153357494e-08
0.006019999136666898,503,2,2.168693852362051e-12,3.916075523580087e-08
0.006029996038720702,503,2,2.3896440907192297e-12,3.6895040300688464e-08
0.006039961259028798,503,2,2.3660406011543397e-12,-5.959178178693847e-08
0.006049977970011413,503,2,2.3810914770780586e-12,9.792165456268265e-08
0.0060599942540477065,503,2,2.6477210672565124e-12,-9.070424955570644e-08
0.006069958650732351,503,2,2.7361859743143266e-12,8.291740413723936e-08
0.006079988953826534,503,2,3.047652816486686e-12,1.0656306503875612e-08
0.0060899928755560615,503,2,3.1223290317442757e-12,1.42340701794752e-08
0.006099989890616766,503,2,3.0831505459848283e-12,-4.3529348237036913e-08
0.006109985632846028,503,2,2.784351322096014e-12,-1.40379877167085e-08
0.006119974139240185,503,2,2.5941640362811633e-12,-2.6198915259456612e-08
0.006129987556662607,503,2,2.0461659066596267e-12,-2.7648486028430952e-08
0.006139961785386554,503,2,2.126080285471386e-12,4.3518025738542576e-08
0.006149962887980511,503,2,2.4618273457115147e-12,-3.603529184770249e-08
0.006159975295933049,503,2,1.6659463285067459e-12,-1.4395348468809743e-08
0.006169982337224006,503,2,1.724291258956229e-12,-3.1018654561565384e-08
0.006179980492075587,503,2,2.086210270155339e-12,6.988879987235297e-08
0.006189987946860759,503,2,2.1532927384790377e-12,1.3205294691065461e-08
0.0061999630487530755,503,2,2.1062834331222243e-12,-5.392212909516303e-08
0.006209984208849826,503,2,1.8622209817684642e-12,-3.100019985158298e-08
0.0062199899287840536,503,2,1.1531788761533785e-12,-6.458473467141346e-08
0.006229976582287904,503,2,7.248635065527356e-13,-5.5167328261163107e-08
0.006239967494492535,503,2,4.3282202671359685e-13,1.593801411681195e-08
0.006249960368758599,503,2,4.4410531025232403e-13,-2.038343704935386e-08
0.006259998517275639,503,2,9.111156992172749e-14,-8.431328302194174e-08
0.006269964856281512,503,2,-2.468499580091099e-13,4.2041834236172804e-08
0.006279968251574158,503,2,4.817877630321991e-13,4.370170389456085e-08
0.00628999274730658,503,2,2.331839623194269e-13,-2.391557586689519e-08
0.006299978669363407,503,2,3.468075131273559e-13,-1.7716113465127137e-08
0.006309976929827969,503,2,-4.126566980917207e-14,-3.6797153324386045e-08
0.006319958736051649,503,2,1.880343669262213e-13,3.734837605851027e-08
0.006329958410957847,503,2,-1.3420320263133928e-13,-5.6122899327881726e-08
0.006339979575708321,503,2,-4.4091052728604477e-13,-3.5232142925334387e-08
0.006349963037528943,503,2,-7.246646079701272e-13,-6.80994380608535e-08
0.006359961274282395,503,2,-1.3784246842367918e-12,3.196076187039765e-08
0.006369989516460177,503,2,-9.706804807776146e-13,7.83663135078827e-08
0.006379975710467145,503,2,-1.3540422970549247e-13,7.251966899213258e-08
0.006389990623740286,503,2,4.589033985102973e-13,5.345281695046111e-08
0.006399996009538428,503,2,4.95483580210856e-13,-1.884921108086246e-09
0.006409968392701951,503,2,7.072154421125195e-13,4.456462374125003e-08
0.006419964509205941,503,2,4.5079758289034164e-13,-5.577935013878488e-08
0.006429978221835664,503,2,5.342960198351145e-13,2.3523818726278733e-08
0.0064399953837639854,503,2,8.964479742003235e-13,1.1012342648886175e-08
0.006449984380157341,503,2,8.905203201096164e-13,-8.0099838983827e-09
0.0064599867114587175,503,2,5.434820294676493e-13,-1.8905316857137366e-08
0.006469992173478451,503,2,1.227506772510695e-13,-8.497884229630159e-08
0.006479956661035917,503,2,-3.3505318906094646e-13,1.7901025793631842e-08
0.006489976550495774,503,2,-6.447092920560272e-13,-3.007949730959858e-08
0.006499970786370717,503,2,-3.707217744219123e-13,1.0008465112232301e-07
0.006509964984914044,503,2,4.739585907021572e-13,1.7866647938902247e-08
0.006519959368723488,503,2,2.339261249645146e-13,4.598374903075353e-09
0.006529996411384291,503,2,-2.486053219839454e-14,-6.639139127351257e-08
0.006539962588281889,503,2,1.1244643589739325e-14,7.499900100960133e-08
0.006549982944956602,503,2,-3.0576648323205925e-13,-6.768711868776478e-08
0.006559978538742022,503,2,4.759831851580687e-14,6.318357004264641e-08
0.00656999697712984,503,2,1.3490725599358058e-13,1.4563440453585486e-08
0.006579982118465766,503,2,5.227050371787371e-13,-1.6790496770724417e-08
0.006589966692864798,503,2,-4.861023218606826e-13,-1.0173466458152092e-07
0.006599967994790061,503,2,-8.262840624831934e-13,-1.8904867393754188e-08
0.006609986454824011,503,2,-1.1090215376650526e-12,-3.6076765019821266e-08
0.006619981099827853,503,2,-1.4402164577169982e-12,1.7274955410595538e-08
0.006629985121013332,503,2,-1.3402645396030162e-12,-4.181620805177033e-08
0.006639965643973591,503,2,-2.1355644439250906e-12,-9.090564995206663e-08
0.006649989356091944,503,2,-2.6250516381920094e-12,1.3920914643250626e-08
0.006659974233030556,503,2,-2.724686917602616e-12,-5.622773058266972e-08
0.006669986718168594,503,2,-3.2942316951535544e-12,-4.112767826303099e-08
0.00667998208399872,503,2,-2.865329806376552e-12,4.259683627355626e-08
0.006689963464909093,503,2,-2.8163699704894605e-12,5.7068126613213366e-09
0.00669999470757306,503,2,-2.6373192942941246e-12,3.3320874642805975e-08
0.006709993415910295,503,2,-2.1676903842879e-12,3.1391620636256334e-08
0.006719977067568235,503,2,-2.1139086202250513e-12,-3.737786558044576e-08
0.006729991232328321,503,2,-2.9475494429525044e-12,-8.853169075617728e-08
0.0067399631776007855,503,2,-3.549617151656103e-12,-1.0328241997759058e-08
0.006749992578756297,503,2,-3.444242966529833e-12,2.1762599028418705e-08
0.006759998883430472,503,2,-3.6298446616078034e-12,-5.569847505437764e-08
0.006769959001106804,503,2,-3.8036127084073706e-12,7.757589259860254e-08
0.0067799985463174,503,2,-2.7992356425431825e-12,6.349954628781518e-08
0.006789988188117938,503,2,-2.9390559234119314e-12,-3.5189945180036375e-08
0.0067999708061716015,503,2,-2.8324826733633303e-12,5.616850529133188e-08
0.006809980784842799,503,2,-2.40881122065892e-12,-4.2548908202322266e-08
0.006819980150435991,503,2,-3.149604927519677e-12,-3.577852827896244e-08
0.0068299845002377435,503,2,-3.204147018002134e-12,3.258081071599861e-08
0.006839969587457437,503,2,-3.284676870435126e-12,-3.8287063131026144e-08
0.006849972801697294,503,2,-3.116194889867511e-12,-1.6273908054476038e-09
0.0068599665323948655,503,2,-3.3485547954318945e-12,2.7252174933378726e-08
0.006869968533687079,503,2,-3.1644808123657236e-12,-2.7277787306712042e-08
0.006879972011526077,503,2,-2.9415362730507173e-12,3.269814019546402e-08
0.006889965317175171,503,2,-2.445121430089299e-12,6.4541445854438e-08
0.006899993840153902,503,2,-2.7444455026972864e-12,-5.5866301945650676e-08
0.006909973914984763,503,2,-2.032020761372341e-12,1.3422305394916734e-07
0.006919994835008652,503,2,-1.351604066976474e-12,-9.783347465486258e-10
0.0069299780214827356,503,2,-1.672309853258374e-12,-3.862571962276462e-08
0.006939960288435847,503,2,-1.4860841473140953e-12,6.386246398371043e-08
0.006949996434153348,503,2,-1.8096862136813326e-12,-1.2036294405604053e-07
0.006959987984477801,503,2,-2.1271175806533184e-12,7.627384834840711e-08
0.006969967946167452,503,2,-2.0763647826929285e-12,-4.7207601827636836e-08
0.006979986730648021,503,2,-1.9352196237100612e-12,7.237780619284706e-08
0.006989988592971343,503,2,-1.3536327515427295e-12,2.8107638966323734e-08
0.006999973832570555,503,2,-1.2737186962975561e-12,6.263421273473846e-08
0.007009981092335826,503,2,-3.4614219585234196e-13,7.742393637322209e-08
0.007019958978262349,503,2,1.469213510888693e-13,2.703167006901097e-08
0.0070299765559185086,503,2,5.000298271143691e-13,5.99097784714786e-08
0.0070399830810224705,503,2,8.87214123511653e-13,-2.3674036175869162e-08
0.007049990318557698,503,2,3.984039457388157e-13,-3.5594759917323415e-08
0.007059968894757484,503,2,2.842474113072882e-13,3.1949431988920196e-10
0.0070699856228296646,503,2,4.4190311945715294e-13,2.3628609069348272e-08
0.0070799858331441505,503,2,4.507373342838364e-14,-1.0437878805724665e-07
0.007089959798666404,503,2,-6.77883544111281e-13,-3.729941479985177e-08
0.007099997741017178,503,2,-1.2078382321005152e-12,-3.026511530279663e-08
0.0071099676633398536,503,2,-1.0765201867413664e-12,6.710594069314624e-08
0.007119971380930784,503,2,-9.970887505407477e-13,-8.881561049112197e-08
0.007129990758922399,503,2,-1.5010930459790142e-12,-2.587711737944698e-08
0.007139961431496943,503,2,-1.6434119012474421e-12,2.5171995599038155e-08
0.007149979474100601,503,2,-1.2881173992035366e-12,2.089365275237398e-08
0.007159995254801014,503,2,-1.368927408630866e-12,1.038316760348934e-08
0.007169962449877353,503,2,-7.374768317184276e-13,8.830314091046176e-08
0.007179959609427872,503,2,-3.4996554418108674e-13,1.2861087972382279e-08
0.007189968909607604,503,2,3.574180411712428e-13,7.936818546827595e-08
0.007199959927297341,503,2,1.3515734162422447e-14,-9.789006591431892e-08
0.007209987078070645,503,2,-3.8185129225807614e-13,3.319202900205209e-08
0.007219986323040487,503,2,-1.4302425244844003e-13,1.2999078785602691e-08
0.007229979056884137,503,2,-5.3581993248062927e-14,1.8464199280643356e-08
0.007239979494087148,503,2,1.6457330065745618e-13,-4.219709077990519e-08
0.0072499584218456235,503,2,-1.5766150429044368e-13,-1.615608383187528e-08
0.007259988719917388,503,2,-5.061446765452105e-13,-4.919225304877983e-08
0.007269994722444973,503,2,-5.996320451349783e-13,5.118201132359168e-08
0.007279979460642738,503,2,-1.0250527182842578e-13,2.8372525273656635e-08
0.007289956192759518,503,2,4.3067124658315937e-14,-4.493432848029499e-09
0.0072999916149521695,503,2,-2.2582063424786864e-13,-3.5610509884625996e-08
0.007309960085356894,503,2,-3.9810309636485167e-13,-1.4444984930417348e-08
0.007319978735606019,503,2,-3.4494324527945897e-13,-6.039222510967335e-09
0.007329971517588883,503,2,-6.179584465936406e-13,-3.125939351811269e-08
0.007339959116689036,503,2,-1.133639326684967e-12,-3.617032431901812e-08
0.007349979222642239,503,2,-1.168876600328092e-12,-1.4456601249435153e-08
0.00735998163947862,503,2,-1.4968573338477006e-12,-7.684322467227389e-08
0.007369966776498766,503,2,-2.0344033265630803e-12,4.308758072557595e-09
0.007379998054591323,503,2,-2.039434788243615e-12,-3.305700213562801e-09
0.007389991146096957,503,2,-1.856119627690055e-12,2.010862514001399e-08
0.007399971460935594,503,2,-1.6692024942566467e-12,-4.1096411829144586e-09
0.007409966464186002,503,2,-1.4459510545760594e-12,6.516603683406896e-08
0.007419956876920095,503,2,-1.1630446124677885e-12,-2.647742529393593e-08
0.007429997218771458,503,2,-1.676593893489768e-12,-4.4195125337154195e-08
0.007439992845652756,503,2,-1.7488565459623968e-12,7.84779184970219e-08
0.007449972023947285,503,2,-1.3831789971605014e-12,6.324198498219857e-09
0.00745996235590817,503,2,-1.4175409761785706e-12,2.7104659558463418e-09
0.0074699675704960914,503,2,-1.0875967557009644e-12,7.430077653136635e-08
0.00747997665906257,503,2,-5.480681472707808e-13,5.494530275901299e-08
0.007489958270510493,503,2,-1.1441167727238295e-13,-9.179290466621026e-09
0.007499993868528688,503,2,-5.211652229719454e-13,-4.830961695956315e-08
0.0075099722627718695,503,2,-6.631905429959088e-13,5.7467377731490465e-09
0.007519962940739569,503,2,-1.145093253481248e-14,1.0746977985309769e-07
0.0075299901782128744,503,2,1.6184927446282187e-13,-3.9448455946278216e-08
0.007539978725632402,503,2,3.5152746531252714e-14,1.3709341630668836e-09
0.007549964841706514,503,2,1.539184776608673e-13,5.128371399765186e-08
0.007559966214083071,503,2,6.214751969475666e-13,3.1614351914122096e-08
0.0075699912721043676,503,2,8.084201185673589e-13,2.3363266876685884e-10
0.007579967190150209,503,2,1.1259441153683904e-12,4.1514807869180714e-08
0.007589967957976571,503,2,1.2850995969953226e-12,-1.0386688217844942e-08
0.007599989399646848,503,2,1.109171006316535e-12,-1.635218777051861e-08
0.007609994161680655,503,2,1.320098761206645e-12,3.4088723371850094e-08
0.007619973106125884,503,2,1.752396994604121e-12,2.268890414436342e-08
0.007629997163950928,503,2,1.492495341385929e-12,2.568428447702331e-08
0.007639975774411478,503,2,2.020105240583322e-12,1.1184120102258888e-08
0.007649988272634897,503,2,1.5869274701962735e-12,-7.399762924631403e-08
0.007659993327525552,503,2,1.2061101976437228e-12,3.3160880263949366e-08
0.0076699772056735265,503,2,1.4732879517584976e-12,-2.349513233967926e-08
0.0076799806786752274,503,2,1.5020242011563921e-12,1.6483019338320304e-08
0.00768996271722455,503,2,1.2048329846146453e-12,-1.0314981951919933e-08
0.00769995904395316,503,2,1.6412870953823322e-12,5.558150467654954e-08
0.00770999504696977,503,2,1.5766850004143417e-12,-2.0093464281334406e-08
0.007719999631724893,503,2,1.452085203652604e-12,-6.765775317774114e-08
0.0077299875952706815,503,2,1.1168377488557542e-12,2.638433531376716e-08
0.007739985374075151,503,2,8.301220970926941e-13,-9.316577423423844e-08
0.007749961451947057,503,2,1.9632354146233502e-13,-1.2196916782114542e-08
0.0077599873006954055,503,2,5.200871861405247e-13,1.5156218780010278e-08
0.007769967652442747,503,2,3.355956802058614e-13,-4.703906836267535e-08
0.007779963289498407,503,2,-3.4691133226163497e-13,-3.3390399445387686e-08
0.007789965700101399,503,2,-4.4280921770588517e-13,-1.866983989629034e-08
0.0077999708907684215,503,2,-6.200967846571159e-13,-5.4554896100622585e-08
0.007809991702906979,503,2,-9.656143242040439e-13,4.4950040134494884e-08
0.007819981703892134,503,2,-6.713663404779666e-13,1.9424362118769523e-10
0.0078299966939969,503,2,-4.751120964751124e-13,6.62284897479104e-08
0.007839982616107523,503,2,3.1525894430271297e-13,3.997345854322987e-08
0.007849978197684258,503,2,5.937654204033957e-14,-1.831743312585843e-08
0.007859989157165834,503,2,6.875520931672735e-14,-1.0624860588559493e-08
0.007869984231473868,503,2,-6.1082381692815e-14,-7.580398309059433e-09
0.007879984445131633,503,2,3.498978247439867e-13,7.104266963597894e-08
0.007889982485346805,503,2,4.146041301754779e-13,-5.908823841327404e-08
0.007899970982648837,503,2,-2.549290243285913e-13,-4.429980357545382e-08
0.007909987238536996,503,2,-6.598221911202759e-13,-3.868428671838231e-08
0.00791997557594777,503,2,-4.187002256543374e-13,6.261091328729762e-08
0.007929966085572558,503,2,-1.3781411213229736e-13,-6.051445455845794e-09
0.007939965306455615,503,2,-3.5229783838992314e-13,5.574037863220749e-09
0.007949999662666022,503,2,3.946421877167646e-14,2.0877324619084092e-08
0.007959977234177688,503,2,3.773671269403662e-13,7.300810739296892e-08
0.007969970778968001,503,2,5.334872947999328e-13,-3.5246769336527706e-08
0.007979968376253834,503,2,-2.88203356714695e-13,-7.463291756826251e-08
0.007989991036745086,503,2,-5.512255453791418e-13,-6.543464103891949e-10
0.007999962384108236,503,2,-4.763171533085121e-13,-6.191669371657937e-09
0.008000006831550933,503,2,-4.76605876347045e-13,-6.496576887560224e-09
0.0,504,1,0.0,0.0
9.989961021512745e-06,504,1,-1.4849629852272288e-19,-1.2186931403530192e-13
1.9992043388314044e-05,504,1,-7.810007304178307e-14,-5.862416942170601e-08
2.998154396983048e-05,504,1,-4.496857286814304e-12,-5.068678941982929e-07
3.996706428926499e-05,504,1,4.2941536749763865e-12,2.3402206049683016e-06
4.9977073299739135e-05,504,1,4.1954034945972004e-11,4.959984303970488e-06
5.999080644949294e-05,504,1,9.126146001402923e-11,3.5736048272574927e-06
6.995577857517775e-05,504,1,1.0260013164195889e-10,3.6781218171189067e-07
7.997976092856483e-05,504,1,9.881740316190562e-11,-2.1559132177273455e-06
8.999023881127192e-05,504,1,6.937460186125146e-11,-8.787970141033163e-07
9.999120661247908e-05,504,1,6.752605414525647e-11,-7.273302952137684e-07
0.00010998802936081757,504,1,4.4652533010496693e-11,-3.4509891798650827e-06
0.00011998443754741915,504,1,-2.5133163304995494e-12,-3.883340155774739e-06
0.00012998021736421595,504,1,-2.7316497140986683e-11,-3.0849259495813186e-06
0.00013997582428984024,504,1,-3.780726969828622e-11,-2.5826828691302706e-08
0.00014999257578972945,504,1,-5.726733398202146e-11,-5.232434660995544e-06
0.00015999360761981914,504,1,-1.0245694950680425e-10,-1.379324575223606e-06
0.00016996677216290113,504,1,-1.1483583325927341e-10,-1.2973855452735883e-06
0.00017999252641565756,504,1,-1.4105107397832314e-10,-2.400123192303205e-06
0.00018999308490903147,504,1,-1.7242701475070517e-10,-4.489185241096649e-06
0.0001999567280807932,504,1,-2.088396702614034e-10,-1.0606968731952104e-06
0.00020998283113449233,504,1,-2.2042201110140588e-10,-3.2854709992972964e-06
0.00021999218307440147,504,1,-2.4606543847860776e-10,-2.4175780957702564e-06
0.00022999777759454492,504,1,-2.4190186804346186e-10,2.83058935027225e-06
0.00023997177696874117,504,1,-2.156096427495557e-10,3.480698155589046e-06
0.0002499786197993587,504,1,-1.811369513719319e-10,1.7690348731724814e-06
0.0002599681581316944,504,1,-1.6415720212060439e-10,4.764768717691048e-06
0.0002699738991410829,504,1,-1.4375176823368512e-10,-5.0713989147022076e-08
0.0002799995673440711,504,1,-1.3650070558189533e-10,-3.205404463524353e-07
0.00028997925184033916,504,1,-1.3815154582656492e-10,-6.041030184977814e-07
0.00029996847699488365,504,1,-1.5795282584055853e-10,-1.4840377620117806e-06
0.00030999245089309926,504,1,-1.8546047849039328e-10,-2.065337631251829e-06
0.0003199568713655011,504,1,-1.9798037399754425e-10,-2.037772152296835e-06
0.0003299560514831476,504,1,-2.0905482913898855e-10,2.327579391447898e-06
0.00033998257775922535,504,1,-1.8284020119067792e-10,1.6616711118189187e-06
0.00034999508288619874,504,1,-1.6715920237353379e-10,-1.2323667448466136e-06
0.0003599730365147739,504,1,-1.8870849024035796e-10,-1.9044522747702075e-06
0.00036996789073153146,504,1,-1.9767384282990807e-10,1.5762345756398233e-06
0.00037997066386399344,504,1,-1.8786560160169788e-10,-1.0245163810304603e-06
0.00038996051971769744,504,1,-1.932453795236693e-10,1.1356964207329123e-06
0.0003999959653119283,504,1,-1.8580049712592795e-10,-1.8286303176684449e-06
0.0004099650516530841,504,1,-2.1650434334327846e-10,-2.066302699832434e-06
0.00041998149695313813,504,1,-2.0109417806619088e-10,3.445926161749213e-06
0.00042997783813852837,504,1,-1.754697706850706e-10,4.686210730797669e-06
0.0004399826335932183,504,1,-1.4677858287245795e-10,6.470775880673685e-07
0.00044995611321564996,504,1,-1.3505750203369072e-10,2.962688385288459e-06
0.00045999208083552084,504,1,-9.756874973414014e-11,5.302220394187707e-06
0.0004699576675885509,504,1,-5.4347714791513034e-11,2.8795323711583443e-06
0.0004799734538236568,504,1,-1.8499996514228937e-11,1.868232350342447e-06
0.0004899773262599515,504,1,1.1709258779593612e-13,3.819429762186299e-06
0.0004999948446451585,504,1,3.464906695775324e-11,1.1339731014192722e-06
0.0005099888774020678,504,1,3.919361275822207e-11,5.337574557617852e-07
0.0005199581163766662,504,1,4.6718995269916675e-11,2.574603243377105e-06
0.0005299594725546438,504,1,7.25062343488286e-11,1.4657463387468539e-06
0.0005399610257029467,504,1,4.92880886911938e-11,-5.337497292312587e-06
0.000549997561552946,504,1,1.6426294364782625e-11,-1.2010714274257595e-06
0.0005599780568693812,504,1,1.9760686369960393e-11,-3.173711913273536e-07
0.0005699716516408677,504,1,-1.4031695093628992e-11,-3.2756858827087676e-06
0.0005799804737262408,504,1,-3.528135658009224e-11,-3.2252086168416128e-06
0.0005899891484605743,504,1,-6.738996969240191e-11,4.402365250677498e-07
0.0005999957831306825,504,1,-2.8936593188964496e-11,3.7883357905700576e-06
0.0006099630404516961,504,1,-1.2863926642365354e-11,1.9500199233135618e-08
0.0006199734262473491,504,1,5.83384541176248e-12,5.436553988658055e-06
0.000629980081594427,504,1,5.1555337981319584e-11,3.1960824424803747e-06
0.0006399702290639075,504,1,9.28978339329175e-11,2.6759820650479327e-06
0.0006499753927367723,504,1,9.01631985828562e-11,-1.395236548962231e-06
0.0006599828886209325,504,1,7.683353040306923e-11,-1.1387937737250553e-06
0.0006699829636183788,504,1,7.23756449601742e-11,-1.732743366745712e-06
0.0006799933337324186,504,1,3.7960981749782675e-11,-3.884807618426134e-06
0.0006899675594927731,504,1,3.299841869479521e-11,2.098675875084055e-06
0.0006999566791805224,504,1,5.846011702341242e-11,4.06763532212473e-06
0.0007099584768489616,504,1,1.0687002362707795e-10,4.614145286074844e-06
0.0007199725007497685,504,1,1.3013166484329448e-10,1.386565818550789e-06
0.0007299613525878762,504,1,1.1315086609104026e-10,-5.438807999580408e-06
0.0007399900911148834,504,1,9.111573951256112e-11,-8.576987953201609e-08
0.0007499899424045427,504,1,8.604346563316403e-11,1.1538669054955708e-08
0.0007599752199016432,504,1,1.2250579393415732e-10,5.565583068189994e-06
0.000769979653422755,504,1,1.5526035477078388e-10,-1.1289961904248358e-07
0.0007799714476631343,504,1,8.517662611470453e-11,-1.0417785677230285e-05
0.0007899882017718372,504,1,2.8988785784540057e-11,-6.685282366136747e-06
0.0007999894016024467,504,1,6.257451899845633e-13,6.142090782784715e-07
0.0008099743756207648,504,1,3.721331626367359e-12,4.110429433712426e-06
0.0008199895440748132,504,1,5.495848644476416e-11,2.9584551036188067e-06
0.0008299581994323049,504,1,6.831059171417226e-11,-1.0664598670828696e-07
0.0008399896869195143,504,1,7.764402110892275e-11,2.650321325958771e-06
0.0008499654877961996,504,1,1.0836709487930824e-10,3.5992874922322407e-06
0.0008599657983571072,504,1,1.7582029514478896e-10,9.175444854792048e-06
0.000869974189158615,504,1,2.6048055924124576e-10,5.70739789040875e-06
0.0008799904944519329,504,1,2.996872020970308e-10,2.9363765701798106e-06
0.0008899722043754963,504,1,3.1755865684713214e-10,6.763447396168631e-07
0.0008999634188782872,504,1,3.050965035217854e-10,-1.1835535886906001e-06
0.0009099728035892673,504,1,3.0257792887173566e-10,1.310374593166408e-06
0.0009199644112581268,504,1,3.264881915168716e-10,8.730350516961138e-07
0.0009299654750173452,504,1,3.6097966694785544e-10,1.2066234937879727e-06
0.0009399667116566871,504,1,3.4921477774123907e-10,-4.122825099872607e-06
0.000949993153366058,504,1,3.424309856530543e-10,2.0480816842471938e-07
0.0009599776261818661,504,1,3.145574878858897e-10,-3.775867674346567e-06
0.0009699958165689663,504,1,2.527520071899823e-10,-9.432790690766524e-06
0.0009799642605983281,504,1,1.524136255165497e-10,-1.0035535779717719e-05
0.0009899666686108526,504,1,8.772235899918296e-11,-5.652055140137335e-06
0.0009999658808187348,504,1,6.056104029990728e-11,-1.6173310145584097e-06
0.0010099702017673457,504,1,4.113889951081178e-11,1.0902846417637502e-06
0.0010199673356959494,504,1,6.12319205688344e-11,-6.472517677380552e-07
0.0010299958828595638,504,1,3.4184787721494624e-12,-8.657523798305533e-06
0.0010399715912952755,504,1,-6.298156264171714e-11,-4.17306120104044e-06
0.0010499598083871873,504,1,-8.174052971116161e-11,-1.3775880647326488e-06
0.0010599560419078558,504,1,-9.378813686032714e-11,4.012606416928244e-07
0.001069971167556783,504,1,-9.101993899355415e-11,2.3580006779377882e-06
0.0010799904971131116,504,1,-6.749770896355878e-11,9.217610188461123e-07
0.0010899580585454322,504,1,-7.295970419954182e-11,-1.734420877141929e-06
0.001099995097200793,504,1,-5.965172321416713e-11,3.016320495596858e-06
0.0011099605620624017,504,1,-3.122269372164482e-11,1.6836090943606052e-06
0.0011199778366987173,504,1,-1.489716234756317e-11,9.375474473438672e-07
0.0011299999004189144,504,1,-1.568451310263218e-11,-2.1960659293274176e-06
0.0011399688574877478,504,1,-3.5358212478785525e-11,-3.9656206705929176e-07
0.00114999104053655,504,1,-5.850313490284574e-11,-3.049338562322035e-06
0.0011599749759054815,504,1,-7.094725087842114e-11,-1.0391205007564963e-07
0.0011699767987091371,504,1,-7.80419648176156e-11,-1.999994166168584e-06
0.0011799851497623372,504,1,-1.106561526911516e-10,-2.7857315938739635e-06
0.0011899589811022926,504,1,-1.7906906881783036e-10,-6.285394559712998e-06
0.0011999954661071714,504,1,-2.146173238312763e-10,-1.263928961492411e-06
0.0012099633255643625,504,1,-2.1273911667387454e-10,-8.807817165612519e-07
0.001219957314258476,504,1,-2.5905750736579785e-10,-4.640659916788081e-06
0.001229972834827589,504,1,-2.599168382014542e-10,1.1470412168493316e-06
0.0012399578590630244,504,1,-2.6557250466124373e-10,-1.092287828241556e-06
0.0012499675495489986,504,1,-2.5221173239486526e-10,1.043498776609475e-06
0.0012599568785764768,504,1,-2.731292077679274e-10,-4.51817938440513e-06
0.0012699664231770695,504,1,-2.8776575894851227e-10,2.3572467150456689e-07
0.0012799807341562824,504,1,-3.082030529361979e-10,-2.2067976794826194e-06
0.0012899597591071081,504,1,-3.070302501145426e-10,2.4825691639779324e-06
0.001299986675857092,504,1,-2.49804185651248e-10,6.418839737953874e-06
0.0013099848057680256,504,1,-2.24388903305125e-10,-1.0961364883821378e-07
0.0013199736548793655,504,1,-2.1909798423507074e-10,7.391558302649592e-07
0.0013299822310088466,504,1,-2.0336062166365944e-10,4.140889379500301e-06
0.0013399713214551755,504,1,-1.731702894755137e-10,2.2372785697388764e-06
0.00134996429524554,504,1,-1.4197447689332735e-10,3.6397560083667457e-06
0.001359974641634749,504,1,-1.1790510779621961e-10,-3.762782983529611e-07
0.0013699800802793275,504,1,-1.3729382497692458e-10,-2.809171252754483e-06
0.0013799694917800399,504,1,-1.6098560693197797e-10,-1.3353448666819645e-06
0.00138997241891667,504,1,-1.6440004656822615e-10,2.244786796782444e-06
0.0013999902988138808,504,1,-1.6350773376038168e-10,-1.995307231661414e-06
0.0014099770974287595,504,1,-1.749417100982767e-10,-6.949185450411122e-07
0.0014199643077242696,504,1,-1.6795454436268785e-10,1.0378528528809383e-06
0.001429965001313615,504,1,-1.4222613683295953e-10,3.89005644374496e-06
0.001439978580402546,504,1,-1.1136441238851578e-10,1.1109148954288606e-06
0.0014499934135066034,504,1,-1.3723771646756574e-10,-1.3863083810905508e-06
0.0014599848922581238,504,1,-1.4088271736413744e-10,-7.911785890879486e-07
0.0014699826767232574,504,1,-1.6553671573684564e-10,-2.218952008581354e-06
0.0014799556062961275,504,1,-1.7161935492382907e-10,-5.71668628268629e-07
0.0014899566844938142,504,1,-1.8109072647329435e-10,1.145999701402528e-06
0.0014999967921634487,504,1,-1.6042473165861493e-10,2.2453470288619215e-06
0.0015099576959541085,504,1,-1.1842383550633826e-10,5.8059094181217574e-06
0.001519989648142698,504,1,-6.865866568724543e-11,4.741384291184758e-06
0.0015299694516815677,504,1,-3.649959373743037e-11,1.8163807880555716e-06
0.001539989840410008,504,1,-6.692237030446577e-12,3.899798043771607e-06
0.0015499845632675228,504,1,3.9414428446666124e-11,5.253831055318514e-06
0.00155996167363527,504,1,8.806035561037144e-11,3.117079258929678e-06
0.0015699620344369163,504,1,1.0638824800372195e-10,-3.955249716636189e-07
0.0015799825530535185,504,1,8.046820149398587e-11,-3.4295431587949565e-06
0.001589998112228593,504,1,6.476395063310513e-11,-1.0725651080623066e-06
0.0015999618879190937,504,1,8.820855138944505e-11,5.624271917303858e-06
0.001609985878875884,504,1,1.2295004375670077e-10,3.1092783018826786e-06
0.0016199795012749702,504,1,1.3440829810190756e-10,-6.590440997378266e-07
0.0016299952643993435,504,1,1.194347936268734e-10,-3.0710611885753636e-06
0.0016399765803374212,504,1,8.372840724545571e-11,-4.902125957995107e-06
0.0016499971999057292,504,1,5.7040497255163053e-11,-1.9206265371718434e-06
0.0016599592000508241,504,1,5.002310691745623e-11,6.746127173239136e-07
0.0016699850782126169,504,1,7.690604978275784e-11,2.178881813197364e-06
0.0016799591029450587,504,1,7.936028265139307e-11,-2.463995698157029e-06
0.0016899912409734483,504,1,3.457077717373475e-11,-4.421506655916119e-06
0.0016999711866510561,504,1,8.704243552699008e-12,3.8151603137803747e-07
0.0017099890935931767,504,1,-2.0992775202774644e-14,-1.5491059127958895e-06
0.0017199842058484868,504,1,-2.691663378119667e-12,1.0149274042026146e-06
0.0017299700066734725,504,1,1.6934169237836226e-11,2.8456248254982164e-07
0.0017399988872449053,504,1,2.2054190432232675e-11,2.3453691562203005e-06
0.00174998548405672,504,1,5.5648794318967744e-11,2.6213726842527763e-06
0.0017599911249635096,504,1,5.331841172457989e-11,-2.382379929888323e-06
0.0017699644322331331,504,1,5.2870307768295224e-11,9.762778023780783e-07
0.0017799833496972783,504,1,4.9137815920417913e-11,-1.6895868638067135e-06
0.0017899751569559934,504,1,2.4369515479465316e-11,-3.89381321175275e-06
0.0017999750671708237,504,1,-3.200538706605335e-11,-4.493182092724091e-06
0.0018099656639713377,504,1,-3.901686656729688e-11,3.014316019678276e-06
0.0018199608746322167,504,1,2.057956488733673e-11,5.662840542403069e-06
0.0018299962293289675,504,1,6.051957595682627e-11,3.824810627106601e-06
0.0018399939108237624,504,1,7.109261098854603e-11,1.0021419893924133e-07
0.0018499643565681202,504,1,7.40375965220595e-11,-2.065196051226348e-06
0.001859968540797818,504,1,4.482240193424709e-11,-3.637528723787753e-06
0.001869999360236389,504,1,-2.1626565915726945e-12,-4.0078120021602714e-06
0.0018799855178169224,504,1,-5.525320547706473e-11,-4.3754000941254034e-06
0.0018899824686351974,504,1,-8.351129871486641e-11,-1.622385177785235e-06
0.0018999688812909043,504,1,-6.404714267457858e-11,3.4815710211466566e-06
0.0019099731049039086,504,1,-3.648979912954304e-11,1.8176448313145244e-06
0.0019199777923854333,504,1,-5.4702408594731406e-11,-2.7313375766668813e-06
0.0019299750326173368,504,1,-5.768103583067867e-11,2.8002557088679936e-06
0.0019399892912366989,504,1,-1.0657929132475022e-11,3.98177860638782e-06
0.0019499778420350884,504,1,7.707855072247843e-12,8.332085541518097e-07
0.0019599927968355544,504,1,1.555470632668126e-11,7.6368172063912e-07
0.0019699674488002435,504,1,1.5629149335133746e-11,6.789817910690665e-08
0.0019799664640804933,504,1,3.5575254039561886e-11,2.027559870221296e-06
0.001989965194383709,504,1,3.346772196806706e-11,1.4448570415104278e-07
0.001999988546064914,504,1,2.0459551607965917e-11,-2.017676269949753e-06
0.002009994633218821,504,1,1.662628023403395e-11,5.623296439605241e-07
0.0020199843076899957,504,1,3.5346742351637095e-11,2.5025624317276396e-07
0.0020299764806285645,504,1,1.8679825054661054e-11,-1.9993754238889494e-06
0.002039971510100887,504,1,5.218070712933315e-13,-1.0754342306129594e-06
0.0020499851170852467,504,1,-7.395478069456736e-13,6.960197551642011e-08
0.0020599798170726474,504,1,1.5590353518531077e-11,4.136057494719125e-06
0.002069983527623644,504,1,5.5528771361398476e-11,2.634725153827233e-06
0.0020799726396303945,504,1,7.632791153239042e-11,-7.904865440000464e-07
0.00208998828091631,504,1,5.036878441917525e-11,-3.8139697593475574e-06
0.002099960695316437,504,1,-3.1955704833034997e-12,-3.639490408380297e-06
0.0021099569615075624,504,1,1.4327550195317542e-11,5.8103041109536235e-06
0.0021199732712319213,504,1,9.171970305548946e-11,7.828118349983981e-06
0.0021299680703956545,504,1,1.136021659432925e-10,-2.681985095093209e-06
0.002139995320785377,504,1,1.1241115538949444e-10,3.55502090876314e-07
0.0021499764219865022,504,1,8.331056997696804e-11,-3.2214415783271555e-06
0.0021599568904996183,504,1,5.27101214916172e-11,-1.9094449851264628e-06
0.00216996056612999,504,1,6.343014782579474e-11,3.897319208245875e-06
0.0021799808111731527,504,1,1.1262587135016334e-10,5.344577649335491e-06
0.0021899674700162188,504,1,1.401087319351669e-10,1.035763483314689e-06
0.002199956944858223,504,1,1.4570811046707866e-10,-1.9200575762656769e-07
0.0022099594802748325,504,1,1.480377247856427e-10,-1.0447585443960905e-06
0.002219960109732291,504,1,1.0887152822065121e-10,-5.629668146239775e-06
0.00222997330339741,504,1,5.2604998976920215e-11,-5.392744617749301e-06
0.0022399795506986573,504,1,1.8322933275483457e-11,2.0773710041332993e-06
0.0022499847016867664,504,1,4.765228620021351e-11,-2.2709613861637834e-07
0.0022599966361363855,504,1,2.653049913819202e-11,-3.318494313120368e-06
0.0022699726010188934,504,1,-1.5598445896820357e-11,-4.090025733649583e-06
0.0022799730230051783,504,1,-3.6352952983792974e-11,1.2904543404967939e-06
0.002289961888919968,504,1,6.760141517140532e-12,5.564390384682483e-06
0.0022999862878289507,504,1,-1.5477334095338052e-11,-5.998089553482799e-06
0.002309997801497285,504,1,-7.514921904840143e-11,-7.546015783788107e-06
0.002319972401179661,504,1,-1.1720385792668648e-10,-1.067828572385611e-06
0.0023299749916493783,504,1,-1.1143929400418088e-10,2.092317098301155e-06
0.002339963899198567,504,1,-1.1368280843331979e-10,-3.176712301877771e-06
0.0023499854099363884,504,1,-1.329614779551052e-10,1.6382957959137912e-06
0.0023599643631998686,504,1,-1.4700012399422287e-10,-2.3169869703687507e-06
0.0023699582888794955,504,1,-1.660502603202229e-10,-2.8975173699263834e-06
0.0023799969164151912,504,1,-1.7290931460614035e-10,2.0481751316081542e-06
0.002389999360669749,504,1,-1.226645724081957e-10,4.180314300938903e-06
0.0023999861354865866,504,1,-1.248451400853029e-10,-3.7959672242737774e-06
0.002409998648478418,504,1,-1.3785674298882455e-10,1.1958910547393842e-06
0.002419975314626342,504,1,-1.1819407536977624e-10,1.5622982502128124e-07
0.00242999777759559,504,1,-1.1316361220217296e-10,2.948228324251012e-07
0.002439980206408675,504,1,-1.3652318792340464e-10,-2.1303800021854613e-06
0.0024499882859080756,504,1,-1.527885759263544e-10,-2.543733640281154e-06
0.002459968817885451,504,1,-2.0523332178553266e-10,-5.105653304582347e-06
0.0024699800815520226,504,1,-2.2838489670810478e-10,9.25201664725428e-07
0.002479985634592174,504,1,-2.0211225343358136e-10,-4.419618614970311e-07
0.0024899946162147495,504,1,-2.0338313903845145e-10,4.351286382597852e-07
0.0024999673900585806,504,1,-1.954964039840878e-10,2.1295119113085015e-06
0.002509994416373522,504,1,-2.011756293439338e-10,-9.057072639095942e-07
0.002519984821243666,504,1,-1.7438858336711865e-10,1.3562709585968058e-06
0.0025299979662083026,504,1,-1.5845855094780365e-10,4.147274366789189e-06
0.0025399737370046405,504,1,-9.787036121583405e-11,5.066756984639653e-06
0.002549962943706849,504,1,-5.440070814069671e-11,6.408862040618857e-06
0.002559987272755071,504,1,-4.497792336331536e-11,-4.8214582447636545e-06
0.0025699659481242428,504,1,-6.245679327047298e-11,-1.226086624256384e-06
0.002579994484637053,504,1,-4.044071689327032e-11,3.869621481022989e-06
0.0025899940073215322,504,1,-2.4709350583289108e-11,-1.2780713228299767e-06
0.002599982692719946,504,1,-2.1879586308009994e-11,3.3852612987272934e-06
0.0026099583410498137,504,1,-2.0026054040289632e-11,-1.548774799187136e-06
0.0026199908534473193,504,1,-4.6354637013893644e-11,-3.862650841957027e-06
0.0026299760523095877,504,1,-8.967161148549282e-11,-4.991796219266931e-06
0.002639963377767787,504,1,-1.2047639020304826e-10,-2.117231296880351e-06
0.0026499887386907004,504,1,-1.1277999795313671e-10,3.358857089796885e-06
0.002659993444675745,504,1,-1.184507995432172e-10,-5.780361465701489e-06
0.0026699594477339783,504,1,-1.772945429248489e-10,-1.3434161134640021e-06
0.0026799593693022797,504,1,-1.7489056690621905e-10,-1.0014456053308862e-06
0.0026899901993603158,504,1,-1.7714132466645563e-10,2.6374738756329563e-06
0.00269998736849525,504,1,-1.2764859002169053e-10,5.722638001262603e-06
0.0027099564543407117,504,1,-8.646847536489081e-11,3.3491653705919333e-06
0.0027199638333857924,504,1,-7.175013010555305e-11,2.4439926781250065e-06
0.0027299630282449096,504,1,-4.27900642470272e-11,1.5816918566002869e-06
0.0027399918897720262,504,1,-1.5665415592871525e-11,3.885528981228958e-06
0.0027499991272805194,504,1,2.3210538214178157e-11,6.631585595107126e-07
0.002759965226510916,504,1,-3.5368392310481007e-12,-5.300578550360147e-06
0.0027699799082271143,504,1,-4.831655989506105e-11,-1.599376586142176e-06
0.002779970536157839,504,1,-5.3982782242069567e-11,-3.325926708486193e-07
0.0027899670463153404,504,1,-4.655016487971038e-11,2.348818050557089e-06
0.002799996203365536,504,1,-1.8303045721152237e-11,3.4305008955737293e-07
0.002809997833640168,504,1,-2.986158989894995e-11,1.1598005166812975e-06
0.002819967008977856,504,1,7.816416472948041e-12,2.6373499707466053e-06
0.0028299625308132867,504,1,1.947221094626304e-12,-8.846035195464452e-07
0.0028399829465466557,504,1,-1.141198915660007e-11,7.666874690670511e-08
0.0028499720052161245,504,1,1.9628728958298152e-11,4.979145900918525e-06
0.002859993355102407,504,1,5.337310202295823e-11,3.754678521358801e-07
0.00286996652586216,504,1,5.1048955400324544e-11,-5.011588518830101e-08
0.0028799708610538098,504,1,2.1470005307887223e-11,-2.642409124037348e-06
0.002889995639778524,504,1,6.537458591574581e-12,-2.1383746666714387e-06
0.002899980473333962,504,1,-1.5309464071087357e-11,-1.8188383849038203e-06
0.002909978057514456,504,1,-6.445360014139374e-11,-3.8066983793771936e-06
0.0029199887633107307,504,1,-8.830486277604536e-11,-3.390221735150023e-06
0.002929991954553023,504,1,-1.2204346281184398e-10,-5.678607959413995e-07
0.0029399764697640284,504,1,-8.78190171847888e-11,2.8488237352464196e-06
0.002949998184656102,504,1,-5.99830426620913e-11,3.0797622481704146e-06
0.002959979252006029,504,1,-2.442536471542714e-11,3.25067469392204e-06
0.002969980736582091,504,1,2.7619952528703477e-12,2.3971332467342954e-06
0.0029799930482495057,504,1,1.301177537637037e-11,-6.042975692066577e-07
0.0029899731213205967,504,1,3.660795374588297e-11,4.470656555288777e-06
0.002999972572662621,504,1,9.197426929560674e-11,6.376335083158047e-06
0.003009966234808012,504,1,1.645737226983984e-10,6.492057225193637e-06
0.003019993492019316,504,1,1.8997208841759513e-10,1.1936932364786657e-06
0.0030299923285373176,504,1,1.8227588615717365e-10,-1.917985545975276e-06
0.003039985271719881,504,1,1.4584794919971313e-10,-5.255161298456379e-06
0.0030499910953431784,504,1,1.0748467586013297e-10,-2.9977298524608287e-06
0.003059964952357777,504,1,6.209014599430735e-11,-3.865992450391431e-06
0.003069994740587669,504,1,5.554154740498147e-11,4.1789260628588565e-06
0.00307995931289467,504,1,1.2256599050234642e-10,6.652600572421008e-06
0.0030899847747873333,504,1,1.3256162111746888e-10,-2.7847781649548153e-06
0.00309997082118476,504,1,1.1688915171712163e-10,-3.2626590324991156e-06
0.0031099691440506253,504,1,1.0286717935258758e-10,-3.1108431024495786e-06
0.003119998919780487,504,1,1.0262511933497849e-10,4.118093896332553e-06
0.0031299647571994,504,1,1.6349836551499868e-10,4.934665691291862e-06
0.0031399993771487637,504,1,1.6280683494873573e-10,-5.810387270432926e-06
0.0031499598328533266,504,1,1.3017352543177635e-10,1.5843959956240994e-06
0.00315999109527504,504,1,1.4620327475398489e-10,2.0034392971268744e-06
0.003169982639720877,504,1,1.4564839483742075e-10,-1.896444128068886e-06
0.0031799856317141556,504,1,1.5337524291250421e-10,1.237539566933954e-07
0.0031899737695395883,504,1,1.357991556323059e-10,-2.6198264355958845e-06
0.0031999917316139974,504,1,1.532641324576288e-10,6.354066433011951e-06
0.003209996339448164,504,1,1.4266459660085577e-10,-4.826103249033764e-06
0.003219965161145989,504,1,1.1658158303746308e-10,-6.672597183454698e-06
0.0032299581354244193,504,1,9.25859082733264e-11,4.043206284221057e-06
0.003239970433001811,504,1,1.3612000070129752e-10,5.375619838821066e-06
0.0032499679490677596,504,1,1.2877126094764085e-10,-5.001988108821465e-06
0.0032599571624250044,504,1,8.117815841328932e-11,-3.202173609384573e-06
0.0032699997190781685,504,1,6.367333883355874e-11,1.0740349835058893e-06
0.00327997660839436,504,1,6.702164397704086e-11,4.8137728065333896e-06
0.0032899765442371623,504,1,1.2907650927710215e-10,3.0585648942427213e-06
0.0032999730807222838,504,1,1.392533514528064e-10,1.03541250734418e-06
0.003309977879925228,504,1,1.4690096638294924e-10,-5.088235677241926e-07
0.003319972582669815,504,1,1.2009566865792424e-10,-4.185428607916819e-06
0.003329965863041504,504,1,5.350921801529633e-11,-7.197144435755476e-06
0.0033399809040717365,504,1,1.0505338848215229e-11,-2.7446384271989643e-06
0.0033499906507562763,504,1,-1.886255073237585e-11,-3.935917463671057e-06
0.0033599958270293805,504,1,-6.13814597226806e-11,-3.471661037313112e-06
0.003369960269393244,504,1,-9.06441418777569e-11,-2.0229897383927664e-06
0.0033799722574691634,504,1,-6.591860592802552e-11,4.535779557834907e-06
0.0033899916558431486,504,1,-4.789568248980041e-11,1.0840500636599693e-06
0.003399995227773425,504,1,-4.738577582145205e-11,-2.484332905394737e-06
0.0034099763881091085,504,1,-6.628689445758139e-11,-2.3566721878420793e-06
0.003419990288270649,504,1,-8.745612480059615e-11,-1.660011913817705e-06
0.0034299796669928205,504,1,-8.694782234149913e-11,1.7653646272042245e-06
0.003439982401248543,504,1,-5.051058125227345e-11,4.891978975241074e-06
0.003449974731003177,504,1,-5.8096011393271845e-11,-6.468615586951998e-06
0.0034599728513892945,504,1,-1.1270384297590134e-10,-6.565748221665224e-06
0.003469973705488485,504,1,-1.7377962908743036e-10,-3.192022576647968e-06
0.0034799853355285764,504,1,-2.2243144922240356e-10,-3.5398386615259625e-06
0.003489970909260417,504,1,-2.13171571859089e-10,-4.6507875464674164e-07
0.003499988732211183,504,1,-2.2165218221774623e-10,2.079254156017729e-06
0.003509987757324931,504,1,-2.1112190251912745e-10,7.948205378305317e-07
0.003519996837758516,504,1,-1.8956861712435442e-10,4.311688497460331e-06
0.0035299840719765444,504,1,-1.4247827909348067e-10,4.380741163156898e-06
0.003539999247022662,504,1,-9.761453638809517e-11,3.799741438603732e-06
0.0035499750470102814,504,1,-5.468884611663227e-11,4.274509884050204e-06
0.003559987345307009,504,1,-2.1696684505040408e-11,2.7333594168066355e-06
0.003569991342151219,504,1,-5.718468137100199e-12,1.5007140632405935e-06
0.00357999935868398,504,1,-5.086248457659786e-12,-6.863589079308952e-07
0.0035899827101628138,504,1,1.435159695416439e-11,5.153696454707202e-06
0.003599989507754609,504,1,5.2904683038530785e-11,9.75533289926389e-07
0.003609987609753006,504,1,7.055441605572591e-11,-2.148757429765169e-07
0.0036199706403360955,504,1,4.333458629234661e-11,-3.0845311938532127e-06
0.00362998239784877,504,1,1.79381441849731e-11,-2.0802474984538133e-06
0.003639959160008169,504,1,-4.4503239763867605e-12,-4.609445359071707e-06
0.003649955457475156,504,1,-1.521991231572613e-11,5.3574716931681365e-06
0.003659999069154944,504,1,1.9859184094287233e-11,-1.0448195270074123e-06
0.0036699606504969565,504,1,3.6430997070658515e-11,1.7788660261475187e-06
0.0036799600199480973,504,1,6.231125511402258e-11,1.0104909842212351e-07
0.0036899913764507465,504,1,5.351511612085443e-11,-5.895841916903066e-07
0.003699982913942179,504,1,3.614276026461273e-11,-8.473686292642668e-07
0.0037099757384516734,504,1,3.8040583236317784e-11,-1.7814403464599948e-06
0.0037199943889358097,504,1,5.827798719102437e-12,-6.979475901669474e-07
0.003729962389202568,504,1,3.0768041792407995e-11,2.139484343577358e-06
0.003739976717589097,504,1,5.409779572820416e-11,2.0769248221252923e-07
0.003749962843021728,504,1,4.902281735392165e-11,-1.8552345473488163e-06
0.003759981563887964,504,1,2.5544112432099395e-11,-2.7917014729095246e-06
0.0037699657838864884,504,1,2.840546266084931e-13,-2.2486119809483895e-06
0.003779989481127052,504,1,-4.161576566174879e-11,-4.320516273415009e-06
0.003789992714413908,504,1,-4.4341851889638734e-11,5.401057650455954e-06
0.003799958127050029,504,1,5.32047207330087e-12,1.8998683473936406e-06
0.0038099628048722306,504,1,3.71171507903569e-11,3.361321105233017e-06
0.003819965322099062,504,1,5.950256597223025e-11,2.288809574424455e-06
0.0038299977230396107,504,1,6.84760954180536e-11,-1.5207756452750854e-06
0.003839982251655563,504,1,1.5541416856988966e-11,-7.029992603602153e-06
0.0038499999632941144,504,1,-2.7299226223895462e-11,-2.075083807340228e-06
0.0038599853756904998,504,1,-3.072432134319065e-11,-2.4926927485457995e-06
0.0038699966226814213,504,1,-6.368353547885823e-11,-4.4044907005925255e-06
0.0038799758307534967,504,1,-1.2643559035705647e-10,-3.4127118074822604e-06
0.0038899749412881868,504,1,-1.288655900027059e-10,3.269898284641304e-06
0.003899974279069712,504,1,-9.036960144369636e-11,7.630475794551117e-07
0.003909981045563255,504,1,-1.4786512431277455e-10,-7.047363252077332e-06
0.003919979483561263,504,1,-1.5961503967772562e-10,4.713569568270959e-06
0.003929974164293732,504,1,-1.3378456569768083e-10,2.5398662341358236e-07
0.003939965643851169,504,1,-1.1854963993641692e-10,-2.091864894748774e-06
0.0039499920406901945,504,1,-2.0377595829945737e-10,-5.276081932792387e-06
0.003959957102444371,504,1,-1.9690454048347256e-10,1.9248432638341306e-06
0.003969981472115329,504,1,-1.4735992163851064e-10,6.774811456999874e-06
0.003979983658302246,504,1,-1.2027344701778797e-10,-2.7157831977708824e-07
0.003989996897388895,504,1,-1.0540280208018319e-10,3.798034225122038e-06
0.003999962066184443,504,1,-6.919586984223901e-11,1.612781750537362e-06
0.004009982616686821,504,1,-8.114283724103277e-11,-1.0512406330431823e-06
0.004019985737106671,504,1,-7.544864426351958e-11,1.2437591268010806e-06
0.004029985450337512,504,1,-4.686573546098692e-11,1.8219917998218982e-06
0.004039966885469826,504,1,-4.9625504585911005e-11,-3.2484059589998893e-06
0.004049957672285779,504,1,-7.178788327880776e-11,-2.347983840245149e-06
0.004059981472726734,504,1,-1.0652967274456379e-10,4.661294927821302e-08
0.00406997745205338,504,1,-1.0252778420911154e-10,-2.473756484766554e-06
0.004079973744767089,504,1,-1.534860180914103e-10,-2.6850389538424224e-06
0.004089967943497107,504,1,-1.754790319535805e-10,-1.5149632937583313e-06
0.00409995910856725,504,1,-1.6205310713262666e-10,2.285363880194513e-06
0.004109980115336773,504,1,-1.1396198181911742e-10,2.954652836617555e-06
0.004119984125208945,504,1,-9.626970654165326e-11,2.2396516889955365e-06
0.004129964255278309,504,1,-3.6598311559880425e-11,5.3207271122346356e-06
0.004139984312080828,504,1,-1.6285135752798973e-11,9.750941056818618e-07
0.004149995956521106,504,1,-2.6074880810430948e-11,-1.1701714090484039e-06
0.004159984365413026,504,1,-2.1646323983284485e-11,7.059674028697671e-07
0.004169957460397018,504,1,3.212474103191868e-12,5.378618296081328e-06
0.004179975603296128,504,1,9.495336827554255e-11,8.897904894666908e-06
0.004189960119300603,504,1,1.5146707997074874e-10,2.030642923728232e-06
0.004199994698658853,504,1,1.686374259636178e-10,5.721200105890389e-07
0.004209996904761525,504,1,1.4383152653990009e-10,-1.7052167115561012e-06
0.004219994070290476,504,1,1.2840209521721227e-10,-6.212405173622315e-08
0.004229969721830748,504,1,1.187555071403975e-10,-2.8285884386691773e-06
0.0042399745007891355,504,1,1.195360039149215e-10,4.374394748096755e-06
0.004249982306832177,504,1,1.208892697860016e-10,-2.81566673032696e-06
0.004259982568110752,504,1,1.0785705681920911e-10,-2.7461834018749354e-06
0.004269964160984992,504,1,8.415591296135542e-11,-3.127552526294153e-06
0.004279999742011297,504,1,9.180203027880224e-11,3.6762433658354965e-06
0.0042899881831208065,504,1,1.6067693189007097e-10,5.0476677395661085e-06
0.004299982584989596,504,1,1.6010307607396048e-10,-6.069245201412166e-07
0.004309970035917239,504,1,1.3410928740269093e-10,-3.7295943723369973e-06
0.004319999374273674,504,1,1.4969584230371423e-10,4.886625759703556e-06
0.004329993981516786,504,1,1.8557404101755956e-10,8.071171044539763e-07
0.004339957996342546,504,1,1.8248048578651307e-10,-5.526771477137871e-07
0.004349963206873632,504,1,1.4841657685281916e-10,-7.16012577328673e-06
0.004359990236780178,504,1,1.0651777710194398e-10,-4.827128594508956e-06
0.004369973183385304,504,1,1.8517440107456784e-11,-7.01743599651472e-06
0.00437998615140778,504,1,-1.6863930601084248e-11,4.523099365605354e-07
0.004389983665670742,504,1,1.995990786524517e-11,6.645540733485333e-06
0.0043999586148666244,504,1,4.8000594913221416e-11,2.3817830419048391e-07
0.0044099993160019715,504,1,5.46265059248941e-11,-6.746383480749074e-07
0.004419956260684955,504,1,4.8553578122269845e-11,-1.6417458708062327e-06
0.0044299611819229485,504,1,5.2904516554205e-11,3.235186745831342e-06
0.004439972548915116,504,1,3.658152076816876e-11,-3.499014320396121e-06
0.004449970402193156,504,1,5.985320101802911e-12,-2.1780116454817033e-06
0.0044599950945013065,504,1,1.0759997922296497e-11,2.707870715434879e-06
0.004469967334358652,504,1,-9.849639346867257e-13,-6.5390404404563895e-06
0.004479959399329604,504,1,-6.317564449650852e-11,-4.006269719455946e-06
0.0044899665489456985,504,1,-9.430993180210867e-11,-5.303164827052953e-06
0.004499989685407309,504,1,-7.619515623983231e-11,6.7956479947728354e-06
0.004509994842501989,504,1,-5.061416787939662e-11,2.477383770793651e-06
0.00451998440936643,504,1,-2.3747260553114418e-11,3.772636296694998e-07
0.004529966366454434,504,1,-4.834107046543289e-11,3.4946786640621674e-06
0.004539974687750707,504,1,1.4570734243858846e-11,2.947530353986094e-06
0.004549966025476365,504,1,5.355378829605779e-12,-4.749413078597442e-06
0.004559965924704872,504,1,-7.961553745645163e-13,3.727670909059455e-06
0.004569966257261108,504,1,1.4505723099739968e-11,-1.8472641905020737e-07
0.004579980735928727,504,1,2.149738611610468e-11,4.106970974526725e-06
0.004589969944166384,504,1,6.869129758410456e-11,1.4089252964311072e-06
0.00459996567268466,504,1,4.452603456227863e-11,-3.725988393044055e-06
0.004609958441749131,504,1,3.231315267578994e-11,1.872249799167447e-06
0.004619962039231872,504,1,6.476902751480988e-11,1.8038832585443032e-06
0.004629968572207945,504,1,1.5575904393447812e-11,-8.924884877359318e-06
0.004639986773608062,504,1,-8.348533909473851e-11,-7.198240458361482e-06
0.004649993448754368,504,1,-1.4115571127739607e-10,-3.416392150568104e-06
0.0046599877218289855,504,1,-1.5191234428634719e-10,-3.172146844754309e-06
0.004669984174244073,504,1,-1.772833495301406e-10,3.851545074630425e-06
0.004679986633953577,504,1,-1.4174564493885707e-10,1.1706401096267527e-06
0.0046899744027101235,504,1,-1.2057118838900522e-10,3.7036673180002033e-06
0.004699995325494959,504,1,-6.863119988498919e-11,2.0943703527009916e-06
0.004709959483720083,504,1,-7.731667671546927e-11,-1.856520232657033e-06
0.004719957849489888,504,1,-8.164698739554456e-11,3.3598367481513236e-06
0.0047299681944631255,504,1,-6.461456439750502e-11,-3.3920259474573555e-06
0.0047399957966518975,504,1,-1.0031558757636486e-10,-1.0963924552687132e-06
0.004749973233593551,504,1,-3.362661278577929e-11,1.1036820326548735e-05
0.004759973025489073,504,1,-9.312706062845812e-12,-8.317483553010874e-07
0.004769990488137166,504,1,-2.2857833915170033e-11,-4.926046597214517e-06
0.004779996188618287,504,1,-3.920930177013352e-11,-2.894733413361106e-06
0.004789980228832013,504,1,-3.5241991709814946e-11,3.831340477100653e-06
0.004799973573577608,504,1,-9.449641169925228e-12,8.621744050085756e-07
0.004809996370479239,504,1,2.3265373680451127e-12,5.170487892280917e-07
0.0048199903920037165,504,1,1.549666337703e-11,2.3143555721860665e-06
0.004829995363228399,504,1,5.237353249248596e-11,4.006997341599039e-06
0.004839982137742458,504,1,4.858012153529268e-11,-5.178957374118998e-06
0.0048499838476868855,504,1,-9.611510687416698e-13,1.4646324812961353e-06
0.0048599648851425006,504,1,2.3418929146048822e-11,-6.333413128944976e-07
0.0048699714256318204,504,1,-1.7973214669358582e-11,-5.079721339562582e-06
0.004879985365513301,504,1,-7.883370725047481e-12,5.3091731698762246e-06
0.004889968814565082,504,1,-3.044528174624703e-12,-4.861993906368767e-06
0.0048999645215692285,504,1,-3.483245823141689e-11,8.230803941744469e-07
0.004909993442299744,504,1,7.557397238325508e-12,8.39979825806303e-06
0.004919993470493547,504,1,7.219260510099861e-11,5.810342499856791e-06
0.004929997298337766,504,1,1.0559846336385351e-10,-2.255926653649265e-06
0.0049399607788006995,504,1,1.0085623069782979e-10,-7.22923679030707e-07
0.004949963643589128,504,1,4.123765558018753e-11,-8.248715115843908e-06
0.004959999773995563,504,1,-2.2896550862840917e-11,-9.53488720834006e-06
0.004969976148962584,504,1,-6.858303078146341e-11,-2.1577508788617195e-06
0.00497999079649168,504,1,-9.234482782941554e-11,1.5400656274699998e-06
0.0049899741780366795,504,1,-6.059270634034325e-11,5.484057460591885e-06
0.004999992796390972,504,1,-3.3172931589334307e-11,-2.891415833872202e-06
0.005009965747862612,504,1,-4.365337550056689e-11,1.9229537391307616e-06
0.005019998759779939,504,1,4.290683028837538e-12,5.1866402436262504e-06
0.005029983983952706,504,1,4.2752787682271256e-12,1.4265245101841018e-07
0.005039988504982833,504,1,1.3889461863227136e-11,-2.0887209952746844e-06
0.005049984777705981,504,1,8.985747516616731e-12,2.683011059323448e-06
0.005059960074180316,504,1,4.630139486064017e-12,-4.233891388538691e-06
0.0050699646703149075,504,1,-1.1635289967290054e-12,3.469196143690567e-06
0.005079975685729509,504,1,-2.568245607873713e-11,-8.506723701007246e-06
0.005089992849776121,504,1,-8.887329914999845e-11,-1.9091233757206894e-06
0.005099958718378997,504,1,-7.583559744485962e-11,2.585097011564841e-06
0.005109971722647651,504,1,-7.982302470411747e-11,1.9482392644154523e-06
0.005119977983712958,504,1,-2.9517488929680714e-11,1.1677197958859242e-06
0.005129983628808401,504,1,-1.901487602322513e-11,3.729549503006524e-06
0.005139991801203174,504,1,2.258517268638341e-11,4.044345644049763e-06
0.0051499826632363955,504,1,2.561451568292841e-11,-1.1517260172233534e-06
0.005159967580727336,504,1,1.631062330621877e-11,-3.801112752332969e-08
0.0051699699630949605,504,1,6.110685485990596e-11,4.397345788720308e-06
0.0051799713593928595,504,1,7.045268790359231e-11,-8.820778951978969e-07
0.005189982671452809,504,1,2.3204335759517713e-11,-6.448371561884603e-06
0.005199971079100129,504,1,1.982785555074097e-12,-2.1281399831263315e-07
0.005209973232172589,504,1,7.573982890515807e-12,-6.811624317926146e-07
0.005219981155537408,504,1,-9.838744800629343e-12,1.6728534296892028e-06
0.005229965138942932,504,1,-6.598933874582178e-12,-2.6416442395482687e-06
0.0052399608934577116,504,1,-1.0167744391329447e-11,1.2490328018532892e-06
0.005249982002999411,504,1,3.931506086905388e-12,-2.190762453668782e-06
0.005259975273822631,504,1,-2.532869800467405e-11,5.500719748585681e-07
0.005269979810125778,504,1,-6.419051443796374e-13,3.5508703086772897e-06
0.005279979478277073,504,1,2.752761153111639e-11,-4.018047100151634e-06
0.005289965745571135,504,1,-2.7112890203768265e-11,-6.945997666041315e-06
0.005299991157239064,504,1,-5.51506637989132e-11,-1.0590505777341441e-06
0.005309970016642706,504,1,-7.258937342484573e-11,-1.9791381397071817e-06
0.005319967898115426,504,1,-7.650308494237476e-11,3.353578931664103e-06
0.0053299814238811785,504,1,-7.939787574219701e-11,-5.178083353207796e-07
0.005339988839159224,504,1,-8.652589161604023e-11,1.100115942120894e-06
0.005349969719018033,504,1,-8.234270652279102e-11,6.008721928907335e-07
0.0053599764474193375,504,1,-5.378945428175311e-11,4.2963968784892614e-06
0.005369997037700295,504,1,-3.7778412559710817e-11,1.985658873396301e-06
0.005379980128486526,504,1,-4.507844538796592e-11,-2.0173931032929637e-06
0.005389969650855461,504,1,-5.640103618178931e-11,-4.040915235620224e-06
0.005399996237483614,504,1,-1.1078360736164008e-10,-2.659690474970944e-06
0.005409966596757288,504,1,-1.4930771254914122e-10,-3.1469518828597387e-06
0.005419986616964384,504,1,-1.4806299728756158e-10,3.7456332878105236e-06
0.005429994815562234,504,1,-1.1994149741800862e-10,2.6782585590690022e-06
0.005439969100741385,504,1,-1.075636249822209e-10,-6.407309566247577e-08
0.005449975236982409,504,1,-1.4046904135337325e-10,-5.686264704429789e-06
0.00545996843034601,504,1,-1.9290741196825202e-10,-1.612835532682766e-06
0.005469971325902306,504,1,-1.7240844492214186e-10,4.879780601596551e-06
0.00547999764219542,504,1,-1.3931820473200678e-10,1.0564006929225656e-06
0.005489991768779654,504,1,-1.3655863973524671e-10,-2.7775635288440625e-06
0.00549996525350136,504,1,-1.8903874251824816e-10,-5.3584899415426435e-06
0.005509966015189842,504,1,-1.745760825532178e-10,8.194728482902036e-06
0.005519978045567491,504,1,-1.1023929872457767e-10,1.807485701776912e-06
0.005529958511920713,504,1,-1.1961676119824193e-10,-3.690468473704911e-06
0.005539996544531082,504,1,-1.4268730684504987e-10,-9.567651632347296e-07
0.0055499916673077436,504,1,-1.216502050325639e-10,4.344019827517975e-06
0.005559973770025515,504,1,-7.498172031257283e-11,2.5550642130944823e-06
0.00556997793476473,504,1,-6.236234764334559e-11,2.8588534341095206e-06
0.005579992867189304,504,1,-4.5533282238047657e-11,1.7721560781058798e-06
0.005589994622012164,504,1,-2.2632863765171336e-11,3.0938728235452295e-06
0.005599988999215762,504,1,-2.895178329254079e-12,-6.890950236537741e-07
0.005609986973983674,504,1,-3.0347032788720536e-11,-3.3097701123141476e-06
0.0056199666123731345,504,1,-4.939448417104963e-11,1.0162715877726214e-06
0.005629983242042961,504,1,-7.739637459858894e-12,2.702349066019405e-06
0.005639965675729477,504,1,8.245343695633463e-12,2.0325281060995515e-07
0.005649963985862555,504,1,1.7354030293345655e-12,9.413355992471395e-07
0.005659957800666603,504,1,-1.1427844886618401e-11,-4.377528134869024e-06
0.005669981840028802,504,1,-6.659644784893777e-12,5.038258251488514e-06
0.005679995054171536,504,1,7.386784643364347e-11,5.292930303713028e-06
0.005689981055962534,504,1,6.404680510494992e-11,-2.179997626416963e-06
0.005699963637495528,504,1,4.087735824236506e-11,-3.97899889841534e-06
0.005709973742693839,504,1,-1.1862808107590572e-11,-4.398167542940534e-06
0.0057199826677225745,504,1,-4.037540866166255e-11,-8.587185882369397e-07
0.005729997316249422,504,1,-3.090382523706991e-11,2.2698958347805442e-06
0.00573995947155766,504,1,-6.3487364178015635e-12,3.6894272637255643e-06
0.005749973659715163,504,1,2.3103293449537983e-12,-3.3052199002459037e-06
0.005759981153184275,504,1,1.3033844256322413e-11,3.621187843583229e-06
0.005769964727386619,504,1,3.58341588235161e-11,3.38754935236274e-06
0.005779977010838675,504,1,6.43919295351296e-11,1.586850118195926e-06
0.005789973688981864,504,1,7.213530221758589e-11,-2.8729359785317765e-06
0.005799984294858557,504,1,5.572419441535832e-11,7.764759716311076e-07
0.005809963684300622,504,1,2.398285796471639e-11,-4.026201892944059e-06
0.005819987219207334,504,1,1.9983041544597733e-11,1.801998345540845e-06
0.005829983085017342,504,1,2.0170574263037207e-11,-8.300378996350943e-07
0.005839979294598562,504,1,4.871589405746474e-12,1.62556861971197e-07
0.005849955942465895,504,1,3.910728598593982e-11,4.66115760211494e-06
0.005859957484590053,504,1,5.337513933709615e-11,7.167238398331222e-07
0.005869968967583659,504,1,6.903893927899529e-11,1.2511240027324178e-06
0.005879984272359551,504,1,7.20523623234839e-11,-1.0805634803601194e-06
0.005889972644483208,504,1,1.0930679316322953e-10,5.7291439179429915e-06
0.0058999745347217475,504,1,1.431984289175861e-10,2.8102176135580414e-06
0.0059099857275428614,504,1,1.5201385431394434e-10,-3.901184720600526e-06
0.005919997681181325,504,1,8.017019665655851e-11,-6.507364431529439e-06
0.005929992033273825,504,1,8.139560725461178e-11,3.909677099844799e-06
0.005939988437048837,504,1,1.0444073499104884e-10,2.395431397128611e-07
0.005949971011485544,504,1,1.0113619250274176e-10,-2.4135380669587647e-06
0.005959994067918254,504,1,5.09336115759992e-11,-3.665897525317874e-06
0.005969982593316964,504,1,1.2043053566109657e-11,-2.799762193528288e-06
0.00597999319973683,504,1,9.361431324816623e-12,6.309882837340908e-07
0.005989998987402787,504,1,1.9159639901776245e-11,2.402381294007959e-06
0.005999989969773451,504,1,4.057173397765891e-11,-2.2249297185195083e-06
0.006009961005981372,504,1,2.8194912831731476e-11,6.506902261449454e-08
0.006019999136666898,504,1,1.653269287998102e-11,-1.0787982711590871e-06
0.006029996038720702,504,1,4.779102921780368e-12,-1.887281811496777e-06
0.006039961259028798,504,1,-3.1479792927393505e-11,-5.971916805402877e-06
0.006049977970011413,504,1,-6.774015655591596e-11,-8.504884707605243e-08
0.0060599942540477065,504,1,-5.075157984569655e-11,1.6818570292009838e-07
0.006069958650732351,504,1,-6.465052662462485e-11,2.688829479624566e-07
0.006079988953826534,504,1,-8.605257033610396e-11,-1.0453072594659996e-06
0.0060899928755560615,504,1,-7.800775165593362e-11,-2.766681353350009e-06
0.006099989890616766,504,1,-8.876063730176411e-11,4.322669723055839e-06
0.006109985632846028,504,1,-4.7707966432773566e-11,2.6967977028169443e-06
0.006119974139240185,504,1,-4.302687377802329e-11,1.0993094107791812e-06
0.006129987556662607,504,1,-9.273733860102207e-12,2.3800768685910967e-06
0.006139961785386554,504,1,-5.142243700078861e-12,-2.8827115762242173e-06
0.006149962887980511,504,1,-4.060918641017163e-11,-6.412744558148553e-07
0.006159975295933049,504,1,-4.6614652689605e-11,-3.2641012374101663e-06
0.006169982337224006,504,1,-6.760096899849442e-11,-4.842239366698031e-07
0.006179980492075587,504,1,-6.757666033197808e-11,-2.1724739842632346e-06
0.006189987946860759,504,1,-7.952816273500704e-11,-7.73422440092375e-07
0.0061999630487530755,504,1,-9.626573264592364e-11,-7.713056695557441e-07
0.006209984208849826,504,1,-1.0602189562885318e-10,-9.896796834274468e-07
0.0062199899287840536,504,1,-7.917069561039409e-11,3.9403165863483025e-06
0.006229976582287904,504,1,-6.40444407542498e-11,-6.744398644009664e-07
0.006239967494492535,504,1,-7.582899279566242e-11,1.3969472731911736e-06
0.006249960368758599,504,1,-5.917692083190105e-11,-2.3080834643529613e-07
0.006259998517275639,504,1,-5.056128142238276e-11,3.011963711718746e-06
0.006269964856281512,504,1,-3.670811630330324e-11,-7.044599981131938e-07
0.006279968251574158,504,1,-2.7817543627866323e-11,1.973088842754933e-06
0.00628999274730658,504,1,-2.459854836031508e-11,6.948911410731284e-07
0.006299978669363407,504,1,1.413306751225354e-12,1.0158805422988415e-06
0.006309976929827969,504,1,-1.5941941990544597e-11,3.8603529667335934e-07
0.006319958736051649,504,1,8.822242364104553e-12,1.0299627182241977e-06
0.006329958410957847,504,1,-7.968910686730957e-12,-4.662770015873008e-06
0.006339979575708321,504,1,-2.1475327208059767e-11,3.0004023190421947e-06
0.006349963037528943,504,1,-3.853932541294546e-12,7.864196123197331e-07
0.006359961274282395,504,1,6.316561178427158e-12,4.302719764925911e-07
0.006369989516460177,504,1,-6.684842943577914e-12,7.678204128058752e-08
0.006379975710467145,504,1,3.3102515837146024e-11,5.403929791314432e-06
0.006389990623740286,504,1,5.8018074222716554e-11,3.3045695002620334e-06
0.006399996009538428,504,1,9.676154633096767e-11,2.209904536216306e-06
0.006409968392701951,504,1,9.302529722450732e-11,-3.190125651197917e-06
0.006419964509205941,504,1,7.510568383343119e-11,-9.219090820189457e-07
0.006429978221835664,504,1,6.737213759290149e-11,-1.4442796950620007e-06
0.0064399953837639854,504,1,5.395241828947924e-11,3.1566830324680772e-06
0.006449984380157341,504,1,7.156914108509045e-11,-1.4755722493320356e-06
0.0064599867114587175,504,1,4.7899906853172535e-11,-4.384811067792427e-06
0.006469992173478451,504,1,7.204380063981393e-12,-2.4972930577349395e-06
0.006479956661035917,504,1,-2.7888574738479358e-11,4.0133752954307766e-07
0.006489976550495774,504,1,7.5429905592279e-12,1.276634342226024e-06
0.006499970786370717,504,1,-6.79033495183418e-12,-1.102343754610935e-06
0.006509964984914044,504,1,-2.5300530659237708e-11,-3.453842740253066e-06
0.006519959368723488,504,1,-7.26537665817731e-12,2.4156272047104466e-06
0.006529996411384291,504,1,-1.9691084394829428e-12,2.479709224179061e-06
0.006539962588281889,504,1,4.202530617560251e-11,5.729987329061714e-07
0.006549982944956602,504,1,4.460067484470453e-12,-4.383888557946136e-06
0.006559978538742022,504,1,-1.6247345659919194e-12,1.942384683761844e-06
0.00656999697712984,504,1,-3.7241909334645483e-13,8.818794955955944e-07
0.006579982118465766,504,1,2.3716425818764975e-11,2.4319962935170913e-06
0.006589966692864798,504,1,3.935847801610161e-11,1.5028527556859572e-06
0.006599967994790061,504,1,2.3819955089052127e-11,-3.4142467315589897e-06
0.006609986454824011,504,1,2.3857539497768357e-11,1.6897352622669004e-07
0.006619981099827853,504,1,3.0322862434637674e-11,4.108430566307497e-07
0.006629985121013332,504,1,4.683279985961752e-11,3.832448602025806e-06
0.006639965643973591,504,1,7.292835262008752e-11,-1.1124277150831308e-07
0.006649989356091944,504,1,2.446151606044013e-11,-6.131555126076549e-06
0.006659974233030556,504,1,-1.0131547664408725e-11,5.7633280878093e-07
0.006669986718168594,504,1,2.0028994847838216e-12,3.503948278416047e-06
0.00667998208399872,504,1,4.466835045547284e-11,3.1372582576794095e-06
0.006689963464909093,504,1,5.070711727533873e-11,1.0633557250283587e-06
0.00669999470757306,504,1,5.423763285147603e-11,-1.7267326670733496e-06
0.006709993415910295,504,1,4.447405623300444e-11,-6.03876270988124e-07
0.006719977067568235,504,1,3.9148526885117484e-11,-1.6676958140005027e-06
0.006729991232328321,504,1,3.8778563632511486e-11,2.2555062609841414e-06
0.0067399631776007855,504,1,4.920532472752902e-11,-1.3693762509481289e-06
0.006749992578756297,504,1,2.961637389206005e-11,2.583305831471705e-07
0.006759998883430472,504,1,6.992522177341463e-12,-1.4131826290009197e-06
0.006769959001106804,504,1,5.334664639727708e-12,-2.69229359381451e-06
0.0067799985463174,504,1,1.1719708574241912e-12,-2.5597153097134395e-07
0.006789988188117938,504,1,-5.788076157822947e-12,-2.201257041589688e-06
0.0067999708061716015,504,1,-9.339928668708007e-12,2.946305376783087e-06
0.006809980784842799,504,1,1.080070376261984e-11,-1.5787694024327337e-07
0.006819980150435991,504,1,-4.091617303758795e-12,-1.3142231800600257e-06
0.0068299845002377435,504,1,-8.74454803662469e-12,2.862203996367718e-06
0.006839969587457437,504,1,3.964665556033427e-11,2.6794105194571927e-06
0.006849972801697294,504,1,3.932767007425132e-11,-1.605591280928742e-06
0.0068599665323948655,504,1,-4.713860222491223e-12,-4.450988288662305e-06
0.006869968533687079,504,1,-3.022517073966366e-11,-2.3222840571657244e-06
0.006879972011526077,504,1,-4.6889002594615486e-11,3.781786176992874e-07
0.006889965317175171,504,1,-5.358169408873145e-11,-4.4836990749086425e-06
0.006899993840153902,504,1,-7.414419551513343e-11,1.08371442081312e-06
0.006909973914984763,504,1,-4.6620040431554356e-11,2.689127236443767e-06
0.006919994835008652,504,1,-2.6608733989450428e-11,3.972014618769393e-06
0.0069299780214827356,504,1,1.727836959964556e-11,1.2528560551228196e-06
0.006939960288435847,504,1,7.57484802625121e-12,-3.941757718006755e-06
0.006949996434153348,504,1,-6.768406592742263e-12,-9.499212683117264e-07
0.006959987984477801,504,1,-3.0300982186593644e-11,-1.3449487079597588e-06
0.006969967946167452,504,1,-5.031100204819878e-11,-5.124632319220002e-06
0.006979986730648021,504,1,-9.701775014327001e-11,-3.357511896950882e-06
0.006989988592971343,504,1,-9.217572498259143e-11,3.6840017624308052e-06
0.006999973832570555,504,1,-6.54302965754234e-11,1.2530509683750246e-06
0.007009981092335826,504,1,-6.640002385275602e-11,1.2819822319265484e-06
0.007019958978262349,504,1,-5.588048182817926e-11,4.069267326989312e-07
0.0070299765559185086,504,1,-7.864656831934659e-11,-3.144358635132072e-07
0.0070399830810224705,504,1,-4.5216270633499276e-11,6.11581263498806e-06
0.007049990318557698,504,1,-8.497996075817853e-13,1.0239306477144439e-06
0.007059968894757484,504,1,-1.2995357502772198e-11,7.291038766066293e-07
0.0070699856228296646,504,1,5.158053675071448e-12,3.1879426338754513e-06
0.0070799858331441505,504,1,3.197843651563299e-11,2.6326130627141175e-06
0.007089959798666404,504,1,4.106769804408536e-11,9.346566444135007e-07
0.007099997741017178,504,1,2.203265914778687e-11,-1.1986260066709775e-06
0.0071099676633398536,504,1,2.6059381728717255e-12,-5.031314541104059e-06
0.007119971380930784,504,1,-1.5775746021882064e-11,2.379304567257101e-08
0.007129990758922399,504,1,-2.083650397675333e-11,-3.0955671009857966e-07
0.007139961431496943,504,1,-1.5039810944287636e-11,3.02711824495816e-06
0.007149979474100601,504,1,2.1531399694801434e-11,9.678074857216723e-07
0.007159995254801014,504,1,2.151833324427841e-11,-2.5858174717008353e-06
0.007169962449877353,504,1,1.2767601148007792e-11,2.9125554205089443e-06
0.007179959609427872,504,1,5.0738461740563307e-11,3.1481630013985296e-06
0.007189968909607604,504,1,3.423965797117557e-11,-4.73332017597583e-06
0.007199959927297341,504,1,1.825912027640913e-12,-9.782622172882505e-07
0.007209987078070645,504,1,1.496288717962055e-11,1.2297280603673633e-06
0.007219986323040487,504,1,2.033395443329692e-11,-1.997096122863251e-06
0.007229979056884137,504,1,-3.658323225075473e-11,-8.735756711120146e-06
0.007239979494087148,504,1,-6.425257466583108e-11,3.3579678085926545e-06
0.0072499584218456235,504,1,-1.7908000804844437e-11,5.4468929460149695e-06
0.007259988719917388,504,1,1.7124664319330483e-11,3.3926068238043783e-07
0.007269994722444973,504,1,8.113914712675147e-12,-1.959806993578894e-06
0.007279979460642738,504,1,5.14855122578828e-12,2.44616932754127e-06
0.007289956192759518,504,1,2.348268467012603e-11,8.450447788188598e-07
0.0072999916149521695,504,1,3.892088728960969e-12,-4.893671085026696e-06
0.007309960085356894,504,1,-1.3849224992859436e-11,1.1926373769399756e-06
0.007319978735606019,504,1,4.020589909036948e-11,7.17823153739694e-06
0.007329971517588883,504,1,7.744662618174345e-11,-5.637036854383437e-07
0.007339959116689036,504,1,5.1510693330218324e-11,6.267690041972251e-07
0.007349979222642239,504,1,6.986487503602486e-11,1.6630636182068947e-07
0.00735998163947862,504,1,7.557491475230165e-11,-5.559911732677669e-07
0.007369966776498766,504,1,6.742338500812813e-11,-1.2912828000061216e-06
0.007379998054591323,504,1,2.2407863094034452e-11,-5.2590481215142315e-06
0.007389991146096957,504,1,1.827685723441606e-11,4.779249817232767e-06
0.007399971460935594,504,1,6.412008612935905e-11,3.425579138904844e-06
0.007409966464186002,504,1,7.636841133703155e-11,-1.5054151366045154e-06
0.007419956876920095,504,1,5.2895786461750393e-11,-2.714555399095653e-06
0.007429997218771458,504,1,2.1995855701753943e-11,-1.009694134024297e-06
0.007439992845652756,504,1,2.4890650972216087e-11,1.8729847653942144e-06
0.007449972023947285,504,1,3.476322447813112e-11,-4.1927916027972856e-07
0.00745996235590817,504,1,4.686887521899888e-11,3.2347353699502257e-06
0.0074699675704960914,504,1,7.6107204184119e-11,1.8018964920152314e-06
0.00747997665906257,504,1,1.1395834816974645e-10,5.160106666735054e-06
0.007489958270510493,504,1,1.1948371797038592e-10,-3.6640212158767227e-07
0.007499993868528688,504,1,1.328500972857082e-10,6.784590267372437e-08
0.0075099722627718695,504,1,1.2607032013199935e-10,-2.396255593395402e-07
0.007519962940739569,504,1,1.2399436725888757e-10,5.3743335226563715e-08
0.0075299901782128744,504,1,1.0733858677905412e-10,-2.8940062657412113e-06
0.007539978725632402,504,1,6.420851299680247e-11,-6.89246450458203e-06
0.007549964841706514,504,1,-2.717289490883042e-12,-6.4247410518358805e-06
0.007559966214083071,504,1,-5.8122098961114555e-11,-4.043735515352198e-06
0.0075699912721043676,504,1,-7.31925503447931e-11,1.926847732036663e-06
0.007579967190150209,504,1,-1.4377655795731726e-11,6.056434952106393e-06
0.007589967957976571,504,1,-1.1220971019555389e-11,-2.7429178954818667e-06
0.007599989399646848,504,1,-4.31385215770479e-11,-3.9883723521594305e-06
0.007609994161680655,504,1,-5.778188742907274e-11,-2.132185562553346e-07
0.007619973106125884,504,1,-5.31385734771502e-11,3.054033599847461e-06
0.007629997163950928,504,1,-9.73803185983467e-12,3.2319711008033103e-06
0.007639975774411478,504,1,1.5756660441733437e-11,1.2703735196573085e-06
0.007649988272634897,504,1,9.326733457000903e-12,-1.6344019486136396e-06
0.007659993327525552,504,1,1.1542542563294875e-11,4.024676633962443e-06
0.0076699772056735265,504,1,3.5607611524851156e-12,-6.340988950803705e-06
0.0076799806786752274,504,1,-4.582031234401612e-11,-2.091443988383457e-06
0.00768996271722455,504,1,-4.365119487861869e-11,1.2577584681539022e-06
0.00769995904395316,504,1,-3.897898582410405e-11,-2.0410038059082147e-06
0.00770999504696977,504,1,-7.240368777821477e-11,-2.144998340836146e-06
0.007719999631724893,504,1,-7.47833267072907e-11,1.1980673150641108e-06
0.0077299875952706815,504,1,-5.659369194861729e-11,1.4402403836211164e-06
0.007739985374075151,504,1,-5.4471014860262923e-11,3.0094874392538884e-07
0.007749961451947057,504,1,-2.846862750692427e-11,4.169468715065072e-06
0.0077599873006954055,504,1,1.771835466169805e-11,3.0718749254310396e-06
0.007769967652442747,504,1,3.658095754843356e-11,1.1317636792185226e-06
0.007779963289498407,504,1,1.0968595877383922e-11,-5.555307001081644e-06
0.007789965700101399,504,1,-3.9020520250267605e-11,-4.300497859544006e-06
0.0077999708907684215,504,1,-5.117944608168851e-11,-1.5846380641004743e-07
0.007809991702906979,504,1,-2.5261394652392323e-11,3.2881076233448603e-06
0.007819981703892134,504,1,-3.858915984412603e-12,2.7450196574685393e-06
0.0078299966939969,504,1,1.9032924248899518e-11,-4.1964458730170406e-07
0.007839982616107523,504,1,-4.904444736344559e-12,-2.167532309305109e-06
0.007849978197684258,504,1,-1.715911029055912e-11,2.5976250057624384e-06
0.007859989157165834,504,1,3.628440429159082e-11,2.96682412324889e-06
0.007869984231473868,504,1,4.566448578106948e-11,-2.759965956888877e-07
0.007879984445131633,504,1,4.874052259580921e-11,7.134320262336402e-07
0.007889982485346805,504,1,3.905917309236746e-11,-8.53435719372353e-07
0.007899970982648837,504,1,3.48223630327124e-11,-1.007448832468505e-06
0.007909987238536996,504,1,2.943286410493455e-11,-6.788872453089567e-08
0.00791997557594777,504,1,3.5508666761945745e-11,2.589873325103964e-07
0.007929966085572558,504,1,3.3232244138882514e-11,1.751088745949314e-06
0.007939965306455615,504,1,6.155966365222582e-11,1.2397030381139373e-06
0.007949999662666022,504,1,7.566830543800972e-11,2.9952577899616806e-06
0.007959977234177688,504,1,7.06545758806179e-11,-2.420925037036059e-06
0.007969970778968001,504,1,5.382352566197818e-11,1.5868640451666138e-07
0.007979968376253834,504,1,6.00025759567508e-11,1.2469249824232243e-06
0.007989991036745086,504,1,7.367457636294676e-11,-6.52750191953988e-08
0.007999962384108236,504,1,7.107710886937219e-11,-3.332609375850115e-06
0.008000006831550933,504,1,7.092737141325457e-11,-3.3688693739652997e-06
0.0,505,2,0.0,0.0
9.989961021512745e-06,505,2,-3.533770756384677e-20,2.803844428469995e-13
1.9992043388314044e-05,505,2,6.460350723164826e-14,4.5463006420262686e-08
2.998154396983048e-05,505,2,3.2071568235840514e-12,4.524478321304981e-07
3.996706428926499e-05,505,2,-1.637089572154962e-12,-2.0019502337542683e-06
4.9977073299739135e-05,505,2,-2.4389650823967892e-11,-1.719731840932326e-06
5.999080644949294e-05,505,2,-3.7661104273280796e-11,-4.937087966228049e-07
6.995577857517775e-05,505,2,-3.36043754621025e-11,1.9224415755136892e-06
7.997976092856483e-05,505,2,-1.9630624026381594e-11,6.436066967152598e-07
8.999023881127192e-05,505,2,-2.850267586564087e-12,1.385618295879354e-06
9.999120661247908e-05,505,2,2.256386822296132e-12,-4.237638839832414e-08
0.00010998802936081757,505,2,1.620465161049898e-11,2.4401508960103513e-06
0.00011998443754741915,505,2,1.743031614733577e-11,-5.349119944764169e-07
0.00012998021736421595,505,2,8.561406681726193e-12,-1.918698424752119e-06
0.00013997582428984024,505,2,1.203983980960536e-11,8.272404151132839e-07
0.00014999257578972945,505,2,1.5156874101076787e-11,4.449636771264309e-07
0.00015999360761981914,505,2,1.8287307383971164e-11,1.910001312610543e-06
0.00016996677216290113,505,2,4.174183672255266e-11,1.9191258316952897e-06
0.00017999252641565756,505,2,5.2929073182840384e-11,-1.3185071507174073e-06
0.00018999308490903147,505,2,3.653835635372964e-11,1.492651984624782e-06
0.0001999567280807932,505,2,6.160944887936837e-11,2.4581442429338907e-06
0.00020998283113449233,505,2,5.768633753864454e-11,-2.834714102159519e-06
0.00021999218307440147,505,2,3.3490968526418306e-11,-5.607071141833231e-07
0.00022999777759454492,505,2,4.18404216201223e-11,4.490216261310298e-09
0.00023997177696874117,505,2,4.374003287489065e-11,-6.510875996124099e-07
0.0002499786197993587,505,2,4.937834565738779e-11,9.963648479049958e-07
0.0002599681581316944,505,2,6.689212596478606e-11,2.4990824629422814e-06
0.0002699738991410829,505,2,5.88581700281546e-11,-2.166574993855974e-06
0.0002799995673440711,505,2,4.0027111912869295e-11,-2.219515740586875e-06
0.00028997925184033916,505,2,3.378473320500314e-11,-1.2369966488900985e-06
0.00029996847699488365,505,2,1.8885107524693094e-11,-9.801345542959083e-07
0.00030999245089309926,505,2,1.9312547991950815e-11,-3.506136720954345e-07
0.0003199568713655011,505,2,-5.121396977496632e-12,-2.7214790015994694e-06
0.0003299560514831476,505,2,-1.3047379218556255e-11,2.1207547948876027e-06
0.00033998257775922535,505,2,-5.472176521187063e-12,1.149022575974712e-06
0.00034999508288619874,505,2,3.686153060577808e-12,9.50067096883167e-07
0.0003599730365147739,505,2,2.1637776287516605e-11,1.9238072844762755e-06
0.00036996789073153146,505,2,2.4987535966140145e-11,-2.114323403468177e-06
0.00037997066386399344,505,2,1.6926469090011633e-11,-4.480036897014372e-07
0.00038996051971769744,505,2,3.4870291644949723e-11,2.2504714091153843e-06
0.0003999959653119283,505,2,4.856610109866622e-11,-2.1391017799854417e-06
0.0004099650516530841,505,2,1.80122430100578e-11,-7.897566158820979e-07
0.00041998149695313813,505,2,6.354178142854716e-12,-9.211083762394878e-07
0.00042997783813852837,505,2,1.2362836855584966e-11,1.8164893145766747e-06
0.0004399826335932183,505,2,1.9669857986869856e-11,-2.9369953580271613e-08
0.00044995611321564996,505,2,3.636592868744119e-11,2.4866905829479258e-06
0.00045999208083552084,505,2,5.530160892750196e-11,1.8168691550413119e-06
0.0004699576675885509,505,2,5.5647128188219836e-11,-2.228838202444905e-06
0.0004799734538236568,505,2,3.7368575651241165e-11,3.429266830501376e-07
0.0004899773262599515,505,2,4.919344063674454e-11,-8.71658121626151e-07
0.0004999948446451585,505,2,3.813364243144678e-11,8.456607058643373e-07
0.0005099888774020678,505,2,3.85532489508027e-11,-9.445300916954835e-07
0.0005199581163766662,505,2,3.573678527861694e-11,1.6191327689707435e-07
0.0005299594725546438,505,2,3.62356681474701e-11,-1.0144238651865756e-06
0.0005399610257029467,505,2,4.047082126753176e-11,1.3625382639936845e-06
0.000549997561552946,505,2,4.64452684093079e-11,1.0589910141023395e-06
0.0005599780568693812,505,2,5.313463982480293e-11,1.192172945141401e-06
0.0005699716516408677,505,2,3.726461202838789e-11,-2.7891427902826393e-06
0.0005799804737262408,505,2,2.4893450338179732e-11,-5.072540687489635e-07
0.0005899891484605743,505,2,2.1133444115788852e-11,-6.644775110142831e-07
0.0005999957831306825,505,2,1.8660907034570053e-11,8.266601136952545e-08
0.0006099630404516961,505,2,5.0655674729979065e-11,3.863411698667996e-06
0.0006199734262473491,505,2,5.33130384660469e-11,-1.6189497099583505e-06
0.000629980081594427,505,2,7.868473034862867e-11,4.350200457858833e-06
0.0006399702290639075,505,2,1.0673512035213923e-10,1.0653414803662997e-06
0.0006499753927367723,505,2,8.924633707036957e-11,-2.3885904247844536e-06
0.0006599828886209325,505,2,5.951325449125627e-11,-5.013670179576657e-06
0.0006699829636183788,505,2,3.363885400428906e-11,6.836248640507137e-07
0.0006799933337324186,505,2,3.976228303524134e-11,1.9176740323478825e-07
0.0006899675594927731,505,2,3.1865624989900606e-11,-1.286608077410989e-06
0.0006999566791805224,505,2,3.787857583880316e-11,2.107224037095623e-06
0.0007099584768489616,505,2,6.047191410321612e-11,1.0982307218632137e-06
0.0007199725007497685,505,2,4.940406351419551e-11,-2.4919160551695185e-06
0.0007299613525878762,505,2,2.1441983900086703e-11,-3.5920159515701044e-06
0.0007399900911148834,505,2,-7.841476410254747e-12,-6.671967758276054e-07
0.0007499899424045427,505,2,-1.2555240396330044e-11,-3.858253641020326e-07
0.0007599752199016432,505,2,-2.0535585513699935e-11,-1.99087281183008e-06
0.000769979653422755,505,2,-1.7808826841599762e-11,1.2939873925421619e-06
0.0007799714476631343,505,2,-1.619349165665144e-11,-3.007106753605271e-07
0.0007899882017718372,505,2,-3.6669057194979246e-11,-4.97048619274576e-06
0.0007999894016024467,505,2,-7.716909698599929e-11,-6.187515797506649e-07
0.0008099743756207648,505,2,-8.185384987001443e-11,-7.84324953873039e-08
0.0008199895440748132,505,2,-6.349006064811091e-11,4.246748043779114e-06
0.0008299581994323049,505,2,-2.832543859296495e-11,3.158110150315585e-06
0.0008399896869195143,505,2,-6.820436142945807e-12,-1.1292413025776327e-06
0.0008499654877961996,505,2,-1.9522738758720112e-11,-8.166209995996709e-07
0.0008599657983571072,505,2,-2.7831980061007906e-11,-3.7060403587640955e-07
0.000869974189158615,505,2,-2.328516910809087e-11,3.8564594706524957e-07
0.0008799904944519329,505,2,-3.539035987279882e-11,-5.801650769798883e-07
0.0008899722043754963,505,2,-5.801707879849079e-11,-2.9369562397074667e-06
0.0008999634188782872,505,2,-6.856270840785092e-11,-1.527272596169027e-07
0.0009099728035892673,505,2,-6.35561227534413e-11,-7.689007568423278e-07
0.0009199644112581268,505,2,-7.162185645584853e-11,-2.251491991955845e-06
0.0009299654750173452,505,2,-3.446258903250232e-11,4.8405023821418425e-06
0.0009399667116566871,505,2,-4.375886911733872e-11,-1.5683307279523717e-06
0.000949993153366058,505,2,-3.960562433823347e-11,4.005918207372616e-06
0.0009599776261818661,505,2,-1.9542300651753002e-11,-1.713602865827113e-06
0.0009699958165689663,505,2,-4.964769691011544e-11,-5.801145657402529e-06
0.0009799642605983281,505,2,-9.6394821053232e-11,-3.275295835436509e-06
0.0009899666686108526,505,2,-1.092508216462033e-10,1.1028497381992963e-07
0.0009999658808187348,505,2,-1.0391163343464408e-10,3.5386462446940214e-06
0.0010099702017673457,505,2,-6.616707735104116e-11,1.2689890247497004e-06
0.0010199673356959494,505,2,-5.916800956248715e-11,-8.180393722412305e-07
0.0010299958828595638,505,2,-4.954179616187531e-11,1.6332956406239774e-06
0.0010399715912952755,505,2,-5.991740129496648e-11,-4.225013374492548e-06
0.0010499598083871873,505,2,-1.1501507802798641e-10,-4.2269698822816615e-06
0.0010599560419078558,505,2,-1.3458772830476744e-10,1.3636452602661109e-06
0.001069971167556783,505,2,-1.5152257066782839e-10,-4.627225254405509e-06
0.0010799904971131116,505,2,-1.787113796520006e-10,-1.1773309455120895e-07
0.0010899580585454322,505,2,-1.817428055923484e-10,4.413535029113014e-07
0.001099995097200793,505,2,-1.7041702727801922e-10,4.7873393693720345e-06
0.0011099605620624017,505,2,-1.3769481716397088e-10,1.4848025329250447e-06
0.0011199778366987173,505,2,-1.0710430627244513e-10,4.8583165244142634e-06
0.0011299999004189144,505,2,-8.397906874838944e-11,-3.0718720256395216e-07
0.0011399688574877478,505,2,-9.710973813818226e-11,-3.4440732438190125e-07
0.00114999104053655,505,2,-8.303969443762983e-11,2.792861878653241e-06
0.0011599749759054815,505,2,-6.006311356750952e-11,-8.956314608288274e-07
0.0011699767987091371,505,2,-5.411702195309148e-11,6.534846770933633e-07
0.0011799851497623372,505,2,-4.308171790774924e-11,1.5373055115563972e-06
0.0011899589811022926,505,2,-2.4646133834423274e-11,3.3582666004450257e-06
0.0011999954661071714,505,2,-2.1070473924661437e-11,-2.3280136803027762e-06
0.0012099633255643625,505,2,-4.375533250067405e-11,-7.512701543088696e-07
0.001219957314258476,505,2,-3.5286947761567836e-11,1.6327863650023033e-06
0.001229972834827589,505,2,7.211906727599927e-12,4.205582138538944e-06
0.0012399578590630244,505,2,2.277465287163499e-11,1.911963990464116e-06
0.0012499675495489986,505,2,3.38168638616454e-11,2.7081599058842443e-06
0.0012599568785764768,505,2,6.182809743444039e-11,2.63259497734758e-06
0.0012699664231770695,505,2,6.06868610743337e-11,-3.417953027717857e-06
0.0012799807341562824,505,2,5.156338396083808e-11,1.7951457391141012e-06
0.0012899597591071081,505,2,8.317419805193085e-11,9.399293458556279e-07
0.001299986675857092,505,2,7.521579394070181e-11,1.560533224864713e-08
0.0013099848057680256,505,2,8.109702011422043e-11,-8.154627765266653e-07
0.0013199736548793655,505,2,8.214541350807483e-11,1.9619123964309537e-07
0.0013299822310088466,505,2,8.031708552223979e-11,2.721044308562695e-07
0.0013399713214551755,505,2,7.188621874211509e-11,-7.441657361717535e-07
0.00134996429524554,505,2,7.772383081987321e-11,3.1163429622393934e-06
0.001359974641634749,505,2,8.935582653711799e-11,1.8288510359454335e-06
0.0013699800802793275,505,2,9.578934873625449e-11,-6.747260630213248e-07
0.0013799694917800399,505,2,1.0734787508909086e-10,2.4112410496324177e-06
0.00138997241891667,505,2,1.1607988006955613e-10,-1.7692943978242504e-06
0.0013999902988138808,505,2,1.0962358690073948e-10,-3.760243432598953e-07
0.0014099770974287595,505,2,1.0125127410896004e-10,-1.704451891341996e-06
0.0014199643077242696,505,2,1.0047479424927499e-10,-1.6110841261074427e-07
0.001429965001313615,505,2,9.002705196180672e-11,-2.412045609134772e-06
0.001439978580402546,505,2,7.829976538697341e-11,-1.5150064704982924e-06
0.0014499934135066034,505,2,4.931579074279749e-11,-7.233316716703797e-07
0.0014599848922581238,505,2,5.276111130972502e-11,6.195167980838079e-07
0.0014699826767232574,505,2,5.41893859157868e-11,-6.160231655893966e-07
0.0014799556062961275,505,2,6.173931681109808e-11,2.3701649987106777e-07
0.0014899566844938142,505,2,6.100286308675972e-11,-1.5274338955872935e-06
0.0014999967921634487,505,2,4.4361915538731556e-11,-1.3587498999267922e-06
0.0015099576959541085,505,2,3.040452486541235e-11,5.501250830430848e-07
0.001519989648142698,505,2,4.0636476656379225e-11,1.3499501727576302e-07
0.0015299694516815677,505,2,3.066467118727373e-11,-2.867396876160555e-06
0.001539989840410008,505,2,1.9991013540870484e-11,1.7246118416691658e-06
0.0015499845632675228,505,2,3.670697105377218e-11,2.33105759402108e-06
0.00155996167363527,505,2,3.76261666307665e-11,-1.5315160838413888e-06
0.0015699620344369163,505,2,1.814982001225717e-11,-2.7612115256481218e-06
0.0015799825530535185,505,2,4.40684579892112e-12,-2.164695818818174e-06
0.001589998112228593,505,2,-2.7156841994624165e-11,-2.5443613375086827e-06
0.0015999618879190937,505,2,-3.1803448289073784e-11,-1.0413717989321558e-06
0.001609985878875884,505,2,-3.4065114735916304e-11,1.5637295207593382e-06
0.0016199795012749702,505,2,-3.449416976825017e-11,-2.279566609642014e-06
0.0016299952643993435,505,2,-5.7910277362848393e-11,-2.7735447247767553e-06
0.0016399765803374212,505,2,-8.107400805185843e-11,-1.789520462369687e-06
0.0016499971999057292,505,2,-9.13109159511843e-11,-7.830199639791147e-07
0.0016599592000508241,505,2,-1.0056909666007166e-10,5.179763986618013e-07
0.0016699850782126169,505,2,-8.907247992163319e-11,9.432032431200277e-07
0.0016799591029450587,505,2,-9.022922570572586e-11,-1.2778181046613213e-07
0.0016899912409734483,505,2,-7.264844698447138e-11,2.718576841087561e-06
0.0016999711866510561,505,2,-7.221600050675561e-11,-2.183974281422252e-06
0.0017099890935931767,505,2,-9.040296697950803e-11,-9.101417586254712e-07
0.0017199842058484868,505,2,-9.655790270536417e-11,-1.2654162377945255e-06
0.0017299700066734725,505,2,-1.0532563489179959e-10,-1.9387536509540837e-07
0.0017399988872449053,505,2,-1.231696387542008e-10,-2.122522513747782e-06
0.00174998548405672,505,2,-1.306909574051024e-10,1.636556441475534e-06
0.0017599911249635096,505,2,-1.3122441737292538e-10,-1.998950001858013e-06
0.0017699644322331331,505,2,-1.4262220126692177e-10,-1.660185713681095e-06
0.0017799833496972783,505,2,-1.683399734983982e-10,-3.155825852640959e-06
0.0017899751569559934,505,2,-1.8609023401546486e-10,-1.6048114923616907e-06
0.0017999750671708237,505,2,-1.897481131365921e-10,1.4224966699005748e-07
0.0018099656639713377,505,2,-1.730502532720432e-10,3.351080061220202e-06
0.0018199608746322167,505,2,-1.2574954987888687e-10,3.2379807342643174e-06
0.0018299962293289675,505,2,-9.850930539497503e-11,2.994527412730763e-06
0.0018399939108237624,505,2,-7.654193441173837e-11,3.0670986204683892e-06
0.0018499643565681202,505,2,-4.935523512236348e-11,3.0331970785058004e-06
0.001859968540797818,505,2,-4.8446026080757945e-11,-7.851402586411815e-07
0.001869999360236389,505,2,-6.629509267941369e-11,-2.801954377629201e-06
0.0018799855178169224,505,2,-5.916119813010115e-11,6.984472540050302e-07
0.0018899824686351974,505,2,-5.6972162935670784e-11,3.4996217840310706e-07
0.0018999688812909043,505,2,-4.0092825950464525e-11,2.2960051764275846e-06
0.0019099731049039086,505,2,3.4689631267341425e-12,5.948249624188051e-06
0.0019199777923854333,505,2,3.506253509646777e-11,1.7506647103093798e-06
0.0019299750326173368,505,2,5.798593522661141e-11,1.5054830701521915e-06
0.0019399892912366989,505,2,6.982404574234352e-11,2.9467606850186456e-06
0.0019499778420350884,505,2,9.916621268991985e-11,1.168866900935761e-06
0.0019599927968355544,505,2,1.0735332227665949e-10,1.994261868754066e-06
0.0019699674488002435,505,2,1.1375575630664762e-10,-2.9488382269349245e-06
0.0019799664640804933,505,2,9.986128249187334e-11,-5.601702195434655e-07
0.001989965194383709,505,2,9.188885860978574e-11,-1.2205028032674647e-07
0.001999988546064914,505,2,1.1166059222400158e-10,1.7213650593816965e-06
0.002009994633218821,505,2,1.0917219671411748e-10,5.341796176505653e-07
0.0020199843076899957,505,2,1.202893972377197e-10,8.432745106645712e-07
0.0020299764806285645,505,2,1.27062206712804e-10,-1.2489024425743622e-06
0.002039971510100887,505,2,1.2210154632759715e-10,9.913928022964313e-08
0.0020499851170852467,505,2,1.0605095489998298e-10,-2.444077638719122e-06
0.0020599798170726474,505,2,7.879286663704517e-11,-1.5082519515541293e-06
0.002069983527623644,505,2,8.202911157132505e-11,-1.2272522664780183e-06
0.0020799726396303945,505,2,5.41727334953774e-11,-3.382597986822944e-06
0.00208998828091631,505,2,2.4550499315239248e-11,-2.7020505848351917e-06
0.002099960695316437,505,2,-8.017676156508741e-12,-2.2505577619291728e-06
0.0021099569615075624,505,2,1.2692876660342538e-11,4.07383044964682e-06
0.0021199732712319213,505,2,2.015238517578369e-11,-1.8108712747100242e-06
0.0021299680703956545,505,2,1.5715748396321282e-11,4.38766921573297e-07
0.002139995320785377,505,2,1.9001279549458658e-11,1.1067333207659402e-06
0.0021499764219865022,505,2,1.8285279713303347e-11,-5.978296195030541e-07
0.0021599568904996183,505,2,-6.426283785065077e-12,-2.976629020767785e-06
0.00216996056612999,505,2,-5.282508456404484e-12,2.0329642143115945e-06
0.0021799808111731527,505,2,8.144203106538446e-12,-2.1839501840315023e-07
0.0021899674700162188,505,2,1.9889454463289415e-12,-4.0431215064806736e-07
0.002199956944858223,505,2,7.872562475373266e-12,9.720263473012025e-07
0.0022099594802748325,505,2,3.293511871986011e-11,2.6437625882946847e-06
0.002219960109732291,505,2,3.181230032886181e-11,-1.2553492886591133e-06
0.00222997330339741,505,2,2.3556182713799483e-11,-1.2707597158989614e-06
0.0022399795506986573,505,2,1.4892967491430794e-11,6.037485406618082e-07
0.0022499847016867664,505,2,1.9863782504020737e-11,6.849533416009024e-07
0.0022599966361363855,505,2,3.497177361034534e-11,1.5477881738501509e-06
0.0022699726010188934,505,2,4.466581997249501e-11,2.1982550744148455e-06
0.0022799730230051783,505,2,5.561077871457719e-11,-1.6350327515790575e-06
0.002289961888919968,505,2,3.985144000040431e-11,-3.568144121279815e-07
0.0022999862878289507,505,2,5.5157154802970424e-11,1.3537928733597937e-07
0.002309997801497285,505,2,1.6274783483830155e-11,-5.6145233311988285e-06
0.002319972401179661,505,2,-3.3555911549818226e-11,-4.0471451383528034e-06
0.0023299749916493783,505,2,-6.579254194841709e-11,-3.0802987369682455e-06
0.002339963899198567,505,2,-9.489351889175896e-11,-4.8177470729597605e-06
0.0023499854099363884,505,2,-1.0033595543734069e-10,3.2740248424728557e-06
0.0023599643631998686,505,2,-6.769288652534765e-11,4.972598746377788e-07
0.0023699582888794955,505,2,-8.535707761229397e-11,-1.9023737168333277e-06
0.0023799969164151912,505,2,-8.298590056607803e-11,1.2648142936333429e-06
0.002389999360669749,505,2,-7.197179530409221e-11,-2.4290022471729067e-06
0.0023999861354865866,505,2,-7.501098232612076e-11,1.1277360702499628e-06
0.002409998648478418,505,2,-6.194190055453907e-11,1.1822827335472574e-06
0.002419975314626342,505,2,-4.9228529503439044e-11,2.6999523286275195e-06
0.00242999777759559,505,2,-2.202345861746852e-11,3.2895858774750764e-06
0.002439980206408675,505,2,-8.606283375809287e-12,-1.505820428349125e-07
0.0024499882859080756,505,2,-8.576416097081209e-13,1.6469680772512874e-06
0.002459968817885451,505,2,-5.8598308463311734e-12,-1.218971376060196e-07
0.0024699800815520226,505,2,1.4286542191236859e-11,1.984313329872478e-06
0.002479985634592174,505,2,2.5460103236828527e-11,2.122394765255442e-06
0.0024899946162147495,505,2,3.942001113960104e-11,-2.2655429809947947e-06
0.0024999673900585806,505,2,2.916386426923606e-11,-7.602927243333113e-08
0.002509994416373522,505,2,-3.868638238533825e-12,-3.2921651322848078e-06
0.002519984821243666,505,2,-3.5318438266283944e-11,-3.374009550416446e-06
0.0025299979662083026,505,2,-5.0305886321139556e-11,5.166227471375961e-07
0.0025399737370046405,505,2,-4.499783004365053e-11,-2.090637343243884e-07
0.002549962943706849,505,2,-6.858507658795367e-11,-9.94122320352453e-07
0.002559987272755071,505,2,-6.655748637471347e-11,-1.7612050551285563e-07
0.0025699659481242428,505,2,-7.024034663367235e-11,8.587552144945221e-07
0.002579994484637053,505,2,-6.286867956160598e-11,4.823524819563829e-07
0.0025899940073215322,505,2,-4.888976528642981e-11,3.0600933058622104e-06
0.002599982692719946,505,2,-1.9778218991433195e-11,7.086652389354242e-07
0.0026099583410498137,505,2,-2.6507477672070242e-11,-1.3773148927476164e-06
0.0026199908534473193,505,2,-2.3419292206392872e-11,3.954036631448332e-07
0.0026299760523095877,505,2,-3.269098328899465e-11,-2.203196702355026e-06
0.002639963377767787,505,2,-3.98440371018519e-11,1.4311633288466297e-06
0.0026499887386907004,505,2,-2.7134876187358617e-11,4.4672705801218626e-07
0.002659993444675745,505,2,-1.790405024826064e-11,-3.922554685509283e-07
0.0026699594477339783,505,2,-2.599347077641631e-11,-1.6464176530450736e-06
0.0026799593693022797,505,2,-3.598387436646786e-11,-9.618425711455103e-07
0.0026899901993603158,505,2,-2.3870469876260053e-11,3.7525766868329313e-06
0.00269998736849525,505,2,-4.5626683312614824e-12,1.0453082468497854e-06
0.0027099564543407117,505,2,-7.32220620772064e-12,-1.5340820249537535e-06
0.0027199638333857924,505,2,9.397600597281942e-13,8.082999817526915e-07
0.0027299630282449096,505,2,1.178131259185793e-11,-1.198726456097532e-06
0.0027399918897720262,505,2,1.7290510437127779e-12,-1.681413192233805e-06
0.0027499991272805194,505,2,-1.1243209319014135e-11,-3.2585880800350964e-06
0.002759965226510916,505,2,-4.279810430747946e-11,-1.0048531828843466e-06
0.0027699799082271143,505,2,-4.405225327314827e-11,2.618655420727478e-06
0.002779970536157839,505,2,-3.8777718083565955e-11,-7.211818955354943e-07
0.0027899670463153404,505,2,-2.774089246889485e-11,3.561871330104438e-06
0.002799996203365536,505,2,3.584772723889268e-13,2.2387738385365452e-06
0.002809997833640168,505,2,6.824704077692742e-12,-1.4898348761338553e-06
0.002819967008977856,505,2,-1.2880523863755163e-11,-2.1539974639495085e-06
0.0028299625308132867,505,2,-3.516025632536307e-13,1.9714295962369732e-06
0.0028399829465466557,505,2,9.322032349604742e-12,1.8197355228233292e-06
0.0028499720052161245,505,2,1.2247164382899606e-11,-3.5275383281074824e-08
0.002859993355102407,505,2,2.7521421258483794e-11,3.619369768892433e-06
0.00286996652586216,505,2,5.113928707313042e-11,-8.840231421336497e-07
0.0028799708610538098,505,2,5.929873954336421e-11,2.273444555056514e-06
0.002889995639778524,505,2,6.870103634202748e-11,3.210039674073073e-07
0.002899980473333962,505,2,6.970927659980322e-11,8.525206786624828e-07
0.002909978057514456,505,2,6.747728297071178e-11,-2.355449982005542e-06
0.0029199887633107307,505,2,5.834234514229784e-11,1.9595610416534015e-06
0.002929991954553023,505,2,9.027697491469089e-11,3.505431297012862e-06
0.0029399764697640284,505,2,1.1474660947168123e-10,4.902803029338543e-06
0.002949998184656102,505,2,1.628705745710399e-10,-1.0431403387745064e-06
0.002959979252006029,505,2,1.1546531517237424e-10,-3.2157933974596986e-06
0.002969980736582091,505,2,1.0558854500784072e-10,-2.6513329769439764e-06
0.0029799930482495057,505,2,7.320250102019503e-11,-1.7457220079508673e-06
0.0029899731213205967,505,2,5.612355954189843e-11,-3.7063551457383603e-06
0.002999972572662621,505,2,4.29231622779149e-11,1.8030880510888636e-06
0.003009966234808012,505,2,6.921029615841907e-11,4.283603945332004e-06
0.003019993492019316,505,2,1.0848475377978018e-10,2.116892213521737e-06
0.0030299923285373176,505,2,1.143412081727891e-10,-1.5808725768451382e-06
0.003039985271719881,505,2,9.114985506894252e-11,-3.065288475267991e-06
0.0030499910953431784,505,2,7.15464744673283e-11,-1.1397883801222974e-06
0.003059964952357777,505,2,6.661431287493819e-11,2.7373749139636416e-06
0.003069994740587669,505,2,8.942970393084962e-11,4.524139169292951e-06
0.00307995931289467,505,2,9.821816707248623e-11,1.3916037200356612e-07
0.0030899847747873333,505,2,9.908951222346645e-11,-1.3788432942085649e-06
0.00309997082118476,505,2,7.630049775998e-11,-3.3415785698487355e-06
0.0031099691440506253,505,2,4.705627608490165e-11,1.7086603928406774e-06
0.003119998919780487,505,2,9.920931307713849e-11,6.439556921339351e-06
0.0031299647571994,505,2,1.6616018264198318e-10,4.45593070086403e-06
0.0031399993771487637,505,2,1.5454696955847125e-10,-3.333442524677821e-06
0.0031499598328533266,505,2,1.2186495900637741e-10,-5.359397829002299e-07
0.00315999109527504,505,2,1.189111469101329e-10,1.4080676224992317e-06
0.003169982639720877,505,2,1.0642486877270025e-10,-4.1545118117103375e-06
0.0031799856317141556,505,2,8.82588129226956e-11,-7.085228786452014e-07
0.0031899737695395883,505,2,1.1145545678364259e-10,2.3632389980488e-06
0.0031999917316139974,505,2,1.0097845394460526e-10,-2.2015324259248154e-06
0.003209996339448164,505,2,9.446229880594246e-11,7.009728162366002e-07
0.003219965161145989,505,2,8.030679523067172e-11,-1.7998807538242845e-06
0.0032299581354244193,505,2,8.437930788587618e-11,7.181437143843894e-07
0.003239970433001811,505,2,7.862951846599614e-11,-3.4669462943837104e-06
0.0032499679490677596,505,2,4.794827803038392e-11,-2.4902739959031805e-07
0.0032599571624250044,505,2,4.1601202456574126e-11,-1.1895571889741774e-06
0.0032699997190781685,505,2,1.291739168090395e-11,-2.466973346493262e-06
0.00327997660839436,505,2,-1.593516360260793e-11,-2.1609361580132713e-06
0.0032899765442371623,505,2,-2.7880707427008558e-11,2.2898193466902583e-06
0.0032999730807222838,505,2,1.5241383103384775e-11,4.759620016225874e-06
0.003309977879925228,505,2,2.9072673928638368e-11,-3.918754742260333e-06
0.003319972582669815,505,2,-1.6612775750586648e-11,-5.224586246688201e-06
0.003329965863041504,505,2,-7.693845365495944e-11,-5.9260839488026185e-06
0.0033399809040717365,505,2,-1.1157173054977061e-10,-1.6996084112319565e-06
0.0033499906507562763,505,2,-1.3524390051063932e-10,-1.8826638210622804e-06
0.0033599958270293805,505,2,-1.457645926839857e-10,4.455357816013361e-08
0.003369960269393244,505,2,-1.3932377892708365e-10,-2.4559424194325885e-06
0.0033799722574691634,505,2,-1.4277878404860174e-10,4.912363768871941e-06
0.0033899916558431486,505,2,-9.723477546134257e-11,8.48532478503472e-07
0.003399995227773425,505,2,-1.0954488238821419e-10,-1.2222014599272413e-06
0.0034099763881091085,505,2,-7.249215775730587e-11,4.799803309141204e-06
0.003419990288270649,505,2,-5.4542387492866225e-11,8.814186298611304e-07
0.0034299796669928205,505,2,-5.4947075413410394e-11,-1.386630121835708e-07
0.003439982401248543,505,2,-4.0628179924615156e-11,-5.941339152881753e-07
0.003449974731003177,505,2,-5.148555045568059e-11,-8.46660356157436e-07
0.0034599728513892945,505,2,-6.366623866288761e-11,-2.3409729414947122e-06
0.003469973705488485,505,2,-7.231739111625973e-11,1.2194434114119745e-06
0.0034799853355285764,505,2,-7.299394045473008e-11,-1.4353080722007139e-06
0.003489970909260417,505,2,-7.390028926258438e-11,3.316172824813224e-07
0.003499988732211183,505,2,-7.755802881978698e-11,3.50977903240679e-07
0.003509987757324931,505,2,-3.773204346896059e-11,6.424704066865239e-06
0.003519996837758516,505,2,-2.0251935707853858e-13,2.6999654729742417e-06
0.0035299840719765444,505,2,2.502527068762913e-11,-1.8394853573688863e-07
0.003539999247022662,505,2,8.964971628011749e-12,-7.471505584222271e-07
0.0035499750470102814,505,2,3.664864635724574e-12,2.1164649388616397e-07
0.003559987345307009,505,2,8.150187190175857e-12,-1.4053929794366482e-06
0.003569991342151219,505,2,3.3423208997554812e-12,2.5735180186892137e-06
0.00357999935868398,505,2,3.563250147280974e-11,1.803033169323065e-06
0.0035899827101628138,505,2,4.570255449315528e-11,2.721923100246215e-06
0.003599989507754609,505,2,7.216297485681752e-11,4.045406147845654e-07
0.003609987609753006,505,2,8.03130727942847e-11,1.9437925455889626e-06
0.0036199706403360955,505,2,9.772089405131804e-11,3.3057338311159867e-06
0.00362998239784877,505,2,1.196081072625196e-10,-3.0617849056113755e-07
0.003639959160008169,505,2,1.180071728404614e-10,1.669598781339765e-06
0.003649955457475156,505,2,1.4018769963099328e-10,1.2698306073866128e-06
0.003659999069154944,505,2,1.6264512870192704e-10,4.80317851269535e-06
0.0036699606504969565,505,2,1.716091501419311e-10,-1.2974671894649958e-06
0.0036799600199480973,505,2,1.8835784227645962e-10,3.4262678450663886e-06
0.0036899913764507465,505,2,2.0388018863773914e-10,-3.458367399972878e-06
0.003699982913942179,505,2,1.681220165457276e-10,2.2986914886019712e-07
0.0037099757384516734,505,2,1.6386842493294924e-10,-5.212811582389065e-08
0.0037199943889358097,505,2,1.8254435224014263e-10,2.540755931895733e-06
0.003729962389202568,505,2,1.9513737308418828e-10,-6.491910782280286e-07
0.003739976717589097,505,2,1.6695492995641003e-10,-4.891891256741943e-06
0.003749962843021728,505,2,1.3346522635850197e-10,-1.8919432152042504e-06
0.003759981563887964,505,2,9.120271863573802e-11,-2.549366740822734e-06
0.0037699657838864884,505,2,7.41876034210517e-11,-3.7181191328006236e-06
0.003779989481127052,505,2,5.590521213753234e-11,1.0993561800898277e-06
0.003789992714413908,505,2,7.12568904604621e-11,-5.33660121093682e-07
0.003799958127050029,505,2,7.508208416906709e-11,2.562621121130447e-06
0.0038099628048722306,505,2,7.723877691812519e-11,-1.4411796371849306e-06
0.003819965322099062,505,2,5.826478871432289e-11,-2.358064385810099e-06
0.0038299977230396107,505,2,4.019756374089104e-11,-5.727462434990116e-06
0.003839982251655563,505,2,-3.974648053700858e-12,-7.816414071687428e-07
0.0038499999632941144,505,2,3.122694599729366e-12,1.130991939102266e-06
0.0038599853756904998,505,2,-2.5923952497987292e-11,-2.8808374630262534e-06
0.0038699966226814213,505,2,-1.8621161639823403e-11,2.2262232548531102e-06
0.0038799758307534967,505,2,-8.844259980987353e-12,-2.4099424449364193e-06
0.0038899749412881868,505,2,-4.556077634390983e-11,-3.750788587719711e-06
0.003899974279069712,505,2,-2.622264936048553e-11,3.414645153965168e-06
0.003909981045563255,505,2,-7.774610856904444e-12,3.226209473489172e-06
0.003919979483561263,505,2,1.9373809875171746e-11,1.2042337050877094e-06
0.003929974164293732,505,2,1.3748846602973873e-11,8.767918739938096e-07
0.003939965643851169,505,2,1.2013624754833759e-12,-2.336838158867316e-06
0.0039499920406901945,505,2,-3.378203601323579e-11,-3.5689127806382004e-06
0.003959957102444371,505,2,-6.549707779986754e-11,-3.283121891239915e-06
0.003969981472115329,505,2,-8.155592942925586e-11,5.541719898527475e-07
0.003979983658302246,505,2,-3.714379627847318e-11,3.2132955913866112e-06
0.003989996897388895,505,2,-2.3183151877164895e-11,7.260018726196193e-07
0.003999962066184443,505,2,-5.154973102300831e-11,-3.26696507713109e-06
0.004009982616686821,505,2,-6.550197740435269e-11,-2.4022206728258055e-06
0.004019985737106671,505,2,-6.781880525913442e-11,2.7365754655672703e-06
0.004029985450337512,505,2,-4.816026211455684e-11,-1.8379615603740518e-06
0.004039966885469826,505,2,-6.522042026455357e-11,-7.462275804781537e-07
0.004049957672285779,505,2,-7.733987579592976e-11,-4.7488880797197375e-07
0.004059981472726734,505,2,-7.572737617913324e-11,1.5073292910505742e-06
0.00406997745205338,505,2,-6.047230903148074e-11,1.7474249975890643e-06
0.004079973744767089,505,2,-7.025222936751004e-11,-5.362300690148203e-06
0.004089967943497107,505,2,-1.0644362398882362e-10,-5.163555214515725e-07
0.00409995910856725,505,2,-7.960158911418744e-11,5.400782101538937e-07
0.004109980115336773,505,2,-1.111923400474665e-10,-1.613197044836312e-06
0.004119984125208945,505,2,-8.419267682384466e-11,4.272818364570163e-06
0.004129964255278309,505,2,-7.630944105909776e-11,6.792530863886093e-07
0.004139984312080828,505,2,-7.836363347707063e-11,-6.506596025301903e-07
0.004149995956521106,505,2,-7.355879738095048e-11,-4.996718792060761e-07
0.004159984365413026,505,2,-5.71042081768146e-11,3.7841502178448394e-06
0.004169957460397018,505,2,-2.297329486721132e-11,9.173350656865864e-07
0.004179975603296128,505,2,-5.0289859065678856e-12,2.8946257060180614e-06
0.004189960119300603,505,2,2.7505052476374146e-11,1.974528629877792e-06
0.004199994698658853,505,2,2.3156071803548438e-11,-2.341366352971719e-06
0.004209996904761525,505,2,2.174040315685384e-11,1.608922687634795e-06
0.004219994070290476,505,2,2.7563767257830817e-12,-2.583387331889231e-06
0.004229969721830748,505,2,-1.892549133156022e-11,-2.152181555747923e-06
0.0042399745007891355,505,2,-2.9238241564872496e-11,-8.006789236070233e-07
0.004249982306832177,505,2,-5.055156533699073e-11,-1.9275897034098932e-06
0.004259982568110752,505,2,-4.256100061210519e-11,2.4698005879342233e-06
0.004269964160984992,505,2,-1.4475374566537413e-11,1.804872711286265e-07
0.004279999742011297,505,2,-1.3413836068374568e-11,3.593714653082891e-07
0.0042899881831208065,505,2,1.1411594230876544e-11,2.1474202011040333e-06
0.004299982584989596,505,2,1.2354065187365174e-11,1.1013531948239619e-06
0.004309970035917239,505,2,2.835990248232855e-11,2.136854939549515e-06
0.004319999374273674,505,2,4.685554947220894e-11,2.017179436597516e-06
0.004329993981516786,505,2,2.486338634028482e-11,-2.2590697925650716e-06
0.004339957996342546,505,2,4.891761515714126e-12,-1.1655750822292532e-06
0.004349963206873632,505,2,-1.4614678689245028e-12,9.015896827724301e-07
0.004359990236780178,505,2,7.916981550589244e-12,-3.5028685867466436e-06
0.004369973183385304,505,2,-2.920659016963619e-11,1.8598007258674443e-06
0.00437998615140778,505,2,5.378427392311539e-12,3.6428528080723055e-06
0.004389983665670742,505,2,3.496146150767888e-11,3.112652919856629e-06
0.0043999586148666244,505,2,2.572117681603342e-11,-5.223687024713541e-06
0.0044099993160019715,505,2,1.1587698790956058e-11,1.3999492809446679e-06
0.004419956260684955,505,2,-3.309321214414393e-12,-3.537270279352356e-06
0.0044299611819229485,505,2,-3.5537410823316753e-11,-1.697302981606974e-06
0.004439972548915116,505,2,-2.4290638809187567e-11,1.4323687365092042e-06
0.004449970402193156,505,2,-3.6212202277042214e-11,-3.109562138781108e-06
0.0044599950945013065,505,2,-1.5746511841836786e-11,5.285690945266985e-06
0.004469967334358652,505,2,3.5443224825340222e-12,1.1939866040311387e-06
0.004479959399329604,505,2,2.5029220991797108e-11,4.461891083828995e-07
0.0044899665489456985,505,2,9.759628828297402e-12,-2.9699694946705435e-06
0.004499989685407309,505,2,1.0673445905318851e-12,-1.3317167102400163e-07
0.004509994842501989,505,2,-3.7816411785872306e-12,6.341341362570141e-07
0.00451998440936643,505,2,1.0785116140552171e-11,-1.7823056238652768e-06
0.004529966366454434,505,2,3.718766221068141e-12,2.1864010993355443e-06
0.004539974687750707,505,2,1.261236482006517e-11,-1.1559220440826579e-06
0.004549966025476365,505,2,1.4133690420282952e-12,-4.3718913711465746e-07
0.004559965924704872,505,2,-7.822077946299799e-13,-1.4691903242325388e-06
0.004569966257261108,505,2,-3.292828385176652e-13,7.276334302863674e-07
0.004579980735928727,505,2,2.1886902338251468e-11,4.808457613136863e-06
0.004589969944166384,505,2,5.5981884167395635e-11,3.585335920597288e-06
0.00459996567268466,505,2,8.571842618576662e-11,-4.118997163071736e-07
0.004609958441749131,505,2,8.652317760643371e-11,1.1495480912726563e-06
0.004619962039231872,505,2,1.0387424587469073e-10,-7.174413328443069e-07
0.004629968572207945,505,2,8.348829318312843e-11,-1.732287743028138e-06
0.004639986773608062,505,2,6.434888346728684e-11,5.426930091978477e-07
0.004649993448754368,505,2,7.615063339969216e-11,-1.8072520580059148e-07
0.0046599877218289855,505,2,5.837149301646206e-11,-2.501134462012944e-06
0.004669984174244073,505,2,5.7835925596784986e-11,3.8048532607914964e-06
0.004679986633953577,505,2,7.886271702269325e-11,6.933909819650808e-07
0.0046899744027101235,505,2,7.271780092410907e-11,-6.318000533855894e-07
0.004699995325494959,505,2,9.239632514223151e-11,3.3625534598957785e-06
0.004709959483720083,505,2,9.750643627476178e-11,-3.6027406910832394e-06
0.004719957849489888,505,2,6.25550741306484e-11,-4.469231546511132e-07
0.0047299681944631255,505,2,6.565133889812041e-11,-2.943186845349999e-07
0.0047399957966518975,505,2,6.864813691863326e-11,-2.1958351181794455e-07
0.004749973233593551,505,2,5.261125436266953e-11,-1.340238137248484e-06
0.004759973025489073,505,2,5.877022439803323e-11,-4.971055904690047e-07
0.004769990488137166,505,2,6.133782910300138e-11,2.311719696668213e-06
0.004779996188618287,505,2,4.584949126363192e-11,-2.0328439065409043e-06
0.004789980228832013,505,2,4.537088744323834e-11,9.377478336070055e-07
0.004799973573577608,505,2,3.116156463286123e-11,-1.0441642108727223e-06
0.004809996370479239,505,2,2.7330114137514433e-11,-1.8779491847142893e-06
0.0048199903920037165,505,2,-2.6605807638133746e-12,8.526394714714058e-07
0.004829995363228399,505,2,-4.4882489482519616e-12,-1.1472537271850491e-06
0.004839982137742458,505,2,-1.4441639520225804e-11,-5.128408731014389e-07
0.0048499838476868855,505,2,-1.4557731377134558e-11,-2.261854427310084e-06
0.0048599648851425006,505,2,-1.4394917568255248e-11,2.271746516020745e-06
0.0048699714256318204,505,2,-1.227917706987517e-11,-5.20392116776236e-06
0.004879985365513301,505,2,-5.065204034538349e-11,2.436727513155379e-06
0.004889968814565082,505,2,-3.114549493893229e-11,1.6340189629149293e-07
0.0048999645215692285,505,2,-4.6357599813170395e-11,-1.8486275585039014e-06
0.004909993442299744,505,2,-4.911685240046259e-11,-1.1315600105255008e-06
0.004919993470493547,505,2,-3.4544649370980016e-11,3.4567557403997196e-06
0.004929997298337766,505,2,8.714345631005097e-12,3.1676817230374965e-06
0.0049399607788006995,505,2,-1.4609589281617055e-11,-7.149101753617382e-06
0.004949963643589128,505,2,-5.290896343482644e-11,-2.3833465332412374e-06
0.004959999773995563,505,2,-7.158402313294822e-11,-4.292447842724201e-06
0.004969976148962584,505,2,-1.2532784422617568e-10,-5.25370237225431e-06
0.00497999079649168,505,2,-1.5075866121753772e-10,4.001736701453318e-06
0.0049899741780366795,505,2,-1.2244938952908494e-10,2.6081610316752712e-06
0.004999992796390972,505,2,-1.3538077348615798e-10,-4.636791743894975e-06
0.005009965747862612,505,2,-1.6288417640228977e-10,-2.9262178724565047e-07
0.005019998759779939,505,2,-1.6345712245758107e-10,2.174470664126349e-06
0.005029983983952706,505,2,-1.1940439079377672e-10,4.090351009233828e-06
0.005039988504982833,505,2,-9.991131243191655e-11,1.0004860252488257e-06
0.005049984777705981,505,2,-8.589208990860027e-11,4.064000564629744e-06
0.005059960074180316,505,2,-4.4588472332212324e-11,1.2903020751853234e-07
0.0050699646703149075,505,2,-6.021516697941745e-11,-2.1544094499503785e-06
0.005079975685729509,505,2,-5.5955335737396653e-11,7.668572447050437e-07
0.005089992849776121,505,2,-4.1305718108829886e-11,2.8594445590779394e-06
0.005099958718378997,505,2,-5.38626729083155e-11,-3.1614490653489313e-06
0.005109971722647651,505,2,-6.605852640272753e-11,1.1783794731101693e-06
0.005119977983712958,505,2,-3.739939557691359e-11,5.438788574618769e-06
0.005129983628808401,505,2,-9.954325576068933e-12,2.3745631957394764e-06
0.005139991801203174,505,2,2.8941182220349208e-11,4.029180667664001e-06
0.0051499826632363955,505,2,7.599527585328797e-11,8.783165720838149e-07
0.005159967580727336,505,2,6.740141117564892e-11,3.384145743634548e-07
0.0051699699630949605,505,2,9.716324204918039e-11,3.844473822116334e-06
0.0051799713593928595,505,2,8.054664496112121e-11,-2.9318685200174777e-06
0.005189982671452809,505,2,6.78124822361102e-11,7.029273205449993e-07
0.005199971079100129,505,2,7.834603896459443e-11,-1.347833622083322e-06
0.005209973232172589,505,2,4.609763062940345e-11,-4.087466862312539e-06
0.005219981155537408,505,2,-9.30990047796627e-12,-5.833234010932387e-06
0.005229965138942932,505,2,-2.417015120491882e-11,6.043524576226922e-06
0.0052399608934577116,505,2,4.00552823365491e-11,3.3777601712303706e-06
0.005249982002999411,505,2,6.204682930399074e-11,2.3595287616390292e-06
0.005259975273822631,505,2,7.892984714000836e-11,1.4872268258581123e-07
0.005269979810125778,505,2,9.409656044261018e-11,2.273467992308653e-06
0.005279979478277073,505,2,9.431374483696424e-11,1.7726283561003697e-06
0.005289965745571135,505,2,9.211335536577571e-11,-1.9794443983922605e-06
0.005299991157239064,505,2,6.654035654790028e-11,-2.326268032759593e-06
0.005309970016642706,505,2,7.333439127019136e-11,1.5163678831753291e-06
0.005319967898115426,505,2,6.792441367258753e-11,-3.4906214606278407e-06
0.0053299814238811785,505,2,5.628990697699259e-11,3.896914148204811e-06
0.005339988839159224,505,2,8.610314912215676e-11,-2.525065657454917e-06
0.005349969719018033,505,2,4.329433587961615e-11,-4.3925452557491695e-06
0.0053599764474193375,505,2,4.2499720705717206e-11,1.2300069310300366e-06
0.005369997037700295,505,2,5.2299864492075156e-11,1.1263644237313741e-06
0.005379980128486526,505,2,4.879602337088686e-11,4.6160560673857987e-07
0.005389969650855461,505,2,6.845973934059113e-11,2.769559495741092e-06
0.005399996237483614,505,2,9.798361343586824e-11,1.6779439313552302e-06
0.005409966596757288,505,2,7.242461399145097e-11,-3.5195854709568763e-06
0.005419986616964384,505,2,3.930605176394645e-11,-1.0598803803496537e-06
0.005429994815562234,505,2,3.404968460247276e-11,-4.2443886202891967e-07
0.005439969100741385,505,2,7.238743720283516e-12,-1.4719390901696272e-06
0.005449975236982409,505,2,-1.54759159012982e-11,-5.517030095880671e-06
0.00545996843034601,505,2,-7.623856767787797e-11,-3.059091104429257e-06
0.005469971325902306,505,2,-8.182997462686907e-11,-2.3088828631362412e-06
0.00547999764219542,505,2,-9.267057153388662e-11,-1.750768332531294e-07
0.005489991768779654,505,2,-1.15588932766671e-10,-2.9074723761346455e-06
0.00549996525350136,505,2,-1.4056627811330404e-10,6.601825730534472e-07
0.005509966015189842,505,2,-1.172989949529274e-10,4.095915843854714e-06
0.005519978045567491,505,2,-9.515445905988653e-11,1.3715599863073358e-06
0.005529958511920713,505,2,-6.235942518655405e-11,4.752761892046209e-06
0.005539996544531082,505,2,-3.9660308572702935e-11,2.7438804983681564e-07
0.0055499916673077436,505,2,-3.3403458371181714e-11,6.999946333685614e-07
0.005559973770025515,505,2,-2.64802885294093e-11,2.0091664234556106e-06
0.00556997793476473,505,2,-1.23462593230525e-11,5.692285328096069e-07
0.005579992867189304,505,2,-2.22421199229275e-11,-1.2310162052081575e-06
0.005589994622012164,505,2,-1.2244136477282397e-11,3.884171399459735e-06
0.005599988999215762,505,2,2.2630798012749243e-11,5.155131810596902e-07
0.005609986973983674,505,2,2.7765056800996973e-11,2.594079613116307e-06
0.0056199666123731345,505,2,3.043432914945311e-11,-3.775669846717289e-06
0.005629983242042961,505,2,1.4990207344725906e-11,1.4193163866416114e-08
0.005639965675729477,505,2,8.827254973796297e-12,-1.2427088360578153e-06
0.005649963985862555,505,2,-6.532082932550216e-12,1.2865162523079121e-06
0.005659957800666603,505,2,1.1958951624119196e-11,-3.394617071883488e-07
0.005669981840028802,505,2,2.267185095531591e-11,3.7206157466052048e-06
0.005679995054171536,505,2,5.5207030987898976e-11,7.705858353357353e-07
0.005689981055962534,505,2,4.696913221382974e-11,-3.915003531362871e-06
0.005699963637495528,505,2,1.8973794244268806e-11,-1.2995626665901483e-06
0.005709973742693839,505,2,1.900190210056956e-11,-2.313280068722001e-06
0.0057199826677225745,505,2,-2.6016766662578274e-11,-6.617916918028044e-06
0.005729997316249422,505,2,-5.1765532456399125e-11,-1.1985748438192445e-07
0.00573995947155766,505,2,-7.595813010557095e-11,-4.351498854582303e-06
0.005749973659715163,505,2,-1.1118950512644787e-10,-3.132063576494204e-06
0.005759981153184275,505,2,-1.144873455207699e-10,1.7395312732343404e-06
0.005769964727386619,505,2,-8.088033469014081e-11,2.171535244066547e-06
0.005779977010838675,505,2,-5.1220955448805835e-11,5.523067479473731e-06
0.005789973688981864,505,2,-1.0582961658162256e-11,5.421919858861202e-06
0.005799984294858557,505,2,1.2356873000788401e-11,8.845255343725711e-07
0.005809963684300622,505,2,1.109207227308832e-11,-9.421262663344976e-07
0.005819987219207334,505,2,1.1520318009486798e-11,-1.7592374361441454e-07
0.005829983085017342,505,2,2.7049943756668427e-12,-3.547163057726621e-07
0.005839979294598562,505,2,8.09873763815965e-12,3.719837412208271e-06
0.005849955942465895,505,2,3.38393553036767e-11,2.0088583463362397e-08
0.005859957484590053,505,2,2.513143445061081e-11,-3.166273642718487e-07
0.005869968967583659,505,2,3.435277246619363e-11,-2.5263489168148023e-06
0.005879984272359551,505,2,9.911270171276112e-12,4.274617859678642e-07
0.005889972644483208,505,2,4.5545199386834e-12,-1.7674039630433125e-06
0.0058999745347217475,505,2,2.719977588904669e-12,2.910501869513027e-06
0.0059099857275428614,505,2,1.5245607894508542e-11,-3.481754227874223e-06
0.005919997681181325,505,2,-3.4484955625265325e-11,-4.689849811057023e-06
0.005929992033273825,505,2,-4.949819320290401e-11,1.3691257552128633e-06
0.005939988437048837,505,2,-2.924222334139666e-11,7.983033749603408e-07
0.005949971011485544,505,2,-1.691116529174393e-11,1.5114788773917809e-06
0.005959994067918254,505,2,-3.2276120327573345e-11,-4.473231592375115e-06
0.005969982593316964,505,2,-5.110491279561747e-11,1.8544865061365101e-06
0.00597999319973683,505,2,-5.4731486270193086e-11,-3.0688378691579032e-06
0.005989998987402787,505,2,-6.842758744883288e-11,1.532848219881755e-06
0.005999989969773451,505,2,-4.6101010595794856e-11,2.808263770415209e-07
0.006009961005981372,505,2,-4.482317487552838e-11,-1.3675293222270568e-06
0.006019999136666898,505,2,-6.946105909693637e-11,-1.522390216113223e-06
0.006029996038720702,505,2,-9.320138985666887e-11,-2.5759050354956514e-06
0.006039961259028798,505,2,-1.1509406961014192e-10,-7.531021730677878e-07
0.006049977970011413,505,2,-1.0938170079974677e-10,2.2389408269596345e-06
0.0060599942540477065,505,2,-7.755400474921369e-11,2.469781801295312e-06
0.006069958650732351,505,2,-6.059459027206102e-11,1.2210919829724887e-06
0.006079988953826534,505,2,-4.2838148555778693e-11,1.868907354429794e-06
0.0060899928755560615,505,2,-4.1996831820533334e-11,5.893913845866905e-07
0.006099989890616766,505,2,-2.7624529372978143e-11,3.3144514044458617e-07
0.006109985632846028,505,2,-3.636702240348774e-11,-1.2618198341751707e-06
0.006119974139240185,505,2,-8.456709508011806e-12,6.258014758397934e-06
0.006129987556662607,505,2,2.3484323304913922e-11,9.861729965976451e-07
0.006139961785386554,505,2,2.7269364541514067e-11,-9.867967141891087e-07
0.006149962887980511,505,2,8.658211734374754e-12,-3.5063004305557754e-06
0.006159975295933049,505,2,-7.716646535627612e-12,2.4814913579529474e-07
0.006169982337224006,505,2,1.2285652353847924e-11,2.2822041951808814e-06
0.006179980492075587,505,2,2.4973799205929917e-12,-1.3635226638886166e-06
0.006189987946860759,505,2,2.6662669129289517e-11,3.838758238727813e-06
0.0061999630487530755,505,2,4.6231249826111064e-11,1.739780053022777e-06
0.006209984208849826,505,2,5.3700584642024304e-11,-2.7904292676517173e-07
0.0062199899287840536,505,2,5.599113487848688e-11,8.916782988643845e-07
0.006229976582287904,505,2,4.4741476338703776e-11,-1.781678043322188e-06
0.006239967494492535,505,2,6.031573047818924e-11,2.587369941409179e-06
0.006249960368758599,505,2,8.215007280931285e-11,2.5137487011939186e-06
0.006259998517275639,505,2,8.721337322166673e-11,-1.9795671676314797e-06
0.006269964856281512,505,2,1.056888736209881e-10,3.920286325342914e-06
0.006279968251574158,505,2,1.2914275277962038e-10,9.453412716797782e-07
0.00628999274730658,505,2,1.2990600824254873e-10,-1.0242293095874544e-06
0.006299978669363407,505,2,1.0985866027635039e-10,-1.3532578890806946e-06
0.006309976929827969,505,2,1.2734595918666657e-10,2.1804691892057804e-06
0.006319958736051649,505,2,1.271032534762653e-10,-1.6409663312622058e-06
0.006329958410957847,505,2,1.1648531474112286e-10,1.2067839139096037e-06
0.006339979575708321,505,2,1.1797756736521775e-10,-6.592465387478263e-08
0.006349963037528943,505,2,1.1014850143776069e-10,-2.100638601343352e-06
0.006359961274282395,505,2,9.018726238908814e-11,-1.5652689661638242e-06
0.006369989516460177,505,2,8.19386849901715e-11,-1.9117355245512613e-06
0.006379975710467145,505,2,7.155638027708908e-11,-4.381901654165743e-07
0.006389990623740286,505,2,7.270439971769497e-11,-1.277650195974367e-06
0.006399996009538428,505,2,6.554705860522354e-11,7.302239622974938e-07
0.006409968392701951,505,2,5.204006393562735e-11,-4.214936757673815e-06
0.006419964509205941,505,2,3.8235392750432615e-11,2.3101645187928455e-06
0.006429978221835664,505,2,3.7260307246013685e-11,-1.0832260495252655e-06
0.0064399953837639854,505,2,3.208756102553059e-11,-9.337955361177208e-07
0.006449984380157341,505,2,3.661481400124805e-11,4.6707725454009363e-07
0.0064599867114587175,505,2,4.364723590760959e-11,1.419697224780414e-07
0.006469992173478451,505,2,1.8104667648760294e-11,-3.4567641382654557e-06
0.006479956661035917,505,2,1.8014277559480181e-12,1.3498099904474259e-06
0.006489976550495774,505,2,-2.9602324738475577e-12,-3.024460551837027e-06
0.006499970786370717,505,2,-1.5980375460004958e-11,3.4672987558881374e-07
0.006509964984914044,505,2,-1.337712400025599e-11,5.47383249283051e-07
0.006519959368723488,505,2,2.7823115041286997e-12,2.048624481568173e-06
0.006529996411384291,505,2,5.7191784470713054e-12,-1.3482084659788285e-06
0.006539962588281889,505,2,-1.0739953082417302e-11,-2.0764540082929273e-06
0.006549982944956602,505,2,-2.4651199958809593e-11,-1.8788104007017026e-06
0.006559978538742022,505,2,-4.3153005772683314e-11,-1.2206697908023756e-06
0.00656999697712984,505,2,-5.887077509644312e-11,-1.5004998749068577e-06
0.006579982118465766,505,2,-7.181897340290816e-11,-4.669518935962458e-07
0.006589966692864798,505,2,-6.68433354863605e-11,2.0686881854192762e-06
0.006599967994790061,505,2,-6.351566566805984e-11,-1.421607322527052e-06
0.006609986454824011,505,2,-5.568897893079073e-11,4.089130793638596e-06
0.006619981099827853,505,2,-1.670215227515988e-11,-1.9030977040923602e-06
0.006629985121013332,505,2,-4.7609388728207715e-11,-2.891303909624554e-06
0.006639965643973591,505,2,-3.0981373254854725e-11,5.158006257832692e-06
0.006649989356091944,505,2,-4.6910743146174206e-12,-1.342344942478757e-06
0.006659974233030556,505,2,-4.41616241561311e-11,-8.387524910724586e-07
0.006669986718168594,505,2,-5.339289713888985e-11,-2.472025615575524e-06
0.00667998208399872,505,2,-8.022995225600714e-11,-1.5255302299177487e-08
0.006689963464909093,505,2,-7.325617323918087e-11,1.3472129408720335e-06
0.00669999470757306,505,2,-5.460840189753618e-11,3.68036454045928e-06
0.006709993415910295,505,2,-1.8119412572995333e-11,3.0720832926434127e-06
0.006719977067568235,505,2,-6.183220659794356e-13,1.1649028236471182e-07
0.006729991232328321,505,2,1.0661407881542803e-11,3.1995120702288382e-06
0.0067399631776007855,505,2,4.55632299611888e-11,1.045068076965805e-06
0.006749992578756297,505,2,1.1025678245192062e-11,-5.379390636495174e-06
0.006759998883430472,505,2,-1.5129815482804883e-11,1.4443659052121305e-06
0.006769959001106804,505,2,-1.959399262036355e-11,-2.1342656026934748e-06
0.0067799985463174,505,2,-2.0697147520538586e-11,1.7215835438344484e-06
0.006789988188117938,505,2,8.352875975443187e-12,5.109361745844754e-08
0.0067999708061716015,505,2,3.122007526582508e-11,1.4365906789159943e-06
0.006809980784842799,505,2,2.955528138662945e-11,1.2894624670245491e-06
0.006819980150435991,505,2,2.2925952048984274e-11,9.514780638930631e-07
0.0068299845002377435,505,2,3.1810134794264464e-11,5.823372574709218e-07
0.006839969587457437,505,2,4.924384720321148e-11,2.169350353575794e-06
0.006849972801697294,505,2,6.14260546385483e-11,2.689183171145082e-07
0.0068599665323948655,505,2,6.166424305447922e-11,6.32386328414114e-07
0.006869968533687079,505,2,5.0203563779305325e-11,-3.6232027265103994e-06
0.006879972011526077,505,2,2.8663733070912628e-11,1.342087828870575e-06
0.006889965317175171,505,2,5.619428740794008e-11,1.5127608607445886e-06
0.006899993840153902,505,2,3.9836531800404294e-11,-8.288096486064322e-07
0.006909973914984763,505,2,6.679272209477664e-11,4.053331359443746e-06
0.006919994835008652,505,2,9.380462088719849e-11,1.6170392806991174e-06
0.0069299780214827356,505,2,9.213393015435945e-11,-2.1506247300344394e-06
0.006939960288435847,505,2,8.089122490465223e-11,6.538700423330823e-07
0.006949996434153348,505,2,8.034918363926434e-11,-1.1255009337296507e-06
0.006959987984477801,505,2,7.84780240653402e-11,1.2751565758861716e-07
0.006969967946167452,505,2,6.525314723916696e-11,-1.222465509487236e-06
0.006979986730648021,505,2,7.599019202125438e-11,9.480742365619577e-07
0.006989988592971343,505,2,8.126935017182017e-11,-3.0536417983118014e-07
0.006999973832570555,505,2,7.446570306638079e-11,-9.085758616578232e-07
0.007009981092335826,505,2,2.5272609559831658e-11,-4.3114249245190805e-06
0.007019958978262349,505,2,9.211139883740513e-12,-4.4782686051125786e-07
0.0070299765559185086,505,2,2.440143371379693e-11,3.1604502191973083e-06
0.0070399830810224705,505,2,4.557825310610086e-11,-5.228234134513343e-08
0.007049990318557698,505,2,6.38487568141422e-11,1.8530199932254021e-06
0.007059968894757484,505,2,6.062686618299527e-11,-2.165152964750394e-06
0.0070699856228296646,505,2,3.784379475635312e-11,-3.870029963159993e-08
0.0070799858331441505,505,2,4.8158729288160103e-11,-2.473039155126422e-07
0.007089959798666404,505,2,2.741844114464382e-11,-2.4724495761574428e-06
0.007099997741017178,505,2,1.014575384561964e-11,-2.2998194582068976e-06
0.0071099676633398536,505,2,1.1648242784955071e-11,1.7356102711418853e-06
0.007119971380930784,505,2,5.496008813832764e-12,2.1149242961093773e-08
0.007129990758922399,505,2,8.120773013935221e-12,1.8993961403701576e-07
0.007139961431496943,505,2,5.3529746926034554e-12,-8.224881345997304e-07
0.007149979474100601,505,2,-5.121636387971041e-12,-1.2971928675664657e-06
0.007159995254801014,505,2,-2.1559768320677034e-11,-8.527054705664838e-07
0.007169962449877353,505,2,-1.0651513389836262e-11,2.658984993408886e-06
0.007179959609427872,505,2,6.672072210044469e-12,-1.192993912598611e-07
0.007189968909607604,505,2,-1.9627301018720726e-12,-4.191059286284826e-07
0.007199959927297341,505,2,1.48102681309689e-11,3.860391816171149e-06
0.007209987078070645,505,2,2.5980454671837606e-11,-4.337596414605294e-06
0.007219986323040487,505,2,-8.608981291789806e-12,7.972510818188283e-08
0.007229979056884137,505,2,1.7474874656033326e-11,3.547307630968888e-06
0.007239979494087148,505,2,4.6219494320010176e-11,9.885608183990424e-07
0.0072499584218456235,505,2,3.8386561155212204e-11,-1.631230933885064e-06
0.007259988719917388,505,2,3.157351351803497e-11,4.0275159179925524e-07
0.007269994722444973,505,2,4.195487203094081e-11,-4.2729918869888195e-07
0.007279979460642738,505,2,3.318130571873393e-11,-3.201744795400252e-06
0.007289956192759518,505,2,1.4054577705639726e-11,1.9987477672955833e-08
0.0072999916149521695,505,2,2.463926054830333e-11,2.6662989230166745e-06
0.007309960085356894,505,2,3.942614479655144e-11,-1.3129792335586643e-06
0.007319978735606019,505,2,1.0194517135981651e-11,-7.83298658380005e-07
0.007329971517588883,505,2,4.3272003989792995e-11,4.200772598550451e-06
0.007339959116689036,505,2,5.86065060363168e-11,1.1245156558703506e-07
0.007349979222642239,505,2,7.011322205531154e-11,-7.05568711067972e-07
0.00735998163947862,505,2,4.91038874566739e-11,-9.100571520814782e-07
0.007369966776498766,505,2,3.867339722456718e-11,-1.814508102437884e-06
0.007379998054591323,505,2,9.911791558277509e-12,-3.305804137432311e-06
0.007389991146096957,505,2,8.218484578184594e-12,5.220500015612473e-07
0.007399971460935594,505,2,6.65517650483196e-12,2.696749764052875e-06
0.007409966464186002,505,2,2.61796913408706e-11,9.793784327971622e-08
0.007419956876920095,505,2,3.509918866594991e-11,2.0329257832685244e-08
0.007429997218771458,505,2,9.27838883088428e-12,-4.301118417981975e-06
0.007439992845652756,505,2,-3.3564849237130955e-12,5.4166188423465655e-08
0.007449972023947285,505,2,1.0838280160098456e-11,2.4606041960084646e-06
0.00745996235590817,505,2,2.7271405588526188e-11,-6.695845296000869e-07
0.0074699675704960914,505,2,1.1089003168847348e-11,1.0162737151819812e-07
0.00747997665906257,505,2,-3.726483192661133e-12,-1.7908781487774306e-06
0.007489958270510493,505,2,-6.5150416681138525e-12,-1.2083296277998201e-06
0.007499993868528688,505,2,-4.6614962290311614e-12,1.1724616072461558e-07
0.0075099722627718695,505,2,-1.3312891560630577e-11,4.24649126085086e-07
0.007519962940739569,505,2,-8.590092575650648e-12,5.225930614916052e-07
0.0075299901782128744,505,2,-1.0946989124102462e-11,-7.983635557096136e-07
0.007539978725632402,505,2,-2.8003253016407274e-11,-2.269711669056207e-06
0.007549964841706514,505,2,-5.260039490561849e-11,-6.302681557046608e-06
0.007559966214083071,505,2,-1.1870844492258654e-10,-3.2129722731255583e-06
0.0075699912721043676,505,2,-1.0528763195224566e-10,3.037926861265694e-06
0.007579967190150209,505,2,-7.524872254981423e-11,4.0579308506760725e-06
0.007589967957976571,505,2,-5.5173553937658704e-11,-4.0248190807945505e-07
0.007599989399646848,505,2,-5.1098146154333716e-11,-1.2917644773846604e-06
0.007609994161680655,505,2,-8.293657065641408e-11,-3.697799948076952e-06
0.007619973106125884,505,2,-9.482930009275213e-11,1.3128275316298677e-06
0.007629997163950928,505,2,-7.674258120258723e-11,3.596815680184662e-06
0.007639975774411478,505,2,-4.7811288023287546e-11,2.172890882445877e-06
0.007649988272634897,505,2,-3.3815274541539216e-11,-2.781318083622253e-07
0.007659993327525552,505,2,-4.644059895214485e-11,5.679207626396732e-08
0.0076699772056735265,505,2,-3.500840165448962e-11,-1.826474347543794e-06
0.0076799806786752274,505,2,-5.0434021474604455e-11,2.5080190363402366e-06
0.00768996271722455,505,2,-5.60704958754276e-12,1.7379826411229038e-06
0.00769995904395316,505,2,-4.226382536044043e-12,-1.26016743373647e-07
0.00770999504696977,505,2,5.382190610618391e-12,1.337416834612526e-06
0.007719999631724893,505,2,1.979217924806282e-11,3.3832110202247634e-07
0.0077299875952706815,505,2,1.18287079079165e-12,-4.807686039276504e-07
0.007739985374075151,505,2,1.8503438757870756e-11,3.1956910371278013e-06
0.007749961451947057,505,2,4.190844349880648e-11,2.6352804773921434e-06
0.0077599873006954055,505,2,7.776737734950957e-11,1.2317527267047268e-06
0.007769967652442747,505,2,6.830277206185727e-11,-1.3446153592777677e-06
0.007779963289498407,505,2,7.875308282427216e-11,2.4161251697130126e-06
0.007789965700101399,505,2,7.932920097390521e-11,-3.6683849535812385e-06
0.0077999708907684215,505,2,6.9603759860726e-11,1.5798701528124681e-06
0.007809991702906979,505,2,8.076062440292556e-11,3.8527296297719005e-07
0.007819981703892134,505,2,7.539027342656741e-11,1.0331480197051102e-06
0.0078299966939969,505,2,7.644296489768321e-11,-2.4678962596280662e-06
0.007839982616107523,505,2,5.297556996592499e-11,8.928136525018782e-07
0.007849978197684258,505,2,5.90293082138358e-11,-1.7623625286344868e-06
0.007859989157165834,505,2,5.286081457199997e-11,7.638247052632607e-07
0.007869984231473868,505,2,5.7029464234284856e-11,3.097592257139681e-07
0.007879984445131633,505,2,5.839644779124023e-11,-1.4320107223353418e-06
0.007889982485346805,505,2,5.053052922377073e-11,1.4447654808069643e-06
0.007899970982648837,505,2,7.467990366255843e-11,1.7522786548429536e-06
0.007909987238536996,505,2,8.095477809161658e-11,3.945548988637526e-07
0.00791997557594777,505,2,9.314458561138781e-11,-1.6904019695118677e-07
0.007929966085572558,505,2,8.523992103793513e-11,-1.4644045576162057e-07
0.007939965306455615,505,2,7.138393800964669e-11,-2.456843050557822e-06
0.007949999662666022,505,2,5.3025600664486196e-11,-1.7198062690071403e-06
0.007959977234177688,505,2,4.153310846489295e-11,1.927940318502408e-08
0.007969970778968001,505,2,4.721153410578157e-11,-1.2123128736440947e-06
0.007979968376253834,505,2,2.6725840878682994e-11,-2.137512178368439e-06
0.007989991036745086,505,2,4.29209307425103e-11,2.5843951372839236e-06
0.007999962384108236,505,2,5.8183177829314705e-11,-1.12110503713847e-06
0.008000006831550933,505,2,5.8132145322440406e-11,-1.1481561140169738e-06
0.0,506,1,0.0,0.0
9.989961021512745e-06,506,1,0.0,3.2639677918608746e-39
1.9992043388314044e-05,506,1,0.0,6.1228503581690495e-25
2.998154396983048e-05,506,1,9.913086964161826e-19,4.627156294344157e-17
3.996706428926499e-05,506,1,7.614164051468302e-19,5.766878601817262e-13
4.9977073299739135e-05,506,1,2.8007552614595736e-16,1.1814864451370477e-10
5.999080644949294e-05,506,1,5.050693633085271e-15,8.721189898724946e-10
6.995577857517775e-05,506,1,1.9511632665368347e-14,2.7381731708409074e-09
7.997976092856483e-05,506,1,8.814881066728311e-14,1.2858734535492466e-08
8.999023881127192e-05,506,1,2.841916295290303e-13,2.3201071869261014e-08
9.999120661247908e-05,506,1,5.848552690729909e-13,4.476916326545677e-08
0.00010998802936081757,506,1,1.1983176952757918e-12,7.229801635144639e-08
0.00011998443754741915,506,1,1.845175864179224e-12,5.0298903320200594e-08
0.00012998021736421595,506,1,2.3822719004992863e-12,6.870961438698586e-08
0.00013997582428984024,506,1,2.9261985833007285e-12,1.7358679660350873e-08
0.00014999257578972945,506,1,2.8704872510789802e-12,-2.162709894504289e-08
0.00015999360761981914,506,1,2.531811088226808e-12,-3.657711361571003e-08
0.00016996677216290113,506,1,2.1656187382105598e-12,-2.852951606902021e-08
0.00017999252641565756,506,1,1.970133512032386e-12,-1.6094432397917302e-08
0.00018999308490903147,506,1,2.0453168476095625e-12,2.8055869516485643e-08
0.0001999567280807932,506,1,2.3814298345532347e-12,3.9213328473231e-08
0.00020998283113449233,506,1,2.6362764374938605e-12,5.239506141452299e-09
0.00021999218307440147,506,1,2.3944166860020728e-12,-2.8843596996952492e-08
0.00022999777759454492,506,1,2.2769056537657976e-12,-9.199962500150427e-09
0.00023997177696874117,506,1,2.288591591356661e-12,8.9066236608204e-09
0.0002499786197993587,506,1,2.4204712229479713e-12,7.460900286471173e-09
0.0002599681581316944,506,1,2.4874014320172035e-12,1.659082121685529e-08
0.0002699738991410829,506,1,2.5935819687923373e-12,-9.649021061319818e-09
0.0002799995673440711,506,1,2.6349133683582163e-12,1.01502345972726e-08
0.00028997925184033916,506,1,2.4979846208021683e-12,-2.555802547377084e-08
0.00029996847699488365,506,1,1.987240280914692e-12,-5.572125594266453e-08
0.00030999245089309926,506,1,1.7272815461461845e-12,-2.0275926992940896e-08
0.0003199568713655011,506,1,1.4798840186061243e-12,-3.702244477654659e-08
0.0003299560514831476,506,1,1.106135489261262e-12,-3.1033819569703525e-08
0.00033998257775922535,506,1,1.1912264421675301e-12,5.978850692311966e-08
0.00034999508288619874,506,1,1.7033131903630011e-12,4.9620738851174906e-08
0.0003599730365147739,506,1,2.395894365471744e-12,4.725930363713715e-08
0.00036996789073153146,506,1,3.0667921307114213e-12,7.408523916563325e-08
0.00037997066386399344,506,1,3.584889228188965e-12,3.6506492218091324e-08
0.00038996051971769744,506,1,3.608878292233643e-12,-3.1159355096122e-09
0.0003999959653119283,506,1,3.423746949469085e-12,-1.7487231163126893e-08
0.0004099650516530841,506,1,3.3028962560571664e-12,-1.1509552734489947e-08
0.00041998149695313813,506,1,3.3402428975429048e-12,-6.723098244787451e-09
0.00042997783813852837,506,1,3.1977509222925853e-12,-8.592646816296678e-09
0.0004399826335932183,506,1,2.8690091108233857e-12,-5.6162607842136225e-08
0.00044995611321564996,506,1,2.3673352639091635e-12,-3.757869271314718e-08
0.00045999208083552084,506,1,2.1290173976269786e-12,-3.581681518038948e-08
0.0004699576675885509,506,1,1.7314327834699102e-12,-2.300191995208145e-08
0.0004799734538236568,506,1,1.8047540763547424e-12,4.31804064240926e-08
0.0004899773262599515,506,1,2.0774822156620007e-12,1.3249810942861373e-08
0.0004999948446451585,506,1,2.2281622686780474e-12,-2.2210364242214453e-09
0.0005099888774020678,506,1,2.29502704614617e-12,1.375633292000078e-08
0.0005199581163766662,506,1,2.116494608424887e-12,-2.4020656828188658e-08
0.0005299594725546438,506,1,2.1041448917708417e-12,3.294839695522356e-08
0.0005399610257029467,506,1,2.5650278545597503e-12,1.5829919521037628e-08
0.000549997561552946,506,1,2.4875976353409737e-12,-1.665704291164971e-08
0.0005599780568693812,506,1,2.1442201736631946e-12,-3.4282819583175694e-08
0.0005699716516408677,506,1,2.2111901458471027e-12,2.190874759389061e-08
0.0005799804737262408,506,1,1.9195842991820224e-12,-4.986247981175751e-08
0.0005899891484605743,506,1,1.4630324302576398e-12,-4.568344791344714e-08
0.0005999957831306825,506,1,9.263183092350332e-13,-2.8781441271941155e-08
0.0006099630404516961,506,1,9.313111093672399e-13,1.1915882724977678e-09
0.0006199734262473491,506,1,7.332840584400673e-13,-3.216336047495716e-08
0.000629980081594427,506,1,4.474253228046901e-13,-2.6381088466531644e-08
0.0006399702290639075,506,1,4.03393444136594e-13,6.056212198402022e-09
0.0006499753927367723,506,1,3.661633919714848e-13,-2.695662937313159e-08
0.0006599828886209325,506,1,-2.927337806192369e-13,-9.730868166801798e-08
0.0006699829636183788,506,1,-1.3277274380852147e-12,-8.741645768362005e-08
0.0006799933337324186,506,1,-1.8806596616794497e-12,-5.558177743059112e-08
0.0006899675594927731,506,1,-2.4462259458059256e-12,-6.670988200729866e-08
0.0006999566791805224,506,1,-3.459770413682863e-12,-8.940622864272996e-08
0.0007099584768489616,506,1,-3.6826582331306226e-12,4.0319069666283625e-08
0.0007199725007497685,506,1,-3.0005277979589483e-12,8.052985644990684e-08
0.0007299613525878762,506,1,-2.6183370318362716e-12,-7.204705887442486e-09
0.0007399900911148834,506,1,-2.198181561226904e-12,8.54768638092196e-08
0.0007499899424045427,506,1,-1.5848280770136471e-12,2.1954603940388395e-08
0.0007599752199016432,506,1,-1.6732871869779703e-12,-1.2362533864662684e-08
0.000769979653422755,506,1,-1.2963983710725891e-12,7.315791517026327e-08
0.0007799714476631343,506,1,-6.255990217440203e-13,3.668735548689739e-08
0.0007899882017718372,506,1,-6.915891123332268e-13,-3.1125560628897375e-08
0.0007999894016024467,506,1,-8.772365886949634e-13,-9.968525234438363e-09
0.0008099743756207648,506,1,-1.0138168601202474e-12,-9.455655841650312e-09
0.0008199895440748132,506,1,-1.1792449121009315e-12,-4.1750609136581573e-08
0.0008299581994323049,506,1,-1.5331585742579595e-12,-1.9871038384189355e-08
0.0008399896869195143,506,1,-1.5735433501307778e-12,-7.040608929198555e-10
0.0008499654877961996,506,1,-1.4133067986591991e-12,3.2855318965463454e-08
0.0008599657983571072,506,1,-1.3724748707053935e-12,-1.4503412207322874e-08
0.000869974189158615,506,1,-1.4285386228433082e-12,8.70374865236112e-09
0.0008799904944519329,506,1,-1.1792829066108136e-12,2.5217666097671065e-08
0.0008899722043754963,506,1,-1.1275044161258027e-12,-2.829301262718964e-08
0.0008999634188782872,506,1,-1.7102898043381155e-12,-6.669030816475185e-08
0.0009099728035892673,506,1,-2.2892845862802595e-12,-5.900429977945265e-08
0.0009199644112581268,506,1,-2.7927396418386038e-12,-4.31443832327183e-08
0.0009299654750173452,506,1,-3.230598826105789e-12,-1.5240430528695725e-08
0.0009399667116566871,506,1,-3.144663359328252e-12,2.438196700094153e-08
0.000949993153366058,506,1,-2.890360605749872e-12,2.4380432894766102e-08
0.0009599776261818661,506,1,-2.6884576006657324e-12,2.5228403699451007e-08
0.0009699958165689663,506,1,-2.020998795968171e-12,7.658581036018575e-08
0.0009799642605983281,506,1,-1.893723767615275e-12,-3.105707829798021e-08
0.0009899666686108526,506,1,-2.3350845606754213e-12,-2.820472033704391e-08
0.0009999658808187348,506,1,-2.344958452540685e-12,2.0749490792226766e-08
0.0010099702017673457,506,1,-2.0815844716114856e-12,1.4848564156011435e-08
0.0010199673356959494,506,1,-2.125357069682779e-12,-4.067385822592584e-08
0.0010299958828595638,506,1,-2.7427446368222773e-12,-3.41939936365776e-08
0.0010399715912952755,506,1,-2.647290684733815e-12,1.0086795593222675e-08
0.0010499598083871873,506,1,-2.675271674451433e-12,-2.289789929887931e-08
0.0010599560419078558,506,1,-2.7021356428579913e-12,1.6367687850904478e-08
0.001069971167556783,506,1,-2.5826985610376794e-12,3.720565078246807e-09
0.0010799904971131116,506,1,-2.6061871370307473e-12,-1.3874854654094548e-08
0.0010899580585454322,506,1,-2.725256730218761e-12,1.7506605276551568e-08
0.001099995097200793,506,1,-2.2438949654667245e-12,6.621855364041807e-08
0.0011099605620624017,506,1,-1.4570023163087758e-12,6.582255251963431e-08
0.0011199778366987173,506,1,-1.0360631930512234e-12,2.251840816591688e-08
0.0011299999004189144,506,1,-7.075758467965215e-13,2.99975889683779e-08
0.0011399688574877478,506,1,-6.051242965504676e-13,1.1667316557328888e-08
0.00114999104053655,506,1,-1.7190361738013556e-13,6.802449081799722e-08
0.0011599749759054815,506,1,6.226111265751079e-13,7.758699638316102e-08
0.0011699767987091371,506,1,1.0837855390016067e-12,6.60094898186081e-09
0.0011799851497623372,506,1,1.2316971292040567e-12,3.915387208897059e-08
0.0011899589811022926,506,1,1.72851692506503e-12,5.590657042864322e-08
0.0011999954661071714,506,1,2.0345090832852263e-12,-7.5218123674059e-09
0.0012099633255643625,506,1,2.5177362873317257e-12,7.216283981481553e-08
0.001219957314258476,506,1,2.927423992641785e-12,2.3654012394624946e-09
0.001229972834827589,506,1,2.567769178437717e-12,-2.7574984517997336e-08
0.0012399578590630244,506,1,2.535084128567084e-12,-1.0484683288236596e-08
0.0012499675495489986,506,1,2.305359023593704e-12,-6.108478900479497e-08
0.0012599568785764768,506,1,2.0404110733364227e-12,5.4236937829799103e-08
0.0012699664231770695,506,1,2.686608273631992e-12,4.710384526873668e-08
0.0012799807341562824,506,1,2.6212132812864723e-12,-2.2107577712926485e-08
0.0012899597591071081,506,1,2.2224040438349225e-12,-5.4475731425807083e-08
0.001299986675857092,506,1,1.8669391831365335e-12,-1.2941578919622998e-09
0.0013099848057680256,506,1,2.232908421286343e-12,5.031455740933666e-08
0.0013199736548793655,506,1,2.7353236185410565e-12,4.2444196823865354e-08
0.0013299822310088466,506,1,3.205990154072063e-12,4.5522619451787705e-08
0.0013399713214551755,506,1,3.488270300866167e-12,1.5875540850668335e-08
0.00134996429524554,506,1,3.658029513521101e-12,-1.2748806565987536e-08
0.001359974641634749,506,1,3.2081838745377615e-12,-5.501312672073766e-08
0.0013699800802793275,506,1,3.0558839760421765e-12,2.6870524687250263e-08
0.0013799694917800399,506,1,3.219815208996713e-12,-4.628729177724722e-09
0.00138997241891667,506,1,2.9168447916879357e-12,-5.2726061294805504e-08
0.0013999902988138808,506,1,2.3396562702363618e-12,-1.801833038328482e-08
0.0014099770974287595,506,1,2.4552462588533185e-12,2.6677731135293925e-09
0.0014199643077242696,506,1,2.218583020611618e-12,-4.696440725204809e-08
0.001429965001313615,506,1,1.6021415371816764e-12,-2.1864331123389036e-08
0.001439978580402546,506,1,1.7770493261040805e-12,5.455818041788518e-08
0.0014499934135066034,506,1,2.025880257007593e-12,-1.4261920519564875e-08
0.0014599848922581238,506,1,1.7111580774835551e-12,-4.134105843767166e-08
0.0014699826767232574,506,1,1.4946224969204346e-12,-9.16720689636552e-09
0.0014799556062961275,506,1,1.368385087316057e-12,-4.018542093531252e-08
0.0014899566844938142,506,1,6.713386662175139e-13,-7.954389480424595e-08
0.0014999967921634487,506,1,1.4748145670743888e-13,-3.1834829217203264e-08
0.0015099576959541085,506,1,2.2707673290285813e-14,2.501663619314254e-09
0.001519989648142698,506,1,3.3950019546677684e-13,5.5305832580287984e-08
0.0015299694516815677,506,1,1.293022473827462e-12,1.2567717133649126e-07
0.001539989840410008,506,1,2.4060585236695704e-12,6.235732652459802e-08
0.0015499845632675228,506,1,2.7766252736979597e-12,-6.8685819393232705e-09
0.00155996167363527,506,1,2.19130626933294e-12,-6.374209360338057e-08
0.0015699620344369163,506,1,1.8383391376953486e-12,4.0098550591061155e-09
0.0015799825530535185,506,1,2.104548909546023e-12,4.052142754673582e-08
0.001589998112228593,506,1,2.5379408860951025e-12,4.023489402760205e-08
0.0015999618879190937,506,1,2.6661098154222903e-12,-9.96759488836041e-09
0.001609985878875884,506,1,2.3569360947260556e-12,-5.230698019165203e-08
0.0016199795012749702,506,1,2.0720404863736833e-12,3.697933126378672e-09
0.0016299952643993435,506,1,2.186043477448796e-12,-8.556933356329566e-09
0.0016399765803374212,506,1,1.9091519679178756e-12,-4.117500596034773e-08
0.0016499971999057292,506,1,1.4572420943954846e-12,-4.058473357382297e-08
0.0016599592000508241,506,1,1.1122243396510621e-12,-1.0074992645714431e-08
0.0016699850782126169,506,1,1.0870576938748155e-12,-2.8661084811032467e-08
0.0016799591029450587,506,1,1.1127440834085412e-12,3.258885178381021e-08
0.0016899912409734483,506,1,1.3967961741062694e-12,1.340412902894883e-08
0.0016999711866510561,506,1,1.5699741277798353e-12,1.6717380202369014e-08
0.0017099890935931767,506,1,1.4053080285220186e-12,-5.628228194609619e-08
0.0017199842058484868,506,1,5.165773149646798e-13,-8.746812762971956e-08
0.0017299700066734725,506,1,-4.892369129716641e-15,-1.7051438625653725e-08
0.0017399988872449053,506,1,-7.846350115860504e-14,-1.1596261458024504e-08
0.00174998548405672,506,1,-5.990091235530404e-13,-3.985986270216291e-08
0.0017599911249635096,506,1,-5.134014271858714e-13,5.459312840683239e-08
0.0017699644322331331,506,1,-4.089977664813345e-13,-4.7544337911098467e-08
0.0017799833496972783,506,1,-7.965141540040507e-13,2.212994898442844e-09
0.0017899751569559934,506,1,-6.63586452971719e-13,3.0628358099749065e-08
0.0017999750671708237,506,1,-8.3820941012495e-13,-5.3783970721532626e-08
0.0018099656639713377,506,1,-9.275637915628736e-13,3.948938533115953e-08
0.0018199608746322167,506,1,-5.148589142371131e-13,2.8372236865470413e-08
0.0018299962293289675,506,1,-2.083946283224468e-13,4.8328859775237376e-08
0.0018399939108237624,506,1,1.62180561542229e-13,5.4401776472534635e-08
0.0018499643565681202,506,1,5.933493069977275e-13,-1.9798750833244227e-08
0.001859968540797818,506,1,3.1990737641394984e-13,-2.3828697459649106e-08
0.001869999360236389,506,1,2.0271390699399573e-13,-6.7012458360160565e-09
0.0018799855178169224,506,1,9.756012322873278e-14,-1.1718699177709624e-08
0.0018899824686351974,506,1,-3.0377123105623186e-13,-5.85598570190804e-08
0.0018999688812909043,506,1,-3.4529380934643795e-13,2.661636139267287e-08
0.0019099731049039086,506,1,-2.797773253712275e-13,-2.382485847149396e-08
0.0019199777923854333,506,1,-7.359956794136726e-13,-1.7582508921032414e-08
0.0019299750326173368,506,1,-4.642174435110467e-13,2.561075913842803e-08
0.0019399892912366989,506,1,-5.775054032534054e-13,-2.895517187129215e-08
0.0019499778420350884,506,1,-9.819702424243223e-13,-2.3969767060094682e-08
0.0019599927968355544,506,1,-9.210068163445538e-13,-9.029910152946741e-11
0.0019699674488002435,506,1,-1.3262332211442813e-12,-6.313733907914454e-08
0.0019799664640804933,506,1,-1.6559825952448988e-12,4.341861717382933e-09
0.001989965194383709,506,1,-1.5845961356757664e-12,-2.008594575386713e-10
0.001999988546064914,506,1,-1.5307164918736647e-12,1.2457820774969264e-08
0.002009994633218821,506,1,-1.43982443392835e-12,-1.7649043962397748e-08
0.0020199843076899957,506,1,-1.629133617627441e-12,-9.43080558091225e-09
0.0020299764806285645,506,1,-1.5511537976927066e-12,3.728115055556813e-08
0.002039971510100887,506,1,-1.0737057215684043e-12,5.195323138362795e-08
0.0020499851170852467,506,1,-6.412690931517423e-13,2.8437053434249293e-08
0.0020599798170726474,506,1,-2.725727833003365e-13,2.7964473958697056e-08
0.002069983527623644,506,1,-7.719228596982704e-14,6.492095493138006e-09
0.0020799726396303945,506,1,3.5067241096326234e-14,1.2538669325046214e-08
0.00208998828091631,506,1,-2.276388441895677e-13,-4.655287788590812e-08
0.002099960695316437,506,1,-6.524799638438087e-13,-4.36285582383622e-08
0.0021099569615075624,506,1,-9.91660788925955e-13,-3.462839875956192e-08
0.0021199732712319213,506,1,-9.59181679869854e-13,2.4161412818385353e-08
0.0021299680703956545,506,1,-6.639233044223149e-13,3.8221018738848755e-08
0.002139995320785377,506,1,-7.806623931821098e-13,-6.308651873121462e-08
0.0021499764219865022,506,1,-1.4698815488335334e-12,-6.967878007912987e-08
0.0021599568904996183,506,1,-1.8701022040613566e-12,2.194997783533381e-08
0.00216996056612999,506,1,-1.2875334716303585e-12,5.5303809642914814e-08
0.0021799808111731527,506,1,-7.844192375660339e-13,3.478395027567416e-08
0.0021899674700162188,506,1,-6.263034419774069e-13,1.7660024692611742e-08
0.002199956944858223,506,1,-2.0359812045246976e-13,3.812460797059103e-08
0.0022099594802748325,506,1,5.190642972949591e-14,3.7346045034247766e-08
0.002219960109732291,506,1,2.7229027070737287e-13,1.2993139064665371e-08
0.00222997330339741,506,1,7.388395840637494e-13,7.550683522872248e-08
0.0022399795506986573,506,1,1.2098601099100065e-12,2.1414761630644819e-10
0.0022499847016867664,506,1,1.2542794731171866e-12,7.199092211251923e-09
0.0022599966361363855,506,1,1.2106601121998975e-12,-1.5903077354995077e-08
0.0022699726010188934,506,1,1.5050762726235862e-12,6.552732279008211e-08
0.0022799730230051783,506,1,2.035697568766046e-12,4.4682195721179596e-08
0.002289961888919968,506,1,2.427524290116905e-12,2.5809962139744513e-08
0.0022999862878289507,506,1,2.3341191480975246e-12,-4.5936220272047024e-08
0.002309997801497285,506,1,1.9893268279956404e-12,-2.3221482126078996e-08
0.002319972401179661,506,1,1.561033681469039e-12,-3.392133129942465e-08
0.0023299749916493783,506,1,1.2518154729083486e-12,-2.10145341406065e-08
0.002339963899198567,506,1,1.1646340613229817e-12,-1.5025189328832234e-08
0.0023499854099363884,506,1,1.2361302777273535e-12,4.9385991629513626e-08
0.0023599643631998686,506,1,1.8397220629773423e-12,5.736506003550801e-08
0.0023699582888794955,506,1,2.1487629011448118e-12,4.090668442868761e-09
0.0023799969164151912,506,1,2.272518992104712e-12,1.7133711449623945e-08
0.002389999360669749,506,1,2.3727783789433826e-12,1.7573863253517175e-08
0.0023999861354865866,506,1,2.5905477172042876e-12,2.069570870233406e-08
0.002409998648478418,506,1,2.6949555258291673e-12,-4.716259049963867e-09
0.002419975314626342,506,1,2.6029264599833693e-12,1.4189081132265358e-08
0.00242999777759559,506,1,3.1420171911315797e-12,7.958416459175055e-08
0.002439980206408675,506,1,3.734458123056013e-12,3.408129445325869e-08
0.0024499882859080756,506,1,3.65750019924423e-12,-6.041275280033176e-08
0.002459968817885451,506,1,2.98076101697348e-12,-6.582573419677828e-08
0.0024699800815520226,506,1,2.4676411969023516e-12,-2.002096122222241e-08
0.002479985634592174,506,1,2.328321353263236e-12,-3.9467022761030535e-08
0.0024899946162147495,506,1,1.5287223628635254e-12,-7.388941303254626e-08
0.0024999673900585806,506,1,1.0182978219593509e-12,-4.193010599840008e-08
0.002509994416373522,506,1,8.247522944541258e-13,-2.066806670253385e-08
0.002519984821243666,506,1,3.468158360730956e-13,-5.115967882662886e-08
0.0025299979662083026,506,1,1.4705234049899743e-13,3.5095353151382014e-08
0.0025399737370046405,506,1,3.5054604127082853e-13,-1.5893570182168304e-08
0.002549962943706849,506,1,-1.9235790853911047e-14,-3.4530046350012e-08
0.002559987272755071,506,1,-2.0542934639212725e-13,5.823065973853403e-09
0.0025699659481242428,506,1,6.864022226479697e-14,3.469557655066957e-08
0.002579994484637053,506,1,5.362713980769005e-13,6.684210102081423e-08
0.0025899940073215322,506,1,1.0070541151880512e-12,4.157602806476035e-08
0.002599982692719946,506,1,1.3760360021976238e-12,1.2523335257697e-08
0.0026099583410498137,506,1,1.3711451170696307e-12,1.2791594949934648e-08
0.0026199908534473193,506,1,1.6635175326812617e-12,2.7609004846218532e-08
0.0026299760523095877,506,1,1.905397142013465e-12,2.4525642156048022e-08
0.002639963377767787,506,1,2.50037735335289e-12,6.739779001563306e-08
0.0026499887386907004,506,1,2.6989007715163844e-12,-1.1100732694169224e-08
0.002659993444675745,506,1,2.4839381446888423e-12,-4.453710511498343e-08
0.0026699594477339783,506,1,2.1348440525678462e-12,-3.3393439902162925e-08
0.0026799593693022797,506,1,1.4685744516350439e-12,-7.699849036146844e-08
0.0026899901993603158,506,1,6.802328433535665e-13,-8.118942296242437e-08
0.00269998736849525,506,1,7.339267319833023e-14,-3.436799828060444e-08
0.0027099564543407117,506,1,-9.277936085421226e-14,3.7999988156123266e-09
0.0027199638333857924,506,1,-6.157062863602957e-14,-1.0190535693066494e-08
0.0027299630282449096,506,1,-2.392422278318094e-13,-2.706804907992577e-08
0.0027399918897720262,506,1,-6.161597662009155e-13,-7.610749919173543e-09
0.0027499991272805194,506,1,-6.298658324782342e-13,-3.1966376656811235e-08
0.002759965226510916,506,1,-1.254150737661731e-12,-5.5311855484685424e-08
0.0027699799082271143,506,1,-1.0565412985415103e-12,9.760256303170678e-08
0.002779970536157839,506,1,-2.8876910780785804e-13,1.5859783930594062e-08
0.0027899670463153404,506,1,-3.8780876042621886e-13,2.2961625378847828e-08
0.002799996203365536,506,1,8.766376677915859e-14,5.47986597210226e-08
0.002809997833640168,506,1,2.9230891821025655e-13,-1.8811633972770636e-08
0.002819967008977856,506,1,-1.2551914260576502e-13,-6.075503367064528e-08
0.0028299625308132867,506,1,-7.075321096150153e-13,-4.682133791789056e-08
0.0028399829465466557,506,1,-1.049738312768056e-12,-3.670552489731804e-08
0.0028499720052161245,506,1,-1.2606251593549455e-12,8.717917943101838e-09
0.002859993355102407,506,1,-1.4229410632096186e-12,-1.7751020965628417e-08
0.00286996652586216,506,1,-9.565416729908401e-13,9.764226716058033e-08
0.0028799708610538098,506,1,-5.140377496760679e-14,8.109050908533533e-08
0.002889995639778524,506,1,6.55017923581469e-13,3.8528156109940426e-08
0.002899980473333962,506,1,5.607230948546424e-13,-1.64991212914245e-08
0.002909978057514456,506,1,5.175141188724341e-13,1.990757614311889e-09
0.0029199887633107307,506,1,2.990526840987201e-13,-2.9300897042006113e-08
0.002929991954553023,506,1,2.658297708476795e-13,1.8113290756183176e-08
0.0029399764697640284,506,1,-4.415818737415773e-14,-8.673738949305232e-08
0.002949998184656102,506,1,-9.970657375026038e-13,-7.971050330901619e-08
0.002959979252006029,506,1,-1.4155906091256512e-12,-1.3156832151528519e-08
0.002969980736582091,506,1,-1.3977699066652905e-12,-2.7675810782001875e-08
0.0029799930482495057,506,1,-1.5638293217582649e-12,3.357439826157105e-08
0.0029899731213205967,506,1,-1.2943396325597552e-12,-3.173458323901812e-08
0.002999972572662621,506,1,-1.5378575860946087e-12,2.234382436017146e-08
0.003009966234808012,506,1,-1.0601494818669277e-12,1.9400988121587304e-08
0.003019993492019316,506,1,-9.57608107800224e-13,1.210904465587248e-08
0.0030299923285373176,506,1,-1.0039713692697053e-12,1.3030854104090217e-08
0.003039985271719881,506,1,-4.632753937959012e-13,7.374309478292915e-08
0.0030499910953431784,506,1,2.5108627809832147e-13,7.598023327171077e-08
0.003059964952357777,506,1,9.463935427739582e-13,4.170860948282673e-08
0.003069994740587669,506,1,9.851222730966548e-13,-1.7837754828775587e-08
0.00307995931289467,506,1,6.580478637718172e-13,-3.2482992518012566e-08
0.0030899847747873333,506,1,4.772169919837642e-13,-9.388124354303695e-09
0.00309997082118476,506,1,4.145494508106008e-13,-4.819759757968001e-09
0.0031099691440506253,506,1,2.4391671340595437e-13,-1.4879669808787188e-08
0.003119998919780487,506,1,1.275447880178058e-13,-1.952453887454908e-08
0.0031299647571994,506,1,2.959923464369938e-13,3.5597808395460007e-08
0.0031399993771487637,506,1,3.3999517611016383e-13,1.8965680581572997e-08
0.0031499598328533266,506,1,8.065124140228938e-13,6.196160828864095e-08
0.00315999109527504,506,1,1.2791578002072535e-12,3.926140423882174e-08
0.003169982639720877,506,1,1.0510774057890951e-12,-5.988017209856977e-08
0.0031799856317141556,506,1,6.574585958676649e-13,-1.492512080591979e-08
0.0031899737695395883,506,1,7.040654701537653e-13,1.925105608258093e-08
0.0031999917316139974,506,1,1.0104885617857122e-12,4.763197869461777e-08
0.003209996339448164,506,1,1.6299111803204933e-12,6.053991530308167e-08
0.003219965161145989,506,1,1.8928143625499168e-12,1.0501142566621269e-08
0.0032299581354244193,506,1,1.6604244766778818e-12,-3.2452052989295765e-08
0.003239970433001811,506,1,1.5765113984707031e-12,1.1682328368567418e-09
0.0032499679490677596,506,1,1.6165574763611005e-12,-2.576235574869301e-08
0.0032599571624250044,506,1,1.2164527263689226e-12,-5.270683478553195e-08
0.0032699997190781685,506,1,6.223965434834153e-13,-4.03004757711968e-08
0.00327997660839436,506,1,3.408884748440301e-13,-2.4946722132490606e-08
0.0032899765442371623,506,1,2.5097029218278805e-13,9.306126647068425e-09
0.0032999730807222838,506,1,3.9253063537618036e-13,1.2991850206756084e-08
0.003309977879925228,506,1,5.280360118270033e-13,2.5023146332792123e-09
0.003319972582669815,506,1,2.4511908514491133e-13,-5.8791079698972126e-08
0.003329965863041504,506,1,1.8398319638081827e-14,6.54925169651932e-10
0.0033399809040717365,506,1,2.7499244302845154e-13,1.6538594146964236e-08
0.0033499906507562763,506,1,2.1025141263425473e-13,-2.642218105419758e-08
0.0033599958270293805,506,1,3.304100479410146e-13,6.146168629594939e-08
0.003369960269393244,506,1,2.7861370538960744e-13,-7.034325555377308e-08
0.0033799722574691634,506,1,7.830927255253603e-14,3.312819657486088e-08
0.0033899916558431486,506,1,7.353524311585829e-13,3.7009721953751296e-08
0.003399995227773425,506,1,7.743469934544129e-13,-1.2268352785060888e-08
0.0034099763881091085,506,1,6.123050149726842e-13,-2.553487893353079e-09
0.003419990288270649,506,1,6.009117357354266e-13,2.05636929706543e-09
0.0034299796669928205,506,1,6.830573687368431e-13,-7.3807364664446595e-09
0.003439982401248543,506,1,6.782637280733925e-13,1.9398944339776847e-08
0.003449974731003177,506,1,7.522021539170011e-13,-2.1973011743448012e-08
0.0034599728513892945,506,1,7.388074628803237e-13,2.8169243826425827e-08
0.003469973705488485,506,1,1.1014128468994503e-12,5.465144212180029e-09
0.0034799853355285764,506,1,1.2064472125716775e-12,3.10243516155051e-08
0.003489970909260417,506,1,1.5137218006968734e-12,-1.643370407811151e-08
0.003499988732211183,506,1,1.047148477344574e-12,-4.677057374724569e-08
0.003509987757324931,506,1,2.7299531721574483e-13,-9.493093489076898e-08
0.003519996837758516,506,1,-3.995428967328799e-13,-2.5542425730051832e-08
0.0035299840719765444,506,1,-3.5882449152279706e-13,4.7039321438013815e-08
0.003539999247022662,506,1,-9.773714295031356e-14,4.168308087582062e-09
0.0035499750470102814,506,1,1.893817600231106e-13,8.832032938332901e-09
0.003559987345307009,506,1,2.359001648942439e-13,-3.5403874276696e-09
0.003569991342151219,506,1,4.480624554819006e-13,2.8707312860198897e-08
0.00357999935868398,506,1,4.127729395465064e-13,-2.627223721907157e-08
0.0035899827101628138,506,1,1.9830778983314463e-13,-2.2901400248409587e-08
0.003599989507754609,506,1,2.3555487148977923e-14,-3.104520847341252e-08
0.003609987609753006,506,1,-1.6413438533660618e-13,-1.1195617266590574e-08
0.0036199706403360955,506,1,-4.072220072236785e-13,8.550427708312741e-09
0.00362998239784877,506,1,-1.7511331596134125e-13,2.790892836279646e-08
0.003639959160008169,506,1,4.735424249922046e-13,5.457050866741753e-08
0.003649955457475156,506,1,6.308225989673218e-13,-4.214820820136467e-08
0.003659999069154944,506,1,-6.83861521911692e-14,-1.4343278065265253e-08
0.0036699606504969565,506,1,-8.106611661519523e-14,-3.0938920314582674e-08
0.0036799600199480973,506,1,-2.3057969599562253e-13,-1.4320690425173588e-08
0.0036899913764507465,506,1,-4.642796208115729e-13,-2.563523610055185e-08
0.003699982913942179,506,1,-8.248688046830536e-13,-5.9381896067023376e-08
0.0037099757384516734,506,1,-1.4109992342125325e-12,-8.914938634529967e-09
0.0037199943889358097,506,1,-1.3071556767972245e-12,3.295567430061652e-08
0.003729962389202568,506,1,-6.386146053974622e-13,6.33096318702897e-08
0.003739976717589097,506,1,-2.578729229121574e-13,-2.7138522318281844e-08
0.003749962843021728,506,1,-9.287782945077011e-13,-5.730539248682831e-08
0.003759981563887964,506,1,-1.0900675365144242e-12,1.0497119062868876e-08
0.0037699657838864884,506,1,-6.946603081103039e-13,4.942943515606757e-08
0.003779989481127052,506,1,-2.9639674622403437e-13,4.771835757436116e-08
0.003789992714413908,506,1,5.487903595371036e-15,2.4851393110036923e-08
0.003799958127050029,506,1,4.4968948168324935e-13,1.0906148428801998e-08
0.0038099628048722306,506,1,2.967683709182139e-13,-2.134538197584579e-08
0.003819965322099062,506,1,-8.933967440486043e-14,-4.9908601251758e-08
0.0038299977230396107,506,1,-6.994557114493177e-13,-7.426506165586488e-08
0.003839982251655563,506,1,-8.063872589757063e-13,4.6349306725979034e-08
0.0038499999632941144,506,1,-6.204968747405208e-13,1.1205382566270572e-08
0.0038599853756904998,506,1,-7.985714682839234e-13,-2.6773453232209476e-08
0.0038699966226814213,506,1,-7.072159410149255e-13,-4.62344784679658e-09
0.0038799758307534967,506,1,-1.0559383364439415e-12,-2.996241032365843e-08
0.0038899749412881868,506,1,-5.476401819683565e-13,1.1347917661108653e-07
0.003899974279069712,506,1,4.2238511628345807e-13,5.50704021828885e-08
0.003909981045563255,506,1,7.644184082482286e-13,3.707718509993185e-08
0.003919979483561263,506,1,9.244591168085562e-13,-1.0113963749835975e-08
0.003929974164293732,506,1,7.89126046764479e-13,5.794017488014447e-09
0.003939965643851169,506,1,9.005963047187325e-13,-5.6277471571775095e-09
0.0039499920406901945,506,1,9.765110811979505e-13,-1.5694799460064246e-08
0.003959957102444371,506,1,5.926415093263429e-13,-2.6894840783261986e-08
0.003969981472115329,506,1,3.216290098427598e-13,-1.9406390133758222e-08
0.003979983658302246,506,1,3.052216682522535e-13,-1.561948348438591e-09
0.003989996897388895,506,1,-1.32668137950041e-13,-8.830278264149172e-08
0.003999962066184443,506,1,-4.4379826080894434e-13,3.676736554103499e-09
0.004009982616686821,506,1,-3.23152007269175e-13,1.4133389743264946e-08
0.004019985737106671,506,1,-3.022242693736729e-13,2.956616625138242e-08
0.004029985450337512,506,1,1.1854475124510426e-14,2.5373270956530192e-08
0.004039966885469826,506,1,2.841018029555234e-13,3.860954456147425e-08
0.004049957672285779,506,1,9.192919286861358e-13,8.070926676984058e-08
0.004059981472726734,506,1,1.2280626920924392e-12,-1.2568845964011643e-08
0.00406997745205338,506,1,5.804228693268194e-13,-6.491331405733547e-08
0.004079973744767089,506,1,-1.926770959646243e-13,-8.20015839675392e-08
0.004089967943497107,506,1,-9.497471846519126e-13,-7.510359489870666e-08
0.00409995910856725,506,1,-1.4360464992710723e-12,-2.8437991739238555e-08
0.004109980115336773,506,1,-1.5939865258881442e-12,3.249427793505788e-08
0.004119984125208945,506,1,-1.3943554800089752e-12,-2.247985492198623e-09
0.004129964255278309,506,1,-1.1957181426903388e-12,3.323394820453629e-08
0.004139984312080828,506,1,-9.013261277878446e-13,6.903188110030101e-08
0.004149995956521106,506,1,-2.8713189349421973e-13,3.601828790777972e-08
0.004159984365413026,506,1,-3.545562162686174e-13,-1.6175565442644313e-08
0.004169957460397018,506,1,1.4038128095411086e-13,4.312570994757792e-08
0.004179975603296128,506,1,8.250332366480052e-13,5.830257365779801e-08
0.004189960119300603,506,1,1.397730611536318e-12,7.663139522939844e-08
0.004199994698658853,506,1,2.04993700576102e-12,6.151931503106667e-08
0.004209996904761525,506,1,2.1707746142079695e-12,2.1297890312466095e-08
0.004219994070290476,506,1,2.6002180890751826e-12,5.9115160145478685e-09
0.004229969721830748,506,1,2.6990879861265183e-12,5.850444417809797e-08
0.0042399745007891355,506,1,3.144295641997058e-12,-1.0442515588349188e-08
0.004249982306832177,506,1,2.779038233395462e-12,-3.991703212413711e-08
0.004259982568110752,506,1,2.0384934585064747e-12,-9.969852809987856e-08
0.004269964160984992,506,1,1.0360449873485716e-12,-7.113919986423412e-08
0.004279999742011297,506,1,1.3018230292588875e-13,-1.089068395465631e-07
0.0042899881831208065,506,1,-3.861669894988408e-13,-5.574527683904762e-08
0.004299982584989596,506,1,-1.0290513998919854e-12,-2.905569995714785e-08
0.004309970035917239,506,1,-9.665811818201486e-13,1.925422485338224e-08
0.004319999374273674,506,1,-9.18204280783621e-13,2.6071869829724648e-08
0.004329993981516786,506,1,-3.837325609042574e-13,3.242382295987056e-08
0.004339957996342546,506,1,-5.698071612529436e-13,-1.3781178476168776e-08
0.004349963206873632,506,1,-4.609557686588569e-13,2.3392984938030992e-08
0.004359990236780178,506,1,-1.9657144915951328e-13,5.779608525102731e-08
0.004369973183385304,506,1,6.873954344236788e-13,8.180035104832228e-08
0.00437998615140778,506,1,6.284804965404726e-13,-6.17621237486432e-08
0.004389983665670742,506,1,-5.983137755719145e-14,-4.687007243431296e-08
0.0043999586148666244,506,1,-2.3308237257586503e-13,2.943053900583692e-08
0.0044099993160019715,506,1,2.286135402485663e-13,5.848612405490172e-08
0.004419956260684955,506,1,6.827778156769972e-13,-1.1495922408455428e-08
0.0044299611819229485,506,1,2.081880251281502e-13,-8.395796058380256e-08
0.004439972548915116,506,1,-4.86365825340244e-13,-2.7273309277653368e-08
0.004449970402193156,506,1,-3.3610494013067323e-13,4.1946756956789955e-08
0.0044599950945013065,506,1,-1.3510519509961794e-13,4.871402684014647e-09
0.004469967334358652,506,1,3.9019715955638254e-13,5.2910192172017645e-08
0.004479959399329604,506,1,4.70003748343406e-13,-1.4553721783272522e-08
0.0044899665489456985,506,1,3.4799603963633395e-13,-1.8242415356084507e-09
0.004499989685407309,506,1,2.0255228124919835e-13,-9.537934220205102e-09
0.004509994842501989,506,1,1.9564235078988954e-14,-5.398363300823661e-08
0.00451998440936643,506,1,-2.524845804164396e-14,5.641608746831395e-08
0.004529966366454434,506,1,6.3652686738819e-13,3.6223018140546515e-08
0.004539974687750707,506,1,4.732436137912699e-13,-3.1934831043467504e-08
0.004549966025476365,506,1,3.938856737924516e-13,4.4955706934857176e-09
0.004559965924704872,506,1,2.1858651520259272e-13,-2.39269011270693e-08
0.004569966257261108,506,1,4.936648005733255e-13,7.316575556526317e-08
0.004579980735928727,506,1,7.578837536186185e-13,-5.133292213521656e-08
0.004589969944166384,506,1,3.9803294446088535e-13,3.3659476039726854e-09
0.00459996567268466,506,1,7.993075085748684e-13,5.667065683390149e-08
0.004609958441749131,506,1,1.4279053013908439e-12,2.2507373687030707e-08
0.004619962039231872,506,1,8.067656015742173e-13,-1.0225804669694583e-07
0.004629968572207945,506,1,3.345450747481958e-13,-1.2421205175527916e-09
0.004639986773608062,506,1,6.942558591953524e-13,9.794968558463069e-08
0.004649993448754368,506,1,1.7029536496526054e-12,5.252540447031606e-08
0.0046599877218289855,506,1,1.7523084580617929e-12,-6.384725259600543e-08
0.004669984174244073,506,1,1.3417969009786633e-12,-1.927352366593027e-08
0.004679986633953577,506,1,1.199527996090168e-12,4.162870392843132e-08
0.0046899744027101235,506,1,1.5097018236220606e-12,-1.878697827861764e-08
0.004699995325494959,506,1,1.1002233310030503e-12,-4.5645344171063584e-08
0.004709959483720083,506,1,9.386714182560321e-13,-1.9193648337356706e-09
0.004719957849489888,506,1,7.686885541746723e-13,3.440966345191754e-09
0.0047299681944631255,506,1,1.0492180422619628e-12,7.557160880411473e-08
0.0047399957966518975,506,1,1.2531408727947625e-12,9.427784525284366e-10
0.004749973233593551,506,1,1.3532821491475097e-12,-1.824832707164603e-08
0.004759973025489073,506,1,9.586233741962972e-13,-4.16806271719139e-08
0.004769990488137166,506,1,1.409344612313037e-13,-7.070828789146333e-08
0.004779996188618287,506,1,1.2616270976875937e-13,3.6563179706128324e-08
0.004789980228832013,506,1,2.86341691799045e-13,-1.2778054517270654e-08
0.004799973573577608,506,1,3.6416564920115514e-13,6.508279759565028e-08
0.004809996370479239,506,1,1.2725763614068676e-12,8.650305560742311e-08
0.0048199903920037165,506,1,1.3555029570915867e-12,-4.679272810892421e-08
0.004829995363228399,506,1,5.468218759317501e-13,-8.662769734879561e-08
0.004839982137742458,506,1,2.4763547688263577e-13,3.529283129632965e-09
0.0048499838476868855,506,1,5.006444541261711e-13,3.851403962418232e-08
0.0048599648851425006,506,1,7.010975344692221e-13,6.2807944956055906e-09
0.0048699714256318204,506,1,1.1442040047295399e-12,5.6220745781043746e-08
0.004879985365513301,506,1,1.5443678432107226e-12,3.148717930834266e-08
0.004889968814565082,506,1,1.695866451926337e-12,-1.4226391953364725e-08
0.0048999645215692285,506,1,1.3057760282621873e-12,-6.439518085432638e-08
0.004909993442299744,506,1,6.960104445351511e-13,-2.121674988475597e-08
0.004919993470493547,506,1,7.41973418774309e-13,-5.915530287836646e-10
0.004929997298337766,506,1,1.830387380745477e-13,-8.08339072344566e-08
0.0049399607788006995,506,1,-1.6678211037983535e-13,3.280884507128601e-08
0.004949963643589128,506,1,4.1844134422181097e-13,7.18104051777857e-08
0.004959999773995563,506,1,1.4322656084688086e-12,9.418801494298634e-08
0.004969976148962584,506,1,1.7508243322478766e-12,-2.1179329900977706e-08
0.00497999079649168,506,1,1.655798108080855e-12,1.5743477188578936e-08
0.0049899741780366795,506,1,1.8748282819888024e-12,3.576581694697545e-08
0.004999992796390972,506,1,2.073327397082974e-12,1.7120095924250123e-08
0.005009965747862612,506,1,1.7631334929644072e-12,-9.382548382674827e-08
0.005019998759779939,506,1,1.0893830435781547e-12,-2.2918264008797706e-08
0.005029983983952706,506,1,7.672424247764622e-13,-2.3299313423041923e-08
0.005039988504982833,506,1,2.6282321533118087e-13,-6.309045663677182e-08
0.005049984777705981,506,1,1.4821185999411984e-14,1.1459365095722873e-08
0.005059960074180316,506,1,1.0088087629965298e-13,1.2721295156170598e-08
0.0050699646703149075,506,1,-6.657963441434136e-14,-5.0936152518055167e-08
0.005079975685729509,506,1,-5.220925277493033e-13,-4.883948753753309e-08
0.005089992849776121,506,1,-7.071435027572763e-13,4.3795786996980723e-08
0.005099958718378997,506,1,8.942560589735938e-14,9.028572811597968e-08
0.005109971722647651,506,1,1.0583677014755662e-12,8.226323355842169e-08
0.005119977983712958,506,1,1.4395285754842694e-12,-4.7210397535746296e-08
0.005129983628808401,506,1,4.786188713220185e-13,-1.2239822599902084e-07
0.005139991801203174,506,1,-3.119062057853968e-13,-2.8315438771464585e-08
0.0051499826632363955,506,1,-2.393928493480725e-13,2.3001725218962932e-08
0.005159967580727336,506,1,-5.156981968329e-14,2.38653646844611e-08
0.0051699699630949605,506,1,2.674765193641721e-13,2.7982442585283707e-08
0.0051799713593928595,506,1,5.406711743491084e-13,6.38837832633854e-08
0.005189982671452809,506,1,1.3624830599954108e-12,5.108270428877404e-08
0.005199971079100129,506,1,1.2819516397044334e-12,-2.174086335959835e-08
0.005209973232172589,506,1,1.459103288360816e-12,4.079527637923519e-08
0.005219981155537408,506,1,2.0925187038840776e-12,4.2222714227713176e-08
0.005229965138942932,506,1,1.9094514787680247e-12,-5.481584375299775e-08
0.0052399608934577116,506,1,1.3353924916407372e-12,-6.495113624715998e-08
0.005249982002999411,506,1,9.528415916728434e-13,3.52481915877334e-08
0.005259975273822631,506,1,1.5823044982013652e-12,4.912235562759548e-08
0.005269979810125778,506,1,1.5861853600672286e-12,-3.540631821064011e-08
0.005279979478277073,506,1,1.3255506718309884e-12,8.950728935808172e-09
0.005289965745571135,506,1,1.6233513124846587e-12,-7.634495258201923e-10
0.005299991157239064,506,1,1.3436642105218739e-12,-3.4371840720859304e-08
0.005309970016642706,506,1,8.907267276393022e-13,-5.8604816111085256e-08
0.005319967898115426,506,1,-1.0409842814682914e-13,-1.242313142357787e-07
0.0053299814238811785,506,1,-9.200310182956909e-13,-3.5525191267871126e-08
0.005339988839159224,506,1,-1.2078231989597673e-12,-1.34853222200082e-08
0.005349969719018033,506,1,-1.2690749211734633e-12,-6.272020236508524e-09
0.0053599764474193375,506,1,-1.5020864428314223e-12,3.759127217839442e-09
0.005369997037700295,506,1,-1.327960253561097e-12,2.317319724998157e-09
0.005379980128486526,506,1,-1.1229576042513139e-12,8.521634925484634e-08
0.005389969650855461,506,1,-4.76045520853756e-13,2.3336210408508862e-08
0.005399996237483614,506,1,-9.623461051753036e-13,-5.9090540571737904e-08
0.005409966596757288,506,1,-1.145009876640118e-12,1.8296900328174104e-08
0.005419986616964384,506,1,-3.840271631984772e-13,1.0159911512097608e-07
0.005429994815562234,506,1,2.2222263049823695e-13,1.3913392521436307e-08
0.005439969100741385,506,1,-2.294878334689203e-13,-7.263005175062176e-08
0.005449975236982409,506,1,-7.350439260890834e-13,-4.289740590524005e-08
0.00545996843034601,506,1,-8.052361242597288e-13,1.3058367942520022e-08
0.005469971325902306,506,1,-3.057758158410721e-13,6.744881664300095e-08
0.00547999764219542,506,1,-1.1215351750467261e-13,-3.200826942384438e-08
0.005489991768779654,506,1,-6.13706777526271e-13,-4.23570678531604e-08
0.00549996525350136,506,1,-9.295081150357144e-13,-3.7168089050965136e-08
0.005509966015189842,506,1,-8.135546645810909e-13,6.334629826243443e-08
0.005519978045567491,506,1,-4.005423278480042e-13,2.483363803484906e-08
0.005529958511920713,506,1,-4.4294077039292324e-13,-1.2531528176262796e-08
0.005539996544531082,506,1,-8.113913576803964e-13,-7.153984005192626e-08
0.0055499916673077436,506,1,-1.0224668063173875e-12,3.860227937302341e-08
0.005559973770025515,506,1,-1.065506837356336e-12,-3.3449269899038514e-08
0.00556997793476473,506,1,-1.0195362213976863e-12,8.741380508325847e-09
0.005579992867189304,506,1,-8.987549762171131e-13,3.2254195980740974e-08
0.005589994622012164,506,1,-9.36769672588351e-13,-7.874247254235911e-09
0.005599988999215762,506,1,-5.208198844629762e-13,5.5184384728512725e-08
0.005609986973983674,506,1,-1.2272446327541786e-13,5.451232754083435e-08
0.0056199666123731345,506,1,4.176880551636864e-13,2.2111509567768195e-08
0.005629983242042961,506,1,5.981891177330671e-13,4.1381068516255226e-08
0.005639965675729477,506,1,7.329337162957205e-13,-1.741256411280645e-08
0.005649963985862555,506,1,3.2683690043939454e-13,-8.03021532602699e-09
0.005659957800666603,506,1,4.1035914324515e-13,1.4605465569611509e-08
0.005669981840028802,506,1,3.1924961213172657e-13,-5.749411025046669e-08
0.005679995054171536,506,1,-1.0074775808397015e-13,-4.41172953724589e-09
0.005689981055962534,506,1,-1.1340038811951357e-13,1.8317574845827522e-08
0.005699963637495528,506,1,3.5508566945889174e-13,5.699428945460383e-08
0.005709973742693839,506,1,6.348061928006764e-13,2.5738946939080076e-08
0.0057199826677225745,506,1,1.0474669346276872e-12,2.7263032109647867e-08
0.005729997316249422,506,1,1.3236823932820862e-12,3.817259375260562e-08
0.00573995947155766,506,1,1.8503123575217017e-12,4.212898996325265e-08
0.005749973659715163,506,1,1.6768321807984895e-12,-5.1982158022489955e-08
0.005759981153184275,506,1,1.1023918806141717e-12,-3.502968248803029e-08
0.005769964727386619,506,1,6.7998223679766e-13,-4.613827428445738e-08
0.005779977010838675,506,1,3.2653486966622734e-13,-2.906339249819645e-08
0.005789973688981864,506,1,-4.7806480250726403e-14,-3.3826837608774696e-08
0.005799984294858557,506,1,-4.96159013600359e-13,-5.5193065395808816e-08
0.005809963684300622,506,1,-1.0615902688165813e-12,-4.7112446499575356e-08
0.005819987219207334,506,1,-1.2383467257810928e-12,1.1433749003142424e-08
0.005829983085017342,506,1,-1.1069818394999608e-12,2.8151223366301714e-08
0.005839979294598562,506,1,-8.899876600526038e-13,7.118792810789643e-08
0.005849955942465895,506,1,-1.9965576738276754e-13,4.294025335305207e-08
0.005859957484590053,506,1,3.446935077793564e-13,6.839251076584674e-08
0.005869968967583659,506,1,9.223416581072307e-13,4.531711872424182e-08
0.005879984272359551,506,1,1.2632818189017023e-12,-6.612419833906813e-09
0.005889972644483208,506,1,6.092654490999234e-13,-8.23419570306072e-08
0.0058999745347217475,506,1,-1.357127411277391e-13,-6.537116559179879e-08
0.0059099857275428614,506,1,-3.521082410761086e-13,6.040135747120701e-08
0.005919997681181325,506,1,6.725091090495241e-13,8.71243887035078e-08
0.005929992033273825,506,1,9.083146984800424e-13,-9.255727254076085e-09
0.005939988437048837,506,1,6.925112627033424e-13,-2.5679889451013516e-08
0.005949971011485544,506,1,4.2698154988909595e-13,-6.383658268660497e-09
0.005959994067918254,506,1,4.837839283095436e-13,2.079061774910157e-08
0.005969982593316964,506,1,1.094031341011153e-12,7.97780681516258e-08
0.00597999319973683,506,1,1.6178666072856965e-12,4.888695115390362e-09
0.005989998987402787,506,1,1.3686597335140394e-12,-2.402039500637443e-08
0.005999989969773451,506,1,1.3510074046864504e-12,-1.9951493235303985e-10
0.006009961005981372,506,1,1.493598002100401e-12,3.640227597134782e-08
0.006019999136666898,506,1,1.5215920801711202e-12,-4.799543151801089e-08
0.006029996038720702,506,1,1.1510745817204819e-12,1.4420905913858917e-08
0.006039961259028798,506,1,1.3029208576503955e-12,-2.174740645899398e-08
0.006049977970011413,506,1,1.030511185790646e-12,-1.594169674046242e-08
0.0060599942540477065,506,1,5.250013180877551e-13,-7.966440951356901e-08
0.006069958650732351,506,1,3.4241863562808027e-13,3.926252767350036e-08
0.006079988953826534,506,1,4.4337124778331093e-13,-3.5701918338348904e-08
0.0060899928755560615,506,1,2.0262082146122427e-13,-7.409576008310381e-09
0.006099989890616766,506,1,1.126892378917237e-13,1.0269189304468185e-08
0.006109985632846028,506,1,6.177894677558281e-13,6.603417723738403e-08
0.006119974139240185,506,1,9.025260897180666e-13,-3.086998447143774e-08
0.006129987556662607,506,1,7.309088302487169e-13,2.505984644796122e-08
0.006139961785386554,506,1,9.670052408183784e-13,3.8659329737456005e-08
0.006149962887980511,506,1,1.40471477765719e-12,-1.3864592779411211e-08
0.006159975295933049,506,1,9.661794620453531e-13,-4.9538140589611146e-08
0.006169982337224006,506,1,3.5947698387195663e-13,-4.283555532502703e-08
0.006179980492075587,506,1,7.400770043319979e-14,-3.200296663785629e-08
0.006189987946860759,506,1,1.6964249659699986e-14,2.0561358726745027e-09
0.0061999630487530755,506,1,1.7093858829640577e-13,1.7006214297898836e-08
0.006209984208849826,506,1,1.3765710695222725e-13,-1.2321614895061117e-08
0.0062199899287840536,506,1,1.7945512511028739e-13,3.95386949292309e-08
0.006229976582287904,506,1,6.195883478365705e-13,4.570337552856074e-08
0.006239967494492535,506,1,8.784515676723073e-13,1.5193516000877594e-08
0.006249960368758599,506,1,1.173408169844695e-12,1.8899372178360352e-08
0.006259998517275639,506,1,1.1617128420465784e-12,-2.2483862605060523e-08
0.006269964856281512,506,1,8.553726617052779e-13,-3.7445284095660725e-09
0.006279968251574158,506,1,9.82811295318969e-13,-7.907780097404782e-09
0.00628999274730658,506,1,8.289392664038303e-13,-2.9464426717917824e-08
0.006299978669363407,506,1,6.925533712522493e-13,-3.4729302211822244e-08
0.006309976929827969,506,1,2.1918422230775682e-13,-2.2366970053866453e-08
0.006319958736051649,506,1,3.7605387572987745e-13,3.280878613232119e-08
0.006329958410957847,506,1,5.286111099287393e-13,6.692664547558458e-09
0.006339979575708321,506,1,3.082952081930122e-13,-2.8454448297576818e-08
0.006349963037528943,506,1,2.593768163574803e-13,7.31172183909834e-09
0.006359961274282395,506,1,2.8161541706878786e-13,-2.3087284473088943e-08
0.006369989516460177,506,1,1.6148243719886024e-13,-3.3518169378909946e-08
0.006379975710467145,506,1,-2.469836155730219e-13,-1.3397521411717683e-08
0.006389990623740286,506,1,-3.020207646258974e-13,-1.9902831160933943e-08
0.006399996009538428,506,1,-3.8280566206743945e-13,2.768066054148477e-09
0.006409968392701951,506,1,-2.1267964518282894e-13,1.0127798981407476e-08
0.006419964509205941,506,1,-1.2954677918776154e-13,1.1090248996925567e-08
0.006429978221835664,506,1,-4.947778908044771e-13,-5.991001472693824e-08
0.0064399953837639854,506,1,-6.327108213304835e-13,5.633448513231443e-08
0.006449984380157341,506,1,1.176142072019978e-13,5.131285241155581e-08
0.0064599867114587175,506,1,4.1576994526945053e-13,5.460367291654222e-08
0.006469992173478451,506,1,8.012678676519501e-13,1.778133099095136e-08
0.006479956661035917,506,1,4.779089827498036e-13,-5.443792722159557e-08
0.006489976550495774,506,1,1.938151718677749e-13,-4.612793785829794e-09
0.006499970786370717,506,1,5.918449324376907e-13,6.01945751022015e-08
0.006509964984914044,506,1,1.1868233040215545e-12,6.603800972726503e-08
0.006519959368723488,506,1,1.4106170997453017e-12,-3.237087781160497e-08
0.006529996411384291,506,1,8.346033858865152e-13,-5.2390504268196025e-08
0.006539962588281889,506,1,5.991647472223735e-13,1.87711799437551e-08
0.006549982944956602,506,1,1.1146767103092925e-12,6.634113747239212e-08
0.006559978538742022,506,1,1.3607799816703434e-12,-4.8095743498954846e-08
0.00656999697712984,506,1,4.1489331399993407e-13,-6.714336575619484e-08
0.006579982118465766,506,1,-2.5562910552982647e-14,-3.177035667878414e-08
0.006589966692864798,506,1,-2.6659210727647195e-13,-5.718847256863668e-09
0.006599967994790061,506,1,-2.5322151580945155e-13,-2.2037289437726315e-08
0.006609986454824011,506,1,-7.050949883026926e-13,-4.452161594947768e-08
0.006619981099827853,506,1,-1.0238944295280078e-12,-2.2673470545520047e-08
0.006629985121013332,506,1,-9.422507075935527e-13,3.893317063186075e-08
0.006639965643973591,506,1,-6.467203286908267e-13,8.63706808157394e-09
0.006649989356091944,506,1,-2.8106398959393047e-13,4.1446735044026184e-08
0.006659974233030556,506,1,-3.331528342213647e-13,-2.1474792090414585e-08
0.006669986718168594,506,1,-7.721489827668365e-13,-8.149659336265103e-08
0.00667998208399872,506,1,-1.1893751263004296e-12,2.7308953320925866e-08
0.006689963464909093,506,1,-7.425876718210648e-13,6.246603667658945e-08
0.00669999470757306,506,1,-2.7382264002395387e-13,4.535564135377257e-08
0.006709993415910295,506,1,2.3115933207637344e-13,2.557387343560258e-08
0.006719977067568235,506,1,1.962592477420431e-13,-2.3013214611733446e-08
0.006729991232328321,506,1,1.5978659644607234e-13,3.2930537408049076e-08
0.0067399631776007855,506,1,3.221060537164557e-13,-3.041442897533386e-08
0.006749992578756297,506,1,-6.754599101045774e-14,-2.5013207484436695e-08
0.006759998883430472,506,1,-5.576204372431144e-13,-5.447954043447112e-08
0.006769959001106804,506,1,-9.013806216525062e-13,1.404206473321068e-09
0.0067799985463174,506,1,-5.956584399376542e-13,6.088705825635365e-08
0.006789988188117938,506,1,-2.7608502892129073e-13,2.6901626482001006e-08
0.0067999708061716015,506,1,1.0290164851938996e-13,2.294748804865243e-08
0.006809980784842799,506,1,-2.0027251441215738e-13,-6.737261304401443e-08
0.006819980150435991,506,1,-7.50580263699928e-13,-2.2516196282462708e-08
0.0068299845002377435,506,1,-6.300440443986882e-13,5.8182080597823926e-08
0.006839969587457437,506,1,-3.766676742375779e-13,-3.119915525928718e-08
0.006849972801697294,506,1,-7.811176026640079e-13,-6.640034844185294e-08
0.0068599665323948655,506,1,-1.4064721812873625e-12,-6.244153749612735e-08
0.006869968533687079,506,1,-1.6427298499895222e-12,3.0889141133805254e-08
0.006879972011526077,506,1,-1.2597782526156003e-12,4.411882037480552e-08
0.006889965317175171,506,1,-8.02097419533239e-13,2.8231353303709295e-08
0.006899993840153902,506,1,-3.676448577843094e-13,3.482596327986087e-08
0.006909973914984763,506,1,-1.783857993774545e-13,3.09907918216723e-08
0.006919994835008652,506,1,-2.0881236718434072e-13,-3.620698560413693e-08
0.0069299780214827356,506,1,-7.06027978788709e-13,-6.766643345645917e-08
0.006939960288435847,506,1,-8.780414004379289e-13,3.938186987628711e-08
0.006949996434153348,506,1,-1.759606517228742e-13,9.996913985510503e-08
0.006959987984477801,506,1,4.667861505446924e-13,1.8075967472830357e-08
0.006969967946167452,506,1,5.862325056817108e-13,1.8108938792948948e-09
0.006979986730648021,506,1,7.678341113831954e-13,2.7400279808964534e-08
0.006989988592971343,506,1,5.279476315622538e-13,-5.7860185531666275e-08
0.006999973832570555,506,1,2.1462556404222588e-13,-1.3027734779846867e-08
0.007009981092335826,506,1,-1.5262163549027014e-13,-6.411887099044833e-08
0.007019958978262349,506,1,-5.321582628362411e-13,-2.3402319616894207e-08
0.0070299765559185086,506,1,-7.482057440516381e-13,3.376447899050561e-09
0.0070399830810224705,506,1,-6.278589573163046e-13,1.9712127749538233e-08
0.007049990318557698,506,1,6.940838691554124e-15,1.0151919171974555e-07
0.007059968894757484,506,1,9.827061230495567e-13,9.406100143216634e-08
0.0070699856228296646,506,1,1.7535262013311601e-12,6.976416244697248e-08
0.0070799858331441505,506,1,1.8840432042439587e-12,-4.210299087148428e-08
0.007089959798666404,506,1,1.6014544257489296e-12,-4.174950468671668e-09
0.007099997741017178,506,1,1.7784138419719986e-12,6.627720328111764e-08
0.0071099676633398536,506,1,2.607135766497827e-12,6.223749482447971e-08
0.007119971380930784,506,1,2.645727824242836e-12,-4.697633881889374e-08
0.007129990758922399,506,1,1.7689614387834864e-12,-8.581113308814281e-08
0.007139961431496943,506,1,1.3705475725947925e-12,-1.4042195226049436e-08
0.007149979474100601,506,1,5.99245178082913e-13,-1.367407678198873e-07
0.007159995254801014,506,1,-6.464402555527511e-13,-9.950911672440554e-08
0.007169962449877353,506,1,-1.3787116657755852e-12,-3.071772186613586e-08
0.007179959609427872,506,1,-1.2606728117344921e-12,2.1476963207867072e-08
0.007189968909607604,506,1,-1.213570632603144e-12,-2.863826731314134e-09
0.007199959927297341,506,1,-1.0330187065523137e-12,2.156338912984168e-08
0.007209987078070645,506,1,-6.408692259438816e-13,3.8133471491619275e-08
0.007219986323040487,506,1,-3.2296254336304964e-13,1.564647178486922e-08
0.007229979056884137,506,1,-1.6901345096685325e-13,2.301888944386543e-08
0.007239979494087148,506,1,-1.6923556629902937e-13,-1.298154589379763e-08
0.0072499584218456235,506,1,-5.776920702567389e-14,3.3951991905423196e-08
0.007259988719917388,506,1,-2.2933500585534605e-14,-1.3821567446115068e-08
0.007269994722444973,506,1,2.6495135776494915e-13,6.620462864037613e-08
0.007279979460642738,506,1,6.189164552565453e-13,1.2794248993586166e-09
0.007289956192759518,506,1,8.369610580494843e-13,6.26992813224092e-08
0.0072999916149521695,506,1,1.5026619441208412e-12,4.313808044109635e-08
0.007309960085356894,506,1,1.5553533955155229e-12,-8.822091723814651e-09
0.007319978735606019,506,1,1.30023764870294e-12,2.5751724086475747e-09
0.007329971517588883,506,1,1.2936145566338564e-12,-4.684564376689071e-08
0.007339959116689036,506,1,5.506622549166906e-13,-8.14797801451661e-08
0.007349979222642239,506,1,2.3704901008016503e-14,4.541146569891907e-09
0.00735998163947862,506,1,2.3301244238277266e-13,3.120451813609648e-08
0.007369966776498766,506,1,3.2744591289330565e-13,-1.4852082452776472e-08
0.007379998054591323,506,1,1.3119430422170854e-14,-4.1604626521696275e-08
0.007389991146096957,506,1,-4.2235522025558473e-13,-2.070266802434162e-08
0.007399971460935594,506,1,-5.476581305965088e-13,5.537569763847117e-09
0.007409966464186002,506,1,-4.0964231112034996e-13,2.0145640100555084e-08
0.007419956876920095,506,1,-1.0500219281979169e-13,1.7913416250348035e-08
0.007429997218771458,506,1,-5.811155296724037e-14,5.273762454516273e-09
0.007439992845652756,506,1,1.7489583940510076e-13,2.1209848821701627e-08
0.007449972023947285,506,1,4.1234657391874246e-13,2.8666585438763548e-08
0.00745996235590817,506,1,3.3550321808933914e-13,-2.88778985724214e-08
0.0074699675704960914,506,1,4.570730196035871e-13,1.1928773385738722e-08
0.00747997665906257,506,1,3.349484606367985e-13,-2.7321411619207758e-08
0.007489958270510493,506,1,4.365361789429134e-13,2.9441483084813314e-08
0.007499993868528688,506,1,2.567333794185466e-13,-4.3778392022630896e-08
0.0075099722627718695,506,1,3.392025684179024e-14,-9.09507609850313e-09
0.007519962940739569,506,1,5.787629867174467e-14,-1.0424022423016766e-08
0.0075299901782128744,506,1,-3.320602256703942e-14,1.234362323465632e-08
0.007539978725632402,506,1,2.15646139217296e-13,5.27955841822525e-08
0.007549964841706514,506,1,7.490227636569558e-13,4.1432962172294197e-08
0.007559966214083071,506,1,8.02078735256972e-13,-2.4563861333870562e-08
0.0075699912721043676,506,1,6.510394793907964e-13,-2.666481813129451e-08
0.007579967190150209,506,1,1.2444058506084002e-13,-7.28118899617769e-08
0.007589967957976571,506,1,-1.913279766145885e-13,3.652537416964918e-08
0.007599989399646848,506,1,2.5115236191480036e-13,3.2256546378395257e-08
0.007609994161680655,506,1,2.280281786486084e-13,-1.654925999017287e-08
0.007619973106125884,506,1,2.1896186387712483e-13,-9.422518876256447e-09
0.007629997163950928,506,1,9.862558903242502e-14,-3.1089429086694764e-08
0.007639975774411478,506,1,-2.1248164699624351e-13,2.9417287026461958e-09
0.007649988272634897,506,1,-8.64046984663607e-14,1.4207901968647796e-09
0.007659993327525552,506,1,-4.021406061746396e-14,-1.2719234693259196e-08
0.0076699772056735265,506,1,-3.695897280169176e-13,-6.07299684152185e-08
0.0076799806786752274,506,1,-1.1762629749617701e-12,-4.0454915944954095e-08
0.00768996271722455,506,1,-1.0341876755469957e-12,5.0579275101547694e-08
0.00769995904395316,506,1,-5.774404057566813e-13,2.6561831290017324e-08
0.00770999504696977,506,1,-3.027643147109527e-13,2.7300524035878126e-08
0.007719999631724893,506,1,6.984938614919972e-15,2.9363806886006927e-08
0.0077299875952706815,506,1,4.830307025671318e-15,-1.9648660032345333e-08
0.007739985374075151,506,1,-2.327416196915141e-13,1.6664305907410082e-09
0.007749961451947057,506,1,-1.7147552248167027e-13,-2.2351539341602944e-08
0.0077599873006954055,506,1,-6.819295833310896e-13,-7.336269758351222e-08
0.007769967652442747,506,1,-7.976053374220875e-13,6.183207901244714e-08
0.007779963289498407,506,1,-3.368671376460623e-14,8.198916634505338e-08
0.007789965700101399,506,1,4.5022765719529806e-13,3.2606883582086965e-08
0.0077999708907684215,506,1,3.78874434828439e-13,-4.696571009876749e-08
0.007809991702906979,506,1,4.497650057878045e-13,2.14804663778434e-08
0.007819981703892134,506,1,6.066672788722404e-13,2.1704731900662466e-08
0.0078299966939969,506,1,7.721778818369309e-13,1.2832465312584418e-08
0.007839982616107523,506,1,9.756708092676812e-13,1.692358758687007e-08
0.007849978197684258,506,1,1.0218096917094348e-12,-1.6739106545315963e-08
0.007859989157165834,506,1,7.338687445312497e-13,-4.6693756861060365e-08
0.007869984231473868,506,1,1.9381948739476205e-13,-3.020510849771618e-08
0.007879984445131633,506,1,-1.519250211948881e-13,-3.9706611221212995e-08
0.007889982485346805,506,1,-3.1944851325543377e-13,-1.5129560049231827e-08
0.007899970982648837,506,1,-2.6093900769243086e-13,3.650839996982569e-08
0.007909987238536996,506,1,4.706257187073442e-14,3.9833832232716304e-08
0.00791997557594777,506,1,3.6196563782175733e-13,2.4811903642785182e-08
0.007929966085572558,506,1,7.800303854777466e-13,3.1982245685124866e-08
0.007939965306455615,506,1,5.419942531534886e-13,-6.885164427483659e-08
0.007949999662666022,506,1,2.3105631281912927e-13,7.0875056379371415e-09
0.007959977234177688,506,1,4.105652627836337e-13,1.6655878676274938e-08
0.007969970778968001,506,1,5.457231795432294e-13,-1.0820319307214277e-08
0.007979968376253834,506,1,2.3809578504308492e-14,-7.409725888418706e-08
0.007989991036745086,506,1,-4.799189635580343e-13,-3.1783093434878396e-08
0.007999962384108236,506,1,-5.107104018183786e-13,2.655022787734218e-08
0.008000006831550933,506,1,-5.0952279894589e-13,2.6719271017938695e-08
0.0,507,2,0.0,0.0
9.989961021512745e-06,507,2,0.0,-7.794591571450116e-39
1.9992043388314044e-05,507,2,0.0,1.0941691992555192e-24
2.998154396983048e-05,507,2,2.710778580006644e-20,2.836850187047241e-18
3.996706428926499e-05,507,2,-1.6101592700327e-19,-7.82629898252651e-14
4.9977073299739135e-05,507,2,-1.4593162428794663e-16,-8.029622973471096e-11
5.999080644949294e-05,507,2,-9.215146414484926e-15,-2.6726630006357333e-09
6.995577857517775e-05,507,2,-7.621428807052095e-14,-1.1547747355566962e-08
7.997976092856483e-05,507,2,-2.418721772533657e-13,-2.005921591330395e-08
8.999023881127192e-05,507,2,-4.4593248271581243e-13,-2.2115242276354863e-08
9.999120661247908e-05,507,2,-6.974644166114199e-13,-2.7361502452638575e-08
0.00010998802936081757,507,2,-9.135336648794954e-13,-1.542452612857126e-08
0.00011998443754741915,507,2,-1.1351404520266182e-12,-2.9102926901725112e-08
0.00012998021736421595,507,2,-1.3852377827366035e-12,-1.4346107191087754e-08
0.00013997582428984024,507,2,-1.2429933693822615e-12,6.454338774553037e-08
0.00014999257578972945,507,2,-6.098377994267785e-13,-6.673340768870162e-10
0.00015999360761981914,507,2,-8.327423418460155e-13,8.23051449216905e-09
0.00016996677216290113,507,2,-7.062330863345789e-13,1.0771746272730809e-08
0.00017999252641565756,507,2,-4.706369368116976e-13,9.461875033478506e-09
0.00018999308490903147,507,2,-7.952483674494317e-13,-2.6287682142189794e-08
0.0001999567280807932,507,2,-6.063139555954357e-13,2.0356657470799178e-08
0.00020998283113449233,507,2,-9.910262026415422e-13,-5.7315226120735474e-08
0.00021999218307440147,507,2,-1.0949456735848028e-12,1.6322832113724317e-08
0.00022999777759454492,507,2,-1.1016132609298804e-12,1.4999875203036694e-08
0.00023997177696874117,507,2,-6.110684053149663e-13,3.219531974352208e-08
0.0002499786197993587,507,2,-5.371119567278225e-13,1.1130643268186802e-08
0.0002599681581316944,507,2,-2.826151830530939e-13,4.996356695041726e-08
0.0002699738991410829,507,2,1.701677281750651e-13,1.331975023333154e-08
0.0002799995673440711,507,2,-1.4404553108437286e-13,-4.19336709800433e-08
0.00028997925184033916,507,2,-2.926153709189249e-14,6.059168577987606e-08
0.00029996847699488365,507,2,8.577536213450658e-13,8.999657619135348e-08
0.00030999245089309926,507,2,1.39264443279794e-12,6.780727018762533e-08
0.0003199568713655011,507,2,2.1785683244448834e-12,5.936160257791201e-08
0.0003299560514831476,507,2,2.5690660265375448e-12,4.2390191357100093e-10
0.00033998257775922535,507,2,2.5455081272504913e-12,1.4590858798957385e-08
0.00034999508288619874,507,2,2.7368649546542962e-12,1.8874171114902083e-09
0.0003599730365147739,507,2,3.0164181411316366e-12,4.1750011336993964e-08
0.00036996789073153146,507,2,2.8194924405589667e-12,-4.535370468072841e-08
0.00037997066386399344,507,2,2.5125105429746287e-12,-4.0117870428457714e-08
0.00038996051971769744,507,2,2.514021219459793e-12,3.751383267913688e-08
0.0003999959653119283,507,2,2.4316804622545813e-12,-3.331227055314301e-08
0.0004099650516530841,507,2,2.294339614534969e-12,9.706154990851701e-09
0.00041998149695313813,507,2,2.4777463634905665e-12,1.7372936422788143e-10
0.00042997783813852837,507,2,2.1070647388538705e-12,-3.977482665451504e-08
0.0004399826335932183,507,2,1.9483922040732437e-12,-1.4490856986570932e-09
0.00044995611321564996,507,2,2.2695482485059486e-12,2.2665156418355537e-09
0.00045999208083552084,507,2,2.191877165515983e-12,4.1028048181068755e-08
0.0004699576675885509,507,2,2.6039904621141287e-12,4.722202473494974e-08
0.0004799734538236568,507,2,2.928260766325982e-12,-1.065657018184396e-08
0.0004899773262599515,507,2,2.961804978655674e-12,1.2309197883197953e-08
0.0004999948446451585,507,2,3.6375911912625222e-12,7.119518530274149e-08
0.0005099888774020678,507,2,3.4213235204443547e-12,-7.461673050962458e-08
0.0005199581163766662,507,2,3.1998616267531893e-12,9.344435836222686e-09
0.0005299594725546438,507,2,3.0783425057612744e-12,-2.5823923555101658e-08
0.0005399610257029467,507,2,3.146501220924018e-12,-1.994695075779873e-09
0.000549997561552946,507,2,3.1680475910266133e-12,2.617917160829819e-08
0.0005599780568693812,507,2,3.030994793801374e-12,-3.298012590802202e-08
0.0005699716516408677,507,2,3.1947208279422407e-12,5.625468713077453e-08
0.0005799804737262408,507,2,3.784659556777849e-12,8.370658921563745e-08
0.0005899891484605743,507,2,4.651684243415881e-12,7.270499302602929e-08
0.0005999957831306825,507,2,4.732355363156783e-12,-5.677463787989723e-08
0.0006099630404516961,507,2,4.663294246197089e-12,2.399250687012966e-08
0.0006199734262473491,507,2,4.508132758697554e-12,-3.305600038139289e-08
0.000629980081594427,507,2,4.1388772969866774e-12,-9.709167247962114e-09
0.0006399702290639075,507,2,3.854796080319904e-12,-5.783321599395208e-08
0.0006499753927367723,507,2,3.2839612377089794e-12,-5.667228264449875e-08
0.0006599828886209325,507,2,2.6817285100465965e-12,-5.835225547201617e-08
0.0006699829636183788,507,2,2.3327232886224264e-12,1.747073175017988e-08
0.0006799933337324186,507,2,2.8190424576938697e-12,4.064111203128107e-08
0.0006899675594927731,507,2,3.168476460748467e-12,1.2362738610605106e-08
0.0006999566791805224,507,2,3.077302220553038e-12,-2.949959654330314e-08
0.0007099584768489616,507,2,3.057481222682682e-12,2.6445854062195906e-08
0.0007199725007497685,507,2,2.7728731854040345e-12,-1.0650125514821696e-07
0.0007299613525878762,507,2,1.6096416564817095e-12,-1.0065424627114794e-07
0.0007399900911148834,507,2,9.306162408067621e-13,-6.487172453384371e-08
0.0007499899424045427,507,2,3.080197365614226e-14,-7.913175903428993e-08
0.0007599752199016432,507,2,-7.271064108335494e-13,-8.067138757006376e-08
0.000769979653422755,507,2,-1.6718195804241078e-12,-8.669605688904625e-08
0.0007799714476631343,507,2,-1.9678173662949307e-12,1.0007000894596274e-08
0.0007899882017718372,507,2,-1.901399174454512e-12,-6.951613396033451e-09
0.0007999894016024467,507,2,-1.519312004696449e-12,4.6636736333871553e-08
0.0008099743756207648,507,2,-1.3239150351162144e-12,1.2099411861310472e-08
0.0008199895440748132,507,2,-1.2409224699644643e-12,-2.4418099986434072e-08
0.0008299581994323049,507,2,-1.662348833043057e-12,-6.273881481000387e-08
0.0008399896869195143,507,2,-1.960199919590934e-12,-4.1852239118789214e-08
0.0008499654877961996,507,2,-2.506520060003301e-12,-3.739376536193717e-08
0.0008599657983571072,507,2,-2.6549554960379144e-12,-7.791968736903243e-09
0.000869974189158615,507,2,-3.0533700974512065e-12,-6.046534600789855e-08
0.0008799904944519329,507,2,-3.145798732455147e-12,8.419906261103449e-08
0.0008899722043754963,507,2,-2.240516572862535e-12,2.8171099952789547e-08
0.0008999634188782872,507,2,-2.34473733628387e-12,-1.6485759979367742e-10
0.0009099728035892673,507,2,-1.9385970930483384e-12,8.53394543920416e-08
0.0009199644112581268,507,2,-1.353858130069335e-12,4.560663408384458e-08
0.0009299654750173452,507,2,-1.2056333104711221e-12,-4.224666447227854e-08
0.0009399667116566871,507,2,-1.7180366795822768e-12,-3.831986433722179e-08
0.000949993153366058,507,2,-2.2452174905233154e-12,-1.100794502773006e-07
0.0009599776261818661,507,2,-3.781601137645748e-12,-1.4769876444109542e-07
0.0009699958165689663,507,2,-4.508182533741667e-12,-3.00034523337267e-08
0.0009799642605983281,507,2,-5.0843955951105236e-12,-1.0622371993118662e-07
0.0009899666686108526,507,2,-5.80544451758442e-12,3.929814043623914e-09
0.0009999658808187348,507,2,-5.996626372545277e-12,-5.071842007486893e-08
0.0010099702017673457,507,2,-6.187562669266594e-12,3.1206478387502123e-08
0.0010199673356959494,507,2,-5.655687232425507e-12,4.5207871529617805e-08
0.0010299958828595638,507,2,-5.127985323427186e-12,1.2932573206780873e-07
0.0010399715912952755,507,2,-3.531650015833887e-12,9.790212207594351e-08
0.0010499598083871873,507,2,-3.3818226878265002e-12,-4.03405131244039e-08
0.0010599560419078558,507,2,-3.2506812894944354e-12,8.965218989409607e-08
0.001069971167556783,507,2,-2.258455992072651e-12,5.7082079063519586e-08
0.0010799904971131116,507,2,-2.234069395137036e-12,1.4564489836388361e-08
0.0010899580585454322,507,2,-1.7014599229319902e-12,7.54389958002033e-08
0.001099995097200793,507,2,-1.092257388051257e-12,4.460595587341132e-08
0.0011099605620624017,507,2,-1.2257478696322058e-12,-2.3630558620979514e-08
0.0011199778366987173,507,2,-8.781782318342942e-13,7.679267088889219e-08
0.0011299999004189144,507,2,7.59072048517025e-15,7.762201070793395e-08
0.0011399688574877478,507,2,7.116766079446127e-13,5.8406040226444134e-08
0.00114999104053655,507,2,1.0993726409910462e-12,7.345412522674621e-08
0.0011599749759054815,507,2,1.8742405292148344e-12,9.06973136594047e-08
0.0011699767987091371,507,2,2.8265246453064094e-12,5.266748082100037e-08
0.0011799851497623372,507,2,2.6124618825651078e-12,-4.081165261293762e-08
0.0011899589811022926,507,2,2.808051100672282e-12,1.1181988712749558e-07
0.0011999954661071714,507,2,3.828841296750138e-12,4.476548065568409e-08
0.0012099633255643625,507,2,3.742035286778862e-12,1.5890347704328178e-08
0.001219957314258476,507,2,4.38936282882562e-12,5.1834701086939106e-08
0.001229972834827589,507,2,3.994739326655672e-12,-7.692953229998523e-08
0.0012399578590630244,507,2,4.016168962065608e-12,4.3559919449265294e-08
0.0012499675495489986,507,2,4.3841762766829925e-12,-4.095798838976705e-09
0.0012599568785764768,507,2,4.1498631245771855e-12,-9.961022284787902e-10
0.0012699664231770695,507,2,3.745379630352638e-12,-7.439741289694268e-08
0.0012799807341562824,507,2,3.81891543941356e-12,4.976700118675126e-08
0.0012899597591071081,507,2,3.818571544036975e-12,-3.577563445489318e-08
0.001299986675857092,507,2,3.29830553060656e-12,-1.5751231319249825e-08
0.0013099848057680256,507,2,3.7558632487205874e-12,2.090285361466826e-08
0.0013199736548793655,507,2,3.227864380135354e-12,-5.1456834515573036e-08
0.0013299822310088466,507,2,2.9321433247988388e-12,-2.6851434686836484e-08
0.0013399713214551755,507,2,3.0571241610259647e-12,6.893086898496215e-08
0.00134996429524554,507,2,3.6139008181401006e-12,2.1831290220042376e-08
0.001359974641634749,507,2,4.23239825212687e-12,1.1652911158233081e-07
0.0013699800802793275,507,2,4.488133240163235e-12,-6.29709739352613e-08
0.0013799694917800399,507,2,3.868834953465496e-12,-7.039514748896636e-09
0.00138997241891667,507,2,3.939695453008228e-12,1.3917617947001304e-08
0.0013999902988138808,507,2,4.104708258944982e-12,1.5511813278301645e-08
0.0014099770974287595,507,2,4.063652910804745e-12,-1.55194241416301e-08
0.0014199643077242696,507,2,3.8607108368516815e-12,3.719118837897106e-08
0.001429965001313615,507,2,4.60202847509493e-12,2.0999651823006005e-08
0.001439978580402546,507,2,4.005918779201659e-12,-4.491758820446279e-08
0.0014499934135066034,507,2,3.652841375732796e-12,-6.202739299965288e-08
0.0014599848922581238,507,2,3.3447310608561258e-12,3.433715201062171e-08
0.0014699826767232574,507,2,3.7057643669717415e-12,-9.202089201743036e-09
0.0014799556062961275,507,2,3.5492830598388495e-12,-1.7725240830657185e-08
0.0014899566844938142,507,2,3.967561417345675e-12,1.3455367811610053e-07
0.0014999967921634487,507,2,4.867846275672999e-12,5.868280653076319e-08
0.0015099576959541085,507,2,5.090877306369282e-12,-1.6366841798509668e-08
0.001519989648142698,507,2,4.999076692085622e-12,4.979354040202111e-08
0.0015299694516815677,507,2,4.973890179257477e-12,-7.02039057443038e-08
0.001539989840410008,507,2,4.406785889974826e-12,7.653321754119702e-09
0.0015499845632675228,507,2,4.510811805325107e-12,-2.6829575838771547e-08
0.00155996167363527,507,2,4.30044245859954e-12,1.8340118257409443e-08
0.0015699620344369163,507,2,4.712789173125752e-12,6.23078358907847e-08
0.0015799825530535185,507,2,5.123626735826104e-12,1.7371967253598797e-08
0.001589998112228593,507,2,4.514245083970213e-12,-1.0605237839300674e-07
0.0015999618879190937,507,2,3.982848955968923e-12,-1.5382430329502483e-08
0.001609985878875884,507,2,3.578902616158206e-12,-6.96008554956773e-08
0.0016199795012749702,507,2,3.1445779479139825e-12,-2.8613693192625078e-08
0.0016299952643993435,507,2,2.8536037262002524e-12,1.2108487212891816e-08
0.0016399765803374212,507,2,3.502908256698429e-12,6.165055344009573e-08
0.0016499971999057292,507,2,3.845438900575322e-12,2.8135843432863794e-08
0.0016599592000508241,507,2,4.085661306886881e-12,1.048123943192536e-08
0.0016699850782126169,507,2,4.246254091616955e-12,-4.081937887701059e-08
0.0016799591029450587,507,2,3.671477252537199e-12,-5.621927742782695e-08
0.0016899912409734483,507,2,3.2586970909230864e-12,-5.260445085086829e-08
0.0016999711866510561,507,2,2.4850393552829086e-12,-8.094560399740658e-08
0.0017099890935931767,507,2,1.9780511321780547e-12,-6.059127932722674e-08
0.0017199842058484868,507,2,1.7270969878313731e-12,1.3754685612710205e-08
0.0017299700066734725,507,2,1.6706228550067773e-12,-4.807236764214906e-08
0.0017399988872449053,507,2,1.2324388369924517e-12,2.2361423823724635e-09
0.00174998548405672,507,2,1.2331995826933692e-12,-1.3980588464690413e-08
0.0017599911249635096,507,2,9.045168843830091e-13,5.02073294050831e-09
0.0017699644322331331,507,2,1.724344987632502e-12,7.486819482427354e-08
0.0017799833496972783,507,2,1.954042123260326e-12,-2.7556480208801304e-08
0.0017899751569559934,507,2,1.0502332663063886e-12,-8.182900951281269e-08
0.0017999750671708237,507,2,5.528558720443695e-13,-2.390398654017467e-08
0.0018099656639713377,507,2,3.2102923767127027e-13,-2.775068147498061e-08
0.0018199608746322167,507,2,-6.147829844488882e-14,-1.4003499027026578e-08
0.0018299962293289675,507,2,-4.424649564110667e-14,1.4655179347844438e-08
0.0018399939108237624,507,2,2.1255780542259704e-13,4.915539197902774e-08
0.0018499643565681202,507,2,4.1798851299667053e-13,5.09230854792847e-09
0.001859968540797818,507,2,8.582881821440121e-13,5.802539315702404e-08
0.001869999360236389,507,2,1.4023299741818874e-12,1.880133917997462e-08
0.0018799855178169224,507,2,9.666993734094766e-13,-8.956861424769258e-08
0.0018899824686351974,507,2,3.0311404106234683e-13,-7.856088138358253e-08
0.0018999688812909043,507,2,3.435056059042374e-14,1.153877371429246e-08
0.0019099731049039086,507,2,-1.060304188199579e-13,-5.472412162310647e-09
0.0019199777923854333,507,2,6.57047565294955e-14,8.875867041346908e-09
0.0019299750326173368,507,2,-1.1920120347329224e-13,4.697848499102264e-09
0.0019399892912366989,507,2,6.099937110873137e-13,7.514232744365579e-08
0.0019499778420350884,507,2,7.046918590650729e-13,-6.964131882281066e-09
0.0019599927968355544,507,2,6.460971555401034e-13,-6.17205309777491e-09
0.0019699674488002435,507,2,9.846962367000096e-13,3.625075693097779e-08
0.0019799664640804933,507,2,8.901850407521707e-13,-3.1358214400145634e-08
0.001989965194383709,507,2,5.530472845497901e-13,-3.218146310546288e-08
0.001999988546064914,507,2,9.612643704097934e-13,7.961481662821512e-08
0.002009994633218821,507,2,1.4610450311360246e-12,-3.185955665951923e-09
0.0020199843076899957,507,2,1.087557281001007e-12,-6.402111851766534e-08
0.0020299764806285645,507,2,8.081800431720856e-13,5.294808413935925e-08
0.002039971510100887,507,2,8.483159099430238e-13,-6.917601290401532e-08
0.0020499851170852467,507,2,4.053117984263049e-13,-2.2733678162190074e-08
0.0020599798170726474,507,2,1.8149632247075622e-13,-4.4971446011565774e-08
0.002069983527623644,507,2,-4.678048546769217e-13,-3.314830160361382e-08
0.0020799726396303945,507,2,-2.702325481576196e-13,2.2977323994866072e-08
0.00208998828091631,507,2,3.045141043619623e-14,3.7255670881641834e-08
0.002099960695316437,507,2,3.4776433170896973e-13,6.186992718149043e-08
0.0021099569615075624,507,2,9.076921648391943e-13,-2.161644786780048e-08
0.0021199732712319213,507,2,4.644559476602028e-13,2.8650272376751218e-08
0.0021299680703956545,507,2,9.348882582525028e-13,9.385562632635569e-09
0.002139995320785377,507,2,1.234162183121881e-12,1.0937911468222872e-07
0.0021499764219865022,507,2,2.260135322982009e-12,5.91421535078851e-08
0.0021599568904996183,507,2,2.3389510204400825e-12,-1.8731246165248905e-08
0.00216996056612999,507,2,2.141811572797239e-12,-2.6491515800475263e-08
0.0021799808111731527,507,2,2.6622492459247443e-12,1.4697539274521887e-07
0.0021899674700162188,507,2,3.5901709665060733e-12,-2.4325543968028995e-08
0.002199956944858223,507,2,3.1004014459934393e-12,-2.74062345040349e-08
0.0022099594802748325,507,2,2.6737682096047814e-12,-6.071720262679214e-08
0.002219960109732291,507,2,2.423753905911319e-12,1.9322731303894614e-08
0.00222997330339741,507,2,2.5010446730137914e-12,1.2935938098479483e-08
0.0022399795506986573,507,2,2.892952113216392e-12,3.444345253456049e-08
0.0022499847016867664,507,2,3.291560573366256e-12,5.5873843995968286e-08
0.0022599966361363855,507,2,4.0242495073046156e-12,6.681663189400666e-08
0.0022699726010188934,507,2,4.277249832530111e-12,-1.5400953623512237e-08
0.0022799730230051783,507,2,4.0372014000096546e-12,-1.3444213742275224e-08
0.002289961888919968,507,2,4.2994093257375104e-12,4.244105797357456e-08
0.0022999862878289507,507,2,4.35060481022119e-12,2.2046443589121556e-08
0.002309997801497285,507,2,5.253998625054379e-12,8.042818033793253e-08
0.002319972401179661,507,2,5.153256185490285e-12,-4.9604935159486274e-08
0.0023299749916493783,507,2,5.606002749687644e-12,1.3109327215432565e-07
0.002339963899198567,507,2,6.3284283548107126e-12,-3.396749326256554e-08
0.0023499854099363884,507,2,5.614141503030787e-12,-5.653741208533347e-08
0.0023599643631998686,507,2,5.211214597865277e-12,-6.294778609472473e-08
0.0023699582888794955,507,2,4.375382760095359e-12,-5.1273148171659955e-08
0.0023799969164151912,507,2,3.960495722609564e-12,-4.530391417567614e-08
0.002389999360669749,507,2,3.72759771861313e-12,-3.419017258199375e-08
0.0023999861354865866,507,2,2.814377691399278e-12,-8.286949282343414e-08
0.002409998648478418,507,2,2.3322594127229285e-12,-8.06763446048464e-08
0.002419975314626342,507,2,1.7970541775578358e-12,1.0718161483347366e-08
0.00242999777759559,507,2,1.4771455610876512e-12,-9.457393679301873e-08
0.002439980206408675,507,2,9.308644350128348e-13,-1.428743445774927e-08
0.0024499882859080756,507,2,4.0624387602256236e-13,-1.0380827020206596e-07
0.002459968817885451,507,2,-5.032041881162901e-13,-1.9106850768224604e-08
0.0024699800815520226,507,2,1.5968817725932859e-13,5.669701713673092e-08
0.002479985634592174,507,2,9.107862711634288e-14,-1.908083448187714e-10
0.0024899946162147495,507,2,4.51062611876241e-13,7.110740490867684e-08
0.0024999673900585806,507,2,1.153536603260355e-12,4.3050865955462925e-08
0.002509994416373522,507,2,6.841000629067813e-13,-1.0228059788008892e-07
0.002519984821243666,507,2,1.391877768030787e-13,1.3471934234843275e-08
0.0025299979662083026,507,2,4.745214155082457e-13,3.406411519524255e-08
0.0025399737370046405,507,2,4.987640702059032e-13,-1.8365378107176866e-08
0.002549962943706849,507,2,5.667812410809631e-13,1.2045127006921064e-08
0.002559987272755071,507,2,6.097630707920399e-13,-2.2074380323644505e-08
0.0025699659481242428,507,2,3.582354377062221e-13,2.0482562479440247e-08
0.002579994484637053,507,2,7.122068200764078e-13,-2.561492573605051e-09
0.0025899940073215322,507,2,3.1039251640403893e-13,-4.172944823022107e-08
0.002599982692719946,507,2,-1.3117844077691412e-13,-3.211435917194194e-08
0.0026099583410498137,507,2,-6.741661180996233e-13,-4.196565728253887e-08
0.0026199908534473193,507,2,-3.333943974300098e-13,4.1670994654907645e-08
0.0026299760523095877,507,2,-5.870109306543034e-13,-5.5921709547768206e-08
0.002639963377767787,507,2,-8.691263549511549e-13,-2.5662066138743e-08
0.0026499887386907004,507,2,-9.653295551153088e-13,5.2558877916553115e-08
0.002659993444675745,507,2,4.9086345339961757e-14,5.345094034048259e-08
0.0026699594477339783,507,2,-3.974527277390491e-14,-9.005333145850614e-09
0.0026799593693022797,507,2,4.346370336663803e-13,9.381468069058485e-08
0.0026899901993603158,507,2,1.2957805537111913e-12,7.53390074770266e-08
0.00269998736849525,507,2,1.907733601083303e-12,2.6870109248733343e-08
0.0027099564543407117,507,2,1.961212374684655e-12,-2.2365094845544498e-08
0.0027199638333857924,507,2,1.8573695641406485e-12,1.9677604490286882e-08
0.0027299630282449096,507,2,2.1035836917857043e-12,2.6698104574340853e-08
0.0027399918897720262,507,2,2.418656258346835e-12,1.7162613608068256e-08
0.0027499991272805194,507,2,2.345177844238419e-12,1.4872419462630404e-08
0.002759965226510916,507,2,2.4432389434097396e-12,-5.9432529508907095e-08
0.0027699799082271143,507,2,1.845774631769638e-12,2.8830879683638955e-08
0.002779970536157839,507,2,1.739338667127062e-12,-9.160076394620909e-08
0.0027899670463153404,507,2,8.689881632198762e-13,-3.9036477730847174e-08
0.002799996203365536,507,2,3.240426048149725e-13,-7.609579011358392e-08
0.002809997833640168,507,2,5.3063578379398957e-14,3.9615740798915056e-08
0.002819967008977856,507,2,5.282551062161731e-13,7.162496085122427e-08
0.0028299625308132867,507,2,1.838605114511116e-12,1.20447049001271e-07
0.0028399829465466557,507,2,2.074274047881089e-12,-4.506908663122217e-08
0.0028499720052161245,507,2,1.7338616707749527e-12,-1.3415549712791908e-08
0.002859993355102407,507,2,1.9404318104578044e-12,2.212569977233514e-08
0.00286996652586216,507,2,1.901905201254564e-12,-4.532695430103928e-08
0.0028799708610538098,507,2,5.64428129343382e-13,-1.2705456930994785e-07
0.002889995639778524,507,2,-5.281920463073159e-13,-1.4361357769665517e-07
0.002899980473333962,507,2,-1.0375810860453402e-12,4.9611988739428625e-08
0.002909978057514456,507,2,-2.9477273757756023e-13,8.803735995766004e-08
0.0029199887633107307,507,2,1.9404881754182465e-13,-1.249435332972837e-09
0.002929991954553023,507,2,-6.65586224915353e-14,-7.858158990181607e-08
0.0029399764697640284,507,2,-5.338470923730698e-13,5.427539095936851e-08
0.002949998184656102,507,2,2.7706551550927497e-13,3.449558405588249e-08
0.002959979252006029,507,2,-5.479943719716244e-14,-1.236708682128551e-07
0.002969980736582091,507,2,-4.549299694958263e-13,1.5498688177295605e-07
0.0029799930482495057,507,2,9.705027444661604e-13,-8.073334889502348e-09
0.0029899731213205967,507,2,2.5516744885665035e-13,-1.3677644877807538e-08
0.002999972572662621,507,2,4.88802747599824e-13,-1.1884519771077073e-08
0.003009966234808012,507,2,7.350900432214131e-13,2.947058613811393e-08
0.003019993492019316,507,2,7.051847880887825e-13,-2.8134293714177083e-08
0.0030299923285373176,507,2,1.1663773313613963e-12,9.20835077078408e-08
0.003039985271719881,507,2,1.653053353719452e-12,1.6921534978786568e-08
0.0030499910953431784,507,2,1.6617620009939027e-12,1.810298222437723e-08
0.003059964952357777,507,2,2.1346411610719245e-12,3.8194911899935846e-08
0.003069994740587669,507,2,2.5532221092406954e-12,1.0411540318777668e-07
0.00307995931289467,507,2,3.697925077044903e-12,8.931409320456218e-08
0.0030899847747873333,507,2,3.7248340872754644e-12,-5.644048273190094e-08
0.00309997082118476,507,2,3.997719154682795e-12,9.389051458530417e-08
0.0031099691440506253,507,2,4.2431274829444685e-12,5.498852762020334e-09
0.003119998919780487,507,2,4.2908177502748316e-12,2.4936422787780188e-08
0.0031299647571994,507,2,4.172597771790495e-12,-5.2665895942938246e-08
0.0031399993771487637,507,2,3.2505203261294028e-12,-1.0750464152220474e-07
0.0031499598328533266,507,2,2.389405629768754e-12,-2.7304427718810587e-08
0.00315999109527504,507,2,2.427194501227023e-12,-8.24772611318636e-09
0.003169982639720877,507,2,2.0405091157060015e-12,-4.4184092926058405e-08
0.0031799856317141556,507,2,2.016058196782438e-12,8.630773831730387e-08
0.0031899737695395883,507,2,2.7014224970205777e-12,-3.482969915258316e-08
0.0031999917316139974,507,2,2.5158215490256666e-12,-1.4700831219016663e-08
0.003209996339448164,507,2,2.3836990104079405e-12,-3.829662877097295e-08
0.003219965161145989,507,2,1.942091030263896e-12,-5.7222871552298216e-08
0.0032299581354244193,507,2,2.306930197289544e-12,4.761698007421655e-08
0.003239970433001811,507,2,1.720651062655845e-12,-1.0056005622649522e-07
0.0032499679490677596,507,2,1.2832425963195362e-12,1.1898862881110084e-08
0.0032599571624250044,507,2,1.692895286240468e-12,6.334823916473442e-08
0.0032699997190781685,507,2,1.914752394586038e-12,-3.7150059778445765e-08
0.00327997660839436,507,2,1.3645899238101087e-12,-5.098079234287789e-08
0.0032899765442371623,507,2,8.860089341175971e-13,-2.5044604501367473e-08
0.0032999730807222838,507,2,6.587396625525452e-13,-8.892789504777454e-09
0.003309977879925228,507,2,1.2008458633125819e-12,6.332886404170068e-08
0.003319972582669815,507,2,8.940617013346156e-13,-9.77560508097497e-08
0.003329965863041504,507,2,-9.523454006193748e-15,-5.401372061425436e-08
0.0033399809040717365,507,2,8.078348797871783e-14,9.619278776296092e-10
0.0033499906507562763,507,2,-1.0364780068965922e-13,-3.914122947978882e-08
0.0033599958270293805,507,2,-7.566750867307975e-13,-4.145628321183814e-08
0.003369960269393244,507,2,1.6172436484343088e-13,1.0779526364232406e-07
0.0033799722574691634,507,2,4.016212818043485e-14,-7.876354291003196e-08
0.0033899916558431486,507,2,-3.091714421776066e-13,1.0974609332414786e-08
0.003399995227773425,507,2,3.641973543855247e-13,1.2211004929429947e-07
0.0034099763881091085,507,2,1.1681954884297106e-12,-6.408647362787789e-09
0.003419990288270649,507,2,1.1227681966728795e-12,4.6014884513834176e-08
0.0034299796669928205,507,2,1.0327245726673138e-12,-1.0907618896993654e-07
0.003439982401248543,507,2,3.453975192134668e-13,-4.3693550777490486e-08
0.003449974731003177,507,2,-7.486590642265473e-13,-9.247358526143223e-08
0.0034599728513892945,507,2,-3.9889820132199983e-13,1.0062812305644542e-07
0.003469973705488485,507,2,-1.2513553239538186e-13,-6.668809754417637e-08
0.0034799853355285764,507,2,-5.296865046526393e-13,-7.660494794059503e-09
0.003489970909260417,507,2,1.8696868767022635e-13,1.0471173816917201e-07
0.003499988732211183,507,2,6.100682923383194e-13,-6.142099803763124e-08
0.003509987757324931,507,2,4.989238900764571e-13,3.543066312561294e-08
0.003519996837758516,507,2,1.2474040694148737e-12,1.0458089044762531e-07
0.0035299840719765444,507,2,1.7273728901792164e-12,-7.768951128250823e-08
0.003539999247022662,507,2,2.4221340468792533e-13,-1.0907220748812563e-07
0.0035499750470102814,507,2,1.5435729260831305e-13,-5.650985235305939e-09
0.003559987345307009,507,2,4.2273213805865163e-13,5.06892385010449e-08
0.003569991342151219,507,2,3.497759739723265e-13,-1.3702878387533701e-08
0.00357999935868398,507,2,9.80561988316107e-13,4.016715693389017e-08
0.0035899827101628138,507,2,7.886924620337243e-13,-3.35941015838781e-08
0.003599989507754609,507,2,3.795446284191907e-13,-6.985340988974187e-08
0.003609987609753006,507,2,-2.1736871708784213e-13,-7.771580801119171e-08
0.0036199706403360955,507,2,-4.4797198770445265e-13,1.6137155056661356e-08
0.00362998239784877,507,2,-8.169174315449861e-13,-1.8805282109291e-08
0.003639959160008169,507,2,-5.961750063686691e-13,-6.955348011428164e-08
0.003649955457475156,507,2,-1.6080661235308067e-12,-5.522578713779147e-08
0.003659999069154944,507,2,-2.047911301903706e-12,-1.6562575311240835e-08
0.0036699606504969565,507,2,-1.781384345860438e-12,4.005779319360414e-08
0.0036799600199480973,507,2,-1.9803906744478208e-12,-8.574574705821902e-08
0.0036899913764507465,507,2,-3.1913815021916443e-12,-9.087578173305744e-08
0.003699982913942179,507,2,-3.1612641717142405e-12,5.004796366225861e-08
0.0037099757384516734,507,2,-2.876469671990716e-12,3.474471671482959e-08
0.0037199943889358097,507,2,-2.4879826948247296e-12,-3.928123115670701e-08
0.003729962389202568,507,2,-3.0956254202271598e-12,-1.2045160258100651e-08
0.003739976717589097,507,2,-3.097727752614113e-12,-3.601846813167109e-08
0.003749962843021728,507,2,-3.0154612158238715e-12,6.705233884796158e-08
0.003759981563887964,507,2,-2.4998416744704535e-12,5.144121245637123e-08
0.0037699657838864884,507,2,-1.9705074635260715e-12,1.480877609427722e-08
0.003779989481127052,507,2,-1.927158973580919e-12,1.5112871162847874e-08
0.003789992714413908,507,2,-1.775161831765737e-12,-4.7524627233563876e-08
0.003799958127050029,507,2,-2.035952342724053e-12,-4.3815230194033106e-09
0.0038099628048722306,507,2,-1.542738413553386e-12,7.899081633233607e-08
0.003819965322099062,507,2,-7.200783887348003e-13,6.37166750194762e-08
0.0038299977230396107,507,2,-1.3086484207478627e-13,7.0499070137231e-08
0.003839982251655563,507,2,6.608255473860777e-13,7.51966473533372e-08
0.0038499999632941144,507,2,1.4370976061722426e-12,6.811331998424208e-08
0.0038599853756904998,507,2,1.9829653056298996e-12,5.798004143464652e-08
0.0038699966226814213,507,2,3.009107909677719e-12,6.177767031267933e-08
0.0038799758307534967,507,2,3.1281341042856473e-12,2.6109783113348328e-08
0.0038899749412881868,507,2,3.1064669337322465e-12,-8.925919761648693e-08
0.003899974279069712,507,2,2.5763450346629607e-12,3.876337684172171e-08
0.003909981045563255,507,2,2.7776004966114515e-12,-2.5226520872223546e-10
0.003919979483561263,507,2,2.454424779196017e-12,-1.173398006537596e-07
0.003929974164293732,507,2,9.608599723168187e-13,-1.0728268962090226e-07
0.003939965643851169,507,2,2.8403990856400163e-13,-7.217249820001825e-08
0.0039499920406901945,507,2,9.580412906138452e-14,4.5870437781481144e-08
0.003959957102444371,507,2,7.755664464597842e-13,-1.8906649579264467e-09
0.003969981472115329,507,2,1.2591634684791866e-13,-1.6695182680770415e-08
0.003979983658302246,507,2,3.0106509462096004e-13,-5.768154620611199e-09
0.003989996897388895,507,2,-1.697260292921922e-13,-6.486603743027786e-08
0.003999962066184443,507,2,-1.4484831248936375e-13,2.2447878667009036e-08
0.004009982616686821,507,2,-2.537179601257714e-13,-5.738870711979871e-09
0.004019985737106671,507,2,-4.946974921311896e-13,-2.224546029674923e-08
0.004029985450337512,507,2,-6.088093198990632e-13,3.08865284459614e-08
0.004039966885469826,507,2,-4.424515072219302e-13,4.799860064963468e-09
0.004049957672285779,507,2,-7.754199859928744e-13,-5.8441024353150794e-08
0.004059981472726734,507,2,-5.741435548967415e-13,7.773794272192269e-08
0.00406997745205338,507,2,-3.503633117001503e-13,6.604504498852748e-09
0.004079973744767089,507,2,-5.782564927787242e-14,9.18143869821364e-08
0.004089967943497107,507,2,4.915431418591311e-13,2.622931505324999e-08
0.00409995910856725,507,2,5.692668535472084e-13,-6.896429843861185e-09
0.004109980115336773,507,2,4.559578058608367e-13,3.0975073062045055e-08
0.004119984125208945,507,2,6.236271248076476e-13,1.6830988713856243e-08
0.004129964255278309,507,2,4.450230535100151e-13,-4.942083131620478e-08
0.004139984312080828,507,2,7.077121210569658e-15,-3.3315447317550095e-08
0.004149995956521106,507,2,-4.430818538946838e-13,-7.669568163892748e-08
0.004159984365413026,507,2,-6.952456070298237e-13,1.642737845752862e-08
0.004169957460397018,507,2,-6.92254681177026e-13,-1.976677713177999e-08
0.004179975603296128,507,2,-1.018625500890161e-12,-6.321162016043047e-08
0.004189960119300603,507,2,-1.0468087637696493e-12,4.52647370419168e-08
0.004199994698658853,507,2,-6.314643954079399e-13,1.1524456278166895e-08
0.004209996904761525,507,2,-3.7297936244238324e-13,6.706567051706358e-08
0.004219994070290476,507,2,-2.8330396568184563e-13,-4.1800486239029766e-08
0.004229969721830748,507,2,-8.936479943495506e-13,-4.733330394302016e-10
0.0042399745007891355,507,2,-1.375146758210476e-13,1.3742478288669702e-07
0.004249982306832177,507,2,4.641375579279671e-13,-5.287230836481527e-08
0.004259982568110752,507,2,2.904340196753551e-14,2.0298538350171924e-08
0.004269964160984992,507,2,9.376976073464634e-13,1.7992391154741938e-07
0.004279999742011297,507,2,2.4358248640224227e-12,9.061221351025495e-08
0.0042899881831208065,507,2,2.8980223982285475e-12,2.5923174717945585e-09
0.004299982584989596,507,2,3.262212033708703e-12,1.2820769201837834e-07
0.004309970035917239,507,2,4.192537952278728e-12,3.327802911012867e-08
0.004319999374273674,507,2,4.0124818886325825e-12,-1.698848545172993e-08
0.004329993981516786,507,2,3.660573526156202e-12,-7.852368366645379e-08
0.004339957996342546,507,2,2.8089924863135968e-12,-8.008328450381796e-08
0.004349963206873632,507,2,1.8294487628901963e-12,-3.2472970534769274e-08
0.004359990236780178,507,2,1.765205691307229e-12,-4.238306233750322e-08
0.004369973183385304,507,2,1.7065455494048865e-12,3.638365173030955e-08
0.00437998615140778,507,2,7.692738929047406e-13,-1.7465707835562228e-07
0.004389983665670742,507,2,5.570553445063096e-13,7.729808626510959e-08
0.0043999586148666244,507,2,8.839174373996214e-13,1.1853473480538668e-08
0.0044099993160019715,507,2,1.0044337594734137e-12,-2.2254411091715554e-09
0.004419956260684955,507,2,1.3865660057838305e-12,6.358767734582216e-08
0.0044299611819229485,507,2,2.136176774207056e-12,2.640862849234704e-08
0.004439972548915116,507,2,2.1961076552656604e-12,-6.200980706694281e-08
0.004449970402193156,507,2,1.7260175697009737e-12,-3.2640927183358315e-09
0.0044599950945013065,507,2,1.7954106490370922e-12,1.2945804317432419e-08
0.004469967334358652,507,2,1.3655724568164586e-12,-9.032712244838592e-08
0.004479959399329604,507,2,1.7006180331687916e-12,1.4106526902146754e-07
0.0044899665489456985,507,2,2.4951218323995654e-12,6.854526723998333e-08
0.004499989685407309,507,2,3.765031133542117e-12,9.80168988196084e-08
0.004509994842501989,507,2,4.681782054866048e-12,5.890048715428975e-08
0.00451998440936643,507,2,4.515644087631611e-12,-8.299944176393126e-08
0.004529966366454434,507,2,3.198567870323619e-12,-1.740065450617223e-07
0.004539974687750707,507,2,2.9927420820189906e-12,1.2571388751519974e-07
0.004549966025476365,507,2,3.390982042179218e-12,-9.084828145322632e-08
0.004559965924704872,507,2,2.538564896537894e-12,-7.784574085345497e-08
0.004569966257261108,507,2,1.794065293901474e-12,1.0434642261358817e-08
0.004579980735928727,507,2,2.9227994299190017e-12,7.171994664822989e-08
0.004589969944166384,507,2,3.2717495467677552e-12,-2.4508396090361373e-08
0.00459996567268466,507,2,3.755145716946573e-12,4.795719399375287e-08
0.004609958441749131,507,2,2.9575091595841155e-12,1.7572758498340946e-08
0.004619962039231872,507,2,3.920518918461725e-12,7.377372746031341e-08
0.004629968572207945,507,2,4.106337557312212e-12,2.1343334266621383e-08
0.004639986773608062,507,2,4.67009847541491e-12,-3.5323181046820196e-09
0.004649993448754368,507,2,3.5499239046379513e-12,-1.195716032853511e-07
0.0046599877218289855,507,2,3.98721908693501e-12,9.196563247049205e-08
0.004669984174244073,507,2,3.844676709836197e-12,-5.6513797641599695e-08
0.004679986633953577,507,2,3.811974019657404e-12,8.909958437719467e-09
0.0046899744027101235,507,2,3.583179288897025e-12,-2.4314954369386577e-08
0.004699995325494959,507,2,3.4260045853469175e-12,4.691966032366324e-08
0.004709959483720083,507,2,3.943144930311417e-12,5.3767272578664205e-08
0.004719957849489888,507,2,4.5581789465267515e-12,1.3019305633577005e-09
0.0047299681944631255,507,2,4.01986686777948e-12,-1.969203401730457e-08
0.0047399957966518975,507,2,3.738911346683676e-12,-8.434347809060938e-08
0.004749973233593551,507,2,2.7202511672058633e-12,-2.8403251084441195e-08
0.004759973025489073,507,2,2.8648467858383804e-12,-2.8748705749315207e-08
0.004769990488137166,507,2,2.668096634538095e-12,3.1503717044800705e-08
0.004779996188618287,507,2,2.8341133938988784e-12,-6.770712707160342e-08
0.004789980228832013,507,2,1.6452361315419882e-12,-9.718955734649981e-08
0.004799973573577608,507,2,1.3968746457796019e-12,-4.0222027375413916e-08
0.004809996370479239,507,2,1.0012363278351084e-12,-6.119591483555453e-08
0.0048199903920037165,507,2,9.721684745674845e-13,4.438454653940202e-08
0.004829995363228399,507,2,1.3897171919643146e-12,-1.5193816427228057e-08
0.004839982137742458,507,2,1.1566836991187368e-12,5.785620782461365e-08
0.0048499838476868855,507,2,2.2731658042509273e-12,9.570553383131397e-08
0.0048599648851425006,507,2,2.1905379435341777e-12,-1.0439494283961959e-07
0.0048699714256318204,507,2,1.7245735953663396e-12,5.587949047924923e-08
0.004879985365513301,507,2,2.1882310349027705e-12,2.7539351243888177e-08
0.004889968814565082,507,2,2.5106545938373068e-12,4.456139623965072e-08
0.0048999645215692285,507,2,2.3757423911713142e-12,1.0357006918759737e-09
0.004909993442299744,507,2,2.9502048624430264e-12,8.632451858892054e-08
0.004919993470493547,507,2,3.45791255872141e-12,9.821730651005112e-09
0.004929997298337766,507,2,3.4866285358680195e-12,-1.3907245688393743e-08
0.0049399607788006995,507,2,3.5076354950610124e-12,2.653873296121212e-08
0.004949963643589128,507,2,3.487850218264108e-12,-1.2117051806370682e-07
0.004959999773995563,507,2,1.9273615991084953e-12,-9.408252610310086e-08
0.004969976148962584,507,2,1.6950923629154013e-12,-6.009679071050655e-08
0.00497999079649168,507,2,1.1997358588224571e-12,-1.9635686340779834e-09
0.0049899741780366795,507,2,1.6331895383336122e-12,-1.8923303618523235e-08
0.004999992796390972,507,2,9.72972130110477e-13,3.904917611485814e-09
0.005009965747862612,507,2,2.365754652995742e-12,1.6011914505398295e-07
0.005019998759779939,507,2,2.641189750360231e-12,-1.744014361051982e-08
0.005029983983952706,507,2,2.4090547570308155e-12,-3.665128545105034e-08
0.005039988504982833,507,2,1.749883424333144e-12,-5.1018000046809675e-08
0.005049984777705981,507,2,1.9268118239037504e-12,5.0453072608647176e-08
0.005059960074180316,507,2,1.9946544958272805e-12,-1.9063011724718137e-08
0.0050699646703149075,507,2,2.244197249502743e-12,4.965805899814768e-08
0.005079975685729509,507,2,2.5137316900458945e-12,-1.2111123475627705e-08
0.005089992849776121,507,2,1.9707349562469133e-12,-2.9913958143890085e-08
0.005099958718378997,507,2,1.855159641628735e-12,1.1847910152962271e-08
0.005109971722647651,507,2,2.2021574390136255e-12,1.4838646464343519e-08
0.005119977983712958,507,2,2.6001638247564497e-12,3.572449494559926e-08
0.005129983628808401,507,2,2.693209103134123e-12,-9.806146200608268e-09
0.005139991801203174,507,2,2.472778565229864e-12,-5.947454972954347e-08
0.0051499826632363955,507,2,1.7829014293028154e-12,-1.1430616009278083e-08
0.005159967580727336,507,2,2.10360316168503e-12,3.6791741875319417e-09
0.0051699699630949605,507,2,1.7110829981771764e-12,-1.4680676674316828e-08
0.0051799713593928595,507,2,1.4436237510853482e-12,-1.6219381016036039e-07
0.005189982671452809,507,2,-1.947305613267847e-13,-6.409448717430155e-08
0.005199971079100129,507,2,-4.3690111461790844e-13,-4.027042982412965e-08
0.005209973232172589,507,2,-3.747620957458104e-13,2.4631558681598165e-08
0.005219981155537408,507,2,-4.386243057403084e-13,-6.661439885813358e-08
0.005229965138942932,507,2,-5.807090953122238e-13,1.2528756176966027e-07
0.0052399608934577116,507,2,5.205918839458826e-13,6.830509374777805e-08
0.005249982002999411,507,2,5.061668755846922e-13,-5.200548910955227e-08
0.005259975273822631,507,2,4.2988993576931547e-13,8.000647311323661e-08
0.005269979810125778,507,2,1.324179996339478e-12,7.539584023774637e-08
0.005279979478277073,507,2,1.6945657252626437e-12,-5.431423945323477e-08
0.005289965745571135,507,2,7.331959339792679e-13,-3.7129438079652743e-08
0.005299991157239064,507,2,1.0700250703391846e-12,-4.3360010693049844e-08
0.005309970016642706,507,2,-3.1234180010181883e-13,-9.189140359744385e-08
0.005319967898115426,507,2,-1.1000814991476808e-13,7.032480608959446e-08
0.0053299814238811785,507,2,6.55862889768332e-13,2.4074173626820183e-08
0.005339988839159224,507,2,5.244472984009116e-13,-3.9427495046595595e-08
0.005349969719018033,507,2,3.4844335736520203e-13,3.874769297085301e-08
0.0053599764474193375,507,2,1.200760058875025e-12,1.1388280873880774e-07
0.005369997037700295,507,2,1.8829382158829476e-12,1.5949353671107502e-08
0.005379980128486526,507,2,1.3585418427968909e-12,-1.0721457713303018e-07
0.005389969650855461,507,2,9.178522098450288e-13,8.789500505201886e-08
0.005399996237483614,507,2,2.2849411910621197e-12,7.856355488389255e-08
0.005409966596757288,507,2,1.6474882100366538e-12,-9.691531110966878e-08
0.005419986616964384,507,2,9.81917367239623e-13,-7.841040250422537e-08
0.005429994815562234,507,2,2.8317657870284216e-13,-2.1925089743746184e-08
0.005439969100741385,507,2,1.3526656736980586e-13,-2.0103580550268063e-08
0.005449975236982409,507,2,2.8582352616982575e-13,3.262239231527353e-08
0.00545996843034601,507,2,-2.427424817955711e-14,-6.137543248629918e-08
0.005469971325902306,507,2,-4.455794880877913e-13,-7.270851859475513e-08
0.00547999764219542,507,2,-1.2594259301082229e-12,-4.2813621703441385e-08
0.005489991768779654,507,2,-1.02319734512934e-12,4.0022401975869926e-08
0.00549996525350136,507,2,-1.1979785483659088e-12,-1.2533802995484677e-08
0.005509966015189842,507,2,-3.9655156938646526e-13,9.018424218520948e-08
0.005519978045567491,507,2,-2.609263716549237e-13,1.3030950540837694e-08
0.005529958511920713,507,2,3.4607211573441793e-13,1.1015144663062415e-07
0.005539996544531082,507,2,9.692276142911002e-13,2.8451554057173922e-08
0.0055499916673077436,507,2,1.5368183545953588e-12,3.9371669979804125e-08
0.005559973770025515,507,2,1.8506719187726464e-12,3.458393937894044e-08
0.00556997793476473,507,2,1.9281261903389933e-12,-1.994253184811612e-08
0.005579992867189304,507,2,1.938024969726313e-12,-4.064954151061784e-09
0.005589994622012164,507,2,1.65937988176601e-12,-4.2872785321890206e-08
0.005599988999215762,507,2,1.2693289344958836e-12,1.102546975939589e-08
0.005609986973983674,507,2,1.855483350516121e-12,-5.80863102062068e-09
0.0056199666123731345,507,2,1.3406298352670138e-12,-4.986597967882034e-08
0.005629983242042961,507,2,1.0449592978225056e-12,4.040600110055692e-08
0.005639965675729477,507,2,1.4669293165045575e-12,7.084581254979128e-09
0.005649963985862555,507,2,1.1510524885601186e-12,-1.2325359399767422e-08
0.005659957800666603,507,2,1.7072766099891345e-12,1.7109872696430273e-07
0.005669981840028802,507,2,2.8613135285063783e-12,1.6811627090440595e-08
0.005679995054171536,507,2,2.806267161193938e-12,2.265871390516594e-08
0.005689981055962534,507,2,3.58829123776579e-12,6.956400333546497e-08
0.005699963637495528,507,2,3.47917300438233e-12,-1.6771523753122963e-08
0.005709973742693839,507,2,3.3383129024793998e-12,-5.701211380770843e-08
0.0057199826677225745,507,2,3.3543466805173103e-12,9.081810647959543e-08
0.005729997316249422,507,2,3.700169958300616e-12,-6.511902396998115e-08
0.00573995947155766,507,2,2.87989417876262e-12,-5.305317696269185e-08
0.005749973659715163,507,2,2.481907562768785e-12,-2.3362547452165927e-08
0.005759981153184275,507,2,2.1421610823081985e-12,-3.149230809462722e-08
0.005769964727386619,507,2,2.452000204982742e-12,8.056321726401805e-08
0.005779977010838675,507,2,3.0379902898349485e-12,-2.2273194399957674e-09
0.005789973688981864,507,2,2.706045661291965e-12,4.328595304414762e-08
0.005799984294858557,507,2,3.732635184486711e-12,5.8559571022159806e-08
0.005809963684300622,507,2,3.750755596849964e-12,-4.7175310158298345e-08
0.005819987219207334,507,2,3.1361450943553996e-12,-5.938825814455484e-08
0.005829983085017342,507,2,2.5919216067623165e-12,-3.1742195094608405e-08
0.005839979294598562,507,2,2.5432840681822045e-12,-6.652416062458144e-09
0.005849955942465895,507,2,2.1969386962308705e-12,-4.60286702086421e-08
0.005859957484590053,507,2,1.859053804452969e-12,1.0966966002001755e-08
0.005869968967583659,507,2,1.4576163016931203e-12,-2.9556594505208977e-08
0.005879984272359551,507,2,1.5548063087933526e-12,-1.5137250231056498e-08
0.005889972644483208,507,2,1.063984658163748e-12,-5.3736128324821664e-08
0.0058999745347217475,507,2,3.9268397629172065e-13,-4.728520752728116e-08
0.0059099857275428614,507,2,5.912149737060269e-13,9.062729755537902e-08
0.005919997681181325,507,2,6.602389008371389e-13,-6.689400250392552e-08
0.005929992033273825,507,2,2.752522636087582e-13,1.5692458998906034e-09
0.005939988437048837,507,2,3.362086898082506e-13,1.2492690548704388e-08
0.005949971011485544,507,2,7.594685988497434e-13,3.618296268159682e-08
0.005959994067918254,507,2,1.0414816710733804e-12,-8.84875756002046e-09
0.005969982593316964,507,2,1.2908058224858155e-12,8.293898057232241e-08
0.00597999319973683,507,2,2.0212568123683e-12,-2.870920695619006e-09
0.005989998987402787,507,2,2.3154801880931938e-12,7.468903692742224e-08
0.005999989969773451,507,2,2.6591545382071173e-12,2.7934070750967877e-08
0.006009961005981372,507,2,2.6822398401199314e-12,-5.004939068655595e-09
0.006019999136666898,507,2,2.611824373381752e-12,-6.649838540928599e-09
0.006029996038720702,507,2,2.419199242041409e-12,-5.2392677307722124e-08
0.006039961259028798,507,2,2.6066989583831916e-12,5.303803145284558e-08
0.006049977970011413,507,2,3.0247163670618247e-12,1.7165052962342386e-08
0.0060599942540477065,507,2,2.8629231604626387e-12,1.2206342265945469e-08
0.006069958650732351,507,2,3.3211922456448904e-12,3.8424913417767215e-08
0.006079988953826534,507,2,3.848604557466677e-12,5.0974731213848656e-08
0.0060899928755560615,507,2,4.269233536434219e-12,-4.549778165330309e-09
0.006099989890616766,507,2,4.472543249791445e-12,4.273898203399629e-08
0.006109985632846028,507,2,3.9552817537044996e-12,-1.0746999068445007e-07
0.006119974139240185,507,2,3.5142214947103028e-12,-6.06935524061214e-09
0.006129987556662607,507,2,3.3618593867269396e-12,-3.635473248830845e-09
0.006139961785386554,507,2,3.0719678493026535e-12,-2.2193706206152797e-08
0.006149962887980511,507,2,2.9988638262980227e-12,-9.916787391262005e-09
0.006159975295933049,507,2,3.0090875427705023e-12,4.7295241001332755e-08
0.006169982337224006,507,2,3.0543701926401615e-12,-6.756343508274032e-08
0.006179980492075587,507,2,2.410957308650346e-12,-2.6718894208244137e-08
0.006189987946860759,507,2,2.0917799032186366e-12,-4.418205418188492e-08
0.0061999630487530755,507,2,1.857599053318147e-12,1.2201528010180596e-08
0.006209984208849826,507,2,2.0823627009194674e-12,3.71409282218238e-08
0.0062199899287840536,507,2,1.4908427530007816e-12,-1.4590233898825744e-07
0.006229976582287904,507,2,6.643275212502389e-13,-7.558084630376882e-09
0.006239967494492535,507,2,2.32538814592953e-13,-7.944448432439799e-08
0.006249960368758599,507,2,-6.782031266776647e-13,-4.241081491551668e-08
0.006259998517275639,507,2,-2.961497454873844e-13,6.785659267816158e-08
0.006269964856281512,507,2,-3.0907222412629703e-13,-2.7324348450541436e-08
0.006279968251574158,507,2,-6.308674112453963e-13,-1.0898590685481935e-07
0.00628999274730658,507,2,-1.1407779416404743e-12,3.184010038959073e-08
0.006299978669363407,507,2,-8.426622030363595e-13,-7.355232617412e-09
0.006309976929827969,507,2,-3.4288386932139264e-13,8.775148685469247e-08
0.006319958736051649,507,2,-3.203441023663894e-13,3.43344837283599e-09
0.006329958410957847,507,2,-5.405183873931157e-13,-8.206083534911812e-08
0.006339979575708321,507,2,-9.99143189567281e-13,-3.884590760172557e-09
0.006349963037528943,507,2,-1.0712181742406794e-12,2.39548808567136e-08
0.006359961274282395,507,2,-4.769563434287515e-13,-6.890819581606422e-10
0.006369989516460177,507,2,-1.3857149615002963e-12,-1.0024609431447118e-07
0.006379975710467145,507,2,-1.259263702123e-12,4.7985631829172704e-08
0.006389990623740286,507,2,-6.324958799438542e-13,8.085609382035841e-08
0.006399996009538428,507,2,1.2623918329136927e-13,5.7569739531082575e-08
0.006409968392701951,507,2,4.57712482891952e-13,-5.754695948934074e-09
0.006419964509205941,507,2,2.4479808676295626e-13,4.864599906229117e-08
0.006429978221835664,507,2,5.892596701450909e-13,7.820898317856262e-09
0.0064399953837639854,507,2,6.936960041364078e-13,-2.5031090755689434e-08
0.006449984380157341,507,2,6.616148923074263e-13,2.0821563140316357e-08
0.0064599867114587175,507,2,7.721166913297883e-13,1.3643023377696295e-08
0.006469992173478451,507,2,8.006998520162026e-13,2.373197116600778e-08
0.006479956661035917,507,2,1.1228386181450813e-12,5.106558481626777e-08
0.006489976550495774,507,2,1.458927203763609e-12,1.9459106437302864e-08
0.006499970786370717,507,2,1.4820660567934144e-12,-2.907554308428928e-08
0.006509964984914044,507,2,9.74448447551169e-13,-2.6597185759369424e-08
0.006519959368723488,507,2,6.643092820897856e-13,-3.799563796924588e-08
0.006529996411384291,507,2,4.647922875028986e-13,2.5641770734496916e-08
0.006539962588281889,507,2,5.129606388634168e-13,-3.2108932512819877e-08
0.006549982944956602,507,2,-1.2812681146091853e-14,-4.110476758967252e-08
0.006559978538742022,507,2,-8.578262891486437e-13,-6.818425306309717e-08
0.00656999697712984,507,2,-4.5145953490345614e-13,9.871270834072021e-08
0.006579982118465766,507,2,2.2114959433757863e-13,2.294170861616429e-08
0.006589966692864798,507,2,1.9988303818097714e-14,-3.855019514720226e-08
0.006599967994790061,507,2,2.4577159104659805e-13,8.89304944129421e-08
0.006609986454824011,507,2,1.091753527114451e-12,-1.8862279682618777e-08
0.006619981099827853,507,2,8.704235126415249e-13,-1.2214778299934892e-08
0.006629985121013332,507,2,5.520625613147619e-13,-3.4205942522902433e-09
0.006639965643973591,507,2,6.181899508625206e-13,-1.932811061200468e-08
0.006649989356091944,507,2,7.13147524703233e-13,1.2257663661863205e-08
0.006659974233030556,507,2,1.659185840070321e-13,-4.822607058141415e-08
0.006669986718168594,507,2,-3.3291805659366007e-13,-6.957074816238418e-08
0.00667998208399872,507,2,-5.356800377896102e-13,3.658589567412385e-08
0.006689963464909093,507,2,-1.0610840590574125e-12,-4.692867344724405e-08
0.00669999470757306,507,2,-5.409596856294045e-13,-1.2847488739531343e-08
0.006709993415910295,507,2,-1.589940080092521e-12,-2.4553203747945673e-08
0.006719977067568235,507,2,-1.240644350084365e-12,6.229682528169356e-08
0.006729991232328321,507,2,-7.450813152184413e-13,5.662129598515975e-08
0.0067399631776007855,507,2,-1.1679717802520772e-12,-6.643733219124925e-08
0.006749992578756297,507,2,-4.61297177993742e-13,7.022331682815519e-08
0.006759998883430472,507,2,-1.1494423492311228e-12,-1.2901556323274832e-07
0.006769959001106804,507,2,-2.170720888602191e-12,-7.563474346827803e-08
0.0067799985463174,507,2,-1.6716236498449466e-12,9.742418016767118e-08
0.006789988188117938,507,2,-1.6949334307353762e-12,-7.751706321279528e-08
0.0067999708061716015,507,2,-2.0423078503617748e-12,-5.238592046263868e-09
0.006809980784842799,507,2,-2.808829614583334e-12,-8.829554420941577e-08
0.006819980150435991,507,2,-3.0211426927057115e-12,2.4296196832196415e-08
0.0068299845002377435,507,2,-2.4968895850782874e-12,5.729404486953804e-08
0.006839969587457437,507,2,-2.4344672853543426e-12,-9.842337292398362e-09
0.006849972801697294,507,2,-2.168082794323572e-12,4.292361754920648e-08
0.0068599665323948655,507,2,-1.7315799368097708e-12,1.9908886650377156e-08
0.006869968533687079,507,2,-1.9034215291435525e-12,-1.982296216063162e-08
0.006879972011526077,507,2,-1.6830239899488526e-12,3.31152475580021e-08
0.006889965317175171,507,2,-1.570716819820515e-12,3.2800149485368024e-08
0.006899993840153902,507,2,-1.3534198972452822e-12,-4.931659941531663e-08
0.006909973914984763,507,2,-1.8851035412631553e-12,-1.0200432720708363e-08
0.006919994835008652,507,2,-1.5531742405225062e-12,9.674827650130169e-08
0.0069299780214827356,507,2,-9.027552765048029e-13,6.7501441658457395e-09
0.006939960288435847,507,2,-1.2514590778665608e-12,-7.17570302344317e-08
0.006949996434153348,507,2,-1.4395367184355079e-12,5.958314067133763e-08
0.006959987984477801,507,2,-1.541576307431401e-12,-6.748194314454281e-08
0.006969967946167452,507,2,-1.665477849406696e-12,1.9678710883042072e-08
0.006979986730648021,507,2,-1.3478307876122744e-12,5.378966183577916e-08
0.006989988592971343,507,2,-8.193572332930704e-13,4.5833976031195434e-08
0.006999973832570555,507,2,-3.8345913358668604e-13,6.65305247560255e-08
0.007009981092335826,507,2,3.6702545435371783e-13,7.504531718272034e-08
0.007019958978262349,507,2,1.2489206446374829e-12,1.047374589280281e-07
0.0070299765559185086,507,2,2.0604647003354126e-12,9.012299101440746e-09
0.0070399830810224705,507,2,1.6435116410710472e-12,-3.174288919216561e-08
0.007049990318557698,507,2,1.5872621007264817e-12,1.910066904642349e-08
0.007059968894757484,507,2,1.6467070220425872e-12,-5.626763965871362e-08
0.0070699856228296646,507,2,6.446592866189531e-13,-6.480809955355937e-08
0.0070799858331441505,507,2,2.7034368396249703e-13,-3.282452631925281e-08
0.007089959798666404,507,2,1.330751914913053e-13,-1.7278926525698957e-08
0.007099997741017178,507,2,-4.918040733231481e-13,-5.1487575647435335e-08
0.0071099676633398536,507,2,-6.665248526173916e-13,2.5198622383149072e-08
0.007119971380930784,507,2,-4.796636720628966e-13,1.3903543427673526e-08
0.007129990758922399,507,2,-9.259418589941532e-14,1.4452453567237455e-08
0.007139961431496943,507,2,-5.706096402671723e-14,4.669001851809185e-09
0.007149979474100601,507,2,-2.0108921309786726e-14,5.5128810849680576e-08
0.007159995254801014,507,2,7.490810848399896e-13,4.723202173817498e-08
0.007169962449877353,507,2,1.3146609045529625e-12,1.0350764102773358e-07
0.007179959609427872,507,2,1.5927813030362867e-12,-5.8219519094571126e-08
0.007189968909607604,507,2,1.3054293076072065e-12,1.9580566501531393e-08
0.007199959927297341,507,2,9.747379211667723e-13,-6.922874751236208e-08
0.007209987078070645,507,2,4.269292583100972e-13,-9.779902909734517e-08
0.007219986323040487,507,2,-3.1800498107199815e-13,1.653366013543156e-08
0.007229979056884137,507,2,2.2565682012727758e-13,-6.65584621445392e-09
0.007239979494087148,507,2,-1.4906300105116833e-14,5.542497738542096e-09
0.0072499584218456235,507,2,3.2193889398777657e-13,7.893343045850543e-08
0.007259988719917388,507,2,1.2989566104730727e-12,7.540110535941835e-08
0.007269994722444973,507,2,1.4635708721615504e-12,-1.5453522683728238e-08
0.007279979460642738,507,2,1.2947713308951968e-12,-9.857653138212186e-09
0.007289956192759518,507,2,1.4768539107032526e-12,6.17810482356207e-08
0.0072999916149521695,507,2,1.6120114005582428e-12,-8.797042438946079e-08
0.007309960085356894,507,2,7.684463823728546e-13,-3.797984982067959e-08
0.007319978735606019,507,2,6.920064801946898e-13,-2.3491305789491435e-08
0.007329971517588883,507,2,-2.956910220893046e-13,-1.2715201136437315e-07
0.007339959116689036,507,2,-8.42097455677239e-13,1.7023830761742076e-08
0.007349979222642239,507,2,-9.42467658142333e-13,5.954544413100393e-08
0.00735998163947862,507,2,-7.535258495731251e-13,-1.728419524171798e-08
0.007369966776498766,507,2,-7.910051669115896e-13,-5.163381278094903e-09
0.007379998054591323,507,2,-4.973257913208065e-13,4.1355797897324464e-08
0.007389991146096957,507,2,-2.5266391973774644e-13,5.132385993977806e-08
0.007399971460935594,507,2,2.144427789908896e-13,-2.1105004577304243e-08
0.007409966464186002,507,2,2.593662623269575e-13,1.645441238817824e-08
0.007419956876920095,507,2,1.0074562101984423e-13,1.1594258886304942e-09
0.007429997218771458,507,2,-1.0752235216006552e-13,-9.127882860671122e-08
0.007439992845652756,507,2,-6.994031361142817e-13,1.320813047822611e-08
0.007449972023947285,507,2,-5.949341620756105e-13,-6.702417232329339e-08
0.00745996235590817,507,2,-8.697883865853664e-13,6.050329376394714e-08
0.0074699675704960914,507,2,-3.4723337588224695e-13,2.25510810025753e-09
0.00747997665906257,507,2,3.391854837633563e-14,4.490679544888465e-08
0.007489958270510493,507,2,1.4422520540721033e-13,-3.5580617674391135e-08
0.007499993868528688,507,2,1.6607814976770177e-13,5.989028010197975e-08
0.0075099722627718695,507,2,1.253499781936217e-12,9.155574531849453e-08
0.007519962940739569,507,2,1.4250960437764415e-12,-2.869612014677614e-08
0.0075299901782128744,507,2,1.3203034670471398e-12,-4.606189835110186e-08
0.007539978725632402,507,2,1.1296746178746878e-12,2.845827379305277e-08
0.007549964841706514,507,2,1.411257920827481e-12,1.6661631907499697e-08
0.007559966214083071,507,2,1.6236669652416836e-12,-7.825808334693818e-10
0.0075699912721043676,507,2,1.1399761250060103e-12,-2.8534931972856725e-08
0.007579967190150209,507,2,1.5066073664144277e-12,7.520199094002145e-08
0.007589967957976571,507,2,2.014895976522763e-12,3.1300949610013618e-09
0.007599989399646848,507,2,1.3488388669337902e-12,-8.235493870190069e-08
0.007609994161680655,507,2,1.3135216028872581e-12,2.535979881646e-08
0.007619973106125884,507,2,1.0623768421402473e-12,-7.980904070947759e-08
0.007629997163950928,507,2,9.50603930525973e-13,4.531845254618361e-08
0.007639975774411478,507,2,1.1652904542588634e-12,3.029489437089694e-10
0.007649988272634897,507,2,1.5603179792861906e-12,3.7301735589245766e-08
0.007659993327525552,507,2,1.2069213290995078e-12,-7.811154573156287e-08
0.0076699772056735265,507,2,1.0847811516922047e-12,3.489791756267069e-08
0.0076799806786752274,507,2,8.433229412512606e-13,-4.073160519979524e-08
0.00768996271722455,507,2,7.262324557910996e-13,-8.735553974625887e-09
0.00769995904395316,507,2,9.439871293705888e-13,1.0251273718786535e-08
0.00770999504696977,507,2,9.015120125562513e-13,2.1000491068345895e-08
0.007719999631724893,507,2,1.3937717557237043e-12,6.314833711495993e-08
0.0077299875952706815,507,2,1.6099002624167698e-12,-5.464426688917001e-09
0.007739985374075151,507,2,1.509789777193963e-12,-5.7252369622950994e-08
0.007749961451947057,507,2,1.6297894159461937e-12,1.0727396038134884e-07
0.0077599873006954055,507,2,2.2787507490229335e-12,-1.3757888828180853e-08
0.007769967652442747,507,2,2.188814477973103e-12,-4.876702558442858e-08
0.007779963289498407,507,2,1.4882245080922486e-12,-1.6147360726304072e-08
0.007789965700101399,507,2,1.6459414126784866e-12,-3.847439575266343e-09
0.0077999708907684215,507,2,1.355673304734642e-12,-7.803806467698848e-08
0.007809991702906979,507,2,3.617935283501718e-13,-7.189634376736365e-08
0.007819981703892134,507,2,6.500477104298338e-13,8.269737739041716e-08
0.0078299966939969,507,2,2.5787658887075314e-13,-9.64176829487684e-08
0.007839982616107523,507,2,-2.863031534940108e-13,-5.059499097459508e-08
0.007849978197684258,507,2,-3.717104715120125e-13,4.7820430282286e-08
0.007859989157165834,507,2,2.984062514232652e-14,4.9958847725406486e-08
0.007869984231473868,507,2,6.887111052896605e-13,5.0933336381842054e-08
0.007879984445131633,507,2,7.477383072256299e-13,2.6507359390803842e-08
0.007889982485346805,507,2,1.0260845653502736e-12,1.7207569924515553e-08
0.007899970982648837,507,2,1.1864109107845907e-12,3.4628743095233006e-08
0.007909987238536996,507,2,1.35226113076245e-12,-3.303389738140705e-08
0.00791997557594777,507,2,1.3614373503881803e-12,2.8401035301328648e-08
0.007929966085572558,507,2,1.3955449311073547e-12,-4.125408215038817e-08
0.007939965306455615,507,2,1.0228020145240657e-12,-1.7017233677751875e-08
0.007949999662666022,507,2,9.377266588824883e-13,-4.458682811847581e-09
0.007959977234177688,507,2,7.664005623300761e-13,-1.9649252225306668e-08
0.007969970778968001,507,2,5.88295288406291e-13,-1.2101861734947761e-08
0.007979968376253834,507,2,5.593767640826527e-13,-2.387734643338746e-08
0.007989991036745086,507,2,6.016265171934613e-13,4.466390185475788e-08
0.007999962384108236,507,2,5.342276447945133e-13,-4.551023016080569e-08
0.008000006831550933,507,2,5.321949876437352e-13,-4.5732934512293655e-08
