time_s,time step,kinetic energy,internal energy,spring and damper energy,hourglass energy,system damping energy,sliding interface energy,external work,eroded kinetic energy,eroded internal energy,eroded hourglass energy,total energy,total energy / initial energy,global x velocity,global y velocity,global z velocity,dissipated kinetic energy,dissipated internal energy,drilling energy,time per zone cycle.(nanosec),reached the minimum time step,added mass,percentage increase
0.0,9e-08,946.016,2e-20,1e-20,0.0,0.0,0.0,0.0,0.0,0.0,0.0,946.016,1.00005,0.0,0.0,-32.4041,0.0,0.0,0.0,0.0,0.0,3.8391e-05,0.0032877
9.98975e-06,8.99782e-08,929.065,14.1185,1e-20,0.0,0.0,2.82798,0.0,0.0,0.0,0.0,946.011,1.00005,-0.000487487,0.000308624,-32.4007,0.0,0.0,0.0,0.0,0.0,,
1.99783e-05,8.99883e-08,910.962,31.0717,1e-20,0.0,0.0,3.96256,0.0,0.0,0.0,0.0,945.997,1.00003,5.91888e-05,0.00029382,-32.4003,0.0,0.0,0.0,0.0,0.0,,
2.99549e-05,8.99253e-08,892.841,49.3595,1e-20,0.0,0.0,3.79765,0.0,0.0,0.0,0.0,945.998,1.00003,-0.00163281,0.000367155,-32.4018,0.0,0.0,0.0,0.0,0.0,,
3.99339e-05,8.98129e-08,870.631,70.8019,1e-20,0.0,0.0,4.5786,0.0,0.0,0.0,0.0,946.011,1.00005,-0.000877037,-0.000246888,-32.4026,0.0,0.0,0.0,0.0,0.0,,
4.99653e-05,8.9334e-08,854.833,84.8071,1e-20,0.0,0.0,6.33737,0.0,0.0,0.0,0.0,945.978,1.00001,-0.00045683,0.00228268,-32.401,0.0,0.0,0.0,0.0,0.0,,
5.99526e-05,8.92697e-08,835.108,103.186,1e-20,0.0,0.0,7.66425,0.0,0.0,0.0,0.0,945.958,0.99999,-0.00293965,-0.000875916,-32.4004,0.0,0.0,0.0,0.0,0.0,,
6.99938e-05,8.90801e-08,819.107,118.703,1e-20,0.0,0.0,8.15458,0.0,0.0,0.0,0.0,945.965,0.999996,0.000735121,0.00346849,-32.4012,0.0,0.0,0.0,0.0,0.0,,
7.99498e-05,8.73868e-08,800.752,136.707,1e-20,0.0,0.0,8.51843,0.0,0.0,0.0,0.0,945.977,1.00001,0.00683252,0.0161308,-32.4021,0.0,0.0,0.0,0.0,0.0,,
8.99149e-05,8.56441e-08,786.4,150.64,1e-20,0.0,0.0,8.92961,0.0,0.0,0.0,0.0,945.969,1.0,0.0137512,0.035143,-32.4021,0.0,0.0,0.0,0.0,0.0,,
9.9977e-05,8.36977e-08,775.064,161.412,1e-20,0.0,0.0,9.47876,0.0,0.0,0.0,0.0,945.956,0.999987,0.0178185,0.0537701,-32.4019,0.0,0.0,0.0,0.0,0.0,,
0.000109961,8.35918e-08,772.253,163.194,1e-20,0.0,0.0,10.4891,0.0,0.0,0.0,0.0,945.936,0.999966,0.0256231,0.0624641,-32.4016,0.0,0.0,0.0,0.0,0.0,,
0.00011997,8.06149e-08,773.188,162.211,1e-20,0.0,0.0,10.5507,0.0,0.0,0.0,0.0,945.95,0.999981,0.0335464,0.0760694,-32.4022,0.0,0.0,0.0,0.0,0.0,,
0.000129933,7.92437e-08,777.124,157.973,1e-20,0.0,0.0,10.8582,0.0,0.0,0.0,0.0,945.955,0.999986,0.0448923,0.0797978,-32.4025,0.0,0.0,0.0,0.0,0.0,,
0.000139976,7.78044e-08,784.323,150.316,1e-20,0.0,0.0,11.2949,0.0,0.0,0.0,0.0,945.934,0.999963,0.0603263,0.0699792,-32.4022,0.0,0.0,0.0,0.0,0.0,,
0.000149958,7.64152e-08,791.931,142.502,1e-20,0.0,0.0,11.4897,0.0,0.0,0.0,0.0,945.923,0.999952,0.073834,0.0496175,-32.4021,0.0,0.0,0.0,0.0,0.0,,
0.00015999,7.48374e-08,799.952,134.351,1e-20,0.0,0.0,11.6234,0.0,0.0,0.0,0.0,945.926,0.999956,0.0922689,0.0174379,-32.4023,0.0,0.0,0.0,0.0,0.0,,
0.000169965,7.11412e-08,808.624,125.905,1e-20,0.0,0.0,11.4222,0.0,0.0,0.0,0.0,945.951,0.999982,0.113767,-0.00751362,-32.4028,0.0,0.0,0.0,0.0,0.0,,
0.000179966,6.7734e-08,816.463,118.014,1e-20,0.0,0.0,11.4766,0.0,0.0,0.0,0.0,945.953,0.999985,0.140622,-0.0239146,-32.403,0.0,0.0,0.0,0.0,0.0,,
0.00018995,6.39584e-08,819.031,115.523,1e-20,0.0,0.0,11.4142,0.0,0.0,0.0,0.0,945.969,1.0,0.166952,-0.048814,-32.4033,0.0,0.0,0.0,0.0,0.0,,
0.000199969,6.17352e-08,816.641,117.996,1e-20,0.0,0.0,11.3447,0.0,0.0,0.0,0.0,945.981,1.00001,0.194896,-0.0720773,-32.4036,0.0,0.0,0.0,0.0,0.0,,
0.000209966,5.82574e-08,813.363,121.395,1e-20,0.0,0.0,11.2348,0.0,0.0,0.0,0.0,945.993,1.00003,0.221206,-0.0887153,-32.4038,0.0,0.0,0.0,0.0,0.0,,
0.000219996,5.50312e-08,804.024,130.89,1e-20,0.0,0.0,11.0898,0.0,0.0,0.0,0.0,946.003,1.00004,0.24873,-0.0980101,-32.404,0.0,0.0,0.0,0.0,0.0,,
0.000229962,5.85144e-08,796.222,138.671,1e-20,0.0,0.0,11.1171,0.0,0.0,0.0,0.0,946.01,1.00004,0.27622,-0.108019,-32.4041,0.0,0.0,0.0,0.0,0.0,,
0.000239966,5.40113e-08,787.79,147.094,1e-20,0.0,0.0,11.1309,0.0,0.0,0.0,0.0,946.015,1.00005,0.305318,-0.119097,-32.4041,0.0,0.0,0.0,0.0,0.0,,
0.000249967,5.48579e-08,781.535,153.289,1e-20,0.0,0.0,11.1945,0.0,0.0,0.0,0.0,946.018,1.00005,0.335492,-0.132404,-32.4042,0.0,0.0,0.0,0.0,0.0,,
0.000259976,5.41988e-08,777.712,156.975,1e-20,0.0,0.0,11.3317,0.0,0.0,0.0,0.0,946.019,1.00005,0.365969,-0.146278,-32.4042,0.0,0.0,0.0,0.0,0.0,,
0.000269993,5.41358e-08,770.317,164.311,1e-20,0.0,0.0,11.3904,0.0,0.0,0.0,0.0,946.019,1.00005,0.396746,-0.166942,-32.4042,0.0,0.0,0.0,0.0,0.0,,
0.000279969,5.52149e-08,765.524,169.034,1e-20,0.0,0.0,11.4606,0.0,0.0,0.0,0.0,946.018,1.00005,0.42507,-0.187363,-32.4042,0.0,0.0,0.0,0.0,0.0,,
0.000289958,5.83267e-08,761.494,172.999,1e-20,0.0,0.0,11.5261,0.0,0.0,0.0,0.0,946.019,1.00005,0.452062,-0.209765,-32.4042,0.0,0.0,0.0,0.0,0.0,,
0.000299986,5.99375e-08,758.285,176.131,1e-20,0.0,0.0,11.6055,0.0,0.0,0.0,0.0,946.021,1.00006,0.47783,-0.234312,-32.4042,0.0,0.0,0.0,0.0,0.0,,
0.000309953,6.13839e-08,756.444,177.905,1e-20,0.0,0.0,11.6684,0.0,0.0,0.0,0.0,946.018,1.00005,0.502137,-0.255673,-32.4041,0.0,0.0,0.0,0.0,0.0,,
0.000319967,6.32474e-08,751.33,182.958,1e-20,0.0,0.0,11.7256,0.0,0.0,0.0,0.0,946.014,1.00005,0.524895,-0.281145,-32.404,0.0,0.0,0.0,0.0,0.0,,
0.000329982,6.35049e-08,746.02,188.23,1e-20,0.0,0.0,11.7646,0.0,0.0,0.0,0.0,946.015,1.00005,0.544336,-0.308135,-32.404,0.0,0.0,0.0,0.0,0.0,,
0.000339939,6.55977e-08,735.979,198.18,1e-20,0.0,0.0,11.8562,0.0,0.0,0.0,0.0,946.015,1.00005,0.560477,-0.332712,-32.404,0.0,0.0,0.0,0.0,0.0,,
0.000349996,6.3201e-08,726.633,207.448,1e-20,0.0,0.0,11.9368,0.0,0.0,0.0,0.0,946.017,1.00005,0.576182,-0.354253,-32.4041,0.0,0.0,0.0,3072.0,0.0,,
0.000359942,6.72244e-08,719.559,214.492,1e-20,0.0,0.0,11.9629,0.0,0.0,0.0,0.0,946.014,1.00005,0.587931,-0.3737,-32.404,0.0,0.0,0.0,0.0,0.0,,
0.000369951,6.84571e-08,716.465,217.593,1e-20,0.0,0.0,11.9524,0.0,0.0,0.0,0.0,946.011,1.00005,0.598264,-0.398051,-32.404,0.0,0.0,0.0,0.0,0.0,,
0.000379951,7.03559e-08,716.056,217.982,1e-20,0.0,0.0,11.9754,0.0,0.0,0.0,0.0,946.013,1.00005,0.60424,-0.427798,-32.4041,0.0,0.0,0.0,0.0,0.0,,
0.000389946,6.87454e-08,719.148,214.866,1e-20,0.0,0.0,11.9997,0.0,0.0,0.0,0.0,946.014,1.00005,0.607464,-0.457566,-32.4041,0.0,0.0,0.0,0.0,0.0,,
0.000399944,7.19507e-08,725.196,208.784,1e-20,0.0,0.0,12.0313,0.0,0.0,0.0,0.0,946.011,1.00005,0.607302,-0.487768,-32.4041,0.0,0.0,0.0,0.0,0.0,,
0.000409932,7.26471e-08,733.274,200.685,1e-20,0.0,0.0,12.0499,0.0,0.0,0.0,0.0,946.009,1.00004,0.60255,-0.51062,-32.404,0.0,0.0,0.0,0.0,0.0,,
0.000419992,7.02333e-08,741.84,192.119,1e-20,0.0,0.0,12.0499,0.0,0.0,0.0,0.0,946.008,1.00004,0.593798,-0.523528,-32.404,0.0,0.0,0.0,0.0,0.0,,
0.000429991,7.10747e-08,749.645,184.315,1e-20,0.0,0.0,12.0499,0.0,0.0,0.0,0.0,946.009,1.00004,0.580992,-0.533078,-32.4039,0.0,0.0,0.0,0.0,0.0,,
0.000439974,7.13104e-08,754.362,179.585,1e-20,0.0,0.0,12.0673,0.0,0.0,0.0,0.0,946.015,1.00005,0.56615,-0.541883,-32.404,0.0,0.0,0.0,0.0,0.0,,
0.000449964,7.13143e-08,757.076,176.823,1e-20,0.0,0.0,12.1163,0.0,0.0,0.0,0.0,946.016,1.00005,0.547264,-0.551475,-32.4039,0.0,0.0,0.0,0.0,0.0,,
0.000459986,7.13074e-08,759.264,174.613,1e-20,0.0,0.0,12.1311,0.0,0.0,0.0,0.0,946.009,1.00004,0.525903,-0.554771,-32.4036,0.0,0.0,0.0,0.0,0.0,,
0.000469932,7.19426e-08,762.284,171.595,1e-20,0.0,0.0,12.135,0.0,0.0,0.0,0.0,946.013,1.00005,0.502171,-0.550809,-32.4036,0.0,0.0,0.0,0.0,0.0,,
0.000479955,7.52457e-08,767.265,166.618,1e-20,0.0,0.0,12.1301,0.0,0.0,0.0,0.0,946.012,1.00005,0.475869,-0.54722,-32.4034,0.0,0.0,0.0,0.0,0.0,,
0.000489979,7.57037e-08,774.442,159.404,1e-20,0.0,0.0,12.1625,0.0,0.0,0.0,0.0,946.009,1.00004,0.448136,-0.541148,-32.4031,0.0,0.0,0.0,0.0,0.0,,
0.000499929,7.14318e-08,780.873,152.927,1e-20,0.0,0.0,12.2151,0.0,0.0,0.0,0.0,946.015,1.00005,0.418339,-0.524607,-32.403,0.0,0.0,0.0,0.0,0.0,,
0.000509977,7.65514e-08,786.509,147.229,1e-20,0.0,0.0,12.2781,0.0,0.0,0.0,0.0,946.016,1.00005,0.386565,-0.498156,-32.4026,0.0,0.0,0.0,0.0,0.0,,
0.000519958,7.72095e-08,795.081,138.679,1e-20,0.0,0.0,12.2639,0.0,0.0,0.0,0.0,946.024,1.00006,0.35539,-0.464278,-32.4023,0.0,0.0,0.0,0.0,0.0,,
0.000529996,7.83984e-08,805.023,128.741,1e-20,0.0,0.0,12.2566,0.0,0.0,0.0,0.0,946.02,1.00005,0.322637,-0.42953,-32.4016,0.0,0.0,0.0,0.0,0.0,,
0.00054,7.85383e-08,812.535,121.223,1e-20,0.0,0.0,12.2594,0.0,0.0,0.0,0.0,946.017,1.00005,0.287875,-0.385825,-32.4008,0.0,0.0,0.0,3072.0,0.0,,
0.000549933,8.05032e-08,818.762,114.999,1e-20,0.0,0.0,12.2575,0.0,0.0,0.0,0.0,946.018,1.00005,0.251856,-0.335088,-32.4,0.0,0.0,0.0,0.0,0.0,,
0.000559952,8.19361e-08,822.524,111.209,1e-20,0.0,0.0,12.2891,0.0,0.0,0.0,0.0,946.022,1.00006,0.215949,-0.282699,-32.399,0.0,0.0,0.0,0.0,0.0,,
0.000569924,8.16257e-08,822.688,111.023,1e-20,0.0,0.0,12.3102,0.0,0.0,0.0,0.0,946.021,1.00006,0.178423,-0.228957,-32.3977,0.0,0.0,0.0,0.0,0.0,,
0.000579999,8.11716e-08,820.003,113.688,1e-20,0.0,0.0,12.3256,0.0,0.0,0.0,0.0,946.017,1.00005,0.138669,-0.169439,-32.396,0.0,0.0,0.0,0.0,0.0,,
0.000589974,8.34566e-08,815.728,117.962,1e-20,0.0,0.0,12.3322,0.0,0.0,0.0,0.0,946.022,1.00006,0.0992779,-0.0997636,-32.3943,0.0,0.0,0.0,0.0,0.0,,
0.0006,8.28992e-08,810.753,122.923,1e-20,0.0,0.0,12.3418,0.0,0.0,0.0,0.0,946.018,1.00005,0.062775,-0.0402509,-32.392,0.0,0.0,0.0,0.0,0.0,,
0.00060996,8.32759e-08,806.135,127.527,1e-20,0.0,0.0,12.3546,0.0,0.0,0.0,0.0,946.017,1.00005,0.0271337,0.00121888,-32.3893,0.0,0.0,0.0,0.0,0.0,,
0.000619922,8.4522e-08,803.931,129.713,1e-20,0.0,0.0,12.3727,0.0,0.0,0.0,0.0,946.017,1.00005,-0.00744897,0.0243248,-32.3863,0.0,0.0,0.0,0.0,0.0,,
0.000629991,8.65478e-08,802.228,131.383,1e-20,0.0,0.0,12.4022,0.0,0.0,0.0,0.0,946.013,1.00005,-0.0405631,0.0302749,-32.3826,0.0,0.0,0.0,0.0,0.0,,
0.000639962,8.51906e-08,799.301,134.293,1e-20,0.0,0.0,12.4217,0.0,0.0,0.0,0.0,946.016,1.00005,-0.0729287,0.0284057,-32.3786,0.0,0.0,0.0,0.0,0.0,,
0.000649969,8.30783e-08,796.083,137.489,1e-20,0.0,0.0,12.45,0.0,0.0,0.0,0.0,946.022,1.00006,-0.107283,0.0178958,-32.3741,0.0,0.0,0.0,0.0,0.0,,
0.000659943,8.2065e-08,789.496,144.047,1e-20,0.0,0.0,12.4772,0.0,0.0,0.0,0.0,946.02,1.00005,-0.14399,0.00761876,-32.3687,0.0,0.0,0.0,0.0,0.0,,
0.000669969,7.98569e-08,782.087,151.425,1e-20,0.0,0.0,12.5057,0.0,0.0,0.0,0.0,946.018,1.00005,-0.181731,-0.00817034,-32.3626,0.0,0.0,0.0,0.0,0.0,,
0.000679992,7.87493e-08,773.417,160.046,1e-20,0.0,0.0,12.553,0.0,0.0,0.0,0.0,946.016,1.00005,-0.217108,-0.0345886,-32.3558,0.0,0.0,0.0,0.0,0.0,,
0.000689979,7.58816e-08,765.501,167.891,1e-20,0.0,0.0,12.6246,0.0,0.0,0.0,0.0,946.016,1.00005,-0.253738,-0.0593615,-32.3483,0.0,0.0,0.0,0.0,0.0,,
0.000699999,7.66232e-08,759.625,173.712,1e-20,0.0,0.0,12.6833,0.0,0.0,0.0,0.0,946.02,1.00005,-0.289736,-0.0735955,-32.3398,0.0,0.0,0.0,0.0,0.0,,
0.000709956,7.38343e-08,750.954,182.348,1e-20,0.0,0.0,12.7193,0.0,0.0,0.0,0.0,946.021,1.00006,-0.32612,-0.0737104,-32.3305,0.0,0.0,0.0,0.0,0.0,,
0.000719994,7.23414e-08,743.732,189.516,1e-20,0.0,0.0,12.7687,0.0,0.0,0.0,0.0,946.017,1.00005,-0.362397,-0.0677276,-32.3201,0.0,0.0,0.0,0.0,0.0,,
0.000729929,7.30639e-08,737.159,196.056,1e-20,0.0,0.0,12.8052,0.0,0.0,0.0,0.0,946.02,1.00005,-0.394913,-0.0588527,-32.3089,0.0,0.0,0.0,0.0,0.0,,
0.000739937,7.1465e-08,730.554,202.627,1e-20,0.0,0.0,12.8379,0.0,0.0,0.0,0.0,946.02,1.00005,-0.428447,-0.0425833,-32.2965,0.0,0.0,0.0,0.0,0.0,,
0.000749985,6.92135e-08,727.102,206.028,1e-20,0.0,0.0,12.8863,0.0,0.0,0.0,0.0,946.016,1.00005,-0.457379,-0.0119611,-32.2829,0.0,0.0,0.0,0.0,0.0,,
0.000759995,6.83607e-08,722.914,210.178,1e-20,0.0,0.0,12.9251,0.0,0.0,0.0,0.0,946.017,1.00005,-0.483653,0.0267193,-32.2683,0.0,0.0,0.0,0.0,0.0,,
0.000769963,6.58601e-08,718.339,214.687,1e-20,0.0,0.0,12.992,0.0,0.0,0.0,0.0,946.018,1.00005,-0.504381,0.070323,-32.2526,0.0,0.0,0.0,0.0,0.0,,
0.000779977,6.34517e-08,711.186,221.788,1e-20,0.0,0.0,13.0444,0.0,0.0,0.0,0.0,946.018,1.00005,-0.521715,0.115779,-32.2358,0.0,0.0,0.0,0.0,0.0,,
0.000789986,6.22853e-08,704.764,228.15,1e-20,0.0,0.0,13.1009,0.0,0.0,0.0,0.0,946.016,1.00005,-0.534779,0.157094,-32.2177,0.0,0.0,0.0,0.0,0.0,,
0.000799948,5.98533e-08,699.126,233.676,1e-20,0.0,0.0,13.2124,0.0,0.0,0.0,0.0,946.015,1.00005,-0.544801,0.194284,-32.1986,0.0,0.0,0.0,0.0,0.0,,
0.000809943,5.75103e-08,693.131,239.563,1e-20,0.0,0.0,13.3184,0.0,0.0,0.0,0.0,946.013,1.00005,-0.551834,0.220331,-32.1784,0.0,0.0,0.0,0.0,0.0,,
0.000819947,5.55014e-08,687.715,244.869,1e-20,0.0,0.0,13.4321,0.0,0.0,0.0,0.0,946.015,1.00005,-0.557526,0.237239,-32.1576,0.0,0.0,0.0,0.0,0.0,,
0.00082995,5.44811e-08,680.982,251.481,1e-20,0.0,0.0,13.5518,0.0,0.0,0.0,0.0,946.015,1.00005,-0.561272,0.242351,-32.1361,0.0,0.0,0.0,3072.0,0.0,,
0.00084,5.48505e-08,674.84,257.544,1e-20,0.0,0.0,13.6295,0.0,0.0,0.0,0.0,946.013,1.00005,-0.562539,0.232343,-32.114,0.0,0.0,0.0,0.0,0.0,,
0.000849957,5.50228e-08,671.888,260.432,1e-20,0.0,0.0,13.6906,0.0,0.0,0.0,0.0,946.01,1.00004,-0.563058,0.217858,-32.0915,0.0,0.0,0.0,0.0,0.0,,
0.000859965,5.23782e-08,669.669,262.584,1e-20,0.0,0.0,13.7564,0.0,0.0,0.0,0.0,946.009,1.00004,-0.561476,0.194925,-32.0683,0.0,0.0,0.0,0.0,0.0,,
0.000869962,5.45756e-08,668.472,263.714,1e-20,0.0,0.0,13.8259,0.0,0.0,0.0,0.0,946.012,1.00005,-0.55805,0.170574,-32.0447,0.0,0.0,0.0,0.0,0.0,,
0.000879964,5.44974e-08,667.158,264.936,1e-20,0.0,0.0,13.9158,0.0,0.0,0.0,0.0,946.01,1.00004,-0.552165,0.137777,-32.0205,0.0,0.0,0.0,0.0,0.0,,
0.000889949,5.65823e-08,666.363,265.647,1e-20,0.0,0.0,13.9997,0.0,0.0,0.0,0.0,946.01,1.00004,-0.544784,0.0970399,-31.9958,0.0,0.0,0.0,0.0,0.0,,
0.000899944,5.71345e-08,667.982,263.993,1e-20,0.0,0.0,14.0311,0.0,0.0,0.0,0.0,946.005,1.00004,-0.535261,0.0572735,-31.9703,0.0,0.0,0.0,0.0,0.0,,
0.00090999,5.88129e-08,667.727,264.203,1e-20,0.0,0.0,14.0772,0.0,0.0,0.0,0.0,946.007,1.00004,-0.524836,0.0199872,-31.9444,0.0,0.0,0.0,0.0,0.0,,
0.000919957,6.1978e-08,670.812,261.094,1e-20,0.0,0.0,14.099,0.0,0.0,0.0,0.0,946.005,1.00004,-0.514221,-0.0132578,-31.9179,0.0,0.0,0.0,0.0,0.0,,
0.000929974,6.35423e-08,675.291,256.561,1e-20,0.0,0.0,14.1538,0.0,0.0,0.0,0.0,946.006,1.00004,-0.501345,-0.0443719,-31.8909,0.0,0.0,0.0,0.0,0.0,,
0.000939959,6.3694e-08,680.922,250.846,1e-20,0.0,0.0,14.2368,0.0,0.0,0.0,0.0,946.005,1.00004,-0.487556,-0.0765834,-31.8633,0.0,0.0,0.0,0.0,0.0,,
0.000949939,6.75965e-08,689.643,242.053,1e-20,0.0,0.0,14.309,0.0,0.0,0.0,0.0,946.005,1.00004,-0.472441,-0.109459,-31.8352,0.0,0.0,0.0,0.0,0.0,,
0.000959963,6.81697e-08,695.677,235.975,1e-20,0.0,0.0,14.3545,0.0,0.0,0.0,0.0,946.007,1.00004,-0.455759,-0.141851,-31.8064,0.0,0.0,0.0,0.0,0.0,,
0.000969981,6.92511e-08,701.884,229.725,1e-20,0.0,0.0,14.4025,0.0,0.0,0.0,0.0,946.012,1.00005,-0.439694,-0.159696,-31.7773,0.0,0.0,0.0,0.0,0.0,,
0.000979942,6.99968e-08,705.168,226.425,1e-20,0.0,0.0,14.4119,0.0,0.0,0.0,0.0,946.004,1.00004,-0.422026,-0.164767,-31.748,0.0,0.0,0.0,0.0,0.0,,
0.000989937,6.86296e-08,709.343,222.246,1e-20,0.0,0.0,14.4158,0.0,0.0,0.0,0.0,946.005,1.00004,-0.408426,-0.162766,-31.7185,0.0,0.0,0.0,0.0,0.0,,
0.000999967,7.35497e-08,713.388,218.207,1e-20,0.0,0.0,14.4147,0.0,0.0,0.0,0.0,946.009,1.00004,-0.397654,-0.152539,-31.6888,0.0,0.0,0.0,0.0,0.0,,
0.00100996,7.03905e-08,717.067,214.533,1e-20,0.0,0.0,14.4091,0.0,0.0,0.0,0.0,946.009,1.00004,-0.389711,-0.127165,-31.6589,0.0,0.0,0.0,0.0,0.0,,
0.00101993,7.59342e-08,722.729,208.87,1e-20,0.0,0.0,14.414,0.0,0.0,0.0,0.0,946.012,1.00005,-0.380745,-0.0873953,-31.629,0.0,0.0,0.0,0.0,0.0,,
0.00102999,7.79213e-08,727.664,203.919,1e-20,0.0,0.0,14.4302,0.0,0.0,0.0,0.0,946.013,1.00005,-0.372462,-0.0348836,-31.5986,0.0,0.0,0.0,0.0,0.0,,
0.00103997,8.01501e-08,732.006,199.457,1e-20,0.0,0.0,14.5519,0.0,0.0,0.0,0.0,946.015,1.00005,-0.365497,0.0207395,-31.5682,0.0,0.0,0.0,0.0,0.0,,
0.00105,8.33657e-08,735.947,195.4,1e-20,0.0,0.0,14.6629,0.0,0.0,0.0,0.0,946.011,1.00004,-0.361035,0.0782562,-31.5374,0.0,0.0,0.0,0.0,0.0,,
0.00105998,8.43342e-08,740.368,190.929,1e-20,0.0,0.0,14.7089,0.0,0.0,0.0,0.0,946.006,1.00004,-0.354808,0.138892,-31.5065,0.0,0.0,0.0,0.0,0.0,,
0.00106994,8.3962e-08,744.825,186.498,1e-20,0.0,0.0,14.6822,0.0,0.0,0.0,0.0,946.006,1.00004,-0.350225,0.209462,-31.4755,0.0,0.0,0.0,0.0,0.0,,
0.00107992,8.43513e-08,748.076,183.265,1e-20,0.0,0.0,14.6644,0.0,0.0,0.0,0.0,946.005,1.00004,-0.343806,0.281076,-31.4444,0.0,0.0,0.0,0.0,0.0,,
0.00108992,8.45439e-08,750.894,180.445,1e-20,0.0,0.0,14.6697,0.0,0.0,0.0,0.0,946.008,1.00004,-0.335666,0.350907,-31.4131,0.0,0.0,0.0,0.0,0.0,,
0.00109998,8.45347e-08,751.967,179.367,1e-20,0.0,0.0,14.6773,0.0,0.0,0.0,0.0,946.012,1.00005,-0.324309,0.403614,-31.3815,0.0,0.0,0.0,0.0,0.0,,
0.00110999,8.52647e-08,748.976,182.322,1e-20,0.0,0.0,14.7082,0.0,0.0,0.0,0.0,946.007,1.00004,-0.309392,0.434703,-31.3496,0.0,0.0,0.0,0.0,0.0,,
0.00111997,7.92881e-08,741.999,189.26,1e-20,0.0,0.0,14.7529,0.0,0.0,0.0,0.0,946.012,1.00005,-0.289496,0.441434,-31.3178,0.0,0.0,0.0,0.0,0.0,,
0.00112995,7.6729e-08,733.053,198.15,1e-20,0.0,0.0,14.8067,0.0,0.0,0.0,0.0,946.01,1.00004,-0.26925,0.431176,-31.2858,0.0,0.0,0.0,0.0,0.0,,
0.00113993,7.47161e-08,724.244,206.908,1e-20,0.0,0.0,14.8612,0.0,0.0,0.0,0.0,946.013,1.00005,-0.245565,0.409449,-31.2537,0.0,0.0,0.0,0.0,0.0,,
0.00114993,7.32103e-08,717.649,213.456,1e-20,0.0,0.0,14.9057,0.0,0.0,0.0,0.0,946.011,1.00005,-0.223795,0.377832,-31.2213,0.0,0.0,0.0,0.0,0.0,,
0.00115998,7.15251e-08,711.229,219.796,1e-20,0.0,0.0,14.9879,0.0,0.0,0.0,0.0,946.013,1.00005,-0.199022,0.33356,-31.1886,0.0,0.0,0.0,0.0,0.0,,
0.00116995,7.02446e-08,706.705,224.254,1e-20,0.0,0.0,15.0591,0.0,0.0,0.0,0.0,946.017,1.00005,-0.171471,0.27608,-31.1561,0.0,0.0,0.0,0.0,0.0,,
0.00117999,7.0077e-08,702.35,228.542,1e-20,0.0,0.0,15.1203,0.0,0.0,0.0,0.0,946.012,1.00005,-0.142342,0.215425,-31.123,0.0,0.0,0.0,0.0,0.0,,
0.00118996,7.00489e-08,699.01,231.824,1e-20,0.0,0.0,15.1767,0.0,0.0,0.0,0.0,946.011,1.00005,-0.11484,0.152383,-31.09,0.0,0.0,0.0,0.0,0.0,,
0.00119994,7.02634e-08,695.57,235.225,1e-20,0.0,0.0,15.2144,0.0,0.0,0.0,0.0,946.01,1.00004,-0.0867201,0.0893846,-31.0568,0.0,0.0,0.0,0.0,0.0,,
0.00120996,7.4895e-08,689.39,241.397,1e-20,0.0,0.0,15.2225,0.0,0.0,0.0,0.0,946.01,1.00004,-0.0544667,0.0309185,-31.0233,0.0,0.0,0.0,0.0,0.0,,
0.00121996,7.10447e-08,682.905,247.88,1e-20,0.0,0.0,15.2319,0.0,0.0,0.0,0.0,946.018,1.00005,-0.0189547,-0.0183649,-30.9899,0.0,0.0,0.0,0.0,0.0,,
0.00122993,7.59198e-08,676.566,254.204,1e-20,0.0,0.0,15.2485,0.0,0.0,0.0,0.0,946.018,1.00005,0.0212018,-0.0525877,-30.9563,0.0,0.0,0.0,0.0,0.0,,
0.00124,7.35789e-08,669.873,260.864,1e-20,0.0,0.0,15.2792,0.0,0.0,0.0,0.0,946.017,1.00005,0.0613797,-0.074554,-30.9221,0.0,0.0,0.0,0.0,0.0,,
0.00124994,6.89494e-08,662.685,268.013,1e-20,0.0,0.0,15.3195,0.0,0.0,0.0,0.0,946.018,1.00005,0.10376,-0.0881835,-30.8883,0.0,0.0,0.0,0.0,0.0,,
0.00125999,6.65891e-08,656.252,274.402,1e-20,0.0,0.0,15.3607,0.0,0.0,0.0,0.0,946.015,1.00005,0.147635,-0.0918219,-30.8537,0.0,0.0,0.0,0.0,0.0,,
0.00126996,6.39321e-08,650.333,280.249,1e-20,0.0,0.0,15.4299,0.0,0.0,0.0,0.0,946.012,1.00005,0.192401,-0.0946314,-30.8194,0.0,0.0,0.0,0.0,0.0,,
0.00127994,6.60408e-08,645.067,285.467,1e-20,0.0,0.0,15.4763,0.0,0.0,0.0,0.0,946.011,1.00004,0.237529,-0.105056,-30.7848,0.0,0.0,0.0,0.0,0.0,,
0.00128995,6.08788e-08,640.982,289.5,1e-20,0.0,0.0,15.5271,0.0,0.0,0.0,0.0,946.01,1.00004,0.283318,-0.124116,-30.75,0.0,0.0,0.0,0.0,0.0,,
0.00129999,6.03426e-08,637.351,293.102,1e-20,0.0,0.0,15.5591,0.0,0.0,0.0,0.0,946.011,1.00005,0.328335,-0.144672,-30.715,0.0,0.0,0.0,0.0,0.0,,
0.00130994,6.04768e-08,634.739,295.673,1e-20,0.0,0.0,15.5971,0.0,0.0,0.0,0.0,946.01,1.00004,0.370922,-0.164347,-30.68,0.0,0.0,0.0,0.0,0.0,,
0.00131994,6.48836e-08,631.582,298.782,1e-20,0.0,0.0,15.6436,0.0,0.0,0.0,0.0,946.007,1.00004,0.411348,-0.192045,-30.6446,0.0,0.0,0.0,0.0,0.0,,
0.00133,6.17497e-08,628.78,301.559,1e-20,0.0,0.0,15.6659,0.0,0.0,0.0,0.0,946.005,1.00004,0.451624,-0.228955,-30.6088,0.0,0.0,0.0,0.0,0.0,,
0.00133999,6.57558e-08,624.488,305.819,1e-20,0.0,0.0,15.6962,0.0,0.0,0.0,0.0,946.003,1.00004,0.487332,-0.267597,-30.5731,0.0,0.0,0.0,0.0,0.0,,
0.00134997,6.18493e-08,618.236,312.047,1e-20,0.0,0.0,15.72,0.0,0.0,0.0,0.0,946.003,1.00004,0.519519,-0.297192,-30.5373,0.0,0.0,0.0,0.0,0.0,,
0.00135995,6.6347e-08,612.141,318.097,1e-20,0.0,0.0,15.7663,0.0,0.0,0.0,0.0,946.004,1.00004,0.550306,-0.321301,-30.5014,0.0,0.0,0.0,0.0,0.0,,
0.00136998,6.64815e-08,605.432,324.757,1e-20,0.0,0.0,15.8154,0.0,0.0,0.0,0.0,946.004,1.00004,0.580598,-0.343957,-30.4651,0.0,0.0,0.0,0.0,0.0,,
0.00137999,6.18277e-08,599.829,330.281,1e-20,0.0,0.0,15.8944,0.0,0.0,0.0,0.0,946.004,1.00004,0.607983,-0.358797,-30.4287,0.0,0.0,0.0,0.0,0.0,,
0.00138995,6.18971e-08,596.263,333.73,1e-20,0.0,0.0,16.0098,0.0,0.0,0.0,0.0,946.003,1.00004,0.631344,-0.366379,-30.3921,0.0,0.0,0.0,0.0,0.0,,
0.00139997,6.14438e-08,595.365,334.466,1e-20,0.0,0.0,16.1732,0.0,0.0,0.0,0.0,946.004,1.00004,0.652577,-0.365633,-30.3553,0.0,0.0,0.0,0.0,0.0,,
0.00140998,6.18989e-08,597.096,332.524,1e-20,0.0,0.0,16.382,0.0,0.0,0.0,0.0,946.002,1.00004,0.669813,-0.350613,-30.3183,0.0,0.0,0.0,0.0,0.0,,
0.00141994,6.2015e-08,600.958,328.583,1e-20,0.0,0.0,16.4611,0.0,0.0,0.0,0.0,946.002,1.00004,0.681512,-0.314754,-30.2812,0.0,0.0,0.0,0.0,0.0,,
0.00142999,6.63495e-08,606.136,323.366,1e-20,0.0,0.0,16.5006,0.0,0.0,0.0,0.0,946.003,1.00004,0.689678,-0.261145,-30.2438,0.0,0.0,0.0,0.0,0.0,,
0.00144,6.21515e-08,611.01,318.389,1e-20,0.0,0.0,16.6062,0.0,0.0,0.0,0.0,946.005,1.00004,0.694652,-0.189688,-30.2062,0.0,0.0,0.0,3072.0,0.0,,
0.00144994,6.22103e-08,616.43,312.854,1e-20,0.0,0.0,16.7234,0.0,0.0,0.0,0.0,946.007,1.00004,0.699642,-0.109437,-30.1686,0.0,0.0,0.0,0.0,0.0,,
0.00145999,6.24509e-08,623.458,305.707,1e-20,0.0,0.0,16.8412,0.0,0.0,0.0,0.0,946.006,1.00004,0.701719,-0.0140278,-30.1302,0.0,0.0,0.0,0.0,0.0,,
0.00146997,6.73613e-08,630.305,298.769,1e-20,0.0,0.0,16.9266,0.0,0.0,0.0,0.0,946.001,1.00003,0.699989,0.0852265,-30.0916,0.0,0.0,0.0,0.0,0.0,,
0.00147995,6.63343e-08,634.872,294.143,1e-20,0.0,0.0,16.9834,0.0,0.0,0.0,0.0,945.999,1.00003,0.694884,0.175487,-30.0527,0.0,0.0,0.0,0.0,0.0,,
0.00149,6.79977e-08,638.113,290.9,1e-20,0.0,0.0,16.989,0.0,0.0,0.0,0.0,946.002,1.00004,0.686768,0.261579,-30.0132,0.0,0.0,0.0,0.0,0.0,,
0.00149996,6.43205e-08,641.198,287.787,1e-20,0.0,0.0,17.0134,0.0,0.0,0.0,0.0,945.998,1.00003,0.67629,0.344306,-29.9736,0.0,0.0,0.0,0.0,0.0,,
0.00150997,6.97852e-08,646.076,282.884,1e-20,0.0,0.0,17.0385,0.0,0.0,0.0,0.0,945.998,1.00003,0.665073,0.422542,-29.9335,0.0,0.0,0.0,0.0,0.0,,
0.00151998,7.14962e-08,652.091,276.851,1e-20,0.0,0.0,17.0566,0.0,0.0,0.0,0.0,945.998,1.00003,0.652363,0.491333,-29.893,0.0,0.0,0.0,0.0,0.0,,
0.00152994,7.43154e-08,659.456,269.441,1e-20,0.0,0.0,17.1007,0.0,0.0,0.0,0.0,945.997,1.00003,0.636202,0.547299,-29.8523,0.0,0.0,0.0,0.0,0.0,,
0.00153998,7.6105e-08,665.84,263.004,1e-20,0.0,0.0,17.1524,0.0,0.0,0.0,0.0,945.996,1.00003,0.616032,0.597191,-29.8109,0.0,0.0,0.0,0.0,0.0,,
0.00154997,7.95782e-08,668.796,260.001,1e-20,0.0,0.0,17.1981,0.0,0.0,0.0,0.0,945.996,1.00003,0.594665,0.640852,-29.7693,0.0,0.0,0.0,0.0,0.0,,
0.00155996,8.10106e-08,672.563,256.165,1e-20,0.0,0.0,17.2658,0.0,0.0,0.0,0.0,945.993,1.00003,0.571578,0.67647,-29.7273,0.0,0.0,0.0,0.0,0.0,,
0.00156995,8.06746e-08,674.663,254.016,1e-20,0.0,0.0,17.3172,0.0,0.0,0.0,0.0,945.997,1.00003,0.544058,0.705258,-29.685,0.0,0.0,0.0,0.0,0.0,,
0.00157999,8.29245e-08,674.784,253.828,1e-20,0.0,0.0,17.3915,0.0,0.0,0.0,0.0,946.004,1.00004,0.511251,0.726913,-29.6422,0.0,0.0,0.0,0.0,0.0,,
0.00158993,8.41553e-08,673.29,255.211,1e-20,0.0,0.0,17.5043,0.0,0.0,0.0,0.0,946.005,1.00004,0.475315,0.737962,-29.5993,0.0,0.0,0.0,0.0,0.0,,
0.00159993,7.96247e-08,669.621,258.791,1e-20,0.0,0.0,17.5904,0.0,0.0,0.0,0.0,946.002,1.00004,0.440476,0.737417,-29.5558,0.0,0.0,0.0,0.0,0.0,,
0.00160992,7.99787e-08,665.868,262.508,1e-20,0.0,0.0,17.6253,0.0,0.0,0.0,0.0,946.001,1.00003,0.404243,0.729798,-29.5119,0.0,0.0,0.0,0.0,0.0,,
0.00161995,7.89352e-08,661.756,266.604,1e-20,0.0,0.0,17.6421,0.0,0.0,0.0,0.0,946.002,1.00004,0.368089,0.724286,-29.4675,0.0,0.0,0.0,0.0,0.0,,
0.00162999,7.89636e-08,657.312,271.011,1e-20,0.0,0.0,17.6792,0.0,0.0,0.0,0.0,946.001,1.00004,0.32916,0.715822,-29.4227,0.0,0.0,0.0,0.0,0.0,,
0.00164,7.86249e-08,654.36,273.941,1e-20,0.0,0.0,17.7068,0.0,0.0,0.0,0.0,946.008,1.00004,0.289951,0.695957,-29.3777,0.0,0.0,0.0,0.0,0.0,,
0.00164993,7.93225e-08,650.299,277.956,1e-20,0.0,0.0,17.7501,0.0,0.0,0.0,0.0,946.006,1.00004,0.25081,0.668079,-29.3326,0.0,0.0,0.0,0.0,0.0,,
0.00165993,7.61294e-08,647.217,280.996,1e-20,0.0,0.0,17.7967,0.0,0.0,0.0,0.0,946.01,1.00004,0.213044,0.631312,-29.2869,0.0,0.0,0.0,0.0,0.0,,
0.00166993,7.55715e-08,644.621,283.559,1e-20,0.0,0.0,17.8314,0.0,0.0,0.0,0.0,946.012,1.00005,0.177006,0.595037,-29.2408,0.0,0.0,0.0,0.0,0.0,,
0.00167994,7.59205e-08,640.434,287.727,1e-20,0.0,0.0,17.8458,0.0,0.0,0.0,0.0,946.007,1.00004,0.142157,0.560106,-29.1941,0.0,0.0,0.0,0.0,0.0,,
0.00168998,7.47583e-08,634.998,293.147,1e-20,0.0,0.0,17.8608,0.0,0.0,0.0,0.0,946.006,1.00004,0.108613,0.536081,-29.1471,0.0,0.0,0.0,0.0,0.0,,
0.00169994,7.44567e-08,629.665,298.466,1e-20,0.0,0.0,17.8743,0.0,0.0,0.0,0.0,946.005,1.00004,0.0750001,0.521094,-29.1,0.0,0.0,0.0,0.0,0.0,,
0.00170997,7.45471e-08,621.784,306.334,1e-20,0.0,0.0,17.8857,0.0,0.0,0.0,0.0,946.004,1.00004,0.0433791,0.512347,-29.0522,0.0,0.0,0.0,0.0,0.0,,
0.00171997,7.48069e-08,613.611,314.496,1e-20,0.0,0.0,17.8984,0.0,0.0,0.0,0.0,946.006,1.00004,0.011619,0.509339,-29.0043,0.0,0.0,0.0,0.0,0.0,,
0.00172999,7.4603e-08,605.608,322.492,1e-20,0.0,0.0,17.9092,0.0,0.0,0.0,0.0,946.009,1.00004,-0.0225595,0.51735,-28.956,0.0,0.0,0.0,3072.0,0.0,,
0.00173998,7.4208e-08,598.194,329.884,1e-20,0.0,0.0,17.9279,0.0,0.0,0.0,0.0,946.006,1.00004,-0.060888,0.534621,-28.9074,0.0,0.0,0.0,0.0,0.0,,
0.00174998,7.35833e-08,589.897,338.161,1e-20,0.0,0.0,17.9483,0.0,0.0,0.0,0.0,946.006,1.00004,-0.100537,0.545262,-28.8584,0.0,0.0,0.0,0.0,0.0,,
0.00175995,7.30719e-08,582.731,345.295,1e-20,0.0,0.0,17.982,0.0,0.0,0.0,0.0,946.008,1.00004,-0.140501,0.539649,-28.8093,0.0,0.0,0.0,3072.0,0.0,,
0.00176998,7.19086e-08,576.501,351.486,1e-20,0.0,0.0,18.0131,0.0,0.0,0.0,0.0,946.0,1.00003,-0.176811,0.518638,-28.7594,0.0,0.0,0.0,0.0,0.0,,
0.00177997,6.96476e-08,571.955,355.996,1e-20,0.0,0.0,18.0507,0.0,0.0,0.0,0.0,946.001,1.00003,-0.21085,0.486548,-28.7096,0.0,0.0,0.0,0.0,0.0,,
0.00178999,6.77279e-08,568.872,359.033,1e-20,0.0,0.0,18.0958,0.0,0.0,0.0,0.0,946.001,1.00003,-0.240495,0.436968,-28.6593,0.0,0.0,0.0,0.0,0.0,,
0.00179999,6.71202e-08,563.883,363.968,1e-20,0.0,0.0,18.1489,0.0,0.0,0.0,0.0,946.0,1.00003,-0.268755,0.37043,-28.6088,0.0,0.0,0.0,0.0,0.0,,
0.00180997,6.52485e-08,559.07,368.744,1e-20,0.0,0.0,18.185,0.0,0.0,0.0,0.0,946.0,1.00003,-0.295824,0.284104,-28.5581,0.0,0.0,0.0,0.0,0.0,,
0.00181999,6.27233e-08,552.492,375.265,1e-20,0.0,0.0,18.2444,0.0,0.0,0.0,0.0,946.002,1.00004,-0.318944,0.180533,-28.5069,0.0,0.0,0.0,0.0,0.0,,
0.00182994,6.08685e-08,545.341,382.33,1e-20,0.0,0.0,18.3293,0.0,0.0,0.0,0.0,946.0,1.00003,-0.34019,0.0638275,-28.4558,0.0,0.0,0.0,0.0,0.0,,
0.00183994,6.41723e-08,540.055,387.583,1e-20,0.0,0.0,18.3619,0.0,0.0,0.0,0.0,946.001,1.00003,-0.361173,-0.0607347,-28.4041,0.0,0.0,0.0,0.0,0.0,,
0.00184997,6.0554e-08,533.924,393.676,1e-20,0.0,0.0,18.4029,0.0,0.0,0.0,0.0,946.003,1.00004,-0.378797,-0.199391,-28.3521,0.0,0.0,0.0,0.0,0.0,,
0.00185998,5.81625e-08,530.174,397.359,1e-20,0.0,0.0,18.4685,0.0,0.0,0.0,0.0,946.002,1.00004,-0.399043,-0.352164,-28.2998,0.0,0.0,0.0,0.0,0.0,,
0.00186997,5.77083e-08,528.055,399.414,1e-20,0.0,0.0,18.5347,0.0,0.0,0.0,0.0,946.004,1.00004,-0.42042,-0.513821,-28.2476,0.0,0.0,0.0,0.0,0.0,,
0.00187996,6.1364e-08,527.565,399.882,1e-20,0.0,0.0,18.5565,0.0,0.0,0.0,0.0,946.004,1.00004,-0.441172,-0.674225,-28.1949,0.0,0.0,0.0,0.0,0.0,,
0.00188997,6.1598e-08,529.812,397.611,1e-20,0.0,0.0,18.5807,0.0,0.0,0.0,0.0,946.004,1.00004,-0.463884,-0.822089,-28.142,0.0,0.0,0.0,0.0,0.0,,
0.00189999,5.85304e-08,532.124,395.287,1e-20,0.0,0.0,18.5927,0.0,0.0,0.0,0.0,946.004,1.00004,-0.484728,-0.951362,-28.0887,0.0,0.0,0.0,0.0,0.0,,
0.00190997,6.28865e-08,534.186,393.176,1e-20,0.0,0.0,18.6408,0.0,0.0,0.0,0.0,946.003,1.00004,-0.506897,-1.06188,-28.0353,0.0,0.0,0.0,0.0,0.0,,
0.00191995,6.34377e-08,534.395,392.898,1e-20,0.0,0.0,18.7108,0.0,0.0,0.0,0.0,946.004,1.00004,-0.52677,-1.15582,-27.9816,0.0,0.0,0.0,0.0,0.0,,
0.00192996,6.44418e-08,533.975,393.199,1e-20,0.0,0.0,18.8302,0.0,0.0,0.0,0.0,946.005,1.00004,-0.545575,-1.23418,-27.9273,0.0,0.0,0.0,0.0,0.0,,
0.00193997,6.23811e-08,537.249,389.858,1e-20,0.0,0.0,18.8948,0.0,0.0,0.0,0.0,946.001,1.00004,-0.562205,-1.29205,-27.8726,0.0,0.0,0.0,0.0,0.0,,
0.00194993,6.74566e-08,540.902,386.124,1e-20,0.0,0.0,18.9753,0.0,0.0,0.0,0.0,946.001,1.00003,-0.576123,-1.33235,-27.8179,0.0,0.0,0.0,0.0,0.0,,
0.00195997,6.8347e-08,543.78,383.173,1e-20,0.0,0.0,19.048,0.0,0.0,0.0,0.0,946.0,1.00003,-0.585689,-1.36279,-27.7624,0.0,0.0,0.0,0.0,0.0,,
0.00196998,7.10934e-08,547.163,379.734,1e-20,0.0,0.0,19.1055,0.0,0.0,0.0,0.0,946.003,1.00004,-0.593811,-1.38377,-27.7069,0.0,0.0,0.0,0.0,0.0,,
0.00197997,6.85733e-08,551.735,375.143,1e-20,0.0,0.0,19.1202,0.0,0.0,0.0,0.0,945.998,1.00003,-0.599799,-1.38876,-27.6509,0.0,0.0,0.0,0.0,0.0,,
0.00198997,7.00524e-08,557.73,369.121,1e-20,0.0,0.0,19.1464,0.0,0.0,0.0,0.0,945.997,1.00003,-0.607689,-1.3659,-27.5947,0.0,0.0,0.0,0.0,0.0,,
0.00199995,6.99647e-08,565.798,361.024,1e-20,0.0,0.0,19.1721,0.0,0.0,0.0,0.0,945.994,1.00003,-0.61456,-1.32462,-27.5383,0.0,0.0,0.0,0.0,0.0,,
0.00200999,7.15199e-08,574.074,352.737,1e-20,0.0,0.0,19.1832,0.0,0.0,0.0,0.0,945.994,1.00003,-0.617907,-1.27251,-27.4814,0.0,0.0,0.0,0.0,0.0,,
0.00201996,7.41105e-08,582.559,344.197,1e-20,0.0,0.0,19.2406,0.0,0.0,0.0,0.0,945.997,1.00003,-0.621136,-1.21734,-27.4246,0.0,0.0,0.0,0.0,0.0,,
0.00202994,7.24766e-08,591.145,335.587,1e-20,0.0,0.0,19.2628,0.0,0.0,0.0,0.0,945.994,1.00003,-0.624561,-1.15804,-27.3675,0.0,0.0,0.0,0.0,0.0,,
0.00203999,7.48415e-08,598.368,328.364,1e-20,0.0,0.0,19.2616,0.0,0.0,0.0,0.0,945.994,1.00003,-0.627831,-1.09039,-27.3097,0.0,0.0,0.0,0.0,0.0,,
0.00204997,7.53776e-08,602.225,324.497,1e-20,0.0,0.0,19.2733,0.0,0.0,0.0,0.0,945.996,1.00003,-0.630661,-1.01872,-27.2523,0.0,0.0,0.0,0.0,0.0,,
0.00205993,8.01987e-08,603.441,323.227,1e-20,0.0,0.0,19.3261,0.0,0.0,0.0,0.0,945.994,1.00003,-0.630416,-0.943567,-27.1947,0.0,0.0,0.0,0.0,0.0,,
0.00206997,8.161e-08,601.754,324.773,1e-20,0.0,0.0,19.4721,0.0,0.0,0.0,0.0,945.999,1.00003,-0.630834,-0.863688,-27.1365,0.0,0.0,0.0,0.0,0.0,,
0.00208,8.13136e-08,599.301,327.15,1e-20,0.0,0.0,19.5447,0.0,0.0,0.0,0.0,945.996,1.00003,-0.631309,-0.77872,-27.0781,0.0,0.0,0.0,0.0,0.0,,
0.00209,8.39806e-08,596.399,330.018,1e-20,0.0,0.0,19.579,0.0,0.0,0.0,0.0,945.996,1.00003,-0.629435,-0.696457,-27.0198,0.0,0.0,0.0,0.0,0.0,,
0.00209994,8.38736e-08,593.574,332.73,1e-20,0.0,0.0,19.6986,0.0,0.0,0.0,0.0,946.003,1.00004,-0.627368,-0.608224,-26.9618,0.0,0.0,0.0,0.0,0.0,,
0.00210993,8.46053e-08,592.218,333.951,1e-20,0.0,0.0,19.8383,0.0,0.0,0.0,0.0,946.007,1.00004,-0.624267,-0.505362,-26.9034,0.0,0.0,0.0,0.0,0.0,,
0.00211992,8.83391e-08,592.099,333.999,1e-20,0.0,0.0,19.9038,0.0,0.0,0.0,0.0,946.002,1.00004,-0.620779,-0.400622,-26.8446,0.0,0.0,0.0,0.0,0.0,,
0.00212994,8.71862e-08,590.476,335.602,1e-20,0.0,0.0,19.9241,0.0,0.0,0.0,0.0,946.001,1.00004,-0.617473,-0.301045,-26.7857,0.0,0.0,0.0,0.0,0.0,,
0.00214,8.44607e-08,588.615,337.431,1e-20,0.0,0.0,19.9555,0.0,0.0,0.0,0.0,946.002,1.00004,-0.615507,-0.212947,-26.7264,0.0,0.0,0.0,0.0,0.0,,
0.00214992,8.41375e-08,587.076,338.96,1e-20,0.0,0.0,19.9668,0.0,0.0,0.0,0.0,946.003,1.00004,-0.610569,-0.130768,-26.6679,0.0,0.0,0.0,0.0,0.0,,
0.00215994,8.27137e-08,585.206,340.818,1e-20,0.0,0.0,19.9793,0.0,0.0,0.0,0.0,946.004,1.00004,-0.601535,-0.0486792,-26.6087,0.0,0.0,0.0,0.0,0.0,,
0.00217,7.99539e-08,583.083,342.931,1e-20,0.0,0.0,19.9873,0.0,0.0,0.0,0.0,946.001,1.00004,-0.589457,0.0268369,-26.5491,0.0,0.0,0.0,0.0,0.0,,
0.00217994,7.80928e-08,579.709,346.285,1e-20,0.0,0.0,20.0076,0.0,0.0,0.0,0.0,946.001,1.00003,-0.568799,0.092676,-26.4903,0.0,0.0,0.0,0.0,0.0,,
0.00218995,7.67414e-08,575.591,350.371,1e-20,0.0,0.0,20.0416,0.0,0.0,0.0,0.0,946.003,1.00004,-0.543252,0.147867,-26.4311,0.0,0.0,0.0,0.0,0.0,,
0.00219995,7.47546e-08,569.975,355.935,1e-20,0.0,0.0,20.0933,0.0,0.0,0.0,0.0,946.003,1.00004,-0.508942,0.189408,-26.3718,0.0,0.0,0.0,0.0,0.0,,
0.00220998,7.24981e-08,560.946,364.898,1e-20,0.0,0.0,20.157,0.0,0.0,0.0,0.0,946.001,1.00003,-0.466461,0.217938,-26.3122,0.0,0.0,0.0,0.0,0.0,,
0.00221997,6.93762e-08,552.027,373.738,1e-20,0.0,0.0,20.2347,0.0,0.0,0.0,0.0,946.0,1.00003,-0.420301,0.239335,-26.2529,0.0,0.0,0.0,0.0,0.0,,
0.00222999,6.6836e-08,543.678,382.023,1e-20,0.0,0.0,20.297,0.0,0.0,0.0,0.0,945.999,1.00003,-0.373559,0.252072,-26.1933,0.0,0.0,0.0,0.0,0.0,,
0.00223996,6.47736e-08,537.884,387.746,1e-20,0.0,0.0,20.3684,0.0,0.0,0.0,0.0,945.998,1.00003,-0.326575,0.253145,-26.1342,0.0,0.0,0.0,0.0,0.0,,
0.00224995,6.30177e-08,533.176,392.413,1e-20,0.0,0.0,20.4105,0.0,0.0,0.0,0.0,945.999,1.00003,-0.277663,0.246903,-26.075,0.0,0.0,0.0,0.0,0.0,,
0.00225997,6.10696e-08,528.288,397.254,1e-20,0.0,0.0,20.4542,0.0,0.0,0.0,0.0,945.997,1.00003,-0.226959,0.23562,-26.0156,0.0,0.0,0.0,0.0,0.0,,
0.00226995,6.47436e-08,523.905,401.59,1e-20,0.0,0.0,20.5034,0.0,0.0,0.0,0.0,945.998,1.00003,-0.174924,0.223871,-25.9564,0.0,0.0,0.0,0.0,0.0,,
0.00227997,6.10937e-08,518.405,407.029,1e-20,0.0,0.0,20.5615,0.0,0.0,0.0,0.0,945.995,1.00003,-0.123193,0.209035,-25.8969,0.0,0.0,0.0,0.0,0.0,,
0.00228998,5.98259e-08,511.758,413.641,1e-20,0.0,0.0,20.596,0.0,0.0,0.0,0.0,945.995,1.00003,-0.0712554,0.189704,-25.8376,0.0,0.0,0.0,0.0,0.0,,
0.0023,6.44096e-08,504.438,420.939,1e-20,0.0,0.0,20.6175,0.0,0.0,0.0,0.0,945.995,1.00003,-0.0184702,0.173919,-25.7782,0.0,0.0,0.0,0.0,0.0,,
0.00231,6.13588e-08,498.108,427.266,1e-20,0.0,0.0,20.6216,0.0,0.0,0.0,0.0,945.996,1.00003,0.035363,0.167378,-25.7191,0.0,0.0,0.0,0.0,0.0,,
0.00231998,6.6792e-08,491.848,433.528,1e-20,0.0,0.0,20.6203,0.0,0.0,0.0,0.0,945.996,1.00003,0.0872033,0.167632,-25.6601,0.0,0.0,0.0,0.0,0.0,,
0.00232995,6.88302e-08,484.388,440.99,1e-20,0.0,0.0,20.6193,0.0,0.0,0.0,0.0,945.998,1.00003,0.137572,0.169577,-25.6012,0.0,0.0,0.0,0.0,0.0,,
0.00233993,6.9824e-08,478.238,447.109,1e-20,0.0,0.0,20.6527,0.0,0.0,0.0,0.0,946.0,1.00003,0.185173,0.175251,-25.5424,0.0,0.0,0.0,0.0,0.0,,
0.00234995,7.08108e-08,472.55,452.749,1e-20,0.0,0.0,20.6983,0.0,0.0,0.0,0.0,945.997,1.00003,0.233625,0.192555,-25.4833,0.0,0.0,0.0,0.0,0.0,,
0.00235996,6.77021e-08,467.598,457.637,1e-20,0.0,0.0,20.7599,0.0,0.0,0.0,0.0,945.995,1.00003,0.280495,0.225309,-25.4243,0.0,0.0,0.0,3072.0,0.0,,
0.00236995,6.88565e-08,462.819,462.323,1e-20,0.0,0.0,20.8535,0.0,0.0,0.0,0.0,945.995,1.00003,0.329509,0.273054,-25.3656,0.0,0.0,0.0,3072.0,0.0,,
0.00237997,7.30064e-08,459.522,465.522,1e-20,0.0,0.0,20.9512,0.0,0.0,0.0,0.0,945.995,1.00003,0.373872,0.319886,-25.3067,0.0,0.0,0.0,0.0,0.0,,
0.00238993,7.27899e-08,459.169,465.812,1e-20,0.0,0.0,21.0146,0.0,0.0,0.0,0.0,945.995,1.00003,0.416079,0.363083,-25.2484,0.0,0.0,0.0,0.0,0.0,,
0.00239996,7.27884e-08,460.086,464.866,1e-20,0.0,0.0,21.0449,0.0,0.0,0.0,0.0,945.996,1.00003,0.459697,0.395211,-25.1898,0.0,0.0,0.0,0.0,0.0,,
0.00240995,7.28455e-08,460.965,463.972,1e-20,0.0,0.0,21.0536,0.0,0.0,0.0,0.0,945.991,1.00002,0.499953,0.416785,-25.1313,0.0,0.0,0.0,0.0,0.0,,
0.00241993,7.5737e-08,460.834,464.081,1e-20,0.0,0.0,21.0743,0.0,0.0,0.0,0.0,945.989,1.00002,0.536814,0.422131,-25.0731,0.0,0.0,0.0,0.0,0.0,,
0.00242996,7.1067e-08,462.131,462.763,1e-20,0.0,0.0,21.0937,0.0,0.0,0.0,0.0,945.988,1.00002,0.57217,0.412106,-25.0148,0.0,0.0,0.0,0.0,0.0,,
0.00243996,7.05554e-08,464.847,460.035,1e-20,0.0,0.0,21.1072,0.0,0.0,0.0,0.0,945.989,1.00002,0.603672,0.385576,-24.9568,0.0,0.0,0.0,0.0,0.0,,
0.00244995,6.91992e-08,467.834,457.012,1e-20,0.0,0.0,21.1416,0.0,0.0,0.0,0.0,945.988,1.00002,0.6365,0.340174,-24.899,0.0,0.0,0.0,0.0,0.0,,
0.00245993,6.79973e-08,472.287,452.535,1e-20,0.0,0.0,21.1653,0.0,0.0,0.0,0.0,945.987,1.00002,0.66735,0.279934,-24.8414,0.0,0.0,0.0,0.0,0.0,,
0.00246996,6.65303e-08,476.18,448.605,1e-20,0.0,0.0,21.205,0.0,0.0,0.0,0.0,945.99,1.00002,0.69421,0.217369,-24.7838,0.0,0.0,0.0,0.0,0.0,,
0.00247995,6.519e-08,481.356,443.407,1e-20,0.0,0.0,21.2283,0.0,0.0,0.0,0.0,945.992,1.00003,0.722123,0.14958,-24.7264,0.0,0.0,0.0,0.0,0.0,,
0.00248995,6.56095e-08,487.077,437.692,1e-20,0.0,0.0,21.2245,0.0,0.0,0.0,0.0,945.993,1.00003,0.748459,0.0664748,-24.6692,0.0,0.0,0.0,0.0,0.0,,
0.00249994,6.54924e-08,495.787,428.977,1e-20,0.0,0.0,21.2287,0.0,0.0,0.0,0.0,945.993,1.00003,0.767245,-0.0293245,-24.6122,0.0,0.0,0.0,0.0,0.0,,
0.00250999,6.56788e-08,504.307,420.413,1e-20,0.0,0.0,21.2719,0.0,0.0,0.0,0.0,945.991,1.00002,0.781313,-0.129252,-24.5549,0.0,0.0,0.0,0.0,0.0,,
0.00251997,6.66224e-08,510.392,413.93,1e-20,0.0,0.0,21.6615,0.0,0.0,0.0,0.0,945.984,1.00002,0.791252,-0.227963,-24.4979,0.0,0.0,0.0,0.0,0.0,,
0.00252998,7.08678e-08,512.867,410.293,1e-20,0.0,0.0,22.8054,0.0,0.0,0.0,0.0,945.966,0.999997,0.797474,-0.329645,-24.4402,0.0,0.0,0.0,0.0,0.0,,
0.00253997,7.37707e-08,514.175,408.323,1e-20,0.0,0.0,23.4711,0.0,0.0,0.0,0.0,945.969,1.0,0.792463,-0.428513,-24.3838,0.0,0.0,0.0,0.0,0.0,,
0.00254995,7.11348e-08,518.148,404.172,1e-20,0.0,0.0,23.6628,0.0,0.0,0.0,0.0,945.983,1.00002,0.783438,-0.520497,-24.3282,0.0,0.0,0.0,0.0,0.0,,
0.00255996,7.94017e-08,519.949,402.145,1e-20,0.0,0.0,23.8884,0.0,0.0,0.0,0.0,945.982,1.00001,0.776031,-0.602173,-24.2722,0.0,0.0,0.0,0.0,0.0,,
0.00256993,8.09111e-08,519.196,402.481,1e-20,0.0,0.0,24.294,0.0,0.0,0.0,0.0,945.972,1.0,0.765542,-0.660301,-24.2161,0.0,0.0,0.0,0.0,0.0,,
0.00257999,8.09399e-08,515.133,406.135,1e-20,0.0,0.0,24.6943,0.0,0.0,0.0,0.0,945.963,0.999995,0.74757,-0.695715,-24.1597,0.0,0.0,0.0,0.0,0.0,,
0.00258996,8.4932e-08,509.847,411.132,1e-20,0.0,0.0,24.9835,0.0,0.0,0.0,0.0,945.963,0.999994,0.727182,-0.713594,-24.1043,0.0,0.0,0.0,0.0,0.0,,
0.00259994,8.19039e-08,503.088,417.757,1e-20,0.0,0.0,25.1188,0.0,0.0,0.0,0.0,945.964,0.999996,0.7107,-0.716096,-24.049,0.0,0.0,0.0,0.0,0.0,,
0.00260999,7.90581e-08,494.02,426.884,1e-20,0.0,0.0,25.0653,0.0,0.0,0.0,0.0,945.969,1.0,0.694,-0.688394,-23.9938,0.0,0.0,0.0,0.0,0.0,,
0.00261994,8.00657e-08,485.497,435.064,1e-20,0.0,0.0,25.3997,0.0,0.0,0.0,0.0,945.96,0.999991,0.677299,-0.643256,-23.9386,0.0,0.0,0.0,0.0,0.0,,
0.00262998,8.01663e-08,478.419,441.681,1e-20,0.0,0.0,25.8536,0.0,0.0,0.0,0.0,945.954,0.999985,0.657189,-0.577959,-23.8833,0.0,0.0,0.0,0.0,0.0,,
0.00263996,8.37513e-08,472.009,447.749,1e-20,0.0,0.0,26.1893,0.0,0.0,0.0,0.0,945.947,0.999978,0.636808,-0.483629,-23.8284,0.0,0.0,0.0,0.0,0.0,,
0.00264997,8.31708e-08,467.216,452.433,1e-20,0.0,0.0,26.2965,0.0,0.0,0.0,0.0,945.946,0.999976,0.606401,-0.377305,-23.7736,0.0,0.0,0.0,0.0,0.0,,
0.00265996,8.52223e-08,467.227,452.259,1e-20,0.0,0.0,26.448,0.0,0.0,0.0,0.0,945.934,0.999964,0.575442,-0.256635,-23.7189,0.0,0.0,0.0,0.0,0.0,,
0.00266993,8.38733e-08,468.245,450.867,1e-20,0.0,0.0,26.8098,0.0,0.0,0.0,0.0,945.922,0.999951,0.54595,-0.127769,-23.6645,0.0,0.0,0.0,0.0,0.0,,
0.00267992,8.46273e-08,470.356,448.213,1e-20,0.0,0.0,27.348,0.0,0.0,0.0,0.0,945.917,0.999946,0.518639,0.00969278,-23.6102,0.0,0.0,0.0,0.0,0.0,,
0.00268992,8.43169e-08,471.931,446.02,1e-20,0.0,0.0,27.9599,0.0,0.0,0.0,0.0,945.911,0.99994,0.500945,0.149659,-23.5561,0.0,0.0,0.0,0.0,0.0,,
0.00269998,8.40396e-08,474.269,443.387,1e-20,0.0,0.0,28.2644,0.0,0.0,0.0,0.0,945.92,0.999949,0.481016,0.285838,-23.5021,0.0,0.0,0.0,0.0,0.0,,
0.00270995,8.64973e-08,477.543,439.791,1e-20,0.0,0.0,28.5965,0.0,0.0,0.0,0.0,945.93,0.99996,0.454113,0.418741,-23.4489,0.0,0.0,0.0,0.0,0.0,,
0.00271999,8.52644e-08,479.79,437.384,1e-20,0.0,0.0,28.7662,0.0,0.0,0.0,0.0,945.94,0.99997,0.424942,0.561435,-23.3952,0.0,0.0,0.0,0.0,0.0,,
0.00272998,8.56629e-08,481.607,435.498,1e-20,0.0,0.0,28.8446,0.0,0.0,0.0,0.0,945.95,0.999981,0.393714,0.706909,-23.3419,0.0,0.0,0.0,0.0,0.0,,
0.00273998,8.46015e-08,481.368,435.546,1e-20,0.0,0.0,29.0348,0.0,0.0,0.0,0.0,945.949,0.99998,0.358248,0.843942,-23.2886,0.0,0.0,0.0,0.0,0.0,,
0.00274993,8.57911e-08,480.578,436.236,1e-20,0.0,0.0,29.1429,0.0,0.0,0.0,0.0,945.957,0.999988,0.319411,0.971656,-23.2356,0.0,0.0,0.0,0.0,0.0,,
0.00275996,8.46444e-08,481.423,435.338,1e-20,0.0,0.0,29.2039,0.0,0.0,0.0,0.0,945.965,0.999997,0.282206,1.09244,-23.1825,0.0,0.0,0.0,0.0,0.0,,
0.00276997,8.46442e-08,480.523,436.265,1e-20,0.0,0.0,29.1908,0.0,0.0,0.0,0.0,945.978,1.00001,0.242289,1.19872,-23.1296,0.0,0.0,0.0,0.0,0.0,,
0.00277998,8.42215e-08,479.03,437.764,1e-20,0.0,0.0,29.1937,0.0,0.0,0.0,0.0,945.988,1.00002,0.202376,1.28616,-23.0769,0.0,0.0,0.0,0.0,0.0,,
0.00278995,8.55455e-08,475.546,441.242,1e-20,0.0,0.0,29.2031,0.0,0.0,0.0,0.0,945.991,1.00002,0.163166,1.35666,-23.0243,0.0,0.0,0.0,0.0,0.0,,
0.00279997,8.65871e-08,472.771,444.024,1e-20,0.0,0.0,29.1982,0.0,0.0,0.0,0.0,945.993,1.00003,0.126908,1.40138,-22.9715,0.0,0.0,0.0,0.0,0.0,,
0.00281,8.53596e-08,469.743,447.025,1e-20,0.0,0.0,29.2223,0.0,0.0,0.0,0.0,945.991,1.00002,0.0939428,1.41574,-22.9187,0.0,0.0,0.0,0.0,0.0,,
0.00281999,8.49006e-08,466.748,449.988,1e-20,0.0,0.0,29.2526,0.0,0.0,0.0,0.0,945.989,1.00002,0.0622796,1.40484,-22.8661,0.0,0.0,0.0,0.0,0.0,,
0.00283,8.37318e-08,463.936,452.764,1e-20,0.0,0.0,29.2874,0.0,0.0,0.0,0.0,945.988,1.00002,0.031191,1.37716,-22.8136,0.0,0.0,0.0,0.0,0.0,,
0.00283997,8.50486e-08,457.158,459.513,1e-20,0.0,0.0,29.3156,0.0,0.0,0.0,0.0,945.986,1.00002,-0.0010738,1.33643,-22.7613,0.0,0.0,0.0,0.0,0.0,,
0.00284999,8.13648e-08,449.534,467.097,1e-20,0.0,0.0,29.3565,0.0,0.0,0.0,0.0,945.988,1.00002,-0.036312,1.27332,-22.709,0.0,0.0,0.0,0.0,0.0,,
0.00285993,8.35794e-08,441.616,474.992,1e-20,0.0,0.0,29.3797,0.0,0.0,0.0,0.0,945.988,1.00002,-0.0715088,1.19161,-22.6572,0.0,0.0,0.0,0.0,0.0,,
0.00286999,8.05499e-08,432.291,484.29,1e-20,0.0,0.0,29.4076,0.0,0.0,0.0,0.0,945.988,1.00002,-0.108874,1.09564,-22.6049,0.0,0.0,0.0,0.0,0.0,,
0.00287993,7.88641e-08,424.972,491.569,1e-20,0.0,0.0,29.4434,0.0,0.0,0.0,0.0,945.985,1.00002,-0.145906,0.995771,-22.5532,0.0,0.0,0.0,0.0,0.0,,
0.00288999,7.75276e-08,416.511,499.985,1e-20,0.0,0.0,29.4878,0.0,0.0,0.0,0.0,945.984,1.00002,-0.18319,0.887965,-22.501,0.0,0.0,0.0,0.0,0.0,,
0.00289993,7.74384e-08,408.989,507.482,1e-20,0.0,0.0,29.5126,0.0,0.0,0.0,0.0,945.983,1.00002,-0.220085,0.779704,-22.4495,0.0,0.0,0.0,0.0,0.0,,
0.00290996,7.81683e-08,402.162,514.269,1e-20,0.0,0.0,29.552,0.0,0.0,0.0,0.0,945.982,1.00001,-0.257599,0.673242,-22.3977,0.0,0.0,0.0,0.0,0.0,,
0.00291998,7.90006e-08,396.325,520.068,1e-20,0.0,0.0,29.5886,0.0,0.0,0.0,0.0,945.981,1.00001,-0.293582,0.572898,-22.3459,0.0,0.0,0.0,0.0,0.0,,
0.00293,7.52859e-08,393.797,522.561,1e-20,0.0,0.0,29.6197,0.0,0.0,0.0,0.0,945.978,1.00001,-0.33185,0.486714,-22.2942,0.0,0.0,0.0,0.0,0.0,,
0.00293994,7.57434e-08,390.794,525.538,1e-20,0.0,0.0,29.6503,0.0,0.0,0.0,0.0,945.982,1.00001,-0.37428,0.415176,-22.2431,0.0,0.0,0.0,0.0,0.0,,
0.00294994,7.53925e-08,388.581,527.716,1e-20,0.0,0.0,29.6829,0.0,0.0,0.0,0.0,945.98,1.00001,-0.41592,0.363128,-22.1916,0.0,0.0,0.0,0.0,0.0,,
0.00295995,7.52552e-08,390.113,526.172,1e-20,0.0,0.0,29.6987,0.0,0.0,0.0,0.0,945.984,1.00002,-0.45739,0.329095,-22.1403,0.0,0.0,0.0,0.0,0.0,,
0.00296998,7.56008e-08,390.193,526.079,1e-20,0.0,0.0,29.7123,0.0,0.0,0.0,0.0,945.985,1.00002,-0.49836,0.305373,-22.0888,0.0,0.0,0.0,0.0,0.0,,
0.00297994,7.69234e-08,389.045,527.217,1e-20,0.0,0.0,29.7226,0.0,0.0,0.0,0.0,945.985,1.00002,-0.540678,0.295712,-22.0377,0.0,0.0,0.0,0.0,0.0,,
0.00298994,8.30345e-08,386.221,530.033,1e-20,0.0,0.0,29.7335,0.0,0.0,0.0,0.0,945.988,1.00002,-0.581877,0.303208,-21.9864,0.0,0.0,0.0,0.0,0.0,,
0.00299992,8.48526e-08,383.902,532.341,1e-20,0.0,0.0,29.7474,0.0,0.0,0.0,0.0,945.99,1.00002,-0.619851,0.328386,-21.9354,0.0,0.0,0.0,0.0,0.0,,
0.00300992,8.0328e-08,381.263,534.961,1e-20,0.0,0.0,29.762,0.0,0.0,0.0,0.0,945.986,1.00002,-0.65469,0.354096,-21.884,0.0,0.0,0.0,0.0,0.0,,
0.00301994,8.37135e-08,379.42,536.79,1e-20,0.0,0.0,29.7772,0.0,0.0,0.0,0.0,945.987,1.00002,-0.687712,0.373152,-21.8326,0.0,0.0,0.0,0.0,0.0,,
0.00302992,8.42059e-08,381.131,535.065,1e-20,0.0,0.0,29.7918,0.0,0.0,0.0,0.0,945.988,1.00002,-0.717841,0.384143,-21.7815,0.0,0.0,0.0,0.0,0.0,,
0.00303993,8.70463e-08,382.782,533.401,1e-20,0.0,0.0,29.807,0.0,0.0,0.0,0.0,945.99,1.00002,-0.745214,0.390815,-21.7302,0.0,0.0,0.0,0.0,0.0,,
0.00304997,8.35058e-08,383.772,532.392,1e-20,0.0,0.0,29.8236,0.0,0.0,0.0,0.0,945.988,1.00002,-0.768113,0.393613,-21.6787,0.0,0.0,0.0,0.0,0.0,,
0.00305999,8.32378e-08,384.776,531.369,1e-20,0.0,0.0,29.8414,0.0,0.0,0.0,0.0,945.987,1.00002,-0.787216,0.391111,-21.6273,0.0,0.0,0.0,0.0,0.0,,
0.00306998,8.80505e-08,386.202,529.927,1e-20,0.0,0.0,29.8577,0.0,0.0,0.0,0.0,945.987,1.00002,-0.804153,0.379592,-21.576,0.0,0.0,0.0,0.0,0.0,,
0.00307997,8.62441e-08,386.355,529.764,1e-20,0.0,0.0,29.8689,0.0,0.0,0.0,0.0,945.988,1.00002,-0.820351,0.361681,-21.5247,0.0,0.0,0.0,0.0,0.0,,
0.00308995,8.51505e-08,384.594,531.493,1e-20,0.0,0.0,29.903,0.0,0.0,0.0,0.0,945.99,1.00002,-0.83483,0.33869,-21.4734,0.0,0.0,0.0,0.0,0.0,,
0.00309996,8.76913e-08,381.55,534.474,1e-20,0.0,0.0,29.9675,0.0,0.0,0.0,0.0,945.991,1.00002,-0.849747,0.311713,-21.4218,0.0,0.0,0.0,0.0,0.0,,
0.00310998,8.46342e-08,375.686,540.125,1e-20,0.0,0.0,30.1781,0.0,0.0,0.0,0.0,945.989,1.00002,-0.86159,0.28081,-21.3701,0.0,0.0,0.0,3072.0,0.0,,
0.00311992,8.42778e-08,368.596,547.024,1e-20,0.0,0.0,30.3696,0.0,0.0,0.0,0.0,945.989,1.00002,-0.873354,0.242511,-21.3187,0.0,0.0,0.0,0.0,0.0,,
0.00312999,8.39595e-08,362.908,552.55,1e-20,0.0,0.0,30.5283,0.0,0.0,0.0,0.0,945.986,1.00002,-0.881205,0.196229,-21.2664,0.0,0.0,0.0,0.0,0.0,,
0.00313999,8.45427e-08,357.695,557.609,1e-20,0.0,0.0,30.6802,0.0,0.0,0.0,0.0,945.984,1.00002,-0.883942,0.147279,-21.2144,0.0,0.0,0.0,0.0,0.0,,
0.00314998,8.42024e-08,355.543,559.656,1e-20,0.0,0.0,30.7858,0.0,0.0,0.0,0.0,945.985,1.00002,-0.885914,0.0945961,-21.1622,0.0,0.0,0.0,0.0,0.0,,
0.00315998,8.28502e-08,352.614,562.452,1e-20,0.0,0.0,30.9187,0.0,0.0,0.0,0.0,945.985,1.00002,-0.882833,0.0494068,-21.1098,0.0,0.0,0.0,0.0,0.0,,
0.00316999,8.22603e-08,350.117,564.823,1e-20,0.0,0.0,31.0478,0.0,0.0,0.0,0.0,945.987,1.00002,-0.877472,0.00810494,-21.0574,0.0,0.0,0.0,0.0,0.0,,
0.00317992,8.53115e-08,348.759,566.094,1e-20,0.0,0.0,31.1317,0.0,0.0,0.0,0.0,945.985,1.00002,-0.866329,-0.0434454,-21.0049,0.0,0.0,0.0,0.0,0.0,,
0.00318999,8.14713e-08,347.237,567.532,1e-20,0.0,0.0,31.214,0.0,0.0,0.0,0.0,945.983,1.00002,-0.852603,-0.0979555,-20.9515,0.0,0.0,0.0,0.0,0.0,,
0.00319998,8.07757e-08,348.413,566.223,1e-20,0.0,0.0,31.3456,0.0,0.0,0.0,0.0,945.982,1.00001,-0.838807,-0.149138,-20.8982,0.0,0.0,0.0,0.0,0.0,,
0.00320998,8.16796e-08,349.418,565.112,1e-20,0.0,0.0,31.4496,0.0,0.0,0.0,0.0,945.98,1.00001,-0.817364,-0.195538,-20.8445,0.0,0.0,0.0,0.0,0.0,,
0.00321996,8.27732e-08,349.68,564.802,1e-20,0.0,0.0,31.5025,0.0,0.0,0.0,0.0,945.985,1.00002,-0.793948,-0.240408,-20.7908,0.0,0.0,0.0,0.0,0.0,,
0.00322995,8.16555e-08,350.6,563.869,1e-20,0.0,0.0,31.5176,0.0,0.0,0.0,0.0,945.987,1.00002,-0.769842,-0.283175,-20.7367,0.0,0.0,0.0,0.0,0.0,,
0.00323992,8.10307e-08,351.122,563.294,1e-20,0.0,0.0,31.5722,0.0,0.0,0.0,0.0,945.989,1.00002,-0.743642,-0.314077,-20.6822,0.0,0.0,0.0,0.0,0.0,,
0.00324995,8.11224e-08,350.963,563.403,1e-20,0.0,0.0,31.6207,0.0,0.0,0.0,0.0,945.987,1.00002,-0.713978,-0.335553,-20.6269,0.0,0.0,0.0,0.0,0.0,,
0.00325993,8.59006e-08,349.324,565.029,1e-20,0.0,0.0,31.6368,0.0,0.0,0.0,0.0,945.99,1.00002,-0.684495,-0.343374,-20.5716,0.0,0.0,0.0,0.0,0.0,,
0.00326997,8.14838e-08,348.577,565.77,1e-20,0.0,0.0,31.6412,0.0,0.0,0.0,0.0,945.988,1.00002,-0.655709,-0.334157,-20.5153,0.0,0.0,0.0,0.0,0.0,,
0.00327994,8.5394e-08,348.915,565.428,1e-20,0.0,0.0,31.6423,0.0,0.0,0.0,0.0,945.986,1.00002,-0.625595,-0.295269,-20.4589,0.0,0.0,0.0,3072.0,0.0,,
0.00328994,8.34314e-08,348.52,565.811,1e-20,0.0,0.0,31.6565,0.0,0.0,0.0,0.0,945.988,1.00002,-0.594372,-0.243993,-20.402,0.0,0.0,0.0,0.0,0.0,,
0.00329993,8.11674e-08,345.951,568.357,1e-20,0.0,0.0,31.6762,0.0,0.0,0.0,0.0,945.984,1.00002,-0.561956,-0.196813,-20.3444,0.0,0.0,0.0,0.0,0.0,,
0.00330995,8.22666e-08,341.188,573.105,1e-20,0.0,0.0,31.6909,0.0,0.0,0.0,0.0,945.984,1.00002,-0.529349,-0.151941,-20.2864,0.0,0.0,0.0,0.0,0.0,,
0.00331998,8.56212e-08,335.153,579.116,1e-20,0.0,0.0,31.7154,0.0,0.0,0.0,0.0,945.984,1.00002,-0.496928,-0.106418,-20.2276,0.0,0.0,0.0,0.0,0.0,,
0.00332995,8.19876e-08,329.416,584.817,1e-20,0.0,0.0,31.75,0.0,0.0,0.0,0.0,945.983,1.00002,-0.462945,-0.0675842,-20.1685,0.0,0.0,0.0,0.0,0.0,,
0.00333992,8.21853e-08,324.419,589.765,1e-20,0.0,0.0,31.7964,0.0,0.0,0.0,0.0,945.981,1.00001,-0.431635,-0.0510103,-20.1088,0.0,0.0,0.0,0.0,0.0,,
0.00334994,8.31966e-08,319.635,594.484,1e-20,0.0,0.0,31.8608,0.0,0.0,0.0,0.0,945.979,1.00001,-0.40178,-0.0491818,-20.0483,0.0,0.0,0.0,0.0,0.0,,
0.00335999,8.36905e-08,314.74,599.308,1e-20,0.0,0.0,31.9315,0.0,0.0,0.0,0.0,945.979,1.00001,-0.369797,-0.0573474,-19.987,0.0,0.0,0.0,0.0,0.0,,
0.00336999,8.67789e-08,310.31,603.694,1e-20,0.0,0.0,31.9744,0.0,0.0,0.0,0.0,945.978,1.00001,-0.337275,-0.0771905,-19.9255,0.0,0.0,0.0,0.0,0.0,,
0.00337998,8.56631e-08,304.902,609.076,1e-20,0.0,0.0,31.9973,0.0,0.0,0.0,0.0,945.975,1.00001,-0.304165,-0.11949,-19.8638,0.0,0.0,0.0,0.0,0.0,,
0.00338995,8.43527e-08,299.494,614.458,1e-20,0.0,0.0,32.0254,0.0,0.0,0.0,0.0,945.977,1.00001,-0.274411,-0.177599,-19.802,0.0,0.0,0.0,0.0,0.0,,
0.00339993,8.31819e-08,295.162,618.729,1e-20,0.0,0.0,32.0852,0.0,0.0,0.0,0.0,945.977,1.00001,-0.242694,-0.245281,-19.7396,0.0,0.0,0.0,0.0,0.0,,
0.00340994,8.08959e-08,291.732,622.068,1e-20,0.0,0.0,32.1772,0.0,0.0,0.0,0.0,945.977,1.00001,-0.204936,-0.333939,-19.6767,0.0,0.0,0.0,0.0,0.0,,
0.00341993,7.99645e-08,290.207,623.573,1e-20,0.0,0.0,32.1933,0.0,0.0,0.0,0.0,945.973,1.00001,-0.163296,-0.454599,-19.6133,0.0,0.0,0.0,0.0,0.0,,
0.00342993,7.81338e-08,288.591,625.172,1e-20,0.0,0.0,32.2105,0.0,0.0,0.0,0.0,945.974,1.00001,-0.119055,-0.591979,-19.5496,0.0,0.0,0.0,0.0,0.0,,
0.00343996,8.0451e-08,286.682,627.063,1e-20,0.0,0.0,32.2288,0.0,0.0,0.0,0.0,945.974,1.00001,-0.0713964,-0.730192,-19.4852,0.0,0.0,0.0,0.0,0.0,,
0.00344997,7.68594e-08,284.371,629.332,1e-20,0.0,0.0,32.2689,0.0,0.0,0.0,0.0,945.972,1.0,-0.0191642,-0.865942,-19.4203,0.0,0.0,0.0,0.0,0.0,,
0.00345997,7.74661e-08,280.594,633.065,1e-20,0.0,0.0,32.3143,0.0,0.0,0.0,0.0,945.973,1.00001,0.0384876,-0.993778,-19.355,0.0,0.0,0.0,0.0,0.0,,
0.00346997,7.61575e-08,275.809,637.785,1e-20,0.0,0.0,32.3797,0.0,0.0,0.0,0.0,945.975,1.00001,0.0944823,-1.11147,-19.2891,0.0,0.0,0.0,0.0,0.0,,
0.00347993,7.90558e-08,272.113,641.453,1e-20,0.0,0.0,32.4088,0.0,0.0,0.0,0.0,945.974,1.00001,0.148865,-1.20744,-19.2229,0.0,0.0,0.0,0.0,0.0,,
0.00348995,7.54688e-08,271.065,642.47,1e-20,0.0,0.0,32.4404,0.0,0.0,0.0,0.0,945.975,1.00001,0.201988,-1.27482,-19.1556,0.0,0.0,0.0,0.0,0.0,,
0.00349994,7.57831e-08,270.595,642.875,1e-20,0.0,0.0,32.5001,0.0,0.0,0.0,0.0,945.971,1.0,0.252293,-1.32253,-19.0876,0.0,0.0,0.0,0.0,0.0,,
0.00350994,7.87043e-08,272.476,640.96,1e-20,0.0,0.0,32.5361,0.0,0.0,0.0,0.0,945.972,1.0,0.296635,-1.35003,-19.019,0.0,0.0,0.0,0.0,0.0,,
0.00351999,8.46861e-08,274.025,639.357,1e-20,0.0,0.0,32.5911,0.0,0.0,0.0,0.0,945.973,1.0,0.335147,-1.36812,-18.9493,0.0,0.0,0.0,0.0,0.0,,
0.00352992,7.85683e-08,273.527,639.797,1e-20,0.0,0.0,32.6511,0.0,0.0,0.0,0.0,945.974,1.00001,0.371438,-1.37705,-18.8796,0.0,0.0,0.0,0.0,0.0,,
0.00353997,8.37073e-08,270.314,642.913,1e-20,0.0,0.0,32.7513,0.0,0.0,0.0,0.0,945.978,1.00001,0.409257,-1.37609,-18.8085,0.0,0.0,0.0,0.0,0.0,,
0.00354992,8.36891e-08,266.57,646.622,1e-20,0.0,0.0,32.7865,0.0,0.0,0.0,0.0,945.979,1.00001,0.442731,-1.35969,-18.737,0.0,0.0,0.0,0.0,0.0,,
0.00356,8.13854e-08,263.041,650.144,1e-20,0.0,0.0,32.793,0.0,0.0,0.0,0.0,945.978,1.00001,0.473091,-1.32016,-18.6636,0.0,0.0,0.0,0.0,0.0,,
0.00356992,8.45926e-08,261.065,652.127,1e-20,0.0,0.0,32.7848,0.0,0.0,0.0,0.0,945.977,1.00001,0.505116,-1.25998,-18.5905,0.0,0.0,0.0,0.0,0.0,,
0.00357994,8.2337e-08,259.92,653.252,1e-20,0.0,0.0,32.8033,0.0,0.0,0.0,0.0,945.975,1.00001,0.532153,-1.18386,-18.5157,0.0,0.0,0.0,0.0,0.0,,
0.00358993,7.98572e-08,258.253,654.876,1e-20,0.0,0.0,32.8447,0.0,0.0,0.0,0.0,945.973,1.00001,0.557355,-1.09275,-18.4401,0.0,0.0,0.0,0.0,0.0,,
0.00359995,7.94872e-08,256.329,656.774,1e-20,0.0,0.0,32.8663,0.0,0.0,0.0,0.0,945.969,1.0,0.582803,-0.979598,-18.3633,0.0,0.0,0.0,0.0,0.0,,
0.00360999,8.04022e-08,252.021,661.068,1e-20,0.0,0.0,32.8816,0.0,0.0,0.0,0.0,945.971,1.0,0.612711,-0.853952,-18.2853,0.0,0.0,0.0,0.0,0.0,,
0.00361998,8.13423e-08,248.718,664.368,1e-20,0.0,0.0,32.8869,0.0,0.0,0.0,0.0,945.973,1.0,0.640934,-0.718209,-18.2066,0.0,0.0,0.0,0.0,0.0,,
0.00362996,8.4105e-08,245.045,668.027,1e-20,0.0,0.0,32.8989,0.0,0.0,0.0,0.0,945.971,1.0,0.662235,-0.572414,-18.1268,0.0,0.0,0.0,0.0,0.0,,
0.00363996,8.24044e-08,241.513,671.554,1e-20,0.0,0.0,32.9029,0.0,0.0,0.0,0.0,945.97,1.0,0.680846,-0.425388,-18.0457,0.0,0.0,0.0,0.0,0.0,,
0.00364995,8.13582e-08,239.809,673.247,1e-20,0.0,0.0,32.9171,0.0,0.0,0.0,0.0,945.973,1.00001,0.698191,-0.279355,-17.9636,0.0,0.0,0.0,0.0,0.0,,
0.00366,8.15529e-08,238.187,674.86,1e-20,0.0,0.0,32.9248,0.0,0.0,0.0,0.0,945.971,1.0,0.711569,-0.141339,-17.8793,0.0,0.0,0.0,0.0,0.0,,
0.00366993,8.26234e-08,240.421,672.621,1e-20,0.0,0.0,32.931,0.0,0.0,0.0,0.0,945.974,1.00001,0.720706,-0.0160396,-17.7941,0.0,0.0,0.0,0.0,0.0,,
0.00367993,8.21025e-08,243.782,669.248,1e-20,0.0,0.0,32.944,0.0,0.0,0.0,0.0,945.974,1.00001,0.73154,0.0974238,-17.7046,0.0,0.0,0.0,0.0,0.0,,
0.00368999,8.35185e-08,245.913,667.1,1e-20,0.0,0.0,32.9599,0.0,0.0,0.0,0.0,945.972,1.0,0.74673,0.191075,-17.6088,0.0,0.0,0.0,0.0,0.0,,
0.00369998,8.12939e-08,244.575,668.424,1e-20,0.0,0.0,32.9749,0.0,0.0,0.0,0.0,945.974,1.00001,0.761357,0.258568,-17.5081,0.0,0.0,0.0,0.0,0.0,,
0.00370994,7.96955e-08,242.796,670.178,1e-20,0.0,0.0,32.9996,0.0,0.0,0.0,0.0,945.974,1.00001,0.774576,0.296462,-17.4028,0.0,0.0,0.0,0.0,0.0,,
0.00371999,8.30447e-08,241.718,671.212,1e-20,0.0,0.0,33.0439,0.0,0.0,0.0,0.0,945.974,1.00001,0.787045,0.312322,-17.2918,0.0,0.0,0.0,0.0,0.0,,
0.00372994,7.9268e-08,239.675,673.21,1e-20,0.0,0.0,33.0885,0.0,0.0,0.0,0.0,945.974,1.00001,0.797789,0.311543,-17.1778,0.0,0.0,0.0,0.0,0.0,,
0.00373992,7.97868e-08,238.88,673.963,1e-20,0.0,0.0,33.1326,0.0,0.0,0.0,0.0,945.976,1.00001,0.80446,0.298584,-17.0602,0.0,0.0,0.0,0.0,0.0,,
0.00374995,8.04896e-08,240.389,672.415,1e-20,0.0,0.0,33.1708,0.0,0.0,0.0,0.0,945.974,1.00001,0.806846,0.269006,-16.9392,0.0,0.0,0.0,0.0,0.0,,
0.00375992,8.21254e-08,240.258,672.483,1e-20,0.0,0.0,33.2338,0.0,0.0,0.0,0.0,945.975,1.00001,0.80501,0.225258,-16.8166,0.0,0.0,0.0,0.0,0.0,,
0.00376995,8.55038e-08,238.936,673.75,1e-20,0.0,0.0,33.2882,0.0,0.0,0.0,0.0,945.974,1.00001,0.80176,0.174629,-16.6914,0.0,0.0,0.0,0.0,0.0,,
0.00377998,8.52501e-08,237.372,675.275,1e-20,0.0,0.0,33.3248,0.0,0.0,0.0,0.0,945.971,1.0,0.797591,0.11654,-16.565,0.0,0.0,0.0,0.0,0.0,,
0.00378994,8.29575e-08,236.695,675.913,1e-20,0.0,0.0,33.363,0.0,0.0,0.0,0.0,945.971,1.0,0.788861,0.0518736,-16.4384,0.0,0.0,0.0,0.0,0.0,,
0.00379996,8.45533e-08,236.968,675.603,1e-20,0.0,0.0,33.4008,0.0,0.0,0.0,0.0,945.972,1.0,0.775736,-0.0163669,-16.3106,0.0,0.0,0.0,0.0,0.0,,
0.00380999,8.43654e-08,238.608,673.95,1e-20,0.0,0.0,33.4125,0.0,0.0,0.0,0.0,945.97,1.0,0.762672,-0.0832978,-16.1822,0.0,0.0,0.0,0.0,0.0,,
0.00381995,8.06626e-08,242.218,670.334,1e-20,0.0,0.0,33.4173,0.0,0.0,0.0,0.0,945.97,1.0,0.749546,-0.145045,-16.0545,0.0,0.0,0.0,0.0,0.0,,
0.00382993,8.17205e-08,243.587,668.958,1e-20,0.0,0.0,33.4224,0.0,0.0,0.0,0.0,945.968,1.0,0.733885,-0.194474,-15.9267,0.0,0.0,0.0,0.0,0.0,,
0.00383999,7.99954e-08,241.562,670.971,1e-20,0.0,0.0,33.4346,0.0,0.0,0.0,0.0,945.967,0.999999,0.718961,-0.230021,-15.7981,0.0,0.0,0.0,0.0,0.0,,
0.00384993,8.30066e-08,238.605,673.921,1e-20,0.0,0.0,33.4425,0.0,0.0,0.0,0.0,945.969,1.0,0.707011,-0.254519,-15.6715,0.0,0.0,0.0,0.0,0.0,,
0.00385995,8.21107e-08,234.19,678.33,1e-20,0.0,0.0,33.4494,0.0,0.0,0.0,0.0,945.97,1.0,0.695714,-0.270663,-15.5442,0.0,0.0,0.0,0.0,0.0,,
0.00386997,8.11564e-08,228.886,683.624,1e-20,0.0,0.0,33.4589,0.0,0.0,0.0,0.0,945.969,1.0,0.683703,-0.270789,-15.4175,0.0,0.0,0.0,0.0,0.0,,
0.00387996,8.05113e-08,224.874,687.632,1e-20,0.0,0.0,33.4673,0.0,0.0,0.0,0.0,945.974,1.00001,0.67061,-0.250001,-15.2921,0.0,0.0,0.0,0.0,0.0,,
0.00388997,7.6768e-08,223.322,689.162,1e-20,0.0,0.0,33.4867,0.0,0.0,0.0,0.0,945.971,1.0,0.656605,-0.210111,-15.1671,0.0,0.0,0.0,0.0,0.0,,
0.00389994,7.53764e-08,222.365,690.088,1e-20,0.0,0.0,33.5194,0.0,0.0,0.0,0.0,945.972,1.0,0.642877,-0.158893,-15.0436,0.0,0.0,0.0,0.0,0.0,,
0.00390995,7.40608e-08,220.65,691.746,1e-20,0.0,0.0,33.5722,0.0,0.0,0.0,0.0,945.969,1.0,0.622951,-0.0992949,-14.9203,0.0,0.0,0.0,0.0,0.0,,
0.00391994,7.29747e-08,219.354,693.023,1e-20,0.0,0.0,33.5921,0.0,0.0,0.0,0.0,945.969,1.0,0.598575,-0.0351918,-14.7983,0.0,0.0,0.0,0.0,0.0,,
0.00392995,7.16775e-08,215.929,696.426,1e-20,0.0,0.0,33.6149,0.0,0.0,0.0,0.0,945.97,1.0,0.573751,0.027349,-14.677,0.0,0.0,0.0,0.0,0.0,,
0.00393999,7.14227e-08,212.454,699.872,1e-20,0.0,0.0,33.645,0.0,0.0,0.0,0.0,945.971,1.0,0.542131,0.086182,-14.5563,0.0,0.0,0.0,0.0,0.0,,
0.00394996,7.25645e-08,210.986,701.284,1e-20,0.0,0.0,33.6973,0.0,0.0,0.0,0.0,945.967,0.999999,0.506106,0.142576,-14.4372,0.0,0.0,0.0,0.0,0.0,,
0.00395997,7.3781e-08,210.974,701.229,1e-20,0.0,0.0,33.7631,0.0,0.0,0.0,0.0,945.966,0.999998,0.465367,0.206383,-14.3185,0.0,0.0,0.0,0.0,0.0,,
0.00396994,7.46101e-08,211.953,700.19,1e-20,0.0,0.0,33.8224,0.0,0.0,0.0,0.0,945.965,0.999997,0.423974,0.273064,-14.2014,0.0,0.0,0.0,0.0,0.0,,
0.00397998,7.39519e-08,212.641,699.441,1e-20,0.0,0.0,33.8839,0.0,0.0,0.0,0.0,945.966,0.999998,0.380885,0.33682,-14.0844,0.0,0.0,0.0,0.0,0.0,,
0.00398996,7.37894e-08,213.243,698.809,1e-20,0.0,0.0,33.9142,0.0,0.0,0.0,0.0,945.966,0.999998,0.339446,0.397227,-13.9689,0.0,0.0,0.0,0.0,0.0,,
0.00399998,7.38338e-08,212.646,699.369,1e-20,0.0,0.0,33.9522,0.0,0.0,0.0,0.0,945.968,1.0,0.294494,0.451922,-13.854,0.0,0.0,0.0,0.0,0.0,,
0.00400999,7.49604e-08,211.885,700.106,1e-20,0.0,0.0,33.9763,0.0,0.0,0.0,0.0,945.967,0.999999,0.248093,0.505377,-13.7399,0.0,0.0,0.0,0.0,0.0,,
0.00401999,7.77729e-08,212.702,699.265,1e-20,0.0,0.0,33.9972,0.0,0.0,0.0,0.0,945.964,0.999996,0.203996,0.541221,-13.6268,0.0,0.0,0.0,0.0,0.0,,
0.00402994,8.04935e-08,213.643,698.306,1e-20,0.0,0.0,34.0185,0.0,0.0,0.0,0.0,945.967,0.999999,0.159474,0.556398,-13.5155,0.0,0.0,0.0,0.0,0.0,,
0.00403999,7.97188e-08,213.297,698.643,1e-20,0.0,0.0,34.0245,0.0,0.0,0.0,0.0,945.964,0.999996,0.11324,0.55682,-13.4036,0.0,0.0,0.0,0.0,0.0,,
0.00404995,7.96532e-08,213.003,698.923,1e-20,0.0,0.0,34.0382,0.0,0.0,0.0,0.0,945.965,0.999996,0.0704275,0.550904,-13.2938,0.0,0.0,0.0,0.0,0.0,,
0.00405996,7.92445e-08,212.414,699.491,1e-20,0.0,0.0,34.062,0.0,0.0,0.0,0.0,945.967,0.999999,0.0292822,0.539464,-13.1845,0.0,0.0,0.0,0.0,0.0,,
0.00406998,8.17757e-08,210.241,701.627,1e-20,0.0,0.0,34.0971,0.0,0.0,0.0,0.0,945.965,0.999997,-0.00998073,0.517063,-13.0757,0.0,0.0,0.0,0.0,0.0,,
0.00407997,8.35999e-08,208.322,703.511,1e-20,0.0,0.0,34.1329,0.0,0.0,0.0,0.0,945.966,0.999998,-0.04646,0.493529,-12.9683,0.0,0.0,0.0,0.0,0.0,,
0.00408994,8.51482e-08,207.663,704.112,1e-20,0.0,0.0,34.1948,0.0,0.0,0.0,0.0,945.97,1.0,-0.0820597,0.479583,-12.8621,0.0,0.0,0.0,0.0,0.0,,
0.00409995,8.06338e-08,206.819,704.862,1e-20,0.0,0.0,34.2854,0.0,0.0,0.0,0.0,945.966,0.999998,-0.117078,0.468333,-12.7563,0.0,0.0,0.0,0.0,0.0,,
0.00410996,8.38255e-08,206.862,704.728,1e-20,0.0,0.0,34.3784,0.0,0.0,0.0,0.0,945.968,0.999999,-0.154412,0.448667,-12.6516,0.0,0.0,0.0,0.0,0.0,,
0.00411993,8.44028e-08,207.26,704.238,1e-20,0.0,0.0,34.469,0.0,0.0,0.0,0.0,945.967,0.999999,-0.195021,0.419567,-12.5482,0.0,0.0,0.0,0.0,0.0,,
0.00412993,8.19455e-08,205.656,705.764,1e-20,0.0,0.0,34.5451,0.0,0.0,0.0,0.0,945.965,0.999997,-0.237349,0.378995,-12.4456,0.0,0.0,0.0,0.0,0.0,,
0.00413994,8.12773e-08,203.686,707.603,1e-20,0.0,0.0,34.6769,0.0,0.0,0.0,0.0,945.966,0.999998,-0.284665,0.331672,-12.3439,0.0,0.0,0.0,0.0,0.0,,
0.00414993,7.98674e-08,199.67,711.46,1e-20,0.0,0.0,34.8362,0.0,0.0,0.0,0.0,945.967,0.999999,-0.33087,0.278479,-12.2434,0.0,0.0,0.0,0.0,0.0,,
0.00415997,7.94505e-08,196.431,714.599,1e-20,0.0,0.0,34.9333,0.0,0.0,0.0,0.0,945.964,0.999995,-0.377132,0.232039,-12.1433,0.0,0.0,0.0,0.0,0.0,,
0.00416995,8.03081e-08,195.132,715.78,1e-20,0.0,0.0,35.0508,0.0,0.0,0.0,0.0,945.962,0.999994,-0.420019,0.202418,-12.0449,0.0,0.0,0.0,0.0,0.0,,
0.00417995,7.99718e-08,191.608,719.199,1e-20,0.0,0.0,35.1571,0.0,0.0,0.0,0.0,945.963,0.999995,-0.462493,0.196739,-11.9474,0.0,0.0,0.0,0.0,0.0,,
0.00418993,7.8899e-08,189.997,720.719,1e-20,0.0,0.0,35.2442,0.0,0.0,0.0,0.0,945.96,0.999991,-0.49809,0.215478,-11.851,0.0,0.0,0.0,0.0,0.0,,
0.00419997,7.99822e-08,188.892,721.733,1e-20,0.0,0.0,35.3354,0.0,0.0,0.0,0.0,945.96,0.999992,-0.532814,0.264968,-11.7554,0.0,0.0,0.0,3072.0,0.0,,
0.00420998,7.90777e-08,189.275,721.263,1e-20,0.0,0.0,35.4228,0.0,0.0,0.0,0.0,945.962,0.999993,-0.561485,0.343111,-11.6611,0.0,0.0,0.0,0.0,0.0,,
0.00421996,7.90626e-08,191.466,718.981,1e-20,0.0,0.0,35.5146,0.0,0.0,0.0,0.0,945.962,0.999994,-0.590206,0.439188,-11.568,0.0,0.0,0.0,0.0,0.0,,
0.00422997,7.98661e-08,193.259,717.141,1e-20,0.0,0.0,35.5619,0.0,0.0,0.0,0.0,945.962,0.999994,-0.617455,0.541961,-11.4758,0.0,0.0,0.0,0.0,0.0,,
0.00423999,7.94235e-08,194.32,716.036,1e-20,0.0,0.0,35.6037,0.0,0.0,0.0,0.0,945.96,0.999991,-0.643574,0.649209,-11.3844,0.0,0.0,0.0,0.0,0.0,,
0.00424993,8.41395e-08,196.566,713.756,1e-20,0.0,0.0,35.6387,0.0,0.0,0.0,0.0,945.961,0.999992,-0.669572,0.761754,-11.2951,0.0,0.0,0.0,0.0,0.0,,
0.00425999,7.94426e-08,200.731,709.56,1e-20,0.0,0.0,35.6697,0.0,0.0,0.0,0.0,945.96,0.999992,-0.693522,0.881776,-11.2058,0.0,0.0,0.0,0.0,0.0,,
0.00426996,7.94593e-08,204.414,705.848,1e-20,0.0,0.0,35.6985,0.0,0.0,0.0,0.0,945.961,0.999992,-0.715238,0.994832,-11.1183,0.0,0.0,0.0,0.0,0.0,,
0.00427995,7.96719e-08,208.313,701.904,1e-20,0.0,0.0,35.7422,0.0,0.0,0.0,0.0,945.959,0.999991,-0.735767,1.10738,-11.0316,0.0,0.0,0.0,0.0,0.0,,
0.00428997,8.24155e-08,211.836,698.337,1e-20,0.0,0.0,35.7849,0.0,0.0,0.0,0.0,945.958,0.999989,-0.751788,1.21162,-10.9458,0.0,0.0,0.0,0.0,0.0,,
0.00429996,8.25995e-08,213.034,697.095,1e-20,0.0,0.0,35.8273,0.0,0.0,0.0,0.0,945.956,0.999987,-0.763751,1.30127,-10.8613,0.0,0.0,0.0,0.0,0.0,,
0.00430996,8.28201e-08,212.93,697.146,1e-20,0.0,0.0,35.8825,0.0,0.0,0.0,0.0,945.959,0.999991,-0.774501,1.36735,-10.778,0.0,0.0,0.0,0.0,0.0,,
0.00431995,8.2045e-08,209.361,700.675,1e-20,0.0,0.0,35.9233,0.0,0.0,0.0,0.0,945.959,0.99999,-0.78649,1.39842,-10.6955,0.0,0.0,0.0,0.0,0.0,,
0.00433,8.12073e-08,205.531,704.427,1e-20,0.0,0.0,36.0027,0.0,0.0,0.0,0.0,945.961,0.999992,-0.795065,1.38533,-10.6137,0.0,0.0,0.0,0.0,0.0,,
0.00433994,8.07455e-08,202.643,707.224,1e-20,0.0,0.0,36.0936,0.0,0.0,0.0,0.0,945.961,0.999992,-0.802038,1.32576,-10.5337,0.0,0.0,0.0,0.0,0.0,,
0.00434998,7.9387e-08,200.69,708.969,1e-20,0.0,0.0,36.3038,0.0,0.0,0.0,0.0,945.963,0.999994,-0.804512,1.2283,-10.4537,0.0,0.0,0.0,0.0,0.0,,
0.00435996,7.8498e-08,200.151,709.203,1e-20,0.0,0.0,36.6073,0.0,0.0,0.0,0.0,945.962,0.999994,-0.806754,1.09894,-10.3751,0.0,0.0,0.0,0.0,0.0,,
0.00436994,7.99725e-08,198.739,710.196,1e-20,0.0,0.0,37.0279,0.0,0.0,0.0,0.0,945.963,0.999994,-0.806908,0.942869,-10.2974,0.0,0.0,0.0,0.0,0.0,,
0.00438,7.89537e-08,194.538,713.952,1e-20,0.0,0.0,37.473,0.0,0.0,0.0,0.0,945.963,0.999995,-0.801707,0.775044,-10.2202,0.0,0.0,0.0,0.0,0.0,,
0.00438994,7.70719e-08,188.072,719.903,1e-20,0.0,0.0,37.9903,0.0,0.0,0.0,0.0,945.966,0.999997,-0.786778,0.613173,-10.145,0.0,0.0,0.0,0.0,0.0,,
0.00439998,8.01967e-08,178.973,728.522,1e-20,0.0,0.0,38.4675,0.0,0.0,0.0,0.0,945.963,0.999994,-0.758833,0.4656,-10.0698,0.0,0.0,0.0,0.0,0.0,,
0.00440995,7.5881e-08,170.809,736.124,1e-20,0.0,0.0,39.0246,0.0,0.0,0.0,0.0,945.957,0.999988,-0.734244,0.330732,-9.99591,0.0,0.0,0.0,0.0,0.0,,
0.00441998,7.50776e-08,164.746,741.796,1e-20,0.0,0.0,39.4111,0.0,0.0,0.0,0.0,945.953,0.999984,-0.707464,0.205016,-9.9228,0.0,0.0,0.0,0.0,0.0,,
0.00442999,7.43258e-08,159.904,746.298,1e-20,0.0,0.0,39.7479,0.0,0.0,0.0,0.0,945.95,0.999981,-0.681144,0.0955924,-9.85081,0.0,0.0,0.0,0.0,0.0,,
0.00443994,7.83566e-08,157.706,747.915,1e-20,0.0,0.0,40.3229,0.0,0.0,0.0,0.0,945.944,0.999974,-0.653811,0.018797,-9.77977,0.0,0.0,0.0,0.0,0.0,,
0.00444997,7.82071e-08,155.57,749.568,1e-20,0.0,0.0,40.8077,0.0,0.0,0.0,0.0,945.946,0.999977,-0.631847,-0.0336246,-9.70931,0.0,0.0,0.0,0.0,0.0,,
0.00445995,7.27429e-08,153.112,751.435,1e-20,0.0,0.0,41.3962,0.0,0.0,0.0,0.0,945.944,0.999975,-0.605009,-0.065377,-9.6399,0.0,0.0,0.0,0.0,0.0,,
0.00447,7.79457e-08,150.892,753.327,1e-20,0.0,0.0,41.7222,0.0,0.0,0.0,0.0,945.941,0.999971,-0.573238,-0.0779066,-9.57071,0.0,0.0,0.0,0.0,0.0,,
0.00447993,7.61939e-08,147.987,755.813,1e-20,0.0,0.0,42.1411,0.0,0.0,0.0,0.0,945.942,0.999972,-0.535646,-0.0748662,-9.50291,0.0,0.0,0.0,0.0,0.0,,
0.00448997,7.26424e-08,146.626,756.757,1e-20,0.0,0.0,42.554,0.0,0.0,0.0,0.0,945.938,0.999968,-0.497138,-0.0647101,-9.43494,0.0,0.0,0.0,0.0,0.0,,
0.00449997,7.30871e-08,145.272,757.706,1e-20,0.0,0.0,42.9596,0.0,0.0,0.0,0.0,945.937,0.999967,-0.458419,-0.0600211,-9.36791,0.0,0.0,0.0,0.0,0.0,,
0.00450996,7.09324e-08,145.291,757.168,1e-20,0.0,0.0,43.4766,0.0,0.0,0.0,0.0,945.935,0.999965,-0.425297,-0.0463547,-9.3013,0.0,0.0,0.0,0.0,0.0,,
0.00452,7.0153e-08,146.273,755.679,1e-20,0.0,0.0,43.9845,0.0,0.0,0.0,0.0,945.936,0.999966,-0.38752,-0.0317793,-9.23501,0.0,0.0,0.0,0.0,0.0,,
0.00452995,6.85085e-08,145.294,756.117,1e-20,0.0,0.0,44.5214,0.0,0.0,0.0,0.0,945.932,0.999962,-0.346171,-0.0231828,-9.16943,0.0,0.0,0.0,0.0,0.0,,
0.00454,6.82588e-08,144.326,756.511,1e-20,0.0,0.0,45.0933,0.0,0.0,0.0,0.0,945.93,0.99996,-0.295409,-0.0169292,-9.10382,0.0,0.0,0.0,0.0,0.0,,
0.00454999,6.82487e-08,140.57,759.748,1e-20,0.0,0.0,45.6102,0.0,0.0,0.0,0.0,945.928,0.999957,-0.243404,-0.00553692,-9.03871,0.0,0.0,0.0,0.0,0.0,,
0.00455996,7.23937e-08,137.76,762.217,1e-20,0.0,0.0,45.9519,0.0,0.0,0.0,0.0,945.928,0.999958,-0.192554,0.00128423,-8.97427,0.0,0.0,0.0,0.0,0.0,,
0.00456998,6.67713e-08,133.858,765.804,1e-20,0.0,0.0,46.2707,0.0,0.0,0.0,0.0,945.933,0.999963,-0.142008,-0.00640623,-8.91001,0.0,0.0,0.0,0.0,0.0,,
0.00457994,7.17672e-08,128.984,770.455,1e-20,0.0,0.0,46.4931,0.0,0.0,0.0,0.0,945.932,0.999962,-0.0919004,-0.0286144,-8.84582,0.0,0.0,0.0,0.0,0.0,,
0.00458994,6.7397e-08,121.782,777.44,1e-20,0.0,0.0,46.7147,0.0,0.0,0.0,0.0,945.937,0.999967,-0.041943,-0.0526061,-8.78171,0.0,0.0,0.0,0.0,0.0,,
0.00459999,6.87657e-08,114.12,785.001,1e-20,0.0,0.0,46.8147,0.0,0.0,0.0,0.0,945.937,0.999967,0.00736042,-0.0778531,-8.71708,0.0,0.0,0.0,0.0,0.0,,
0.00460997,6.94572e-08,108.992,790.113,1e-20,0.0,0.0,46.8345,0.0,0.0,0.0,0.0,945.939,0.99997,0.0586014,-0.10748,-8.65286,0.0,0.0,0.0,0.0,0.0,,
0.00462,6.56513e-08,106.223,792.924,1e-20,0.0,0.0,46.795,0.0,0.0,0.0,0.0,945.941,0.999972,0.109966,-0.142875,-8.58816,0.0,0.0,0.0,0.0,0.0,,
0.00462995,6.41271e-08,107.751,791.358,1e-20,0.0,0.0,46.83,0.0,0.0,0.0,0.0,945.94,0.99997,0.165785,-0.183986,-8.52353,0.0,0.0,0.0,0.0,0.0,,
0.00463994,6.50236e-08,108.413,790.623,1e-20,0.0,0.0,46.9046,0.0,0.0,0.0,0.0,945.941,0.999971,0.221009,-0.227781,-8.45835,0.0,0.0,0.0,0.0,0.0,,
0.00464999,6.84926e-08,107.652,791.367,1e-20,0.0,0.0,46.9221,0.0,0.0,0.0,0.0,945.942,0.999972,0.272489,-0.281033,-8.39243,0.0,0.0,0.0,0.0,0.0,,
0.00465999,6.86662e-08,109.517,789.542,1e-20,0.0,0.0,46.8837,0.0,0.0,0.0,0.0,945.943,0.999974,0.326776,-0.342598,-8.32643,0.0,0.0,0.0,0.0,0.0,,
0.00466994,7.05579e-08,111.892,787.168,1e-20,0.0,0.0,46.8853,0.0,0.0,0.0,0.0,945.946,0.999976,0.383491,-0.404755,-8.26013,0.0,0.0,0.0,0.0,0.0,,
0.00467999,6.83897e-08,112.862,786.157,1e-20,0.0,0.0,46.9265,0.0,0.0,0.0,0.0,945.945,0.999976,0.439627,-0.469797,-8.19242,0.0,0.0,0.0,0.0,0.0,,
0.00468994,6.66975e-08,113.116,785.859,1e-20,0.0,0.0,46.9686,0.0,0.0,0.0,0.0,945.943,0.999974,0.494842,-0.543275,-8.12453,0.0,0.0,0.0,0.0,0.0,,
0.00469998,6.90351e-08,111.956,786.963,1e-20,0.0,0.0,47.0242,0.0,0.0,0.0,0.0,945.944,0.999974,0.551149,-0.622641,-8.05539,0.0,0.0,0.0,3072.0,0.0,,
0.00470998,6.65497e-08,110.739,788.117,1e-20,0.0,0.0,47.0867,0.0,0.0,0.0,0.0,945.943,0.999973,0.604992,-0.688557,-7.98547,0.0,0.0,0.0,0.0,0.0,,
0.00471997,6.91132e-08,109.57,789.255,1e-20,0.0,0.0,47.118,0.0,0.0,0.0,0.0,945.943,0.999974,0.661404,-0.749111,-7.91474,0.0,0.0,0.0,0.0,0.0,,
0.00472995,6.64067e-08,110.842,787.943,1e-20,0.0,0.0,47.1579,0.0,0.0,0.0,0.0,945.942,0.999972,0.709076,-0.801803,-7.84295,0.0,0.0,0.0,0.0,0.0,,
0.00473995,6.59138e-08,115.582,783.161,1e-20,0.0,0.0,47.199,0.0,0.0,0.0,0.0,945.942,0.999972,0.75381,-0.848421,-7.76985,0.0,0.0,0.0,0.0,0.0,,
0.00475,6.74415e-08,120.262,778.443,1e-20,0.0,0.0,47.2357,0.0,0.0,0.0,0.0,945.941,0.999971,0.795111,-0.881422,-7.69512,0.0,0.0,0.0,0.0,0.0,,
0.00475997,7.40051e-08,125.067,773.603,1e-20,0.0,0.0,47.2705,0.0,0.0,0.0,0.0,945.941,0.999971,0.828003,-0.905461,-7.6195,0.0,0.0,0.0,0.0,0.0,,
0.00476996,7.59237e-08,129.189,769.435,1e-20,0.0,0.0,47.3162,0.0,0.0,0.0,0.0,945.94,0.99997,0.850366,-0.928701,-7.54225,0.0,0.0,0.0,0.0,0.0,,
0.00477997,7.4241e-08,131.323,767.18,1e-20,0.0,0.0,47.435,0.0,0.0,0.0,0.0,945.938,0.999969,0.866663,-0.953119,-7.46298,0.0,0.0,0.0,0.0,0.0,,
0.00478996,7.8601e-08,128.701,769.081,1e-20,0.0,0.0,48.1474,0.0,0.0,0.0,0.0,945.929,0.999959,0.865635,-0.960196,-7.3815,0.0,0.0,0.0,0.0,0.0,,
0.00479997,8.09322e-08,123.301,774.051,1e-20,0.0,0.0,48.5738,0.0,0.0,0.0,0.0,945.925,0.999955,0.862845,-0.95839,-7.29869,0.0,0.0,0.0,0.0,0.0,,
0.00480994,8.67757e-08,117.908,779.388,1e-20,0.0,0.0,48.6309,0.0,0.0,0.0,0.0,945.927,0.999957,0.858288,-0.959262,-7.21448,0.0,0.0,0.0,0.0,0.0,,
0.00481995,8.7037e-08,115.195,782.217,1e-20,0.0,0.0,48.5229,0.0,0.0,0.0,0.0,945.934,0.999964,0.850913,-0.953993,-7.12796,0.0,0.0,0.0,0.0,0.0,,
0.00483,8.77595e-08,115.538,781.798,1e-20,0.0,0.0,48.5993,0.0,0.0,0.0,0.0,945.935,0.999966,0.841894,-0.936336,-7.03841,0.0,0.0,0.0,0.0,0.0,,
0.00483999,8.74955e-08,116.295,780.853,1e-20,0.0,0.0,48.7851,0.0,0.0,0.0,0.0,945.933,0.999962,0.833457,-0.900739,-6.94664,0.0,0.0,0.0,0.0,0.0,,
0.00484994,8.78136e-08,116.953,779.881,1e-20,0.0,0.0,49.0981,0.0,0.0,0.0,0.0,945.933,0.999962,0.825492,-0.856774,-6.85277,0.0,0.0,0.0,0.0,0.0,,
0.00485997,8.71333e-08,117.023,779.435,1e-20,0.0,0.0,49.4753,0.0,0.0,0.0,0.0,945.933,0.999963,0.822209,-0.804046,-6.75538,0.0,0.0,0.0,0.0,0.0,,
0.00486999,8.69666e-08,119.411,776.801,1e-20,0.0,0.0,49.7196,0.0,0.0,0.0,0.0,945.932,0.999961,0.81757,-0.741698,-6.65494,0.0,0.0,0.0,0.0,0.0,,
0.00487992,8.6313e-08,119.985,775.848,1e-20,0.0,0.0,50.095,0.0,0.0,0.0,0.0,945.928,0.999958,0.807978,-0.67442,-6.55222,0.0,0.0,0.0,0.0,0.0,,
0.00488992,8.70704e-08,117.175,778.454,1e-20,0.0,0.0,50.2991,0.0,0.0,0.0,0.0,945.928,0.999958,0.791439,-0.605786,-6.4456,0.0,0.0,0.0,0.0,0.0,,
0.00489997,8.58166e-08,116.292,779.168,1e-20,0.0,0.0,50.4689,0.0,0.0,0.0,0.0,945.928,0.999958,0.769045,-0.53902,-6.33478,0.0,0.0,0.0,0.0,0.0,,
0.00490995,8.78176e-08,117.661,777.671,1e-20,0.0,0.0,50.5953,0.0,0.0,0.0,0.0,945.928,0.999958,0.745286,-0.479806,-6.22146,0.0,0.0,0.0,0.0,0.0,,
0.00491995,8.55517e-08,119.832,775.415,1e-20,0.0,0.0,50.6814,0.0,0.0,0.0,0.0,945.928,0.999958,0.717065,-0.435259,-6.10415,0.0,0.0,0.0,0.0,0.0,,
0.00492998,8.49262e-08,124.184,770.959,1e-20,0.0,0.0,50.7832,0.0,0.0,0.0,0.0,945.927,0.999956,0.689007,-0.413082,-5.9826,0.0,0.0,0.0,0.0,0.0,,
0.00493999,8.55535e-08,127.579,767.527,1e-20,0.0,0.0,50.8217,0.0,0.0,0.0,0.0,945.929,0.999958,0.658862,-0.40941,-5.85773,0.0,0.0,0.0,0.0,0.0,,
0.00495,8.4532e-08,128.982,766.048,1e-20,0.0,0.0,50.8975,0.0,0.0,0.0,0.0,945.928,0.999957,0.630993,-0.417741,-5.72934,0.0,0.0,0.0,0.0,0.0,,
0.00495997,8.38397e-08,127.565,767.428,1e-20,0.0,0.0,50.9344,0.0,0.0,0.0,0.0,945.928,0.999957,0.600509,-0.435664,-5.59864,0.0,0.0,0.0,0.0,0.0,,
0.00496993,8.42753e-08,124.641,770.187,1e-20,0.0,0.0,51.0985,0.0,0.0,0.0,0.0,945.926,0.999956,0.564987,-0.461212,-5.46582,0.0,0.0,0.0,0.0,0.0,,
0.00497997,8.41034e-08,119.54,775.109,1e-20,0.0,0.0,51.2755,0.0,0.0,0.0,0.0,945.925,0.999954,0.52552,-0.498503,-5.33042,0.0,0.0,0.0,0.0,0.0,,
0.00498997,8.38011e-08,113.2,781.392,1e-20,0.0,0.0,51.3359,0.0,0.0,0.0,0.0,945.927,0.999957,0.485828,-0.555016,-5.19417,0.0,0.0,0.0,0.0,0.0,,
0.00499999,8.67267e-08,105.222,789.314,1e-20,0.0,0.0,51.3891,0.0,0.0,0.0,0.0,945.926,0.999955,0.444587,-0.632722,-5.05628,0.0,0.0,0.0,0.0,0.0,,
0.00500993,8.27375e-08,99.7704,794.699,1e-20,0.0,0.0,51.457,0.0,0.0,0.0,0.0,945.926,0.999956,0.403973,-0.725397,-4.91812,0.0,0.0,0.0,0.0,0.0,,
0.00501995,8.35023e-08,94.6812,799.718,1e-20,0.0,0.0,51.5282,0.0,0.0,0.0,0.0,945.927,0.999957,0.359616,-0.826141,-4.77791,0.0,0.0,0.0,0.0,0.0,,
0.00502994,8.05645e-08,91.075,803.201,1e-20,0.0,0.0,51.6492,0.0,0.0,0.0,0.0,945.925,0.999955,0.315751,-0.925884,-4.63676,0.0,0.0,0.0,0.0,0.0,,
0.00503995,7.96734e-08,87.7682,806.391,1e-20,0.0,0.0,51.7654,0.0,0.0,0.0,0.0,945.925,0.999954,0.271101,-1.02586,-4.49459,0.0,0.0,0.0,0.0,0.0,,
0.00504995,7.9304e-08,84.9014,809.203,1e-20,0.0,0.0,51.8201,0.0,0.0,0.0,0.0,945.924,0.999953,0.226439,-1.12474,-4.35166,0.0,0.0,0.0,0.0,0.0,,
0.00505997,8.1731e-08,82.9474,811.109,1e-20,0.0,0.0,51.8685,0.0,0.0,0.0,0.0,945.925,0.999955,0.176821,-1.21708,-4.20776,0.0,0.0,0.0,0.0,0.0,,
0.00506999,7.69656e-08,81.741,812.248,1e-20,0.0,0.0,51.9336,0.0,0.0,0.0,0.0,945.923,0.999952,0.131232,-1.28949,-4.06329,0.0,0.0,0.0,0.0,0.0,,
0.00507997,8.09917e-08,80.8209,813.118,1e-20,0.0,0.0,51.9848,0.0,0.0,0.0,0.0,945.923,0.999953,0.0867292,-1.34298,-3.91876,0.0,0.0,0.0,0.0,0.0,,
0.00508998,7.72846e-08,79.8884,814.031,1e-20,0.0,0.0,52.0036,0.0,0.0,0.0,0.0,945.923,0.999953,0.0462734,-1.37985,-3.7734,0.0,0.0,0.0,0.0,0.0,,
0.00509992,8.20806e-08,77.0633,816.839,1e-20,0.0,0.0,52.0225,0.0,0.0,0.0,0.0,945.925,0.999954,0.00585636,-1.39284,-3.62866,0.0,0.0,0.0,0.0,0.0,,
0.00510997,7.99518e-08,73.6208,820.245,1e-20,0.0,0.0,52.0598,0.0,0.0,0.0,0.0,945.926,0.999955,-0.0337085,-1.37475,-3.48231,0.0,0.0,0.0,0.0,0.0,,
0.00511997,7.76851e-08,70.2661,823.572,1e-20,0.0,0.0,52.0884,0.0,0.0,0.0,0.0,945.926,0.999955,-0.0681581,-1.3366,-3.33673,0.0,0.0,0.0,0.0,0.0,,
0.00512997,8.331e-08,69.2945,824.522,1e-20,0.0,0.0,52.1095,0.0,0.0,0.0,0.0,945.926,0.999956,-0.107455,-1.27945,-3.19129,0.0,0.0,0.0,0.0,0.0,,
0.00513993,7.71472e-08,70.0556,823.719,1e-20,0.0,0.0,52.1528,0.0,0.0,0.0,0.0,945.927,0.999957,-0.145618,-1.19689,-3.0465,0.0,0.0,0.0,0.0,0.0,,
0.00515,7.86326e-08,71.9228,821.8,1e-20,0.0,0.0,52.2048,0.0,0.0,0.0,0.0,945.928,0.999958,-0.182551,-1.09614,-2.9003,0.0,0.0,0.0,0.0,0.0,,
0.00515993,7.78554e-08,73.297,820.397,1e-20,0.0,0.0,52.2317,0.0,0.0,0.0,0.0,945.926,0.999955,-0.218136,-0.991832,-2.75674,0.0,0.0,0.0,0.0,0.0,,
0.00516993,7.69368e-08,73.2925,820.38,1e-20,0.0,0.0,52.2543,0.0,0.0,0.0,0.0,945.927,0.999956,-0.249736,-0.880523,-2.61257,0.0,0.0,0.0,0.0,0.0,,
0.00517995,7.95654e-08,72.9638,820.686,1e-20,0.0,0.0,52.2752,0.0,0.0,0.0,0.0,945.925,0.999955,-0.283573,-0.75462,-2.46904,0.0,0.0,0.0,0.0,0.0,,
0.00518994,7.99107e-08,72.099,821.532,1e-20,0.0,0.0,52.2947,0.0,0.0,0.0,0.0,945.925,0.999955,-0.316626,-0.609632,-2.32676,0.0,0.0,0.0,0.0,0.0,,
0.00519994,7.65181e-08,72.3515,821.256,1e-20,0.0,0.0,52.3169,0.0,0.0,0.0,0.0,945.925,0.999954,-0.350519,-0.456996,-2.18515,0.0,0.0,0.0,0.0,0.0,,
0.00520995,7.78593e-08,72.7231,820.849,1e-20,0.0,0.0,52.351,0.0,0.0,0.0,0.0,945.923,0.999952,-0.388198,-0.30064,-2.04434,0.0,0.0,0.0,0.0,0.0,,
0.00521998,7.67763e-08,73.0196,820.381,1e-20,0.0,0.0,52.5207,0.0,0.0,0.0,0.0,945.921,0.99995,-0.430688,-0.140577,-1.90421,0.0,0.0,0.0,0.0,0.0,,
0.00522996,7.52569e-08,73.2717,820.031,1e-20,0.0,0.0,52.6191,0.0,0.0,0.0,0.0,945.921,0.999951,-0.477562,0.0182003,-1.76577,0.0,0.0,0.0,0.0,0.0,,
0.00523997,7.64763e-08,72.4023,820.855,1e-20,0.0,0.0,52.6655,0.0,0.0,0.0,0.0,945.922,0.999952,-0.51792,0.172217,-1.62829,0.0,0.0,0.0,0.0,0.0,,
0.00524992,7.89674e-08,71.0103,822.202,1e-20,0.0,0.0,52.71,0.0,0.0,0.0,0.0,945.923,0.999952,-0.554465,0.314119,-1.49233,0.0,0.0,0.0,0.0,0.0,,
0.00525999,7.44732e-08,66.6453,826.481,1e-20,0.0,0.0,52.7993,0.0,0.0,0.0,0.0,945.926,0.999955,-0.587285,0.44141,-1.35594,0.0,0.0,0.0,0.0,0.0,,
0.00526994,7.40663e-08,63.1141,829.865,1e-20,0.0,0.0,52.9464,0.0,0.0,0.0,0.0,945.926,0.999955,-0.619486,0.549983,-1.22206,0.0,0.0,0.0,0.0,0.0,,
0.00527995,7.37764e-08,60.2528,832.64,1e-20,0.0,0.0,53.0305,0.0,0.0,0.0,0.0,945.924,0.999953,-0.645561,0.643871,-1.08841,0.0,0.0,0.0,0.0,0.0,,
0.00528996,7.67361e-08,59.5212,833.317,1e-20,0.0,0.0,53.0867,0.0,0.0,0.0,0.0,945.925,0.999954,-0.666493,0.729029,-0.955811,0.0,0.0,0.0,0.0,0.0,,
0.00529994,7.55695e-08,61.9301,830.849,1e-20,0.0,0.0,53.1439,0.0,0.0,0.0,0.0,945.923,0.999952,-0.685549,0.814846,-0.82467,0.0,0.0,0.0,0.0,0.0,,
0.00530996,7.83012e-08,65.7549,826.961,1e-20,0.0,0.0,53.2088,0.0,0.0,0.0,0.0,945.925,0.999954,-0.700678,0.891796,-0.693552,0.0,0.0,0.0,0.0,0.0,,
0.00531997,7.64034e-08,67.7731,824.881,1e-20,0.0,0.0,53.2703,0.0,0.0,0.0,0.0,945.924,0.999953,-0.712741,0.957403,-0.563637,0.0,0.0,0.0,0.0,0.0,,
0.00533,7.90401e-08,67.9505,824.637,1e-20,0.0,0.0,53.335,0.0,0.0,0.0,0.0,945.923,0.999952,-0.725914,1.01708,-0.434422,0.0,0.0,0.0,0.0,0.0,,
0.00533993,8.22841e-08,66.6774,825.872,1e-20,0.0,0.0,53.3736,0.0,0.0,0.0,0.0,945.923,0.999952,-0.740141,1.07192,-0.307462,0.0,0.0,0.0,0.0,0.0,,
0.00534992,7.88161e-08,66.0803,826.405,1e-20,0.0,0.0,53.4356,0.0,0.0,0.0,0.0,945.921,0.99995,-0.760054,1.1181,-0.180398,0.0,0.0,0.0,0.0,0.0,,
0.00535994,7.88713e-08,66.3112,826.127,1e-20,0.0,0.0,53.4829,0.0,0.0,0.0,0.0,945.921,0.999951,-0.779151,1.14639,-0.053855,0.0,0.0,0.0,0.0,0.0,,
0.00536999,8.1918e-08,69.0991,823.315,1e-20,0.0,0.0,53.5058,0.0,0.0,0.0,0.0,945.92,0.999949,-0.795377,1.16725,0.0722679,0.0,0.0,0.0,0.0,0.0,,
0.00537996,8.02703e-08,71.3162,821.096,1e-20,0.0,0.0,53.5071,0.0,0.0,0.0,0.0,945.919,0.999949,-0.812429,1.18558,0.19646,0.0,0.0,0.0,0.0,0.0,,
0.00538995,8.10383e-08,73.0255,819.376,1e-20,0.0,0.0,53.5164,0.0,0.0,0.0,0.0,945.918,0.999947,-0.826092,1.20389,0.320082,0.0,0.0,0.0,0.0,0.0,,
0.00539993,8.11195e-08,76.5583,815.833,1e-20,0.0,0.0,53.5245,0.0,0.0,0.0,0.0,945.916,0.999945,-0.837001,1.22774,0.442655,0.0,0.0,0.0,0.0,0.0,,
0.00540997,8.28885e-08,82.0214,810.342,1e-20,0.0,0.0,53.5509,0.0,0.0,0.0,0.0,945.914,0.999943,-0.842939,1.2469,0.565091,0.0,0.0,0.0,0.0,0.0,,
0.00541997,8.45762e-08,86.396,805.936,1e-20,0.0,0.0,53.58,0.0,0.0,0.0,0.0,945.912,0.999941,-0.844097,1.25559,0.686281,0.0,0.0,0.0,0.0,0.0,,
0.00542993,8.46767e-08,88.7367,803.552,1e-20,0.0,0.0,53.6238,0.0,0.0,0.0,0.0,945.913,0.999941,-0.844987,1.2564,0.806115,0.0,0.0,0.0,0.0,0.0,,
0.00543996,8.42304e-08,88.9958,803.246,1e-20,0.0,0.0,53.673,0.0,0.0,0.0,0.0,945.914,0.999943,-0.844796,1.25641,0.925813,0.0,0.0,0.0,0.0,0.0,,
0.00544999,8.41242e-08,88.0397,804.155,1e-20,0.0,0.0,53.7191,0.0,0.0,0.0,0.0,945.914,0.999943,-0.846328,1.25507,1.04479,0.0,0.0,0.0,0.0,0.0,,
0.00545994,8.74267e-08,87.0457,805.072,1e-20,0.0,0.0,53.7986,0.0,0.0,0.0,0.0,945.916,0.999945,-0.844962,1.2514,1.16194,0.0,0.0,0.0,0.0,0.0,,
0.00546999,8.30151e-08,86.6262,805.431,1e-20,0.0,0.0,53.8585,0.0,0.0,0.0,0.0,945.916,0.999945,-0.840502,1.24957,1.2792,0.0,0.0,0.0,3072.0,0.0,,
0.00547992,8.16197e-08,86.1961,805.752,1e-20,0.0,0.0,53.9668,0.0,0.0,0.0,0.0,945.915,0.999944,-0.833522,1.24591,1.39433,0.0,0.0,0.0,3072.0,0.0,,
0.00548993,8.02053e-08,83.0893,808.772,1e-20,0.0,0.0,54.0558,0.0,0.0,0.0,0.0,945.917,0.999946,-0.821446,1.24137,1.50933,0.0,0.0,0.0,0.0,0.0,,
0.0055,7.854e-08,80.5917,811.218,1e-20,0.0,0.0,54.1088,0.0,0.0,0.0,0.0,945.919,0.999948,-0.806863,1.24278,1.62393,0.0,0.0,0.0,0.0,0.0,,
0.00550993,7.69202e-08,79.165,812.551,1e-20,0.0,0.0,54.2029,0.0,0.0,0.0,0.0,945.919,0.999948,-0.787007,1.25451,1.73622,0.0,0.0,0.0,0.0,0.0,,
0.00551998,7.55299e-08,78.792,812.806,1e-20,0.0,0.0,54.319,0.0,0.0,0.0,0.0,945.917,0.999946,-0.760548,1.27972,1.84901,0.0,0.0,0.0,0.0,0.0,,
0.00552993,7.3966e-08,77.8963,813.552,1e-20,0.0,0.0,54.4686,0.0,0.0,0.0,0.0,945.917,0.999946,-0.731138,1.30947,1.95984,0.0,0.0,0.0,0.0,0.0,,
0.00553998,7.25518e-08,77.802,813.505,1e-20,0.0,0.0,54.6093,0.0,0.0,0.0,0.0,945.917,0.999945,-0.695836,1.33866,2.07079,0.0,0.0,0.0,0.0,0.0,,
0.00554999,7.11632e-08,78.1135,813.021,1e-20,0.0,0.0,54.7812,0.0,0.0,0.0,0.0,945.916,0.999945,-0.655889,1.35443,2.18037,0.0,0.0,0.0,0.0,0.0,,
0.00555999,7.05207e-08,75.0704,815.914,1e-20,0.0,0.0,54.9313,0.0,0.0,0.0,0.0,945.916,0.999945,-0.607129,1.35754,2.28885,0.0,0.0,0.0,0.0,0.0,,
0.00556997,6.95075e-08,72.551,818.313,1e-20,0.0,0.0,55.0514,0.0,0.0,0.0,0.0,945.916,0.999945,-0.550417,1.34609,2.39625,0.0,0.0,0.0,0.0,0.0,,
0.00557996,6.91248e-08,70.1575,820.656,1e-20,0.0,0.0,55.1028,0.0,0.0,0.0,0.0,945.916,0.999945,-0.48758,1.32229,2.50299,0.0,0.0,0.0,0.0,0.0,,
0.00558996,6.86497e-08,69.6264,821.145,1e-20,0.0,0.0,55.1441,0.0,0.0,0.0,0.0,945.916,0.999945,-0.421414,1.27916,2.60902,0.0,0.0,0.0,0.0,0.0,,
0.00559998,6.75589e-08,73.298,817.42,1e-20,0.0,0.0,55.1983,0.0,0.0,0.0,0.0,945.916,0.999945,-0.350388,1.21882,2.71456,0.0,0.0,0.0,0.0,0.0,,
0.00560996,6.67369e-08,77.2793,813.369,1e-20,0.0,0.0,55.2676,0.0,0.0,0.0,0.0,945.916,0.999945,-0.273172,1.15272,2.81866,0.0,0.0,0.0,0.0,0.0,,
0.00562,7.02187e-08,82.2049,808.354,1e-20,0.0,0.0,55.3563,0.0,0.0,0.0,0.0,945.915,0.999944,-0.195864,1.07062,2.9228,0.0,0.0,0.0,0.0,0.0,,
0.00562994,6.631e-08,84.5592,805.898,1e-20,0.0,0.0,55.4582,0.0,0.0,0.0,0.0,945.915,0.999944,-0.117599,0.975365,3.0252,0.0,0.0,0.0,0.0,0.0,,
0.00563994,6.6834e-08,85.6185,804.779,1e-20,0.0,0.0,55.5172,0.0,0.0,0.0,0.0,945.915,0.999944,-0.0412569,0.86905,3.12763,0.0,0.0,0.0,0.0,0.0,,
0.00564995,7.05736e-08,85.8143,804.538,1e-20,0.0,0.0,55.5624,0.0,0.0,0.0,0.0,945.914,0.999943,0.0336109,0.758549,3.22933,0.0,0.0,0.0,3072.0,0.0,,
0.00565997,6.77394e-08,86.8909,803.416,1e-20,0.0,0.0,55.607,0.0,0.0,0.0,0.0,945.914,0.999942,0.10282,0.642985,3.33065,0.0,0.0,0.0,0.0,0.0,,
0.00566998,6.87842e-08,90.902,799.369,1e-20,0.0,0.0,55.6415,0.0,0.0,0.0,0.0,945.913,0.999942,0.164903,0.528501,3.43142,0.0,0.0,0.0,0.0,0.0,,
0.00567997,7.01812e-08,95.6209,794.641,1e-20,0.0,0.0,55.6523,0.0,0.0,0.0,0.0,945.914,0.999943,0.2205,0.42745,3.53146,0.0,0.0,0.0,0.0,0.0,,
0.00568998,7.12685e-08,100.824,789.434,1e-20,0.0,0.0,55.6559,0.0,0.0,0.0,0.0,945.913,0.999942,0.270989,0.346412,3.63135,0.0,0.0,0.0,0.0,0.0,,
0.00569995,7.3279e-08,104.067,786.161,1e-20,0.0,0.0,55.6841,0.0,0.0,0.0,0.0,945.912,0.999941,0.31632,0.28324,3.73022,0.0,0.0,0.0,0.0,0.0,,
0.00570993,7.89399e-08,105.679,784.264,1e-20,0.0,0.0,55.9749,0.0,0.0,0.0,0.0,945.918,0.999947,0.358429,0.236865,3.82916,0.0,0.0,0.0,0.0,0.0,,
0.00571998,8.01646e-08,104.495,784.799,1e-20,0.0,0.0,56.6379,0.0,0.0,0.0,0.0,945.932,0.999962,0.389333,0.215206,3.92879,0.0,0.0,0.0,0.0,0.0,,
0.00572994,7.922e-08,98.0462,790.031,1e-20,0.0,0.0,57.8701,0.0,0.0,0.0,0.0,945.947,0.999978,0.428775,0.214357,4.02728,0.0,0.0,0.0,0.0,0.0,,
0.00573997,7.67513e-08,93.3116,794.334,1e-20,0.0,0.0,58.2964,0.0,0.0,0.0,0.0,945.942,0.999973,0.470771,0.22614,4.12519,0.0,0.0,0.0,0.0,0.0,,
0.00574996,7.53642e-08,90.393,797.243,1e-20,0.0,0.0,58.2952,0.0,0.0,0.0,0.0,945.932,0.999961,0.510381,0.254156,4.22204,0.0,0.0,0.0,0.0,0.0,,
0.00575998,7.99109e-08,88.2119,799.295,1e-20,0.0,0.0,58.4219,0.0,0.0,0.0,0.0,945.929,0.999958,0.54495,0.294446,4.31944,0.0,0.0,0.0,0.0,0.0,,
0.00576999,8.16874e-08,87.7977,799.077,1e-20,0.0,0.0,59.0588,0.0,0.0,0.0,0.0,945.934,0.999964,0.577676,0.347801,4.41715,0.0,0.0,0.0,0.0,0.0,,
0.00577995,7.64711e-08,85.5532,800.729,1e-20,0.0,0.0,59.6512,0.0,0.0,0.0,0.0,945.934,0.999963,0.618048,0.41286,4.51375,0.0,0.0,0.0,0.0,0.0,,
0.00578996,8.25244e-08,82.6411,803.407,1e-20,0.0,0.0,59.8785,0.0,0.0,0.0,0.0,945.926,0.999956,0.659852,0.486254,4.61021,0.0,0.0,0.0,0.0,0.0,,
0.00579995,7.86399e-08,78.7164,807.254,1e-20,0.0,0.0,59.9504,0.0,0.0,0.0,0.0,945.921,0.99995,0.687775,0.558396,4.70607,0.0,0.0,0.0,0.0,0.0,,
0.00580993,8.14903e-08,75.9297,809.869,1e-20,0.0,0.0,60.1192,0.0,0.0,0.0,0.0,945.918,0.999947,0.715995,0.628038,4.80201,0.0,0.0,0.0,0.0,0.0,,
0.00581993,7.9416e-08,75.5408,809.679,1e-20,0.0,0.0,60.6985,0.0,0.0,0.0,0.0,945.918,0.999947,0.738658,0.68273,4.89843,0.0,0.0,0.0,0.0,0.0,,
0.00582992,7.88778e-08,77.2601,807.507,1e-20,0.0,0.0,61.148,0.0,0.0,0.0,0.0,945.915,0.999944,0.75988,0.716148,4.99428,0.0,0.0,0.0,0.0,0.0,,
0.00583999,7.9746e-08,75.6508,808.757,1e-20,0.0,0.0,61.5071,0.0,0.0,0.0,0.0,945.915,0.999944,0.781769,0.727406,5.09056,0.0,0.0,0.0,0.0,0.0,,
0.00584997,7.80275e-08,72.847,811.179,1e-20,0.0,0.0,61.8874,0.0,0.0,0.0,0.0,945.914,0.999942,0.804999,0.712272,5.1857,0.0,0.0,0.0,0.0,0.0,,
0.00585992,8.1676e-08,72.6834,810.84,1e-20,0.0,0.0,62.3864,0.0,0.0,0.0,0.0,945.91,0.999939,0.82658,0.66762,5.28053,0.0,0.0,0.0,0.0,0.0,,
0.00586997,7.46242e-08,73.7732,809.226,1e-20,0.0,0.0,62.9105,0.0,0.0,0.0,0.0,945.91,0.999938,0.839968,0.605269,5.37597,0.0,0.0,0.0,0.0,0.0,,
0.00587996,7.45236e-08,77.7427,804.822,1e-20,0.0,0.0,63.3447,0.0,0.0,0.0,0.0,945.909,0.999938,0.854731,0.518344,5.47038,0.0,0.0,0.0,0.0,0.0,,
0.00588993,8.00488e-08,86.072,796.472,1e-20,0.0,0.0,63.3591,0.0,0.0,0.0,0.0,945.903,0.999931,0.853816,0.420487,5.56403,0.0,0.0,0.0,0.0,0.0,,
0.00589999,7.33325e-08,94.8461,787.737,1e-20,0.0,0.0,63.3181,0.0,0.0,0.0,0.0,945.902,0.99993,0.850021,0.31251,5.65799,0.0,0.0,0.0,0.0,0.0,,
0.00591,7.66116e-08,100.549,782.014,1e-20,0.0,0.0,63.3361,0.0,0.0,0.0,0.0,945.899,0.999927,0.849423,0.200337,5.75098,0.0,0.0,0.0,0.0,0.0,,
0.00592,7.77476e-08,103.056,779.531,1e-20,0.0,0.0,63.3097,0.0,0.0,0.0,0.0,945.897,0.999925,0.849617,0.0907762,5.84353,0.0,0.0,0.0,0.0,0.0,,
0.00592993,7.33185e-08,103.45,779.108,1e-20,0.0,0.0,63.339,0.0,0.0,0.0,0.0,945.897,0.999925,0.848761,-0.00129925,5.93521,0.0,0.0,0.0,0.0,0.0,,
0.00593995,7.28275e-08,101.296,781.205,1e-20,0.0,0.0,63.397,0.0,0.0,0.0,0.0,945.898,0.999926,0.842767,-0.0948496,6.02712,0.0,0.0,0.0,0.0,0.0,,
0.00594997,7.68161e-08,97.4609,784.888,1e-20,0.0,0.0,63.5487,0.0,0.0,0.0,0.0,945.898,0.999925,0.83716,-0.184185,6.11854,0.0,0.0,0.0,0.0,0.0,,
0.00595994,7.37907e-08,93.4296,788.721,1e-20,0.0,0.0,63.7455,0.0,0.0,0.0,0.0,945.896,0.999924,0.828091,-0.273703,6.2086,0.0,0.0,0.0,0.0,0.0,,
0.00596997,7.4961e-08,90.2203,791.777,1e-20,0.0,0.0,63.8985,0.0,0.0,0.0,0.0,945.896,0.999924,0.81544,-0.372573,6.29871,0.0,0.0,0.0,3072.0,0.0,,
0.00597995,8.18972e-08,88.7004,793.155,1e-20,0.0,0.0,64.0407,0.0,0.0,0.0,0.0,945.896,0.999924,0.794326,-0.464865,6.38749,0.0,0.0,0.0,0.0,0.0,,
0.00598997,8.23689e-08,89.8317,791.973,1e-20,0.0,0.0,64.0894,0.0,0.0,0.0,0.0,945.895,0.999922,0.77285,-0.551738,6.47569,0.0,0.0,0.0,0.0,0.0,,
0.00599997,8.40781e-08,93.2269,788.597,1e-20,0.0,0.0,64.0729,0.0,0.0,0.0,0.0,945.897,0.999925,0.749037,-0.620225,6.56299,0.0,0.0,0.0,0.0,0.0,,
0.00600998,8.12459e-08,95.9696,785.817,1e-20,0.0,0.0,64.1111,0.0,0.0,0.0,0.0,945.898,0.999926,0.725365,-0.668908,6.64962,0.0,0.0,0.0,0.0,0.0,,
0.00601996,8.2286e-08,94.91,786.776,1e-20,0.0,0.0,64.2123,0.0,0.0,0.0,0.0,945.899,0.999927,0.702858,-0.704874,6.73508,0.0,0.0,0.0,0.0,0.0,,
0.00602996,8.18256e-08,93.9549,787.664,1e-20,0.0,0.0,64.2813,0.0,0.0,0.0,0.0,945.9,0.999928,0.681879,-0.732225,6.81986,0.0,0.0,0.0,0.0,0.0,,
0.00603997,8.05662e-08,94.9331,786.61,1e-20,0.0,0.0,64.3569,0.0,0.0,0.0,0.0,945.9,0.999928,0.65756,-0.759849,6.90365,0.0,0.0,0.0,0.0,0.0,,
0.00604993,7.92577e-08,94.6403,786.84,1e-20,0.0,0.0,64.4208,0.0,0.0,0.0,0.0,945.901,0.999929,0.631266,-0.790735,6.98636,0.0,0.0,0.0,0.0,0.0,,
0.00605994,7.77658e-08,96.9632,784.456,1e-20,0.0,0.0,64.4807,0.0,0.0,0.0,0.0,945.9,0.999928,0.607813,-0.826523,7.06835,0.0,0.0,0.0,0.0,0.0,,
0.00607,7.67394e-08,102.446,778.884,1e-20,0.0,0.0,64.5701,0.0,0.0,0.0,0.0,945.9,0.999928,0.585212,-0.870526,7.14983,0.0,0.0,0.0,0.0,0.0,,
0.00607999,7.65496e-08,107.07,774.166,1e-20,0.0,0.0,64.6648,0.0,0.0,0.0,0.0,945.902,0.99993,0.558854,-0.915137,7.2301,0.0,0.0,0.0,0.0,0.0,,
0.00608994,7.68333e-08,107.4,773.793,1e-20,0.0,0.0,64.7052,0.0,0.0,0.0,0.0,945.899,0.999927,0.528148,-0.966388,7.30896,0.0,0.0,0.0,0.0,0.0,,
0.0061,7.71709e-08,106.225,774.914,1e-20,0.0,0.0,64.7571,0.0,0.0,0.0,0.0,945.896,0.999924,0.496747,-1.02387,7.38792,0.0,0.0,0.0,0.0,0.0,,
0.00610998,7.8851e-08,108.1,772.975,1e-20,0.0,0.0,64.8227,0.0,0.0,0.0,0.0,945.897,0.999925,0.460659,-1.07561,7.46587,0.0,0.0,0.0,0.0,0.0,,
0.00611998,7.79879e-08,110.139,770.869,1e-20,0.0,0.0,64.885,0.0,0.0,0.0,0.0,945.893,0.99992,0.421698,-1.11278,7.54306,0.0,0.0,0.0,0.0,0.0,,
0.00612996,7.62823e-08,115.223,765.773,1e-20,0.0,0.0,64.8987,0.0,0.0,0.0,0.0,945.895,0.999923,0.37984,-1.1246,7.61992,0.0,0.0,0.0,3072.0,0.0,,
0.00613999,8.01515e-08,119.578,761.391,1e-20,0.0,0.0,64.9229,0.0,0.0,0.0,0.0,945.892,0.99992,0.339846,-1.11559,7.69653,0.0,0.0,0.0,0.0,0.0,,
0.00614993,7.88864e-08,125.744,755.216,1e-20,0.0,0.0,64.935,0.0,0.0,0.0,0.0,945.895,0.999922,0.301294,-1.09985,7.77238,0.0,0.0,0.0,0.0,0.0,,
0.00615996,8.27595e-08,130.439,750.507,1e-20,0.0,0.0,64.9487,0.0,0.0,0.0,0.0,945.894,0.999922,0.2586,-1.07814,7.84872,0.0,0.0,0.0,0.0,0.0,,
0.00616993,8.19753e-08,131.058,749.875,1e-20,0.0,0.0,64.9639,0.0,0.0,0.0,0.0,945.897,0.999924,0.216273,-1.04477,7.92486,0.0,0.0,0.0,0.0,0.0,,
0.00617997,8.51672e-08,129.316,751.605,1e-20,0.0,0.0,64.9727,0.0,0.0,0.0,0.0,945.894,0.999922,0.173628,-1.0093,8.00143,0.0,0.0,0.0,0.0,0.0,,
0.00618992,8.33218e-08,127.97,752.841,1e-20,0.0,0.0,65.0868,0.0,0.0,0.0,0.0,945.898,0.999926,0.132472,-0.973171,8.07815,0.0,0.0,0.0,3072.0,0.0,,
0.00619992,8.24537e-08,125.948,754.489,1e-20,0.0,0.0,65.4654,0.0,0.0,0.0,0.0,945.903,0.999931,0.0884718,-0.935797,8.15589,0.0,0.0,0.0,0.0,0.0,,
0.00620999,7.99397e-08,124.871,755.404,1e-20,0.0,0.0,65.6287,0.0,0.0,0.0,0.0,945.904,0.999932,0.0453569,-0.908207,8.2344,0.0,0.0,0.0,0.0,0.0,,
0.00621994,7.8625e-08,122.234,758.017,1e-20,0.0,0.0,65.6493,0.0,0.0,0.0,0.0,945.901,0.999929,0.000477434,-0.892929,8.31279,0.0,0.0,0.0,0.0,0.0,,
0.00622994,7.79554e-08,119.508,760.65,1e-20,0.0,0.0,65.7434,0.0,0.0,0.0,0.0,945.901,0.999929,-0.0445773,-0.878241,8.39288,0.0,0.0,0.0,0.0,0.0,,
0.00623992,7.95942e-08,116.773,763.218,1e-20,0.0,0.0,65.9112,0.0,0.0,0.0,0.0,945.902,0.99993,-0.0922792,-0.851276,8.47418,0.0,0.0,0.0,0.0,0.0,,
0.00624999,7.81914e-08,113.322,766.418,1e-20,0.0,0.0,66.1611,0.0,0.0,0.0,0.0,945.902,0.99993,-0.143528,-0.832986,8.55775,0.0,0.0,0.0,0.0,0.0,,
0.00625999,7.70604e-08,112.533,767.233,1e-20,0.0,0.0,66.1349,0.0,0.0,0.0,0.0,945.901,0.999929,-0.188605,-0.831019,8.64203,0.0,0.0,0.0,0.0,0.0,,
0.00626992,7.82784e-08,114.399,765.357,1e-20,0.0,0.0,66.141,0.0,0.0,0.0,0.0,945.897,0.999925,-0.232014,-0.834596,8.7276,0.0,0.0,0.0,0.0,0.0,,
0.00627994,7.8355e-08,117.919,761.84,1e-20,0.0,0.0,66.139,0.0,0.0,0.0,0.0,945.898,0.999926,-0.273773,-0.838787,8.81579,0.0,0.0,0.0,0.0,0.0,,
0.00628996,7.82166e-08,119.338,760.399,1e-20,0.0,0.0,66.1613,0.0,0.0,0.0,0.0,945.898,0.999926,-0.313632,-0.847987,8.90602,0.0,0.0,0.0,0.0,0.0,,
0.00629993,8.10887e-08,119.578,760.135,1e-20,0.0,0.0,66.1842,0.0,0.0,0.0,0.0,945.897,0.999925,-0.353671,-0.862611,8.99792,0.0,0.0,0.0,0.0,0.0,,
0.00630997,7.94099e-08,120.772,758.878,1e-20,0.0,0.0,66.2447,0.0,0.0,0.0,0.0,945.895,0.999923,-0.39333,-0.88126,9.09241,0.0,0.0,0.0,0.0,0.0,,
0.00631996,7.64067e-08,121.285,758.307,1e-20,0.0,0.0,66.3035,0.0,0.0,0.0,0.0,945.896,0.999924,-0.433825,-0.896549,9.18862,0.0,0.0,0.0,0.0,0.0,,
0.00633,7.71282e-08,121.818,757.683,1e-20,0.0,0.0,66.3945,0.0,0.0,0.0,0.0,945.896,0.999924,-0.472452,-0.911147,9.28723,0.0,0.0,0.0,3072.0,0.0,,
0.00633998,7.52078e-08,122.59,756.842,1e-20,0.0,0.0,66.4617,0.0,0.0,0.0,0.0,945.894,0.999922,-0.509111,-0.923193,9.3875,0.0,0.0,0.0,0.0,0.0,,
0.00634993,7.90601e-08,125.848,753.508,1e-20,0.0,0.0,66.5372,0.0,0.0,0.0,0.0,945.893,0.999921,-0.542055,-0.924489,9.48907,0.0,0.0,0.0,0.0,0.0,,
0.00635996,7.59229e-08,130.104,749.16,1e-20,0.0,0.0,66.6289,0.0,0.0,0.0,0.0,945.893,0.999921,-0.573396,-0.909027,9.59318,0.0,0.0,0.0,0.0,0.0,,
0.00636998,8.00861e-08,130.942,748.254,1e-20,0.0,0.0,66.6974,0.0,0.0,0.0,0.0,945.893,0.999921,-0.60452,-0.886697,9.69876,0.0,0.0,0.0,0.0,0.0,,
0.00637993,7.71218e-08,128.324,750.815,1e-20,0.0,0.0,66.7566,0.0,0.0,0.0,0.0,945.895,0.999923,-0.627938,-0.863495,9.80509,0.0,0.0,0.0,0.0,0.0,,
0.00638994,8.15095e-08,126.918,752.176,1e-20,0.0,0.0,66.8018,0.0,0.0,0.0,0.0,945.896,0.999924,-0.652529,-0.837574,9.91324,0.0,0.0,0.0,0.0,0.0,,
0.00639993,7.98944e-08,127.935,751.131,1e-20,0.0,0.0,66.83,0.0,0.0,0.0,0.0,945.896,0.999923,-0.674155,-0.808116,10.022,0.0,0.0,0.0,0.0,0.0,,
0.00640993,8.02966e-08,127.988,751.075,1e-20,0.0,0.0,66.8321,0.0,0.0,0.0,0.0,945.895,0.999923,-0.694427,-0.781837,10.1317,0.0,0.0,0.0,0.0,0.0,,
0.00641998,8.00655e-08,125.905,753.119,1e-20,0.0,0.0,66.8677,0.0,0.0,0.0,0.0,945.892,0.999919,-0.712484,-0.755863,10.2421,0.0,0.0,0.0,0.0,0.0,,
0.00642999,8.08387e-08,124.883,754.114,1e-20,0.0,0.0,66.8947,0.0,0.0,0.0,0.0,945.892,0.99992,-0.729129,-0.721802,10.3527,0.0,0.0,0.0,0.0,0.0,,
0.00643994,8.54629e-08,126.42,752.554,1e-20,0.0,0.0,66.9173,0.0,0.0,0.0,0.0,945.891,0.999919,-0.747314,-0.685565,10.4624,0.0,0.0,0.0,0.0,0.0,,
0.00644992,8.09044e-08,128.416,750.551,1e-20,0.0,0.0,66.9242,0.0,0.0,0.0,0.0,945.892,0.999919,-0.761787,-0.648045,10.5724,0.0,0.0,0.0,0.0,0.0,,
0.00645999,8.52811e-08,130.7,748.267,1e-20,0.0,0.0,66.9246,0.0,0.0,0.0,0.0,945.892,0.99992,-0.772962,-0.613163,10.6828,0.0,0.0,0.0,0.0,0.0,,
0.00646995,8.05861e-08,130.864,748.083,1e-20,0.0,0.0,66.9445,0.0,0.0,0.0,0.0,945.892,0.99992,-0.783684,-0.58458,10.7915,0.0,0.0,0.0,0.0,0.0,,
0.00647996,8.24222e-08,131.074,747.856,1e-20,0.0,0.0,66.9635,0.0,0.0,0.0,0.0,945.894,0.999922,-0.796632,-0.556461,10.9001,0.0,0.0,0.0,0.0,0.0,,
0.00648994,7.99771e-08,129.06,749.84,1e-20,0.0,0.0,66.9966,0.0,0.0,0.0,0.0,945.896,0.999924,-0.806516,-0.534643,11.0072,0.0,0.0,0.0,0.0,0.0,,
0.00649993,7.95508e-08,124.174,754.619,1e-20,0.0,0.0,67.1016,0.0,0.0,0.0,0.0,945.895,0.999923,-0.808761,-0.521953,11.1135,0.0,0.0,0.0,0.0,0.0,,
0.00650996,8.03921e-08,121.055,757.678,1e-20,0.0,0.0,67.162,0.0,0.0,0.0,0.0,945.894,0.999922,-0.811956,-0.513048,11.2189,0.0,0.0,0.0,0.0,0.0,,
0.00651997,7.9833e-08,118.906,759.78,1e-20,0.0,0.0,67.209,0.0,0.0,0.0,0.0,945.894,0.999922,-0.815151,-0.504872,11.3229,0.0,0.0,0.0,0.0,0.0,,
0.00652994,7.68876e-08,123.591,755.037,1e-20,0.0,0.0,67.2674,0.0,0.0,0.0,0.0,945.895,0.999923,-0.813185,-0.495796,11.4251,0.0,0.0,0.0,0.0,0.0,,
0.00653994,8.23364e-08,129.115,749.44,1e-20,0.0,0.0,67.3412,0.0,0.0,0.0,0.0,945.897,0.999925,-0.809173,-0.488477,11.5261,0.0,0.0,0.0,0.0,0.0,,
0.00655,7.83693e-08,134.277,744.221,1e-20,0.0,0.0,67.3968,0.0,0.0,0.0,0.0,945.895,0.999923,-0.80704,-0.4856,11.6261,0.0,0.0,0.0,0.0,0.0,,
0.00655995,8.3397e-08,138.603,739.847,1e-20,0.0,0.0,67.444,0.0,0.0,0.0,0.0,945.894,0.999922,-0.804459,-0.479686,11.7238,0.0,0.0,0.0,3072.0,0.0,,
0.00657,8.44999e-08,141.797,736.612,1e-20,0.0,0.0,67.4828,0.0,0.0,0.0,0.0,945.892,0.99992,-0.799627,-0.468233,11.8208,0.0,0.0,0.0,0.0,0.0,,
0.00657997,8.3278e-08,145.783,732.585,1e-20,0.0,0.0,67.5222,0.0,0.0,0.0,0.0,945.891,0.999918,-0.790584,-0.460127,11.9154,0.0,0.0,0.0,0.0,0.0,,
0.00658999,8.41801e-08,149.932,728.403,1e-20,0.0,0.0,67.5548,0.0,0.0,0.0,0.0,945.89,0.999918,-0.779964,-0.447326,12.0091,0.0,0.0,0.0,0.0,0.0,,
0.00659995,8.34373e-08,153.605,724.682,1e-20,0.0,0.0,67.6032,0.0,0.0,0.0,0.0,945.89,0.999917,-0.769264,-0.425226,12.1005,0.0,0.0,0.0,0.0,0.0,,
0.00660994,8.27993e-08,157.392,720.85,1e-20,0.0,0.0,67.6497,0.0,0.0,0.0,0.0,945.892,0.999919,-0.75741,-0.387507,12.1909,0.0,0.0,0.0,0.0,0.0,,
0.00661997,8.20781e-08,158.436,719.786,1e-20,0.0,0.0,67.6693,0.0,0.0,0.0,0.0,945.891,0.999918,-0.744101,-0.344004,12.2801,0.0,0.0,0.0,0.0,0.0,,
0.00662995,8.26391e-08,159.165,718.955,1e-20,0.0,0.0,67.7719,0.0,0.0,0.0,0.0,945.892,0.99992,-0.727539,-0.303234,12.3673,0.0,0.0,0.0,0.0,0.0,,
0.00663998,8.14624e-08,158.75,719.222,1e-20,0.0,0.0,67.9256,0.0,0.0,0.0,0.0,945.898,0.999925,-0.712843,-0.263339,12.4536,0.0,0.0,0.0,0.0,0.0,,
0.00665,8.11072e-08,162.448,715.456,1e-20,0.0,0.0,67.9913,0.0,0.0,0.0,0.0,945.896,0.999923,-0.696756,-0.216623,12.5381,0.0,0.0,0.0,0.0,0.0,,
0.00665998,8.09672e-08,168.921,708.921,1e-20,0.0,0.0,68.0524,0.0,0.0,0.0,0.0,945.895,0.999922,-0.674937,-0.158508,12.6209,0.0,0.0,0.0,0.0,0.0,,
0.00666999,8.44585e-08,170.775,707.06,1e-20,0.0,0.0,68.0596,0.0,0.0,0.0,0.0,945.895,0.999922,-0.648907,-0.0916414,12.7025,0.0,0.0,0.0,0.0,0.0,,
0.00667993,8.28119e-08,170.421,707.384,1e-20,0.0,0.0,68.0856,0.0,0.0,0.0,0.0,945.891,0.999918,-0.625112,-0.00708442,12.7819,0.0,0.0,0.0,0.0,0.0,,
0.00668994,8.19223e-08,168.874,708.889,1e-20,0.0,0.0,68.1271,0.0,0.0,0.0,0.0,945.89,0.999918,-0.5987,0.0851844,12.8608,0.0,0.0,0.0,0.0,0.0,,
0.00669996,8.1684e-08,168.28,709.453,1e-20,0.0,0.0,68.1598,0.0,0.0,0.0,0.0,945.892,0.99992,-0.57179,0.188071,12.9386,0.0,0.0,0.0,0.0,0.0,,
0.00670998,8.08739e-08,167.029,710.609,1e-20,0.0,0.0,68.254,0.0,0.0,0.0,0.0,945.891,0.999919,-0.544169,0.301864,13.0149,0.0,0.0,0.0,0.0,0.0,,
0.00671993,8.02219e-08,165.122,712.392,1e-20,0.0,0.0,68.3771,0.0,0.0,0.0,0.0,945.891,0.999919,-0.515108,0.427334,13.0893,0.0,0.0,0.0,0.0,0.0,,
0.00672992,8.02005e-08,164.554,712.854,1e-20,0.0,0.0,68.482,0.0,0.0,0.0,0.0,945.89,0.999918,-0.483159,0.566278,13.1628,0.0,0.0,0.0,0.0,0.0,,
0.00673998,8.01507e-08,163.133,714.168,1e-20,0.0,0.0,68.5851,0.0,0.0,0.0,0.0,945.886,0.999913,-0.448284,0.712669,13.2354,0.0,0.0,0.0,0.0,0.0,,
0.00674997,8.00368e-08,163.061,714.162,1e-20,0.0,0.0,68.6614,0.0,0.0,0.0,0.0,945.884,0.999912,-0.410933,0.856016,13.3063,0.0,0.0,0.0,0.0,0.0,,
0.00675998,7.99897e-08,164.399,712.729,1e-20,0.0,0.0,68.7585,0.0,0.0,0.0,0.0,945.887,0.999914,-0.371277,1.00046,13.3763,0.0,0.0,0.0,0.0,0.0,,
0.00676998,8.05353e-08,169.661,707.378,1e-20,0.0,0.0,68.8446,0.0,0.0,0.0,0.0,945.884,0.999911,-0.332256,1.14328,13.4448,0.0,0.0,0.0,0.0,0.0,,
0.00677993,8.10591e-08,175.994,700.993,1e-20,0.0,0.0,68.8968,0.0,0.0,0.0,0.0,945.884,0.999911,-0.299003,1.27972,13.512,0.0,0.0,0.0,0.0,0.0,,
0.00678997,7.98916e-08,179.739,697.211,1e-20,0.0,0.0,68.9381,0.0,0.0,0.0,0.0,945.888,0.999915,-0.265986,1.40691,13.5785,0.0,0.0,0.0,0.0,0.0,,
0.00679995,8.24148e-08,181.22,695.685,1e-20,0.0,0.0,68.9835,0.0,0.0,0.0,0.0,945.888,0.999915,-0.231631,1.51456,13.6434,0.0,0.0,0.0,3072.0,0.0,,
0.00680998,8.1518e-08,183.95,692.926,1e-20,0.0,0.0,69.0115,0.0,0.0,0.0,0.0,945.887,0.999915,-0.198143,1.60711,13.7076,0.0,0.0,0.0,0.0,0.0,,
0.00681998,8.64881e-08,184.798,692.036,1e-20,0.0,0.0,69.052,0.0,0.0,0.0,0.0,945.886,0.999913,-0.164869,1.67716,13.7702,0.0,0.0,0.0,0.0,0.0,,
0.00682995,8.26638e-08,183.682,693.112,1e-20,0.0,0.0,69.0943,0.0,0.0,0.0,0.0,945.888,0.999916,-0.130138,1.71696,13.8317,0.0,0.0,0.0,0.0,0.0,,
0.00683993,8.0312e-08,184.566,692.197,1e-20,0.0,0.0,69.1256,0.0,0.0,0.0,0.0,945.889,0.999916,-0.091607,1.74162,13.8921,0.0,0.0,0.0,0.0,0.0,,
0.00684992,8.34909e-08,185.88,690.856,1e-20,0.0,0.0,69.151,0.0,0.0,0.0,0.0,945.887,0.999914,-0.0479237,1.75169,13.9515,0.0,0.0,0.0,0.0,0.0,,
0.00685992,8.19612e-08,186.399,690.303,1e-20,0.0,0.0,69.1854,0.0,0.0,0.0,0.0,945.887,0.999915,-0.00537561,1.75232,14.01,0.0,0.0,0.0,0.0,0.0,,
0.00686995,7.64205e-08,184.58,692.054,1e-20,0.0,0.0,69.252,0.0,0.0,0.0,0.0,945.886,0.999913,0.0366156,1.74157,14.0673,0.0,0.0,0.0,0.0,0.0,,
0.00687999,7.5062e-08,185.895,690.657,1e-20,0.0,0.0,69.3347,0.0,0.0,0.0,0.0,945.886,0.999914,0.0801822,1.72784,14.1239,0.0,0.0,0.0,0.0,0.0,,
0.00688995,7.41911e-08,187.841,688.611,1e-20,0.0,0.0,69.4351,0.0,0.0,0.0,0.0,945.887,0.999914,0.121644,1.71076,14.1792,0.0,0.0,0.0,0.0,0.0,,
0.00689994,7.32177e-08,189.083,687.204,1e-20,0.0,0.0,69.6008,0.0,0.0,0.0,0.0,945.888,0.999916,0.1647,1.68897,14.234,0.0,0.0,0.0,0.0,0.0,,
0.00690997,7.70063e-08,190.072,686.082,1e-20,0.0,0.0,69.7374,0.0,0.0,0.0,0.0,945.891,0.999919,0.207847,1.66425,14.2887,0.0,0.0,0.0,0.0,0.0,,
0.00691998,7.11635e-08,190.079,685.887,1e-20,0.0,0.0,69.9287,0.0,0.0,0.0,0.0,945.895,0.999922,0.255413,1.63028,14.3432,0.0,0.0,0.0,0.0,0.0,,
0.00692999,7.08421e-08,190.956,684.86,1e-20,0.0,0.0,70.078,0.0,0.0,0.0,0.0,945.894,0.999922,0.305267,1.59583,14.397,0.0,0.0,0.0,0.0,0.0,,
0.00694,6.99987e-08,190.037,685.52,1e-20,0.0,0.0,70.3404,0.0,0.0,0.0,0.0,945.897,0.999925,0.360309,1.56629,14.4506,0.0,0.0,0.0,0.0,0.0,,
0.00694993,7.39764e-08,188.626,686.725,1e-20,0.0,0.0,70.5474,0.0,0.0,0.0,0.0,945.898,0.999926,0.417336,1.54069,14.5034,0.0,0.0,0.0,0.0,0.0,,
0.00695993,6.91831e-08,186.852,688.233,1e-20,0.0,0.0,70.8153,0.0,0.0,0.0,0.0,945.901,0.999929,0.47687,1.52087,14.5564,0.0,0.0,0.0,0.0,0.0,,
0.00696997,7.13129e-08,182.244,692.683,1e-20,0.0,0.0,70.9733,0.0,0.0,0.0,0.0,945.901,0.999929,0.542696,1.51334,14.6092,0.0,0.0,0.0,0.0,0.0,,
0.00697994,6.85311e-08,180.959,693.807,1e-20,0.0,0.0,71.1334,0.0,0.0,0.0,0.0,945.899,0.999927,0.604996,1.51697,14.6614,0.0,0.0,0.0,0.0,0.0,,
0.00698995,7.16716e-08,180.224,694.441,1e-20,0.0,0.0,71.2302,0.0,0.0,0.0,0.0,945.896,0.999924,0.671204,1.51601,14.7134,0.0,0.0,0.0,0.0,0.0,,
0.00699997,6.89627e-08,180.144,694.435,1e-20,0.0,0.0,71.3152,0.0,0.0,0.0,0.0,945.893,0.999921,0.73281,1.50595,14.7652,0.0,0.0,0.0,0.0,0.0,,
0.00700998,6.87722e-08,181.105,693.334,1e-20,0.0,0.0,71.4521,0.0,0.0,0.0,0.0,945.891,0.999919,0.795464,1.49189,14.8166,0.0,0.0,0.0,0.0,0.0,,
0.00701995,6.90507e-08,183.652,690.643,1e-20,0.0,0.0,71.5968,0.0,0.0,0.0,0.0,945.891,0.999919,0.853772,1.47009,14.8676,0.0,0.0,0.0,0.0,0.0,,
0.00702997,6.9411e-08,185.252,688.889,1e-20,0.0,0.0,71.7512,0.0,0.0,0.0,0.0,945.892,0.999919,0.905295,1.42883,14.9186,0.0,0.0,0.0,0.0,0.0,,
0.00703998,7.40526e-08,185.552,688.403,1e-20,0.0,0.0,71.9384,0.0,0.0,0.0,0.0,945.893,0.999921,0.951367,1.36569,14.9694,0.0,0.0,0.0,0.0,0.0,,
0.00704996,7.13451e-08,185.22,688.302,1e-20,0.0,0.0,72.378,0.0,0.0,0.0,0.0,945.9,0.999928,0.991636,1.28617,15.02,0.0,0.0,0.0,0.0,0.0,,
0.00705998,7.68397e-08,186.009,687.027,1e-20,0.0,0.0,72.8687,0.0,0.0,0.0,0.0,945.905,0.999933,1.02477,1.18824,15.0704,0.0,0.0,0.0,0.0,0.0,,
0.00706993,7.64696e-08,186.922,685.531,1e-20,0.0,0.0,73.455,0.0,0.0,0.0,0.0,945.908,0.999937,1.05291,1.06013,15.1202,0.0,0.0,0.0,0.0,0.0,,
0.00707993,7.68999e-08,185.919,686.094,1e-20,0.0,0.0,73.8926,0.0,0.0,0.0,0.0,945.906,0.999935,1.07454,0.910188,15.1697,0.0,0.0,0.0,0.0,0.0,,
0.00708998,8.10534e-08,186.096,685.775,1e-20,0.0,0.0,74.0286,0.0,0.0,0.0,0.0,945.9,0.999928,1.094,0.738534,15.2191,0.0,0.0,0.0,0.0,0.0,,
0.00709993,8.04561e-08,186.454,685.42,1e-20,0.0,0.0,74.0221,0.0,0.0,0.0,0.0,945.896,0.999924,1.10836,0.556658,15.2676,0.0,0.0,0.0,0.0,0.0,,
0.00710993,8.13254e-08,187.09,684.646,1e-20,0.0,0.0,74.1605,0.0,0.0,0.0,0.0,945.897,0.999924,1.11691,0.365534,15.3165,0.0,0.0,0.0,0.0,0.0,,
0.00711994,8.18683e-08,189.763,681.791,1e-20,0.0,0.0,74.3421,0.0,0.0,0.0,0.0,945.896,0.999923,1.12144,0.182955,15.3652,0.0,0.0,0.0,0.0,0.0,,
0.00712995,8.56197e-08,194.225,677.086,1e-20,0.0,0.0,74.5882,0.0,0.0,0.0,0.0,945.899,0.999927,1.12207,0.0102027,15.4137,0.0,0.0,0.0,0.0,0.0,,
0.00713995,8.106e-08,200.024,671.012,1e-20,0.0,0.0,74.8618,0.0,0.0,0.0,0.0,945.898,0.999926,1.12076,-0.161347,15.4618,0.0,0.0,0.0,0.0,0.0,,
0.00714994,7.92986e-08,203.436,667.325,1e-20,0.0,0.0,75.1306,0.0,0.0,0.0,0.0,945.892,0.99992,1.11423,-0.328579,15.5094,0.0,0.0,0.0,0.0,0.0,,
0.00715995,7.97065e-08,205.183,665.329,1e-20,0.0,0.0,75.378,0.0,0.0,0.0,0.0,945.89,0.999917,1.10866,-0.484489,15.557,0.0,0.0,0.0,0.0,0.0,,
0.00717,7.87965e-08,205.774,664.594,1e-20,0.0,0.0,75.5193,0.0,0.0,0.0,0.0,945.888,0.999915,1.09869,-0.626344,15.6045,0.0,0.0,0.0,0.0,0.0,,
0.00717993,7.84709e-08,204.576,665.716,1e-20,0.0,0.0,75.5909,0.0,0.0,0.0,0.0,945.883,0.99991,1.08937,-0.749862,15.651,0.0,0.0,0.0,0.0,0.0,,
0.00718999,7.84782e-08,206.378,663.815,1e-20,0.0,0.0,75.6896,0.0,0.0,0.0,0.0,945.882,0.999909,1.07494,-0.858314,15.6982,0.0,0.0,0.0,0.0,0.0,,
0.00719993,7.90141e-08,210.261,659.823,1e-20,0.0,0.0,75.7993,0.0,0.0,0.0,0.0,945.884,0.999911,1.0566,-0.950447,15.7446,0.0,0.0,0.0,0.0,0.0,,
0.00720992,7.98344e-08,213.875,656.015,1e-20,0.0,0.0,75.9951,0.0,0.0,0.0,0.0,945.885,0.999912,1.03591,-1.02034,15.791,0.0,0.0,0.0,0.0,0.0,,
0.00721997,8.0988e-08,214.902,654.759,1e-20,0.0,0.0,76.2242,0.0,0.0,0.0,0.0,945.886,0.999913,1.01714,-1.05486,15.8375,0.0,0.0,0.0,0.0,0.0,,
0.00722996,8.05339e-08,214.257,655.186,1e-20,0.0,0.0,76.442,0.0,0.0,0.0,0.0,945.885,0.999912,0.994851,-1.05846,15.8834,0.0,0.0,0.0,0.0,0.0,,
0.00723992,8.4641e-08,214.378,654.871,1e-20,0.0,0.0,76.6344,0.0,0.0,0.0,0.0,945.884,0.999911,0.967055,-1.03462,15.9289,0.0,0.0,0.0,0.0,0.0,,
0.00724997,8.16104e-08,212.573,656.453,1e-20,0.0,0.0,76.8569,0.0,0.0,0.0,0.0,945.883,0.99991,0.930145,-0.983422,15.9746,0.0,0.0,0.0,0.0,0.0,,
0.00725999,8.60268e-08,210.634,658.142,1e-20,0.0,0.0,77.105,0.0,0.0,0.0,0.0,945.881,0.999908,0.888972,-0.905653,16.0199,0.0,0.0,0.0,0.0,0.0,,
0.00726999,8.31507e-08,211.175,657.44,1e-20,0.0,0.0,77.2695,0.0,0.0,0.0,0.0,945.885,0.999912,0.849813,-0.812594,16.065,0.0,0.0,0.0,0.0,0.0,,
0.00727997,8.31563e-08,212.143,656.24,1e-20,0.0,0.0,77.5022,0.0,0.0,0.0,0.0,945.886,0.999913,0.807297,-0.717185,16.1097,0.0,0.0,0.0,0.0,0.0,,
0.00728994,8.31015e-08,212.827,655.361,1e-20,0.0,0.0,77.6951,0.0,0.0,0.0,0.0,945.883,0.99991,0.761118,-0.628818,16.1542,0.0,0.0,0.0,0.0,0.0,,
0.00729998,8.33312e-08,214.01,653.991,1e-20,0.0,0.0,77.8808,0.0,0.0,0.0,0.0,945.881,0.999908,0.713302,-0.554756,16.1986,0.0,0.0,0.0,0.0,0.0,,
0.00730993,8.27943e-08,215.917,651.933,1e-20,0.0,0.0,78.034,0.0,0.0,0.0,0.0,945.884,0.999911,0.661078,-0.499709,16.2425,0.0,0.0,0.0,0.0,0.0,,
0.00731996,8.26873e-08,216.735,650.961,1e-20,0.0,0.0,78.1852,0.0,0.0,0.0,0.0,945.882,0.999909,0.609474,-0.465558,16.2865,0.0,0.0,0.0,0.0,0.0,,
0.00732997,8.33321e-08,219.981,647.57,1e-20,0.0,0.0,78.3264,0.0,0.0,0.0,0.0,945.877,0.999904,0.557535,-0.455033,16.33,0.0,0.0,0.0,0.0,0.0,,
0.00733998,8.63516e-08,223.135,644.304,1e-20,0.0,0.0,78.4398,0.0,0.0,0.0,0.0,945.879,0.999906,0.505634,-0.463122,16.3736,0.0,0.0,0.0,0.0,0.0,,
0.00734995,8.59783e-08,226.089,641.308,1e-20,0.0,0.0,78.4835,0.0,0.0,0.0,0.0,945.881,0.999908,0.452919,-0.480477,16.4168,0.0,0.0,0.0,0.0,0.0,,
0.00735992,8.38104e-08,228.153,639.194,1e-20,0.0,0.0,78.5331,0.0,0.0,0.0,0.0,945.88,0.999907,0.399822,-0.504493,16.4595,0.0,0.0,0.0,0.0,0.0,,
0.00736994,8.37296e-08,227.849,639.407,1e-20,0.0,0.0,78.6239,0.0,0.0,0.0,0.0,945.88,0.999906,0.348741,-0.535595,16.5024,0.0,0.0,0.0,0.0,0.0,,
0.00737999,8.35524e-08,229.188,637.937,1e-20,0.0,0.0,78.7535,0.0,0.0,0.0,0.0,945.878,0.999905,0.296311,-0.570877,16.545,0.0,0.0,0.0,0.0,0.0,,
0.00738992,8.34807e-08,230.311,636.701,1e-20,0.0,0.0,78.8674,0.0,0.0,0.0,0.0,945.879,0.999906,0.243378,-0.606912,16.587,0.0,0.0,0.0,3072.0,0.0,,
0.00739993,8.16502e-08,231.028,635.88,1e-20,0.0,0.0,78.9717,0.0,0.0,0.0,0.0,945.879,0.999906,0.189676,-0.651048,16.6292,0.0,0.0,0.0,0.0,0.0,,
0.00740994,8.24828e-08,232.667,634.162,1e-20,0.0,0.0,79.0476,0.0,0.0,0.0,0.0,945.877,0.999904,0.135454,-0.70521,16.6709,0.0,0.0,0.0,0.0,0.0,,
0.00741999,8.43652e-08,234.851,631.919,1e-20,0.0,0.0,79.1072,0.0,0.0,0.0,0.0,945.877,0.999903,0.0796357,-0.753299,16.7128,0.0,0.0,0.0,0.0,0.0,,
0.00742998,8.60626e-08,236.62,630.136,1e-20,0.0,0.0,79.1229,0.0,0.0,0.0,0.0,945.879,0.999906,0.0244766,-0.795325,16.7542,0.0,0.0,0.0,0.0,0.0,,
0.00743993,8.18671e-08,236.443,630.292,1e-20,0.0,0.0,79.1448,0.0,0.0,0.0,0.0,945.879,0.999906,-0.0312098,-0.834924,16.7953,0.0,0.0,0.0,0.0,0.0,,
0.00744992,8.44586e-08,233.499,633.179,1e-20,0.0,0.0,79.1994,0.0,0.0,0.0,0.0,945.878,0.999904,-0.0843381,-0.865683,16.8362,0.0,0.0,0.0,0.0,0.0,,
0.00745992,8.22908e-08,230.79,635.841,1e-20,0.0,0.0,79.244,0.0,0.0,0.0,0.0,945.875,0.999901,-0.1363,-0.879519,16.877,0.0,0.0,0.0,0.0,0.0,,
0.00747,8.18427e-08,230.091,636.477,1e-20,0.0,0.0,79.3051,0.0,0.0,0.0,0.0,945.874,0.999901,-0.190847,-0.87956,16.9179,0.0,0.0,0.0,0.0,0.0,,
0.00747994,8.24617e-08,233.305,633.237,1e-20,0.0,0.0,79.3317,0.0,0.0,0.0,0.0,945.874,0.999901,-0.242095,-0.873216,16.9582,0.0,0.0,0.0,0.0,0.0,,
0.00748994,8.16446e-08,237.046,629.5,1e-20,0.0,0.0,79.3302,0.0,0.0,0.0,0.0,945.877,0.999903,-0.294356,-0.866117,16.9985,0.0,0.0,0.0,0.0,0.0,,
0.00749994,8.26437e-08,238.158,628.392,1e-20,0.0,0.0,79.3231,0.0,0.0,0.0,0.0,945.873,0.9999,-0.346587,-0.857403,17.0384,0.0,0.0,0.0,0.0,0.0,,
0.00751,8.154e-08,238.033,628.517,1e-20,0.0,0.0,79.3244,0.0,0.0,0.0,0.0,945.874,0.999901,-0.400437,-0.847536,17.0786,0.0,0.0,0.0,0.0,0.0,,
0.00751998,8.19711e-08,237.245,629.282,1e-20,0.0,0.0,79.3473,0.0,0.0,0.0,0.0,945.874,0.9999,-0.454212,-0.844188,17.1182,0.0,0.0,0.0,0.0,0.0,,
0.00752996,8.11274e-08,237.068,629.45,1e-20,0.0,0.0,79.3597,0.0,0.0,0.0,0.0,945.878,0.999905,-0.506786,-0.84125,17.1579,0.0,0.0,0.0,0.0,0.0,,
0.00753994,8.18714e-08,234.73,631.741,1e-20,0.0,0.0,79.4051,0.0,0.0,0.0,0.0,945.876,0.999903,-0.553958,-0.846301,17.1971,0.0,0.0,0.0,0.0,0.0,,
0.00754993,8.12638e-08,233.598,632.844,1e-20,0.0,0.0,79.4333,0.0,0.0,0.0,0.0,945.875,0.999902,-0.600137,-0.859943,17.2362,0.0,0.0,0.0,0.0,0.0,,
0.00755995,8.261e-08,232.615,633.824,1e-20,0.0,0.0,79.4367,0.0,0.0,0.0,0.0,945.876,0.999902,-0.644534,-0.883176,17.2754,0.0,0.0,0.0,0.0,0.0,,
0.00756994,8.13178e-08,232.242,634.19,1e-20,0.0,0.0,79.4473,0.0,0.0,0.0,0.0,945.879,0.999905,-0.686391,-0.912412,17.3144,0.0,0.0,0.0,0.0,0.0,,
0.00757992,8.16509e-08,233.553,632.841,1e-20,0.0,0.0,79.4869,0.0,0.0,0.0,0.0,945.881,0.999908,-0.727545,-0.940396,17.3533,0.0,0.0,0.0,0.0,0.0,,
0.00758997,8.53375e-08,236.345,630.027,1e-20,0.0,0.0,79.5076,0.0,0.0,0.0,0.0,945.879,0.999906,-0.767684,-0.967794,17.3922,0.0,0.0,0.0,0.0,0.0,,
0.00759996,8.47456e-08,239.626,626.73,1e-20,0.0,0.0,79.5184,0.0,0.0,0.0,0.0,945.874,0.999901,-0.804988,-0.994904,17.4306,0.0,0.0,0.0,0.0,0.0,,
0.00760996,8.19332e-08,243.585,622.755,1e-20,0.0,0.0,79.5341,0.0,0.0,0.0,0.0,945.873,0.9999,-0.841222,-1.01465,17.4692,0.0,0.0,0.0,0.0,0.0,,
0.00761997,8.13858e-08,245.089,621.245,1e-20,0.0,0.0,79.5442,0.0,0.0,0.0,0.0,945.878,0.999905,-0.876253,-1.02365,17.5078,0.0,0.0,0.0,0.0,0.0,,
0.00762996,7.93114e-08,244.609,621.711,1e-20,0.0,0.0,79.5564,0.0,0.0,0.0,0.0,945.876,0.999902,-0.909589,-1.01659,17.5462,0.0,0.0,0.0,0.0,0.0,,
0.00763995,8.28134e-08,243.724,622.578,1e-20,0.0,0.0,79.5771,0.0,0.0,0.0,0.0,945.88,0.999907,-0.940417,-0.995258,17.5847,0.0,0.0,0.0,0.0,0.0,,
0.00764999,7.89238e-08,243.279,623.003,1e-20,0.0,0.0,79.5962,0.0,0.0,0.0,0.0,945.878,0.999905,-0.971065,-0.97001,17.6232,0.0,0.0,0.0,3072.0,0.0,,
0.00765994,7.59803e-08,243.839,622.422,1e-20,0.0,0.0,79.6205,0.0,0.0,0.0,0.0,945.882,0.999909,-0.998752,-0.945007,17.6615,0.0,0.0,0.0,0.0,0.0,,
0.00766997,7.35686e-08,244.083,622.104,1e-20,0.0,0.0,79.696,0.0,0.0,0.0,0.0,945.883,0.999911,-1.02226,-0.913326,17.7,0.0,0.0,0.0,0.0,0.0,,
0.00767997,7.17865e-08,244.073,622.033,1e-20,0.0,0.0,79.7749,0.0,0.0,0.0,0.0,945.881,0.999907,-1.03773,-0.883834,17.7382,0.0,0.0,0.0,0.0,0.0,,
0.00768996,7.57891e-08,244.053,622.011,1e-20,0.0,0.0,79.8146,0.0,0.0,0.0,0.0,945.879,0.999906,-1.04911,-0.865305,17.7765,0.0,0.0,0.0,0.0,0.0,,
0.00769997,7.06556e-08,243.973,622.088,1e-20,0.0,0.0,79.8207,0.0,0.0,0.0,0.0,945.882,0.999909,-1.06254,-0.850172,17.815,0.0,0.0,0.0,0.0,0.0,,
0.00770993,7.74011e-08,243.487,622.568,1e-20,0.0,0.0,79.8267,0.0,0.0,0.0,0.0,945.881,0.999908,-1.07099,-0.844949,17.8532,0.0,0.0,0.0,0.0,0.0,,
0.00771995,7.90191e-08,243.238,622.814,1e-20,0.0,0.0,79.8321,0.0,0.0,0.0,0.0,945.883,0.999911,-1.07819,-0.845799,17.8919,0.0,0.0,0.0,0.0,0.0,,
0.00772995,7.97602e-08,245.695,620.348,1e-20,0.0,0.0,79.841,0.0,0.0,0.0,0.0,945.883,0.99991,-1.08336,-0.847763,17.9304,0.0,0.0,0.0,0.0,0.0,,
0.00773995,8.27021e-08,248.406,617.567,1e-20,0.0,0.0,79.9127,0.0,0.0,0.0,0.0,945.885,0.999913,-1.08827,-0.855495,17.9691,0.0,0.0,0.0,0.0,0.0,,
0.00775,7.94362e-08,249.331,616.585,1e-20,0.0,0.0,79.9667,0.0,0.0,0.0,0.0,945.883,0.99991,-1.08912,-0.857888,18.0078,0.0,0.0,0.0,0.0,0.0,,
0.00775995,7.94301e-08,248.71,617.169,1e-20,0.0,0.0,80.0013,0.0,0.0,0.0,0.0,945.88,0.999907,-1.08864,-0.858413,18.0463,0.0,0.0,0.0,0.0,0.0,,
0.00776994,8.21142e-08,248.811,617.021,1e-20,0.0,0.0,80.0471,0.0,0.0,0.0,0.0,945.879,0.999906,-1.08661,-0.849141,18.0851,0.0,0.0,0.0,0.0,0.0,,
0.00777994,8.13169e-08,251.487,614.316,1e-20,0.0,0.0,80.0741,0.0,0.0,0.0,0.0,945.878,0.999904,-1.08606,-0.82511,18.1241,0.0,0.0,0.0,0.0,0.0,,
0.00778994,7.9891e-08,254.611,611.157,1e-20,0.0,0.0,80.112,0.0,0.0,0.0,0.0,945.88,0.999907,-1.0876,-0.78192,18.1633,0.0,0.0,0.0,0.0,0.0,,
0.00779995,8.34486e-08,257.549,608.204,1e-20,0.0,0.0,80.1292,0.0,0.0,0.0,0.0,945.882,0.999909,-1.08641,-0.721418,18.2026,0.0,0.0,0.0,0.0,0.0,,
0.00780998,8.18787e-08,260.836,604.874,1e-20,0.0,0.0,80.1736,0.0,0.0,0.0,0.0,945.883,0.99991,-1.08422,-0.644063,18.2422,0.0,0.0,0.0,0.0,0.0,,
0.00781997,8.15584e-08,261.049,604.622,1e-20,0.0,0.0,80.2105,0.0,0.0,0.0,0.0,945.882,0.999909,-1.08159,-0.554172,18.2816,0.0,0.0,0.0,0.0,0.0,,
0.00782995,8.40895e-08,261.89,603.713,1e-20,0.0,0.0,80.2745,0.0,0.0,0.0,0.0,945.878,0.999904,-1.07774,-0.446215,18.3211,0.0,0.0,0.0,0.0,0.0,,
0.00783999,8.19422e-08,263.948,601.604,1e-20,0.0,0.0,80.3242,0.0,0.0,0.0,0.0,945.876,0.999903,-1.06775,-0.326008,18.3611,0.0,0.0,0.0,0.0,0.0,,
0.00784999,8.25173e-08,267.045,598.462,1e-20,0.0,0.0,80.37,0.0,0.0,0.0,0.0,945.877,0.999903,-1.05105,-0.205092,18.4012,0.0,0.0,0.0,3072.0,0.0,,
0.00785998,8.17056e-08,269.122,596.31,1e-20,0.0,0.0,80.4493,0.0,0.0,0.0,0.0,945.881,0.999908,-1.03145,-0.0780418,18.4414,0.0,0.0,0.0,0.0,0.0,,
0.00786998,8.15257e-08,270.83,594.525,1e-20,0.0,0.0,80.5261,0.0,0.0,0.0,0.0,945.881,0.999908,-1.00839,0.0468747,18.4818,0.0,0.0,0.0,3072.0,0.0,,
0.00787996,8.03977e-08,272.542,592.784,1e-20,0.0,0.0,80.5573,0.0,0.0,0.0,0.0,945.883,0.99991,-0.980029,0.168093,18.5223,0.0,0.0,0.0,0.0,0.0,,
0.00788998,8.09127e-08,274.749,590.563,1e-20,0.0,0.0,80.5709,0.0,0.0,0.0,0.0,945.884,0.999911,-0.946297,0.291092,18.5631,0.0,0.0,0.0,0.0,0.0,,
0.00789998,8.05738e-08,276.565,588.76,1e-20,0.0,0.0,80.5597,0.0,0.0,0.0,0.0,945.884,0.999912,-0.912076,0.406166,18.6041,0.0,0.0,0.0,0.0,0.0,,
0.00790993,8.34516e-08,275.593,589.728,1e-20,0.0,0.0,80.5634,0.0,0.0,0.0,0.0,945.885,0.999912,-0.874331,0.509026,18.6449,0.0,0.0,0.0,0.0,0.0,,
0.00791996,8.27857e-08,273.495,591.812,1e-20,0.0,0.0,80.576,0.0,0.0,0.0,0.0,945.882,0.999909,-0.834946,0.59903,18.6863,0.0,0.0,0.0,3072.0,0.0,,
0.00792993,8.11285e-08,271.804,593.485,1e-20,0.0,0.0,80.5956,0.0,0.0,0.0,0.0,945.884,0.999911,-0.792199,0.675038,18.7276,0.0,0.0,0.0,0.0,0.0,,
0.00793997,8.28754e-08,273.391,591.879,1e-20,0.0,0.0,80.6141,0.0,0.0,0.0,0.0,945.884,0.999911,-0.749152,0.745653,18.7693,0.0,0.0,0.0,0.0,0.0,,
0.00794999,8.03125e-08,274.94,590.312,1e-20,0.0,0.0,80.6304,0.0,0.0,0.0,0.0,945.883,0.99991,-0.706261,0.809949,18.8112,0.0,0.0,0.0,0.0,0.0,,
0.00795993,8.25481e-08,276.052,589.171,1e-20,0.0,0.0,80.6587,0.0,0.0,0.0,0.0,945.882,0.999909,-0.657385,0.869001,18.8528,0.0,0.0,0.0,0.0,0.0,,
0.00796999,8.05757e-08,277.561,587.633,1e-20,0.0,0.0,80.6851,0.0,0.0,0.0,0.0,945.879,0.999906,-0.606995,0.917667,18.895,0.0,0.0,0.0,0.0,0.0,,
0.00797995,8.14579e-08,277.446,587.724,1e-20,0.0,0.0,80.7061,0.0,0.0,0.0,0.0,945.876,0.999902,-0.559152,0.942472,18.937,0.0,0.0,0.0,0.0,0.0,,
0.00798993,8.18399e-08,277.031,588.116,1e-20,0.0,0.0,80.729,0.0,0.0,0.0,0.0,945.876,0.999903,-0.513166,0.949997,18.9791,0.0,0.0,0.0,0.0,0.0,,
0.00799999,8.12716e-08,277.619,587.491,1e-20,0.0,0.0,80.7693,0.0,0.0,0.0,0.0,945.879,0.999906,-0.467779,0.956881,19.022,0.0,0.0,0.0,0.0,0.0,,
