time_s,contact_id,surfa_force_z_N
0.0,1,0.0
1.98e-06,1,0.0
3.96e-06,1,11562.0
5.94e-06,1,56826.9
7.92e-06,1,80565.5
9.98996e-06,1,86712.8
1.19695e-05,1,87193.0
1.39473e-05,1,82559.0
1.59208e-05,1,77570.0
1.79787e-05,1,74637.0
1.99469e-05,1,70616.3
2.19264e-05,1,67406.8
2.39964e-05,1,64942.6
2.59764e-05,1,60083.5
2.79564e-05,1,55416.3
2.99364e-05,1,50885.4
3.1916e-05,1,46108.5
3.39831e-05,1,42750.7
3.59621e-05,1,42082.2
3.7942e-05,1,42253.1
3.99218e-05,1,42150.5
4.19911e-05,1,42127.1
4.39684e-05,1,42322.4
4.59451e-05,1,42293.2
4.79186e-05,1,42130.2
4.99768e-05,1,42628.8
5.19394e-05,1,43957.7
5.39838e-05,1,45541.2
5.59324e-05,1,47306.7
5.79637e-05,1,49544.5
5.99908e-05,1,52169.6
6.19278e-05,1,54676.1
6.39671e-05,1,56696.3
6.5946e-05,1,57913.0
6.79263e-05,1,57675.5
6.99099e-05,1,55536.3
7.19694e-05,1,52014.5
7.39325e-05,1,48204.5
7.59803e-05,1,45333.2
7.7936e-05,1,43593.5
7.99797e-05,1,42670.0
8.19313e-05,1,42493.6
8.39664e-05,1,42906.1
8.59951e-05,1,43709.2
8.79296e-05,1,44773.7
8.99466e-05,1,45965.2
9.19602e-05,1,46914.8
9.39115e-05,1,46925.9
9.59546e-05,1,46101.4
9.79941e-05,1,44765.0
9.99464e-05,1,43441.5
0.000101988,1,42166.1
0.000103942,1,40358.0
0.000105985,1,38150.9
0.000107941,1,36207.4
0.000109988,1,34748.2
0.000111939,1,33567.2
0.000113976,1,32490.9
0.000115921,1,31380.4
0.000117954,1,30379.3
0.000119984,1,29847.6
0.000121924,1,29891.1
0.000123961,1,30380.5
0.000125913,1,30885.9
0.000127956,1,31091.5
0.000129934,1,30976.6
0.000132,1,30736.6
0.00013396,1,30213.7
0.000135917,1,29155.8
0.000137962,1,27601.1
0.000139931,1,25867.9
0.000141993,1,24104.7
0.000143968,1,22384.7
0.000145941,1,20689.7
0.00014799,1,18991.3
0.000149948,1,17468.7
0.000151991,1,16031.9
0.000153952,1,14492.3
0.000155999,1,12765.1
0.000157953,1,10980.5
0.000159993,1,9294.49
0.000161944,1,7851.59
0.000163982,1,6774.89
0.000165944,1,5998.25
0.000167914,1,5410.02
0.000169966,1,4861.55
0.000171922,1,4297.22
0.00017396,1,3715.53
0.000175914,1,3152.78
0.000177955,1,2687.31
0.000179992,1,2314.89
0.00018194,1,2042.31
0.000183984,1,1847.2
0.000185945,1,1691.49
0.00018799,1,1527.33
0.000189947,1,1311.44
0.000191911,1,1055.19
0.00019396,1,755.802
0.000195912,1,466.443
0.000197953,1,229.439
0.0002,1,69.1316
0.00020196,1,7.64333
0.00020392,1,0.0656732
0.00020597,1,0.0
0.000207931,1,0.0
0.000209981,1,0.0
0.00021194,1,0.0
0.000213987,1,0.0
0.000215943,1,0.0
0.000217989,1,0.0
0.000219946,1,0.0
0.000221993,1,0.0
0.00022395,1,0.0
0.000226,1,0.0
0.000227969,1,0.0
0.00022995,1,0.0
0.00023193,1,0.0
0.000233998,1,0.0
0.000235973,1,0.0
0.000237949,1,0.0
0.000239923,1,0.0
0.00024198,1,0.0
0.000243945,1,0.0
0.000245999,1,0.0
0.000247964,1,0.0
0.00024993,1,0.0
0.000251987,1,0.0
0.000253954,1,0.0
0.00025592,1,0.0
0.000257984,1,0.0
0.000259964,1,0.0
0.000261943,1,0.0
0.000263913,1,0.0
0.000265966,1,0.0
0.000267924,1,0.0
0.00026997,1,0.0
0.000271943,1,0.0
0.000273917,1,0.0
0.000275976,1,0.0
0.000277941,1,0.0
0.000279996,1,0.0
0.000281974,1,0.0
0.000283957,1,0.0
0.000285937,1,0.0
0.000287914,1,0.0
0.000289975,1,0.0
0.000291943,1,0.0
0.000293992,1,0.0
0.000295955,1,0.0
0.000297916,1,0.0
0.000299965,1,0.0
0.000301915,1,0.0
0.000303976,1,0.0
0.000305948,1,0.0
0.000307926,1,0.0
0.000309989,1,0.0
0.000311958,1,0.0
0.000313927,1,0.0
0.000315992,1,0.0
0.000317979,1,0.0
0.000319954,1,0.0
0.000321922,1,0.0
0.000323969,1,0.0
0.000325935,1,0.0
0.000327988,1,0.0
0.000329952,1,0.0
0.000331918,1,0.0
0.000333975,1,0.0
0.000335938,1,0.0
0.000337995,1,0.0
0.000339978,1,0.0
0.000341953,1,0.0
0.000343925,1,0.0
0.000345979,1,0.0
0.00034794,1,0.0
0.000349989,1,0.0
0.000351951,1,0.0
0.000353912,1,0.0
0.000355954,1,0.0
0.000357988,1,0.0
0.000359924,1,0.0
0.00036194,1,0.0
0.000363951,1,0.0
0.000365975,1,0.0
0.000367948,1,0.0
0.000369917,1,0.0
0.000371961,1,0.0
0.00037398,1,0.0
0.000376,1,0.0
0.000377958,1,0.0
0.00037992,1,0.0
0.000381972,1,0.0
0.000383934,1,0.0
0.000385986,1,0.0
0.000387948,1,0.0
0.000389999,1,0.0
0.000391962,1,0.0
0.000393921,1,0.0
0.000395968,1,0.0
0.000397933,1,0.0
0.000399989,1,0.0
0.000401955,1,0.0
0.000403924,1,0.0
0.000405982,1,0.0
0.000407949,1,0.0
0.000409913,1,0.0
0.000411966,1,0.0
0.00041393,1,0.0
0.000415984,1,0.0
0.000417955,1,0.0
0.000419928,1,0.0
0.000421911,1,0.0
0.000423974,1,0.0
0.000425936,1,0.0
0.000427978,1,0.0
0.000429925,1,0.0
0.000431958,1,0.0
0.000433991,1,0.0
0.000435955,1,0.0
0.000437921,1,0.0
0.000439974,1,0.0
0.00044194,1,0.0
0.000443992,1,0.0
0.000445948,1,0.0
0.000447993,1,0.0
0.000449946,1,0.0
0.000451985,1,0.0
0.000453933,1,0.0
0.000455982,1,0.0
0.000457961,1,0.0
0.000459933,1,0.0
0.000461978,1,0.0
0.000463929,1,0.0
0.000465969,1,0.0
0.000467926,1,0.0
0.000469988,1,0.0
0.000471945,1,0.0
0.000473993,1,0.0
0.000475953,1,0.0
0.000477912,1,0.0
0.000479958,1,0.0
0.000481931,1,0.0
0.000483996,1,0.0
0.000485969,1,0.0
0.00048794,1,0.0
0.000489919,1,0.0
0.000491968,1,0.0
0.000493933,1,0.0
0.00049599,1,0.0
0.000497962,1,0.0
0.000499932,1,0.0
0.000501991,1,0.0
0.000503984,1,0.0
0.000505971,1,0.0
0.00050795,1,0.0
0.000509926,1,0.0
0.000511986,1,0.0
0.000513953,1,0.0
0.000515999,1,0.0
0.000517967,1,0.0
0.000519938,1,0.0
0.000521996,1,0.0
0.000523962,1,0.0
0.000525926,1,0.0
0.000527978,1,0.0
0.000529939,1,0.0
0.000531992,1,0.0
0.000533955,1,0.0
0.000535919,1,0.0
0.000537973,1,0.0
0.000539938,1,0.0
0.000541989,1,0.0
0.000543952,1,0.0
0.000545915,1,0.0
0.000547968,1,0.0
0.000549929,1,0.0
0.000551977,1,0.0
0.000553941,1,0.0
0.00055599,1,0.0
0.000557947,1,0.0
0.000559998,1,0.0
0.00056195,1,0.0
0.000563994,1,0.0
0.00056596,1,0.0
0.000567926,1,0.0
0.000569987,1,0.0
0.000571958,1,0.0
0.000573929,1,0.0
0.00057599,1,0.0
0.000577968,1,0.0
0.000579948,1,0.0
0.000581923,1,0.0
0.000583985,1,0.0
0.000585964,1,0.0
0.000587939,1,0.0
0.00059,1,0.0
0.000591969,1,0.0
0.000593939,1,0.0
0.000595996,1,0.0
0.000597955,1,0.0
0.000599914,1,0.0
0.000601959,1,0.0
0.000603913,1,0.0
0.000605961,1,0.0
0.000607921,1,0.0
0.000609969,1,0.0
0.000611928,1,0.0
0.000613974,1,0.0
0.000615931,1,0.0
0.000617977,1,0.0
0.000619935,1,0.0
0.000621985,1,0.0
0.000623956,1,0.0
0.000625922,1,0.0
0.000627977,1,0.0
0.000629941,1,0.0
0.000631992,1,0.0
0.000633952,1,0.0
0.000635998,1,0.0
0.00063796,1,0.0
0.000639929,1,0.0
0.000641988,1,0.0
0.000643946,1,0.0
0.000645998,1,0.0
0.000647964,1,0.0
0.000649931,1,0.0
0.000651987,1,0.0
0.000653956,1,0.0
0.000655923,1,0.0
0.000657977,1,0.0
0.000659937,1,0.0
0.000661978,1,0.0
0.000663926,1,0.0
0.000665971,1,0.0
0.000667935,1,0.0
0.000669982,1,0.0
0.000671945,1,0.0
0.000673994,1,0.0
0.000675937,1,0.0
0.000677965,1,0.0
0.00067999,1,0.0
0.000681931,1,0.0
0.000683971,1,0.0
0.000685916,1,0.0
0.000687943,1,0.0
0.000689965,1,0.0
0.000691977,1,0.0
0.000693986,1,0.0
0.000695992,1,0.0
0.000697995,1,0.0
0.000699998,1,0.0
0.000701915,1,0.0
0.000703922,1,0.0
0.000705926,1,0.0
0.00070795,1,0.0
0.000709998,1,0.0
0.000711954,1,0.0
0.000713918,1,0.0
0.000715975,1,0.0
0.000717937,1,0.0
0.000719965,1,0.0
0.00072199,1,0.0
0.000723933,1,0.0
0.000725975,1,0.0
0.000727922,1,0.0
0.000729951,1,0.0
0.000731974,1,0.0
0.000733991,1,0.0
0.000735917,1,0.0
0.000737927,1,0.0
0.000739936,1,0.0
0.000741974,1,0.0
0.000743943,1,0.0
0.000745979,1,0.0
0.000747914,1,0.0
0.000749971,1,0.0
0.00075195,1,0.0
0.000753929,1,0.0
0.000755998,1,0.0
0.000757977,1,0.0
0.000759954,1,0.0
0.000761928,1,0.0
0.000763966,1,0.0
0.00076592,1,0.0
0.000767981,1,0.0
0.000769952,1,0.0
0.000771921,1,0.0
0.000773976,1,0.0
0.000775949,1,0.0
0.000777923,1,0.0
0.000779985,1,0.0
0.000781958,1,0.0
0.000783926,1,0.0
0.000785978,1,0.0
0.000787945,1,0.0
0.00079,1,0.0
0.000791959,1,0.0
0.000793924,1,0.0
0.000795977,1,0.0
0.000797942,1,0.0
0.000799997,1,0.0
0.000801964,1,0.0
0.000803933,1,0.0
0.000805996,1,0.0
0.000807965,1,0.0
0.000809935,1,0.0
0.000811913,1,0.0
0.00081398,1,0.0
0.000815957,1,0.0
0.000817933,1,0.0
0.000819994,1,0.0
0.00082196,1,0.0
0.000823922,1,0.0
0.000825975,1,0.0
0.000827942,1,0.0
0.000829998,1,0.0
0.000831969,1,0.0
0.000833941,1,0.0
0.000835998,1,0.0
0.000837963,1,0.0
0.000839938,1,0.0
0.000841914,1,0.0
0.000843982,1,0.0
0.000845945,1,0.0
0.000847994,1,0.0
0.000849954,1,0.0
0.000851913,1,0.0
0.000853946,1,0.0
0.000855911,1,0.0
0.000857977,1,0.0
0.000859946,1,0.0
0.000861911,1,0.0
0.000863972,1,0.0
0.00086594,1,0.0
0.000867994,1,0.0
0.000869955,1,0.0
0.000871911,1,0.0
0.000873952,1,0.0
0.00087599,1,0.0
0.000877937,1,0.0
0.000879971,1,0.0
0.000881916,1,0.0
0.000883947,1,0.0
0.000885977,1,0.0
0.000887917,1,0.0
0.000889953,1,0.0
0.000891999,1,0.0
0.000893953,1,0.0
0.000895995,1,0.0
0.000897936,1,0.0
0.000899984,1,0.0
0.000901939,1,0.0
0.000903985,1,0.0
0.000905955,1,0.0
0.000907925,1,0.0
0.000909993,1,0.0
0.000911967,1,0.0
0.000913922,1,0.0
0.000915965,1,0.0
0.000917926,1,0.0
0.000919986,1,0.0
0.000921941,1,0.0
0.000923991,1,0.0
0.000925949,1,0.0
0.00092799,1,0.0
0.000929936,1,0.0
0.000931964,1,0.0
0.000933998,1,0.0
0.00093596,1,0.0
0.000937925,1,0.0
0.000939981,1,0.0
0.000941948,1,0.0
0.000943992,1,0.0
0.00094594,1,0.0
0.000947974,1,0.0
0.000949918,1,0.0
0.000951975,1,0.0
0.000953948,1,0.0
0.000955917,1,0.0
0.000957977,1,0.0
0.000959945,1,0.0
0.000961994,1,0.0
0.000963954,1,0.0
0.000965914,1,0.0
0.000967962,1,0.0
0.000969919,1,0.0
0.000971964,1,0.0
0.00097392,1,0.0
0.000975964,1,0.0
0.00097792,1,0.0
0.000979976,1,0.0
0.000981934,1,0.0
0.000983983,1,0.0
0.000985943,1,0.0
0.000987997,1,0.0
0.000989971,1,0.0
0.000991936,1,0.0
0.000993993,1,0.0
0.000995956,1,0.0
0.000997916,1,0.0
0.000999961,1,0.0
0.00100191,1,0.0
0.00100395,1,0.0
0.00100591,1,0.0
0.00100798,1,0.0
0.00100996,1,0.0
0.00101195,1,0.0
0.00101399,1,0.0
0.00101595,1,0.0
0.00101799,1,0.0
0.00101994,1,0.0
0.001022,1,0.0
0.00102397,1,0.0
0.00102595,1,0.0
0.00102793,1,0.0
0.00102992,1,0.0
0.00103198,1,0.0
0.00103394,1,0.0
0.00103599,1,0.0
0.00103794,1,0.0
0.00103998,1,0.0
0.00104192,1,0.0
0.00104396,1,0.0
0.00104592,1,0.0
0.00104798,1,0.0
0.00104996,1,0.0
0.00105193,1,0.0
0.00105399,1,0.0
0.00105596,1,0.0
0.00105793,1,0.0
0.00105999,1,0.0
0.00106195,1,0.0
0.00106391,1,0.0
0.00106596,1,0.0
0.00106792,1,0.0
0.00106996,1,0.0
0.00107199,1,0.0
0.00107395,1,0.0
0.00107599,1,0.0
0.00107795,1,0.0
0.00107992,1,0.0
0.00108199,1,0.0
0.00108396,1,0.0
0.00108594,1,0.0
0.00108798,1,0.0
0.00108993,1,0.0
0.00109198,1,0.0
0.00109393,1,0.0
0.00109597,1,0.0
0.00109794,1,0.0
0.00109992,1,0.0
0.00110196,1,0.0
0.001104,1,0.0
0.00110595,1,0.0
0.00110791,1,0.0
0.00110996,1,0.0
0.00111191,1,0.0
0.00111395,1,0.0
0.00111598,1,0.0
0.00111793,1,0.0
0.00111998,1,0.0
0.00112193,1,0.0
0.00112396,1,0.0
0.00112599,1,0.0
0.00112794,1,0.0
0.00113,1,0.0
0.00113196,1,0.0
0.00113392,1,0.0
0.00113598,1,0.0
0.00113795,1,0.0
0.00114,1,0.0
0.00114194,1,0.0
0.00114398,1,0.0
0.00114593,1,0.0
0.00114796,1,0.0
0.00114992,1,0.0
0.00115197,1,0.0
0.00115393,1,0.0
0.00115597,1,0.0
0.00115791,1,0.0
0.00115995,1,0.0
0.00116198,1,0.0
0.00116394,1,0.0
0.00116599,1,0.0
0.00116794,1,0.0
0.00116998,1,0.0
0.00117196,1,0.0
0.00117392,1,0.0
0.00117598,1,0.0
0.00117796,1,0.0
0.00117993,1,0.0
0.00118191,1,0.0
0.00118397,1,0.0
0.00118598,1,0.0
0.00118796,1,0.0
0.00118992,1,0.0
0.00119197,1,0.0
0.00119392,1,0.0
0.00119597,1,0.0
0.00119792,1,0.0
0.00119996,1,0.0
0.00120199,1,0.0
0.00120392,1,0.0
0.00120595,1,0.0
0.001208,1,0.0
0.00120996,1,0.0
0.00121199,1,0.0
0.00121393,1,0.0
0.00121596,1,0.0
0.00121797,1,0.0
0.00122,1,0.0
0.00122192,1,0.0
0.00122391,1,0.0
0.00122594,1,0.0
0.00122797,1,0.0
0.00123,1,0.0
0.00123193,1,0.0
0.00123399,1,0.0
0.00123595,1,0.0
0.00123797,1,0.0
0.00123992,1,0.0
0.00124196,1,0.0
0.00124394,1,0.0
0.00124592,1,0.0
0.00124799,1,0.0
0.00124996,1,0.0
0.00125194,1,0.0
0.00125391,1,0.0
0.00125598,1,0.0
0.00125796,1,0.0
0.00125998,1,0.0
0.00126193,1,0.0
0.00126398,1,0.0
0.00126594,1,0.0
0.00126791,1,0.0
0.00126997,1,0.0
0.00127194,1,0.0
0.00127391,1,0.0
0.00127597,1,0.0
0.00127798,1,0.0
0.00127991,1,0.0
0.00128196,1,0.0
0.00128392,1,0.0
0.00128597,1,0.0
0.00128794,1,0.0
0.00128991,1,0.0
0.00129197,1,0.0
0.00129393,1,0.0
0.00129598,1,0.0
0.00129793,1,0.0
0.00129997,1,0.0
0.00130193,1,0.0
0.00130398,1,0.0
0.00130593,1,0.0
0.00130797,1,0.0
0.00130992,1,0.0
0.00131196,1,0.0
0.00131397,1,0.0
0.00131591,1,0.0
0.00131797,1,0.0
0.00131992,1,0.0
0.00132194,1,0.0
0.00132398,1,0.0
0.00132594,1,0.0
0.00132796,1,0.0
0.00132998,1,0.0
0.00133194,1,0.0
0.00133399,1,0.0
0.00133595,1,0.0
0.00133797,1,0.0
0.00133994,1,0.0
0.00134199,1,0.0
0.00134394,1,0.0
0.001346,1,0.0
0.00134796,1,0.0
0.00134993,1,0.0
0.00135198,1,0.0
0.00135394,1,0.0
0.001356,1,0.0
0.00135795,1,0.0
0.00135992,1,0.0
0.00136197,1,0.0
0.00136394,1,0.0
0.00136599,1,0.0
0.00136795,1,0.0
0.00136991,1,0.0
0.00137197,1,0.0
0.00137393,1,0.0
0.00137591,1,0.0
0.00137798,1,0.0
0.00137992,1,0.0
0.00138196,1,0.0
0.00138391,1,0.0
0.00138595,1,0.0
0.00138797,1,0.0
0.00138998,1,0.0
0.00139191,1,0.0
0.00139394,1,0.0
0.00139593,1,0.0
0.00139794,1,0.0
0.00139997,1,0.0
0.00140194,1,0.0
0.00140398,1,0.0
0.00140599,1,0.0
0.00140796,1,0.0
0.00140992,1,0.0
0.00141197,1,0.0
0.00141399,1,0.0
0.00141594,1,0.0
0.00141798,1,0.0
0.00141994,1,0.0
0.00142197,1,0.0
0.00142393,1,0.0
0.00142598,1,0.0
0.00142793,1,0.0
0.00142996,1,0.0
0.00143199,1,0.0
0.00143394,1,0.0
0.00143597,1,0.0
0.00143799,1,0.0
0.00143994,1,0.0
0.00144197,1,0.0
0.00144393,1,0.0
0.00144599,1,0.0
0.00144798,1,0.0
0.00144999,1,0.0
0.00145194,1,0.0
0.00145397,1,0.0
0.00145594,1,0.0
0.00145795,1,0.0
0.00145993,1,0.0
0.00146198,1,0.0
0.00146392,1,0.0
0.00146596,1,0.0
0.00146792,1,0.0
0.00146997,1,0.0
0.00147192,1,0.0
0.00147394,1,0.0
0.00147595,1,0.0
0.001478,1,0.0
0.00147995,1,0.0
0.00148198,1,0.0
0.00148395,1,0.0
0.00148598,1,0.0
0.00148793,1,0.0
0.00148997,1,0.0
0.00149194,1,0.0
0.00149398,1,0.0
0.00149595,1,0.0
0.00149799,1,0.0
0.00149992,1,0.0
0.00150194,1,0.0
0.00150397,1,0.0
0.00150591,1,0.0
0.001508,1,0.0
0.00150993,1,0.0
0.00151191,1,0.0
0.00151398,1,0.0
0.00151594,1,0.0
0.00151794,1,0.0
0.00151998,1,0.0
0.00152196,1,0.0
0.00152394,1,0.0
0.00152593,1,0.0
0.00152795,1,0.0
0.00152992,1,0.0
0.00153198,1,0.0
0.00153393,1,0.0
0.00153595,1,0.0
0.00153797,1,0.0
0.00153992,1,0.0
0.00154193,1,0.0
0.001544,1,0.0
0.00154592,1,0.0
0.00154796,1,0.0
0.00154992,1,0.0
0.001552,1,0.0
0.00155393,1,0.0
0.00155598,1,0.0
0.00155795,1,0.0
0.00156,1,0.0
0.00156192,1,0.0
0.00156396,1,0.0
0.00156593,1,0.0
0.00156799,1,0.0
0.00156993,1,0.0
0.00157195,1,0.0
0.00157391,1,0.0
0.00157598,1,0.0
0.00157795,1,0.0
0.00157996,1,0.0
0.001582,1,0.0
0.00158397,1,0.0
0.00158594,1,0.0
0.00158795,1,0.0
0.00158998,1,0.0
0.00159194,1,0.0
0.00159399,1,0.0
0.00159596,1,0.0
0.00159796,1,0.0
0.00159992,1,0.0
0.00160197,1,0.0
0.00160393,1,0.0
0.00160595,1,0.0
0.00160791,1,0.0
0.00160997,1,0.0
0.00161194,1,0.0
0.00161398,1,0.0
0.00161592,1,0.0
0.00161796,1,0.0
0.00162,1,0.0
0.00162195,1,0.0
0.00162397,1,0.0
0.00162593,1,0.0
0.00162799,1,0.0
0.00162995,1,0.0
0.00163198,1,0.0
0.00163392,1,0.0
0.00163597,1,0.0
0.00163793,1,0.0
0.00163998,1,0.0
0.001642,1,0.0
0.00164395,1,0.0
0.00164599,1,0.0
0.00164795,1,0.0
0.00164997,1,0.0
0.00165199,1,0.0
0.00165395,1,0.0
0.00165599,1,0.0
0.00165792,1,0.0
0.00165995,1,0.0
0.00166198,1,0.0
0.00166393,1,0.0
0.00166596,1,0.0
0.00166799,1,0.0
0.00166993,1,0.0
0.00167195,1,0.0
0.00167399,1,0.0
0.00167594,1,0.0
0.00167798,1,0.0
0.00167993,1,0.0
0.00168195,1,0.0
0.00168396,1,0.0
0.00168597,1,0.0
0.00168792,1,0.0
0.00168994,1,0.0
0.00169198,1,0.0
0.00169399,1,0.0
0.00169592,1,0.0
0.00169795,1,0.0
0.00169995,1,0.0
0.00170194,1,0.0
0.00170395,1,0.0
0.00170597,1,0.0
0.00170799,1,0.0
0.00170998,1,0.0
0.001712,1,0.0
0.00171396,1,0.0
0.00171592,1,0.0
0.00171793,1,0.0
0.00171996,1,0.0
0.00172193,1,0.0
0.00172398,1,0.0
0.00172595,1,0.0
0.00172794,1,0.0
0.00172996,1,0.0
0.00173192,1,0.0
0.00173399,1,0.0
0.00173593,1,0.0
0.00173796,1,0.0
0.00173993,1,0.0
0.00174191,1,0.0
0.00174396,1,0.0
0.00174597,1,0.0
0.00174793,1,0.0
0.00174998,1,0.0
0.00175193,1,0.0
0.00175398,1,0.0
0.00175598,1,0.0
0.00175793,1,0.0
0.00175998,1,0.0
0.00176194,1,0.0
0.00176397,1,0.0
0.00176592,1,0.0
0.00176796,1,0.0
0.00176991,1,0.0
0.00177195,1,0.0
0.00177398,1,0.0
0.001776,1,0.0
0.00177797,1,0.0
0.00177992,1,0.0
0.00178192,1,0.0
0.00178395,1,0.0
0.00178592,1,0.0
0.00178795,1,0.0
0.00178993,1,0.0
0.00179197,1,0.0
0.00179394,1,0.0
0.00179592,1,0.0
0.00179798,1,0.0
0.00179993,1,0.0
0.00180198,1,0.0
0.00180395,1,0.0
0.00180592,1,0.0
0.00180793,1,0.0
0.00180995,1,0.0
0.001812,1,0.0
0.00181398,1,0.0
0.00181599,1,0.0
0.00181792,1,0.0
0.00181998,1,0.0
0.00182195,1,0.0
0.00182393,1,0.0
0.00182594,1,0.0
0.00182799,1,0.0
0.00182994,1,0.0
0.00183199,1,0.0
0.00183392,1,0.0
0.00183595,1,0.0
0.00183799,1,0.0
0.00183993,1,0.0
0.00184195,1,0.0
0.00184397,1,0.0
0.00184591,1,0.0
0.00184797,1,0.0
0.00184999,1,0.0
0.00185192,1,0.0
0.00185397,1,0.0
0.00185594,1,0.0
0.00185799,1,0.0
0.00185999,1,0.0
0.00186193,1,0.0
0.00186398,1,0.0
0.00186594,1,0.0
0.00186793,1,0.0
0.00186996,1,0.0
0.00187192,1,0.0
0.00187396,1,0.0
0.001876,1,0.0
0.00187792,1,0.0
0.00187995,1,0.0
0.00188199,1,0.0
0.00188394,1,0.0
0.00188594,1,0.0
0.00188795,1,0.0
0.00189,1,0.0
0.00189196,1,0.0
0.00189395,1,0.0
0.00189596,1,0.0
0.00189792,1,0.0
0.0019,1,0.0
0.00190198,1,0.0
0.00190399,1,0.0
0.00190595,1,0.0
0.00190793,1,0.0
0.00191,1,0.0
0.00191193,1,0.0
0.00191396,1,0.0
0.00191593,1,0.0
0.00191799,1,0.0
0.00192,1,0.0
0.00192199,1,0.0
0.00192395,1,0.0
0.00192599,1,0.0
0.00192794,1,0.0
0.00192994,1,0.0
0.00193197,1,0.0
0.00193394,1,0.0
0.001936,1,0.0
0.001938,1,0.0
0.00193993,1,0.0
0.00194199,1,0.0
0.00194397,1,0.0
0.00194593,1,0.0
0.00194793,1,0.0
0.00194996,1,0.0
0.00195194,1,0.0
0.001954,1,0.0
0.00195598,1,0.0
0.00195792,1,0.0
0.00195999,1,0.0
0.00196196,1,0.0
0.00196398,1,0.0
0.00196591,1,0.0
0.00196796,1,0.0
0.00196994,1,0.0
0.00197191,1,0.0
0.001974,1,0.0
0.00197593,1,0.0
0.00197798,1,0.0
0.00197994,1,0.0
0.00198193,1,0.0
0.00198395,1,0.0
0.00198591,1,0.0
0.00198797,1,0.0
0.00199,1,0.0
0.001992,1,0.0
0.00199394,1,0.0
0.001996,1,0.0
0.00199798,1,0.0
0.00199999,1,0.0
0.00200191,1,0.0
0.00200396,1,0.0
0.00200595,1,0.0
0.00200794,1,0.0
0.00200998,1,0.0
0.00201194,1,0.0
0.00201399,1,0.0
0.00201594,1,0.0
0.00201793,1,0.0
0.00201996,1,0.0
0.002022,1,0.0
0.00202395,1,0.0
0.00202597,1,0.0
0.00202798,1,0.0
0.00202993,1,0.0
0.00203197,1,0.0
0.00203392,1,0.0
0.00203592,1,0.0
0.00203795,1,0.0
0.00203998,1,0.0
0.00204195,1,0.0
0.00204393,1,0.0
0.00204591,1,0.0
0.00204798,1,0.0
0.00204996,1,0.0
0.00205198,1,0.0
0.002054,1,0.0
0.00205596,1,0.0
0.00205793,1,0.0
0.00205996,1,0.0
0.00206196,1,0.0
0.00206391,1,0.0
0.00206597,1,0.0
0.00206794,1,0.0
0.00206994,1,0.0
0.00207195,1,0.0
0.00207392,1,0.0
0.00207595,1,0.0
0.00207793,1,0.0
0.00207993,1,0.0
0.00208198,1,0.0
0.00208394,1,0.0
0.00208595,1,0.0
0.00208795,1,0.0
0.00208998,1,0.0
0.00209192,1,0.0
0.00209394,1,0.0
0.00209596,1,0.0
0.00209799,1,0.0
0.00209994,1,0.0
0.00210197,1,0.0
0.00210399,1,0.0
0.00210599,1,0.0
0.00210794,1,0.0
0.00210999,1,0.0
0.00211196,1,0.0
0.00211394,1,0.0
0.00211593,1,0.0
0.00211797,1,0.0
0.00211993,1,0.0
0.00212192,1,0.0
0.00212394,1,0.0
0.00212598,1,0.0
0.00212796,1,0.0
0.00212994,1,0.0
0.00213196,1,0.0
0.00213399,1,0.0
0.00213595,1,0.0
0.00213792,1,0.0
0.00213994,1,0.0
0.00214194,1,0.0
0.00214398,1,0.0
0.00214595,1,0.0
0.00214798,1,0.0
0.00214998,1,0.0
0.00215192,1,0.0
0.00215396,1,0.0
0.00215599,1,0.0
0.002158,1,0.0
0.00215993,1,0.0
0.00216195,1,0.0
0.00216397,1,0.0
0.00216599,1,0.0
0.00216792,1,0.0
0.00216995,1,0.0
0.00217198,1,0.0
0.00217392,1,0.0
0.00217592,1,0.0
0.00217795,1,0.0
0.00217992,1,0.0
0.00218197,1,0.0
0.00218397,1,0.0
0.00218599,1,0.0
0.00218794,1,0.0
0.00218999,1,0.0
0.00219195,1,0.0
0.00219397,1,0.0
0.00219598,1,0.0
0.00219793,1,0.0
0.00219997,1,0.0
0.00220196,1,0.0
0.00220397,1,0.0
0.002206,1,0.0
0.00220794,1,0.0
0.00220998,1,0.0
0.00221196,1,0.0
0.00221393,1,0.0
0.00221591,1,0.0
0.00221797,1,0.0
0.00221999,1,0.0
0.00222194,1,0.0
0.00222397,1,0.0
0.00222592,1,0.0
0.00222797,1,0.0
0.00222999,1,0.0
0.00223194,1,0.0
0.002234,1,0.0
0.00223592,1,0.0
0.00223792,1,0.0
0.00223995,1,0.0
0.002242,1,0.0
0.00224392,1,0.0
0.00224594,1,0.0
0.00224792,1,0.0
0.00224999,1,0.0
0.00225192,1,0.0
0.00225394,1,0.0
0.00225597,1,0.0
0.00225795,1,0.0
0.00225992,1,0.0
0.00226198,1,0.0
0.00226394,1,0.0
0.00226594,1,0.0
0.00226796,1,0.0
0.00226992,1,0.0
0.00227195,1,0.0
0.00227396,1,0.0
0.00227593,1,0.0
0.00227798,1,0.0
0.00227992,1,0.0
0.00228198,1,0.0
0.00228393,1,0.0
0.002286,1,0.0
0.00228797,1,0.0
0.00228993,1,0.0
0.00229197,1,0.0
0.00229395,1,0.0
0.00229596,1,0.0
0.002298,1,0.0
0.00229994,1,0.0
0.00230193,1,0.0
0.00230396,1,0.0
0.002306,1,0.0
0.002308,1,0.0
0.00230994,1,0.0
0.00231198,1,0.0
0.00231398,1,0.0
0.00231596,1,0.0
0.00231799,1,0.0
0.00231992,1,0.0
0.00232192,1,0.0
0.00232399,1,0.0
0.00232599,1,0.0
0.00232799,1,0.0
0.00232992,1,0.0
0.00233194,1,0.0
0.00233397,1,0.0
0.00233599,1,0.0
0.00233792,1,0.0
0.00233993,1,0.0
0.00234194,1,0.0
0.00234395,1,0.0
0.00234598,1,0.0
0.002348,1,0.0
0.00234999,1,0.0
0.00235199,1,0.0
0.00235392,1,0.0
0.00235594,1,0.0
0.00235795,1,0.0
0.00235995,1,0.0
0.00236196,1,0.0
0.002364,1,0.0
0.00236595,1,0.0
0.00236796,1,0.0
0.00236996,1,0.0
0.00237199,1,0.0
0.00237394,1,0.0
0.00237596,1,0.0
0.00237796,1,0.0
0.00237992,1,0.0
0.00238197,1,0.0
0.00238399,1,0.0
0.00238597,1,0.0
0.002388,1,0.0
0.00238994,1,0.0
0.00239194,1,0.0
0.00239399,1,0.0
0.00239599,1,0.0
0.00239792,1,0.0
0.00239995,1,0.0
0.00240198,1,0.0
0.002404,1,0.0
0.00240592,1,0.0
0.00240798,1,0.0
0.00240992,1,0.0
0.00241192,1,0.0
0.00241391,1,0.0
0.00241596,1,0.0
0.00241799,1,0.0
0.00241992,1,0.0
0.00242194,1,0.0
0.002424,1,0.0
0.00242595,1,0.0
0.00242794,1,0.0
0.00242993,1,0.0
0.00243195,1,0.0
0.00243397,1,0.0
0.00243599,1,0.0
0.00243795,1,0.0
0.00243992,1,0.0
0.00244196,1,0.0
0.00244396,1,0.0
0.00244592,1,0.0
0.00244797,1,0.0
0.00244992,1,0.0
0.002452,1,0.0
0.00245391,1,0.0
0.00245594,1,0.0
0.002458,1,0.0
0.00245992,1,0.0
0.00246198,1,0.0
0.00246399,1,0.0
0.00246596,1,0.0
0.00246793,1,0.0
0.00246997,1,0.0
0.00247196,1,0.0
0.00247395,1,0.0
0.00247594,1,0.0
0.00247799,1,0.0
0.00247998,1,0.0
0.00248197,1,0.0
0.00248395,1,0.0
0.00248591,1,0.0
0.002488,1,0.0
0.00249,1,0.0
0.00249197,1,0.0
0.00249395,1,0.0
0.00249593,1,0.0
0.00249792,1,0.0
0.00249995,1,0.0
0.00250199,1,0.0
0.00250394,1,0.0
0.00250596,1,0.0
0.00250795,1,0.0
0.00250998,1,0.0
0.00251191,1,0.0
0.00251393,1,0.0
0.002516,1,0.0
0.00251796,1,0.0
0.00251995,1,0.0
0.00252198,1,0.0
0.00252398,1,0.0
0.00252593,1,0.0
0.00252799,1,0.0
0.00252995,1,0.0
0.00253193,1,0.0
0.00253398,1,0.0
0.00253597,1,0.0
0.00253795,1,0.0
0.00253998,1,0.0
0.002542,1,0.0
0.00254392,1,0.0
0.00254592,1,0.0
0.00254798,1,0.0
0.00254994,1,0.0
0.00255194,1,0.0
0.00255393,1,0.0
0.00255598,1,0.0
0.00255794,1,0.0
0.00255996,1,0.0
0.00256192,1,0.0
0.00256394,1,0.0
0.00256594,1,0.0
0.00256798,1,0.0
0.00256994,1,0.0
0.00257196,1,0.0
0.00257396,1,0.0
0.00257596,1,0.0
0.00257791,1,0.0
0.00257996,1,0.0
0.00258198,1,0.0
0.00258394,1,0.0
0.00258598,1,0.0
0.00258799,1,0.0
0.00258998,1,0.0
0.00259196,1,0.0
0.00259398,1,0.0
0.00259592,1,0.0
0.00259793,1,0.0
0.0026,1,0.0
0.00260192,1,0.0
0.00260393,1,0.0
0.00260593,1,0.0
0.00260795,1,0.0
0.00260991,1,0.0
0.00261198,1,0.0
0.00261395,1,0.0
0.00261598,1,0.0
0.00261797,1,0.0
0.00261998,1,0.0
0.00262193,1,0.0
0.00262391,1,0.0
0.00262595,1,0.0
0.00262795,1,0.0
0.00262998,1,0.0
0.00263195,1,0.0
0.00263396,1,0.0
0.00263594,1,0.0
0.00263797,1,0.0
0.00263995,1,0.0
0.00264199,1,0.0
0.00264396,1,0.0
0.00264596,1,0.0
0.00264794,1,0.0
0.00264993,1,0.0
0.00265198,1,0.0
0.00265394,1,0.0
0.00265593,1,0.0
0.00265797,1,0.0
0.00265993,1,0.0
0.00266192,1,0.0
0.00266392,1,0.345252
0.00266598,1,222.633
0.00266793,1,1724.16
0.00266994,1,4539.1
0.00267193,1,8194.92
0.00267394,1,13628.5
0.00267599,1,20942.0
0.00267796,1,26129.4
0.00267998,1,28987.5
0.00268192,1,31091.3
0.00268396,1,32551.3
0.00268591,1,33001.7
0.00268792,1,33611.2
0.00268996,1,33947.3
0.00269194,1,33624.6
0.002694,1,33216.6
0.00269593,1,32638.7
0.002698,1,31757.4
0.0027,1,30080.0
0.00270196,1,28126.7
0.00270394,1,26694.1
0.00270598,1,26027.9
0.00270798,1,25677.6
0.00270998,1,25052.5
0.00271194,1,23935.1
0.00271392,1,22385.0
0.00271592,1,20639.6
0.00271797,1,19008.3
0.00271994,1,17821.3
0.00272199,1,17229.0
0.00272396,1,17115.7
0.00272596,1,17352.6
0.00272799,1,17744.7
0.00272995,1,18214.4
0.00273196,1,18615.5
0.00273397,1,18931.2
0.002736,1,19469.1
0.00273795,1,20285.3
0.00273998,1,20945.7
0.00274197,1,20946.9
0.00274396,1,20502.5
0.002746,1,20093.8
0.00274794,1,19849.8
0.00274992,1,19756.8
0.002752,1,19745.3
0.00275392,1,19872.2
0.00275596,1,20183.0
0.00275795,1,20659.4
0.00275996,1,21318.1
0.002762,1,21959.7
0.00276394,1,22279.1
0.00276597,1,22115.0
0.00276797,1,21505.4
0.00276997,1,20635.0
0.00277197,1,19522.2
0.00277398,1,18121.5
0.00277599,1,16425.2
0.002778,1,14562.1
0.00277992,1,12827.1
0.00278199,1,11421.6
0.00278395,1,10439.1
0.00278598,1,9900.73
0.00278793,1,9701.53
0.00278997,1,9683.03
0.00279195,1,9674.94
0.00279394,1,9531.09
0.00279595,1,9254.1
0.00279797,1,8943.14
0.00279999,1,8702.65
0.00280197,1,8557.26
0.00280395,1,8566.59
0.00280597,1,9240.29
0.00280792,1,10438.9
0.00280993,1,11413.2
0.00281192,1,11962.0
0.00281397,1,12043.4
0.00281592,1,11709.7
0.00281793,1,11099.8
0.00282,1,10369.4
0.00282199,1,9650.48
0.00282393,1,8915.18
0.00282595,1,8110.25
0.00282795,1,7270.01
0.00282997,1,6511.38
0.002832,1,5788.05
0.00283396,1,4987.03
0.00283599,1,4084.91
0.00283797,1,3145.32
0.00283998,1,2235.83
0.00284194,1,1494.49
0.00284392,1,1034.84
0.00284597,1,722.068
0.00284795,1,443.526
0.00284998,1,210.089
0.00285194,1,59.5443
0.00285396,1,4.51635
0.00285596,1,0.00290836
0.00285797,1,0.0
0.00285993,1,0.0
0.00286197,1,0.0
0.00286399,1,0.0
0.00286592,1,0.0
0.00286797,1,0.0
0.00286993,1,0.0
0.00287199,1,0.0
0.00287396,1,0.0
0.00287596,1,0.0
0.00287793,1,0.0
0.00287998,1,0.0
0.00288197,1,0.0
0.00288395,1,0.0
0.00288599,1,0.0
0.00288798,1,0.0
0.00288999,1,0.0
0.00289193,1,0.0
0.00289394,1,0.0
0.00289593,1,0.0
0.00289793,1,0.0
0.00289995,1,0.0
0.00290193,1,0.0
0.00290394,1,0.0
0.00290599,1,0.0
0.00290795,1,0.0
0.00290996,1,0.0
0.00291192,1,0.0
0.00291396,1,0.0
0.00291594,1,0.0
0.00291793,1,0.0
0.00291994,1,0.0
0.00292196,1,0.0
0.00292392,1,0.0
0.00292597,1,0.0
0.00292793,1,0.0
0.00292997,1,0.0
0.00293196,1,0.0
0.00293398,1,0.0
0.00293595,1,0.0
0.00293797,1,0.0
0.00293994,1,0.0
0.00294193,1,0.0
0.00294394,1,0.0
0.00294599,1,0.0
0.00294794,1,0.0
0.00294995,1,0.0
0.00295193,1,0.0
0.00295394,1,0.0
0.00295595,1,0.0
0.00295797,1,0.0
0.00295998,1,0.0
0.00296198,1,0.0
0.00296396,1,0.0
0.00296597,1,0.0
0.00296794,1,0.0
0.00296996,1,0.0
0.00297192,1,0.0
0.00297398,1,0.0
0.00297593,1,0.0
0.00297797,1,0.0
0.00297994,1,0.0
0.00298196,1,0.0
0.00298393,1,0.0
0.00298599,1,0.0
0.00298794,1,0.0
0.00298999,1,0.0
0.00299194,1,0.0
0.00299396,1,0.0
0.00299594,1,0.0
0.00299794,1,0.0
0.00299991,1,0.0
0.00300197,1,0.0
0.00300397,1,0.0
0.00300594,1,0.0
0.00300795,1,0.0
0.00300992,1,0.0
0.00301199,1,0.0
0.00301395,1,0.0
0.003016,1,0.0
0.00301795,1,0.0
0.00301997,1,0.0
0.00302194,1,0.0
0.00302392,1,0.0
0.00302594,1,0.0
0.00302799,1,0.0
0.00302995,1,0.0
0.00303192,1,0.0
0.00303398,1,0.0
0.00303593,1,0.0
0.00303796,1,0.0
0.00303999,1,0.0
0.00304195,1,0.0
0.00304397,1,0.0
0.00304593,1,0.0
0.00304799,1,0.0
0.00304995,1,0.0
0.00305198,1,0.0
0.00305394,1,0.0
0.00305599,1,0.0
0.00305797,1,0.0
0.00305992,1,0.0
0.00306199,1,0.0
0.00306398,1,0.0
0.00306593,1,0.0
0.00306799,1,0.0
0.00306996,1,0.0
0.00307193,1,0.0
0.00307393,1,0.0
0.00307592,1,0.0
0.00307793,1,0.0
0.00307995,1,0.0
0.00308198,1,0.0
0.00308394,1,0.0
0.00308599,1,0.0
0.00308794,1,0.0
0.00308999,1,0.0
0.00309194,1,0.0
0.00309394,1,0.0
0.00309596,1,0.0
0.00309793,1,0.0
0.0031,1,0.0
0.00310192,1,0.0
0.00310397,1,0.0
0.00310598,1,0.0
0.003108,1,0.0
0.00310995,1,0.0
0.00311199,1,0.0
0.00311396,1,0.0
0.00311592,1,0.0
0.00311795,1,0.0
0.00311992,1,0.0
0.00312192,1,0.0
0.00312393,1,0.0
0.00312597,1,0.0
0.00312792,1,0.0
0.00313,1,0.0
0.00313196,1,0.0
0.00313395,1,0.0
0.00313597,1,0.0
0.00313799,1,0.0
0.00313997,1,0.0
0.00314195,1,0.0
0.00314395,1,0.0
0.00314592,1,0.0
0.00314798,1,0.0
0.00314994,1,0.0
0.00315197,1,0.0
0.00315393,1,0.0
0.00315598,1,0.0
0.00315796,1,0.0
0.00315997,1,0.0
0.00316194,1,0.0
0.00316393,1,0.0
0.00316598,1,0.0
0.00316794,1,0.0
0.00316999,1,0.0
0.00317195,1,0.0
0.00317399,1,0.0
0.00317594,1,0.0
0.00317799,1,0.0
0.00317999,1,0.0
0.00318194,1,0.0
0.00318399,1,0.0
0.00318595,1,0.0
0.00318793,1,0.0
0.00318993,1,0.0
0.00319198,1,0.0
0.00319394,1,0.0
0.003196,1,0.0
0.00319797,1,0.0
0.00319992,1,0.0
0.00320192,1,0.0
0.00320397,1,0.0
0.00320592,1,0.0
0.00320795,1,0.0
0.00320992,1,0.0
0.00321191,1,0.0
0.00321396,1,0.0
0.00321592,1,0.0
0.00321798,1,0.0
0.00322,1,0.0
0.00322197,1,0.0
0.00322397,1,0.0
0.00322594,1,0.0
0.00322797,1,0.0
0.00323,1,0.0
0.00323193,1,0.0
0.00323395,1,0.0
0.003236,1,0.0
0.00323792,1,0.0
0.00323997,1,0.0
0.00324194,1,0.0
0.00324392,1,0.0
0.00324593,1,0.0
0.00324796,1,0.0
0.00324991,1,0.0
0.00325194,1,0.0
0.00325397,1,0.0
0.00325594,1,0.0
0.00325799,1,0.0
0.00325996,1,0.0
0.00326195,1,0.0
0.00326393,1,0.0
0.00326591,1,0.0
0.00326796,1,0.0
0.00327,1,0.0
0.00327195,1,0.0
0.00327393,1,0.0
0.00327599,1,0.0
0.00327798,1,0.0
0.00327997,1,0.0
0.00328193,1,0.0
0.00328399,1,0.0
0.003286,1,0.0
0.00328793,1,0.0
0.00328995,1,0.0
0.00329199,1,0.0
0.00329395,1,0.0
0.00329597,1,0.0
0.003298,1,0.0
0.00329997,1,0.0
0.00330192,1,0.0
0.00330395,1,0.0
0.00330595,1,0.0
0.00330791,1,0.0
0.00330997,1,0.0
0.00331194,1,0.0
0.00331398,1,0.0
0.00331595,1,0.0
0.00331792,1,0.0
0.00331997,1,0.0
0.003322,1,0.0
0.00332396,1,0.0
0.00332597,1,0.0
0.00332792,1,0.0
0.00332999,1,0.0
0.00333195,1,0.0
0.00333394,1,0.0
0.00333596,1,0.0
0.00333799,1,0.0
0.00333996,1,0.0
0.00334199,1,0.0
0.003344,1,0.0
0.003346,1,0.0
0.00334795,1,0.0
0.00334997,1,0.0
0.00335199,1,0.0
0.00335394,1,0.0
0.00335597,1,0.0
0.00335793,1,0.0
0.00335998,1,0.0
0.00336193,1,0.0
0.00336396,1,0.0
0.00336599,1,0.0
0.00336798,1,0.0
0.00336993,1,0.0
0.00337198,1,0.0
0.00337393,1,0.0
0.00337592,1,0.0
0.00337793,1,0.0
0.00337996,1,0.0
0.00338195,1,0.0
0.00338397,1,0.0
0.00338593,1,0.0
0.00338794,1,0.0
0.00338992,1,0.0
0.00339193,1,0.0
0.00339398,1,0.0
0.00339598,1,0.0
0.00339796,1,0.0
0.00339993,1,0.0
0.00340196,1,0.0
0.00340397,1,0.0
0.00340593,1,0.0
0.00340796,1,0.0
0.00340992,1,0.0
0.00341191,1,0.0
0.00341397,1,0.0
0.00341592,1,0.0
0.00341798,1,0.0
0.00341999,1,0.0
0.00342196,1,0.0
0.00342396,1,0.0
0.00342593,1,0.0
0.00342796,1,0.0
0.00342999,1,0.0
0.003432,1,0.0
0.00343394,1,0.0
0.00343592,1,0.0
0.00343794,1,0.0
0.00343992,1,0.0
0.00344192,1,0.0
0.00344396,1,0.0
0.003446,1,0.0
0.00344794,1,0.0
0.00344992,1,0.0
0.00345195,1,0.0
0.00345393,1,0.0
0.00345596,1,0.0
0.00345795,1,0.0
0.00345994,1,0.0
0.00346191,1,0.0
0.00346395,1,0.0
0.00346595,1,0.0
0.00346798,1,0.0
0.00346998,1,0.0
0.00347195,1,0.0
0.00347399,1,0.0
0.00347595,1,0.0
0.00347794,1,0.0
0.00347993,1,0.0
0.00348199,1,0.0
0.00348392,1,0.0
0.00348594,1,0.0
0.00348798,1,0.0
0.00348998,1,0.0
0.00349198,1,0.0
0.00349393,1,0.0
0.00349598,1,0.0
0.00349794,1,0.0
0.00349997,1,0.0
0.00350194,1,0.0
0.00350396,1,0.0
0.00350592,1,0.0
0.00350796,1,0.0
0.00350993,1,0.0
0.003512,1,0.0
0.00351396,1,0.0
0.00351599,1,0.0
0.00351792,1,0.0
0.00351997,1,0.0
0.00352194,1,0.0
0.00352395,1,0.0
0.00352598,1,0.0
0.00352798,1,0.0
0.00352995,1,0.0
0.00353192,1,0.0
0.00353396,1,0.0
0.00353594,1,0.0
0.00353799,1,0.0
0.00353999,1,0.0
0.00354195,1,0.0
0.00354397,1,0.0
0.00354597,1,0.0
0.00354798,1,0.0
0.00354997,1,0.0
0.00355193,1,0.0
0.00355395,1,0.0
0.00355592,1,0.0
0.003558,1,0.0
0.00355995,1,0.0
0.00356197,1,0.0
0.00356397,1,0.0
0.00356594,1,0.0
0.00356798,1,0.0
0.00356992,1,0.0
0.00357192,1,0.0
0.00357393,1,0.0
0.00357598,1,0.0
0.00357794,1,0.0
0.00357996,1,0.0
0.00358198,1,0.0
0.00358399,1,0.0
0.00358599,1,0.0
0.00358793,1,0.0
0.00358997,1,0.0
0.00359199,1,0.0
0.00359392,1,0.0
0.00359593,1,0.0
0.00359794,1,0.0
0.00359996,1,0.0
0.00360196,1,0.0
0.00360394,1,0.0
0.00360597,1,0.0
0.00360794,1,0.0
0.00360994,1,0.0
0.00361194,1,0.0
0.00361397,1,0.0
0.00361593,1,0.0
0.00361798,1,0.0
0.00361992,1,0.0
0.00362197,1,0.0
0.00362392,1,0.0
0.00362594,1,1.98848
0.003628,1,70.1872
0.00362996,1,408.175
0.00363193,1,1186.11
0.00363394,1,2357.83
0.003636,1,3795.25
0.00363795,1,5351.79
0.00363998,1,7248.54
0.00364192,1,9664.25
0.00364398,1,12019.6
0.00364594,1,13619.7
0.00364792,1,14285.5
0.00364995,1,14230.8
0.00365193,1,13805.4
0.00365392,1,13238.3
0.00365596,1,12561.6
0.00365792,1,11867.2
0.00365995,1,11229.1
0.00366197,1,10574.5
0.00366395,1,9890.25
0.003666,1,9271.67
0.00366794,1,8805.77
0.00366996,1,8481.9
0.00367194,1,8366.94
0.00367397,1,8866.16
0.00367592,1,11094.9
0.00367795,1,15315.7
0.00367993,1,18855.9
0.00368193,1,20769.2
0.003684,1,21650.8
0.00368598,1,21865.2
0.00368797,1,21781.5
0.00368998,1,21642.5
0.00369198,1,21544.2
0.00369396,1,21474.2
0.00369595,1,21401.7
0.00369798,1,21114.8
0.00369991,1,20541.9
0.00370196,1,19603.8
0.003704,1,18329.3
0.00370598,1,17050.8
0.00370792,1,16047.4
0.00370997,1,15260.8
0.00371197,1,14682.8
0.003714,1,14269.1
0.00371594,1,13982.5
0.00371796,1,13865.0
0.00371999,1,13846.1
0.00372192,1,13912.5
0.00372399,1,14117.3
0.00372595,1,14404.0
0.00372794,1,14649.9
0.00372993,1,14794.1
0.00373195,1,14929.0
0.00373399,1,15034.2
0.00373593,1,14924.3
0.00373794,1,14518.6
0.00373997,1,13895.8
0.00374196,1,13243.6
0.00374396,1,12560.3
0.00374598,1,11767.9
0.00374798,1,10986.4
0.00374999,1,10321.7
0.00375199,1,9790.14
0.003754,1,9368.33
0.00375591,1,8961.7
0.00375792,1,8530.27
0.00376,1,8096.59
0.00376194,1,7683.41
0.00376399,1,7263.18
0.003766,1,6809.36
0.00376792,1,6369.31
0.00376998,1,6017.24
0.00377192,1,5771.51
0.00377393,1,5569.04
0.00377598,1,5336.0
0.00377798,1,5003.23
0.00377998,1,4529.35
0.00378197,1,3935.41
0.00378396,1,3308.29
0.00378596,1,2758.41
0.00378791,1,2337.71
0.00378993,1,2023.41
0.00379195,1,1801.76
0.00379394,1,1662.03
0.00379596,1,1623.32
0.003798,1,1704.57
0.00379992,1,1868.98
0.00380196,1,2077.88
0.00380393,1,2308.95
0.00380596,1,2546.68
0.00380797,1,2775.93
0.00380998,1,2965.18
0.00381196,1,3096.02
0.00381399,1,3198.6
0.00381595,1,3311.79
0.00381797,1,3436.01
0.00382,1,3579.77
0.00382199,1,3774.28
0.00382396,1,4071.16
0.00382595,1,4420.79
0.00382799,1,4649.09
0.00382996,1,4679.15
0.00383196,1,4563.1
0.00383396,1,4328.48
0.00383599,1,4002.75
0.00383792,1,3649.38
0.00384,1,3256.77
0.00384192,1,2807.3
0.00384395,1,2356.47
0.00384599,1,1956.58
0.00384796,1,1627.29
0.00384997,1,1331.17
0.00385191,1,1061.74
0.003854,1,843.163
0.00385599,1,690.826
0.00385793,1,586.94
0.00385997,1,490.687
0.00386199,1,375.236
0.00386395,1,255.975
0.00386593,1,162.388
0.00386792,1,94.384
0.00386998,1,42.6667
0.00387197,1,8.70168
0.00387395,1,0.157947
0.00387593,1,6.82414e-10
0.00387795,1,0.0
0.00387997,1,0.0
0.00388197,1,0.0
0.00388396,1,0.0
0.00388597,1,0.0
0.00388797,1,0.0
0.00388995,1,0.0
0.00389192,1,0.0
0.00389396,1,0.0
0.00389597,1,0.0
0.00389795,1,0.0
0.00389995,1,0.0
0.00390197,1,0.0
0.00390394,1,0.0
0.00390598,1,0.0
0.00390795,1,0.0
0.00390994,1,0.0
0.00391197,1,0.0
0.00391397,1,0.0
0.00391595,1,0.0
0.00391796,1,0.0
0.00391997,1,0.0
0.00392198,1,0.0
0.00392395,1,0.0
0.00392592,1,0.0
0.00392799,1,0.0
0.00392998,1,0.0
0.00393197,1,0.0
0.00393393,1,0.0
0.00393597,1,0.0
0.00393793,1,0.0
0.00393998,1,0.0
0.00394193,1,0.0
0.00394397,1,0.0
0.00394596,1,0.0
0.00394795,1,0.0
0.00395,1,0.0
0.00395197,1,0.0
0.00395397,1,0.0
0.00395596,1,0.0
0.00395797,1,0.0
0.00395997,1,0.0
0.00396196,1,0.0
0.00396393,1,0.0
0.00396599,1,0.0
0.00396797,1,0.0
0.00396995,1,0.0
0.00397191,1,0.0
0.00397395,1,0.0
0.00397596,1,0.0
0.00397794,1,0.0
0.00397992,1,0.0
0.00398194,1,0.0
0.00398395,1,0.0
0.00398599,1,0.0
0.00398799,1,0.0
0.00398997,1,0.0
0.003992,1,0.0
0.003994,1,0.0
0.00399599,1,0.0
0.00399797,1,0.0
0.00399991,1,0.0
0.00400192,1,0.0
0.00400395,1,0.0
0.00400592,1,0.0
0.00400792,1,0.0
0.00400992,1,0.0
0.00401192,1,0.0
0.00401393,1,0.0
0.00401592,1,0.0
0.00401793,1,0.0
0.00401992,1,0.0
0.00402199,1,0.0
0.00402398,1,0.0
0.00402593,1,0.0
0.00402795,1,0.0
0.00402994,1,0.0
0.004032,1,0.0
0.00403398,1,0.0
0.00403597,1,0.0
0.00403796,1,0.0
0.00403996,1,0.0
0.00404195,1,0.0
0.00404394,1,0.0
0.00404599,1,0.0
0.00404793,1,0.0
0.00404992,1,0.0
0.00405194,1,0.0
0.00405396,1,0.0
0.00405595,1,0.0
0.00405793,1,0.0
0.00405999,1,0.0
0.00406193,1,0.0
0.00406393,1,0.0
0.00406595,1,0.0
0.00406793,1,0.0
0.00406993,1,0.0
0.00407198,1,0.0
0.00407391,1,0.0
0.00407594,1,0.0
0.00407797,1,0.0
0.00407995,1,0.0
0.00408194,1,0.0
0.00408398,1,0.0
0.00408595,1,0.0
0.00408798,1,0.0
0.00408992,1,0.0
0.00409196,1,0.0
0.00409398,1,0.0
0.00409592,1,0.0
0.00409792,1,0.0
0.0041,1,0.0
0.00410197,1,0.0
0.00410396,1,0.0
0.00410598,1,0.0
0.00410796,1,0.0
0.00410996,1,0.0
0.004112,1,0.0
0.00411394,1,0.0
0.00411596,1,0.0
0.00411799,1,0.0
0.00411994,1,0.0
0.00412199,1,0.0126356
0.00412397,1,10.6684
0.00412596,1,91.9472
0.00412795,1,251.906
0.00412996,1,409.587
0.00413196,1,526.292
0.00413393,1,594.141
0.00413594,1,614.222
0.00413795,1,586.535
0.00413994,1,519.373
0.00414198,1,436.742
0.00414397,1,355.594
0.00414596,1,276.859
0.004148,1,196.769
0.00414994,1,122.816
0.00415196,1,61.6888
0.004154,1,22.5024
0.00415593,1,7.73555
0.00415792,1,2.72958
0.00415994,1,0.438124
0.00416195,1,0.0024013
0.00416399,1,0.0
0.00416597,1,0.0
0.00416797,1,0.0
0.00417,1,0.0
0.00417194,1,0.0
0.00417397,1,0.0
0.00417598,1,0.0241677
0.00417794,1,6.76812
0.00417997,1,46.6634
0.00418193,1,116.934
0.00418398,1,217.474
0.004186,1,390.869
0.00418791,1,689.254
0.00418992,1,1111.13
0.00419194,1,1558.73
0.00419396,1,1921.33
0.00419599,1,2179.04
0.00419795,1,2362.64
0.00419994,1,2530.9
0.00420194,1,2713.1
0.00420395,1,2884.0
0.00420597,1,3015.12
0.00420792,1,3119.81
0.00420998,1,3242.36
0.00421197,1,3409.37
0.00421394,1,3612.65
0.00421598,1,3843.12
0.00421799,1,4081.83
0.00421994,1,4296.66
0.00422195,1,4483.81
0.00422394,1,4679.65
0.00422598,1,4955.85
0.00422798,1,5362.34
0.00422992,1,5889.81
0.00423193,1,6399.24
0.00423392,1,6723.84
0.00423593,1,6843.3
0.00423797,1,6847.39
0.00423995,1,6804.95
0.00424198,1,6740.59
0.00424397,1,6659.26
0.00424598,1,6554.2
0.004248,1,6419.86
0.00424994,1,6272.15
0.00425196,1,6099.98
0.00425397,1,5870.2
0.00425595,1,5557.54
0.00425794,1,5160.24
0.00425999,1,4702.65
0.00426195,1,4253.76
0.00426393,1,3867.14
0.00426595,1,3555.62
0.00426797,1,3358.76
0.00426994,1,3371.95
0.00427198,1,3688.33
0.00427395,1,4168.09
0.00427594,1,4651.06
0.00427797,1,5276.92
0.00427994,1,6016.9
0.00428196,1,6668.81
0.00428398,1,7208.9
0.00428599,1,7733.89
0.00428793,1,8315.92
0.00428998,1,9031.06
0.00429197,1,9921.01
0.00429393,1,10760.0
0.00429594,1,11292.2
0.00429796,1,11384.2
0.00429993,1,11055.6
0.00430199,1,10393.1
0.00430395,1,9510.66
0.00430593,1,8535.0
0.004308,1,7510.33
0.00430996,1,6509.1
0.00431199,1,5581.31
0.00431397,1,4788.64
0.00431597,1,4178.81
0.00431795,1,3690.32
0.00431997,1,3278.37
0.00432199,1,2944.87
0.004324,1,2691.76
0.00432595,1,2509.4
0.00432792,1,2376.08
0.00432995,1,2266.47
0.00433196,1,2177.33
0.00433393,1,2129.78
0.00433594,1,2128.59
0.00433794,1,2114.74
0.00433996,1,2065.05
0.004342,1,2004.07
0.00434397,1,1949.27
0.00434597,1,1930.08
0.00434795,1,2011.52
0.00434992,1,2259.64
0.00435197,1,2729.49
0.00435394,1,3427.0
0.00435599,1,4277.55
0.00435799,1,5132.53
0.00436,1,5843.17
0.00436198,1,6343.45
0.004364,1,6598.57
0.00436597,1,6604.73
0.00436799,1,6421.33
0.00436992,1,6171.24
0.00437195,1,5956.64
0.00437396,1,5820.31
0.00437593,1,5748.04
0.00437793,1,5686.78
0.00437993,1,5605.48
0.00438199,1,5518.29
0.00438393,1,5448.04
0.00438593,1,5385.15
0.00438798,1,5288.51
0.00439,1,5120.39
0.00439194,1,4891.18
0.00439393,1,4635.45
0.00439593,1,4380.62
0.00439792,1,4149.84
0.00439994,1,3958.17
0.00440197,1,3817.95
0.00440396,1,3725.81
0.00440595,1,3649.93
0.00440792,1,3566.02
0.00440997,1,3474.73
0.00441193,1,3388.64
0.00441392,1,3321.46
0.00441599,1,3272.6
0.00441798,1,3220.96
0.00441994,1,3155.19
0.00442197,1,3089.9
0.00442396,1,3043.9
0.00442594,1,3014.62
0.00442799,1,2978.48
0.00442996,1,2905.12
0.00443199,1,2783.5
0.00443391,1,2624.45
0.00443599,1,2431.02
0.00443798,1,2206.68
0.00443998,1,1977.11
0.00444197,1,1760.06
0.004444,1,1576.05
0.00444598,1,1443.21
0.00444798,1,1358.08
0.00444998,1,1295.1
0.00445198,1,1229.39
0.00445395,1,1152.84
0.00445599,1,1067.86
0.00445799,1,990.837
0.00445999,1,939.426
0.00446193,1,899.295
0.00446397,1,838.315
0.00446593,1,748.98
0.00446794,1,657.549
0.00446992,1,594.26
0.00447198,1,557.203
0.004474,1,516.4
0.00447594,1,451.23
0.00447792,1,365.679
0.00447997,1,272.072
0.00448198,1,185.177
0.00448392,1,119.207
0.00448599,1,76.9764
0.00448793,1,50.0805
0.00448999,1,32.3428
0.00449195,1,21.2564
0.004494,1,15.1846
0.00449594,1,12.9067
0.00449798,1,13.6582
0.00449994,1,16.74
0.00450193,1,21.1788
0.00450391,1,26.1045
0.00450599,1,32.5095
0.00450793,1,43.6981
0.00450999,1,66.3835
0.00451199,1,114.225
0.00451398,1,202.871
0.00451594,1,328.986
0.00451795,1,480.812
0.00451996,1,662.89
0.00452193,1,882.552
0.00452394,1,1138.53
0.00452593,1,1414.14
0.00452794,1,1668.69
0.00452999,1,1854.07
0.00453193,1,1933.17
0.00453396,1,1905.82
0.00453595,1,1795.41
0.00453792,1,1650.88
0.00453998,1,1513.15
0.00454193,1,1411.04
0.00454394,1,1364.0
0.00454597,1,1380.76
0.004548,1,1467.99
0.00454995,1,1621.49
0.00455198,1,1830.39
0.00455398,1,2080.37
0.004556,1,2362.36
0.00455792,1,2661.29
0.00455997,1,2944.64
0.004562,1,3157.03
0.00456398,1,3246.12
0.00456598,1,3210.27
0.00456796,1,3084.15
0.00456999,1,2916.16
0.004572,1,2747.6
0.00457398,1,2615.4
0.00457597,1,2571.22
0.00457795,1,2653.35
0.00457999,1,2807.82
0.00458195,1,2946.6
0.00458398,1,3039.64
0.00458598,1,3112.71
0.00458796,1,3197.44
0.00458999,1,3310.36
0.00459198,1,3473.32
0.00459398,1,3704.93
0.00459599,1,4009.41
0.00459794,1,4381.23
0.00459999,1,4806.12
0.00460198,1,5217.07
0.00460398,1,5512.01
0.00460596,1,5630.7
0.00460799,1,5583.91
0.00460995,1,5433.9
0.00461197,1,5230.24
0.00461395,1,4980.09
0.00461599,1,4673.51
0.00461796,1,4310.46
0.00461996,1,3901.39
0.00462196,1,3452.46
0.004624,1,2964.62
0.00462593,1,2463.5
0.00462794,1,1971.39
0.00462997,1,1516.58
0.00463197,1,1147.57
0.00463392,1,873.204
0.00463599,1,675.231
0.00463796,1,540.92
0.00463997,1,455.452
0.00464196,1,404.173
0.00464395,1,380.69
0.00464597,1,382.032
0.00464792,1,405.993
0.00464995,1,444.775
0.00465197,1,485.972
0.00465399,1,519.301
0.00465593,1,537.279
0.00465796,1,535.331
0.00466,1,515.516
0.00466196,1,492.946
0.00466398,1,488.919
0.00466594,1,513.152
0.00466792,1,546.838
0.00466993,1,546.817
0.00467194,1,491.169
0.00467399,1,401.795
0.004676,1,327.309
0.00467798,1,381.754
0.00467996,1,783.145
0.00468192,1,1434.53
0.00468399,1,2058.61
0.00468596,1,2574.45
0.00468797,1,3033.96
0.00468993,1,3470.5
0.00469195,1,3972.68
0.00469396,1,4567.6
0.00469595,1,5065.79
0.00469796,1,5434.15
0.00469998,1,5849.0
0.00470193,1,6461.97
0.00470395,1,7064.62
0.00470598,1,7376.19
0.00470794,1,7346.2
0.00470995,1,7133.81
0.00471196,1,6879.05
0.004714,1,6647.31
0.00471593,1,6480.1
0.00471793,1,6430.0
0.00471997,1,6544.47
0.00472199,1,6807.58
0.00472395,1,7149.63
0.00472598,1,7504.9
0.00472794,1,7763.33
0.00472993,1,7854.16
0.00473199,1,7802.27
0.00473394,1,7666.35
0.00473597,1,7458.22
0.00473793,1,7126.13
0.00473996,1,6645.73
0.00474194,1,6042.81
0.00474397,1,5380.39
0.00474597,1,4732.45
0.00474796,1,4149.98
0.00474998,1,3652.47
0.00475199,1,3300.5
0.00475395,1,3145.38
0.00475599,1,3187.69
0.00475792,1,3391.55
0.00475995,1,3617.29
0.00476198,1,3727.14
0.00476396,1,3694.2
0.004766,1,3572.21
0.00476795,1,3408.96
0.00476998,1,3246.9
0.00477192,1,3139.06
0.00477395,1,3081.24
0.00477595,1,2996.47
0.004778,1,2828.51
0.00477993,1,2607.94
0.00478194,1,2395.36
0.00478396,1,2228.43
0.00478593,1,2110.5
0.00478795,1,1994.53
0.00478995,1,1832.26
0.00479199,1,1623.14
0.00479399,1,1407.08
0.00479595,1,1236.8
0.00479795,1,1118.62
0.00479998,1,1008.97
0.00480196,1,869.758
0.00480392,1,706.484
0.004806,1,549.394
0.00480793,1,428.729
0.00480993,1,342.973
0.00481191,1,275.663
0.00481395,1,216.705
0.00481599,1,163.475
0.00481794,1,119.98
0.00481997,1,87.5878
0.00482193,1,65.1805
0.00482396,1,45.2315
0.00482592,1,25.1109
0.00482794,1,10.511
0.00482996,1,3.4047
0.00483194,1,1.30804
0.00483393,1,1.06706
0.00483596,1,1.30634
0.00483797,1,2.32364
0.00483994,1,4.89028
0.00484196,1,10.0986
0.00484397,1,19.6575
0.00484599,1,34.2655
0.00484797,1,56.6639
0.00484997,1,91.0136
0.00485194,1,134.665
0.00485397,1,186.347
0.00485592,1,252.597
0.00485796,1,373.147
0.00485999,1,648.037
0.00486194,1,1157.89
0.00486397,1,1824.04
0.00486596,1,2468.11
0.004868,1,2987.07
0.00486992,1,3360.63
0.00487193,1,3681.24
0.00487399,1,4057.35
0.00487592,1,4447.45
0.00487799,1,4790.97
0.00487995,1,5034.04
0.00488199,1,5135.67
0.00488398,1,5078.15
0.00488599,1,4862.4
0.00488793,1,4522.82
0.00489,1,4115.92
0.00489199,1,3712.35
0.00489395,1,3368.63
0.00489598,1,3090.51
0.004898,1,2888.23
0.00489993,1,2807.61
0.00490199,1,2867.0
0.00490396,1,3028.47
0.00490594,1,3220.26
0.00490796,1,3401.5
0.00490992,1,3564.58
0.00491197,1,3755.37
0.00491395,1,3981.02
0.004916,1,4197.42
0.00491795,1,4366.86
0.00491992,1,4460.46
0.00492195,1,4512.15
0.00492396,1,4581.59
0.00492599,1,4709.12
0.00492793,1,4898.57
0.00492995,1,5160.32
0.00493197,1,5503.18
0.00493394,1,5887.6
0.004936,1,6262.6
0.00493799,1,6577.68
0.00493994,1,6799.17
0.00494195,1,6937.45
0.00494392,1,7011.3
0.00494596,1,6996.85
0.00494794,1,6854.24
0.00494994,1,6582.21
0.00495197,1,6215.04
0.00495393,1,5825.81
0.00495599,1,5456.31
0.00495796,1,5106.69
0.00495995,1,4748.57
0.00496193,1,4353.97
0.00496397,1,3918.44
0.00496599,1,3470.12
0.00496793,1,3064.51
0.00496996,1,2721.87
0.00497194,1,2457.93
0.00497395,1,2266.25
0.00497596,1,2121.43
0.00497792,1,2013.6
0.00497999,1,1931.65
0.00498195,1,1864.71
0.00498397,1,1798.94
0.00498593,1,1718.16
0.00498799,1,1620.22
0.00498999,1,1518.42
0.00499199,1,1442.49
0.00499392,1,1422.97
0.00499599,1,1483.76
0.00499796,1,1633.38
0.00499997,1,1867.55
0.00500198,1,2174.08
0.00500396,1,2491.22
0.00500595,1,2748.46
0.00500796,1,2934.03
0.00500999,1,3078.73
0.00501191,1,3175.7
0.00501397,1,3184.15
0.00501595,1,3076.37
0.00501796,1,2873.48
0.00501993,1,2617.49
0.00502194,1,2352.57
0.00502399,1,2134.53
0.00502599,1,2028.63
0.00502794,1,2061.11
0.00502996,1,2208.83
0.00503193,1,2416.58
0.00503394,1,2617.79
0.00503594,1,2798.21
0.00503793,1,2987.38
0.00503998,1,3192.01
0.00504198,1,3387.87
0.00504399,1,3573.21
0.00504595,1,3785.04
0.00504792,1,4026.75
0.00504994,1,4277.0
0.00505194,1,4568.9
0.00505395,1,4965.02
0.00505599,1,5451.4
0.00505793,1,5927.0
0.00505994,1,6346.25
0.00506194,1,6735.87
0.00506395,1,7123.07
0.00506596,1,7527.86
0.00506794,1,7941.39
0.00506997,1,8366.56
0.00507192,1,8798.99
0.00507396,1,9240.43
0.00507595,1,9677.88
0.00507796,1,10040.9
0.00507994,1,10238.0
0.00508196,1,10243.4
0.00508392,1,10103.4
0.00508598,1,9883.3
0.00508794,1,9646.61
0.00508995,1,9433.66
0.00509196,1,9268.41
0.00509393,1,9157.37
0.00509596,1,9061.69
0.00509796,1,8938.22
0.00509998,1,8769.72
0.00510194,1,8607.36
0.00510393,1,8511.37
0.00510599,1,8471.87
0.00510795,1,8403.22
0.00510997,1,8195.29
0.00511199,1,7779.06
0.00511393,1,7178.75
0.00511596,1,6439.35
0.00511797,1,5624.62
0.00512,1,4822.07
0.00512193,1,4108.89
0.00512399,1,3537.38
0.005126,1,3157.96
0.00512796,1,3022.67
0.00512995,1,3096.21
0.00513193,1,3312.71
0.00513397,1,3616.49
0.00513599,1,3978.36
0.00513792,1,4354.5
0.00513995,1,4726.28
0.00514198,1,5068.07
0.005144,1,5334.26
0.00514598,1,5457.13
0.005148,1,5366.29
0.00514997,1,5081.16
0.00515194,1,4717.45
0.00515398,1,4424.19
0.00515592,1,4302.09
0.00515797,1,4305.98
0.00515994,1,4370.83
0.00516199,1,4441.82
0.00516397,1,4496.8
0.00516594,1,4547.22
0.00516798,1,4589.88
0.00516993,1,4586.33
0.00517198,1,4515.2
0.00517398,1,4404.94
0.00517593,1,4301.47
0.005178,1,4229.69
0.00517993,1,4188.14
0.00518193,1,4127.78
0.005184,1,3978.5
0.00518593,1,3735.85
0.00518798,1,3465.68
0.00518998,1,3233.87
0.005192,1,3053.13
0.00519393,1,2879.04
0.00519599,1,2660.18
0.00519794,1,2438.83
0.00519997,1,2296.99
0.00520192,1,2176.94
0.00520397,1,1989.87
0.00520597,1,1733.67
0.00520795,1,1450.54
0.00520995,1,1168.44
0.00521199,1,899.172
0.00521394,1,652.554
0.00521593,1,432.797
0.00521799,1,249.568
0.00521995,1,138.133
0.00522192,1,103.33
0.00522396,1,106.73
0.00522597,1,129.428
0.00522797,1,155.187
0.00522998,1,167.741
0.00523194,1,180.355
0.00523391,1,209.32
0.00523599,1,259.647
0.00523793,1,330.292
0.00523999,1,420.866
0.00524194,1,491.747
0.00524397,1,495.85
0.00524595,1,439.188
0.00524794,1,374.277
0.00524997,1,342.431
0.00525194,1,339.279
0.00525399,1,342.521
0.00525594,1,340.891
0.00525796,1,340.018
0.00525993,1,352.107
0.00526194,1,386.328
0.00526394,1,443.926
0.00526596,1,511.452
0.00526797,1,570.675
0.00526994,1,608.431
0.00527196,1,624.308
0.005274,1,626.319
0.00527599,1,630.181
0.00527797,1,663.375
0.00527993,1,749.913
0.00528192,1,896.43
0.00528397,1,1101.58
0.00528595,1,1372.15
0.00528796,1,1748.73
0.00528998,1,2259.13
0.00529193,1,2863.02
0.00529395,1,3662.72
0.00529599,1,4710.88
0.00529796,1,5707.42
0.00529998,1,6615.76
0.00530198,1,7571.31
0.00530399,1,8563.06
0.00530599,1,9323.98
0.00530798,1,9652.45
0.00530993,1,9625.67
0.00531195,1,9337.57
0.00531397,1,8844.54
0.00531599,1,8222.46
0.00531794,1,7517.6
0.00531996,1,6749.81
0.00532195,1,5888.8
0.00532392,1,4944.47
0.00532599,1,4012.91
0.00532798,1,3217.5
0.00532992,1,2606.82
0.00533196,1,2139.13
0.00533392,1,1772.46
0.00533597,1,1459.16
0.00533794,1,1155.44
0.00533996,1,847.394
0.00534198,1,559.987
0.00534395,1,348.703
0.00534599,1,225.292
0.00534793,1,179.232
0.00534995,1,165.304
0.00535198,1,145.549
0.00535394,1,120.559
0.00535594,1,108.952
0.00535798,1,116.326
0.00535995,1,129.747
0.00536199,1,134.504
0.00536393,1,143.616
0.00536592,1,193.03
0.00536798,1,276.251
0.00536996,1,338.966
0.00537193,1,350.655
0.00537398,1,320.52
0.00537595,1,265.108
0.00537795,1,198.804
0.00537998,1,143.924
0.00538194,1,157.349
0.00538392,1,362.466
0.00538596,1,865.16
0.00538792,1,1546.97
0.00538995,1,2269.78
0.00539197,1,2978.48
0.00539397,1,3629.35
0.00539595,1,4234.44
0.00539793,1,4819.25
0.0054,1,5525.31
0.00540197,1,6486.25
0.00540396,1,7636.87
0.00540598,1,8876.91
0.00540794,1,9846.12
0.00540996,1,10233.7
0.00541199,1,10043.8
0.00541396,1,9495.67
0.00541594,1,8830.11
0.00541792,1,8192.28
0.00541996,1,7596.44
0.00542199,1,7034.35
0.00542393,1,6538.9
0.00542598,1,6100.67
0.005428,1,5692.99
0.00542999,1,5301.7
0.00543197,1,4940.37
0.00543397,1,4640.04
0.00543599,1,4404.99
0.00543796,1,4224.5
0.00543995,1,4093.26
0.00544197,1,4018.02
0.00544396,1,4024.54
0.00544593,1,4089.19
0.00544799,1,4128.73
0.00544993,1,4076.42
0.00545193,1,3948.42
0.00545397,1,3775.77
0.00545594,1,3572.95
0.00545795,1,3384.1
0.00545995,1,3277.14
0.00546198,1,3304.41
0.00546399,1,3481.53
0.00546598,1,3790.63
0.00546795,1,4178.27
0.00546998,1,4586.06
0.00547194,1,4946.87
0.00547396,1,5202.69
0.00547597,1,5348.71
0.00547794,1,5420.21
0.00547993,1,5453.46
0.00548199,1,5453.81
0.00548393,1,5395.67
0.00548599,1,5285.73
0.005488,1,5166.59
0.00548993,1,5047.59
0.00549196,1,4896.18
0.00549396,1,4689.6
0.005496,1,4425.41
0.00549793,1,4097.63
0.00549993,1,3692.42
0.00550196,1,3200.05
0.00550394,1,2671.9
0.00550599,1,2155.87
0.00550799,1,1694.46
0.00550999,1,1332.24
0.00551198,1,1079.73
0.00551393,1,914.504
0.00551595,1,786.474
0.00551797,1,663.046
0.00551993,1,544.995
0.00552194,1,432.588
0.00552394,1,324.038
0.00552596,1,222.374
0.00552796,1,130.583
0.00552996,1,59.4605
0.00553199,1,17.1599
0.00553395,1,1.52818
0.00553594,1,0.0010512
0.005538,1,0.0
0.00553993,1,0.0
0.00554198,1,0.0
0.00554399,1,0.0
0.00554592,1,0.0
0.00554795,1,0.0
0.00555,1,0.0
0.00555192,1,0.0
0.00555399,1,0.0
0.00555599,1,0.0
0.00555793,1,0.0
0.00555994,1,0.0
0.00556198,1,0.0
0.00556398,1,0.0
0.00556597,1,0.0
0.00556797,1,0.0
0.00556995,1,0.0
0.00557196,1,0.0
0.00557396,1,0.0
0.00557599,1,0.0
0.00557794,1,0.0
0.00557995,1,0.0
0.00558195,1,0.0
0.00558396,1,0.0
0.00558596,1,0.0
0.00558794,1,0.0
0.00558993,1,0.0
0.00559194,1,0.0
0.00559395,1,0.0
0.00559592,1,0.0
0.00559793,1,0.0
0.00559992,1,0.0
0.00560194,1,0.0
0.00560398,1,0.0
0.005606,1,0.0
0.00560798,1,0.0
0.00560993,1,0.0
0.00561195,1,0.0
0.00561396,1,0.0
0.00561593,1,0.0
0.005618,1,0.0029627
0.00561997,1,2.35224
0.00562195,1,25.3708
0.00562396,1,82.7508
0.005626,1,167.783
0.00562795,1,259.745
0.00562994,1,322.434
0.00563192,1,326.275
0.00563394,1,265.238
0.00563595,1,170.127
0.005638,1,81.2848
0.00563999,1,25.6944
0.00564196,1,4.53382
0.00564392,1,1.31934
0.00564596,1,4.60341
0.00564796,1,8.48668
0.00564992,1,10.6839
0.00565195,1,11.4118
0.00565395,1,12.6183
0.005656,1,25.0996
0.00565796,1,69.5534
0.00565993,1,162.207
0.00566196,1,303.503
0.00566397,1,439.864
0.00566596,1,536.058
0.00566793,1,581.483
0.00566995,1,582.438
0.00567193,1,550.905
0.00567399,1,494.549
0.00567598,1,417.985
0.00567792,1,332.3
0.00567994,1,244.769
0.00568199,1,168.818
0.00568397,1,115.308
0.00568592,1,83.9689
0.00568795,1,68.1462
0.00568996,1,60.5157
0.00569194,1,57.631
0.00569392,1,59.0939
0.00569597,1,62.6565
0.00569792,1,63.553
0.00569994,1,58.099
0.00570195,1,46.6551
0.00570394,1,33.2865
0.00570597,1,22.146
0.00570799,1,14.6395
0.00570993,1,10.9279
0.00571197,1,10.7158
0.00571394,1,16.6215
0.00571598,1,43.4584
0.00571795,1,122.503
0.00572,1,288.226
0.00572194,1,577.455
0.00572394,1,1040.85
0.005726,1,1624.96
0.00572798,1,2120.9
0.00573,1,2451.38
0.00573194,1,2635.52
0.00573394,1,2700.92
0.00573594,1,2676.01
0.00573797,1,2603.51
0.00573994,1,2511.4
0.00574193,1,2406.06
0.00574396,1,2307.13
0.00574598,1,2230.84
0.00574793,1,2180.9
0.00574995,1,2184.82
0.00575198,1,2313.73
0.00575392,1,2625.93
0.00575597,1,3128.26
0.00575799,1,3793.9
0.00575998,1,4636.13
0.00576198,1,5721.05
0.00576396,1,7070.42
0.00576597,1,8457.71
0.00576798,1,9543.46
0.00576994,1,10195.5
0.00577195,1,10507.0
0.00577395,1,10590.4
0.00577593,1,10540.2
0.00577798,1,10459.6
0.00577994,1,10426.8
0.00578196,1,10472.9
0.00578399,1,10580.0
0.00578597,1,10689.3
0.00578797,1,10722.4
0.00578997,1,10605.6
0.00579194,1,10313.2
0.00579395,1,9958.65
0.00579594,1,9834.15
0.00579793,1,9992.62
0.00579998,1,10055.9
0.00580193,1,9717.73
0.00580394,1,9010.48
0.00580599,1,8095.47
0.00580797,1,7169.4
0.00580996,1,6374.84
0.00581198,1,5804.47
0.00581398,1,5527.03
0.00581592,1,5483.49
0.00581798,1,5570.23
0.00581996,1,5727.74
0.00582195,1,5933.72
0.00582396,1,6200.64
0.00582592,1,6524.08
0.00582795,1,6893.5
0.00582995,1,7197.23
0.005832,1,7234.56
0.00583396,1,6902.7
0.00583594,1,6281.39
0.00583795,1,5513.95
0.00583998,1,4769.51
0.00584198,1,4163.87
0.00584393,1,3711.49
0.00584597,1,3373.59
0.00584799,1,3144.73
0.00584997,1,3020.28
0.00585192,1,2970.36
0.00585399,1,2944.55
0.00585593,1,2906.03
0.00585796,1,2839.37
0.00585994,1,2736.39
0.00586194,1,2613.51
0.00586399,1,2509.79
0.00586594,1,2459.68
0.00586795,1,2481.04
0.00586994,1,2593.92
0.00587192,1,2805.55
0.00587399,1,3082.92
0.00587592,1,3337.43
0.00587797,1,3485.34
0.00588,1,3475.93
0.00588195,1,3311.43
0.00588399,1,3022.02
0.00588592,1,2660.54
0.00588793,1,2296.37
0.00588992,1,1978.03
0.00589198,1,1731.09
0.00589395,1,1545.37
0.00589593,1,1394.68
0.00589793,1,1257.02
0.00589997,1,1141.58
0.00590197,1,1065.09
0.00590394,1,1047.7
0.00590593,1,1112.81
0.00590793,1,1207.41
0.00591,1,1283.66
0.00591193,1,1367.59
0.00591396,1,1500.14
0.005916,1,1702.63
0.00591793,1,1958.0
0.00592,1,2253.73
0.00592199,1,2560.07
0.00592397,1,2823.44
0.00592594,1,3017.73
0.00592794,1,3129.02
0.00592994,1,3139.09
0.00593199,1,3027.66
0.00593397,1,2805.23
0.00593597,1,2514.92
0.00593796,1,2186.75
0.00593996,1,1848.14
0.00594197,1,1542.2
0.00594396,1,1312.98
0.00594593,1,1162.07
0.00594794,1,1041.95
0.00594995,1,912.233
0.00595198,1,769.321
0.00595396,1,634.667
0.00595599,1,525.431
0.00595799,1,447.44
0.00595996,1,394.517
0.00596199,1,355.584
0.00596393,1,326.825
0.00596597,1,309.835
0.00596799,1,304.607
0.00596997,1,308.031
0.00597195,1,317.465
0.00597392,1,331.116
0.00597592,1,343.946
0.00597794,1,355.68
0.00597994,1,373.013
0.00598199,1,410.509
0.00598397,1,489.702
0.00598594,1,625.984
0.00598795,1,816.032
0.00598994,1,1027.3
0.00599195,1,1211.08
0.00599394,1,1339.55
0.00599599,1,1419.55
0.00599794,1,1479.55
0.00599994,1,1543.02
0.00600199,1,1613.7
0.00600397,1,1666.5
0.00600592,1,1665.65
0.00600794,1,1600.15
0.00600995,1,1505.84
0.00601192,1,1438.31
0.00601399,1,1418.0
0.00601599,1,1430.91
0.00601794,1,1440.32
0.00601994,1,1417.9
0.00602193,1,1360.49
0.00602393,1,1288.19
0.00602592,1,1229.5
0.00602797,1,1205.8
0.00602992,1,1227.64
0.00603197,1,1307.41
0.00603399,1,1467.68
0.00603592,1,1686.15
0.00603792,1,1917.72
0.00603994,1,2130.82
0.00604197,1,2282.96
0.00604398,1,2346.6
0.00604592,1,2327.56
0.00604797,1,2255.26
0.00604994,1,2152.89
0.00605195,1,2046.67
0.00605396,1,1964.38
0.00605597,1,1920.78
0.00605796,1,1902.69
0.00605996,1,1876.23
0.00606194,1,1808.4
0.00606394,1,1695.43
0.00606594,1,1575.14
0.00606796,1,1481.18
0.00607,1,1430.34
0.00607197,1,1432.37
0.00607397,1,1492.56
0.00607593,1,1614.83
0.00607795,1,1799.72
0.00607992,1,2045.23
0.00608198,1,2361.75
0.00608396,1,2720.67
0.00608595,1,3063.35
0.00608795,1,3360.99
0.00608996,1,3607.32
0.00609193,1,3805.05
0.00609395,1,3972.22
0.00609593,1,4116.92
0.00609793,1,4247.67
0.00609999,1,4398.59
0.00610197,1,4596.34
0.00610396,1,4868.81
0.00610599,1,5220.57
0.00610796,1,5595.89
0.00610997,1,5962.63
0.00611193,1,6312.6
0.00611394,1,6647.6
0.00611594,1,6995.21
0.00611792,1,7376.28
0.00611998,1,7853.11
0.00612193,1,8555.44
0.00612394,1,9516.29
0.00612595,1,10563.6
0.00612794,1,11409.6
0.00612992,1,11903.7
0.00613197,1,12049.7
0.00613397,1,11939.8
0.00613599,1,11702.9
0.00613792,1,11450.2
0.00613993,1,11228.8
0.00614195,1,11026.5
0.00614398,1,10784.8
0.00614594,1,10405.5
0.00614795,1,9821.62
0.00614995,1,9033.44
0.00615195,1,8149.69
0.00615395,1,7300.98
0.00615594,1,6576.67
0.006158,1,6033.09
0.00615997,1,5694.85
0.00616199,1,5525.92
0.00616397,1,5483.85
0.00616594,1,5512.7
0.00616798,1,5561.18
0.00616999,1,5616.01
0.00617198,1,5701.02
0.00617397,1,5864.01
0.00617595,1,6136.74
0.00617793,1,6504.17
0.00617994,1,6924.84
0.00618199,1,7323.7
0.00618392,1,7573.07
0.00618595,1,7590.76
0.00618798,1,7353.69
0.00619,1,6902.26
0.00619199,1,6301.75
0.00619395,1,5626.17
0.00619596,1,4921.18
0.00619793,1,4240.1
0.00619992,1,3627.94
0.00620194,1,3104.79
0.006204,1,2681.42
0.00620596,1,2354.01
0.00620796,1,2094.33
0.00620994,1,1868.73
0.00621199,1,1653.38
0.00621392,1,1458.21
0.00621594,1,1296.96
0.00621794,1,1170.71
0.00621998,1,1074.36
0.00622194,1,992.297
0.00622395,1,903.049
0.00622597,1,785.964
0.00622793,1,638.565
0.00622997,1,475.042
0.00623195,1,323.052
0.00623397,1,209.226
0.00623596,1,136.262
0.00623798,1,83.728
0.00623999,1,42.2962
0.00624192,1,16.0429
0.00624392,1,3.84033
0.00624593,1,0.183009
0.00624794,1,0.0140901
0.00624992,1,0.00106253
0.00625197,1,6.05043e-06
0.00625397,1,0.0225333
0.00625597,1,0.442385
0.00625799,1,3.14116
0.00625998,1,11.9653
0.00626196,1,31.0912
0.00626394,1,63.2431
0.00626593,1,105.295
0.00626794,1,149.81
0.00626993,1,199.347
0.00627194,1,277.873
0.00627392,1,427.362
0.00627596,1,635.551
0.00627794,1,828.43
0.00627997,1,955.805
0.00628198,1,1011.92
0.00628393,1,1007.66
0.00628598,1,976.824
0.00628799,1,1022.99
0.00628992,1,1220.3
0.00629196,1,1531.72
0.00629393,1,1910.59
0.00629594,1,2307.87
0.00629794,1,2665.58
0.0063,1,2950.37
0.00630195,1,3124.54
0.00630398,1,3164.01
0.00630598,1,3067.58
0.00630795,1,2890.89
0.00630998,1,2686.2
0.00631197,1,2479.11
0.00631396,1,2269.48
0.00631596,1,2047.37
0.00631799,1,1811.01
0.00631999,1,1570.82
0.00632196,1,1340.25
0.00632395,1,1138.08
0.00632598,1,998.42
0.00632798,1,932.549
0.00633,1,906.744
0.00633192,1,897.853
0.006334,1,923.783
0.00633592,1,1008.15
0.00633796,1,1191.26
0.00633999,1,1508.77
0.00634198,1,1899.68
0.006344,1,2305.48
0.00634592,1,2693.06
0.00634797,1,3031.92
0.00634999,1,3290.35
0.00635196,1,3457.21
0.00635398,1,3573.85
0.00635596,1,3673.54
0.00635798,1,3765.94
0.00636,1,3863.36
0.00636195,1,3983.36
0.00636394,1,4152.82
0.00636597,1,4391.61
0.00636793,1,4673.34
0.00636998,1,4954.0
0.006372,1,5218.91
0.00637394,1,5417.33
0.00637593,1,5468.3
0.00637799,1,5314.23
0.00637993,1,4997.04
0.00638196,1,4624.28
0.00638399,1,4278.58
0.00638594,1,4003.94
0.00638795,1,3797.79
0.00638992,1,3662.32
0.00639198,1,3595.76
0.00639398,1,3580.0
0.00639595,1,3583.33
0.00639795,1,3577.35
0.00639994,1,3535.72
0.00640197,1,3435.69
0.00640394,1,3270.2
0.00640597,1,3056.07
0.00640796,1,2833.4
0.00640995,1,2656.25
0.006412,1,2556.58
0.00641394,1,2553.55
0.00641595,1,2632.71
0.00641796,1,2763.78
0.00641998,1,2909.09
0.00642195,1,3033.71
0.00642396,1,3115.82
0.00642595,1,3157.12
0.00642793,1,3173.56
0.00642995,1,3194.48
0.00643193,1,3248.69
0.00643398,1,3361.03
0.00643592,1,3563.3
0.00643796,1,3896.74
0.00643997,1,4390.8
0.00644199,1,5026.87
0.00644397,1,5785.97
0.00644595,1,6648.59
0.00644797,1,7622.31
0.00644993,1,8750.69
0.00645197,1,9999.58
0.00645392,1,11012.0
0.00645594,1,11558.7
0.00645799,1,11638.1
0.00645994,1,11373.5
0.00646192,1,10941.1
0.00646396,1,10432.6
0.00646599,1,9862.94
0.00646798,1,9224.62
0.00646998,1,8571.78
0.00647192,1,8042.62
0.00647396,1,7741.73
0.00647592,1,7846.71
0.00647798,1,8496.61
0.00647997,1,9136.82
0.00648197,1,9079.6
0.00648393,1,8388.44
0.00648592,1,7462.67
0.00648797,1,6506.65
0.00648999,1,5647.96
0.00649197,1,5013.47
0.00649398,1,4652.28
0.00649592,1,4533.06
0.00649799,1,4499.89
0.00649998,1,4401.57
0.00650196,1,4131.71
0.00650392,1,3668.55
0.00650593,1,3083.77
0.00650793,1,2519.06
0.00650999,1,2090.46
0.00651196,1,1835.37
0.00651392,1,1717.43
0.00651594,1,1655.83
0.00651798,1,1597.27
0.00651997,1,1528.76
0.00652196,1,1452.95
0.00652394,1,1377.56
0.00652592,1,1289.04
0.00652795,1,1161.97
0.00653,1,1015.36
0.00653199,1,887.411
0.00653397,1,791.014
0.00653598,1,708.854
0.00653793,1,620.715
0.00653994,1,522.799
0.00654195,1,430.271
0.00654399,1,350.781
0.00654592,1,276.583
0.00654798,1,204.538
0.00654994,1,143.018
0.00655199,1,96.1454
0.00655399,1,58.298
0.00655593,1,27.3005
0.00655794,1,6.21451
0.00655995,1,0.115277
0.00656198,1,0.0
0.00656399,1,0.0
0.00656597,1,0.0
0.00656793,1,0.0
0.00656998,1,0.0
0.00657196,1,0.0
0.00657396,1,0.0
0.00657596,1,0.0
0.00657797,1,0.00034942
0.00657992,1,0.234946
0.00658197,1,3.44869
0.00658398,1,18.5421
0.00658597,1,61.2769
0.00658796,1,128.063
0.00658993,1,198.078
0.00659199,1,249.785
0.00659393,1,260.097
0.00659595,1,221.226
0.00659798,1,147.471
0.00659992,1,72.1007
0.00660192,1,22.1479
0.00660399,1,2.72773
0.00660594,1,0.0240181
0.00660792,1,0.0
0.00660992,1,0.0
0.00661198,1,0.0
0.00661393,1,0.0
0.00661593,1,0.0
0.00661796,1,0.0
0.00661998,1,0.0
0.00662193,1,0.0
0.00662395,1,0.0
0.00662599,1,0.0
0.00662795,1,0.0
0.00662997,1,0.0
0.00663194,1,0.0
0.00663393,1,0.0
0.00663598,1,0.0
0.00663793,1,0.0
0.00663997,1,0.0
0.00664197,1,0.0
0.00664399,1,0.0
0.006646,1,0.0
0.00664795,1,0.0
0.00664998,1,0.0
0.00665197,1,0.0
0.00665392,1,0.0
0.00665595,1,0.0
0.00665799,1,0.0
0.00666,1,0.0
0.00666198,1,0.0
0.00666395,1,0.0
0.00666592,1,0.0
0.00666797,1,0.0
0.00667,1,0.0
0.00667199,1,0.0
0.00667393,1,0.0
0.00667597,1,0.0
0.00667794,1,0.0
0.00667994,1,0.0
0.006682,1,0.0
0.00668395,1,0.0
0.00668597,1,0.0
0.00668798,1,0.0
0.00668997,1,0.0
0.00669197,1,0.0
0.00669393,1,0.0
0.006696,1,0.0
0.00669798,1,0.0
0.00669993,1,0.0
0.00670198,1,1.64344e-06
0.00670393,1,2.07639
0.00670598,1,84.1547
0.00670798,1,422.308
0.00670994,1,926.968
0.00671195,1,1403.24
0.00671397,1,1803.69
0.00671594,1,2145.51
0.00671793,1,2427.8
0.00671992,1,2673.34
0.00672196,1,2910.15
0.00672394,1,3124.67
0.00672599,1,3227.31
0.00672798,1,3147.87
0.00672999,1,2896.98
0.00673194,1,2526.32
0.00673399,1,2110.18
0.00673599,1,1826.97
0.00673798,1,1879.06
0.00673994,1,2224.99
0.00674196,1,2662.12
0.00674398,1,3017.2
0.00674596,1,3192.0
0.00674793,1,3198.45
0.00674993,1,3124.86
0.00675196,1,3059.43
0.00675392,1,3040.97
0.00675597,1,3066.15
0.00675797,1,3084.85
0.00675996,1,3040.92
0.00676199,1,2921.88
0.00676394,1,2753.63
0.00676595,1,2579.56
0.00676796,1,2432.28
0.00676999,1,2323.04
0.006772,1,2233.73
0.00677398,1,2128.03
0.00677592,1,1974.97
0.00677799,1,1759.29
0.00677995,1,1510.23
0.00678193,1,1293.39
0.00678398,1,1157.61
0.00678596,1,1130.07
0.00678797,1,1199.11
0.00678993,1,1351.92
0.00679198,1,1583.38
0.00679396,1,1870.73
0.00679596,1,2198.19
0.00679793,1,2549.43
0.00679995,1,2898.26
0.00680194,1,3215.58
0.00680393,1,3478.78
0.00680593,1,3685.09
0.00680794,1,3844.93
0.00680997,1,3946.37
0.00681195,1,3944.18
0.00681396,1,3815.71
0.00681595,1,3593.37
0.00681798,1,3329.56
0.00681995,1,3082.73
0.006822,1,2889.4
0.00682397,1,2773.37
0.00682598,1,2736.97
0.00682799,1,2770.7
0.00682995,1,2856.83
0.00683192,1,2976.03
0.00683399,1,3107.13
0.00683598,1,3224.31
0.006838,1,3319.24
0.00683995,1,3394.45
0.00684196,1,3446.14
0.00684397,1,3478.46
0.00684599,1,3496.17
0.00684797,1,3494.69
0.00684996,1,3478.51
0.00685193,1,3443.47
0.00685398,1,3345.86
0.00685597,1,3183.69
0.00685796,1,3001.62
0.00686,1,2827.44
0.00686193,1,2739.16
0.00686394,1,2918.62
0.00686595,1,3563.82
0.00686797,1,4699.52
0.00686999,1,6138.0
0.00687193,1,7593.24
0.00687396,1,8882.59
0.00687593,1,9839.14
0.00687799,1,10326.3
0.00687994,1,10273.5
0.00688196,1,9711.41
0.00688396,1,8751.63
0.00688594,1,7568.11
0.00688793,1,6311.25
0.00688993,1,5081.78
0.00689195,1,3945.35
0.00689398,1,2948.81
0.00689596,1,2135.15
0.00689794,1,1509.95
0.00689999,1,1022.29
0.00690193,1,634.026
0.00690395,1,342.707
0.006906,1,145.691
0.00690793,1,70.98
0.00690994,1,167.596
0.00691199,1,336.909
0.00691398,1,473.202
0.00691596,1,552.776
0.00691798,1,601.316
0.00691992,1,664.089
0.00692199,1,793.665
0.00692397,1,1006.65
0.00692594,1,1250.76
0.00692797,1,1457.99
0.00692997,1,1578.06
0.00693196,1,1605.43
0.00693393,1,1558.01
0.00693593,1,1448.48
0.00693794,1,1290.93
0.00693992,1,1089.02
0.00694198,1,846.745
0.00694397,1,606.292
0.00694599,1,418.002
0.00694796,1,302.972
0.00694994,1,266.97
0.00695198,1,297.385
0.00695399,1,394.434
0.006956,1,594.288
0.00695799,1,992.885
0.00695997,1,1622.59
0.00696195,1,2330.6
0.00696398,1,2922.65
0.00696597,1,3288.68
0.00696796,1,3394.02
0.00696998,1,3269.92
0.00697192,1,2999.06
0.00697397,1,2656.99
0.00697593,1,2286.58
0.00697792,1,1916.88
0.00697993,1,1571.38
0.00698196,1,1258.38
0.00698392,1,977.991
0.00698595,1,730.654
0.00698797,1,527.939
0.00698999,1,370.191
0.00699195,1,252.134
0.00699393,1,163.364
0.00699598,1,100.386
0.00699794,1,60.159
0.00699995,1,38.4882
0.00700196,1,38.1209
0.00700396,1,60.264
0.00700599,1,98.8935
0.00700794,1,137.383
0.00700992,1,158.264
0.00701194,1,153.357
0.00701396,1,123.332
0.00701598,1,77.4531
0.00701794,1,34.2949
0.00701996,1,8.1116
0.00702196,1,0.487516
0.00702397,1,0.000176323
0.00702592,1,0.0
0.00702794,1,0.000491648
0.00702995,1,1.30897
0.00703197,1,21.4012
0.00703395,1,90.4463
0.007036,1,191.928
0.00703794,1,267.233
0.00703995,1,292.69
0.00704198,1,285.674
0.00704393,1,274.637
0.00704598,1,276.897
0.00704797,1,305.546
0.00704999,1,384.722
0.00705193,1,513.419
0.007054,1,649.279
0.007056,1,743.683
0.00705793,1,773.63
0.00705998,1,751.388
0.00706195,1,700.308
0.00706396,1,644.937
0.00706596,1,594.652
0.00706793,1,545.653
0.00706999,1,487.048
0.00707194,1,426.098
0.00707396,1,375.06
0.00707595,1,328.731
0.00707793,1,283.15
0.00707996,1,235.765
0.00708198,1,182.065
0.00708398,1,122.955
0.00708594,1,66.5715
0.00708799,1,25.5452
0.00708995,1,6.75773
0.00709194,1,2.50691
0.00709394,1,1.04294
0.00709598,1,0.183146
0.00709796,1,1.07513
0.0071,1,12.8971
0.00710195,1,56.2457
0.00710393,1,138.656
0.00710599,1,250.03
0.00710795,1,370.778
0.00710994,1,487.18
0.00711194,1,586.989
0.00711395,1,654.009
0.00711599,1,687.288
0.00711799,1,695.008
0.00711993,1,682.05
0.00712193,1,642.39
0.007124,1,566.435
0.00712596,1,461.193
0.00712793,1,343.076
0.00712997,1,224.011
0.00713193,1,122.79
0.00713399,1,51.5025
0.00713596,1,11.4493
0.00713796,1,2.92428
0.00713997,1,16.1844
0.00714193,1,43.608
0.00714399,1,76.879
0.00714597,1,104.533
0.00714793,1,119.511
0.00715,1,124.434
0.007152,1,129.695
0.00715396,1,155.308
0.00715592,1,255.942
0.00715797,1,499.255
0.00715998,1,888.886
0.00716192,1,1388.06
0.00716394,1,1988.35
0.00716596,1,2651.38
0.00716794,1,3279.85
0.00716998,1,3818.15
0.00717197,1,4215.78
0.00717395,1,4452.33
0.00717597,1,4575.96
0.00717796,1,4606.35
0.00717996,1,4536.44
0.00718195,1,4374.48
0.00718394,1,4158.21
0.00718594,1,3919.95
0.00718798,1,3635.94
0.00718992,1,3292.36
0.00719193,1,2907.87
0.00719393,1,2510.08
0.00719595,1,2130.12
0.00719793,1,1786.37
0.00719995,1,1498.52
0.00720196,1,1282.14
0.00720393,1,1139.85
0.00720598,1,1054.59
0.00720793,1,1021.0
0.00720993,1,1049.54
0.00721192,1,1162.38
0.00721396,1,1364.4
0.00721596,1,1613.06
0.00721794,1,1864.17
0.00721999,1,2099.56
0.00722195,1,2304.53
0.00722395,1,2454.9
0.00722596,1,2538.39
0.00722799,1,2566.32
0.00722994,1,2551.96
0.00723197,1,2500.16
0.00723399,1,2408.96
0.00723593,1,2286.14
0.00723798,1,2173.23
0.00723993,1,2236.89
0.00724194,1,2464.9
0.00724394,1,2639.4
0.007246,1,2665.15
0.00724797,1,2580.78
0.00724993,1,2452.13
0.00725194,1,2320.21
0.00725397,1,2210.14
0.00725596,1,2165.08
0.00725796,1,2259.78
0.00725995,1,2547.44
0.00726197,1,3007.56
0.00726394,1,3502.35
0.00726595,1,3885.72
0.00726795,1,4117.53
0.00727,1,4230.03
0.00727193,1,4256.91
0.00727394,1,4205.01
0.00727593,1,4061.69
0.00727794,1,3857.87
0.00727995,1,3671.91
0.00728193,1,3543.86
0.00728398,1,3462.96
0.00728599,1,3418.8
0.00728793,1,3393.71
0.00728995,1,3365.03
0.00729193,1,3332.26
0.00729397,1,3321.53
0.00729597,1,3362.09
0.00729793,1,3446.34
0.00729998,1,3551.11
0.00730193,1,3657.51
0.00730396,1,3738.6
0.00730595,1,3766.52
0.007308,1,3717.08
0.00730994,1,3573.52
0.00731196,1,3339.57
0.00731393,1,3063.45
0.00731599,1,2816.67
0.00731798,1,2644.23
0.00731997,1,2560.31
0.00732197,1,2558.99
0.007324,1,2639.01
0.00732596,1,2803.39
0.00732798,1,3031.82
0.00732998,1,3285.13
0.00733197,1,3540.88
0.00733399,1,3820.1
0.00733594,1,4156.19
0.00733792,1,4569.2
0.00733993,1,5053.53
0.00734194,1,5532.92
0.00734399,1,5869.87
0.00734595,1,5929.4
0.00734798,1,5703.53
0.00734997,1,5279.83
0.00735195,1,4768.36
0.00735393,1,4258.06
0.00735599,1,3800.73
0.00735797,1,3424.05
0.00735997,1,3119.52
0.00736193,1,2859.42
0.00736397,1,2622.58
0.007366,1,2406.38
0.00736793,1,2217.95
0.00736995,1,2054.15
0.00737199,1,1927.54
0.00737393,1,1858.12
0.00737598,1,1839.52
0.00737795,1,1850.59
0.00737992,1,1865.62
0.00738195,1,1868.59
0.00738397,1,1852.47
0.00738596,1,1818.7
0.00738796,1,1769.81
0.00738994,1,1718.26
0.00739193,1,1687.79
0.00739394,1,1705.75
0.00739595,1,1775.99
0.00739794,1,1851.81
0.00739998,1,1867.86
0.00740198,1,1792.31
0.00740398,1,1652.54
0.00740596,1,1498.86
0.00740798,1,1369.57
0.00740999,1,1302.05
0.00741197,1,1330.72
0.00741393,1,1469.07
0.00741596,1,1713.91
0.00741794,1,2024.01
0.00741993,1,2350.45
0.00742193,1,2675.54
0.007424,1,3008.87
0.00742596,1,3349.73
0.00742792,1,3691.88
0.00742993,1,4024.43
0.00743196,1,4308.99
0.00743393,1,4502.71
0.00743598,1,4589.18
0.00743796,1,4575.29
0.00743993,1,4482.42
0.00744197,1,4318.12
0.00744398,1,4090.33
0.00744598,1,3825.86
0.00744796,1,3560.2
0.00744997,1,3345.9
0.00745199,1,3239.76
0.00745393,1,3247.15
0.007456,1,3301.67
0.00745798,1,3322.41
0.00745998,1,3281.06
0.00746193,1,3190.71
0.00746398,1,3069.78
0.00746598,1,2938.8
0.00746793,1,2818.39
0.00746994,1,2717.68
0.007472,1,2639.42
0.00747398,1,2581.6
0.007476,1,2536.46
0.00747796,1,2496.23
0.00747995,1,2442.64
0.00748195,1,2342.14
0.007484,1,2165.41
0.00748598,1,1918.97
0.00748797,1,1636.67
0.00749,1,1349.35
0.00749198,1,1096.0
0.00749398,1,899.762
0.00749593,1,763.397
0.00749796,1,671.913
0.00749994,1,606.149
0.00750197,1,554.813
0.007504,1,520.175
0.007506,1,514.578
0.00750798,1,541.33
0.00750997,1,585.36
0.00751193,1,624.675
0.00751396,1,640.15
0.00751595,1,623.094
0.00751795,1,584.034
0.00751992,1,546.11
0.00752196,1,527.301
0.00752397,1,529.382
0.00752596,1,536.073
0.00752794,1,532.498
0.00752998,1,517.034
0.007532,1,498.548
0.00753393,1,494.67
0.00753599,1,517.851
0.00753797,1,572.121
0.00753996,1,647.71
0.00754196,1,718.997
0.00754396,1,762.134
0.00754593,1,778.85
0.00754799,1,790.407
0.00754995,1,820.68
0.00755195,1,884.649
0.00755395,1,986.455
0.00755599,1,1121.26
0.00755792,1,1276.32
0.00755998,1,1456.52
0.00756195,1,1688.34
0.00756395,1,2013.08
0.00756595,1,2452.56
0.00756794,1,2899.08
0.00756995,1,3248.65
0.00757197,1,3470.07
0.00757396,1,3565.98
0.00757599,1,3566.19
0.00757794,1,3517.18
0.00757997,1,3460.24
0.00758192,1,3431.87
0.00758394,1,3487.01
0.00758596,1,3654.25
0.00758795,1,3900.61
0.00758995,1,4176.51
0.00759197,1,4449.55
0.00759394,1,4701.87
0.00759596,1,4936.84
0.00759796,1,5139.64
0.00759995,1,5259.61
0.00760198,1,5285.61
0.00760399,1,5247.91
0.00760594,1,5183.54
0.00760793,1,5098.77
0.00760993,1,4964.96
0.00761196,1,4775.69
0.00761392,1,4584.54
0.00761599,1,4463.94
0.00761798,1,4489.12
0.00761992,1,4615.57
0.00762194,1,4736.32
0.00762393,1,4770.83
0.00762593,1,4686.35
0.00762794,1,4495.48
0.00762998,1,4225.05
0.00763199,1,3895.24
0.00763397,1,3536.09
0.00763593,1,3180.12
0.00763795,1,2852.63
0.00763993,1,2600.17
0.00764197,1,2466.15
0.00764396,1,2442.92
0.00764597,1,2458.58
0.007648,1,2420.61
0.00764993,1,2282.19
0.007652,1,2050.85
0.00765399,1,1761.44
0.007656,1,1451.71
0.00765796,1,1147.47
0.00766,1,873.527
0.00766195,1,660.564
0.00766398,1,523.978
0.00766594,1,460.114
0.00766793,1,456.695
0.00767,1,491.263
0.00767196,1,543.121
0.00767395,1,605.604
0.00767595,1,677.673
0.00767796,1,742.828
0.00767992,1,775.505
0.00768197,1,761.303
0.007684,1,701.513
0.00768594,1,616.666
0.00768797,1,537.971
0.00768995,1,504.939
0.00769193,1,527.829
0.00769399,1,594.959
0.00769592,1,689.53
0.00769796,1,799.434
0.00769998,1,902.811
0.00770198,1,973.07
0.00770393,1,1004.83
0.00770596,1,1022.08
0.00770798,1,1055.33
0.00770995,1,1096.9
0.00771194,1,1101.92
0.00771394,1,1032.5
0.00771598,1,879.136
0.00771798,1,672.089
0.00771998,1,459.722
0.00772199,1,264.599
0.00772395,1,117.057
0.00772598,1,33.266
0.00772796,1,3.5413
0.00772993,1,0.0149311
0.00773198,1,0.00792247
0.00773395,1,0.00647162
0.00773593,1,0.00766906
0.00773799,1,0.0100514
0.00773996,1,0.0107731
0.00774192,1,0.00962381
0.00774395,1,0.00910294
0.00774598,1,0.0100156
0.00774793,1,0.0113404
0.00774995,1,0.0113257
0.00775197,1,0.00609699
0.00775396,1,0.000302963
0.00775594,1,0.0
0.00775794,1,0.0
0.00775997,1,0.0
0.00776192,1,0.0
0.00776392,1,0.0
0.00776596,1,0.0
0.00776799,1,0.0
0.00777,1,0.0
0.00777199,1,0.0
0.00777393,1,0.0
0.00777597,1,0.0
0.00777792,1,0.0
0.00777998,1,0.0
0.00778195,1,0.0
0.007784,1,0.0
0.00778596,1,0.0
0.00778795,1,0.0
0.00778993,1,0.0
0.00779193,1,0.0
0.00779392,1,0.0
0.00779596,1,0.0
0.00779799,1,0.0
0.00779993,1,0.0
0.00780196,1,0.0
0.00780395,1,0.0
0.00780594,1,0.0
0.00780792,1,0.0
0.00780999,1,0.0
0.00781199,1,0.0141309
0.00781398,1,5.65517
0.00781593,1,39.0037
0.00781799,1,96.9966
0.00781998,1,168.453
0.00782197,1,268.272
0.00782399,1,411.164
0.00782593,1,574.421
0.00782795,1,750.124
0.00783,1,1019.59
0.00783194,1,1431.14
0.00783395,1,1860.35
0.00783597,1,2173.51
0.00783795,1,2298.2
0.00783995,1,2244.19
0.00784196,1,2062.16
0.007844,1,1805.03
0.00784596,1,1525.4
0.007848,1,1252.04
0.00784995,1,997.811
0.00785197,1,762.665
0.00785396,1,550.807
0.007856,1,368.721
0.00785797,1,220.675
0.00785995,1,114.166
0.00786194,1,47.8141
0.00786395,1,13.671
0.00786599,1,1.84892
0.00786796,1,0.723607
0.00786993,1,4.55938
0.00787196,1,14.8104
0.00787398,1,25.9691
0.00787599,1,28.9619
0.00787799,1,22.4831
0.00787997,1,12.6479
0.00788194,1,5.37237
0.00788393,1,1.66575
0.007886,1,0.3046
0.00788794,1,0.985246
0.00788997,1,36.0819
0.00789199,1,213.546
0.00789397,1,625.003
0.00789594,1,1216.06
0.00789795,1,1730.45
0.00789997,1,2033.34
0.00790195,1,2141.4
0.00790394,1,2123.14
0.00790592,1,2049.35
0.00790799,1,1971.54
0.00790999,1,1901.88
0.00791197,1,1796.26
0.00791396,1,1621.45
0.00791599,1,1376.1
0.00791793,1,1083.34
0.00791995,1,766.693
0.00792196,1,461.575
0.00792395,1,227.997
0.00792599,1,99.9714
0.00792793,1,60.6114
0.00792999,1,47.7097
0.00793197,1,74.5307
0.00793397,1,235.622
0.00793592,1,496.855
0.00793794,1,766.747
0.00793993,1,978.218
0.00794199,1,1097.32
0.00794398,1,1134.03
0.00794593,1,1121.69
0.00794795,1,1098.13
0.00794993,1,1093.67
0.00795197,1,1145.36
0.00795399,1,1305.67
0.00795596,1,1617.37
0.00795794,1,2047.48
0.00795994,1,2514.0
0.00796194,1,2988.43
0.00796398,1,3496.66
0.00796592,1,4001.41
0.007968,1,4474.68
0.00796998,1,4912.05
0.00797192,1,5316.13
0.00797394,1,5697.88
0.00797599,1,6018.39
0.00797798,1,6259.67
0.00798,1,6490.09
0.00798193,1,6767.02
0.00798399,1,7064.13
0.00798597,1,7289.54
0.00798796,1,7376.27
0.00798999,1,7332.77
0.00799192,1,7197.52
0.00799392,1,6997.63
0.00799595,1,6728.57
0.00799796,1,6386.94
0.00799998,1,5965.8
0.0,2,0.0
1.98e-06,2,0.0
3.96e-06,2,11565.9
5.94e-06,2,56869.9
7.92e-06,2,80910.4
9.98996e-06,2,86848.5
1.19695e-05,2,86911.5
1.39473e-05,2,81952.2
1.59208e-05,2,77043.3
1.79787e-05,2,73973.5
1.99469e-05,2,70805.3
2.19264e-05,2,68920.3
2.39964e-05,2,65976.7
2.59764e-05,2,61280.2
2.79564e-05,2,55426.7
2.99364e-05,2,49651.9
3.1916e-05,2,45342.8
3.39831e-05,2,42669.7
3.59621e-05,2,41679.1
3.7942e-05,2,41737.8
3.99218e-05,2,41960.6
4.19911e-05,2,42671.8
4.39684e-05,2,43283.2
4.59451e-05,2,42615.8
4.79186e-05,2,41778.3
4.99768e-05,2,42157.3
5.19394e-05,2,43319.0
5.39838e-05,2,45305.4
5.59324e-05,2,47665.4
5.79637e-05,2,50246.7
5.99908e-05,2,52887.9
6.19278e-05,2,55331.3
6.39671e-05,2,57277.4
6.5946e-05,2,57975.5
6.79263e-05,2,57089.0
6.99099e-05,2,54856.3
7.19694e-05,2,51505.6
7.39325e-05,2,47969.8
7.59803e-05,2,45376.7
7.7936e-05,2,44014.8
7.99797e-05,2,43344.4
8.19313e-05,2,42898.2
8.39664e-05,2,42868.1
8.59951e-05,2,43236.8
8.79296e-05,2,44037.1
8.99466e-05,2,45465.4
9.19602e-05,2,46837.7
9.39115e-05,2,47221.3
9.59546e-05,2,46659.0
9.79941e-05,2,45534.4
9.99464e-05,2,44071.8
0.000101988,2,42381.7
0.000103942,2,40634.8
0.000105985,2,39004.8
0.000107941,2,37369.5
0.000109988,2,35433.2
0.000111939,2,33479.7
0.000113976,2,31857.3
0.000115921,2,30671.7
0.000117954,2,29827.5
0.000119984,2,29344.2
0.000121924,2,29369.8
0.000123961,2,29782.9
0.000125913,2,30284.2
0.000127956,2,30613.8
0.000129934,2,30762.1
0.000132,2,30497.3
0.00013396,2,29733.5
0.000135917,2,28768.7
0.000137962,2,27794.5
0.000139931,2,26728.2
0.000141993,2,25265.0
0.000143968,2,23326.2
0.000145941,2,21178.2
0.00014799,2,18964.5
0.000149948,2,16905.2
0.000151991,2,15190.7
0.000153952,2,13720.4
0.000155999,2,12237.1
0.000157953,2,10711.3
0.000159993,2,9247.59
0.000161944,2,7946.44
0.000163982,2,6880.22
0.000165944,2,6028.35
0.000167914,2,5312.06
0.000169966,2,4638.69
0.000171922,2,4023.11
0.00017396,2,3490.11
0.000175914,2,3040.52
0.000177955,2,2685.64
0.000179992,2,2435.52
0.00018194,2,2241.01
0.000183984,2,2015.09
0.000185945,2,1711.78
0.00018799,2,1372.25
0.000189947,2,1071.72
0.000191911,2,827.696
0.00019396,2,610.905
0.000195912,2,412.471
0.000197953,2,232.109
0.0002,2,85.3178
0.00020196,2,14.116
0.00020392,2,0.466894
0.00020597,2,1.29895e-12
0.000207931,2,0.0
0.000209981,2,0.0
0.00021194,2,0.0
0.000213987,2,0.0
0.000215943,2,0.0
0.000217989,2,0.0
0.000219946,2,0.0
0.000221993,2,0.0
0.00022395,2,0.0
0.000226,2,0.0
0.000227969,2,0.0
0.00022995,2,0.0
0.00023193,2,0.0
0.000233998,2,0.0
0.000235973,2,0.0
0.000237949,2,0.0
0.000239923,2,0.0
0.00024198,2,0.0
0.000243945,2,0.0
0.000245999,2,0.0
0.000247964,2,0.0
0.00024993,2,0.0
0.000251987,2,0.0
0.000253954,2,0.0
0.00025592,2,0.0
0.000257984,2,0.0
0.000259964,2,0.0
0.000261943,2,0.0
0.000263913,2,0.0
0.000265966,2,0.0
0.000267924,2,0.0
0.00026997,2,0.0
0.000271943,2,0.0
0.000273917,2,0.0
0.000275976,2,0.0
0.000277941,2,0.0
0.000279996,2,0.0
0.000281974,2,0.0
0.000283957,2,0.0
0.000285937,2,0.0
0.000287914,2,0.0
0.000289975,2,0.0
0.000291943,2,0.0
0.000293992,2,0.0
0.000295955,2,0.0
0.000297916,2,0.0
0.000299965,2,0.0
0.000301915,2,0.0
0.000303976,2,0.0
0.000305948,2,0.0
0.000307926,2,0.0
0.000309989,2,0.0
0.000311958,2,0.0
0.000313927,2,0.0
0.000315992,2,0.0
0.000317979,2,0.0
0.000319954,2,0.0
0.000321922,2,0.0
0.000323969,2,0.0
0.000325935,2,0.0
0.000327988,2,0.0
0.000329952,2,0.0
0.000331918,2,0.0
0.000333975,2,0.0
0.000335938,2,0.0
0.000337995,2,0.0
0.000339978,2,0.0
0.000341953,2,0.0
0.000343925,2,0.0
0.000345979,2,0.0
0.00034794,2,0.0
0.000349989,2,0.0
0.000351951,2,0.0
0.000353912,2,0.0
0.000355954,2,0.0
0.000357988,2,0.0
0.000359924,2,0.0
0.00036194,2,0.0
0.000363951,2,0.0
0.000365975,2,0.0
0.000367948,2,0.0
0.000369917,2,0.0
0.000371961,2,0.0
0.00037398,2,0.0
0.000376,2,0.0
0.000377958,2,0.0
0.00037992,2,0.0
0.000381972,2,0.0
0.000383934,2,0.0
0.000385986,2,0.0
0.000387948,2,0.0
0.000389999,2,0.0
0.000391962,2,0.0
0.000393921,2,0.0
0.000395968,2,0.0
0.000397933,2,0.0
0.000399989,2,0.0
0.000401955,2,0.0
0.000403924,2,0.0
0.000405982,2,0.0
0.000407949,2,0.0
0.000409913,2,0.0
0.000411966,2,0.0
0.00041393,2,0.0
0.000415984,2,0.0
0.000417955,2,0.0
0.000419928,2,0.0
0.000421911,2,0.0
0.000423974,2,0.0
0.000425936,2,0.0
0.000427978,2,0.0
0.000429925,2,0.0
0.000431958,2,0.0
0.000433991,2,0.0
0.000435955,2,0.0
0.000437921,2,0.0
0.000439974,2,0.0
0.00044194,2,0.0
0.000443992,2,0.0
0.000445948,2,0.0
0.000447993,2,0.0
0.000449946,2,0.0
0.000451985,2,0.0
0.000453933,2,0.0
0.000455982,2,0.0
0.000457961,2,0.0
0.000459933,2,0.0
0.000461978,2,0.0
0.000463929,2,0.0
0.000465969,2,0.0
0.000467926,2,0.0
0.000469988,2,0.0
0.000471945,2,0.0
0.000473993,2,0.0
0.000475953,2,0.0
0.000477912,2,0.0
0.000479958,2,0.0
0.000481931,2,0.0
0.000483996,2,0.0
0.000485969,2,0.0
0.00048794,2,0.0
0.000489919,2,0.0
0.000491968,2,0.0
0.000493933,2,0.0
0.00049599,2,0.0
0.000497962,2,0.0
0.000499932,2,0.0
0.000501991,2,0.0
0.000503984,2,0.0
0.000505971,2,0.0
0.00050795,2,0.0
0.000509926,2,0.0
0.000511986,2,0.0
0.000513953,2,0.0
0.000515999,2,0.0
0.000517967,2,0.0
0.000519938,2,0.0
0.000521996,2,0.0
0.000523962,2,0.0
0.000525926,2,0.0
0.000527978,2,0.0
0.000529939,2,0.0
0.000531992,2,0.0
0.000533955,2,0.0
0.000535919,2,0.0
0.000537973,2,0.0
0.000539938,2,0.0
0.000541989,2,0.0
0.000543952,2,0.0
0.000545915,2,0.0
0.000547968,2,0.0
0.000549929,2,0.0
0.000551977,2,0.0
0.000553941,2,0.0
0.00055599,2,0.0
0.000557947,2,0.0
0.000559998,2,0.0
0.00056195,2,0.0
0.000563994,2,0.0
0.00056596,2,0.0
0.000567926,2,0.0
0.000569987,2,0.0
0.000571958,2,0.0
0.000573929,2,0.0
0.00057599,2,0.0
0.000577968,2,0.0
0.000579948,2,0.0
0.000581923,2,0.0
0.000583985,2,0.0
0.000585964,2,0.0
0.000587939,2,0.0
0.00059,2,0.0
0.000591969,2,0.0
0.000593939,2,0.0
0.000595996,2,0.0
0.000597955,2,0.0
0.000599914,2,0.0
0.000601959,2,0.0
0.000603913,2,0.0
0.000605961,2,0.0
0.000607921,2,0.0
0.000609969,2,0.0
0.000611928,2,0.0
0.000613974,2,0.0
0.000615931,2,0.0
0.000617977,2,0.0
0.000619935,2,0.0
0.000621985,2,0.0
0.000623956,2,0.0
0.000625922,2,0.0
0.000627977,2,0.0
0.000629941,2,0.0
0.000631992,2,0.0
0.000633952,2,0.0
0.000635998,2,0.0
0.00063796,2,0.0
0.000639929,2,0.0
0.000641988,2,0.0
0.000643946,2,0.0
0.000645998,2,0.0
0.000647964,2,0.0
0.000649931,2,0.0
0.000651987,2,0.0
0.000653956,2,0.0
0.000655923,2,0.0
0.000657977,2,0.0
0.000659937,2,0.0
0.000661978,2,0.0
0.000663926,2,0.0
0.000665971,2,0.0
0.000667935,2,0.0
0.000669982,2,0.0
0.000671945,2,0.0
0.000673994,2,0.0
0.000675937,2,0.0
0.000677965,2,0.0
0.00067999,2,0.0
0.000681931,2,0.0
0.000683971,2,0.0
0.000685916,2,0.0
0.000687943,2,0.0
0.000689965,2,0.0
0.000691977,2,0.0
0.000693986,2,0.0
0.000695992,2,0.0
0.000697995,2,0.0
0.000699998,2,0.0
0.000701915,2,0.0
0.000703922,2,0.0
0.000705926,2,0.0
0.00070795,2,0.0
0.000709998,2,0.0
0.000711954,2,0.0
0.000713918,2,0.0
0.000715975,2,0.0
0.000717937,2,0.0
0.000719965,2,0.0
0.00072199,2,0.0
0.000723933,2,0.0
0.000725975,2,0.0
0.000727922,2,0.0
0.000729951,2,0.0
0.000731974,2,0.0
0.000733991,2,0.0
0.000735917,2,0.0
0.000737927,2,0.0
0.000739936,2,0.0
0.000741974,2,0.0
0.000743943,2,0.0
0.000745979,2,0.0
0.000747914,2,0.0
0.000749971,2,0.0
0.00075195,2,0.0
0.000753929,2,0.0
0.000755998,2,0.0
0.000757977,2,0.0
0.000759954,2,0.0
0.000761928,2,0.0
0.000763966,2,0.0
0.00076592,2,0.0
0.000767981,2,0.0
0.000769952,2,0.0
0.000771921,2,0.0
0.000773976,2,0.0
0.000775949,2,0.0
0.000777923,2,0.0
0.000779985,2,0.0
0.000781958,2,0.0
0.000783926,2,0.0
0.000785978,2,0.0
0.000787945,2,0.0
0.00079,2,0.0
0.000791959,2,0.0
0.000793924,2,0.0
0.000795977,2,0.0
0.000797942,2,0.0
0.000799997,2,0.0
0.000801964,2,0.0
0.000803933,2,0.0
0.000805996,2,0.0
0.000807965,2,0.0
0.000809935,2,0.0
0.000811913,2,0.0
0.00081398,2,0.0
0.000815957,2,0.0
0.000817933,2,0.0
0.000819994,2,0.0
0.00082196,2,0.0
0.000823922,2,0.0
0.000825975,2,0.0
0.000827942,2,0.0
0.000829998,2,0.0
0.000831969,2,0.0
0.000833941,2,0.0
0.000835998,2,0.0
0.000837963,2,0.0
0.000839938,2,0.0
0.000841914,2,0.0
0.000843982,2,0.0
0.000845945,2,0.0
0.000847994,2,0.0
0.000849954,2,0.0
0.000851913,2,0.0
0.000853946,2,0.0
0.000855911,2,0.0
0.000857977,2,0.0
0.000859946,2,0.0
0.000861911,2,0.0
0.000863972,2,0.0
0.00086594,2,0.0
0.000867994,2,0.0
0.000869955,2,0.0
0.000871911,2,0.0
0.000873952,2,0.0
0.00087599,2,0.0
0.000877937,2,0.0
0.000879971,2,0.0
0.000881916,2,0.0
0.000883947,2,0.0
0.000885977,2,0.0
0.000887917,2,0.0
0.000889953,2,0.0
0.000891999,2,0.0
0.000893953,2,0.0
0.000895995,2,0.0
0.000897936,2,0.0
0.000899984,2,0.0
0.000901939,2,0.0
0.000903985,2,0.0
0.000905955,2,0.0
0.000907925,2,0.0
0.000909993,2,0.0
0.000911967,2,0.0
0.000913922,2,0.0
0.000915965,2,0.0
0.000917926,2,0.0
0.000919986,2,0.0
0.000921941,2,0.0
0.000923991,2,0.0
0.000925949,2,0.0
0.00092799,2,0.0
0.000929936,2,0.0
0.000931964,2,0.0
0.000933998,2,0.0
0.00093596,2,0.0
0.000937925,2,0.0
0.000939981,2,0.0
0.000941948,2,0.0
0.000943992,2,0.0
0.00094594,2,0.0
0.000947974,2,0.0
0.000949918,2,0.0
0.000951975,2,0.0
0.000953948,2,0.0
0.000955917,2,0.0
0.000957977,2,0.0
0.000959945,2,0.0
0.000961994,2,0.0
0.000963954,2,0.0
0.000965914,2,0.0
0.000967962,2,0.0
0.000969919,2,0.0
0.000971964,2,0.0
0.00097392,2,0.0
0.000975964,2,0.0
0.00097792,2,0.0
0.000979976,2,0.0
0.000981934,2,0.0
0.000983983,2,0.0
0.000985943,2,0.0
0.000987997,2,0.0
0.000989971,2,0.0
0.000991936,2,0.0
0.000993993,2,0.0
0.000995956,2,0.0
0.000997916,2,0.0
0.000999961,2,0.0
0.00100191,2,0.0
0.00100395,2,0.0
0.00100591,2,0.0
0.00100798,2,0.0
0.00100996,2,0.0
0.00101195,2,0.0
0.00101399,2,0.0
0.00101595,2,0.0
0.00101799,2,0.0
0.00101994,2,0.0
0.001022,2,0.0
0.00102397,2,0.0
0.00102595,2,0.0
0.00102793,2,0.0
0.00102992,2,0.0
0.00103198,2,0.0
0.00103394,2,0.0
0.00103599,2,0.0
0.00103794,2,0.0
0.00103998,2,0.0
0.00104192,2,0.0
0.00104396,2,0.0
0.00104592,2,0.0
0.00104798,2,0.0
0.00104996,2,0.0
0.00105193,2,0.0
0.00105399,2,0.0
0.00105596,2,0.0
0.00105793,2,0.0
0.00105999,2,0.0
0.00106195,2,0.0
0.00106391,2,0.0
0.00106596,2,0.0
0.00106792,2,0.0
0.00106996,2,0.0
0.00107199,2,0.0
0.00107395,2,0.0
0.00107599,2,0.0
0.00107795,2,0.0
0.00107992,2,0.0
0.00108199,2,0.0
0.00108396,2,0.0
0.00108594,2,0.0
0.00108798,2,0.0
0.00108993,2,0.0
0.00109198,2,0.0
0.00109393,2,0.0
0.00109597,2,0.0
0.00109794,2,0.0
0.00109992,2,0.0
0.00110196,2,0.0
0.001104,2,0.0
0.00110595,2,0.0
0.00110791,2,0.0
0.00110996,2,0.0
0.00111191,2,0.0
0.00111395,2,0.0
0.00111598,2,0.0
0.00111793,2,0.0
0.00111998,2,0.0
0.00112193,2,0.0
0.00112396,2,0.0
0.00112599,2,0.0
0.00112794,2,0.0
0.00113,2,0.0
0.00113196,2,0.0
0.00113392,2,0.0
0.00113598,2,0.0
0.00113795,2,0.0
0.00114,2,0.0
0.00114194,2,0.0
0.00114398,2,0.0
0.00114593,2,0.0
0.00114796,2,0.0
0.00114992,2,0.0
0.00115197,2,0.0
0.00115393,2,0.0
0.00115597,2,0.0
0.00115791,2,0.0
0.00115995,2,0.0
0.00116198,2,0.0
0.00116394,2,0.0
0.00116599,2,0.0
0.00116794,2,0.0
0.00116998,2,0.0
0.00117196,2,0.0
0.00117392,2,0.0
0.00117598,2,0.0
0.00117796,2,0.0
0.00117993,2,0.0
0.00118191,2,0.0
0.00118397,2,0.0
0.00118598,2,0.0
0.00118796,2,0.0
0.00118992,2,0.0
0.00119197,2,0.0
0.00119392,2,0.0
0.00119597,2,0.0
0.00119792,2,0.0
0.00119996,2,0.0
0.00120199,2,0.0
0.00120392,2,0.0
0.00120595,2,0.0
0.001208,2,0.0
0.00120996,2,0.0
0.00121199,2,0.0
0.00121393,2,0.0
0.00121596,2,0.0
0.00121797,2,0.0
0.00122,2,0.0
0.00122192,2,0.0
0.00122391,2,0.0
0.00122594,2,0.0
0.00122797,2,0.0
0.00123,2,0.0
0.00123193,2,0.0
0.00123399,2,0.0
0.00123595,2,0.0
0.00123797,2,0.0
0.00123992,2,0.0
0.00124196,2,0.0
0.00124394,2,0.0
0.00124592,2,0.0
0.00124799,2,0.0
0.00124996,2,0.0
0.00125194,2,0.0
0.00125391,2,0.0
0.00125598,2,0.0
0.00125796,2,0.0
0.00125998,2,0.0
0.00126193,2,0.0
0.00126398,2,0.0
0.00126594,2,0.0
0.00126791,2,0.0
0.00126997,2,0.0
0.00127194,2,0.0
0.00127391,2,0.0
0.00127597,2,0.0
0.00127798,2,0.0
0.00127991,2,0.0
0.00128196,2,0.0
0.00128392,2,0.0
0.00128597,2,0.0
0.00128794,2,0.0
0.00128991,2,0.0
0.00129197,2,0.0
0.00129393,2,0.0
0.00129598,2,0.0
0.00129793,2,0.0
0.00129997,2,0.0
0.00130193,2,0.0
0.00130398,2,0.0
0.00130593,2,0.0
0.00130797,2,0.0
0.00130992,2,0.0
0.00131196,2,0.0
0.00131397,2,0.0
0.00131591,2,0.0
0.00131797,2,0.0
0.00131992,2,0.0
0.00132194,2,0.0
0.00132398,2,0.0
0.00132594,2,0.0
0.00132796,2,0.0
0.00132998,2,0.0
0.00133194,2,0.0
0.00133399,2,0.0
0.00133595,2,0.0
0.00133797,2,0.0
0.00133994,2,0.0
0.00134199,2,0.0
0.00134394,2,0.0
0.001346,2,0.0
0.00134796,2,0.0
0.00134993,2,0.0
0.00135198,2,0.0
0.00135394,2,0.0
0.001356,2,0.0
0.00135795,2,0.0
0.00135992,2,0.0
0.00136197,2,0.0
0.00136394,2,0.0
0.00136599,2,0.0
0.00136795,2,0.0
0.00136991,2,0.0
0.00137197,2,0.0
0.00137393,2,0.0
0.00137591,2,0.0
0.00137798,2,0.0
0.00137992,2,0.0
0.00138196,2,0.0
0.00138391,2,0.0
0.00138595,2,0.0
0.00138797,2,0.0
0.00138998,2,0.0
0.00139191,2,0.0
0.00139394,2,0.0
0.00139593,2,0.0
0.00139794,2,0.0
0.00139997,2,0.0
0.00140194,2,0.0
0.00140398,2,0.0
0.00140599,2,0.0
0.00140796,2,0.0
0.00140992,2,0.0
0.00141197,2,0.0
0.00141399,2,0.0
0.00141594,2,0.0
0.00141798,2,0.0
0.00141994,2,0.0
0.00142197,2,0.0
0.00142393,2,0.0
0.00142598,2,0.0
0.00142793,2,0.0
0.00142996,2,0.0
0.00143199,2,0.0
0.00143394,2,0.0
0.00143597,2,0.0
0.00143799,2,0.0
0.00143994,2,0.0
0.00144197,2,0.0
0.00144393,2,0.0
0.00144599,2,0.0
0.00144798,2,0.0
0.00144999,2,0.0
0.00145194,2,0.0
0.00145397,2,0.0
0.00145594,2,0.0
0.00145795,2,0.0
0.00145993,2,0.0
0.00146198,2,0.0
0.00146392,2,0.0
0.00146596,2,0.0
0.00146792,2,0.0
0.00146997,2,0.0
0.00147192,2,0.0
0.00147394,2,0.0
0.00147595,2,0.0
0.001478,2,0.0
0.00147995,2,0.0
0.00148198,2,0.0
0.00148395,2,0.0
0.00148598,2,0.0
0.00148793,2,0.0
0.00148997,2,0.0
0.00149194,2,0.0
0.00149398,2,0.0
0.00149595,2,0.0
0.00149799,2,0.0
0.00149992,2,0.0
0.00150194,2,0.0
0.00150397,2,0.0
0.00150591,2,0.0
0.001508,2,0.0
0.00150993,2,0.0
0.00151191,2,0.0
0.00151398,2,0.0
0.00151594,2,0.0
0.00151794,2,0.0
0.00151998,2,0.0
0.00152196,2,0.0
0.00152394,2,0.0
0.00152593,2,0.0
0.00152795,2,0.0
0.00152992,2,0.0
0.00153198,2,0.0
0.00153393,2,0.0
0.00153595,2,0.0
0.00153797,2,0.0
0.00153992,2,0.0
0.00154193,2,0.0
0.001544,2,0.0
0.00154592,2,0.0
0.00154796,2,0.0
0.00154992,2,0.0
0.001552,2,0.0
0.00155393,2,0.0
0.00155598,2,0.0
0.00155795,2,0.0
0.00156,2,0.0
0.00156192,2,0.0
0.00156396,2,0.0
0.00156593,2,0.0
0.00156799,2,0.0
0.00156993,2,0.0
0.00157195,2,0.0
0.00157391,2,0.0
0.00157598,2,0.0
0.00157795,2,0.0
0.00157996,2,0.0
0.001582,2,0.0
0.00158397,2,0.0
0.00158594,2,0.0
0.00158795,2,0.0
0.00158998,2,0.0
0.00159194,2,0.0
0.00159399,2,0.0
0.00159596,2,0.0
0.00159796,2,0.0
0.00159992,2,0.0
0.00160197,2,0.0
0.00160393,2,0.0
0.00160595,2,0.0
0.00160791,2,0.0
0.00160997,2,0.0
0.00161194,2,0.0
0.00161398,2,0.0
0.00161592,2,0.0
0.00161796,2,0.0
0.00162,2,0.0
0.00162195,2,0.0
0.00162397,2,0.0
0.00162593,2,0.0
0.00162799,2,0.0
0.00162995,2,0.0
0.00163198,2,0.0
0.00163392,2,0.0
0.00163597,2,0.0
0.00163793,2,0.0
0.00163998,2,0.0
0.001642,2,0.0
0.00164395,2,0.0
0.00164599,2,0.0
0.00164795,2,0.0
0.00164997,2,0.0
0.00165199,2,0.0
0.00165395,2,0.0
0.00165599,2,0.0
0.00165792,2,0.0
0.00165995,2,0.0
0.00166198,2,0.0
0.00166393,2,0.0
0.00166596,2,0.0
0.00166799,2,0.0
0.00166993,2,0.0
0.00167195,2,0.0
0.00167399,2,0.0
0.00167594,2,0.0
0.00167798,2,0.0
0.00167993,2,0.0
0.00168195,2,0.0
0.00168396,2,0.0
0.00168597,2,0.0
0.00168792,2,0.0
0.00168994,2,0.0
0.00169198,2,0.0
0.00169399,2,0.0
0.00169592,2,0.0
0.00169795,2,0.0
0.00169995,2,0.0
0.00170194,2,0.0
0.00170395,2,0.0
0.00170597,2,0.0
0.00170799,2,0.0
0.00170998,2,0.0
0.001712,2,0.0
0.00171396,2,0.0
0.00171592,2,0.0
0.00171793,2,0.0
0.00171996,2,0.0
0.00172193,2,0.0
0.00172398,2,0.0
0.00172595,2,0.0
0.00172794,2,0.0
0.00172996,2,0.0
0.00173192,2,0.0
0.00173399,2,0.0
0.00173593,2,0.0
0.00173796,2,0.0
0.00173993,2,0.0
0.00174191,2,0.0
0.00174396,2,0.0
0.00174597,2,0.0
0.00174793,2,0.0
0.00174998,2,0.0
0.00175193,2,0.0
0.00175398,2,0.0
0.00175598,2,0.0
0.00175793,2,0.0
0.00175998,2,0.0
0.00176194,2,0.0
0.00176397,2,0.0
0.00176592,2,0.0
0.00176796,2,0.0
0.00176991,2,0.0
0.00177195,2,0.0
0.00177398,2,0.0
0.001776,2,0.0
0.00177797,2,0.0
0.00177992,2,0.0
0.00178192,2,0.0
0.00178395,2,0.0
0.00178592,2,0.0
0.00178795,2,0.0
0.00178993,2,0.0
0.00179197,2,0.0
0.00179394,2,0.0
0.00179592,2,0.0
0.00179798,2,0.0
0.00179993,2,0.0
0.00180198,2,0.0
0.00180395,2,0.0
0.00180592,2,0.0
0.00180793,2,0.0
0.00180995,2,0.0
0.001812,2,0.0
0.00181398,2,0.0
0.00181599,2,0.0
0.00181792,2,0.0
0.00181998,2,0.0
0.00182195,2,0.0
0.00182393,2,0.0
0.00182594,2,0.0
0.00182799,2,0.0
0.00182994,2,0.0
0.00183199,2,0.0
0.00183392,2,0.0
0.00183595,2,0.0
0.00183799,2,0.0
0.00183993,2,0.0
0.00184195,2,0.0
0.00184397,2,0.0
0.00184591,2,0.0
0.00184797,2,0.0
0.00184999,2,0.0
0.00185192,2,0.0
0.00185397,2,0.0
0.00185594,2,0.0
0.00185799,2,0.0
0.00185999,2,0.0
0.00186193,2,0.0
0.00186398,2,0.0
0.00186594,2,0.0
0.00186793,2,0.0
0.00186996,2,0.0
0.00187192,2,0.0
0.00187396,2,0.0
0.001876,2,0.0
0.00187792,2,0.0
0.00187995,2,0.0
0.00188199,2,0.0
0.00188394,2,0.0
0.00188594,2,0.0
0.00188795,2,0.0
0.00189,2,0.0
0.00189196,2,0.0
0.00189395,2,0.0
0.00189596,2,0.0
0.00189792,2,0.0
0.0019,2,0.0
0.00190198,2,0.0
0.00190399,2,0.0
0.00190595,2,0.0
0.00190793,2,0.0
0.00191,2,0.0
0.00191193,2,0.0
0.00191396,2,0.0
0.00191593,2,0.0
0.00191799,2,0.0
0.00192,2,0.0
0.00192199,2,0.0
0.00192395,2,0.0
0.00192599,2,0.0
0.00192794,2,0.0
0.00192994,2,0.0
0.00193197,2,0.0
0.00193394,2,0.0
0.001936,2,0.0
0.001938,2,0.0
0.00193993,2,0.0
0.00194199,2,0.0
0.00194397,2,0.0
0.00194593,2,0.0
0.00194793,2,0.0
0.00194996,2,0.0
0.00195194,2,0.0
0.001954,2,0.0
0.00195598,2,0.0
0.00195792,2,0.0
0.00195999,2,0.0
0.00196196,2,0.0
0.00196398,2,0.0
0.00196591,2,0.0
0.00196796,2,0.0
0.00196994,2,0.0
0.00197191,2,0.0
0.001974,2,0.0
0.00197593,2,0.0
0.00197798,2,0.0
0.00197994,2,0.0
0.00198193,2,0.0
0.00198395,2,0.0
0.00198591,2,0.0
0.00198797,2,0.0
0.00199,2,0.0
0.001992,2,0.0
0.00199394,2,0.0
0.001996,2,0.0
0.00199798,2,0.0
0.00199999,2,0.0
0.00200191,2,0.0
0.00200396,2,0.0
0.00200595,2,0.0
0.00200794,2,0.0
0.00200998,2,0.0
0.00201194,2,0.0
0.00201399,2,0.0
0.00201594,2,0.0
0.00201793,2,0.0
0.00201996,2,0.0
0.002022,2,0.0
0.00202395,2,0.0
0.00202597,2,0.0
0.00202798,2,0.0
0.00202993,2,0.0
0.00203197,2,0.0
0.00203392,2,0.0
0.00203592,2,0.0
0.00203795,2,0.0
0.00203998,2,0.0
0.00204195,2,0.0
0.00204393,2,0.0
0.00204591,2,0.0
0.00204798,2,0.0
0.00204996,2,0.0
0.00205198,2,0.0
0.002054,2,0.0
0.00205596,2,0.0
0.00205793,2,0.0
0.00205996,2,0.0
0.00206196,2,0.0
0.00206391,2,0.0
0.00206597,2,0.0
0.00206794,2,0.0
0.00206994,2,0.0
0.00207195,2,0.0
0.00207392,2,0.0
0.00207595,2,0.0
0.00207793,2,0.0
0.00207993,2,0.0
0.00208198,2,0.0
0.00208394,2,0.0
0.00208595,2,0.0
0.00208795,2,0.0
0.00208998,2,0.0
0.00209192,2,0.0
0.00209394,2,0.0
0.00209596,2,0.0
0.00209799,2,0.0
0.00209994,2,0.0
0.00210197,2,0.0
0.00210399,2,0.0
0.00210599,2,0.0
0.00210794,2,0.0
0.00210999,2,0.0
0.00211196,2,0.0
0.00211394,2,0.0
0.00211593,2,0.0
0.00211797,2,0.0
0.00211993,2,0.0
0.00212192,2,0.0
0.00212394,2,0.0
0.00212598,2,0.0
0.00212796,2,0.0
0.00212994,2,0.0
0.00213196,2,0.0
0.00213399,2,0.0
0.00213595,2,0.0
0.00213792,2,0.0
0.00213994,2,0.0
0.00214194,2,0.0
0.00214398,2,0.0
0.00214595,2,0.0
0.00214798,2,0.0
0.00214998,2,0.0
0.00215192,2,0.0
0.00215396,2,0.0
0.00215599,2,0.0
0.002158,2,0.0
0.00215993,2,0.0
0.00216195,2,0.0
0.00216397,2,0.0
0.00216599,2,0.0
0.00216792,2,0.0
0.00216995,2,0.0
0.00217198,2,0.0
0.00217392,2,0.0
0.00217592,2,0.0
0.00217795,2,0.0
0.00217992,2,0.0
0.00218197,2,0.0
0.00218397,2,0.0
0.00218599,2,0.0
0.00218794,2,0.0
0.00218999,2,0.0
0.00219195,2,0.0
0.00219397,2,0.0
0.00219598,2,0.0
0.00219793,2,0.0
0.00219997,2,0.0
0.00220196,2,0.0
0.00220397,2,0.0
0.002206,2,0.0
0.00220794,2,0.0
0.00220998,2,0.0
0.00221196,2,0.0
0.00221393,2,0.0
0.00221591,2,0.0
0.00221797,2,0.0
0.00221999,2,0.0
0.00222194,2,0.0
0.00222397,2,0.0
0.00222592,2,0.0
0.00222797,2,0.0
0.00222999,2,0.0
0.00223194,2,0.0
0.002234,2,0.0
0.00223592,2,0.0
0.00223792,2,0.0
0.00223995,2,0.0
0.002242,2,0.0
0.00224392,2,0.0
0.00224594,2,0.0
0.00224792,2,0.0
0.00224999,2,0.0
0.00225192,2,0.0
0.00225394,2,0.0
0.00225597,2,0.0
0.00225795,2,0.0
0.00225992,2,0.0
0.00226198,2,0.0
0.00226394,2,0.0
0.00226594,2,0.0
0.00226796,2,0.0
0.00226992,2,0.0
0.00227195,2,0.0
0.00227396,2,0.0
0.00227593,2,0.0
0.00227798,2,0.0
0.00227992,2,0.0
0.00228198,2,0.0
0.00228393,2,0.0
0.002286,2,0.0
0.00228797,2,0.0
0.00228993,2,0.0
0.00229197,2,0.0
0.00229395,2,0.0
0.00229596,2,0.0
0.002298,2,0.0
0.00229994,2,0.0
0.00230193,2,0.0
0.00230396,2,0.0
0.002306,2,0.0
0.002308,2,0.0
0.00230994,2,0.0
0.00231198,2,0.0
0.00231398,2,0.0
0.00231596,2,0.0
0.00231799,2,0.0
0.00231992,2,0.0
0.00232192,2,0.0
0.00232399,2,0.0
0.00232599,2,0.0
0.00232799,2,0.0
0.00232992,2,0.0
0.00233194,2,0.0
0.00233397,2,0.0
0.00233599,2,0.0
0.00233792,2,0.0
0.00233993,2,0.0
0.00234194,2,0.0
0.00234395,2,0.0
0.00234598,2,0.0
0.002348,2,0.0
0.00234999,2,0.0
0.00235199,2,0.0
0.00235392,2,0.0
0.00235594,2,0.0
0.00235795,2,0.0
0.00235995,2,0.0
0.00236196,2,0.0
0.002364,2,0.0
0.00236595,2,0.0
0.00236796,2,0.0
0.00236996,2,0.0
0.00237199,2,0.0
0.00237394,2,0.0
0.00237596,2,0.0
0.00237796,2,0.0
0.00237992,2,0.0
0.00238197,2,0.0
0.00238399,2,0.0
0.00238597,2,0.0
0.002388,2,0.0
0.00238994,2,0.0
0.00239194,2,0.0
0.00239399,2,0.0
0.00239599,2,0.0
0.00239792,2,0.0
0.00239995,2,0.0
0.00240198,2,0.0
0.002404,2,0.0
0.00240592,2,0.0
0.00240798,2,0.0
0.00240992,2,0.0
0.00241192,2,0.0
0.00241391,2,0.0
0.00241596,2,0.0
0.00241799,2,0.0
0.00241992,2,0.0
0.00242194,2,0.0
0.002424,2,0.0
0.00242595,2,0.0
0.00242794,2,0.0
0.00242993,2,0.0
0.00243195,2,0.0
0.00243397,2,0.0
0.00243599,2,0.0
0.00243795,2,0.0
0.00243992,2,0.0
0.00244196,2,0.0
0.00244396,2,0.0
0.00244592,2,0.0
0.00244797,2,0.0
0.00244992,2,0.0
0.002452,2,0.0
0.00245391,2,0.0
0.00245594,2,0.0
0.002458,2,0.0
0.00245992,2,0.0
0.00246198,2,0.0
0.00246399,2,0.0
0.00246596,2,0.0
0.00246793,2,0.0
0.00246997,2,0.0
0.00247196,2,0.0
0.00247395,2,0.0
0.00247594,2,0.0
0.00247799,2,0.0
0.00247998,2,0.0
0.00248197,2,0.0
0.00248395,2,0.0
0.00248591,2,0.0
0.002488,2,0.0
0.00249,2,0.0
0.00249197,2,0.0
0.00249395,2,0.0
0.00249593,2,0.0
0.00249792,2,0.0
0.00249995,2,0.0
0.00250199,2,0.0
0.00250394,2,0.0
0.00250596,2,0.0
0.00250795,2,0.0
0.00250998,2,0.0
0.00251191,2,0.0
0.00251393,2,0.0
0.002516,2,0.0
0.00251796,2,0.0
0.00251995,2,0.0
0.00252198,2,0.0
0.00252398,2,0.0
0.00252593,2,0.0
0.00252799,2,0.0
0.00252995,2,0.0
0.00253193,2,0.0
0.00253398,2,0.0
0.00253597,2,0.0
0.00253795,2,0.0
0.00253998,2,0.0
0.002542,2,0.0
0.00254392,2,0.0
0.00254592,2,0.0
0.00254798,2,0.0
0.00254994,2,0.0
0.00255194,2,0.0
0.00255393,2,0.0
0.00255598,2,0.0
0.00255794,2,0.0
0.00255996,2,0.0
0.00256192,2,0.0
0.00256394,2,0.0
0.00256594,2,0.0
0.00256798,2,0.0
0.00256994,2,0.0
0.00257196,2,0.0
0.00257396,2,0.0
0.00257596,2,0.0
0.00257791,2,0.0
0.00257996,2,0.0
0.00258198,2,0.0
0.00258394,2,0.0
0.00258598,2,0.0
0.00258799,2,0.0
0.00258998,2,0.0
0.00259196,2,0.0
0.00259398,2,0.0
0.00259592,2,0.0
0.00259793,2,0.0
0.0026,2,0.0
0.00260192,2,0.0
0.00260393,2,0.0
0.00260593,2,0.0
0.00260795,2,0.0
0.00260991,2,0.0
0.00261198,2,0.0
0.00261395,2,0.0
0.00261598,2,0.0
0.00261797,2,0.0
0.00261998,2,0.0
0.00262193,2,0.0
0.00262391,2,0.0
0.00262595,2,0.0
0.00262795,2,0.0
0.00262998,2,0.0
0.00263195,2,0.0
0.00263396,2,0.0
0.00263594,2,0.0
0.00263797,2,0.0
0.00263995,2,0.0
0.00264199,2,0.0
0.00264396,2,0.0
0.00264596,2,0.0
0.00264794,2,0.0
0.00264993,2,0.0
0.00265198,2,0.0
0.00265394,2,0.0
0.00265593,2,0.0
0.00265797,2,0.0
0.00265993,2,0.0
0.00266192,2,0.0
0.00266392,2,0.0
0.00266598,2,0.0
0.00266793,2,0.0
0.00266994,2,0.0
0.00267193,2,1.53368
0.00267394,2,167.48
0.00267599,2,1156.8
0.00267796,2,4410.26
0.00267998,2,10730.1
0.00268192,2,18175.0
0.00268396,2,24400.3
0.00268591,2,28670.7
0.00268792,2,31993.7
0.00268996,2,34567.3
0.00269194,2,36103.4
0.002694,2,37559.4
0.00269593,2,38732.3
0.002698,2,38834.1
0.0027,2,37733.4
0.00270196,2,35439.7
0.00270394,2,32247.7
0.00270598,2,28855.7
0.00270798,2,26247.7
0.00270998,2,24516.7
0.00271194,2,23219.1
0.00271392,2,22310.9
0.00271592,2,21665.9
0.00271797,2,20949.2
0.00271994,2,19973.5
0.00272199,2,18769.2
0.00272396,2,17622.4
0.00272596,2,16767.8
0.00272799,2,16407.4
0.00272995,2,16636.9
0.00273196,2,17346.9
0.00273397,2,18294.1
0.002736,2,19162.3
0.00273795,2,19915.4
0.00273998,2,20729.5
0.00274197,2,21688.8
0.00274396,2,22815.3
0.002746,2,24047.3
0.00274794,2,25078.5
0.00274992,2,25421.9
0.002752,2,24915.4
0.00275392,2,23740.0
0.00275596,2,22172.9
0.00275795,2,20452.6
0.00275996,2,18964.1
0.002762,2,17971.1
0.00276394,2,17602.9
0.00276597,2,17764.6
0.00276797,2,18143.7
0.00276997,2,18477.2
0.00277197,2,18688.6
0.00277398,2,18770.5
0.00277599,2,18674.8
0.002778,2,18372.7
0.00277992,2,17792.0
0.00278199,2,16895.2
0.00278395,2,15882.6
0.00278598,2,15008.1
0.00278793,2,14366.9
0.00278997,2,13848.9
0.00279195,2,13362.4
0.00279394,2,12898.4
0.00279595,2,12468.5
0.00279797,2,12069.4
0.00279999,2,11651.8
0.00280197,2,11228.7
0.00280395,2,10894.3
0.00280597,2,10718.2
0.00280792,2,10708.9
0.00280993,2,10824.8
0.00281192,2,10973.1
0.00281397,2,11155.2
0.00281592,2,11762.5
0.00281793,2,12829.0
0.00282,2,13626.6
0.00282199,2,13626.6
0.00282393,2,13032.6
0.00282595,2,12201.4
0.00282795,2,11304.4
0.00282997,2,10439.5
0.002832,2,9688.81
0.00283396,2,9057.1
0.00283599,2,8477.97
0.00283797,2,7813.95
0.00283998,2,6941.03
0.00284194,2,5884.98
0.00284392,2,4819.24
0.00284597,2,3850.85
0.00284795,2,3007.65
0.00284998,2,2292.1
0.00285194,2,1754.19
0.00285396,2,1426.57
0.00285596,2,1255.96
0.00285797,2,1122.54
0.00285993,2,939.417
0.00286197,2,681.084
0.00286399,2,392.64
0.00286592,2,191.149
0.00286797,2,102.976
0.00286993,2,70.5411
0.00287199,2,36.1092
0.00287396,2,11.1382
0.00287596,2,1.09761
0.00287793,2,0.000783454
0.00287998,2,0.0
0.00288197,2,0.0
0.00288395,2,0.0
0.00288599,2,0.0
0.00288798,2,0.0
0.00288999,2,0.0
0.00289193,2,0.0
0.00289394,2,0.0
0.00289593,2,0.0
0.00289793,2,0.0
0.00289995,2,0.0
0.00290193,2,0.0
0.00290394,2,0.0
0.00290599,2,0.0
0.00290795,2,0.0
0.00290996,2,0.0
0.00291192,2,0.0
0.00291396,2,0.0
0.00291594,2,0.0
0.00291793,2,0.0
0.00291994,2,0.0
0.00292196,2,0.0
0.00292392,2,0.0
0.00292597,2,0.0
0.00292793,2,0.0
0.00292997,2,0.0
0.00293196,2,0.0
0.00293398,2,0.0
0.00293595,2,0.0
0.00293797,2,0.0
0.00293994,2,0.0
0.00294193,2,0.0
0.00294394,2,0.0
0.00294599,2,0.0
0.00294794,2,0.0
0.00294995,2,0.0
0.00295193,2,0.0
0.00295394,2,0.0
0.00295595,2,0.0
0.00295797,2,0.0
0.00295998,2,0.0
0.00296198,2,0.0
0.00296396,2,0.0
0.00296597,2,0.0
0.00296794,2,0.0
0.00296996,2,0.0
0.00297192,2,0.0
0.00297398,2,0.0
0.00297593,2,0.0
0.00297797,2,0.0
0.00297994,2,0.0
0.00298196,2,0.0
0.00298393,2,0.0
0.00298599,2,0.0
0.00298794,2,0.0
0.00298999,2,0.0
0.00299194,2,0.0
0.00299396,2,0.0
0.00299594,2,0.0
0.00299794,2,0.0
0.00299991,2,0.0
0.00300197,2,0.0
0.00300397,2,0.0
0.00300594,2,0.0
0.00300795,2,0.0
0.00300992,2,0.0
0.00301199,2,0.0
0.00301395,2,0.0
0.003016,2,0.0
0.00301795,2,0.0
0.00301997,2,0.0
0.00302194,2,0.0
0.00302392,2,0.0
0.00302594,2,0.0
0.00302799,2,0.0
0.00302995,2,0.0
0.00303192,2,0.0
0.00303398,2,0.0
0.00303593,2,0.0
0.00303796,2,0.0
0.00303999,2,0.0
0.00304195,2,0.0
0.00304397,2,0.0
0.00304593,2,0.0
0.00304799,2,0.0
0.00304995,2,0.0
0.00305198,2,0.0
0.00305394,2,0.0
0.00305599,2,0.0
0.00305797,2,0.0
0.00305992,2,0.0
0.00306199,2,0.0
0.00306398,2,0.0
0.00306593,2,0.0
0.00306799,2,0.0
0.00306996,2,0.0
0.00307193,2,0.0
0.00307393,2,0.0
0.00307592,2,0.0
0.00307793,2,0.0
0.00307995,2,0.0
0.00308198,2,0.0
0.00308394,2,0.0
0.00308599,2,0.0
0.00308794,2,0.0
0.00308999,2,0.0
0.00309194,2,0.0
0.00309394,2,0.0
0.00309596,2,0.0
0.00309793,2,0.0
0.0031,2,0.0
0.00310192,2,0.0
0.00310397,2,0.0
0.00310598,2,0.0
0.003108,2,0.0
0.00310995,2,0.0
0.00311199,2,0.0
0.00311396,2,0.0
0.00311592,2,0.0
0.00311795,2,0.0
0.00311992,2,0.0
0.00312192,2,0.0
0.00312393,2,0.0
0.00312597,2,0.0
0.00312792,2,0.0
0.00313,2,0.0
0.00313196,2,0.0
0.00313395,2,0.0
0.00313597,2,0.0
0.00313799,2,0.0
0.00313997,2,0.0
0.00314195,2,0.0
0.00314395,2,0.0
0.00314592,2,0.0
0.00314798,2,0.0
0.00314994,2,0.0
0.00315197,2,0.0
0.00315393,2,0.0
0.00315598,2,0.0
0.00315796,2,0.0
0.00315997,2,0.0
0.00316194,2,0.0
0.00316393,2,0.0
0.00316598,2,0.0
0.00316794,2,0.0
0.00316999,2,0.0
0.00317195,2,0.0
0.00317399,2,0.0
0.00317594,2,0.0
0.00317799,2,0.0
0.00317999,2,0.0
0.00318194,2,0.0
0.00318399,2,0.0
0.00318595,2,0.0
0.00318793,2,0.0
0.00318993,2,0.0
0.00319198,2,0.0
0.00319394,2,0.0
0.003196,2,0.0
0.00319797,2,0.0
0.00319992,2,0.0
0.00320192,2,0.0
0.00320397,2,0.0
0.00320592,2,0.0
0.00320795,2,0.0
0.00320992,2,0.0
0.00321191,2,0.0
0.00321396,2,0.0
0.00321592,2,0.0
0.00321798,2,0.0
0.00322,2,0.0
0.00322197,2,0.0
0.00322397,2,0.0
0.00322594,2,0.0
0.00322797,2,0.0
0.00323,2,0.0
0.00323193,2,0.0
0.00323395,2,0.0
0.003236,2,0.0
0.00323792,2,0.0
0.00323997,2,0.0
0.00324194,2,0.0
0.00324392,2,0.0
0.00324593,2,0.0
0.00324796,2,0.0
0.00324991,2,0.0
0.00325194,2,0.0
0.00325397,2,0.0
0.00325594,2,0.0
0.00325799,2,0.0
0.00325996,2,0.0
0.00326195,2,0.0
0.00326393,2,0.0
0.00326591,2,0.0
0.00326796,2,0.0
0.00327,2,0.0
0.00327195,2,0.0
0.00327393,2,0.0
0.00327599,2,0.0
0.00327798,2,0.0
0.00327997,2,0.0
0.00328193,2,0.0
0.00328399,2,0.0
0.003286,2,0.0
0.00328793,2,0.0
0.00328995,2,0.0
0.00329199,2,0.0
0.00329395,2,0.0
0.00329597,2,0.0
0.003298,2,0.0
0.00329997,2,0.0
0.00330192,2,0.0
0.00330395,2,0.0
0.00330595,2,0.0
0.00330791,2,0.0
0.00330997,2,0.0
0.00331194,2,0.0
0.00331398,2,0.0
0.00331595,2,0.0
0.00331792,2,0.0
0.00331997,2,0.0
0.003322,2,0.0
0.00332396,2,0.0
0.00332597,2,0.0
0.00332792,2,0.0
0.00332999,2,0.0
0.00333195,2,0.0
0.00333394,2,0.0
0.00333596,2,0.0
0.00333799,2,0.0
0.00333996,2,0.0
0.00334199,2,0.0
0.003344,2,0.0
0.003346,2,0.0
0.00334795,2,0.0
0.00334997,2,0.0
0.00335199,2,0.0
0.00335394,2,0.0
0.00335597,2,0.0
0.00335793,2,0.0
0.00335998,2,0.0
0.00336193,2,0.0
0.00336396,2,0.0
0.00336599,2,0.0
0.00336798,2,0.0
0.00336993,2,0.0
0.00337198,2,0.0
0.00337393,2,0.0
0.00337592,2,0.0
0.00337793,2,0.0
0.00337996,2,0.0
0.00338195,2,0.0
0.00338397,2,0.0
0.00338593,2,0.0
0.00338794,2,0.0
0.00338992,2,0.0
0.00339193,2,0.0
0.00339398,2,0.0
0.00339598,2,0.0
0.00339796,2,0.0
0.00339993,2,0.0
0.00340196,2,0.0
0.00340397,2,0.0
0.00340593,2,0.0
0.00340796,2,0.0
0.00340992,2,0.0
0.00341191,2,0.0
0.00341397,2,0.0
0.00341592,2,0.0
0.00341798,2,0.0
0.00341999,2,0.0
0.00342196,2,0.0
0.00342396,2,0.0
0.00342593,2,0.0
0.00342796,2,0.0
0.00342999,2,0.0
0.003432,2,0.0
0.00343394,2,0.0
0.00343592,2,0.0
0.00343794,2,0.0
0.00343992,2,0.0
0.00344192,2,0.0
0.00344396,2,0.0
0.003446,2,0.0
0.00344794,2,0.0
0.00344992,2,0.0
0.00345195,2,0.0
0.00345393,2,0.0
0.00345596,2,0.0
0.00345795,2,0.0
0.00345994,2,0.0
0.00346191,2,0.0
0.00346395,2,0.0
0.00346595,2,0.0
0.00346798,2,0.0
0.00346998,2,0.0
0.00347195,2,0.0
0.00347399,2,0.0
0.00347595,2,0.0
0.00347794,2,0.0
0.00347993,2,0.0
0.00348199,2,0.0
0.00348392,2,0.0
0.00348594,2,0.0
0.00348798,2,0.0
0.00348998,2,0.0
0.00349198,2,0.0
0.00349393,2,0.0
0.00349598,2,0.0
0.00349794,2,0.0
0.00349997,2,0.0
0.00350194,2,0.0
0.00350396,2,0.0
0.00350592,2,0.0
0.00350796,2,0.0
0.00350993,2,0.0
0.003512,2,0.0
0.00351396,2,0.0
0.00351599,2,0.0
0.00351792,2,0.0
0.00351997,2,0.0
0.00352194,2,0.0
0.00352395,2,0.0
0.00352598,2,0.0
0.00352798,2,0.0
0.00352995,2,0.0
0.00353192,2,0.0
0.00353396,2,0.0
0.00353594,2,0.0
0.00353799,2,0.0
0.00353999,2,0.0
0.00354195,2,0.0
0.00354397,2,0.0
0.00354597,2,0.0
0.00354798,2,0.0
0.00354997,2,0.0
0.00355193,2,0.0
0.00355395,2,0.0
0.00355592,2,0.0
0.003558,2,0.0
0.00355995,2,0.0
0.00356197,2,0.0
0.00356397,2,0.0
0.00356594,2,0.0
0.00356798,2,0.0
0.00356992,2,0.0
0.00357192,2,0.0
0.00357393,2,0.0
0.00357598,2,0.0
0.00357794,2,0.0
0.00357996,2,0.0
0.00358198,2,0.0
0.00358399,2,0.0
0.00358599,2,0.0
0.00358793,2,0.0
0.00358997,2,0.0
0.00359199,2,0.0
0.00359392,2,0.0
0.00359593,2,0.0
0.00359794,2,0.0
0.00359996,2,0.0
0.00360196,2,0.0
0.00360394,2,0.0
0.00360597,2,0.0
0.00360794,2,0.0
0.00360994,2,0.0
0.00361194,2,0.0
0.00361397,2,0.0
0.00361593,2,0.0
0.00361798,2,0.0
0.00361992,2,0.0
0.00362197,2,0.0
0.00362392,2,0.0
0.00362594,2,0.0
0.003628,2,0.0
0.00362996,2,0.0
0.00363193,2,0.0
0.00363394,2,0.0
0.003636,2,0.0
0.00363795,2,0.0
0.00363998,2,0.0
0.00364192,2,0.0
0.00364398,2,0.0
0.00364594,2,0.0
0.00364792,2,0.0
0.00364995,2,0.0
0.00365193,2,0.0
0.00365392,2,0.0
0.00365596,2,0.0
0.00365792,2,0.0
0.00365995,2,0.0
0.00366197,2,0.0
0.00366395,2,0.0
0.003666,2,0.0
0.00366794,2,0.0
0.00366996,2,0.0
0.00367194,2,0.0
0.00367397,2,0.0184614
0.00367592,2,44.7986
0.00367795,2,560.348
0.00367993,2,1702.16
0.00368193,2,3052.48
0.003684,2,4569.57
0.00368598,2,6248.0
0.00368797,2,7998.52
0.00368998,2,9856.14
0.00369198,2,11843.8
0.00369396,2,14082.2
0.00369595,2,17479.8
0.00369798,2,21540.8
0.00369991,2,24111.1
0.00370196,2,25173.6
0.003704,2,25235.5
0.00370598,2,24456.7
0.00370792,2,22982.1
0.00370997,2,21173.7
0.00371197,2,19500.1
0.003714,2,17889.2
0.00371594,2,16318.9
0.00371796,2,14944.9
0.00371999,2,13741.6
0.00372192,2,12635.7
0.00372399,2,11533.5
0.00372595,2,10465.2
0.00372794,2,9339.75
0.00372993,2,8128.86
0.00373195,2,6989.06
0.00373399,2,6125.87
0.00373593,2,5534.03
0.00373794,2,5143.99
0.00373997,2,4990.7
0.00374196,2,5040.12
0.00374396,2,5178.29
0.00374598,2,5336.99
0.00374798,2,5590.8
0.00374999,2,6048.93
0.00375199,2,6782.6
0.003754,2,7826.9
0.00375591,2,9143.21
0.00375792,2,10622.7
0.00376,2,12080.0
0.00376194,2,13215.5
0.00376399,2,13989.3
0.003766,2,14541.6
0.00376792,2,14876.7
0.00376998,2,14938.5
0.00377192,2,14746.4
0.00377393,2,14375.9
0.00377598,2,13763.7
0.00377798,2,12824.8
0.00377998,2,11606.1
0.00378197,2,10222.9
0.00378396,2,8756.1
0.00378596,2,7310.56
0.00378791,2,6099.01
0.00378993,2,5228.97
0.00379195,2,4680.89
0.00379394,2,4352.88
0.00379596,2,4134.93
0.003798,2,3992.38
0.00379992,2,3951.07
0.00380196,2,4048.18
0.00380393,2,4349.96
0.00380596,2,4930.19
0.00380797,2,5849.34
0.00380998,2,7157.62
0.00381196,2,8915.35
0.00381399,2,11158.6
0.00381595,2,13724.1
0.00381797,2,16339.6
0.00382,2,18633.4
0.00382199,2,20133.6
0.00382396,2,20660.8
0.00382595,2,20340.4
0.00382799,2,19450.2
0.00382996,2,18335.2
0.00383196,2,17180.5
0.00383396,2,16020.0
0.00383599,2,14897.2
0.00383792,2,13901.9
0.00384,2,13006.1
0.00384192,2,12082.6
0.00384395,2,11029.6
0.00384599,2,9826.53
0.00384796,2,8600.04
0.00384997,2,7416.82
0.00385191,2,6354.43
0.003854,2,5455.5
0.00385599,2,4738.88
0.00385793,2,4192.16
0.00385997,2,3728.62
0.00386199,2,3311.36
0.00386395,2,2956.45
0.00386593,2,2675.94
0.00386792,2,2474.64
0.00386998,2,2348.64
0.00387197,2,2294.72
0.00387395,2,2276.57
0.00387593,2,2231.2
0.00387795,2,2106.14
0.00387997,2,1876.2
0.00388197,2,1566.11
0.00388396,2,1241.01
0.00388597,2,981.105
0.00388797,2,807.882
0.00388995,2,659.398
0.00389192,2,524.26
0.00389396,2,405.846
0.00389597,2,305.028
0.00389795,2,225.655
0.00389995,2,167.484
0.00390197,2,128.844
0.00390394,2,105.302
0.00390598,2,88.8476
0.00390795,2,71.538
0.00390994,2,46.8483
0.00391197,2,18.9648
0.00391397,2,2.42172
0.00391595,2,0.00213704
0.00391796,2,0.0
0.00391997,2,0.0
0.00392198,2,0.0
0.00392395,2,0.0
0.00392592,2,0.0
0.00392799,2,0.0
0.00392998,2,0.0
0.00393197,2,0.0
0.00393393,2,0.0
0.00393597,2,0.0
0.00393793,2,0.0
0.00393998,2,0.0
0.00394193,2,0.0
0.00394397,2,0.0
0.00394596,2,0.0
0.00394795,2,0.0
0.00395,2,0.0
0.00395197,2,0.0
0.00395397,2,0.0
0.00395596,2,0.0
0.00395797,2,0.0
0.00395997,2,0.0
0.00396196,2,0.0
0.00396393,2,0.0
0.00396599,2,0.0
0.00396797,2,0.0
0.00396995,2,0.0
0.00397191,2,0.0
0.00397395,2,0.0
0.00397596,2,0.0
0.00397794,2,0.0
0.00397992,2,0.0
0.00398194,2,0.0
0.00398395,2,0.0
0.00398599,2,0.0
0.00398799,2,0.0
0.00398997,2,0.0
0.003992,2,0.0
0.003994,2,0.0
0.00399599,2,0.0
0.00399797,2,0.0
0.00399991,2,0.0
0.00400192,2,0.0
0.00400395,2,0.0
0.00400592,2,0.0
0.00400792,2,0.0
0.00400992,2,0.0
0.00401192,2,0.0
0.00401393,2,0.0
0.00401592,2,0.0
0.00401793,2,0.0
0.00401992,2,0.0
0.00402199,2,0.0
0.00402398,2,0.0
0.00402593,2,0.0
0.00402795,2,0.0
0.00402994,2,0.0
0.004032,2,0.0
0.00403398,2,0.0
0.00403597,2,0.0
0.00403796,2,0.0
0.00403996,2,0.0
0.00404195,2,0.0
0.00404394,2,0.0
0.00404599,2,0.0
0.00404793,2,0.0
0.00404992,2,0.0
0.00405194,2,0.0
0.00405396,2,0.0
0.00405595,2,0.0
0.00405793,2,0.0
0.00405999,2,0.0
0.00406193,2,0.0
0.00406393,2,0.0
0.00406595,2,0.0
0.00406793,2,0.0
0.00406993,2,0.0
0.00407198,2,0.0
0.00407391,2,0.0
0.00407594,2,0.0
0.00407797,2,0.0
0.00407995,2,0.0
0.00408194,2,0.0
0.00408398,2,0.0
0.00408595,2,0.0
0.00408798,2,0.0
0.00408992,2,0.0
0.00409196,2,0.0
0.00409398,2,0.0
0.00409592,2,0.0
0.00409792,2,0.0
0.0041,2,0.0
0.00410197,2,0.0
0.00410396,2,0.0
0.00410598,2,0.0
0.00410796,2,0.0
0.00410996,2,0.0
0.004112,2,0.0
0.00411394,2,0.0
0.00411596,2,0.0
0.00411799,2,0.0
0.00411994,2,0.0
0.00412199,2,0.0
0.00412397,2,0.0
0.00412596,2,0.0
0.00412795,2,0.0
0.00412996,2,0.0
0.00413196,2,0.0
0.00413393,2,0.0
0.00413594,2,0.0
0.00413795,2,0.0
0.00413994,2,0.0
0.00414198,2,0.0
0.00414397,2,0.0
0.00414596,2,0.0
0.004148,2,0.0
0.00414994,2,0.0
0.00415196,2,0.0
0.004154,2,0.0
0.00415593,2,0.0
0.00415792,2,0.0
0.00415994,2,0.0
0.00416195,2,0.0
0.00416399,2,0.0
0.00416597,2,0.0
0.00416797,2,0.0
0.00417,2,0.0
0.00417194,2,0.0
0.00417397,2,0.0
0.00417598,2,0.0
0.00417794,2,0.0
0.00417997,2,0.0
0.00418193,2,0.0
0.00418398,2,0.0
0.004186,2,0.0
0.00418791,2,0.0
0.00418992,2,0.0
0.00419194,2,0.0
0.00419396,2,0.0
0.00419599,2,0.0
0.00419795,2,5.63835e-06
0.00419994,2,0.434244
0.00420194,2,9.13213
0.00420395,2,44.1715
0.00420597,2,109.001
0.00420792,2,191.319
0.00420998,2,288.258
0.00421197,2,401.863
0.00421394,2,520.093
0.00421598,2,633.888
0.00421799,2,739.41
0.00421994,2,837.527
0.00422195,2,921.732
0.00422394,2,979.475
0.00422598,2,1010.2
0.00422798,2,1032.57
0.00422992,2,1062.64
0.00423193,2,1102.12
0.00423392,2,1145.44
0.00423593,2,1193.31
0.00423797,2,1259.23
0.00423995,2,1341.73
0.00424198,2,1429.8
0.00424397,2,1529.3
0.00424598,2,1660.01
0.004248,2,1820.59
0.00424994,2,1977.52
0.00425196,2,2106.94
0.00425397,2,2200.44
0.00425595,2,2246.96
0.00425794,2,2237.54
0.00425999,2,2164.66
0.00426195,2,2030.41
0.00426393,2,1841.81
0.00426595,2,1593.03
0.00426797,2,1295.0
0.00426994,2,982.747
0.00427198,2,683.485
0.00427395,2,426.633
0.00427594,2,230.983
0.00427797,2,96.8601
0.00427994,2,28.6217
0.00428196,2,149.461
0.00428398,2,908.704
0.00428599,2,2695.3
0.00428793,2,4932.24
0.00428998,2,6923.3
0.00429197,2,8356.99
0.00429393,2,9188.66
0.00429594,2,9641.51
0.00429796,2,9884.8
0.00429993,2,10019.1
0.00430199,2,10135.9
0.00430395,2,10296.6
0.00430593,2,10630.2
0.004308,2,11553.0
0.00430996,2,13076.1
0.00431199,2,14325.4
0.00431397,2,14786.9
0.00431597,2,14598.7
0.00431795,2,14134.3
0.00431997,2,13660.6
0.00432199,2,13205.5
0.004324,2,12797.5
0.00432595,2,12465.2
0.00432792,2,12149.5
0.00432995,2,11782.9
0.00433196,2,11403.5
0.00433393,2,11098.2
0.00433594,2,10912.6
0.00433794,2,10857.5
0.00433996,2,10910.4
0.004342,2,11114.0
0.00434397,2,11517.8
0.00434597,2,12050.1
0.00434795,2,12482.9
0.00434992,2,12536.5
0.00435197,2,12065.4
0.00435394,2,11122.3
0.00435599,2,9901.92
0.00435799,2,8671.69
0.00436,2,7676.17
0.00436198,2,6987.78
0.004364,2,6560.6
0.00436597,2,6295.7
0.00436799,2,6062.76
0.00436992,2,5781.64
0.00437195,2,5444.63
0.00437396,2,5106.8
0.00437593,2,4829.96
0.00437793,2,4619.37
0.00437993,2,4441.57
0.00438199,2,4261.26
0.00438393,2,4078.34
0.00438593,2,3903.92
0.00438798,2,3728.23
0.00439,2,3554.94
0.00439194,2,3425.19
0.00439393,2,3377.53
0.00439593,2,3399.76
0.00439792,2,3423.67
0.00439994,2,3389.5
0.00440197,2,3277.51
0.00440396,2,3102.86
0.00440595,2,2892.68
0.00440792,2,2673.34
0.00440997,2,2464.87
0.00441193,2,2266.71
0.00441392,2,2049.32
0.00441599,2,1770.92
0.00441798,2,1443.1
0.00441994,2,1113.65
0.00442197,2,803.54
0.00442396,2,534.898
0.00442594,2,333.481
0.00442799,2,215.253
0.00442996,2,203.815
0.00443199,2,312.164
0.00443391,2,534.942
0.00443599,2,862.693
0.00443798,2,1243.84
0.00443998,2,1603.06
0.00444197,2,1919.92
0.004444,2,2193.02
0.00444598,2,2417.97
0.00444798,2,2581.46
0.00444998,2,2670.42
0.00445198,2,2689.08
0.00445395,2,2661.52
0.00445599,2,2612.69
0.00445799,2,2560.5
0.00445999,2,2495.46
0.00446193,2,2381.82
0.00446397,2,2183.04
0.00446593,2,1895.11
0.00446794,2,1548.46
0.00446992,2,1189.94
0.00447198,2,872.922
0.004474,2,634.747
0.00447594,2,483.779
0.00447792,2,389.383
0.00447997,2,320.988
0.00448198,2,262.472
0.00448392,2,211.649
0.00448599,2,165.193
0.00448793,2,119.961
0.00448999,2,86.4777
0.00449195,2,79.7682
0.004494,2,73.2826
0.00449594,2,49.9989
0.00449798,2,23.7575
0.00449994,2,7.43021
0.00450193,2,1.7925
0.00450391,2,0.396304
0.00450599,2,0.0377959
0.00450793,2,1.192e-05
0.00450999,2,0.0
0.00451199,2,0.0
0.00451398,2,0.0
0.00451594,2,0.0
0.00451795,2,0.0
0.00451996,2,0.0
0.00452193,2,0.0
0.00452394,2,0.0
0.00452593,2,0.0
0.00452794,2,0.0
0.00452999,2,0.0
0.00453193,2,0.0
0.00453396,2,0.0
0.00453595,2,0.0
0.00453792,2,0.0
0.00453998,2,0.0
0.00454193,2,0.0
0.00454394,2,0.0
0.00454597,2,0.0
0.004548,2,0.0
0.00454995,2,0.0
0.00455198,2,0.0
0.00455398,2,0.0
0.004556,2,0.0
0.00455792,2,0.0
0.00455997,2,0.0
0.004562,2,0.0
0.00456398,2,0.0
0.00456598,2,0.0
0.00456796,2,0.0
0.00456999,2,0.0
0.004572,2,0.0
0.00457398,2,0.0
0.00457597,2,0.000338994
0.00457795,2,0.0490619
0.00457999,2,0.554322
0.00458195,2,2.74447
0.00458398,2,8.51483
0.00458598,2,19.2684
0.00458796,2,33.3051
0.00458999,2,46.4896
0.00459198,2,56.0287
0.00459398,2,62.0382
0.00459599,2,64.7322
0.00459794,2,63.2763
0.00459999,2,57.8685
0.00460198,2,51.8747
0.00460398,2,49.1251
0.00460596,2,50.8892
0.00460799,2,55.8529
0.00460995,2,60.5089
0.00461197,2,61.7175
0.00461395,2,58.1408
0.00461599,2,50.9434
0.00461796,2,43.7899
0.00461996,2,40.3756
0.00462196,2,43.455
0.004624,2,55.615
0.00462593,2,79.9018
0.00462794,2,121.583
0.00462997,2,181.155
0.00463197,2,238.411
0.00463392,2,261.79
0.00463599,2,235.576
0.00463796,2,171.499
0.00463997,2,102.339
0.00464196,2,51.9814
0.00464395,2,24.0768
0.00464597,2,10.9644
0.00464792,2,5.41952
0.00464995,2,2.294
0.00465197,2,0.447675
0.00465399,2,0.00649066
0.00465593,2,0.0
0.00465796,2,0.0
0.00466,2,0.0
0.00466196,2,0.0
0.00466398,2,0.0
0.00466594,2,0.0
0.00466792,2,0.0
0.00466993,2,0.0
0.00467194,2,0.000173586
0.00467399,2,13.9051
0.004676,2,217.986
0.00467798,2,699.163
0.00467996,2,1140.01
0.00468192,2,1392.7
0.00468399,2,1645.4
0.00468596,2,1954.53
0.00468797,2,2301.06
0.00468993,2,2781.9
0.00469195,2,3307.49
0.00469396,2,3734.52
0.00469595,2,4015.9
0.00469796,2,4184.79
0.00469998,2,4263.93
0.00470193,2,4262.2
0.00470395,2,4204.12
0.00470598,2,4108.86
0.00470794,2,3939.0
0.00470995,2,3658.68
0.00471196,2,3327.13
0.004714,2,3041.96
0.00471593,2,2853.74
0.00471793,2,2758.48
0.00471997,2,2754.11
0.00472199,2,2837.51
0.00472395,2,2991.16
0.00472598,2,3198.35
0.00472794,2,3463.76
0.00472993,2,3814.32
0.00473199,2,4264.66
0.00473394,2,4733.43
0.00473597,2,5140.2
0.00473793,2,5457.99
0.00473996,2,5691.61
0.00474194,2,5862.37
0.00474397,2,5992.84
0.00474597,2,6086.17
0.00474796,2,6125.26
0.00474998,2,6114.98
0.00475199,2,6068.27
0.00475395,2,6025.79
0.00475599,2,6050.03
0.00475792,2,6186.01
0.00475995,2,6444.11
0.00476198,2,6789.98
0.00476396,2,7158.53
0.004766,2,7537.39
0.00476795,2,7912.08
0.00476998,2,8193.71
0.00477192,2,8290.7
0.00477395,2,8163.45
0.00477595,2,7847.17
0.004778,2,7439.01
0.00477993,2,7020.04
0.00478194,2,6602.51
0.00478396,2,6196.98
0.00478593,2,5869.39
0.00478795,2,5676.18
0.00478995,2,5609.94
0.00479199,2,5610.13
0.00479399,2,5618.16
0.00479595,2,5576.51
0.00479795,2,5432.03
0.00479998,2,5182.83
0.00480196,2,4869.37
0.00480392,2,4526.74
0.004806,2,4136.35
0.00480793,2,3707.85
0.00480993,2,3285.27
0.00481191,2,2895.62
0.00481395,2,2554.3
0.00481599,2,2275.87
0.00481794,2,2080.76
0.00481997,2,1957.74
0.00482193,2,1896.07
0.00482396,2,1900.3
0.00482592,2,1984.62
0.00482794,2,2141.86
0.00482996,2,2335.43
0.00483194,2,2533.72
0.00483393,2,2735.87
0.00483596,2,2962.36
0.00483797,2,3233.16
0.00483994,2,3547.92
0.00484196,2,3892.06
0.00484397,2,4272.42
0.00484599,2,4762.41
0.00484797,2,5512.87
0.00484997,2,6612.15
0.00485194,2,8098.12
0.00485397,2,10186.0
0.00485592,2,12652.2
0.00485796,2,14728.0
0.00485999,2,16038.6
0.00486194,2,16762.1
0.00486397,2,17197.5
0.00486596,2,17218.0
0.004868,2,16727.7
0.00486992,2,15875.1
0.00487193,2,14762.8
0.00487399,2,13411.0
0.00487592,2,11966.7
0.00487799,2,10518.4
0.00487995,2,9194.25
0.00488199,2,8104.66
0.00488398,2,7221.82
0.00488599,2,6518.95
0.00488793,2,5932.28
0.00489,2,5443.93
0.00489199,2,5085.1
0.00489395,2,4888.75
0.00489598,2,4881.71
0.004898,2,5086.11
0.00489993,2,5417.63
0.00490199,2,5716.47
0.00490396,2,5878.06
0.00490594,2,5884.48
0.00490796,2,5752.25
0.00490992,2,5493.9
0.00491197,2,5144.58
0.00491395,2,4768.3
0.004916,2,4432.69
0.00491795,2,4158.43
0.00491992,2,3936.66
0.00492195,2,3733.17
0.00492396,2,3511.17
0.00492599,2,3241.88
0.00492793,2,2934.83
0.00492995,2,2621.2
0.00493197,2,2325.73
0.00493394,2,2083.98
0.004936,2,1900.15
0.00493799,2,1764.95
0.00493994,2,1685.5
0.00494195,2,1669.64
0.00494392,2,1717.41
0.00494596,2,1806.16
0.00494794,2,1893.26
0.00494994,2,1942.74
0.00495197,2,1944.65
0.00495393,2,1907.1
0.00495599,2,1838.9
0.00495796,2,1740.69
0.00495995,2,1603.75
0.00496193,2,1417.62
0.00496397,2,1184.81
0.00496599,2,931.875
0.00496793,2,715.948
0.00496996,2,571.233
0.00497194,2,508.866
0.00497395,2,514.307
0.00497596,2,558.844
0.00497792,2,608.003
0.00497999,2,628.35
0.00498195,2,602.885
0.00498397,2,538.097
0.00498593,2,462.097
0.00498799,2,405.033
0.00498999,2,385.674
0.00499199,2,410.202
0.00499392,2,467.753
0.00499599,2,542.014
0.00499796,2,616.521
0.00499997,2,688.983
0.00500198,2,773.565
0.00500396,2,870.751
0.00500595,2,959.5
0.00500796,2,1018.49
0.00500999,2,1042.24
0.00501191,2,1035.23
0.00501397,2,1000.78
0.00501595,2,937.851
0.00501796,2,849.291
0.00501993,2,747.144
0.00502194,2,644.622
0.00502399,2,551.203
0.00502599,2,479.325
0.00502794,2,436.618
0.00502996,2,419.472
0.00503193,2,417.461
0.00503394,2,419.293
0.00503594,2,416.054
0.00503793,2,402.884
0.00503998,2,377.628
0.00504198,2,344.35
0.00504399,2,316.501
0.00504595,2,305.009
0.00504792,2,322.072
0.00504994,2,387.059
0.00505194,2,498.812
0.00505395,2,642.669
0.00505599,2,819.655
0.00505793,2,1029.52
0.00505994,2,1260.46
0.00506194,2,1492.52
0.00506395,2,1692.21
0.00506596,2,1839.93
0.00506794,2,1951.89
0.00506997,2,2050.82
0.00507192,2,2140.83
0.00507396,2,2225.1
0.00507595,2,2322.34
0.00507796,2,2471.54
0.00507994,2,2712.76
0.00508196,2,3081.2
0.00508392,2,3584.38
0.00508598,2,4180.14
0.00508794,2,4748.37
0.00508995,2,5172.19
0.00509196,2,5418.1
0.00509393,2,5504.81
0.00509596,2,5481.76
0.00509796,2,5385.83
0.00509998,2,5242.23
0.00510194,2,5073.27
0.00510393,2,4904.6
0.00510599,2,4769.48
0.00510795,2,4701.4
0.00510997,2,4690.12
0.00511199,2,4686.16
0.00511393,2,4679.21
0.00511596,2,4695.9
0.00511797,2,4782.41
0.00512,2,4964.03
0.00512193,2,5212.31
0.00512399,2,5479.09
0.005126,2,5682.39
0.00512796,2,5730.36
0.00512995,2,5601.74
0.00513193,2,5347.31
0.00513397,2,5059.33
0.00513599,2,4757.34
0.00513792,2,4426.67
0.00513995,2,4092.65
0.00514198,2,3778.19
0.005144,2,3480.28
0.00514598,2,3203.66
0.005148,2,2974.04
0.00514997,2,2805.3
0.00515194,2,2671.95
0.00515398,2,2528.83
0.00515592,2,2351.6
0.00515797,2,2146.41
0.00515994,2,1930.69
0.00516199,2,1718.85
0.00516397,2,1520.07
0.00516594,2,1353.52
0.00516798,2,1236.13
0.00516993,2,1161.24
0.00517198,2,1098.61
0.00517398,2,1050.53
0.00517593,2,1036.67
0.005178,2,1044.55
0.00517993,2,1035.83
0.00518193,2,1014.49
0.005184,2,1248.63
0.00518593,2,1822.54
0.00518798,2,2563.31
0.00518998,2,3354.05
0.005192,2,4158.23
0.00519393,2,5008.04
0.00519599,2,5921.67
0.00519794,2,6801.19
0.00519997,2,7493.78
0.00520192,2,7902.01
0.00520397,2,8014.69
0.00520597,2,7915.35
0.00520795,2,7713.35
0.00520995,2,7499.52
0.00521199,2,7328.04
0.00521394,2,7201.45
0.00521593,2,7070.57
0.00521799,2,6885.96
0.00521995,2,6635.01
0.00522192,2,6317.4
0.00522396,2,5936.28
0.00522597,2,5530.37
0.00522797,2,5163.7
0.00522998,2,4897.26
0.00523194,2,4794.13
0.00523391,2,4867.77
0.00523599,2,5050.47
0.00523793,2,5234.13
0.00523999,2,5414.76
0.00524194,2,5624.82
0.00524397,2,5836.92
0.00524595,2,6087.08
0.00524794,2,6325.42
0.00524997,2,6415.79
0.00525194,2,6227.83
0.00525399,2,5759.0
0.00525594,2,5145.09
0.00525796,2,4550.63
0.00525993,2,4060.74
0.00526194,2,3698.76
0.00526394,2,3426.36
0.00526596,2,3199.2
0.00526797,2,2996.03
0.00526994,2,2814.82
0.00527196,2,2642.46
0.005274,2,2457.42
0.00527599,2,2249.3
0.00527797,2,2025.79
0.00527993,2,1820.74
0.00528192,2,1707.79
0.00528397,2,1749.49
0.00528595,2,1938.65
0.00528796,2,2287.95
0.00528998,2,2859.5
0.00529193,2,3627.67
0.00529395,2,4498.72
0.00529599,2,5343.32
0.00529796,2,5985.51
0.00529998,2,6359.13
0.00530198,2,6486.72
0.00530399,2,6454.84
0.00530599,2,6389.52
0.00530798,2,6379.95
0.00530993,2,6442.42
0.00531195,2,6557.12
0.00531397,2,6691.34
0.00531599,2,6785.65
0.00531794,2,6744.61
0.00531996,2,6478.87
0.00532195,2,5993.61
0.00532392,2,5416.26
0.00532599,2,4863.54
0.00532798,2,4424.5
0.00532992,2,4136.83
0.00533196,2,3925.33
0.00533392,2,3703.48
0.00533597,2,3442.01
0.00533794,2,3124.56
0.00533996,2,2755.92
0.00534198,2,2357.28
0.00534395,2,1980.22
0.00534599,2,1651.48
0.00534793,2,1381.12
0.00534995,2,1155.4
0.00535198,2,954.445
0.00535394,2,773.738
0.00535594,2,595.341
0.00535798,2,408.356
0.00535995,2,232.603
0.00536199,2,96.5869
0.00536393,2,21.3777
0.00536592,2,1.73959
0.00536798,2,13.9423
0.00536996,2,101.822
0.00537193,2,324.064
0.00537398,2,683.908
0.00537595,2,1096.03
0.00537795,2,1459.2
0.00537998,2,1711.66
0.00538194,2,1841.85
0.00538392,2,1897.6
0.00538596,2,1939.01
0.00538792,2,1990.18
0.00538995,2,2049.9
0.00539197,2,2098.57
0.00539397,2,2112.12
0.00539595,2,2081.08
0.00539793,2,2001.27
0.0054,2,1863.27
0.00540197,2,1678.11
0.00540396,2,1478.76
0.00540598,2,1291.67
0.00540794,2,1134.05
0.00540996,2,1001.79
0.00541199,2,898.629
0.00541396,2,848.67
0.00541594,2,878.631
0.00541792,2,1018.52
0.00541996,2,1337.38
0.00542199,2,1916.93
0.00542393,2,2709.13
0.00542598,2,3644.04
0.005428,2,4665.75
0.00542999,2,5625.85
0.00543197,2,6380.18
0.00543397,2,6844.31
0.00543599,2,7019.47
0.00543796,2,6927.86
0.00543995,2,6596.17
0.00544197,2,6063.59
0.00544396,2,5444.54
0.00544593,2,4853.45
0.00544799,2,4304.66
0.00544993,2,3837.89
0.00545193,2,3460.88
0.00545397,2,3143.31
0.00545594,2,2877.94
0.00545795,2,2623.28
0.00545995,2,2334.44
0.00546198,2,2010.75
0.00546399,2,1708.24
0.00546598,2,1483.66
0.00546795,2,1300.35
0.00546998,2,1123.86
0.00547194,2,959.626
0.00547396,2,821.0
0.00547597,2,719.576
0.00547794,2,678.689
0.00547993,2,724.013
0.00548199,2,869.178
0.00548393,2,1095.44
0.00548599,2,1385.98
0.005488,2,1721.34
0.00548993,2,2045.12
0.00549196,2,2308.6
0.00549396,2,2447.37
0.005496,2,2424.22
0.00549793,2,2267.6
0.00549993,2,2035.84
0.00550196,2,1780.95
0.00550394,2,1547.16
0.00550599,2,1335.99
0.00550799,2,1129.07
0.00550999,2,917.544
0.00551198,2,705.303
0.00551393,2,514.39
0.00551595,2,361.413
0.00551797,2,253.521
0.00551993,2,191.217
0.00552194,2,160.155
0.00552394,2,139.841
0.00552596,2,121.625
0.00552796,2,104.218
0.00552996,2,89.7323
0.00553199,2,78.5346
0.00553395,2,66.7382
0.00553594,2,49.5677
0.005538,2,27.8207
0.00553993,2,10.1683
0.00554198,2,1.5481
0.00554399,2,0.0122723
0.00554592,2,0.0
0.00554795,2,0.0
0.00555,2,0.0
0.00555192,2,0.0
0.00555399,2,0.0
0.00555599,2,0.0
0.00555793,2,0.0
0.00555994,2,0.0
0.00556198,2,0.0
0.00556398,2,0.0
0.00556597,2,0.0
0.00556797,2,0.0
0.00556995,2,0.102275
0.00557196,2,9.73899
0.00557396,2,55.4816
0.00557599,2,142.998
0.00557794,2,285.266
0.00557995,2,536.168
0.00558195,2,1050.53
0.00558396,2,1788.22
0.00558596,2,2414.37
0.00558794,2,2727.19
0.00558993,2,2765.17
0.00559194,2,2661.0
0.00559395,2,2531.29
0.00559592,2,2494.72
0.00559793,2,2705.71
0.00559992,2,3268.0
0.00560194,2,4069.88
0.00560398,2,4814.91
0.005606,2,5283.74
0.00560798,2,5448.39
0.00560993,2,5431.46
0.00561195,2,5354.05
0.00561396,2,5275.96
0.00561593,2,5160.34
0.005618,2,4925.21
0.00561997,2,4544.05
0.00562195,2,4063.52
0.00562396,2,3539.55
0.005626,2,3035.93
0.00562795,2,2603.42
0.00562994,2,2239.36
0.00563192,2,1920.92
0.00563394,2,1657.15
0.00563595,2,1469.77
0.005638,2,1355.98
0.00563999,2,1299.42
0.00564196,2,1321.06
0.00564392,2,1440.84
0.00564596,2,1613.31
0.00564796,2,1762.47
0.00564992,2,1829.32
0.00565195,2,1792.78
0.00565395,2,1666.93
0.005656,2,1498.21
0.00565796,2,1332.23
0.00565993,2,1182.6
0.00566196,2,1028.08
0.00566397,2,848.647
0.00566596,2,650.116
0.00566793,2,469.933
0.00566995,2,334.419
0.00567193,2,244.699
0.00567399,2,191.644
0.00567598,2,177.946
0.00567792,2,200.489
0.00567994,2,251.043
0.00568199,2,305.029
0.00568397,2,338.504
0.00568592,2,344.114
0.00568795,2,326.973
0.00568996,2,305.749
0.00569194,2,303.381
0.00569392,2,344.058
0.00569597,2,563.116
0.00569792,2,1132.95
0.00569994,2,1979.07
0.00570195,2,3032.9
0.00570394,2,4211.17
0.00570597,2,5364.33
0.00570799,2,6339.1
0.00570993,2,7084.75
0.00571197,2,7757.86
0.00571394,2,8415.57
0.00571598,2,9023.31
0.00571795,2,9603.9
0.00572,2,10202.6
0.00572194,2,10762.7
0.00572394,2,11132.8
0.005726,2,11217.5
0.00572798,2,11012.5
0.00573,2,10612.3
0.00573194,2,10175.4
0.00573394,2,9851.96
0.00573594,2,9563.44
0.00573797,2,9068.93
0.00573994,2,8295.66
0.00574193,2,7353.5
0.00574396,2,6374.74
0.00574598,2,5489.46
0.00574793,2,4784.95
0.00574995,2,4271.29
0.00575198,2,3947.2
0.00575392,2,3797.95
0.00575597,2,3796.73
0.00575799,2,3977.7
0.00575998,2,4377.45
0.00576198,2,4969.65
0.00576396,2,5686.13
0.00576597,2,6466.07
0.00576798,2,7226.82
0.00576994,2,7857.66
0.00577195,2,8287.79
0.00577395,2,8481.77
0.00577593,2,8440.34
0.00577798,2,8194.92
0.00577994,2,7795.69
0.00578196,2,7304.47
0.00578399,2,6815.57
0.00578597,2,6449.46
0.00578797,2,6227.65
0.00578997,2,6095.52
0.00579194,2,5971.27
0.00579395,2,5756.17
0.00579594,2,5419.0
0.00579793,2,5009.99
0.00579998,2,4616.12
0.00580193,2,4320.08
0.00580394,2,4157.75
0.00580599,2,4139.17
0.00580797,2,4259.38
0.00580996,2,4468.55
0.00581198,2,4696.06
0.00581398,2,4846.29
0.00581592,2,4839.97
0.00581798,2,4656.9
0.00581996,2,4328.56
0.00582195,2,3914.49
0.00582396,2,3446.92
0.00582592,2,2985.66
0.00582795,2,2586.02
0.00582995,2,2288.57
0.005832,2,2101.49
0.00583396,2,2011.85
0.00583594,2,2005.58
0.00583795,2,2061.82
0.00583998,2,2158.22
0.00584198,2,2272.47
0.00584393,2,2373.26
0.00584597,2,2424.31
0.00584799,2,2390.85
0.00584997,2,2274.44
0.00585192,2,2110.7
0.00585399,2,1921.8
0.00585593,2,1723.74
0.00585796,2,1512.51
0.00585994,2,1283.98
0.00586194,2,1062.15
0.00586399,2,863.065
0.00586594,2,699.749
0.00586795,2,573.809
0.00586994,2,473.875
0.00587192,2,386.218
0.00587399,2,298.437
0.00587592,2,220.075
0.00587797,2,158.707
0.00588,2,113.337
0.00588195,2,82.4064
0.00588399,2,61.6398
0.00588592,2,48.065
0.00588793,2,38.73
0.00588992,2,32.6237
0.00589198,2,30.8068
0.00589395,2,34.4519
0.00589593,2,45.3502
0.00589793,2,68.8639
0.00589997,2,112.742
0.00590197,2,176.749
0.00590394,2,243.171
0.00590593,2,289.247
0.00590793,2,305.799
0.00591,2,296.087
0.00591193,2,266.163
0.00591396,2,219.803
0.005916,2,159.975
0.00591793,2,100.126
0.00592,2,51.8742
0.00592199,2,24.3468
0.00592397,2,12.1276
0.00592594,2,7.13905
0.00592794,2,5.78108
0.00592994,2,6.50107
0.00593199,2,8.94909
0.00593397,2,12.2087
0.00593597,2,14.3915
0.00593796,2,14.2812
0.00593996,2,11.8157
0.00594197,2,7.95168
0.00594396,2,4.38866
0.00594593,2,2.14908
0.00594794,2,1.08465
0.00594995,2,0.715772
0.00595198,2,0.729125
0.00595396,2,0.984715
0.00595599,2,1.26916
0.00595799,2,1.23936
0.00595996,2,0.856498
0.00596199,2,0.424914
0.00596393,2,0.17015
0.00596597,2,0.0536777
0.00596799,2,0.0129699
0.00596997,2,0.00493939
0.00597195,2,0.00673159
0.00597392,2,0.0175916
0.00597592,2,0.0439526
0.00597794,2,0.103821
0.00597994,2,0.281423
0.00598199,2,0.852898
0.00598397,2,1.98953
0.00598594,2,3.47186
0.00598795,2,4.85275
0.00598994,2,6.12532
0.00599195,2,7.85667
0.00599394,2,10.6646
0.00599599,2,16.1125
0.00599794,2,25.9644
0.00599994,2,40.737
0.00600199,2,57.6034
0.00600397,2,68.8004
0.00600592,2,70.0588
0.00600794,2,63.2334
0.00600995,2,55.2659
0.00601192,2,53.1003
0.00601399,2,60.6074
0.00601599,2,85.8392
0.00601794,2,133.945
0.00601994,2,203.868
0.00602193,2,289.83
0.00602393,2,369.153
0.00602592,2,412.013
0.00602797,2,400.251
0.00602992,2,351.859
0.00603197,2,313.139
0.00603399,2,327.383
0.00603592,2,400.831
0.00603792,2,513.407
0.00603994,2,661.255
0.00604197,2,856.023
0.00604398,2,1141.74
0.00604592,2,1523.18
0.00604797,2,1947.67
0.00604994,2,2351.88
0.00605195,2,2681.59
0.00605396,2,2903.64
0.00605597,2,2981.94
0.00605796,2,2892.94
0.00605996,2,2644.16
0.00606194,2,2297.91
0.00606394,2,1933.49
0.00606594,2,1617.36
0.00606796,2,1379.97
0.00607,2,1212.36
0.00607197,2,1215.13
0.00607397,2,2022.07
0.00607593,2,3502.12
0.00607795,2,4928.61
0.00607992,2,5927.37
0.00608198,2,6428.05
0.00608396,2,6497.0
0.00608595,2,6204.28
0.00608795,2,5741.83
0.00608996,2,5381.02
0.00609193,2,5301.94
0.00609395,2,5507.04
0.00609593,2,5889.17
0.00609793,2,6261.31
0.00609999,2,6482.68
0.00610197,2,6528.68
0.00610396,2,6527.24
0.00610599,2,6673.64
0.00610796,2,7047.77
0.00610997,2,7530.97
0.00611193,2,7953.2
0.00611394,2,8225.73
0.00611594,2,8367.89
0.00611792,2,8467.58
0.00611998,2,8652.07
0.00612193,2,9000.93
0.00612394,2,9509.99
0.00612595,2,10159.3
0.00612794,2,10880.5
0.00612992,2,11604.6
0.00613197,2,12297.5
0.00613397,2,12860.2
0.00613599,2,13188.5
0.00613792,2,13256.6
0.00613993,2,13102.7
0.00614195,2,12752.1
0.00614398,2,12227.9
0.00614594,2,11549.0
0.00614795,2,10680.3
0.00614995,2,9627.99
0.00615195,2,8497.08
0.00615395,2,7408.04
0.00615594,2,6461.02
0.006158,2,5687.47
0.00615997,2,5083.17
0.00616199,2,4586.87
0.00616397,2,4138.34
0.00616594,2,3736.56
0.00616798,2,3393.09
0.00616999,2,3131.21
0.00617198,2,2971.67
0.00617397,2,2901.65
0.00617595,2,2897.73
0.00617793,2,2939.54
0.00617994,2,3027.83
0.00618199,2,3175.57
0.00618392,2,3388.37
0.00618595,2,3712.74
0.00618798,2,4182.6
0.00619,2,4699.26
0.00619199,2,5134.65
0.00619395,2,5408.35
0.00619596,2,5509.06
0.00619793,2,5442.1
0.00619992,2,5218.43
0.00620194,2,4890.95
0.006204,2,4545.15
0.00620596,2,4265.35
0.00620796,2,4073.66
0.00620994,2,3940.69
0.00621199,2,3828.27
0.00621392,2,3713.35
0.00621594,2,3589.73
0.00621794,2,3465.29
0.00621998,2,3354.88
0.00622194,2,3264.08
0.00622395,2,3191.72
0.00622597,2,3130.4
0.00622793,2,3079.67
0.00622997,2,3059.0
0.00623195,2,3103.97
0.00623397,2,3198.67
0.00623596,2,3294.02
0.00623798,2,3352.67
0.00623999,2,3342.91
0.00624192,2,3256.64
0.00624392,2,3115.71
0.00624593,2,2987.71
0.00624794,2,2951.71
0.00624992,2,3031.92
0.00625197,2,3179.25
0.00625397,2,3292.77
0.00625597,2,3314.71
0.00625799,2,3250.26
0.00625998,2,3131.7
0.00626196,2,3000.02
0.00626394,2,2881.08
0.00626593,2,2786.18
0.00626794,2,2718.33
0.00626993,2,2684.97
0.00627194,2,2686.7
0.00627392,2,2697.65
0.00627596,2,2685.35
0.00627794,2,2635.02
0.00627997,2,2553.42
0.00628198,2,2451.63
0.00628393,2,2333.91
0.00628598,2,2191.27
0.00628799,2,2027.92
0.00628992,2,1865.08
0.00629196,2,1703.34
0.00629393,2,1548.72
0.00629594,2,1415.95
0.00629794,2,1308.38
0.0063,2,1218.81
0.00630195,2,1136.32
0.00630398,2,1041.08
0.00630598,2,919.794
0.00630795,2,774.159
0.00630998,2,609.981
0.00631197,2,445.61
0.00631396,2,301.045
0.00631596,2,185.91
0.00631799,2,106.706
0.00631999,2,64.5718
0.00632196,2,50.5419
0.00632395,2,47.2694
0.00632598,2,42.7953
0.00632798,2,34.1502
0.00633,2,26.3071
0.00633192,2,25.4258
0.006334,2,33.4077
0.00633592,2,50.0221
0.00633796,2,75.5504
0.00633999,2,115.963
0.00634198,2,184.087
0.006344,2,301.222
0.00634592,2,480.378
0.00634797,2,718.398
0.00634999,2,989.957
0.00635196,2,1257.07
0.00635398,2,1522.87
0.00635596,2,1796.79
0.00635798,2,2075.5
0.00636,2,2329.65
0.00636195,2,2508.77
0.00636394,2,2589.58
0.00636597,2,2576.59
0.00636793,2,2501.59
0.00636998,2,2407.41
0.006372,2,2328.09
0.00637394,2,2288.95
0.00637593,2,2292.0
0.00637799,2,2339.01
0.00637993,2,2438.64
0.00638196,2,2599.97
0.00638399,2,2825.68
0.00638594,2,3107.75
0.00638795,2,3466.85
0.00638992,2,3921.73
0.00639198,2,4451.65
0.00639398,2,4979.04
0.00639595,2,5400.87
0.00639795,2,5673.51
0.00639994,2,5807.92
0.00640197,2,5858.24
0.00640394,2,5880.58
0.00640597,2,5908.3
0.00640796,2,5965.67
0.00640995,2,6067.91
0.006412,2,6205.96
0.00641394,2,6327.41
0.00641595,2,6385.27
0.00641796,2,6383.98
0.00641998,2,6381.61
0.00642195,2,6465.85
0.00642396,2,6694.04
0.00642595,2,7050.78
0.00642793,2,7449.14
0.00642995,2,7779.24
0.00643193,2,7953.6
0.00643398,2,7946.31
0.00643592,2,7815.49
0.00643796,2,7792.16
0.00643997,2,8173.34
0.00644199,2,8843.17
0.00644397,2,9611.51
0.00644595,2,10380.3
0.00644797,2,11101.0
0.00644993,2,11687.9
0.00645197,2,12077.6
0.00645392,2,12246.8
0.00645594,2,12235.0
0.00645799,2,12070.9
0.00645994,2,11767.5
0.00646192,2,11342.2
0.00646396,2,10812.4
0.00646599,2,10219.9
0.00646798,2,9642.0
0.00646998,2,9134.21
0.00647192,2,8652.33
0.00647396,2,8113.73
0.00647592,2,7473.83
0.00647798,2,6702.47
0.00647997,2,5828.39
0.00648197,2,4940.87
0.00648393,2,4111.25
0.00648592,2,3400.16
0.00648797,2,2820.3
0.00648999,2,2374.72
0.00649197,2,2054.08
0.00649398,2,1828.17
0.00649592,2,1665.14
0.00649799,2,1530.74
0.00649998,2,1403.47
0.00650196,2,1273.91
0.00650392,2,1147.78
0.00650593,2,1068.81
0.00650793,2,1023.74
0.00650999,2,1017.31
0.00651196,2,1110.63
0.00651392,2,1279.6
0.00651594,2,1423.49
0.00651798,2,1470.3
0.00651997,2,1399.37
0.00652196,2,1250.15
0.00652394,2,1092.48
0.00652592,2,971.347
0.00652795,2,908.905
0.00653,2,940.048
0.00653199,2,1048.57
0.00653397,2,1167.07
0.00653598,2,1244.84
0.00653793,2,1248.29
0.00653994,2,1180.17
0.00654195,2,1058.27
0.00654399,2,896.834
0.00654592,2,708.119
0.00654798,2,506.596
0.00654994,2,324.781
0.00655199,2,195.026
0.00655399,2,118.421
0.00655593,2,65.366
0.00655794,2,28.1874
0.00655995,2,37.9422
0.00656198,2,96.246
0.00656399,2,153.906
0.00656597,2,191.461
0.00656793,2,216.948
0.00656998,2,243.089
0.00657196,2,272.968
0.00657396,2,306.957
0.00657596,2,334.009
0.00657797,2,342.329
0.00657992,2,329.926
0.00658197,2,300.302
0.00658398,2,257.793
0.00658597,2,206.299
0.00658796,2,154.018
0.00658993,2,107.648
0.00659199,2,65.2282
0.00659393,2,31.0827
0.00659595,2,10.0114
0.00659798,2,1.51389
0.00659992,2,0.0439998
0.00660192,2,0.0
0.00660399,2,0.0
0.00660594,2,0.0
0.00660792,2,0.0
0.00660992,2,0.0
0.00661198,2,0.0
0.00661393,2,0.0
0.00661593,2,0.00925792
0.00661796,2,0.629221
0.00661998,2,4.30071
0.00662193,2,14.2246
0.00662395,2,32.1083
0.00662599,2,52.5271
0.00662795,2,67.6541
0.00662997,2,76.3618
0.00663194,2,78.2774
0.00663393,2,70.7286
0.00663598,2,53.8856
0.00663793,2,33.394
0.00663997,2,14.5803
0.00664197,2,3.95366
0.00664399,2,9.28759
0.006646,2,24.3376
0.00664795,2,37.9161
0.00664998,2,42.768
0.00665197,2,38.9595
0.00665392,2,32.486
0.00665595,2,28.8063
0.00665799,2,32.3508
0.00666,2,45.9837
0.00666198,2,66.3178
0.00666395,2,87.5693
0.00666592,2,108.21
0.00666797,2,135.241
0.00667,2,185.522
0.00667199,2,285.834
0.00667393,2,451.662
0.00667597,2,681.823
0.00667794,2,942.117
0.00667994,2,1160.02
0.006682,2,1265.03
0.00668395,2,1229.8
0.00668597,2,1092.09
0.00668798,2,907.19
0.00668997,2,725.217
0.00669197,2,566.201
0.00669393,2,434.365
0.006696,2,323.914
0.00669798,2,233.529
0.00669993,2,164.762
0.00670198,2,115.496
0.00670393,2,86.8949
0.00670598,2,72.4058
0.00670798,2,62.4669
0.00670994,2,52.263
0.00671195,2,40.631
0.00671397,2,29.7658
0.00671594,2,21.8327
0.00671793,2,15.7421
0.00671992,2,10.2374
0.00672196,2,5.25346
0.00672394,2,1.74715
0.00672599,2,0.254681
0.00672798,2,0.0141846
0.00672999,2,0.00135727
0.00673194,2,1.13416e-05
0.00673399,2,0.0
0.00673599,2,0.0
0.00673798,2,0.0
0.00673994,2,0.0
0.00674196,2,0.0
0.00674398,2,0.0
0.00674596,2,0.0
0.00674793,2,0.0
0.00674993,2,0.0
0.00675196,2,2.28136e-07
0.00675392,2,0.232088
0.00675597,2,11.3307
0.00675797,2,84.7851
0.00675996,2,262.706
0.00676199,2,516.122
0.00676394,2,774.03
0.00676595,2,999.209
0.00676796,2,1197.25
0.00676999,2,1394.8
0.006772,2,1624.48
0.00677398,2,1900.0
0.00677592,2,2213.45
0.00677799,2,2550.13
0.00677995,2,2878.37
0.00678193,2,3178.5
0.00678398,2,3473.97
0.00678596,2,3777.17
0.00678797,2,4082.03
0.00678993,2,4371.43
0.00679198,2,4619.17
0.00679396,2,4798.74
0.00679596,2,4903.13
0.00679793,2,4979.91
0.00679995,2,5109.56
0.00680194,2,5319.4
0.00680393,2,5536.15
0.00680593,2,5638.86
0.00680794,2,5523.34
0.00680997,2,5190.51
0.00681195,2,4721.92
0.00681396,2,4199.81
0.00681595,2,3659.05
0.00681798,2,3110.05
0.00681995,2,2585.21
0.006822,2,2107.67
0.00682397,2,1671.29
0.00682598,2,1261.97
0.00682799,2,890.258
0.00682995,2,598.215
0.00683192,2,411.711
0.00683399,2,339.978
0.00683598,2,363.94
0.006838,2,426.489
0.00683995,2,499.058
0.00684196,2,576.877
0.00684397,2,643.897
0.00684599,2,673.47
0.00684797,2,653.038
0.00684996,2,597.49
0.00685193,2,532.364
0.00685398,2,470.348
0.00685597,2,404.777
0.00685796,2,325.693
0.00686,2,235.992
0.00686193,2,153.97
0.00686394,2,89.4059
0.00686595,2,44.1439
0.00686797,2,17.5922
0.00686999,2,4.57413
0.00687193,2,0.462253
0.00687396,2,0.00197737
0.00687593,2,0.0
0.00687799,2,0.0
0.00687994,2,0.0
0.00688196,2,0.0
0.00688396,2,1.13017e-09
0.00688594,2,0.0167008
0.00688793,2,0.921005
0.00688993,2,6.55092
0.00689195,2,14.2555
0.00689398,2,15.3826
0.00689596,2,14.17
0.00689794,2,18.2974
0.00689999,2,55.9089
0.00690193,2,322.63
0.00690395,2,864.061
0.006906,2,1489.24
0.00690793,2,2022.52
0.00690994,2,2480.46
0.00691199,2,2892.78
0.00691398,2,3148.4
0.00691596,2,3198.46
0.00691798,2,3090.12
0.00691992,2,2975.21
0.00692199,2,3006.7
0.00692397,2,3163.67
0.00692594,2,3421.53
0.00692797,2,3819.1
0.00692997,2,4388.62
0.00693196,2,5164.69
0.00693393,2,6091.02
0.00693593,2,7059.49
0.00693794,2,7958.22
0.00693992,2,8579.74
0.00694198,2,8801.28
0.00694397,2,8684.74
0.00694599,2,8393.6
0.00694796,2,8015.99
0.00694994,2,7575.71
0.00695198,2,7056.84
0.00695399,2,6443.51
0.006956,2,5751.23
0.00695799,2,5024.75
0.00695997,2,4346.7
0.00696195,2,3773.51
0.00696398,2,3321.73
0.00696597,2,2992.67
0.00696796,2,2789.17
0.00696998,2,2700.42
0.00697192,2,2676.72
0.00697397,2,2701.9
0.00697593,2,2785.81
0.00697792,2,2929.0
0.00697993,2,3125.68
0.00698196,2,3357.74
0.00698392,2,3590.42
0.00698595,2,3798.95
0.00698797,2,3948.88
0.00698999,2,3972.93
0.00699195,2,3824.38
0.00699393,2,3508.57
0.00699598,2,3080.36
0.00699794,2,2637.91
0.00699995,2,2234.85
0.00700196,2,1876.89
0.00700396,2,1558.66
0.00700599,2,1280.91
0.00700794,2,1067.53
0.00700992,2,928.326
0.00701194,2,841.535
0.00701396,2,777.864
0.00701598,2,715.322
0.00701794,2,654.33
0.00701996,2,620.67
0.00702196,2,636.825
0.00702397,2,695.94
0.00702592,2,778.46
0.00702794,2,867.188
0.00702995,2,956.518
0.00703197,2,1067.5
0.00703395,2,1244.05
0.007036,2,1525.95
0.00703794,2,1873.11
0.00703995,2,2172.86
0.00704198,2,2344.19
0.00704393,2,2348.28
0.00704598,2,2197.69
0.00704797,2,1977.05
0.00704999,2,1782.07
0.00705193,2,1632.06
0.007054,2,1480.7
0.007056,2,1297.37
0.00705793,2,1113.86
0.00705998,2,978.617
0.00706195,2,968.171
0.00706396,2,1152.33
0.00706596,2,1504.63
0.00706793,2,1902.52
0.00706999,2,2294.15
0.00707194,2,2631.31
0.00707396,2,2868.0
0.00707595,2,2987.84
0.00707793,2,2994.3
0.00707996,2,2895.24
0.00708198,2,2694.82
0.00708398,2,2411.27
0.00708594,2,2085.76
0.00708799,2,1780.72
0.00708995,2,1583.59
0.00709194,2,1535.9
0.00709394,2,1573.18
0.00709598,2,1589.5
0.00709796,2,1515.88
0.0071,2,1348.5
0.00710195,2,1119.46
0.00710393,2,861.162
0.00710599,2,592.805
0.00710795,2,390.623
0.00710994,2,446.158
0.00711194,2,826.579
0.00711395,2,1291.15
0.00711599,2,1592.89
0.00711799,2,1679.98
0.00711993,2,1701.99
0.00712193,2,1812.68
0.007124,2,2048.09
0.00712596,2,2326.81
0.00712793,2,2549.46
0.00712997,2,2678.61
0.00713193,2,2703.47
0.00713399,2,2625.8
0.00713596,2,2451.72
0.00713796,2,2228.17
0.00713997,2,2015.03
0.00714193,2,1836.52
0.00714399,2,1681.44
0.00714597,2,1542.26
0.00714793,2,1420.74
0.00715,2,1313.38
0.007152,2,1227.25
0.00715396,2,1170.25
0.00715592,2,1149.77
0.00715797,2,1181.75
0.00715998,2,1269.55
0.00716192,2,1417.06
0.00716394,2,1632.87
0.00716596,2,1902.93
0.00716794,2,2201.55
0.00716998,2,2517.89
0.00717197,2,2858.66
0.00717395,2,3220.77
0.00717597,2,3603.58
0.00717796,2,4013.44
0.00717996,2,4467.68
0.00718195,2,4970.16
0.00718394,2,5494.16
0.00718594,2,5994.11
0.00718798,2,6427.45
0.00718992,2,6766.12
0.00719193,2,7012.45
0.00719393,2,7145.95
0.00719595,2,7118.88
0.00719793,2,6907.86
0.00719995,2,6519.62
0.00720196,2,5995.56
0.00720393,2,5412.22
0.00720598,2,4823.79
0.00720793,2,4297.99
0.00720993,2,3897.67
0.00721192,2,3648.91
0.00721396,2,3532.69
0.00721596,2,3490.5
0.00721794,2,3469.38
0.00721999,2,3450.51
0.00722195,2,3432.77
0.00722395,2,3399.29
0.00722596,2,3332.86
0.00722799,2,3218.92
0.00722994,2,3049.63
0.00723197,2,2820.42
0.00723399,2,2538.86
0.00723593,2,2238.09
0.00723798,2,1935.2
0.00723993,2,1662.86
0.00724194,2,1435.46
0.00724394,2,1241.01
0.007246,2,1069.27
0.00724797,2,898.898
0.00724993,2,726.054
0.00725194,2,560.238
0.00725397,2,410.436
0.00725596,2,289.927
0.00725796,2,210.758
0.00725995,2,174.498
0.00726197,2,170.171
0.00726394,2,180.443
0.00726595,2,192.125
0.00726795,2,199.2
0.00727,2,194.656
0.00727193,2,172.368
0.00727394,2,135.475
0.00727593,2,94.1162
0.00727794,2,54.7573
0.00727995,2,26.6009
0.00728193,2,19.7896
0.00728398,2,31.8296
0.00728599,2,52.5061
0.00728793,2,68.3389
0.00728995,2,70.5169
0.00729193,2,59.3619
0.00729397,2,42.2801
0.00729597,2,28.9449
0.00729793,2,25.222
0.00729998,2,29.9949
0.00730193,2,40.5643
0.00730396,2,56.0109
0.00730595,2,73.2127
0.007308,2,88.0938
0.00730994,2,102.375
0.00731196,2,128.588
0.00731393,2,199.49
0.00731599,2,337.405
0.00731798,2,496.843
0.00731997,2,627.529
0.00732197,2,723.388
0.007324,2,794.152
0.00732596,2,851.898
0.00732798,2,902.476
0.00732998,2,939.763
0.00733197,2,959.411
0.00733399,2,965.249
0.00733594,2,959.871
0.00733792,2,941.971
0.00733993,2,912.97
0.00734194,2,891.588
0.00734399,2,892.894
0.00734595,2,925.293
0.00734798,2,1016.05
0.00734997,2,1194.12
0.00735195,2,1430.93
0.00735393,2,1659.87
0.00735599,2,1814.09
0.00735797,2,1852.21
0.00735997,2,1788.48
0.00736193,2,1669.58
0.00736397,2,1533.22
0.007366,2,1398.7
0.00736793,2,1274.75
0.00736995,2,1155.78
0.00737199,2,1035.04
0.00737393,2,918.647
0.00737598,2,809.784
0.00737795,2,711.994
0.00737992,2,626.631
0.00738195,2,545.398
0.00738397,2,463.667
0.00738596,2,384.195
0.00738796,2,310.488
0.00738994,2,247.39
0.00739193,2,200.403
0.00739394,2,168.683
0.00739595,2,151.297
0.00739794,2,148.571
0.00739998,2,162.591
0.00740198,2,199.544
0.00740398,2,268.807
0.00740596,2,378.98
0.00740798,2,539.007
0.00740999,2,746.47
0.00741197,2,988.91
0.00741393,2,1262.28
0.00741596,2,1565.61
0.00741794,2,1860.06
0.00741993,2,2076.25
0.00742193,2,2179.57
0.007424,2,2173.34
0.00742596,2,2087.52
0.00742792,2,1964.29
0.00742993,2,1835.79
0.00743196,2,1730.23
0.00743393,2,1690.45
0.00743598,2,1789.56
0.00743796,2,2065.06
0.00743993,2,2435.88
0.00744197,2,2794.72
0.00744398,2,3078.89
0.00744598,2,3290.11
0.00744796,2,3452.91
0.00744997,2,3611.5
0.00745199,2,3837.69
0.00745393,2,4170.8
0.007456,2,4576.92
0.00745798,2,4948.8
0.00745998,2,5184.23
0.00746193,2,5251.57
0.00746398,2,5161.65
0.00746598,2,4959.61
0.00746793,2,4719.62
0.00746994,2,4490.27
0.007472,2,4287.93
0.00747398,2,4115.93
0.007476,2,3964.74
0.00747796,2,3819.27
0.00747995,2,3664.19
0.00748195,2,3482.65
0.007484,2,3274.51
0.00748598,2,3066.39
0.00748797,2,2886.39
0.00749,2,2727.61
0.00749198,2,2575.82
0.00749398,2,2426.9
0.00749593,2,2285.31
0.00749796,2,2160.61
0.00749994,2,2065.92
0.00750197,2,2017.77
0.007504,2,2038.18
0.007506,2,2143.63
0.00750798,2,2340.11
0.00750997,2,2658.53
0.00751193,2,3149.02
0.00751396,2,3899.95
0.00751595,2,4880.98
0.00751795,2,5921.47
0.00751992,2,6866.25
0.00752196,2,7683.69
0.00752397,2,8369.3
0.00752596,2,8873.2
0.00752794,2,9178.75
0.00752998,2,9304.54
0.007532,2,9241.78
0.00753393,2,8971.96
0.00753599,2,8492.4
0.00753797,2,7843.25
0.00753996,2,7098.11
0.00754196,2,6281.86
0.00754396,2,5423.56
0.00754593,2,4573.6
0.00754799,2,3770.22
0.00754995,2,3086.65
0.00755195,2,2559.5
0.00755395,2,2143.8
0.00755599,2,1825.39
0.00755792,2,1601.09
0.00755998,2,1458.96
0.00756195,2,1408.57
0.00756395,2,1415.55
0.00756595,2,1449.03
0.00756794,2,1492.32
0.00756995,2,1524.32
0.00757197,2,1541.2
0.00757396,2,1577.69
0.00757599,2,1692.5
0.00757794,2,1910.64
0.00757997,2,2231.77
0.00758192,2,2649.67
0.00758394,2,3167.74
0.00758596,2,3771.92
0.00758795,2,4347.43
0.00758995,2,4761.28
0.00759197,2,4940.73
0.00759394,2,4901.44
0.00759596,2,4748.92
0.00759796,2,4616.67
0.00759995,2,4562.68
0.00760198,2,4543.73
0.00760399,2,4492.66
0.00760594,2,4392.3
0.00760793,2,4261.67
0.00760993,2,4121.25
0.00761196,2,3977.93
0.00761392,2,3823.68
0.00761599,2,3636.07
0.00761798,2,3390.06
0.00761992,2,3091.01
0.00762194,2,2748.58
0.00762393,2,2388.63
0.00762593,2,2032.9
0.00762794,2,1686.23
0.00762998,2,1367.41
0.00763199,2,1100.53
0.00763397,2,891.94
0.00763593,2,732.121
0.00763795,2,606.255
0.00763993,2,509.794
0.00764197,2,432.68
0.00764396,2,370.54
0.00764597,2,318.059
0.007648,2,266.727
0.00764993,2,214.744
0.007652,2,160.044
0.00765399,2,105.852
0.007656,2,59.6791
0.00765796,2,25.8451
0.00766,2,7.6952
0.00766195,2,1.60738
0.00766398,2,0.20052
0.00766594,2,0.00681429
0.00766793,2,0.0
0.00767,2,0.0
0.00767196,2,0.0
0.00767395,2,0.0
0.00767595,2,0.0
0.00767796,2,0.0
0.00767992,2,0.0
0.00768197,2,0.0
0.007684,2,0.0
0.00768594,2,0.0
0.00768797,2,0.0
0.00768995,2,0.0
0.00769193,2,0.0
0.00769399,2,0.0
0.00769592,2,0.0
0.00769796,2,0.0
0.00769998,2,0.0
0.00770198,2,0.0
0.00770393,2,0.0
0.00770596,2,0.0
0.00770798,2,0.0
0.00770995,2,0.0
0.00771194,2,0.0
0.00771394,2,0.0
0.00771598,2,0.0
0.00771798,2,0.0
0.00771998,2,0.0
0.00772199,2,0.0
0.00772395,2,0.0
0.00772598,2,0.0
0.00772796,2,0.0
0.00772993,2,0.0
0.00773198,2,0.0
0.00773395,2,0.0
0.00773593,2,0.0
0.00773799,2,0.0
0.00773996,2,0.0
0.00774192,2,0.0
0.00774395,2,0.0
0.00774598,2,0.0
0.00774793,2,0.0
0.00774995,2,0.0
0.00775197,2,0.0
0.00775396,2,0.0
0.00775594,2,0.0
0.00775794,2,0.0
0.00775997,2,0.0
0.00776192,2,0.0
0.00776392,2,0.0
0.00776596,2,0.0
0.00776799,2,0.0
0.00777,2,0.0
0.00777199,2,0.0
0.00777393,2,0.0
0.00777597,2,0.0
0.00777792,2,0.0
0.00777998,2,0.0
0.00778195,2,0.0
0.007784,2,0.0
0.00778596,2,0.0
0.00778795,2,0.0
0.00778993,2,0.0
0.00779193,2,0.0
0.00779392,2,0.0
0.00779596,2,0.0
0.00779799,2,0.0
0.00779993,2,0.0
0.00780196,2,0.0
0.00780395,2,0.0
0.00780594,2,0.0
0.00780792,2,0.0
0.00780999,2,0.0
0.00781199,2,0.0
0.00781398,2,0.0
0.00781593,2,0.0
0.00781799,2,0.0
0.00781998,2,0.0
0.00782197,2,0.0
0.00782399,2,0.0
0.00782593,2,1.78845e-05
0.00782795,2,0.494369
0.00783,2,6.08254
0.00783194,2,21.4317
0.00783395,2,44.3247
0.00783597,2,69.3686
0.00783795,2,91.1467
0.00783995,2,110.361
0.00784196,2,131.287
0.007844,2,156.139
0.00784596,2,185.722
0.007848,2,225.297
0.00784995,2,296.92
0.00785197,2,451.532
0.00785396,2,712.887
0.007856,2,1081.58
0.00785797,2,1572.98
0.00785995,2,2125.09
0.00786194,2,2638.48
0.00786395,2,3033.29
0.00786599,2,3294.21
0.00786796,2,3447.7
0.00786993,2,3501.03
0.00787196,2,3439.28
0.00787398,2,3245.58
0.00787599,2,2925.08
0.00787799,2,2514.29
0.00787997,2,2075.45
0.00788194,2,1662.0
0.00788393,2,1306.09
0.007886,2,1024.87
0.00788794,2,826.868
0.00788997,2,688.204
0.00789199,2,580.449
0.00789397,2,499.463
0.00789594,2,443.447
0.00789795,2,404.763
0.00789997,2,380.707
0.00790195,2,374.194
0.00790394,2,391.307
0.00790592,2,436.018
0.00790799,2,509.587
0.00790999,2,608.284
0.00791197,2,735.093
0.00791396,2,896.081
0.00791599,2,1089.47
0.00791793,2,1316.24
0.00791995,2,1595.29
0.00792196,2,1926.22
0.00792395,2,2276.83
0.00792599,2,2626.71
0.00792793,2,2945.55
0.00792999,2,3227.1
0.00793197,2,3477.81
0.00793397,2,3704.89
0.00793592,2,3926.98
0.00793794,2,4158.8
0.00793993,2,4395.97
0.00794199,2,4608.7
0.00794398,2,4763.12
0.00794593,2,4913.74
0.00794795,2,5043.14
0.00794993,2,5069.68
0.00795197,2,4974.75
0.00795399,2,4778.27
0.00795596,2,4495.27
0.00795794,2,4129.03
0.00795994,2,3700.16
0.00796194,2,3252.82
0.00796398,2,2830.78
0.00796592,2,2508.54
0.007968,2,2454.39
0.00796998,2,2915.46
0.00797192,2,3791.82
0.00797394,2,4710.64
0.00797599,2,5413.45
0.00797798,2,5783.36
0.00798,2,5875.09
0.00798193,2,5814.32
0.00798399,2,5708.84
0.00798597,2,5607.87
0.00798796,2,5529.54
0.00798999,2,5452.21
0.00799192,2,5349.58
0.00799392,2,5189.78
0.00799595,2,4935.57
0.00799796,2,4580.2
0.00799998,2,4144.75
0.0,3,7.30583e-41
1.98e-06,3,1.66042e-42
3.96e-06,3,0.0567976
5.94e-06,3,22.0089
7.92e-06,3,442.734
9.98996e-06,3,2045.92
1.19695e-05,3,2755.67
1.39473e-05,3,1292.72
1.59208e-05,3,404.897
1.79787e-05,3,569.177
1.99469e-05,3,1795.48
2.19264e-05,3,2755.7
2.39964e-05,3,1725.97
2.59764e-05,3,739.109
2.79564e-05,3,827.306
2.99364e-05,3,1842.3
3.1916e-05,3,2566.55
3.39831e-05,3,1720.08
3.59621e-05,3,899.747
3.7942e-05,3,1059.59
3.99218e-05,3,2056.09
4.19911e-05,3,2607.8
4.39684e-05,3,1804.36
4.59451e-05,3,1193.23
4.79186e-05,3,1534.15
4.99768e-05,3,2482.53
5.19394e-05,3,2610.07
5.39838e-05,3,1841.39
5.59324e-05,3,1596.69
5.79637e-05,3,2264.92
5.99908e-05,3,2969.79
6.19278e-05,3,2606.18
6.39671e-05,3,2049.77
6.5946e-05,3,2300.3
6.79263e-05,3,3018.94
6.99099e-05,3,3021.18
7.19694e-05,3,2386.89
7.39325e-05,3,2266.48
7.59803e-05,3,2791.76
7.7936e-05,3,3042.36
7.99797e-05,3,2613.31
8.19313e-05,3,2359.04
8.39664e-05,3,2727.46
8.59951e-05,3,3131.33
8.79296e-05,3,2920.17
8.99466e-05,3,2622.03
9.19602e-05,3,2846.55
9.39115e-05,3,3263.65
9.59546e-05,3,3180.94
9.79941e-05,3,2847.49
9.99464e-05,3,2928.69
0.000101988,3,3261.76
0.000103942,3,3229.54
0.000105985,3,2916.64
0.000107941,3,2891.05
0.000109988,3,3154.25
0.000111939,3,3202.44
0.000113976,3,2963.61
0.000115921,3,2888.63
0.000117954,3,3086.22
0.000119984,3,3179.38
0.000121924,3,3015.88
0.000123961,3,2935.88
0.000125913,3,3100.84
0.000127956,3,3230.37
0.000129934,3,3121.28
0.000132,3,3020.77
0.00013396,3,3127.96
0.000135917,3,3237.94
0.000137962,3,3148.92
0.000139931,3,3025.26
0.000141993,3,3071.16
0.000143968,3,3162.25
0.000145941,3,3103.51
0.00014799,3,2986.49
0.000149948,3,2992.65
0.000151991,3,3065.53
0.000153952,3,3034.91
0.000155999,3,2927.53
0.000157953,3,2896.26
0.000159993,3,2938.86
0.000161944,3,2924.38
0.000163982,3,2838.15
0.000165944,3,2796.76
0.000167914,3,2831.07
0.000169966,3,2843.38
0.000171922,3,2784.33
0.00017396,3,2733.05
0.000175914,3,2745.06
0.000177955,3,2763.21
0.000179992,3,2726.48
0.00018194,3,2677.94
0.000183984,3,2677.17
0.000185945,3,2698.9
0.00018799,3,2683.75
0.000189947,3,2641.54
0.000191911,3,2625.89
0.00019396,3,2639.29
0.000195912,3,2635.54
0.000197953,3,2601.64
0.0002,3,2577.52
0.00020196,3,2584.54
0.00020392,3,2591.26
0.00020597,3,2572.19
0.000207931,3,2547.74
0.000209981,3,2545.72
0.00021194,3,2554.08
0.000213987,3,2545.25
0.000215943,3,2523.51
0.000217989,3,2514.27
0.000219946,3,2519.83
0.000221993,3,2518.24
0.00022395,3,2501.93
0.000226,3,2488.65
0.000227969,3,2491.25
0.00022995,3,2499.1
0.00023193,3,2495.2
0.000233998,3,2483.04
0.000235973,3,2479.42
0.000237949,3,2485.0
0.000239923,3,2485.34
0.00024198,3,2475.85
0.000243945,3,2468.53
0.000245999,3,2470.5
0.000247964,3,2472.77
0.00024993,3,2466.97
0.000251987,3,2458.62
0.000253954,3,2456.9
0.00025592,3,2459.15
0.000257984,3,2456.51
0.000259964,3,2448.98
0.000261943,3,2444.66
0.000263913,3,2445.4
0.000265966,3,2444.81
0.000267924,3,2439.25
0.00026997,3,2433.55
0.000271943,3,2432.22
0.000273917,3,2432.24
0.000275976,3,2428.66
0.000277941,3,2422.91
0.000279996,3,2419.8
0.000281974,3,2419.27
0.000283957,3,2417.14
0.000285937,3,2412.3
0.000287914,3,2408.1
0.000289975,3,2406.49
0.000291943,3,2405.05
0.000293992,3,2401.28
0.000295955,3,2396.76
0.000297916,3,2394.15
0.000299965,3,2392.69
0.000301915,3,2389.96
0.000303976,3,2385.75
0.000305948,3,2382.3
0.000307926,3,2380.39
0.000309989,3,2378.24
0.000311958,3,2374.72
0.000313927,3,2371.04
0.000315992,3,2368.45
0.000317979,3,2366.45
0.000319954,3,2363.62
0.000321922,3,2360.08
0.000323969,3,2357.04
0.000325935,3,2354.88
0.000327988,3,2352.47
0.000329952,3,2349.26
0.000331918,3,2346.11
0.000333975,3,2343.64
0.000335938,3,2341.41
0.000337995,3,2338.61
0.000339978,3,2335.45
0.000341953,3,2332.91
0.000343925,3,2331.07
0.000345979,3,2329.11
0.00034794,3,2326.69
0.000349989,3,2324.36
0.000351951,3,2322.59
0.000353912,3,2321.07
0.000355954,3,2319.17
0.000357988,3,2317.01
0.000359924,3,2315.21
0.00036194,3,2313.75
0.000363951,3,2312.15
0.000365975,3,2310.22
0.000367948,3,2308.37
0.000369917,3,2306.85
0.000371961,3,2305.37
0.00037398,3,2303.62
0.000376,3,2301.75
0.000377958,3,2300.1
0.00037992,3,2298.64
0.000381972,3,2297.03
0.000383934,3,2295.24
0.000385986,3,2293.48
0.000387948,3,2291.9
0.000389999,3,2290.33
0.000391962,3,2288.61
0.000393921,3,2286.85
0.000395968,3,2285.17
0.000397933,3,2283.58
0.000399989,3,2281.9
0.000401955,3,2280.11
0.000403924,3,2278.39
0.000405982,3,2276.72
0.000407949,3,2275.06
0.000409913,3,2273.34
0.000411966,3,2271.54
0.00041393,3,2269.8
0.000415984,3,2268.12
0.000417955,3,2266.38
0.000419928,3,2264.6
0.000421911,3,2262.84
0.000423974,3,2261.09
0.000425936,3,2259.35
0.000427978,3,2257.56
0.000429925,3,2255.75
0.000431958,3,2253.98
0.000433991,3,2252.2
0.000435955,3,2250.42
0.000437921,3,2248.62
0.000439974,3,2246.8
0.00044194,3,2245.0
0.000443992,3,2243.21
0.000445948,3,2241.38
0.000447993,3,2239.54
0.000449946,3,2237.72
0.000451985,3,2235.92
0.000453933,3,2234.1
0.000455982,3,2232.26
0.000457961,3,2230.4
0.000459933,3,2228.61
0.000461978,3,2226.81
0.000463929,3,2225.01
0.000465969,3,2223.22
0.000467926,3,2221.44
0.000469988,3,2219.65
0.000471945,3,2217.83
0.000473993,3,2216.02
0.000475953,3,2214.22
0.000477912,3,2212.48
0.000479958,3,2210.68
0.000481931,3,2208.88
0.000483996,3,2207.08
0.000485969,3,2205.29
0.00048794,3,2203.54
0.000489919,3,2201.79
0.000491968,3,2200.0
0.000493933,3,2198.24
0.00049599,3,2196.48
0.000497962,3,2194.71
0.000499932,3,2192.97
0.000501991,3,2191.21
0.000503984,3,2189.44
0.000505971,3,2187.71
0.00050795,3,2185.98
0.000509926,3,2184.25
0.000511986,3,2182.5
0.000513953,3,2180.75
0.000515999,3,2179.01
0.000517967,3,2177.26
0.000519938,3,2175.55
0.000521996,3,2173.81
0.000523962,3,2172.07
0.000525926,3,2170.36
0.000527978,3,2168.62
0.000529939,3,2166.88
0.000531992,3,2165.15
0.000533955,3,2163.41
0.000535919,3,2161.71
0.000537973,3,2159.96
0.000539938,3,2158.22
0.000541989,3,2156.49
0.000543952,3,2154.75
0.000545915,3,2153.04
0.000547968,3,2151.3
0.000549929,3,2149.56
0.000551977,3,2147.82
0.000553941,3,2146.08
0.00055599,3,2144.34
0.000557947,3,2142.6
0.000559998,3,2140.86
0.00056195,3,2139.12
0.000563994,3,2137.38
0.00056596,3,2135.64
0.000567926,3,2133.93
0.000569987,3,2132.18
0.000571958,3,2130.42
0.000573929,3,2128.71
0.00057599,3,2126.95
0.000577968,3,2125.19
0.000579948,3,2123.47
0.000581923,3,2121.75
0.000583985,3,2119.99
0.000585964,3,2118.24
0.000587939,3,2116.53
0.00059,3,2114.78
0.000591969,3,2113.04
0.000593939,3,2111.35
0.000595996,3,2109.61
0.000597955,3,2107.88
0.000599914,3,2106.2
0.000601959,3,2104.48
0.000603913,3,2102.76
0.000605961,3,2101.05
0.000607921,3,2099.33
0.000609969,3,2097.61
0.000611928,3,2095.9
0.000613974,3,2094.19
0.000615931,3,2092.48
0.000617977,3,2090.77
0.000619935,3,2089.06
0.000621985,3,2087.36
0.000623956,3,2085.64
0.000625922,3,2083.97
0.000627977,3,2082.26
0.000629941,3,2080.56
0.000631992,3,2078.85
0.000633952,3,2077.15
0.000635998,3,2075.46
0.00063796,3,2073.76
0.000639929,3,2072.1
0.000641988,3,2070.4
0.000643946,3,2068.71
0.000645998,3,2067.02
0.000647964,3,2065.32
0.000649931,3,2063.67
0.000651987,3,2061.98
0.000653956,3,2060.29
0.000655923,3,2058.64
0.000657977,3,2056.95
0.000659937,3,2055.27
0.000661978,3,2053.59
0.000663926,3,2051.92
0.000665971,3,2050.26
0.000667935,3,2048.58
0.000669982,3,2046.91
0.000671945,3,2045.23
0.000673994,3,2043.56
0.000675937,3,2041.9
0.000677965,3,2040.25
0.00067999,3,2038.56
0.000681931,3,2036.91
0.000683971,3,2035.26
0.000685916,3,2033.61
0.000687943,3,2031.96
0.000689965,3,2030.28
0.000691977,3,2028.61
0.000693986,3,2026.95
0.000695992,3,2025.29
0.000697995,3,2023.63
0.000699998,3,2021.98
0.000701915,3,2020.36
0.000703922,3,2018.74
0.000705926,3,2017.09
0.00070795,3,2015.43
0.000709998,3,2013.75
0.000711954,3,2012.11
0.000713918,3,2010.5
0.000715975,3,2008.85
0.000717937,3,2007.2
0.000719965,3,2005.56
0.00072199,3,2003.9
0.000723933,3,2002.27
0.000725975,3,2000.64
0.000727922,3,1999.0
0.000729951,3,1997.37
0.000731974,3,1995.71
0.000733991,3,1994.06
0.000735917,3,1992.45
0.000737927,3,1990.84
0.000739936,3,1989.2
0.000741974,3,1987.55
0.000743943,3,1985.91
0.000745979,3,1984.28
0.000747914,3,1982.66
0.000749971,3,1981.04
0.00075195,3,1979.4
0.000753929,3,1977.79
0.000755998,3,1976.15
0.000757977,3,1974.5
0.000759954,3,1972.9
0.000761928,3,1971.3
0.000763966,3,1969.68
0.00076592,3,1968.06
0.000767981,3,1966.44
0.000769952,3,1964.82
0.000771921,3,1963.23
0.000773976,3,1961.61
0.000775949,3,1959.99
0.000777923,3,1958.4
0.000779985,3,1956.78
0.000781958,3,1955.17
0.000783926,3,1953.59
0.000785978,3,1951.99
0.000787945,3,1950.38
0.00079,3,1948.77
0.000791959,3,1947.17
0.000793924,3,1945.61
0.000795977,3,1944.02
0.000797942,3,1942.42
0.000799997,3,1940.82
0.000801964,3,1939.23
0.000803933,3,1937.68
0.000805996,3,1936.09
0.000807965,3,1934.5
0.000809935,3,1932.95
0.000811913,3,1931.39
0.00081398,3,1929.8
0.000815957,3,1928.22
0.000817933,3,1926.67
0.000819994,3,1925.09
0.00082196,3,1923.51
0.000823922,3,1921.98
0.000825975,3,1920.42
0.000827942,3,1918.85
0.000829998,3,1917.29
0.000831969,3,1915.72
0.000833941,3,1914.19
0.000835998,3,1912.63
0.000837963,3,1911.07
0.000839938,3,1909.54
0.000841914,3,1908.02
0.000843982,3,1906.45
0.000845945,3,1904.9
0.000847994,3,1903.35
0.000849954,3,1901.8
0.000851913,3,1900.29
0.000853946,3,1898.75
0.000855911,3,1897.21
0.000857977,3,1895.66
0.000859946,3,1894.11
0.000861911,3,1892.6
0.000863972,3,1891.05
0.00086594,3,1889.5
0.000867994,3,1887.96
0.000869955,3,1886.42
0.000871911,3,1884.92
0.000873952,3,1883.38
0.00087599,3,1881.82
0.000877937,3,1880.3
0.000879971,3,1878.77
0.000881916,3,1877.25
0.000883947,3,1875.73
0.000885977,3,1874.18
0.000887917,3,1872.67
0.000889953,3,1871.16
0.000891999,3,1869.6
0.000893953,3,1868.08
0.000895995,3,1866.56
0.000897936,3,1865.05
0.000899984,3,1863.53
0.000901939,3,1862.02
0.000903985,3,1860.5
0.000905955,3,1858.98
0.000907925,3,1857.49
0.000909993,3,1855.97
0.000911967,3,1854.45
0.000913922,3,1852.97
0.000915965,3,1851.46
0.000917926,3,1849.96
0.000919986,3,1848.45
0.000921941,3,1846.94
0.000923991,3,1845.45
0.000925949,3,1843.95
0.00092799,3,1842.45
0.000929936,3,1840.97
0.000931964,3,1839.49
0.000933998,3,1837.98
0.00093596,3,1836.5
0.000937925,3,1835.04
0.000939981,3,1833.55
0.000941948,3,1832.07
0.000943992,3,1830.59
0.00094594,3,1829.12
0.000947974,3,1827.65
0.000949918,3,1826.19
0.000951975,3,1824.72
0.000953948,3,1823.25
0.000955917,3,1821.8
0.000957977,3,1820.33
0.000959945,3,1818.86
0.000961994,3,1817.4
0.000963954,3,1815.94
0.000965914,3,1814.51
0.000967962,3,1813.06
0.000969919,3,1811.61
0.000971964,3,1810.16
0.00097392,3,1808.71
0.000975964,3,1807.27
0.00097792,3,1805.82
0.000979976,3,1804.38
0.000981934,3,1802.93
0.000983983,3,1801.49
0.000985943,3,1800.05
0.000987997,3,1798.61
0.000989971,3,1797.17
0.000991936,3,1795.76
0.000993993,3,1794.32
0.000995956,3,1792.88
0.000997916,3,1791.48
0.000999961,3,1790.06
0.00100191,3,1788.63
0.00100395,3,1787.21
0.00100591,3,1785.79
0.00100798,3,1784.36
0.00100996,3,1782.92
0.00101195,3,1781.52
0.00101399,3,1780.09
0.00101595,3,1778.67
0.00101799,3,1777.26
0.00101994,3,1775.85
0.001022,3,1774.44
0.00102397,3,1773.02
0.00102595,3,1771.63
0.00102793,3,1770.23
0.00102992,3,1768.84
0.00103198,3,1767.42
0.00103394,3,1766.01
0.00103599,3,1764.61
0.00103794,3,1763.21
0.00103998,3,1761.82
0.00104192,3,1760.43
0.00104396,3,1759.04
0.00104592,3,1757.66
0.00104798,3,1756.26
0.00104996,3,1754.86
0.00105193,3,1753.49
0.00105399,3,1752.1
0.00105596,3,1750.7
0.00105793,3,1749.35
0.00105999,3,1747.96
0.00106195,3,1746.58
0.00106391,3,1745.24
0.00106596,3,1743.86
0.00106792,3,1742.49
0.00106996,3,1741.13
0.00107199,3,1739.74
0.00107395,3,1738.39
0.00107599,3,1737.03
0.00107795,3,1735.67
0.00107992,3,1734.35
0.00108199,3,1732.98
0.00108396,3,1731.62
0.00108594,3,1730.29
0.00108798,3,1728.94
0.00108993,3,1727.6
0.00109198,3,1726.27
0.00109393,3,1724.93
0.00109597,3,1723.6
0.00109794,3,1722.27
0.00109992,3,1720.96
0.00110196,3,1719.62
0.001104,3,1718.28
0.00110595,3,1716.96
0.00110791,3,1715.67
0.00110996,3,1714.35
0.00111191,3,1713.04
0.00111395,3,1711.74
0.00111598,3,1710.41
0.00111793,3,1709.11
0.00111998,3,1707.81
0.00112193,3,1706.51
0.00112396,3,1705.22
0.00112599,3,1703.9
0.00112794,3,1702.62
0.00113,3,1701.33
0.00113196,3,1700.04
0.00113392,3,1698.78
0.00113598,3,1697.49
0.00113795,3,1696.2
0.00114,3,1694.93
0.00114194,3,1693.66
0.00114398,3,1692.39
0.00114593,3,1691.13
0.00114796,3,1689.87
0.00114992,3,1688.61
0.00115197,3,1687.35
0.00115393,3,1686.09
0.00115597,3,1684.84
0.00115791,3,1683.6
0.00115995,3,1682.36
0.00116198,3,1681.09
0.00116394,3,1679.85
0.00116599,3,1678.61
0.00116794,3,1677.38
0.00116998,3,1676.14
0.00117196,3,1674.91
0.00117392,3,1673.7
0.00117598,3,1672.47
0.00117796,3,1671.24
0.00117993,3,1670.04
0.00118191,3,1668.84
0.00118397,3,1667.62
0.00118598,3,1666.39
0.00118796,3,1665.18
0.00118992,3,1664.0
0.00119197,3,1662.8
0.00119392,3,1661.61
0.00119597,3,1660.42
0.00119792,3,1659.23
0.00119996,3,1658.05
0.00120199,3,1656.85
0.00120392,3,1655.69
0.00120595,3,1654.52
0.001208,3,1653.33
0.00120996,3,1652.16
0.00121199,3,1651.0
0.00121393,3,1649.85
0.00121596,3,1648.71
0.00121797,3,1647.54
0.00122,3,1646.38
0.00122192,3,1645.26
0.00122391,3,1644.14
0.00122594,3,1643.0
0.00122797,3,1641.86
0.00123,3,1640.71
0.00123193,3,1639.6
0.00123399,3,1638.48
0.00123595,3,1637.36
0.00123797,3,1636.26
0.00123992,3,1635.16
0.00124196,3,1634.06
0.00124394,3,1632.96
0.00124592,3,1631.87
0.00124799,3,1630.77
0.00124996,3,1629.67
0.00125194,3,1628.61
0.00125391,3,1627.54
0.00125598,3,1626.46
0.00125796,3,1625.38
0.00125998,3,1624.32
0.00126193,3,1623.27
0.00126398,3,1622.21
0.00126594,3,1621.16
0.00126791,3,1620.13
0.00126997,3,1619.08
0.00127194,3,1618.04
0.00127391,3,1617.02
0.00127597,3,1615.99
0.00127798,3,1614.95
0.00127991,3,1613.95
0.00128196,3,1612.94
0.00128392,3,1611.93
0.00128597,3,1610.92
0.00128794,3,1609.92
0.00128991,3,1608.94
0.00129197,3,1607.94
0.00129393,3,1606.96
0.00129598,3,1605.98
0.00129793,3,1605.0
0.00129997,3,1604.03
0.00130193,3,1603.07
0.00130398,3,1602.11
0.00130593,3,1601.16
0.00130797,3,1600.21
0.00130992,3,1599.27
0.00131196,3,1598.33
0.00131397,3,1597.39
0.00131591,3,1596.47
0.00131797,3,1595.55
0.00131992,3,1594.63
0.00132194,3,1593.72
0.00132398,3,1592.8
0.00132594,3,1591.9
0.00132796,3,1591.01
0.00132998,3,1590.11
0.00133194,3,1589.23
0.00133399,3,1588.34
0.00133595,3,1587.47
0.00133797,3,1586.6
0.00133994,3,1585.74
0.00134199,3,1584.88
0.00134394,3,1584.03
0.001346,3,1583.18
0.00134796,3,1582.34
0.00134993,3,1581.52
0.00135198,3,1580.68
0.00135394,3,1579.86
0.001356,3,1579.04
0.00135795,3,1578.22
0.00135992,3,1577.43
0.00136197,3,1576.63
0.00136394,3,1575.83
0.00136599,3,1575.08
0.00136795,3,1574.55
0.00136991,3,1574.23
0.00137197,3,1573.81
0.00137393,3,1573.14
0.00137591,3,1572.43
0.00137798,3,1571.88
0.00137992,3,1571.48
0.00138196,3,1571.0
0.00138391,3,1570.34
0.00138595,3,1569.65
0.00138797,3,1569.1
0.00138998,3,1568.65
0.00139191,3,1568.13
0.00139394,3,1567.49
0.00139593,3,1566.84
0.00139794,3,1566.3
0.00139997,3,1565.82
0.00140194,3,1565.29
0.00140398,3,1564.66
0.00140599,3,1564.04
0.00140796,3,1563.51
0.00140992,3,1563.04
0.00141197,3,1562.5
0.00141399,3,1561.89
0.00141594,3,1561.31
0.00141798,3,1560.8
0.00141994,3,1560.32
0.00142197,3,1559.81
0.00142393,3,1559.27
0.00142598,3,1558.75
0.00142793,3,1558.3
0.00142996,3,1557.86
0.00143199,3,1557.39
0.00143394,3,1556.91
0.00143597,3,1556.45
0.00143799,3,1556.02
0.00143994,3,1555.62
0.00144197,3,1555.19
0.00144393,3,1554.74
0.00144599,3,1554.32
0.00144798,3,1553.92
0.00144999,3,1553.53
0.00145194,3,1553.13
0.00145397,3,1552.72
0.00145594,3,1552.33
0.00145795,3,1551.96
0.00145993,3,1551.6
0.00146198,3,1551.21
0.00146392,3,1550.83
0.00146596,3,1550.47
0.00146792,3,1550.12
0.00146997,3,1549.78
0.00147192,3,1549.42
0.00147394,3,1549.07
0.00147595,3,1548.73
0.001478,3,1548.41
0.00147995,3,1548.09
0.00148198,3,1547.77
0.00148395,3,1547.45
0.00148598,3,1547.14
0.00148793,3,1546.85
0.00148997,3,1546.56
0.00149194,3,1546.27
0.00149398,3,1545.99
0.00149595,3,1545.72
0.00149799,3,1545.45
0.00149992,3,1545.2
0.00150194,3,1544.95
0.00150397,3,1544.69
0.00150591,3,1544.46
0.001508,3,1544.23
0.00150993,3,1544.0
0.00151191,3,1543.78
0.00151398,3,1543.56
0.00151594,3,1543.35
0.00151794,3,1543.16
0.00151998,3,1542.96
0.00152196,3,1542.77
0.00152394,3,1542.59
0.00152593,3,1542.42
0.00152795,3,1542.25
0.00152992,3,1542.09
0.00153198,3,1541.93
0.00153393,3,1541.78
0.00153595,3,1541.64
0.00153797,3,1541.5
0.00153992,3,1541.37
0.00154193,3,1541.24
0.001544,3,1541.12
0.00154592,3,1541.01
0.00154796,3,1540.91
0.00154992,3,1540.81
0.001552,3,1540.72
0.00155393,3,1540.63
0.00155598,3,1540.55
0.00155795,3,1540.48
0.00156,3,1540.41
0.00156192,3,1540.35
0.00156396,3,1540.3
0.00156593,3,1540.25
0.00156799,3,1540.21
0.00156993,3,1540.18
0.00157195,3,1540.15
0.00157391,3,1540.13
0.00157598,3,1540.12
0.00157795,3,1540.11
0.00157996,3,1540.11
0.001582,3,1540.12
0.00158397,3,1540.13
0.00158594,3,1540.15
0.00158795,3,1540.18
0.00158998,3,1540.22
0.00159194,3,1540.26
0.00159399,3,1540.3
0.00159596,3,1540.36
0.00159796,3,1540.42
0.00159992,3,1540.49
0.00160197,3,1540.57
0.00160393,3,1540.65
0.00160595,3,1540.74
0.00160791,3,1540.84
0.00160997,3,1540.94
0.00161194,3,1541.05
0.00161398,3,1541.17
0.00161592,3,1541.3
0.00161796,3,1541.43
0.00162,3,1541.58
0.00162195,3,1541.72
0.00162397,3,1541.88
0.00162593,3,1542.04
0.00162799,3,1542.21
0.00162995,3,1542.39
0.00163198,3,1542.58
0.00163392,3,1542.77
0.00163597,3,1542.97
0.00163793,3,1543.18
0.00163998,3,1543.39
0.001642,3,1543.62
0.00164395,3,1543.85
0.00164599,3,1544.09
0.00164795,3,1544.33
0.00164997,3,1544.58
0.00165199,3,1544.85
0.00165395,3,1545.11
0.00165599,3,1545.39
0.00165792,3,1545.67
0.00165995,3,1545.96
0.00166198,3,1546.27
0.00166393,3,1546.57
0.00166596,3,1546.89
0.00166799,3,1547.22
0.00166993,3,1547.54
0.00167195,3,1547.88
0.00167399,3,1548.23
0.00167594,3,1548.59
0.00167798,3,1548.95
0.00167993,3,1549.32
0.00168195,3,1549.7
0.00168396,3,1550.09
0.00168597,3,1550.48
0.00168792,3,1550.88
0.00168994,3,1551.29
0.00169198,3,1551.72
0.00169399,3,1552.15
0.00169592,3,1552.58
0.00169795,3,1553.02
0.00169995,3,1553.47
0.00170194,3,1553.93
0.00170395,3,1554.4
0.00170597,3,1554.88
0.00170799,3,1555.37
0.00170998,3,1555.86
0.001712,3,1556.36
0.00171396,3,1556.87
0.00171592,3,1557.37
0.00171793,3,1557.89
0.00171996,3,1558.43
0.00172193,3,1558.97
0.00172398,3,1559.52
0.00172595,3,1560.08
0.00172794,3,1560.64
0.00172996,3,1561.22
0.00173192,3,1561.8
0.00173399,3,1562.39
0.00173593,3,1562.99
0.00173796,3,1563.59
0.00173993,3,1564.21
0.00174191,3,1564.82
0.00174396,3,1565.46
0.00174597,3,1566.11
0.00174793,3,1566.75
0.00174998,3,1567.41
0.00175193,3,1568.07
0.00175398,3,1568.74
0.00175598,3,1569.43
0.00175793,3,1570.11
0.00175998,3,1570.81
0.00176194,3,1571.52
0.00176397,3,1572.23
0.00176592,3,1572.95
0.00176796,3,1573.68
0.00176991,3,1574.41
0.00177195,3,1575.15
0.00177398,3,1575.92
0.001776,3,1576.69
0.00177797,3,1577.46
0.00177992,3,1578.23
0.00178192,3,1579.0
0.00178395,3,1579.81
0.00178592,3,1580.61
0.00178795,3,1581.42
0.00178993,3,1582.24
0.00179197,3,1583.08
0.00179394,3,1583.92
0.00179592,3,1584.75
0.00179798,3,1585.61
0.00179993,3,1586.48
0.00180198,3,1587.35
0.00180395,3,1588.24
0.00180592,3,1589.11
0.00180793,3,1590.0
0.00180995,3,1590.92
0.001812,3,1591.85
0.00181398,3,1592.79
0.00181599,3,1593.73
0.00181792,3,1594.66
0.00181998,3,1595.62
0.00182195,3,1596.6
0.00182393,3,1597.56
0.00182594,3,1598.55
0.00182799,3,1599.56
0.00182994,3,1600.57
0.00183199,3,1601.59
0.00183392,3,1602.61
0.00183595,3,1603.64
0.00183799,3,1604.71
0.00183993,3,1605.75
0.00184195,3,1606.81
0.00184397,3,1607.9
0.00184591,3,1608.97
0.00184797,3,1610.07
0.00184999,3,1611.19
0.00185192,3,1612.29
0.00185397,3,1613.41
0.00185594,3,1614.54
0.00185799,3,1615.69
0.00185999,3,1616.85
0.00186193,3,1617.99
0.00186398,3,1619.16
0.00186594,3,1620.34
0.00186793,3,1621.51
0.00186996,3,1622.71
0.00187192,3,1623.91
0.00187396,3,1625.12
0.001876,3,1626.36
0.00187792,3,1627.58
0.00187995,3,1628.8
0.00188199,3,1630.07
0.00188394,3,1631.32
0.00188594,3,1632.57
0.00188795,3,1633.84
0.00189,3,1635.14
0.00189196,3,1636.43
0.00189395,3,1637.72
0.00189596,3,1639.03
0.00189792,3,1640.37
0.0019,3,1641.76
0.00190198,3,1643.16
0.00190399,3,1644.56
0.00190595,3,1645.95
0.00190793,3,1647.36
0.00191,3,1648.83
0.00191193,3,1650.28
0.00191396,3,1651.73
0.00191593,3,1653.21
0.00191799,3,1654.71
0.00192,3,1656.23
0.00192199,3,1657.75
0.00192395,3,1659.24
0.00192599,3,1660.77
0.00192794,3,1662.3
0.00192994,3,1663.83
0.00193197,3,1665.4
0.00193394,3,1666.96
0.001936,3,1668.53
0.001938,3,1670.13
0.00193993,3,1671.7
0.00194199,3,1673.29
0.00194397,3,1674.9
0.00194593,3,1676.47
0.00194793,3,1678.07
0.00194996,3,1679.71
0.00195194,3,1681.35
0.001954,3,1682.99
0.00195598,3,1684.65
0.00195792,3,1686.27
0.00195999,3,1687.93
0.00196196,3,1689.61
0.00196398,3,1691.27
0.00196591,3,1692.93
0.00196796,3,1694.6
0.00196994,3,1696.3
0.00197191,3,1697.97
0.001974,3,1699.8
0.00197593,3,1702.01
0.00197798,3,1704.43
0.00197994,3,1706.61
0.00198193,3,1708.42
0.00198395,3,1710.29
0.00198591,3,1712.47
0.00198797,3,1714.79
0.00199,3,1716.9
0.001992,3,1718.75
0.00199394,3,1720.66
0.001996,3,1722.85
0.00199798,3,1725.07
0.00199999,3,1727.07
0.00200191,3,1728.91
0.00200396,3,1730.89
0.00200595,3,1733.08
0.00200794,3,1735.21
0.00200998,3,1737.2
0.00201194,3,1739.12
0.00201399,3,1741.16
0.00201594,3,1743.31
0.00201793,3,1745.38
0.00201996,3,1747.37
0.002022,3,1749.36
0.00202395,3,1751.43
0.00202597,3,1753.55
0.00202798,3,1755.64
0.00202993,3,1757.61
0.00203197,3,1759.61
0.00203392,3,1761.69
0.00203592,3,1763.79
0.00203795,3,1765.87
0.00203998,3,1767.91
0.00204195,3,1769.95
0.00204393,3,1772.03
0.00204591,3,1774.13
0.00204798,3,1776.22
0.00204996,3,1778.28
0.00205198,3,1780.35
0.002054,3,1782.5
0.00205596,3,1784.6
0.00205793,3,1786.64
0.00205996,3,1788.69
0.00206196,3,1790.81
0.00206391,3,1792.92
0.00206597,3,1795.04
0.00206794,3,1797.14
0.00206994,3,1799.21
0.00207195,3,1801.34
0.00207392,3,1803.46
0.00207595,3,1805.58
0.00207793,3,1807.68
0.00207993,3,1809.78
0.00208198,3,1811.95
0.00208394,3,1814.09
0.00208595,3,1816.2
0.00208795,3,1818.32
0.00208998,3,1820.47
0.00209192,3,1822.6
0.00209394,3,1824.72
0.00209596,3,1826.88
0.00209799,3,1829.04
0.00209994,3,1831.17
0.00210197,3,1833.32
0.00210399,3,1835.49
0.00210599,3,1837.64
0.00210794,3,1839.76
0.00210999,3,1841.92
0.00211196,3,1844.09
0.00211394,3,1846.21
0.00211593,3,1848.35
0.00211797,3,1850.53
0.00211993,3,1852.7
0.00212192,3,1854.83
0.00212394,3,1856.99
0.00212598,3,1859.19
0.00212796,3,1861.37
0.00212994,3,1863.52
0.00213196,3,1865.69
0.00213399,3,1867.88
0.00213595,3,1870.05
0.00213792,3,1872.19
0.00213994,3,1874.35
0.00214194,3,1876.54
0.00214398,3,1878.74
0.00214595,3,1880.92
0.00214798,3,1883.09
0.00214998,3,1885.29
0.00215192,3,1887.44
0.00215396,3,1889.61
0.00215599,3,1891.83
0.002158,3,1894.04
0.00215993,3,1896.19
0.00216195,3,1898.34
0.00216397,3,1900.55
0.00216599,3,1902.76
0.00216792,3,1904.92
0.00216995,3,1907.09
0.00217198,3,1909.31
0.00217392,3,1911.48
0.00217592,3,1913.64
0.00217795,3,1915.84
0.00217992,3,1918.03
0.00218197,3,1920.22
0.00218397,3,1922.44
0.00218599,3,1924.63
0.00218794,3,1926.8
0.00218999,3,1928.98
0.00219195,3,1931.16
0.00219397,3,1933.33
0.00219598,3,1935.52
0.00219793,3,1937.67
0.00219997,3,1939.84
0.00220196,3,1942.03
0.00220397,3,1944.19
0.002206,3,1946.38
0.00220794,3,1948.52
0.00220998,3,1950.67
0.00221196,3,1952.83
0.00221393,3,1954.96
0.00221591,3,1957.08
0.00221797,3,1959.25
0.00221999,3,1961.43
0.00222194,3,1963.56
0.00222397,3,1965.68
0.00222592,3,1967.8
0.00222797,3,1969.93
0.00222999,3,1972.1
0.00223194,3,1974.2
0.002234,3,1976.33
0.00223592,3,1978.43
0.00223792,3,1980.5
0.00223995,3,1982.62
0.002242,3,1984.77
0.00224392,3,1986.85
0.00224594,3,1988.92
0.00224792,3,1991.02
0.00224999,3,1993.13
0.00225192,3,1995.21
0.00225394,3,1997.27
0.00225597,3,1999.38
0.00225795,3,2001.45
0.00225992,3,2003.49
0.00226198,3,2005.57
0.00226394,3,2007.64
0.00226594,3,2009.67
0.00226796,3,2011.72
0.00226992,3,2013.74
0.00227195,3,2015.77
0.00227396,3,2017.81
0.00227593,3,2019.8
0.00227798,3,2021.82
0.00227992,3,2023.81
0.00228198,3,2025.79
0.00228393,3,2027.77
0.002286,3,2029.74
0.00228797,3,2031.72
0.00228993,3,2033.63
0.00229197,3,2035.57
0.00229395,3,2037.5
0.00229596,3,2039.42
0.002298,3,2041.35
0.00229994,3,2043.24
0.00230193,3,2045.1
0.00230396,3,2046.99
0.002306,3,2048.9
0.002308,3,2050.78
0.00230994,3,2052.61
0.00231198,3,2054.44
0.00231398,3,2056.3
0.00231596,3,2058.12
0.00231799,3,2059.95
0.00231992,3,2061.74
0.00232192,3,2063.52
0.00232399,3,2065.35
0.00232599,3,2067.17
0.00232799,3,2068.96
0.00232992,3,2070.71
0.00233194,3,2072.45
0.00233397,3,2074.24
0.00233599,3,2076.02
0.00233792,3,2077.75
0.00233993,3,2079.47
0.00234194,3,2081.22
0.00234395,3,2082.95
0.00234598,3,2084.68
0.002348,3,2086.39
0.00234999,3,2088.08
0.00235199,3,2089.74
0.00235392,3,2091.36
0.00235594,3,2092.97
0.00235795,3,2094.6
0.00235995,3,2096.2
0.00236196,3,2097.79
0.002364,3,2099.37
0.00236595,3,2100.91
0.00236796,3,2102.44
0.00236996,3,2103.97
0.00237199,3,2105.5
0.00237394,3,2106.98
0.00237596,3,2108.45
0.00237796,3,2109.94
0.00237992,3,2111.4
0.00238197,3,2112.84
0.00238399,3,2114.29
0.00238597,3,2115.73
0.002388,3,2117.17
0.00238994,3,2118.57
0.00239194,3,2119.94
0.00239399,3,2121.36
0.00239599,3,2122.78
0.00239792,3,2124.15
0.00239995,3,2125.51
0.00240198,3,2126.9
0.002404,3,2128.28
0.00240592,3,2129.64
0.00240798,3,2130.99
0.00240992,3,2132.34
0.00241192,3,2133.67
0.00241391,3,2135.03
0.00241596,3,2136.39
0.00241799,3,2137.76
0.00241992,3,2139.09
0.00242194,3,2140.42
0.002424,3,2141.79
0.00242595,3,2143.13
0.00242794,3,2144.45
0.00242993,3,2145.78
0.00243195,3,2147.13
0.00243397,3,2148.48
0.00243599,3,2149.84
0.00243795,3,2151.17
0.00243992,3,2152.49
0.00244196,3,2153.84
0.00244396,3,2155.19
0.00244592,3,2156.48
0.00244797,3,2157.71
0.00244992,3,2158.9
0.002452,3,2160.09
0.00245391,3,2161.27
0.00245594,3,2162.4
0.002458,3,2163.53
0.00245992,3,2164.62
0.00246198,3,2165.73
0.00246399,3,2166.86
0.00246596,3,2167.93
0.00246793,3,2168.98
0.00246997,3,2170.06
0.00247196,3,2171.16
0.00247395,3,2172.23
0.00247594,3,2173.29
0.00247799,3,2174.37
0.00247998,3,2175.46
0.00248197,3,2176.54
0.00248395,3,2177.62
0.00248591,3,2178.68
0.002488,3,2179.78
0.00249,3,2180.91
0.00249197,3,2182.01
0.00249395,3,2183.09
0.00249593,3,2184.19
0.00249792,3,2185.3
0.00249995,3,2186.44
0.00250199,3,2187.59
0.00250394,3,2188.72
0.00250596,3,2189.86
0.00250795,3,2191.02
0.00250998,3,2192.2
0.00251191,3,2193.35
0.00251393,3,2194.51
0.002516,3,2195.72
0.00251796,3,2196.93
0.00251995,3,2198.12
0.00252198,3,2199.33
0.00252398,3,2200.56
0.00252593,3,2201.78
0.00252799,3,2203.02
0.00252995,3,2204.27
0.00253193,3,2205.5
0.00253398,3,2206.77
0.00253597,3,2208.06
0.00253795,3,2209.33
0.00253998,3,2210.63
0.002542,3,2211.94
0.00254392,3,2213.23
0.00254592,3,2214.52
0.00254798,3,2215.87
0.00254994,3,2217.21
0.00255194,3,2218.54
0.00255393,3,2219.89
0.00255598,3,2221.27
0.00255794,3,2222.64
0.00255996,3,2224.01
0.00256192,3,2225.39
0.00256394,3,2226.79
0.00256594,3,2228.2
0.00256798,3,2229.62
0.00256994,3,2231.05
0.00257196,3,2232.48
0.00257396,3,2233.92
0.00257596,3,2235.37
0.00257791,3,2236.81
0.00257996,3,2238.28
0.00258198,3,2239.78
0.00258394,3,2241.25
0.00258598,3,2242.74
0.00258799,3,2244.26
0.00258998,3,2245.77
0.00259196,3,2247.28
0.00259398,3,2248.81
0.00259592,3,2250.32
0.00259793,3,2251.65
0.0026,3,2252.33
0.00260192,3,2252.71
0.00260393,3,2253.66
0.00260593,3,2255.12
0.00260795,3,2256.29
0.00260991,3,2256.96
0.00261198,3,2257.79
0.00261395,3,2259.16
0.00261598,3,2260.59
0.00261797,3,2261.61
0.00261998,3,2262.47
0.00262193,3,2263.68
0.00262391,3,2265.15
0.00262595,3,2266.46
0.00262795,3,2267.5
0.00262998,3,2268.64
0.00263195,3,2270.08
0.00263396,3,2271.54
0.00263594,3,2272.77
0.00263797,3,2273.92
0.00263995,3,2275.29
0.00264199,3,2276.82
0.00264396,3,2278.22
0.00264596,3,2279.46
0.00264794,3,2280.77
0.00264993,3,2282.27
0.00265198,3,2283.8
0.00265394,3,2285.17
0.00265593,3,2286.5
0.00265797,3,2287.97
0.00265993,3,2289.53
0.00266192,3,2291.0
0.00266392,3,2292.4
0.00266598,3,2294.14
0.00266793,3,2302.49
0.00266994,3,2336.77
0.00267193,3,2402.8
0.00267394,3,2480.57
0.00267599,3,2578.46
0.00267796,3,2709.18
0.00267998,3,2807.1
0.00268192,3,2830.98
0.00268396,3,2855.5
0.00268591,3,2934.53
0.00268792,3,3005.49
0.00268996,3,3024.51
0.00269194,3,3037.01
0.002694,3,3083.55
0.00269593,3,3132.56
0.002698,3,3145.27
0.0027,3,3141.59
0.00270196,3,3150.03
0.00270394,3,3162.75
0.00270598,3,3170.66
0.00270798,3,3186.82
0.00270998,3,3213.19
0.00271194,3,3226.24
0.00271392,3,3216.4
0.00271592,3,3203.45
0.00271797,3,3203.17
0.00271994,3,3205.74
0.00272199,3,3203.3
0.00272396,3,3208.56
0.00272596,3,3228.71
0.00272799,3,3251.5
0.00272995,3,3265.7
0.00273196,3,3280.03
0.00273397,3,3302.18
0.002736,3,3324.58
0.00273795,3,3345.39
0.00273998,3,3373.06
0.00274197,3,3400.47
0.00274396,3,3409.06
0.002746,3,3407.44
0.00274794,3,3420.77
0.00274992,3,3446.05
0.002752,3,3461.83
0.00275392,3,3468.0
0.00275596,3,3486.11
0.00275795,3,3517.72
0.00275996,3,3543.43
0.002762,3,3562.6
0.00276394,3,3587.27
0.00276597,3,3612.06
0.00276797,3,3621.22
0.00276997,3,3619.23
0.00277197,3,3622.93
0.00277398,3,3627.93
0.00277599,3,3617.99
0.002778,3,3596.76
0.00277992,3,3581.17
0.00278199,3,3573.11
0.00278395,3,3564.38
0.00278598,3,3556.17
0.00278793,3,3556.75
0.00278997,3,3564.43
0.00279195,3,3568.86
0.00279394,3,3567.84
0.00279595,3,3567.36
0.00279797,3,3568.91
0.00279999,3,3569.03
0.00280197,3,3568.59
0.00280395,3,3571.49
0.00280597,3,3580.05
0.00280792,3,3600.33
0.00280993,3,3629.19
0.00281192,3,3647.21
0.00281397,3,3649.89
0.00281592,3,3653.22
0.00281793,3,3663.68
0.00282,3,3672.06
0.00282199,3,3670.52
0.00282393,3,3668.69
0.00282595,3,3672.05
0.00282795,3,3671.87
0.00282997,3,3664.27
0.002832,3,3659.18
0.00283396,3,3659.15
0.00283599,3,3652.86
0.00283797,3,3637.89
0.00283998,3,3625.4
0.00284194,3,3618.96
0.00284392,3,3612.28
0.00284597,3,3604.52
0.00284795,3,3599.86
0.00284998,3,3596.66
0.00285194,3,3591.51
0.00285396,3,3587.08
0.00285596,3,3586.95
0.00285797,3,3588.04
0.00285993,3,3586.24
0.00286197,3,3583.94
0.00286399,3,3584.72
0.00286592,3,3586.31
0.00286797,3,3585.6
0.00286993,3,3584.47
0.00287199,3,3585.65
0.00287396,3,3587.4
0.00287596,3,3587.31
0.00287793,3,3586.92
0.00287998,3,3588.28
0.00288197,3,3590.04
0.00288395,3,3590.38
0.00288599,3,3590.55
0.00288798,3,3592.13
0.00288999,3,3593.96
0.00289193,3,3594.7
0.00289394,3,3595.32
0.00289593,3,3597.03
0.00289793,3,3598.97
0.00289995,3,3600.07
0.00290193,3,3601.06
0.00290394,3,3602.88
0.00290599,3,3604.89
0.00290795,3,3606.23
0.00290996,3,3607.51
0.00291192,3,3609.39
0.00291396,3,3611.41
0.00291594,3,3612.96
0.00291793,3,3614.46
0.00291994,3,3616.43
0.00292196,3,3618.5
0.00292392,3,3620.19
0.00292597,3,3621.86
0.00292793,3,3623.91
0.00292997,3,3626.0
0.00293196,3,3627.82
0.00293398,3,3629.63
0.00293595,3,3631.73
0.00293797,3,3633.84
0.00293994,3,3635.73
0.00294193,3,3637.63
0.00294394,3,3639.76
0.00294599,3,3641.95
0.00294794,3,3643.93
0.00294995,3,3645.9
0.00295193,3,3648.06
0.00295394,3,3650.24
0.00295595,3,3652.3
0.00295797,3,3654.38
0.00295998,3,3656.59
0.00296198,3,3658.78
0.00296396,3,3660.87
0.00296597,3,3662.98
0.00296794,3,3665.18
0.00296996,3,3667.39
0.00297192,3,3669.51
0.00297398,3,3671.66
0.00297593,3,3673.89
0.00297797,3,3676.11
0.00297994,3,3678.27
0.00298196,3,3680.42
0.00298393,3,3682.65
0.00298599,3,3684.9
0.00298794,3,3687.07
0.00298999,3,3689.25
0.00299194,3,3691.48
0.00299396,3,3693.68
0.00299594,3,3695.85
0.00299794,3,3698.02
0.00299991,3,3700.22
0.00300197,3,3702.45
0.00300397,3,3704.65
0.00300594,3,3706.8
0.00300795,3,3708.98
0.00300992,3,3711.16
0.00301199,3,3713.34
0.00301395,3,3715.5
0.003016,3,3717.67
0.00301795,3,3719.83
0.00301997,3,3721.95
0.00302194,3,3724.07
0.00302392,3,3726.17
0.00302594,3,3728.3
0.00302799,3,3730.44
0.00302995,3,3732.54
0.00303192,3,3734.59
0.00303398,3,3736.68
0.00303593,3,3738.75
0.00303796,3,3740.8
0.00303999,3,3742.87
0.00304195,3,3744.89
0.00304397,3,3746.89
0.00304593,3,3748.89
0.00304799,3,3750.89
0.00304995,3,3752.87
0.00305198,3,3754.82
0.00305394,3,3756.76
0.00305599,3,3758.7
0.00305797,3,3760.63
0.00305992,3,3762.48
0.00306199,3,3764.38
0.00306398,3,3766.28
0.00306593,3,3768.09
0.00306799,3,3769.92
0.00306996,3,3771.75
0.00307193,3,3773.52
0.00307393,3,3775.28
0.00307592,3,3777.03
0.00307793,3,3778.76
0.00307995,3,3780.5
0.00308198,3,3782.22
0.00308394,3,3783.88
0.00308599,3,3785.55
0.00308794,3,3787.19
0.00308999,3,3788.8
0.00309194,3,3790.39
0.00309394,3,3791.95
0.00309596,3,3793.51
0.00309793,3,3795.03
0.0031,3,3796.55
0.00310192,3,3798.03
0.00310397,3,3799.49
0.00310598,3,3800.95
0.003108,3,3802.37
0.00310995,3,3803.75
0.00311199,3,3805.12
0.00311396,3,3806.47
0.00311592,3,3807.77
0.00311795,3,3809.06
0.00311992,3,3810.34
0.00312192,3,3811.58
0.00312393,3,3812.8
0.00312597,3,3814.02
0.00312792,3,3815.19
0.00313,3,3816.35
0.00313196,3,3817.48
0.00313395,3,3818.57
0.00313597,3,3819.65
0.00313799,3,3820.71
0.00313997,3,3821.73
0.00314195,3,3822.71
0.00314395,3,3823.68
0.00314592,3,3824.62
0.00314798,3,3825.55
0.00314994,3,3826.44
0.00315197,3,3827.31
0.00315393,3,3828.15
0.00315598,3,3828.96
0.00315796,3,3829.76
0.00315997,3,3830.52
0.00316194,3,3831.24
0.00316393,3,3831.94
0.00316598,3,3832.63
0.00316794,3,3833.28
0.00316999,3,3833.91
0.00317195,3,3834.52
0.00317399,3,3835.09
0.00317594,3,3835.63
0.00317799,3,3836.15
0.00317999,3,3836.65
0.00318194,3,3837.11
0.00318399,3,3837.54
0.00318595,3,3837.95
0.00318793,3,3838.34
0.00318993,3,3838.69
0.00319198,3,3839.02
0.00319394,3,3839.32
0.003196,3,3839.6
0.00319797,3,3839.85
0.00319992,3,3840.06
0.00320192,3,3840.26
0.00320397,3,3840.43
0.00320592,3,3840.57
0.00320795,3,3840.68
0.00320992,3,3840.76
0.00321191,3,3840.83
0.00321396,3,3840.86
0.00321592,3,3840.86
0.00321798,3,3840.84
0.00322,3,3840.79
0.00322197,3,3840.72
0.00322397,3,3840.62
0.00322594,3,3840.49
0.00322797,3,3840.34
0.00323,3,3840.15
0.00323193,3,3839.95
0.00323395,3,3839.72
0.003236,3,3839.45
0.00323792,3,3839.17
0.00323997,3,3838.86
0.00324194,3,3838.52
0.00324392,3,3838.16
0.00324593,3,3837.77
0.00324796,3,3837.36
0.00324991,3,3836.92
0.00325194,3,3836.45
0.00325397,3,3835.95
0.00325594,3,3835.44
0.00325799,3,3834.89
0.00325996,3,3834.32
0.00326195,3,3833.73
0.00326393,3,3833.12
0.00326591,3,3832.49
0.00326796,3,3831.81
0.00327,3,3831.1
0.00327195,3,3830.39
0.00327393,3,3829.66
0.00327599,3,3828.89
0.00327798,3,3828.09
0.00327997,3,3827.28
0.00328193,3,3826.45
0.00328399,3,3825.59
0.003286,3,3824.69
0.00328793,3,3823.79
0.00328995,3,3822.87
0.00329199,3,3821.9
0.00329395,3,3820.92
0.00329597,3,3819.92
0.003298,3,3818.88
0.00329997,3,3817.84
0.00330192,3,3816.79
0.00330395,3,3815.7
0.00330595,3,3814.58
0.00330791,3,3813.45
0.00330997,3,3812.29
0.00331194,3,3811.1
0.00331398,3,3809.88
0.00331595,3,3808.65
0.00331792,3,3807.43
0.00331997,3,3806.15
0.003322,3,3804.81
0.00332396,3,3803.44
0.00332597,3,3802.05
0.00332792,3,3800.63
0.00332999,3,3799.14
0.00333195,3,3797.59
0.00333394,3,3796.05
0.00333596,3,3794.45
0.00333799,3,3792.79
0.00333996,3,3791.11
0.00334199,3,3789.39
0.003344,3,3787.62
0.003346,3,3785.82
0.00334795,3,3784.0
0.00334997,3,3782.14
0.00335199,3,3780.22
0.00335394,3,3778.29
0.00335597,3,3776.31
0.00335793,3,3774.29
0.00335998,3,3772.23
0.00336193,3,3770.14
0.00336396,3,3768.02
0.00336599,3,3765.82
0.00336798,3,3763.61
0.00336993,3,3761.42
0.00337198,3,3759.15
0.00337393,3,3756.84
0.00337592,3,3754.54
0.00337793,3,3752.17
0.00337996,3,3749.74
0.00338195,3,3747.28
0.00338397,3,3744.8
0.00338593,3,3742.32
0.00338794,3,3739.81
0.00338992,3,3737.24
0.00339193,3,3734.65
0.00339398,3,3731.99
0.00339598,3,3729.3
0.00339796,3,3726.62
0.00339993,3,3723.92
0.00340196,3,3721.18
0.00340397,3,3718.38
0.00340593,3,3715.59
0.00340796,3,3712.75
0.00340992,3,3709.9
0.00341191,3,3707.05
0.00341397,3,3704.09
0.00341592,3,3701.13
0.00341798,3,3698.15
0.00341999,3,3695.11
0.00342196,3,3692.1
0.00342396,3,3689.06
0.00342593,3,3686.0
0.00342796,3,3682.91
0.00342999,3,3679.74
0.003432,3,3676.56
0.00343394,3,3673.41
0.00343592,3,3670.28
0.00343794,3,3667.07
0.00343992,3,3663.82
0.00344192,3,3660.57
0.00344396,3,3657.25
0.003446,3,3653.88
0.00344794,3,3650.57
0.00344992,3,3647.28
0.00345195,3,3643.89
0.00345393,3,3640.5
0.00345596,3,3637.08
0.00345795,3,3633.62
0.00345994,3,3630.19
0.00346191,3,3626.75
0.00346395,3,3623.26
0.00346595,3,3619.72
0.00346798,3,3616.16
0.00346998,3,3612.58
0.00347195,3,3609.06
0.00347399,3,3605.49
0.00347595,3,3601.88
0.00347794,3,3598.31
0.00347993,3,3594.71
0.00348199,3,3591.03
0.00348392,3,3587.38
0.00348594,3,3583.75
0.00348798,3,3580.02
0.00348998,3,3576.29
0.00349198,3,3572.57
0.00349393,3,3568.88
0.00349598,3,3565.14
0.00349794,3,3561.39
0.00349997,3,3557.63
0.00350194,3,3553.84
0.00350396,3,3550.06
0.00350592,3,3546.29
0.00350796,3,3542.48
0.00350993,3,3538.64
0.003512,3,3534.76
0.00351396,3,3530.89
0.00351599,3,3527.05
0.00351792,3,3523.23
0.00351997,3,3519.37
0.00352194,3,3515.46
0.00352395,3,3511.59
0.00352598,3,3507.65
0.00352798,3,3503.71
0.00352995,3,3499.81
0.00353192,3,3495.94
0.00353396,3,3492.0
0.00353594,3,3488.04
0.00353799,3,3484.07
0.00353999,3,3480.05
0.00354195,3,3476.14
0.00354397,3,3472.2
0.00354597,3,3468.19
0.00354798,3,3464.19
0.00354997,3,3460.21
0.00355193,3,3456.28
0.00355395,3,3452.29
0.00355592,3,3448.29
0.003558,3,3444.23
0.00355995,3,3440.2
0.00356197,3,3436.22
0.00356397,3,3432.17
0.00356594,3,3428.16
0.00356798,3,3424.13
0.00356992,3,3420.14
0.00357192,3,3416.17
0.00357393,3,3412.1
0.00357598,3,3408.0
0.00357794,3,3403.96
0.00357996,3,3399.94
0.00358198,3,3395.84
0.00358399,3,3391.76
0.00358599,3,3387.71
0.00358793,3,3383.72
0.00358997,3,3379.68
0.00359199,3,3375.56
0.00359392,3,3371.56
0.00359593,3,3367.58
0.00359794,3,3363.5
0.00359996,3,3359.41
0.00360196,3,3355.32
0.00360394,3,3351.29
0.00360597,3,3347.23
0.00360794,3,3343.18
0.00360994,3,3339.15
0.00361194,3,3335.1
0.00361397,3,3331.02
0.00361593,3,3326.98
0.00361798,3,3322.92
0.00361992,3,3318.87
0.00362197,3,3314.84
0.00362392,3,3310.81
0.00362594,3,3306.79
0.003628,3,3302.83
0.00362996,3,3300.86
0.00363193,3,3305.27
0.00363394,3,3319.33
0.003636,3,3339.93
0.00363795,3,3360.75
0.00363998,3,3383.96
0.00364192,3,3419.13
0.00364398,3,3468.59
0.00364594,3,3512.18
0.00364792,3,3531.61
0.00364995,3,3538.85
0.00365193,3,3550.74
0.00365392,3,3563.59
0.00365596,3,3566.67
0.00365792,3,3564.23
0.00365995,3,3567.55
0.00366197,3,3574.3
0.00366395,3,3573.68
0.003666,3,3567.58
0.00366794,3,3567.47
0.00366996,3,3573.55
0.00367194,3,3576.68
0.00367397,3,3579.31
0.00367592,3,3600.7
0.00367795,3,3665.17
0.00367993,3,3760.28
0.00368193,3,3815.1
0.003684,3,3818.11
0.00368598,3,3838.24
0.00368797,3,3888.01
0.00368998,3,3913.32
0.00369198,3,3911.09
0.00369396,3,3932.11
0.00369595,3,3975.46
0.00369798,3,3995.82
0.00369991,3,3992.4
0.00370196,3,4002.69
0.003704,3,4022.09
0.00370598,3,4017.75
0.00370792,3,4003.93
0.00370997,3,4012.66
0.00371197,3,4031.36
0.003714,3,4032.04
0.00371594,3,4028.5
0.00371796,3,4043.1
0.00371999,3,4063.49
0.00372192,3,4069.56
0.00372399,3,4074.75
0.00372595,3,4096.0
0.00372794,3,4118.82
0.00372993,3,4127.94
0.00373195,3,4135.4
0.00373399,3,4155.55
0.00373593,3,4174.62
0.00373794,3,4178.05
0.00373997,3,4176.41
0.00374196,3,4182.81
0.00374396,3,4189.49
0.00374598,3,4186.11
0.00374798,3,4179.6
0.00374999,3,4180.27
0.00375199,3,4183.17
0.003754,3,4181.0
0.00375591,3,4177.0
0.00375792,3,4171.07
0.00376,3,4163.21
0.00376194,3,4157.29
0.00376399,3,4152.69
0.003766,3,4145.73
0.00376792,3,4137.19
0.00376998,3,4130.34
0.00377192,3,4126.51
0.00377393,3,4123.16
0.00377598,3,4118.03
0.00377798,3,4112.07
0.00377998,3,4105.24
0.00378197,3,4095.32
0.00378396,3,4082.84
0.00378596,3,4071.3
0.00378791,3,4062.5
0.00378993,3,4054.59
0.00379195,3,4046.28
0.00379394,3,4039.31
0.00379596,3,4034.53
0.003798,3,4031.08
0.00379992,3,4028.97
0.00380196,3,4028.42
0.00380393,3,4028.7
0.00380596,3,4029.03
0.00380797,3,4029.81
0.00380998,3,4031.17
0.00381196,3,4032.01
0.00381399,3,4031.77
0.00381595,3,4031.9
0.00381797,3,4033.48
0.00382,3,4035.35
0.00382199,3,4036.82
0.00382396,3,4039.72
0.00382595,3,4045.57
0.00382799,3,4051.68
0.00382996,3,4053.07
0.00383196,3,4050.55
0.00383396,3,4048.59
0.00383599,3,4046.44
0.00383792,3,4040.92
0.00384,3,4033.76
0.00384192,3,4027.72
0.00384395,3,4020.64
0.00384599,3,4011.1
0.00384796,3,4003.11
0.00384997,3,3997.5
0.00385191,3,3990.64
0.003854,3,3981.81
0.00385599,3,3975.0
0.00385793,3,3971.05
0.00385997,3,3965.97
0.00386199,3,3958.74
0.00386395,3,3952.39
0.00386593,3,3947.61
0.00386792,3,3942.5
0.00386998,3,3936.57
0.00387197,3,3931.47
0.00387395,3,3927.55
0.00387593,3,3923.5
0.00387795,3,3918.83
0.00387997,3,3914.37
0.00388197,3,3910.46
0.00388396,3,3906.38
0.00388597,3,3901.91
0.00388797,3,3897.69
0.00388995,3,3893.86
0.00389192,3,3889.86
0.00389396,3,3885.58
0.00389597,3,3881.5
0.00389795,3,3877.73
0.00389995,3,3873.79
0.00390197,3,3869.67
0.00390394,3,3865.81
0.00390598,3,3862.08
0.00390795,3,3858.2
0.00390994,3,3854.3
0.00391197,3,3850.54
0.00391397,3,3846.87
0.00391595,3,3843.1
0.00391796,3,3839.3
0.00391997,3,3835.61
0.00392198,3,3831.97
0.00392395,3,3828.26
0.00392592,3,3824.57
0.00392799,3,3820.91
0.00392998,3,3817.25
0.00393197,3,3813.57
0.00393393,3,3809.92
0.00393597,3,3806.32
0.00393793,3,3802.74
0.00393998,3,3799.07
0.00394193,3,3795.41
0.00394397,3,3791.85
0.00394596,3,3788.26
0.00394795,3,3784.67
0.00395,3,3781.04
0.00395197,3,3777.47
0.00395397,3,3773.98
0.00395596,3,3770.43
0.00395797,3,3766.89
0.00395997,3,3763.4
0.00396196,3,3759.93
0.00396393,3,3756.47
0.00396599,3,3752.96
0.00396797,3,3749.5
0.00396995,3,3746.11
0.00397191,3,3742.72
0.00397395,3,3739.31
0.00397596,3,3735.9
0.00397794,3,3732.54
0.00397992,3,3729.19
0.00398194,3,3725.83
0.00398395,3,3722.49
0.00398599,3,3719.13
0.00398799,3,3715.78
0.00398997,3,3712.5
0.003992,3,3709.24
0.003994,3,3705.96
0.00399599,3,3702.7
0.00399797,3,3699.48
0.00399991,3,3696.34
0.00400192,3,3693.18
0.00400395,3,3689.95
0.00400592,3,3686.77
0.00400792,3,3683.64
0.00400992,3,3680.51
0.00401192,3,3677.37
0.00401393,3,3674.24
0.00401592,3,3671.15
0.00401793,3,3668.06
0.00401992,3,3664.99
0.00402199,3,3661.88
0.00402398,3,3658.8
0.00402593,3,3655.82
0.00402795,3,3652.83
0.00402994,3,3649.81
0.004032,3,3646.78
0.00403398,3,3643.78
0.00403597,3,3640.85
0.00403796,3,3637.91
0.00403996,3,3634.98
0.00404195,3,3632.06
0.00404394,3,3629.16
0.00404599,3,3626.23
0.00404793,3,3623.35
0.00404992,3,3620.52
0.00405194,3,3617.64
0.00405396,3,3614.75
0.00405595,3,3611.9
0.00405793,3,3609.08
0.00405999,3,3606.22
0.00406193,3,3603.41
0.00406393,3,3600.64
0.00406595,3,3597.82
0.00406793,3,3595.03
0.00406993,3,3592.26
0.00407198,3,3589.46
0.00407391,3,3586.7
0.00407594,3,3583.96
0.00407797,3,3581.17
0.00407995,3,3578.42
0.00408194,3,3575.71
0.00408398,3,3572.95
0.00408595,3,3570.22
0.00408798,3,3567.51
0.00408992,3,3564.83
0.00409196,3,3562.14
0.00409398,3,3559.39
0.00409592,3,3556.73
0.00409792,3,3554.1
0.0041,3,3551.37
0.00410197,3,3548.66
0.00410396,3,3546.02
0.00410598,3,3543.36
0.00410796,3,3540.71
0.00410996,3,3538.06
0.004112,3,3535.4
0.00411394,3,3532.78
0.00411596,3,3530.18
0.00411799,3,3527.51
0.00411994,3,3524.89
0.00412199,3,3522.28
0.00412397,3,3519.67
0.00412596,3,3517.48
0.00412795,3,3516.9
0.00412996,3,3517.91
0.00413196,3,3518.03
0.00413393,3,3516.27
0.00413594,3,3514.42
0.00413795,3,3513.23
0.00413994,3,3511.04
0.00414198,3,3507.2
0.00414397,3,3503.66
0.00414596,3,3501.3
0.004148,3,3498.45
0.00414994,3,3494.43
0.00415196,3,3490.72
0.004154,3,3488.1
0.00415593,3,3485.69
0.00415792,3,3482.74
0.00415994,3,3479.82
0.00416195,3,3477.48
0.00416399,3,3475.12
0.00416597,3,3472.3
0.00416797,3,3469.53
0.00417,3,3467.18
0.00417194,3,3464.87
0.00417397,3,3462.19
0.00417598,3,3459.46
0.00417794,3,3457.14
0.00417997,3,3455.05
0.00418193,3,3453.39
0.00418398,3,3452.4
0.004186,3,3452.06
0.00418791,3,3453.16
0.00418992,3,3457.16
0.00419194,3,3463.71
0.00419396,3,3469.31
0.00419599,3,3472.04
0.00419795,3,3474.13
0.00419994,3,3477.65
0.00420194,3,3481.78
0.00420395,3,3485.22
0.00420597,3,3488.21
0.00420792,3,3491.3
0.00420998,3,3494.54
0.00421197,3,3498.26
0.00421394,3,3502.99
0.00421598,3,3508.72
0.00421799,3,3514.62
0.00421994,3,3520.24
0.00422195,3,3525.9
0.00422394,3,3531.66
0.00422598,3,3538.16
0.00422798,3,3546.91
0.00422992,3,3558.52
0.00423193,3,3572.02
0.00423392,3,3583.85
0.00423593,3,3591.02
0.00423797,3,3595.91
0.00423995,3,3602.19
0.00424198,3,3609.04
0.00424397,3,3613.82
0.00424598,3,3617.31
0.004248,3,3621.73
0.00424994,3,3626.1
0.00425196,3,3628.8
0.00425397,3,3630.4
0.00425595,3,3631.58
0.00425794,3,3631.08
0.00425999,3,3627.94
0.00426195,3,3623.97
0.00426393,3,3621.2
0.00426595,3,3619.18
0.00426797,3,3617.09
0.00426994,3,3616.52
0.00427198,3,3620.71
0.00427395,3,3630.45
0.00427594,3,3640.82
0.00427797,3,3648.9
0.00427994,3,3660.72
0.00428196,3,3678.79
0.00428398,3,3693.99
0.00428599,3,3702.96
0.00428793,3,3715.59
0.00428998,3,3736.69
0.00429197,3,3759.09
0.00429393,3,3779.0
0.00429594,3,3799.55
0.00429796,3,3816.92
0.00429993,3,3824.45
0.00430199,3,3825.19
0.00430395,3,3825.43
0.00430593,3,3823.99
0.004308,3,3817.45
0.00430996,3,3808.95
0.00431199,3,3802.43
0.00431397,3,3796.31
0.00431597,3,3789.29
0.00431795,3,3783.92
0.00431997,3,3780.77
0.00432199,3,3776.91
0.004324,3,3772.2
0.00432595,3,3769.38
0.00432792,3,3768.41
0.00432995,3,3766.7
0.00433196,3,3763.89
0.00433393,3,3762.31
0.00433594,3,3762.55
0.00433794,3,3762.73
0.00433996,3,3761.27
0.004342,3,3759.31
0.00434397,3,3758.55
0.00434597,3,3758.31
0.00434795,3,3757.97
0.00434992,3,3759.74
0.00435197,3,3766.11
0.00435394,3,3776.58
0.00435599,3,3789.87
0.00435799,3,3805.22
0.00436,3,3820.38
0.00436198,3,3833.09
0.004364,3,3842.86
0.00436597,3,3850.21
0.00436799,3,3854.81
0.00436992,3,3856.95
0.00437195,3,3859.14
0.00437396,3,3863.45
0.00437593,3,3868.72
0.00437793,3,3873.12
0.00437993,3,3876.76
0.00438199,3,3880.65
0.00438393,3,3884.82
0.00438593,3,3888.8
0.00438798,3,3892.48
0.00439,3,3895.31
0.00439194,3,3896.57
0.00439393,3,3896.67
0.00439593,3,3896.76
0.00439792,3,3897.25
0.00439994,3,3897.63
0.00440197,3,3898.07
0.00440396,3,3899.39
0.00440595,3,3901.37
0.00440792,3,3902.77
0.00440997,3,3903.36
0.00441193,3,3904.22
0.00441392,3,3905.73
0.00441599,3,3907.26
0.00441798,3,3908.54
0.00441994,3,3909.72
0.00442197,3,3910.75
0.00442396,3,3911.79
0.00442594,3,3913.28
0.00442799,3,3915.08
0.00442996,3,3916.25
0.00443199,3,3916.29
0.00443391,3,3915.67
0.00443599,3,3914.77
0.00443798,3,3913.22
0.00443998,3,3910.84
0.00444197,3,3908.27
0.004444,3,3906.17
0.00444598,3,3904.51
0.00444798,3,3903.2
0.00444998,3,3902.34
0.00445198,3,3901.56
0.00445395,3,3900.31
0.00445599,3,3898.66
0.00445799,3,3897.17
0.00445999,3,3896.11
0.00446193,3,3895.3
0.00446397,3,3894.29
0.00446593,3,3892.6
0.00446794,3,3890.44
0.00446992,3,3888.65
0.00447198,3,3887.71
0.004474,3,3886.87
0.00447594,3,3885.21
0.00447792,3,3882.95
0.00447997,3,3880.78
0.00448198,3,3878.83
0.00448392,3,3876.77
0.00448599,3,3874.79
0.00448793,3,3873.41
0.00448999,3,3872.25
0.00449195,3,3870.79
0.004494,3,3869.36
0.00449594,3,3868.38
0.00449798,3,3867.49
0.00449994,3,3866.36
0.00450193,3,3865.29
0.00450391,3,3864.53
0.00450599,3,3863.77
0.00450793,3,3862.83
0.00450999,3,3862.06
0.00451199,3,3861.8
0.00451398,3,3862.06
0.00451594,3,3862.96
0.00451795,3,3864.56
0.00451996,3,3866.61
0.00452193,3,3869.15
0.00452394,3,3872.72
0.00452593,3,3877.23
0.00452794,3,3881.84
0.00452999,3,3885.83
0.00453193,3,3888.59
0.00453396,3,3889.89
0.00453595,3,3889.83
0.00453792,3,3888.89
0.00453998,3,3887.86
0.00454193,3,3887.23
0.00454394,3,3887.02
0.00454597,3,3887.41
0.004548,3,3888.82
0.00454995,3,3891.34
0.00455198,3,3894.8
0.00455398,3,3899.06
0.004556,3,3904.04
0.00455792,3,3909.67
0.00455997,3,3915.96
0.004562,3,3922.02
0.00456398,3,3926.33
0.00456598,3,3928.69
0.00456796,3,3929.76
0.00456999,3,3930.14
0.004572,3,3930.18
0.00457398,3,3930.24
0.00457597,3,3930.92
0.00457795,3,3933.28
0.00457999,3,3937.8
0.00458195,3,3942.59
0.00458398,3,3945.69
0.00458598,3,3948.06
0.00458796,3,3951.67
0.00458999,3,3956.32
0.00459198,3,3960.71
0.00459398,3,3965.76
0.00459599,3,3973.18
0.00459794,3,3982.13
0.00459999,3,3991.66
0.00460198,3,4001.97
0.00460398,3,4012.35
0.00460596,3,4020.49
0.00460799,3,4025.15
0.00460995,3,4028.18
0.00461197,3,4031.48
0.00461395,3,4034.13
0.00461599,3,4034.63
0.00461796,3,4033.68
0.00461996,3,4032.29
0.00462196,3,4029.79
0.004624,3,4025.48
0.00462593,3,4020.08
0.00462794,3,4013.36
0.00462997,3,4005.21
0.00463197,3,3998.25
0.00463392,3,3993.43
0.00463599,3,3988.84
0.00463796,3,3983.99
0.00463997,3,3980.35
0.00464196,3,3977.94
0.00464395,3,3975.44
0.00464597,3,3972.72
0.00464792,3,3970.96
0.00464995,3,3970.14
0.00465197,3,3969.07
0.00465399,3,3967.61
0.00465593,3,3966.54
0.00465796,3,3965.7
0.00466,3,3964.2
0.00466196,3,3962.31
0.00466398,3,3961.03
0.00466594,3,3960.55
0.00466792,3,3960.26
0.00466993,3,3959.6
0.00467194,3,3958.21
0.00467399,3,3955.96
0.004676,3,3953.6
0.00467798,3,3952.32
0.00467996,3,3954.5
0.00468192,3,3963.62
0.00468399,3,3976.68
0.00468596,3,3984.81
0.00468797,3,3989.38
0.00468993,3,3998.6
0.00469195,3,4011.32
0.00469396,3,4022.5
0.00469595,3,4033.59
0.00469796,3,4045.68
0.00469998,3,4056.15
0.00470193,3,4067.74
0.00470395,3,4085.83
0.00470598,3,4103.53
0.00470794,3,4109.76
0.00470995,3,4110.18
0.00471196,3,4115.82
0.004714,3,4123.82
0.00471593,3,4126.44
0.00471793,3,4128.24
0.00471997,3,4137.14
0.00472199,3,4149.88
0.00472395,3,4159.69
0.00472598,3,4169.46
0.00472794,3,4182.7
0.00472993,3,4194.03
0.00473199,3,4199.27
0.00473394,3,4203.27
0.00473597,3,4210.21
0.00473793,3,4215.2
0.00473996,3,4213.89
0.00474194,3,4210.24
0.00474397,3,4207.8
0.00474597,3,4203.88
0.00474796,3,4197.56
0.00474998,3,4192.43
0.00475199,3,4190.02
0.00475395,3,4188.74
0.00475599,3,4189.06
0.00475792,3,4193.01
0.00475995,3,4199.51
0.00476198,3,4204.08
0.00476396,3,4204.71
0.004766,3,4204.7
0.00476795,3,4205.87
0.00476998,3,4206.11
0.00477192,3,4205.14
0.00477395,3,4205.99
0.00477595,3,4208.61
0.004778,3,4208.73
0.00477993,3,4205.66
0.00478194,3,4203.43
0.00478396,3,4203.44
0.00478593,3,4203.17
0.00478795,3,4201.71
0.00478995,3,4200.51
0.00479199,3,4199.04
0.00479399,3,4195.96
0.00479595,3,4192.79
0.00479795,3,4191.52
0.00479998,3,4191.02
0.00480196,3,4188.88
0.00480392,3,4185.49
0.004806,3,4182.79
0.00480793,3,4181.06
0.00480993,3,4179.2
0.00481191,3,4177.14
0.00481395,3,4175.7
0.00481599,3,4174.53
0.00481794,3,4173.01
0.00481997,3,4171.52
0.00482193,3,4170.69
0.00482396,3,4170.06
0.00482592,3,4169.0
0.00482794,3,4167.93
0.00482996,3,4167.43
0.00483194,3,4167.16
0.00483393,3,4166.58
0.00483596,3,4166.0
0.00483797,3,4165.83
0.00483994,3,4165.74
0.00484196,3,4165.42
0.00484397,3,4165.23
0.00484599,3,4165.44
0.00484797,3,4165.73
0.00484997,3,4166.0
0.00485194,3,4166.63
0.00485397,3,4167.65
0.00485592,3,4168.73
0.00485796,3,4170.14
0.00485999,3,4173.32
0.00486194,3,4180.23
0.00486397,3,4191.8
0.00486596,3,4204.96
0.004868,3,4215.37
0.00486992,3,4223.5
0.00487193,3,4232.32
0.00487399,3,4242.88
0.00487592,3,4254.0
0.00487799,3,4265.13
0.00487995,3,4275.38
0.00488199,3,4283.83
0.00488398,3,4290.25
0.00488599,3,4294.32
0.00488793,3,4296.02
0.00489,3,4295.86
0.00489199,3,4295.1
0.00489395,3,4294.79
0.00489598,3,4294.86
0.004898,3,4295.16
0.00489993,3,4296.38
0.00490199,3,4299.76
0.00490396,3,4305.42
0.00490594,3,4311.63
0.00490796,3,4317.39
0.00490992,3,4323.04
0.00491197,3,4329.48
0.00491395,3,4337.06
0.004916,3,4345.19
0.00491795,3,4352.68
0.00491992,3,4359.09
0.00492195,3,4364.98
0.00492396,3,4371.01
0.00492599,3,4378.1
0.00492793,3,4386.39
0.00492995,3,4395.56
0.00493197,3,4406.09
0.00493394,3,4418.15
0.004936,3,4431.15
0.00493799,3,4443.41
0.00493994,3,4454.24
0.00494195,3,4464.61
0.00494392,3,4474.42
0.00494596,3,4483.21
0.00494794,3,4490.37
0.00494994,3,4495.18
0.00495197,3,4497.86
0.00495393,3,4499.53
0.00495599,3,4501.36
0.00495796,3,4503.25
0.00495995,3,4504.3
0.00496193,3,4504.09
0.00496397,3,4502.88
0.00496599,3,4501.0
0.00496793,3,4498.8
0.00496996,3,4496.87
0.00497194,3,4495.87
0.00497395,3,4495.79
0.00497596,3,4496.05
0.00497792,3,4496.48
0.00497999,3,4497.43
0.00498195,3,4498.86
0.00498397,3,4500.3
0.00498593,3,4501.58
0.00498799,3,4502.78
0.00498999,3,4503.99
0.00499199,3,4505.37
0.00499392,3,4507.47
0.00499599,3,4511.01
0.00499796,3,4516.13
0.00499997,3,4522.58
0.00500198,3,4530.58
0.00500396,3,4539.83
0.00500595,3,4549.23
0.00500796,3,4558.37
0.00500999,3,4568.08
0.00501191,3,4578.38
0.00501397,3,4588.29
0.00501595,3,4596.38
0.00501796,3,4602.67
0.00501993,3,4608.43
0.00502194,3,4613.81
0.00502399,3,4620.26
0.00502599,3,4640.13
0.00502794,3,4669.7
0.00502996,3,4688.86
0.00503193,3,4702.71
0.00503394,3,4727.21
0.00503594,3,4753.5
0.00503793,3,4768.7
0.00503998,3,4784.37
0.00504198,3,4809.04
0.00504399,3,4830.0
0.00504595,3,4843.03
0.00504792,3,4860.5
0.00504994,3,4884.12
0.00505194,3,4902.34
0.00505395,3,4917.36
0.00505599,3,4940.63
0.00505793,3,4966.42
0.00505994,3,4984.83
0.00506194,3,5001.99
0.00506395,3,5025.29
0.00506596,3,5048.57
0.00506794,3,5067.02
0.00506997,3,5087.64
0.00507192,3,5112.25
0.00507396,3,5134.76
0.00507595,3,5155.27
0.00507796,3,5178.4
0.00507994,3,5201.12
0.00508196,3,5217.54
0.00508392,3,5230.64
0.00508598,3,5245.42
0.00508794,3,5259.0
0.00508995,3,5269.24
0.00509196,3,5280.48
0.00509393,3,5293.79
0.00509596,3,5305.72
0.00509796,3,5315.52
0.00509998,3,5325.41
0.00510194,3,5334.82
0.00510393,3,5343.03
0.00510599,3,5352.52
0.00510795,3,5362.99
0.00510997,3,5370.4
0.00511199,3,5373.21
0.00511393,3,5373.13
0.00511596,3,5370.52
0.00511797,3,5364.46
0.00512,3,5356.51
0.00512193,3,5348.95
0.00512399,3,5341.55
0.005126,3,5334.62
0.00512796,3,5330.44
0.00512995,3,5329.55
0.00513193,3,5330.29
0.00513397,3,5331.64
0.00513599,3,5334.3
0.00513792,3,5338.25
0.00513995,3,5342.45
0.00514198,3,5346.44
0.005144,3,5350.33
0.00514598,3,5353.3
0.005148,3,5353.33
0.00514997,3,5349.51
0.00515194,3,5343.65
0.00515398,3,5338.18
0.00515592,3,5334.79
0.00515797,3,5333.4
0.00515994,3,5332.43
0.00516199,3,5331.1
0.00516397,3,5329.79
0.00516594,3,5328.53
0.00516798,3,5327.11
0.00516993,3,5325.39
0.00517198,3,5322.59
0.00517398,3,5318.42
0.00517593,3,5314.25
0.005178,3,5310.7
0.00517993,3,5307.3
0.00518193,3,5303.47
0.005184,3,5298.49
0.00518593,3,5291.6
0.00518798,3,5282.95
0.00518998,3,5274.52
0.005192,3,5267.36
0.00519393,3,5259.77
0.00519599,3,5250.44
0.00519794,3,5240.21
0.00519997,3,5230.84
0.00520192,3,5222.72
0.00520397,3,5213.32
0.00520597,3,5200.81
0.00520795,3,5187.81
0.00520995,3,5175.55
0.00521199,3,5162.23
0.00521394,3,5147.88
0.00521593,3,5134.15
0.00521799,3,5120.58
0.00521995,3,5106.74
0.00522192,3,5093.9
0.00522396,3,5082.35
0.00522597,3,5070.53
0.00522797,3,5058.02
0.00522998,3,5045.97
0.00523194,3,5034.4
0.00523391,3,5022.49
0.00523599,3,5010.5
0.00523793,3,4999.57
0.00523999,3,4988.95
0.00524194,3,4978.14
0.00524397,3,4967.01
0.00524595,3,4954.68
0.00524794,3,4941.64
0.00524997,3,4929.18
0.00525194,3,4917.93
0.00525399,3,4906.34
0.00525594,3,4894.13
0.00525796,3,4882.37
0.00525993,3,4871.15
0.00526194,3,4859.89
0.00526394,3,4848.72
0.00526596,3,4838.35
0.00526797,3,4828.11
0.00526994,3,4817.38
0.00527196,3,4806.37
0.005274,3,4795.42
0.00527599,3,4784.5
0.00527797,3,4773.7
0.00527993,3,4763.9
0.00528192,3,4755.51
0.00528397,3,4747.84
0.00528595,3,4740.9
0.00528796,3,4735.81
0.00528998,3,4733.67
0.00529193,3,4734.17
0.00529395,3,4736.58
0.00529599,3,4744.12
0.00529796,3,4757.13
0.00529998,3,4768.08
0.00530198,3,4776.95
0.00530399,3,4792.48
0.00530599,3,4812.4
0.00530798,3,4823.35
0.00530993,3,4824.77
0.00531195,3,4827.85
0.00531397,3,4831.95
0.00531599,3,4828.19
0.00531794,3,4820.38
0.00531996,3,4815.56
0.00532195,3,4809.18
0.00532392,3,4795.57
0.00532599,3,4779.32
0.00532798,3,4767.15
0.00532992,3,4756.44
0.00533196,3,4743.09
0.00533392,3,4730.78
0.00533597,3,4721.3
0.00533794,3,4710.14
0.00533996,3,4696.02
0.00534198,3,4682.56
0.00534395,3,4671.16
0.00534599,3,4659.33
0.00534793,3,4647.46
0.00534995,3,4637.41
0.00535198,3,4627.58
0.00535394,3,4616.15
0.00535594,3,4604.56
0.00535798,3,4594.58
0.00535995,3,4584.97
0.00536199,3,4573.93
0.00536393,3,4562.94
0.00536592,3,4553.53
0.00536798,3,4544.68
0.00536996,3,4535.42
0.00537193,3,4525.62
0.00537398,3,4515.24
0.00537595,3,4504.61
0.00537795,3,4493.83
0.00537998,3,4482.78
0.00538194,3,4472.35
0.00538392,3,4463.9
0.00538596,3,4459.8
0.00538792,3,4461.25
0.00538995,3,4464.47
0.00539197,3,4466.47
0.00539397,3,4469.36
0.00539595,3,4474.54
0.00539793,3,4480.0
0.0054,3,4485.75
0.00540197,3,4496.53
0.00540396,3,4514.95
0.00540598,3,4536.83
0.00540794,3,4556.98
0.00540996,3,4572.27
0.00541199,3,4579.04
0.00541396,3,4578.6
0.00541594,3,4577.17
0.00541792,3,4576.88
0.00541996,3,4575.49
0.00542199,3,4572.31
0.00542393,3,4569.54
0.00542598,3,4567.65
0.005428,3,4564.94
0.00542999,3,4561.01
0.00543197,3,4556.91
0.00543397,3,4553.22
0.00543599,3,4549.78
0.00543796,3,4546.56
0.00543995,3,4543.61
0.00544197,3,4541.01
0.00544396,3,4539.18
0.00544593,3,4538.61
0.00544799,3,4538.5
0.00544993,3,4536.78
0.00545193,3,4532.89
0.00545397,3,4528.55
0.00545594,3,4524.59
0.00545795,3,4519.6
0.00545995,3,4514.15
0.00546198,3,4511.18
0.00546399,3,4511.2
0.00546598,3,4512.45
0.00546795,3,4514.98
0.00546998,3,4519.49
0.00547194,3,4524.41
0.00547396,3,4527.84
0.00547597,3,4529.95
0.00547794,3,4531.74
0.00547993,3,4533.44
0.00548199,3,4534.71
0.00548393,3,4535.38
0.00548599,3,4535.15
0.005488,3,4534.22
0.00548993,3,4533.58
0.00549196,3,4532.95
0.00549396,3,4530.84
0.005496,3,4527.11
0.00549793,3,4522.77
0.00549993,3,4517.24
0.00550196,3,4509.09
0.00550394,3,4499.07
0.00550599,3,4488.76
0.00550799,3,4478.48
0.00550999,3,4468.11
0.00551198,3,4458.45
0.00551393,3,4450.35
0.00551595,3,4442.56
0.00551797,3,4433.69
0.00551993,3,4424.52
0.00552194,3,4415.89
0.00552394,3,4407.12
0.00552596,3,4397.62
0.00552796,3,4388.04
0.00552996,3,4379.09
0.00553199,3,4370.24
0.00553395,3,4361.41
0.00553594,3,4353.09
0.005538,3,4344.86
0.00553993,3,4336.42
0.00554198,3,4327.84
0.00554399,3,4319.43
0.00554592,3,4311.41
0.00554795,3,4303.1
0.00555,3,4294.5
0.00555192,3,4286.4
0.00555399,3,4278.29
0.00555599,3,4269.86
0.00555793,3,4261.74
0.00555994,3,4253.8
0.00556198,3,4245.63
0.00556398,3,4237.38
0.00556597,3,4229.33
0.00556797,3,4221.42
0.00556995,3,4213.48
0.00557196,3,4205.48
0.00557396,3,4197.55
0.00557599,3,4189.66
0.00557794,3,4181.83
0.00557995,3,4174.02
0.00558195,3,4166.21
0.00558396,3,4158.49
0.00558596,3,4150.73
0.00558794,3,4143.03
0.00558993,3,4135.43
0.00559194,3,4127.81
0.00559395,3,4120.15
0.00559592,3,4112.58
0.00559793,3,4105.08
0.00559992,3,4097.57
0.00560194,3,4090.05
0.00560398,3,4082.46
0.005606,3,4074.96
0.00560798,3,4067.58
0.00560993,3,4060.32
0.00561195,3,4053.03
0.00561396,3,4045.68
0.00561593,3,4038.44
0.005618,3,4031.38
0.00561997,3,4027.75
0.00562195,3,4027.87
0.00562396,3,4025.43
0.005626,3,4020.35
0.00562795,3,4018.17
0.00562994,3,4017.99
0.00563192,3,4014.47
0.00563394,3,4007.85
0.00563595,3,4002.55
0.005638,3,3998.47
0.00563999,3,3992.73
0.00564196,3,3986.51
0.00564392,3,3982.27
0.00564596,3,3978.59
0.00564796,3,3973.16
0.00564992,3,3967.38
0.00565195,3,3963.19
0.00565395,3,3959.52
0.005656,3,3954.64
0.00565796,3,3949.97
0.00565993,3,3947.36
0.00566196,3,3945.91
0.00566397,3,3944.04
0.00566596,3,3941.56
0.00566793,3,3939.02
0.00566995,3,3936.1
0.00567193,3,3932.28
0.00567399,3,3927.95
0.00567598,3,3923.64
0.00567792,3,3919.18
0.00567994,3,3914.13
0.00568199,3,3908.9
0.00568397,3,3904.27
0.00568592,3,3900.05
0.00568795,3,3895.69
0.00568996,3,3891.35
0.00569194,3,3887.37
0.00569392,3,3883.47
0.00569597,3,3879.41
0.00569792,3,3875.46
0.00569994,3,3871.6
0.00570195,3,3867.53
0.00570394,3,3863.32
0.00570597,3,3859.21
0.00570799,3,3855.26
0.00570993,3,3851.4
0.00571197,3,3847.45
0.00571394,3,3843.6
0.00571598,3,3840.01
0.00571795,3,3836.91
0.00572,3,3835.0
0.00572194,3,3835.0
0.00572394,3,3837.58
0.005726,3,3843.54
0.00572798,3,3850.81
0.00573,3,3854.97
0.00573194,3,3855.82
0.00573394,3,3856.75
0.00573594,3,3858.06
0.00573797,3,3857.1
0.00573994,3,3854.54
0.00574193,3,3853.13
0.00574396,3,3852.34
0.00574598,3,3850.28
0.00574793,3,3847.98
0.00574995,3,3847.18
0.00575198,3,3847.83
0.00575392,3,3850.12
0.00575597,3,3855.98
0.00575799,3,3865.96
0.00575998,3,3877.96
0.00576198,3,3892.94
0.00576396,3,3914.5
0.00576597,3,3942.37
0.00576798,3,3968.54
0.00576994,3,3985.9
0.00577195,3,3998.27
0.00577395,3,4011.54
0.00577593,3,4023.7
0.00577798,3,4031.81
0.00577994,3,4039.71
0.00578196,3,4051.64
0.00578399,3,4064.97
0.00578597,3,4075.74
0.00578797,3,4085.73
0.00578997,3,4096.11
0.00579194,3,4103.16
0.00579395,3,4105.49
0.00579594,3,4109.03
0.00579793,3,4120.64
0.00579998,3,4136.16
0.00580193,3,4142.2
0.00580394,3,4136.73
0.00580599,3,4130.2
0.00580797,3,4126.74
0.00580996,3,4120.39
0.00581198,3,4111.91
0.00581398,3,4109.7
0.00581592,3,4114.14
0.00581798,3,4117.76
0.00581996,3,4119.25
0.00582195,3,4124.09
0.00582396,3,4132.56
0.00582592,3,4139.99
0.00582795,3,4146.91
0.00582995,3,4156.85
0.005832,3,4166.2
0.00583396,3,4167.37
0.00583594,3,4161.27
0.00583795,3,4154.41
0.00583998,3,4148.48
0.00584198,3,4141.32
0.00584393,3,4134.55
0.00584597,3,4130.61
0.00584799,3,4127.96
0.00584997,3,4124.75
0.00585192,3,4122.57
0.00585399,3,4122.46
0.00585593,3,4122.04
0.00585796,3,4119.7
0.00585994,3,4117.19
0.00586194,3,4115.51
0.00586399,3,4113.24
0.00586594,3,4110.67
0.00586795,3,4109.78
0.00586994,3,4110.84
0.00587192,3,4112.79
0.00587399,3,4115.95
0.00587592,3,4120.4
0.00587797,3,4124.12
0.00588,3,4125.06
0.00588195,3,4123.51
0.00588399,3,4120.77
0.00588592,3,4116.68
0.00588793,3,4111.11
0.00588992,3,4105.5
0.00589198,3,4101.34
0.00589395,3,4097.9
0.00589593,3,4094.01
0.00589793,3,4089.94
0.00589997,3,4086.4
0.00590197,3,4083.3
0.00590394,3,4080.47
0.00590593,3,4078.68
0.00590793,3,4078.57
0.00591,3,4078.49
0.00591193,3,4077.06
0.00591396,3,4076.37
0.005916,3,4078.39
0.00591793,3,4081.57
0.00592,3,4084.49
0.00592199,3,4088.26
0.00592397,3,4093.18
0.00592594,3,4097.33
0.00592794,3,4099.62
0.00592994,3,4101.16
0.00593199,3,4102.11
0.00593397,3,4100.74
0.00593597,3,4097.0
0.00593796,3,4092.94
0.00593996,3,4089.06
0.00594197,3,4084.2
0.00594396,3,4079.11
0.00594593,3,4075.86
0.00594794,3,4073.84
0.00594995,3,4070.56
0.00595198,3,4065.9
0.00595396,3,4061.96
0.00595599,3,4058.97
0.00595799,3,4055.58
0.00595996,3,4052.03
0.00596199,3,4049.3
0.00596393,3,4047.04
0.00596597,3,4044.28
0.00596799,3,4041.45
0.00596997,3,4039.46
0.00597195,3,4037.74
0.00597392,3,4035.6
0.00597592,3,4033.5
0.00597794,3,4031.88
0.00597994,3,4030.32
0.00598199,3,4028.61
0.00598397,3,4027.57
0.00598594,3,4027.87
0.00598795,3,4029.31
0.00598994,3,4031.35
0.00599195,3,4033.53
0.00599394,3,4035.32
0.00599599,3,4036.38
0.00599794,3,4037.17
0.00599994,3,4038.42
0.00600199,3,4040.2
0.00600397,3,4041.86
0.00600592,3,4042.86
0.00600794,3,4042.95
0.00600995,3,4042.16
0.00601192,3,4041.43
0.00601399,3,4041.78
0.00601599,3,4042.93
0.00601794,3,4043.79
0.00601994,3,4044.01
0.00602193,3,4043.81
0.00602393,3,4043.33
0.00602592,3,4042.71
0.00602797,3,4042.46
0.00602992,3,4042.99
0.00603197,3,4044.21
0.00603399,3,4046.29
0.00603592,3,4049.74
0.00603792,3,4054.32
0.00603994,3,4058.68
0.00604197,3,4062.13
0.00604398,3,4064.99
0.00604592,3,4066.86
0.00604797,3,4067.39
0.00604994,3,4067.29
0.00605195,3,4067.32
0.00605396,3,4067.35
0.00605597,3,4067.4
0.00605796,3,4068.01
0.00605996,3,4068.9
0.00606194,3,4068.91
0.00606394,3,4067.6
0.00606594,3,4065.81
0.00606796,3,4064.58
0.00607,3,4063.89
0.00607197,3,4063.37
0.00607397,3,4063.46
0.00607593,3,4064.76
0.00607795,3,4067.12
0.00607992,3,4070.23
0.00608198,3,4074.46
0.00608396,3,4080.26
0.00608595,3,4086.72
0.00608795,3,4092.55
0.00608996,3,4097.56
0.00609193,3,4102.64
0.00609395,3,4107.83
0.00609593,3,4112.5
0.00609793,3,4116.83
0.00609999,3,4121.66
0.00610197,3,4127.32
0.00610396,3,4133.88
0.00610599,3,4141.96
0.00610796,3,4151.44
0.00610997,3,4161.01
0.00611193,3,4170.08
0.00611394,3,4179.58
0.00611594,3,4190.03
0.00611792,3,4200.93
0.00611998,3,4213.0
0.00612193,3,4227.82
0.00612394,3,4248.1
0.00612595,3,4273.79
0.00612794,3,4298.08
0.00612992,3,4316.09
0.00613197,3,4329.79
0.00613397,3,4341.67
0.00613599,3,4351.06
0.00613792,3,4358.07
0.00613993,3,4365.48
0.00614195,3,4374.4
0.00614398,3,4382.19
0.00614594,3,4386.8
0.00614795,3,4388.22
0.00614995,3,4386.06
0.00615195,3,4380.31
0.00615395,3,4377.88
0.00615594,3,4385.29
0.006158,3,4390.42
0.00615997,3,4388.84
0.00616199,3,4392.87
0.00616397,3,4404.13
0.00616594,3,4411.25
0.00616798,3,4413.8
0.00616999,3,4420.67
0.00617198,3,4430.53
0.00617397,3,4436.59
0.00617595,3,4442.39
0.00617793,3,4454.23
0.00617994,3,4468.39
0.00618199,3,4479.12
0.00618392,3,4488.51
0.00618595,3,4498.51
0.00618798,3,4504.05
0.00619,3,4502.95
0.00619199,3,4500.41
0.00619395,3,4497.87
0.00619596,3,4491.86
0.00619793,3,4483.01
0.00619992,3,4475.4
0.00620194,3,4468.84
0.006204,3,4460.79
0.00620596,3,4452.54
0.00620796,3,4446.04
0.00620994,3,4439.6
0.00621199,3,4431.24
0.00621392,3,4422.5
0.00621594,3,4414.86
0.00621794,3,4407.15
0.00621998,3,4398.59
0.00622194,3,4390.26
0.00622395,3,4382.42
0.00622597,3,4373.5
0.00622793,3,4363.32
0.00622997,3,4352.76
0.00623195,3,4342.37
0.00623397,3,4331.84
0.00623596,3,4321.37
0.00623798,3,4311.51
0.00623999,3,4301.58
0.00624192,3,4291.43
0.00624392,3,4281.47
0.00624593,3,4271.85
0.00624794,3,4262.1
0.00624992,3,4251.97
0.00625197,3,4241.84
0.00625397,3,4231.97
0.00625597,3,4222.04
0.00625799,3,4211.8
0.00625998,3,4201.78
0.00626196,3,4192.19
0.00626394,3,4182.66
0.00626593,3,4173.18
0.00626794,3,4163.91
0.00626993,3,4154.73
0.00627194,3,4145.59
0.00627392,3,4137.36
0.00627596,3,4130.89
0.00627794,3,4125.28
0.00627997,3,4118.37
0.00628198,3,4109.95
0.00628393,3,4101.66
0.00628598,3,4093.27
0.00628799,3,4084.31
0.00628992,3,4077.45
0.00629196,3,4074.52
0.00629393,3,4073.12
0.00629594,3,4070.87
0.00629794,3,4069.1
0.0063,3,4069.72
0.00630195,3,4074.01
0.00630398,3,4076.18
0.00630598,3,4071.91
0.00630795,3,4066.26
0.00630998,3,4063.23
0.00631197,3,4059.32
0.00631396,3,4052.02
0.00631596,3,4044.57
0.00631799,3,4038.76
0.00631999,3,4031.61
0.00632196,3,4022.27
0.00632395,3,4013.91
0.00632598,3,4007.66
0.00632798,3,4001.57
0.00633,3,3995.07
0.00633192,3,3989.55
0.006334,3,3984.85
0.00633592,3,3980.29
0.00633796,3,3976.67
0.00633999,3,3975.64
0.00634198,3,3977.33
0.006344,3,3979.42
0.00634592,3,3980.85
0.00634797,3,3982.92
0.00634999,3,3985.42
0.00635196,3,3986.17
0.00635398,3,3985.36
0.00635596,3,3985.28
0.00635798,3,3986.24
0.00636,3,3986.5
0.00636195,3,3986.22
0.00636394,3,3987.4
0.00636597,3,3990.51
0.00636793,3,3994.17
0.00636998,3,3997.86
0.006372,3,4001.91
0.00637394,3,4006.01
0.00637593,3,4008.87
0.00637799,3,4008.51
0.00637993,3,4004.57
0.00638196,3,3999.19
0.00638399,3,3994.32
0.00638594,3,3990.22
0.00638795,3,3986.04
0.00638992,3,3982.07
0.00639198,3,3979.34
0.00639398,3,3977.63
0.00639595,3,3975.85
0.00639795,3,3973.7
0.00639994,3,3971.49
0.00640197,3,3968.7
0.00640394,3,3964.51
0.00640597,3,3959.04
0.00640796,3,3953.23
0.00640995,3,3947.84
0.006412,3,3943.04
0.00641394,3,3939.4
0.00641595,3,3937.25
0.00641796,3,3936.11
0.00641998,3,3935.2
0.00642195,3,3934.21
0.00642396,3,3933.04
0.00642595,3,3931.38
0.00642793,3,3929.19
0.00642995,3,3926.98
0.00643193,3,3925.41
0.00643398,3,3924.68
0.00643592,3,3924.96
0.00643796,3,3927.09
0.00643997,3,3932.16
0.00644199,3,3940.24
0.00644397,3,3950.57
0.00644595,3,3963.07
0.00644797,3,3978.6
0.00644993,3,3997.08
0.00645197,3,4019.59
0.00645392,3,4044.25
0.00645594,3,4063.11
0.00645799,3,4072.29
0.00645994,3,4076.73
0.00646192,3,4081.34
0.00646396,3,4084.1
0.00646599,3,4083.05
0.00646798,3,4080.65
0.00646998,3,4077.86
0.00647192,3,4073.86
0.00647396,3,4071.03
0.00647592,3,4073.53
0.00647798,3,4084.18
0.00647997,3,4101.71
0.00648197,3,4112.53
0.00648393,3,4104.6
0.00648592,3,4088.46
0.00648797,3,4080.45
0.00648999,3,4075.28
0.00649197,3,4062.26
0.00649398,3,4050.42
0.00649592,3,4050.07
0.00649799,3,4052.66
0.00649998,3,4046.96
0.00650196,3,4038.24
0.00650392,3,4032.59
0.00650593,3,4023.97
0.00650793,3,4008.75
0.00650999,3,3995.43
0.00651196,3,3989.51
0.00651392,3,3984.33
0.00651594,3,3975.49
0.00651798,3,3967.68
0.00651997,3,3963.26
0.00652196,3,3957.41
0.00652394,3,3948.66
0.00652592,3,3941.28
0.00652795,3,3935.84
0.00653,3,3928.01
0.00653199,3,3918.07
0.00653397,3,3910.48
0.00653598,3,3904.97
0.00653793,3,3897.69
0.00653994,3,3888.43
0.00654195,3,3880.41
0.00654399,3,3873.93
0.00654592,3,3866.45
0.00654798,3,3857.65
0.00654994,3,3849.82
0.00655199,3,3843.22
0.00655399,3,3835.82
0.00655593,3,3827.85
0.00655794,3,3820.67
0.00655995,3,3814.23
0.00656198,3,3807.39
0.00656399,3,3800.02
0.00656597,3,3793.2
0.00656793,3,3786.97
0.00656998,3,3780.24
0.00657196,3,3773.1
0.00657396,3,3766.46
0.00657596,3,3760.13
0.00657797,3,3753.47
0.00657992,3,3746.64
0.00658197,3,3740.09
0.00658398,3,3733.78
0.00658597,3,3727.61
0.00658796,3,3721.88
0.00658993,3,3716.82
0.00659199,3,3711.61
0.00659393,3,3705.63
0.00659595,3,3698.97
0.00659798,3,3691.75
0.00659992,3,3684.43
0.00660192,3,3677.25
0.00660399,3,3670.4
0.00660594,3,3664.13
0.00660792,3,3657.88
0.00660992,3,3651.25
0.00661198,3,3644.62
0.00661393,3,3638.37
0.00661593,3,3632.1
0.00661796,3,3625.49
0.00661998,3,3618.96
0.00662193,3,3612.76
0.00662395,3,3606.48
0.00662599,3,3599.89
0.00662795,3,3593.51
0.00662997,3,3587.32
0.00663194,3,3581.03
0.00663393,3,3574.66
0.00663598,3,3568.26
0.00663793,3,3562.05
0.00663997,3,3555.78
0.00664197,3,3549.34
0.00664399,3,3543.02
0.006646,3,3536.78
0.00664795,3,3530.59
0.00664998,3,3524.3
0.00665197,3,3518.01
0.00665392,3,3511.92
0.00665595,3,3505.72
0.00665799,3,3499.34
0.00666,3,3493.06
0.00666198,3,3486.92
0.00666395,3,3480.8
0.00666592,3,3474.67
0.00666797,3,3468.45
0.00667,3,3462.2
0.00667199,3,3456.01
0.00667393,3,3449.94
0.00667597,3,3443.82
0.00667794,3,3437.7
0.00667994,3,3431.63
0.006682,3,3425.41
0.00668395,3,3419.28
0.00668597,3,3413.24
0.00668798,3,3407.11
0.00668997,3,3401.03
0.00669197,3,3394.97
0.00669393,3,3388.99
0.006696,3,3382.91
0.00669798,3,3376.78
0.00669993,3,3370.85
0.00670198,3,3364.85
0.00670393,3,3358.85
0.00670598,3,3353.04
0.00670798,3,3349.42
0.00670994,3,3351.35
0.00671195,3,3356.38
0.00671397,3,3357.9
0.00671594,3,3356.04
0.00671793,3,3356.77
0.00671992,3,3360.13
0.00672196,3,3361.17
0.00672394,3,3359.99
0.00672599,3,3360.58
0.00672798,3,3360.95
0.00672999,3,3355.77
0.00673194,3,3346.34
0.00673399,3,3337.72
0.00673599,3,3330.92
0.00673798,3,3325.62
0.00673994,3,3325.14
0.00674196,3,3330.46
0.00674398,3,3335.15
0.00674596,3,3333.97
0.00674793,3,3330.18
0.00674993,3,3327.91
0.00675196,3,3326.1
0.00675392,3,3322.81
0.00675597,3,3319.75
0.00675797,3,3318.8
0.00675996,3,3317.59
0.00676199,3,3313.14
0.00676394,3,3307.01
0.00676595,3,3302.11
0.00676796,3,3298.03
0.00676999,3,3293.07
0.006772,3,3287.72
0.00677398,3,3283.28
0.00677592,3,3278.72
0.00677799,3,3271.91
0.00677995,3,3263.4
0.00678193,3,3255.62
0.00678398,3,3249.17
0.00678596,3,3243.73
0.00678797,3,3239.27
0.00678993,3,3236.26
0.00679198,3,3234.82
0.00679396,3,3234.48
0.00679596,3,3234.88
0.00679793,3,3236.19
0.00679995,3,3238.43
0.00680194,3,3240.78
0.00680393,3,3242.5
0.00680593,3,3243.72
0.00680794,3,3244.79
0.00680997,3,3245.61
0.00681195,3,3245.42
0.00681396,3,3243.2
0.00681595,3,3238.78
0.00681798,3,3233.35
0.00681995,3,3228.18
0.006822,3,3223.41
0.00682397,3,3218.97
0.00682598,3,3215.45
0.00682799,3,3213.18
0.00682995,3,3211.8
0.00683192,3,3210.76
0.00683399,3,3210.01
0.00683598,3,3209.56
0.006838,3,3208.92
0.00683995,3,3207.89
0.00684196,3,3206.78
0.00684397,3,3205.67
0.00684599,3,3204.29
0.00684797,3,3202.59
0.00684996,3,3200.72
0.00685193,3,3198.75
0.00685398,3,3196.28
0.00685597,3,3192.4
0.00685796,3,3187.23
0.00686,3,3182.11
0.00686193,3,3178.06
0.00686394,3,3175.79
0.00686595,3,3178.83
0.00686797,3,3191.83
0.00686999,3,3213.64
0.00687193,3,3236.88
0.00687396,3,3257.66
0.00687593,3,3276.72
0.00687799,3,3293.23
0.00687994,3,3302.52
0.00688196,3,3302.14
0.00688396,3,3295.08
0.00688594,3,3285.02
0.00688793,3,3272.22
0.00688993,3,3256.43
0.00689195,3,3239.86
0.00689398,3,3224.64
0.00689596,3,3210.56
0.00689794,3,3196.95
0.00689999,3,3184.38
0.00690193,3,3173.7
0.00690395,3,3163.51
0.006906,3,3153.03
0.00690793,3,3144.28
0.00690994,3,3138.41
0.00691199,3,3135.05
0.00691398,3,3131.69
0.00691596,3,3126.25
0.00691798,3,3120.05
0.00691992,3,3115.41
0.00692199,3,3112.21
0.00692397,3,3109.56
0.00692594,3,3107.95
0.00692797,3,3107.34
0.00692997,3,3105.87
0.00693196,3,3102.14
0.00693393,3,3097.29
0.00693593,3,3092.63
0.00693794,3,3087.46
0.00693992,3,3080.71
0.00694198,3,3072.69
0.00694397,3,3064.64
0.00694599,3,3057.19
0.00694796,3,3050.32
0.00694994,3,3044.36
0.00695198,3,3039.45
0.00695399,3,3035.45
0.006956,3,3032.34
0.00695799,3,3031.37
0.00695997,3,3034.92
0.00696195,3,3043.14
0.00696398,3,3051.49
0.00696597,3,3054.97
0.00696796,3,3054.32
0.00696998,3,3052.57
0.00697192,3,3049.37
0.00697397,3,3043.06
0.00697593,3,3035.18
0.00697792,3,3028.23
0.00697993,3,3021.55
0.00698196,3,3013.7
0.00698392,3,3005.39
0.00698595,3,2997.87
0.00698797,3,2990.95
0.00698999,3,2983.88
0.00699195,3,2976.87
0.00699393,3,2970.59
0.00699598,3,2964.78
0.00699794,3,2958.99
0.00699995,3,2953.19
0.00700196,3,2947.77
0.00700396,3,2943.02
0.00700599,3,2938.55
0.00700794,3,2934.09
0.00700992,3,2929.63
0.00701194,3,2924.91
0.00701396,3,2919.74
0.00701598,3,2914.17
0.00701794,3,2908.63
0.00701996,3,2903.41
0.00702196,3,2898.53
0.00702397,3,2893.81
0.00702592,3,2889.06
0.00702794,3,2884.21
0.00702995,3,2879.41
0.00703197,3,2874.81
0.00703395,3,2870.69
0.007036,3,2867.54
0.00703794,3,2865.01
0.00703995,3,2861.55
0.00704198,3,2856.53
0.00704393,3,2851.57
0.00704598,3,2847.77
0.00704797,3,2844.38
0.00704999,3,2840.71
0.00705193,3,2837.79
0.007054,3,2836.48
0.007056,3,2835.25
0.00705793,3,2832.15
0.00705998,3,2827.52
0.00706195,3,2823.23
0.00706396,3,2819.66
0.00706596,3,2815.57
0.00706793,3,2810.81
0.00706999,3,2806.16
0.00707194,3,2801.9
0.00707396,3,2797.44
0.00707595,3,2792.59
0.00707793,3,2787.95
0.00707996,3,2783.54
0.00708198,3,2778.84
0.00708398,3,2773.7
0.00708594,3,2768.55
0.00708799,3,2763.69
0.00708995,3,2759.21
0.00709194,3,2754.95
0.00709394,3,2750.63
0.00709598,3,2746.26
0.00709796,3,2741.98
0.0071,3,2737.8
0.00710195,3,2733.92
0.00710393,3,2730.77
0.00710599,3,2728.42
0.00710795,3,2726.46
0.00710994,3,2724.37
0.00711194,3,2722.15
0.00711395,3,2719.97
0.00711599,3,2717.41
0.00711799,3,2714.19
0.00711993,3,2710.75
0.00712193,3,2707.34
0.007124,3,2703.46
0.00712596,3,2698.68
0.00712793,3,2693.34
0.00712997,3,2687.99
0.00713193,3,2683.01
0.00713399,3,2678.11
0.00713596,3,2673.3
0.00713796,3,2669.04
0.00713997,3,2665.33
0.00714193,3,2661.86
0.00714399,3,2658.26
0.00714597,3,2654.66
0.00714793,3,2651.25
0.00715,3,2647.6
0.007152,3,2643.68
0.00715396,3,2639.98
0.00715592,3,2637.11
0.00715797,3,2635.99
0.00715998,3,2637.77
0.00716192,3,2642.08
0.00716394,3,2647.96
0.00716596,3,2655.38
0.00716794,3,2664.06
0.00716998,3,2672.77
0.00717197,3,2679.77
0.00717395,3,2684.48
0.00717597,3,2687.83
0.00717796,3,2690.67
0.00717996,3,2692.6
0.00718195,3,2692.57
0.00718394,3,2690.62
0.00718594,3,2688.23
0.00718798,3,2686.14
0.00718992,3,2682.93
0.00719193,3,2677.2
0.00719393,3,2670.03
0.00719595,3,2663.66
0.00719793,3,2658.08
0.00719995,3,2651.82
0.00720196,3,2645.13
0.00720393,3,2639.94
0.00720598,3,2636.45
0.00720793,3,2633.12
0.00720993,3,2629.38
0.00721192,3,2626.77
0.00721396,3,2626.78
0.00721596,3,2628.49
0.00721794,3,2629.8
0.00721999,3,2630.39
0.00722195,3,2631.44
0.00722395,3,2633.16
0.00722596,3,2634.01
0.00722799,3,2633.0
0.00722994,3,2631.36
0.00723197,3,2630.31
0.00723399,3,2629.04
0.00723593,3,2626.29
0.00723798,3,2622.46
0.00723993,3,2619.91
0.00724194,3,2621.72
0.00724394,3,2626.64
0.007246,3,2628.0
0.00724797,3,2623.36
0.00724993,3,2618.43
0.00725194,3,2617.26
0.00725397,3,2616.89
0.00725596,3,2613.54
0.00725796,3,2610.05
0.00725995,3,2611.95
0.00726197,3,2619.48
0.00726394,3,2627.56
0.00726595,3,2632.73
0.00726795,3,2635.79
0.00727,3,2638.68
0.00727193,3,2641.27
0.00727394,3,2642.27
0.00727593,3,2641.4
0.00727794,3,2639.4
0.00727995,3,2637.17
0.00728193,3,2635.66
0.00728398,3,2635.1
0.00728599,3,2634.81
0.00728793,3,2634.33
0.00728995,3,2633.82
0.00729193,3,2633.38
0.00729397,3,2632.88
0.00729597,3,2632.73
0.00729793,3,2633.69
0.00729998,3,2635.64
0.00730193,3,2637.46
0.00730396,3,2638.66
0.00730595,3,2639.56
0.007308,3,2639.97
0.00730994,3,2638.98
0.00731196,3,2635.97
0.00731393,3,2631.52
0.00731599,3,2627.08
0.00731798,3,2623.87
0.00731997,3,2621.91
0.00732197,3,2620.55
0.007324,3,2619.9
0.00732596,3,2620.68
0.00732798,3,2623.18
0.00732998,3,2626.58
0.00733197,3,2629.81
0.00733399,3,2633.01
0.00733594,3,2637.43
0.00733792,3,2643.99
0.00733993,3,2652.49
0.00734194,3,2661.76
0.00734399,3,2670.37
0.00734595,3,2676.04
0.00734798,3,2676.75
0.00734997,3,2673.02
0.00735195,3,2667.83
0.00735393,3,2663.06
0.00735599,3,2658.2
0.00735797,3,2652.93
0.00735997,3,2648.2
0.00736193,3,2644.47
0.00736397,3,2640.78
0.007366,3,2636.21
0.00736793,3,2631.54
0.00736995,3,2627.63
0.00737199,3,2624.18
0.00737393,3,2620.84
0.00737598,3,2617.99
0.00737795,3,2616.18
0.00737992,3,2614.92
0.00738195,3,2613.07
0.00738397,3,2610.5
0.00738596,3,2608.01
0.00738796,3,2605.82
0.00738994,3,2603.33
0.00739193,3,2600.45
0.00739394,3,2598.11
0.00739595,3,2597.24
0.00739794,3,2597.31
0.00739998,3,2596.6
0.00740198,3,2593.9
0.00740398,3,2589.73
0.00740596,3,2585.5
0.00740798,3,2581.89
0.00740999,3,2578.68
0.00741197,3,2576.1
0.00741393,3,2575.15
0.00741596,3,2576.52
0.00741794,3,2579.58
0.00741993,3,2582.92
0.00742193,3,2586.1
0.007424,3,2589.83
0.00742596,3,2594.61
0.00742792,3,2600.01
0.00742993,3,2605.62
0.00743196,3,2611.15
0.00743393,3,2615.99
0.00743598,3,2619.58
0.00743796,3,2621.53
0.00743993,3,2622.2
0.00744197,3,2622.12
0.00744398,3,2621.12
0.00744598,3,2618.81
0.00744796,3,2615.6
0.00744997,3,2612.6
0.00745199,3,2610.9
0.00745393,3,2611.0
0.007456,3,2612.39
0.00745798,3,2613.49
0.00745998,3,2612.92
0.00746193,3,2611.1
0.00746398,3,2609.27
0.00746598,3,2607.72
0.00746793,3,2605.81
0.00746994,3,2603.4
0.007472,3,2601.34
0.00747398,3,2600.13
0.007476,3,2599.03
0.00747796,3,2597.4
0.00747995,3,2595.59
0.00748195,3,2593.82
0.007484,3,2591.11
0.00748598,3,2586.43
0.00748797,3,2580.38
0.00749,3,2574.29
0.00749198,3,2568.81
0.00749398,3,2563.57
0.00749593,3,2558.53
0.00749796,3,2554.15
0.00749994,3,2550.52
0.00750197,3,2546.92
0.007504,3,2542.89
0.007506,3,2539.14
0.00750798,3,2536.43
0.00750997,3,2534.47
0.00751193,3,2532.36
0.00751396,3,2529.61
0.00751595,3,2526.5
0.00751795,3,2523.32
0.00751992,3,2520.01
0.00752196,3,2516.69
0.00752397,3,2513.8
0.00752596,3,2511.46
0.00752794,3,2508.99
0.00752998,3,2505.89
0.007532,3,2502.53
0.00753393,3,2499.68
0.00753599,3,2497.39
0.00753797,3,2495.42
0.00753996,3,2493.76
0.00754196,3,2492.45
0.00754396,3,2491.08
0.00754593,3,2489.06
0.00754799,3,2486.48
0.00754995,3,2484.29
0.00755195,3,2483.11
0.00755395,3,2482.58
0.00755599,3,2482.29
0.00755792,3,2482.36
0.00755998,3,2483.11
0.00756195,3,2484.65
0.00756395,3,2487.24
0.00756595,3,2491.95
0.00756794,3,2499.05
0.00756995,3,2506.06
0.00757197,3,2510.0
0.00757396,3,2511.3
0.00757599,3,2512.5
0.00757794,3,2514.09
0.00757997,3,2514.67
0.00758192,3,2514.24
0.00758394,3,2514.82
0.00758596,3,2518.13
0.00758795,3,2523.47
0.00758995,3,2528.86
0.00759197,3,2533.7
0.00759394,3,2538.79
0.00759596,3,2544.64
0.00759796,3,2550.56
0.00759995,3,2555.42
0.00760198,3,2558.72
0.00760399,3,2560.81
0.00760594,3,2562.55
0.00760793,3,2564.44
0.00760993,3,2565.86
0.00761196,3,2565.75
0.00761392,3,2564.29
0.00761599,3,2563.31
0.00761798,3,2564.68
0.00761992,3,2568.59
0.00762194,3,2573.19
0.00762393,3,2575.91
0.00762593,3,2576.07
0.00762794,3,2574.93
0.00762998,3,2573.25
0.00763199,3,2570.46
0.00763397,3,2566.02
0.00763593,3,2560.76
0.00763795,3,2555.82
0.00763993,3,2551.64
0.00764197,3,2548.21
0.00764396,3,2546.2
0.00764597,3,2545.86
0.007648,3,2545.45
0.00764993,3,2542.73
0.007652,3,2537.41
0.00765399,3,2531.34
0.007656,3,2525.81
0.00765796,3,2519.91
0.00766,3,2512.91
0.00766195,3,2506.07
0.00766398,3,2500.95
0.00766594,3,2497.29
0.00766793,3,2493.89
0.00767,3,2490.39
0.00767196,3,2487.63
0.00767395,3,2485.69
0.00767595,3,2483.8
0.00767796,3,2481.62
0.00767992,3,2479.43
0.00768197,3,2477.0
0.007684,3,2473.69
0.00768594,3,2469.54
0.00768797,3,2465.28
0.00768995,3,2461.74
0.00769193,3,2459.3
0.00769399,3,2457.54
0.00769592,3,2456.03
0.00769796,3,2454.77
0.00769998,3,2453.91
0.00770198,3,2453.05
0.00770393,3,2451.47
0.00770596,3,2449.15
0.00770798,3,2447.02
0.00770995,3,2445.92
0.00771194,3,2445.07
0.00771394,3,2442.74
0.00771598,3,2438.26
0.00771798,3,2432.71
0.00771998,3,2427.35
0.00772199,3,2422.26
0.00772395,3,2417.1
0.00772598,3,2412.14
0.00772796,3,2408.31
0.00772993,3,2405.57
0.00773198,3,2402.62
0.00773395,3,2398.85
0.00773593,3,2395.13
0.00773799,3,2392.09
0.00773996,3,2389.33
0.00774192,3,2386.1
0.00774395,3,2382.47
0.00774598,3,2379.19
0.00774793,3,2376.44
0.00774995,3,2373.49
0.00775197,3,2370.05
0.00775396,3,2366.72
0.00775594,3,2363.83
0.00775794,3,2361.02
0.00775997,3,2357.83
0.00776192,3,2354.54
0.00776392,3,2351.53
0.00776596,3,2348.67
0.00776799,3,2345.64
0.00777,3,2342.41
0.00777199,3,2339.29
0.00777393,3,2336.44
0.00777597,3,2333.57
0.00777792,3,2330.51
0.00777998,3,2327.37
0.00778195,3,2324.38
0.007784,3,2321.49
0.00778596,3,2318.51
0.00778795,3,2315.47
0.00778993,3,2312.46
0.00779193,3,2309.57
0.00779392,3,2306.67
0.00779596,3,2303.64
0.00779799,3,2300.56
0.00779993,3,2297.63
0.00780196,3,2294.75
0.00780395,3,2291.77
0.00780594,3,2288.78
0.00780792,3,2285.82
0.00780999,3,2282.87
0.00781199,3,2279.9
0.00781398,3,2276.94
0.00781593,3,2274.16
0.00781799,3,2271.95
0.00781998,3,2270.33
0.00782197,3,2268.84
0.00782399,3,2267.58
0.00782593,3,2267.32
0.00782795,3,2267.92
0.00783,3,2268.72
0.00783194,3,2270.92
0.00783395,3,2276.5
0.00783597,3,2283.29
0.00783795,3,2285.9
0.00783995,3,2283.23
0.00784196,3,2279.15
0.007844,3,2276.43
0.00784596,3,2273.43
0.007848,3,2267.88
0.00784995,3,2261.25
0.00785197,3,2256.21
0.00785396,3,2252.37
0.007856,3,2247.52
0.00785797,3,2241.43
0.00785995,3,2236.2
0.00786194,3,2232.78
0.00786395,3,2229.88
0.00786599,3,2226.05
0.00786796,3,2221.91
0.00786993,3,2218.74
0.00787196,3,2216.3
0.00787398,3,2213.43
0.00787599,3,2209.83
0.00787799,3,2206.27
0.00787997,3,2203.26
0.00788194,3,2200.37
0.00788393,3,2197.09
0.007886,3,2193.59
0.00788794,3,2190.46
0.00788997,3,2187.73
0.00789199,3,2185.63
0.00789397,3,2186.35
0.00789594,3,2192.14
0.00789795,3,2201.45
0.00789997,3,2207.43
0.00790195,3,2206.17
0.00790394,3,2202.34
0.00790592,3,2201.54
0.00790799,3,2202.8
0.00790999,3,2201.59
0.00791197,3,2197.62
0.00791396,3,2193.93
0.00791599,3,2191.09
0.00791793,3,2186.61
0.00791995,3,2179.26
0.00792196,3,2171.15
0.00792395,3,2165.1
0.00792599,3,2160.95
0.00792793,3,2157.31
0.00792999,3,2153.51
0.00793197,3,2149.87
0.00793397,3,2147.48
0.00793592,3,2147.8
0.00793794,3,2150.37
0.00793993,3,2152.17
0.00794199,3,2151.12
0.00794398,3,2148.48
0.00794593,3,2146.51
0.00794795,3,2145.21
0.00794993,3,2143.31
0.00795197,3,2140.9
0.00795399,3,2139.93
0.00795596,3,2142.12
0.00795794,3,2147.26
0.00795994,3,2153.7
0.00796194,3,2159.62
0.00796398,3,2165.46
0.00796592,3,2173.05
0.007968,3,2182.48
0.00796998,3,2191.27
0.00797192,3,2198.13
0.00797394,3,2205.42
0.00797599,3,2214.63
0.00797798,3,2223.3
0.00798,3,2229.31
0.00798193,3,2234.93
0.00798399,3,2243.9
0.00798597,3,2254.97
0.00798796,3,2262.59
0.00798999,3,2265.12
0.00799192,3,2266.26
0.00799392,3,2269.28
0.00799595,3,2272.32
0.00799796,3,2271.69
0.00799998,3,2267.74
0.0,4,1.46658e-40
1.98e-06,4,3.33314e-42
3.96e-06,4,0.0568063
5.94e-06,4,22.0316
7.92e-06,4,443.602
9.98996e-06,4,2053.43
1.19695e-05,4,2760.25
1.39473e-05,4,1284.55
1.59208e-05,4,394.402
1.79787e-05,4,553.476
1.99469e-05,4,1775.96
2.19264e-05,4,2773.79
2.39964e-05,4,1768.42
2.59764e-05,4,758.521
2.79564e-05,4,831.525
2.99364e-05,4,1825.6
3.1916e-05,4,2533.73
3.39831e-05,4,1715.11
3.59621e-05,4,916.626
3.7942e-05,4,1072.71
3.99218e-05,4,2039.0
4.19911e-05,4,2580.11
4.39684e-05,4,1821.09
4.59451e-05,4,1232.8
4.79186e-05,4,1556.01
4.99768e-05,4,2446.06
5.19394e-05,4,2566.58
5.39838e-05,4,1851.47
5.59324e-05,4,1630.5
5.79637e-05,4,2280.03
5.99908e-05,4,2951.62
6.19278e-05,4,2603.99
6.39671e-05,4,2078.59
6.5946e-05,4,2327.08
6.79263e-05,4,3003.32
6.99099e-05,4,2984.52
7.19694e-05,4,2384.52
7.39325e-05,4,2288.12
7.59803e-05,4,2796.25
7.7936e-05,4,3023.44
7.99797e-05,4,2615.91
8.19313e-05,4,2389.95
8.39664e-05,4,2745.16
8.59951e-05,4,3106.74
8.79296e-05,4,2894.14
8.99466e-05,4,2626.65
9.19602e-05,4,2861.57
9.39115e-05,4,3259.98
9.59546e-05,4,3172.91
9.79941e-05,4,2863.21
9.99464e-05,4,2956.35
0.000101988,4,3267.64
0.000103942,4,3214.21
0.000105985,4,2921.62
0.000107941,4,2928.57
0.000109988,4,3186.48
0.000111939,4,3194.48
0.000113976,4,2942.42
0.000115921,4,2888.63
0.000117954,4,3098.04
0.000119984,4,3174.2
0.000121924,4,2998.56
0.000123961,4,2930.29
0.000125913,4,3105.28
0.000127956,4,3224.21
0.000129934,4,3106.86
0.000132,4,3019.12
0.00013396,4,3133.8
0.000135917,4,3228.59
0.000137962,4,3132.98
0.000139931,4,3033.8
0.000141993,4,3103.15
0.000143968,4,3182.95
0.000145941,4,3099.95
0.00014799,4,2982.74
0.000149948,4,2999.86
0.000151991,4,3062.65
0.000153952,4,3013.59
0.000155999,4,2912.48
0.000157953,4,2901.39
0.000159993,4,2946.18
0.000161944,4,2918.32
0.000163982,4,2831.15
0.000165944,4,2801.97
0.000167914,4,2838.19
0.000169966,4,2837.2
0.000171922,4,2771.47
0.00017396,4,2729.31
0.000175914,4,2749.42
0.000177955,4,2762.94
0.000179992,4,2720.42
0.00018194,4,2677.59
0.000183984,4,2684.89
0.000185945,4,2703.06
0.00018799,4,2677.25
0.000189947,4,2632.68
0.000191911,4,2623.75
0.00019396,4,2640.67
0.000195912,4,2632.88
0.000197953,4,2596.59
0.0002,4,2576.75
0.00020196,4,2587.2
0.00020392,4,2590.94
0.00020597,4,2568.01
0.000207931,4,2545.34
0.000209981,4,2547.22
0.00021194,4,2554.97
0.000213987,4,2542.54
0.000215943,4,2520.55
0.000217989,4,2514.47
0.000219946,4,2521.08
0.000221993,4,2516.95
0.00022395,4,2499.12
0.000226,4,2487.77
0.000227969,4,2492.35
0.00022995,4,2499.08
0.00023193,4,2493.15
0.000233998,4,2481.46
0.000235973,4,2479.8
0.000237949,4,2485.45
0.000239923,4,2484.09
0.00024198,4,2474.08
0.000243945,4,2468.16
0.000245999,4,2470.95
0.000247964,4,2472.18
0.00024993,4,2465.4
0.000251987,4,2457.7
0.000253954,4,2457.07
0.00025592,4,2459.02
0.000257984,4,2455.35
0.000259964,4,2447.82
0.000261943,4,2444.42
0.000263913,4,2445.42
0.000265966,4,2444.08
0.000267924,4,2438.09
0.00026997,4,2432.95
0.000271943,4,2432.16
0.000273917,4,2431.83
0.000275976,4,2427.68
0.000277941,4,2422.09
0.000279996,4,2419.53
0.000281974,4,2419.01
0.000283957,4,2416.4
0.000285937,4,2411.43
0.000287914,4,2407.62
0.000289975,4,2406.25
0.000291943,4,2404.53
0.000293992,4,2400.47
0.000295955,4,2396.13
0.000297916,4,2393.83
0.000299965,4,2392.3
0.000301915,4,2389.27
0.000303976,4,2385.05
0.000305948,4,2381.85
0.000307926,4,2380.04
0.000309989,4,2377.69
0.000311958,4,2374.03
0.000313927,4,2370.5
0.000315992,4,2368.08
0.000317979,4,2365.99
0.000319954,4,2363.0
0.000321922,4,2359.48
0.000323969,4,2356.61
0.000325935,4,2354.47
0.000327988,4,2351.93
0.000329952,4,2348.66
0.000331918,4,2345.61
0.000333975,4,2343.23
0.000335938,4,2340.94
0.000337995,4,2338.05
0.000339978,4,2334.92
0.000341953,4,2332.47
0.000343925,4,2330.63
0.000345979,4,2328.6
0.00034794,4,2326.16
0.000349989,4,2323.89
0.000351951,4,2322.16
0.000353912,4,2320.6
0.000355954,4,2318.65
0.000357988,4,2316.51
0.000359924,4,2314.76
0.00036194,4,2313.31
0.000363951,4,2311.65
0.000365975,4,2309.72
0.000367948,4,2307.91
0.000369917,4,2306.41
0.000371961,4,2304.9
0.00037398,4,2303.12
0.000376,4,2301.27
0.000377958,4,2299.65
0.00037992,4,2298.19
0.000381972,4,2296.55
0.000383934,4,2294.75
0.000385986,4,2293.02
0.000387948,4,2291.45
0.000389999,4,2289.87
0.000391962,4,2288.13
0.000393921,4,2286.38
0.000395968,4,2284.72
0.000397933,4,2283.12
0.000399989,4,2281.43
0.000401955,4,2279.64
0.000403924,4,2277.93
0.000405982,4,2276.27
0.000407949,4,2274.6
0.000409913,4,2272.87
0.000411966,4,2271.08
0.00041393,4,2269.35
0.000415984,4,2267.66
0.000417955,4,2265.91
0.000419928,4,2264.14
0.000421911,4,2262.38
0.000423974,4,2260.64
0.000425936,4,2258.9
0.000427978,4,2257.1
0.000429925,4,2255.29
0.000431958,4,2253.53
0.000433991,4,2251.75
0.000435955,4,2249.96
0.000437921,4,2248.17
0.000439974,4,2246.35
0.00044194,4,2244.56
0.000443992,4,2242.76
0.000445948,4,2240.93
0.000447993,4,2239.09
0.000449946,4,2237.28
0.000451985,4,2235.48
0.000453933,4,2233.66
0.000455982,4,2231.81
0.000457961,4,2229.96
0.000459933,4,2228.17
0.000461978,4,2226.37
0.000463929,4,2224.57
0.000465969,4,2222.78
0.000467926,4,2221.0
0.000469988,4,2219.2
0.000471945,4,2217.38
0.000473993,4,2215.57
0.000475953,4,2213.78
0.000477912,4,2212.03
0.000479958,4,2210.23
0.000481931,4,2208.43
0.000483996,4,2206.63
0.000485969,4,2204.84
0.00048794,4,2203.09
0.000489919,4,2201.34
0.000491968,4,2199.55
0.000493933,4,2197.78
0.00049599,4,2196.02
0.000497962,4,2194.25
0.000499932,4,2192.52
0.000501991,4,2190.75
0.000503984,4,2188.99
0.000505971,4,2187.25
0.00050795,4,2185.52
0.000509926,4,2183.8
0.000511986,4,2182.04
0.000513953,4,2180.3
0.000515999,4,2178.55
0.000517967,4,2176.81
0.000519938,4,2175.1
0.000521996,4,2173.36
0.000523962,4,2171.61
0.000525926,4,2169.91
0.000527978,4,2168.17
0.000529939,4,2166.43
0.000531992,4,2164.7
0.000533955,4,2162.96
0.000535919,4,2161.25
0.000537973,4,2159.51
0.000539938,4,2157.77
0.000541989,4,2156.04
0.000543952,4,2154.3
0.000545915,4,2152.59
0.000547968,4,2150.85
0.000549929,4,2149.11
0.000551977,4,2147.38
0.000553941,4,2145.63
0.00055599,4,2143.89
0.000557947,4,2142.15
0.000559998,4,2140.42
0.00056195,4,2138.68
0.000563994,4,2136.94
0.00056596,4,2135.2
0.000567926,4,2133.49
0.000569987,4,2131.74
0.000571958,4,2129.98
0.000573929,4,2128.27
0.00057599,4,2126.51
0.000577968,4,2124.76
0.000579948,4,2123.03
0.000581923,4,2121.31
0.000583985,4,2119.56
0.000585964,4,2117.81
0.000587939,4,2116.09
0.00059,4,2114.35
0.000591969,4,2112.61
0.000593939,4,2110.91
0.000595996,4,2109.18
0.000597955,4,2107.45
0.000599914,4,2105.77
0.000601959,4,2104.05
0.000603913,4,2102.33
0.000605961,4,2100.62
0.000607921,4,2098.9
0.000609969,4,2097.18
0.000611928,4,2095.47
0.000613974,4,2093.76
0.000615931,4,2092.05
0.000617977,4,2090.34
0.000619935,4,2088.63
0.000621985,4,2086.92
0.000623956,4,2085.21
0.000625922,4,2083.54
0.000627977,4,2081.83
0.000629941,4,2080.12
0.000631992,4,2078.42
0.000633952,4,2076.72
0.000635998,4,2075.02
0.00063796,4,2073.33
0.000639929,4,2071.67
0.000641988,4,2069.97
0.000643946,4,2068.27
0.000645998,4,2066.58
0.000647964,4,2064.89
0.000649931,4,2063.24
0.000651987,4,2061.55
0.000653956,4,2059.86
0.000655923,4,2058.2
0.000657977,4,2056.52
0.000659937,4,2054.84
0.000661978,4,2053.16
0.000663926,4,2051.49
0.000665971,4,2049.82
0.000667935,4,2048.15
0.000669982,4,2046.48
0.000671945,4,2044.8
0.000673994,4,2043.13
0.000675937,4,2041.47
0.000677965,4,2039.82
0.00067999,4,2038.13
0.000681931,4,2036.49
0.000683971,4,2034.83
0.000685916,4,2033.18
0.000687943,4,2031.53
0.000689965,4,2029.86
0.000691977,4,2028.19
0.000693986,4,2026.52
0.000695992,4,2024.86
0.000697995,4,2023.21
0.000699998,4,2021.55
0.000701915,4,2019.94
0.000703922,4,2018.32
0.000705926,4,2016.67
0.00070795,4,2015.01
0.000709998,4,2013.34
0.000711954,4,2011.69
0.000713918,4,2010.08
0.000715975,4,2008.43
0.000717937,4,2006.78
0.000719965,4,2005.14
0.00072199,4,2003.48
0.000723933,4,2001.85
0.000725975,4,2000.22
0.000727922,4,1998.59
0.000729951,4,1996.96
0.000731974,4,1995.3
0.000733991,4,1993.65
0.000735917,4,1992.04
0.000737927,4,1990.43
0.000739936,4,1988.79
0.000741974,4,1987.14
0.000743943,4,1985.5
0.000745979,4,1983.87
0.000747914,4,1982.25
0.000749971,4,1980.63
0.00075195,4,1978.99
0.000753929,4,1977.38
0.000755998,4,1975.74
0.000757977,4,1974.09
0.000759954,4,1972.49
0.000761928,4,1970.89
0.000763966,4,1969.27
0.00076592,4,1967.65
0.000767981,4,1966.03
0.000769952,4,1964.41
0.000771921,4,1962.82
0.000773976,4,1961.2
0.000775949,4,1959.58
0.000777923,4,1957.99
0.000779985,4,1956.38
0.000781958,4,1954.76
0.000783926,4,1953.19
0.000785978,4,1951.58
0.000787945,4,1949.97
0.00079,4,1948.36
0.000791959,4,1946.77
0.000793924,4,1945.21
0.000795977,4,1943.61
0.000797942,4,1942.01
0.000799997,4,1940.42
0.000801964,4,1938.83
0.000803933,4,1937.27
0.000805996,4,1935.68
0.000807965,4,1934.09
0.000809935,4,1932.54
0.000811913,4,1930.99
0.00081398,4,1929.4
0.000815957,4,1927.82
0.000817933,4,1926.27
0.000819994,4,1924.69
0.00082196,4,1923.11
0.000823922,4,1921.58
0.000825975,4,1920.02
0.000827942,4,1918.45
0.000829998,4,1916.89
0.000831969,4,1915.32
0.000833941,4,1913.79
0.000835998,4,1912.23
0.000837963,4,1910.67
0.000839938,4,1909.15
0.000841914,4,1907.62
0.000843982,4,1906.06
0.000845945,4,1904.5
0.000847994,4,1902.95
0.000849954,4,1901.41
0.000851913,4,1899.9
0.000853946,4,1898.36
0.000855911,4,1896.82
0.000857977,4,1895.27
0.000859946,4,1893.71
0.000861911,4,1892.2
0.000863972,4,1890.66
0.00086594,4,1889.11
0.000867994,4,1887.57
0.000869955,4,1886.03
0.000871911,4,1884.53
0.000873952,4,1882.99
0.00087599,4,1881.43
0.000877937,4,1879.91
0.000879971,4,1878.38
0.000881916,4,1876.86
0.000883947,4,1875.35
0.000885977,4,1873.8
0.000887917,4,1872.28
0.000889953,4,1870.77
0.000891999,4,1869.21
0.000893953,4,1867.69
0.000895995,4,1866.17
0.000897936,4,1864.66
0.000899984,4,1863.15
0.000901939,4,1861.63
0.000903985,4,1860.12
0.000905955,4,1858.6
0.000907925,4,1857.11
0.000909993,4,1855.59
0.000911967,4,1854.06
0.000913922,4,1852.58
0.000915965,4,1851.08
0.000917926,4,1849.57
0.000919986,4,1848.07
0.000921941,4,1846.56
0.000923991,4,1845.06
0.000925949,4,1843.57
0.00092799,4,1842.07
0.000929936,4,1840.59
0.000931964,4,1839.11
0.000933998,4,1837.6
0.00093596,4,1836.12
0.000937925,4,1834.66
0.000939981,4,1833.17
0.000941948,4,1831.69
0.000943992,4,1830.21
0.00094594,4,1828.74
0.000947974,4,1827.27
0.000949918,4,1825.81
0.000951975,4,1824.34
0.000953948,4,1822.87
0.000955917,4,1821.43
0.000957977,4,1819.95
0.000959945,4,1818.48
0.000961994,4,1817.02
0.000963954,4,1815.56
0.000965914,4,1814.14
0.000967962,4,1812.69
0.000969919,4,1811.23
0.000971964,4,1809.79
0.00097392,4,1808.34
0.000975964,4,1806.89
0.00097792,4,1805.45
0.000979976,4,1804.01
0.000981934,4,1802.56
0.000983983,4,1801.12
0.000985943,4,1799.68
0.000987997,4,1798.24
0.000989971,4,1796.8
0.000991936,4,1795.39
0.000993993,4,1793.95
0.000995956,4,1792.52
0.000997916,4,1791.12
0.000999961,4,1789.69
0.00100191,4,1788.26
0.00100395,4,1786.84
0.00100591,4,1785.42
0.00100798,4,1783.99
0.00100996,4,1782.55
0.00101195,4,1781.15
0.00101399,4,1779.72
0.00101595,4,1778.31
0.00101799,4,1776.9
0.00101994,4,1775.49
0.001022,4,1774.07
0.00102397,4,1772.65
0.00102595,4,1771.26
0.00102793,4,1769.87
0.00102992,4,1768.48
0.00103198,4,1767.06
0.00103394,4,1765.65
0.00103599,4,1764.25
0.00103794,4,1762.85
0.00103998,4,1761.46
0.00104192,4,1760.07
0.00104396,4,1758.69
0.00104592,4,1757.3
0.00104798,4,1755.9
0.00104996,4,1754.5
0.00105193,4,1753.14
0.00105399,4,1751.74
0.00105596,4,1750.35
0.00105793,4,1748.99
0.00105999,4,1747.61
0.00106195,4,1746.23
0.00106391,4,1744.88
0.00106596,4,1743.51
0.00106792,4,1742.14
0.00106996,4,1740.78
0.00107199,4,1739.39
0.00107395,4,1738.03
0.00107599,4,1736.68
0.00107795,4,1735.32
0.00107992,4,1733.99
0.00108199,4,1732.63
0.00108396,4,1731.27
0.00108594,4,1729.94
0.00108798,4,1728.59
0.00108993,4,1727.25
0.00109198,4,1725.92
0.00109393,4,1724.58
0.00109597,4,1723.25
0.00109794,4,1721.92
0.00109992,4,1720.61
0.00110196,4,1719.27
0.001104,4,1717.93
0.00110595,4,1716.61
0.00110791,4,1715.32
0.00110996,4,1714.01
0.00111191,4,1712.69
0.00111395,4,1711.39
0.00111598,4,1710.06
0.00111793,4,1708.76
0.00111998,4,1707.46
0.00112193,4,1706.17
0.00112396,4,1704.87
0.00112599,4,1703.56
0.00112794,4,1702.28
0.00113,4,1700.99
0.00113196,4,1699.69
0.00113392,4,1698.44
0.00113598,4,1697.15
0.00113795,4,1695.86
0.00114,4,1694.58
0.00114194,4,1693.32
0.00114398,4,1692.05
0.00114593,4,1690.79
0.00114796,4,1689.53
0.00114992,4,1688.27
0.00115197,4,1687.01
0.00115393,4,1685.76
0.00115597,4,1684.51
0.00115791,4,1683.26
0.00115995,4,1682.02
0.00116198,4,1680.75
0.00116394,4,1679.51
0.00116599,4,1678.27
0.00116794,4,1677.04
0.00116998,4,1675.81
0.00117196,4,1674.57
0.00117392,4,1673.37
0.00117598,4,1672.14
0.00117796,4,1670.91
0.00117993,4,1669.7
0.00118191,4,1668.5
0.00118397,4,1667.28
0.00118598,4,1666.05
0.00118796,4,1664.85
0.00118992,4,1663.67
0.00119197,4,1662.47
0.00119392,4,1661.28
0.00119597,4,1660.09
0.00119792,4,1658.9
0.00119996,4,1657.72
0.00120199,4,1656.52
0.00120392,4,1655.36
0.00120595,4,1654.19
0.001208,4,1653.0
0.00120996,4,1651.83
0.00121199,4,1650.67
0.00121393,4,1649.52
0.00121596,4,1648.38
0.00121797,4,1647.22
0.00122,4,1646.06
0.00122192,4,1644.93
0.00122391,4,1643.81
0.00122594,4,1642.68
0.00122797,4,1641.53
0.00123,4,1640.39
0.00123193,4,1639.27
0.00123399,4,1638.16
0.00123595,4,1637.04
0.00123797,4,1635.93
0.00123992,4,1634.84
0.00124196,4,1633.74
0.00124394,4,1632.63
0.00124592,4,1631.55
0.00124799,4,1630.45
0.00124996,4,1629.35
0.00125194,4,1628.28
0.00125391,4,1627.22
0.00125598,4,1626.14
0.00125796,4,1625.06
0.00125998,4,1624.0
0.00126193,4,1622.95
0.00126398,4,1621.89
0.00126594,4,1620.84
0.00126791,4,1619.81
0.00126997,4,1618.76
0.00127194,4,1617.72
0.00127391,4,1616.7
0.00127597,4,1615.67
0.00127798,4,1614.63
0.00127991,4,1613.63
0.00128196,4,1612.62
0.00128392,4,1611.61
0.00128597,4,1610.61
0.00128794,4,1609.6
0.00128991,4,1608.62
0.00129197,4,1607.63
0.00129393,4,1606.64
0.00129598,4,1605.66
0.00129793,4,1604.69
0.00129997,4,1603.72
0.00130193,4,1602.76
0.00130398,4,1601.8
0.00130593,4,1600.84
0.00130797,4,1599.9
0.00130992,4,1598.96
0.00131196,4,1598.02
0.00131397,4,1597.07
0.00131591,4,1596.16
0.00131797,4,1595.24
0.00131992,4,1594.32
0.00132194,4,1593.41
0.00132398,4,1592.49
0.00132594,4,1591.59
0.00132796,4,1590.7
0.00132998,4,1589.8
0.00133194,4,1588.92
0.00133399,4,1588.04
0.00133595,4,1587.16
0.00133797,4,1586.3
0.00133994,4,1585.44
0.00134199,4,1584.58
0.00134394,4,1583.72
0.001346,4,1582.87
0.00134796,4,1582.03
0.00134993,4,1581.21
0.00135198,4,1580.38
0.00135394,4,1579.55
0.001356,4,1578.73
0.00135795,4,1577.92
0.00135992,4,1577.13
0.00136197,4,1576.32
0.00136394,4,1575.53
0.00136599,4,1574.89
0.00136795,4,1574.5
0.00136991,4,1574.16
0.00137197,4,1573.59
0.00137393,4,1572.85
0.00137591,4,1572.22
0.00137798,4,1571.77
0.00137992,4,1571.35
0.00138196,4,1570.75
0.00138391,4,1570.05
0.00138595,4,1569.43
0.00138797,4,1568.95
0.00138998,4,1568.48
0.00139191,4,1567.88
0.00139394,4,1567.21
0.00139593,4,1566.61
0.00139794,4,1566.13
0.00139997,4,1565.62
0.00140194,4,1565.03
0.00140398,4,1564.39
0.00140599,4,1563.81
0.00140796,4,1563.32
0.00140992,4,1562.82
0.00141197,4,1562.24
0.00141399,4,1561.62
0.00141594,4,1561.08
0.00141798,4,1560.59
0.00141994,4,1560.1
0.00142197,4,1559.56
0.00142393,4,1559.03
0.00142598,4,1558.55
0.00142793,4,1558.1
0.00142996,4,1557.65
0.00143199,4,1557.16
0.00143394,4,1556.68
0.00143597,4,1556.25
0.00143799,4,1555.83
0.00143994,4,1555.41
0.00144197,4,1554.96
0.00144393,4,1554.52
0.00144599,4,1554.11
0.00144798,4,1553.72
0.00144999,4,1553.32
0.00145194,4,1552.91
0.00145397,4,1552.51
0.00145594,4,1552.12
0.00145795,4,1551.76
0.00145993,4,1551.38
0.00146198,4,1550.99
0.00146392,4,1550.62
0.00146596,4,1550.26
0.00146792,4,1549.91
0.00146997,4,1549.56
0.00147192,4,1549.2
0.00147394,4,1548.85
0.00147595,4,1548.52
0.001478,4,1548.19
0.00147995,4,1547.87
0.00148198,4,1547.55
0.00148395,4,1547.23
0.00148598,4,1546.93
0.00148793,4,1546.64
0.00148997,4,1546.35
0.00149194,4,1546.06
0.00149398,4,1545.77
0.00149595,4,1545.51
0.00149799,4,1545.24
0.00149992,4,1544.99
0.00150194,4,1544.73
0.00150397,4,1544.48
0.00150591,4,1544.25
0.001508,4,1544.02
0.00150993,4,1543.79
0.00151191,4,1543.57
0.00151398,4,1543.35
0.00151594,4,1543.15
0.00151794,4,1542.95
0.00151998,4,1542.75
0.00152196,4,1542.56
0.00152394,4,1542.38
0.00152593,4,1542.21
0.00152795,4,1542.04
0.00152992,4,1541.88
0.00153198,4,1541.72
0.00153393,4,1541.57
0.00153595,4,1541.42
0.00153797,4,1541.29
0.00153992,4,1541.16
0.00154193,4,1541.03
0.001544,4,1540.91
0.00154592,4,1540.8
0.00154796,4,1540.7
0.00154992,4,1540.6
0.001552,4,1540.5
0.00155393,4,1540.41
0.00155598,4,1540.34
0.00155795,4,1540.26
0.00156,4,1540.19
0.00156192,4,1540.13
0.00156396,4,1540.08
0.00156593,4,1540.03
0.00156799,4,1539.99
0.00156993,4,1539.96
0.00157195,4,1539.93
0.00157391,4,1539.91
0.00157598,4,1539.9
0.00157795,4,1539.89
0.00157996,4,1539.89
0.001582,4,1539.9
0.00158397,4,1539.91
0.00158594,4,1539.93
0.00158795,4,1539.96
0.00158998,4,1539.99
0.00159194,4,1540.03
0.00159399,4,1540.08
0.00159596,4,1540.13
0.00159796,4,1540.19
0.00159992,4,1540.26
0.00160197,4,1540.34
0.00160393,4,1540.42
0.00160595,4,1540.51
0.00160791,4,1540.61
0.00160997,4,1540.71
0.00161194,4,1540.82
0.00161398,4,1540.94
0.00161592,4,1541.07
0.00161796,4,1541.2
0.00162,4,1541.34
0.00162195,4,1541.49
0.00162397,4,1541.64
0.00162593,4,1541.81
0.00162799,4,1541.98
0.00162995,4,1542.15
0.00163198,4,1542.34
0.00163392,4,1542.53
0.00163597,4,1542.73
0.00163793,4,1542.94
0.00163998,4,1543.15
0.001642,4,1543.38
0.00164395,4,1543.61
0.00164599,4,1543.84
0.00164795,4,1544.09
0.00164997,4,1544.34
0.00165199,4,1544.6
0.00165395,4,1544.87
0.00165599,4,1545.15
0.00165792,4,1545.43
0.00165995,4,1545.72
0.00166198,4,1546.02
0.00166393,4,1546.33
0.00166596,4,1546.64
0.00166799,4,1546.97
0.00166993,4,1547.3
0.00167195,4,1547.63
0.00167399,4,1547.99
0.00167594,4,1548.34
0.00167798,4,1548.7
0.00167993,4,1549.07
0.00168195,4,1549.45
0.00168396,4,1549.84
0.00168597,4,1550.23
0.00168792,4,1550.63
0.00168994,4,1551.04
0.00169198,4,1551.46
0.00169399,4,1551.9
0.00169592,4,1552.33
0.00169795,4,1552.76
0.00169995,4,1553.22
0.00170194,4,1553.67
0.00170395,4,1554.14
0.00170597,4,1554.62
0.00170799,4,1555.11
0.00170998,4,1555.6
0.001712,4,1556.1
0.00171396,4,1556.61
0.00171592,4,1557.11
0.00171793,4,1557.63
0.00171996,4,1558.17
0.00172193,4,1558.71
0.00172398,4,1559.26
0.00172595,4,1559.82
0.00172794,4,1560.38
0.00172996,4,1560.96
0.00173192,4,1561.54
0.00173399,4,1562.13
0.00173593,4,1562.73
0.00173796,4,1563.33
0.00173993,4,1563.95
0.00174191,4,1564.56
0.00174396,4,1565.19
0.00174597,4,1565.84
0.00174793,4,1566.48
0.00174998,4,1567.14
0.00175193,4,1567.81
0.00175398,4,1568.48
0.00175598,4,1569.17
0.00175793,4,1569.85
0.00175998,4,1570.54
0.00176194,4,1571.25
0.00176397,4,1571.96
0.00176592,4,1572.68
0.00176796,4,1573.41
0.00176991,4,1574.14
0.00177195,4,1574.89
0.00177398,4,1575.65
0.001776,4,1576.42
0.00177797,4,1577.19
0.00177992,4,1577.96
0.00178192,4,1578.73
0.00178395,4,1579.54
0.00178592,4,1580.34
0.00178795,4,1581.15
0.00178993,4,1581.97
0.00179197,4,1582.8
0.00179394,4,1583.64
0.00179592,4,1584.48
0.00179798,4,1585.34
0.00179993,4,1586.2
0.00180198,4,1587.07
0.00180395,4,1587.96
0.00180592,4,1588.83
0.00180793,4,1589.72
0.00180995,4,1590.63
0.001812,4,1591.57
0.00181398,4,1592.5
0.00181599,4,1593.44
0.00181792,4,1594.37
0.00181998,4,1595.33
0.00182195,4,1596.3
0.00182393,4,1597.26
0.00182594,4,1598.25
0.00182799,4,1599.26
0.00182994,4,1600.27
0.00183199,4,1601.28
0.00183392,4,1602.3
0.00183595,4,1603.33
0.00183799,4,1604.4
0.00183993,4,1605.44
0.00184195,4,1606.5
0.00184397,4,1607.59
0.00184591,4,1608.66
0.00184797,4,1609.75
0.00184999,4,1610.88
0.00185192,4,1611.97
0.00185397,4,1613.09
0.00185594,4,1614.22
0.00185799,4,1615.37
0.00185999,4,1616.53
0.00186193,4,1617.67
0.00186398,4,1618.84
0.00186594,4,1620.01
0.00186793,4,1621.18
0.00186996,4,1622.38
0.00187192,4,1623.58
0.00187396,4,1624.79
0.001876,4,1626.04
0.00187792,4,1627.25
0.00187995,4,1628.48
0.00188199,4,1629.75
0.00188394,4,1630.99
0.00188594,4,1632.24
0.00188795,4,1633.52
0.00189,4,1634.82
0.00189196,4,1636.11
0.00189395,4,1637.39
0.00189596,4,1638.69
0.00189792,4,1640.01
0.0019,4,1641.39
0.00190198,4,1642.79
0.00190399,4,1644.19
0.00190595,4,1645.58
0.00190793,4,1646.98
0.00191,4,1648.44
0.00191193,4,1649.9
0.00191396,4,1651.35
0.00191593,4,1652.82
0.00191799,4,1654.31
0.00192,4,1655.84
0.00192199,4,1657.35
0.00192395,4,1658.85
0.00192599,4,1660.38
0.00192794,4,1661.9
0.00192994,4,1663.43
0.00193197,4,1665.0
0.00193394,4,1666.56
0.001936,4,1668.14
0.001938,4,1669.73
0.00193993,4,1671.3
0.00194199,4,1672.89
0.00194397,4,1674.5
0.00194593,4,1676.08
0.00194793,4,1677.68
0.00194996,4,1679.32
0.00195194,4,1680.96
0.001954,4,1682.6
0.00195598,4,1684.26
0.00195792,4,1685.88
0.00195999,4,1687.54
0.00196196,4,1689.22
0.00196398,4,1690.88
0.00196591,4,1692.54
0.00196796,4,1694.22
0.00196994,4,1695.92
0.00197191,4,1697.59
0.001974,4,1699.33
0.00197593,4,1701.31
0.00197798,4,1703.67
0.00197994,4,1706.05
0.00198193,4,1708.01
0.00198395,4,1709.81
0.00198591,4,1711.82
0.00198797,4,1714.13
0.00199,4,1716.4
0.001992,4,1718.35
0.00199394,4,1720.17
0.001996,4,1722.24
0.00199798,4,1724.5
0.00199999,4,1726.62
0.00200191,4,1728.51
0.00200396,4,1730.4
0.00200595,4,1732.51
0.00200794,4,1734.69
0.00200998,4,1736.77
0.00201194,4,1738.7
0.00201399,4,1740.68
0.00201594,4,1742.79
0.00201793,4,1744.91
0.00201996,4,1746.96
0.002022,4,1748.94
0.00202395,4,1750.95
0.00202597,4,1753.06
0.00202798,4,1755.2
0.00202993,4,1757.21
0.00203197,4,1759.18
0.00203392,4,1761.23
0.00203592,4,1763.32
0.00203795,4,1765.45
0.00203998,4,1767.51
0.00204195,4,1769.53
0.00204393,4,1771.58
0.00204591,4,1773.69
0.00204798,4,1775.81
0.00204996,4,1777.88
0.00205198,4,1779.93
0.002054,4,1782.06
0.00205596,4,1784.18
0.00205793,4,1786.24
0.00205996,4,1788.3
0.00206196,4,1790.4
0.00206391,4,1792.5
0.00206597,4,1794.63
0.00206794,4,1796.75
0.00206994,4,1798.81
0.00207195,4,1800.92
0.00207392,4,1803.05
0.00207595,4,1805.18
0.00207793,4,1807.29
0.00207993,4,1809.39
0.00208198,4,1811.54
0.00208394,4,1813.69
0.00208595,4,1815.81
0.00208795,4,1817.93
0.00208998,4,1820.08
0.00209192,4,1822.2
0.00209394,4,1824.33
0.00209596,4,1826.5
0.00209799,4,1828.66
0.00209994,4,1830.79
0.00210197,4,1832.93
0.00210399,4,1835.11
0.00210599,4,1837.26
0.00210794,4,1839.38
0.00210999,4,1841.54
0.00211196,4,1843.71
0.00211394,4,1845.84
0.00211593,4,1847.97
0.00211797,4,1850.15
0.00211993,4,1852.32
0.00212192,4,1854.46
0.00212394,4,1856.62
0.00212598,4,1858.82
0.00212796,4,1861.0
0.00212994,4,1863.15
0.00213196,4,1865.32
0.00213399,4,1867.51
0.00213595,4,1869.68
0.00213792,4,1871.82
0.00213994,4,1873.98
0.00214194,4,1876.17
0.00214398,4,1878.37
0.00214595,4,1880.55
0.00214798,4,1882.73
0.00214998,4,1884.93
0.00215192,4,1887.08
0.00215396,4,1889.25
0.00215599,4,1891.47
0.002158,4,1893.68
0.00215993,4,1895.83
0.00216195,4,1897.99
0.00216397,4,1900.2
0.00216599,4,1902.4
0.00216792,4,1904.56
0.00216995,4,1906.73
0.00217198,4,1908.96
0.00217392,4,1911.13
0.00217592,4,1913.28
0.00217795,4,1915.49
0.00217992,4,1917.68
0.00218197,4,1919.87
0.00218397,4,1922.08
0.00218599,4,1924.28
0.00218794,4,1926.45
0.00218999,4,1928.63
0.00219195,4,1930.81
0.00219397,4,1932.98
0.00219598,4,1935.17
0.00219793,4,1937.33
0.00219997,4,1939.49
0.00220196,4,1941.68
0.00220397,4,1943.85
0.002206,4,1946.03
0.00220794,4,1948.18
0.00220998,4,1950.33
0.00221196,4,1952.49
0.00221393,4,1954.62
0.00221591,4,1956.74
0.00221797,4,1958.91
0.00221999,4,1961.09
0.00222194,4,1963.22
0.00222397,4,1965.34
0.00222592,4,1967.47
0.00222797,4,1969.59
0.00222999,4,1971.76
0.00223194,4,1973.87
0.002234,4,1975.99
0.00223592,4,1978.09
0.00223792,4,1980.16
0.00223995,4,1982.29
0.002242,4,1984.43
0.00224392,4,1986.52
0.00224594,4,1988.59
0.00224792,4,1990.68
0.00224999,4,1992.8
0.00225192,4,1994.88
0.00225394,4,1996.94
0.00225597,4,1999.05
0.00225795,4,2001.12
0.00225992,4,2003.16
0.00226198,4,2005.25
0.00226394,4,2007.32
0.00226594,4,2009.34
0.00226796,4,2011.39
0.00226992,4,2013.42
0.00227195,4,2015.44
0.00227396,4,2017.48
0.00227593,4,2019.48
0.00227798,4,2021.49
0.00227992,4,2023.48
0.00228198,4,2025.47
0.00228393,4,2027.45
0.002286,4,2029.42
0.00228797,4,2031.4
0.00228993,4,2033.31
0.00229197,4,2035.25
0.00229395,4,2037.18
0.00229596,4,2039.1
0.002298,4,2041.03
0.00229994,4,2042.92
0.00230193,4,2044.78
0.00230396,4,2046.68
0.002306,4,2048.58
0.002308,4,2050.46
0.00230994,4,2052.29
0.00231198,4,2054.13
0.00231398,4,2055.99
0.00231596,4,2057.81
0.00231799,4,2059.63
0.00231992,4,2061.43
0.00232192,4,2063.21
0.00232399,4,2065.04
0.00232599,4,2066.86
0.00232799,4,2068.65
0.00232992,4,2070.39
0.00233194,4,2072.14
0.00233397,4,2073.93
0.00233599,4,2075.71
0.00233792,4,2077.44
0.00233993,4,2079.16
0.00234194,4,2080.91
0.00234395,4,2082.64
0.00234598,4,2084.37
0.002348,4,2086.08
0.00234999,4,2087.77
0.00235199,4,2089.44
0.00235392,4,2091.06
0.00235594,4,2092.66
0.00235795,4,2094.29
0.00235995,4,2095.9
0.00236196,4,2097.48
0.002364,4,2099.07
0.00236595,4,2100.61
0.00236796,4,2102.13
0.00236996,4,2103.66
0.00237199,4,2105.19
0.00237394,4,2106.67
0.00237596,4,2108.14
0.00237796,4,2109.63
0.00237992,4,2111.09
0.00238197,4,2112.54
0.00238399,4,2113.99
0.00238597,4,2115.42
0.002388,4,2116.86
0.00238994,4,2118.27
0.00239194,4,2119.64
0.00239399,4,2121.05
0.00239599,4,2122.47
0.00239792,4,2123.84
0.00239995,4,2125.2
0.00240198,4,2126.59
0.002404,4,2127.98
0.00240592,4,2129.33
0.00240798,4,2130.68
0.00240992,4,2132.03
0.00241192,4,2133.36
0.00241391,4,2134.72
0.00241596,4,2136.08
0.00241799,4,2137.46
0.00241992,4,2138.78
0.00242194,4,2140.11
0.002424,4,2141.48
0.00242595,4,2142.82
0.00242794,4,2144.14
0.00242993,4,2145.47
0.00243195,4,2146.81
0.00243397,4,2148.17
0.00243599,4,2149.53
0.00243795,4,2150.86
0.00243992,4,2152.18
0.00244196,4,2153.52
0.00244396,4,2154.88
0.00244592,4,2156.17
0.00244797,4,2157.4
0.00244992,4,2158.58
0.002452,4,2159.77
0.00245391,4,2160.95
0.00245594,4,2162.08
0.002458,4,2163.21
0.00245992,4,2164.3
0.00246198,4,2165.41
0.00246399,4,2166.53
0.00246596,4,2167.61
0.00246793,4,2168.65
0.00246997,4,2169.73
0.00247196,4,2170.83
0.00247395,4,2171.9
0.00247594,4,2172.96
0.00247799,4,2174.04
0.00247998,4,2175.13
0.00248197,4,2176.22
0.00248395,4,2177.29
0.00248591,4,2178.35
0.002488,4,2179.45
0.00249,4,2180.58
0.00249197,4,2181.68
0.00249395,4,2182.76
0.00249593,4,2183.86
0.00249792,4,2184.97
0.00249995,4,2186.11
0.00250199,4,2187.26
0.00250394,4,2188.39
0.00250596,4,2189.52
0.00250795,4,2190.69
0.00250998,4,2191.86
0.00251191,4,2193.01
0.00251393,4,2194.17
0.002516,4,2195.38
0.00251796,4,2196.59
0.00251995,4,2197.78
0.00252198,4,2198.99
0.00252398,4,2200.22
0.00252593,4,2201.43
0.00252799,4,2202.67
0.00252995,4,2203.92
0.00253193,4,2205.15
0.00253398,4,2206.42
0.00253597,4,2207.71
0.00253795,4,2208.98
0.00253998,4,2210.27
0.002542,4,2211.59
0.00254392,4,2212.88
0.00254592,4,2214.17
0.00254798,4,2215.52
0.00254994,4,2216.85
0.00255194,4,2218.18
0.00255393,4,2219.53
0.00255598,4,2220.91
0.00255794,4,2222.28
0.00255996,4,2223.65
0.00256192,4,2225.03
0.00256394,4,2226.42
0.00256594,4,2227.83
0.00256798,4,2229.26
0.00256994,4,2230.68
0.00257196,4,2232.11
0.00257396,4,2233.56
0.00257596,4,2235.0
0.00257791,4,2236.44
0.00257996,4,2237.9
0.00258198,4,2239.41
0.00258394,4,2240.88
0.00258598,4,2242.37
0.00258799,4,2243.89
0.00258998,4,2245.4
0.00259196,4,2246.9
0.00259398,4,2248.43
0.00259592,4,2249.94
0.00259793,4,2251.27
0.0026,4,2251.95
0.00260192,4,2252.34
0.00260393,4,2253.28
0.00260593,4,2254.74
0.00260795,4,2255.9
0.00260991,4,2256.57
0.00261198,4,2257.41
0.00261395,4,2258.77
0.00261598,4,2260.2
0.00261797,4,2261.22
0.00261998,4,2262.08
0.00262193,4,2263.28
0.00262391,4,2264.75
0.00262595,4,2266.07
0.00262795,4,2267.1
0.00262998,4,2268.24
0.00263195,4,2269.69
0.00263396,4,2271.15
0.00263594,4,2272.37
0.00263797,4,2273.52
0.00263995,4,2274.89
0.00264199,4,2276.42
0.00264396,4,2277.82
0.00264596,4,2279.05
0.00264794,4,2280.37
0.00264993,4,2281.86
0.00265198,4,2283.39
0.00265394,4,2284.77
0.00265593,4,2286.09
0.00265797,4,2287.56
0.00265993,4,2289.12
0.00266192,4,2290.59
0.00266392,4,2291.98
0.00266598,4,2293.45
0.00266793,4,2295.01
0.00266994,4,2296.56
0.00267193,4,2298.04
0.00267394,4,2299.76
0.00267599,4,2306.22
0.00267796,4,2332.29
0.00267998,4,2408.07
0.00268192,4,2545.25
0.00268396,4,2692.33
0.00268591,4,2774.03
0.00268792,4,2805.16
0.00268996,4,2874.76
0.00269194,4,2983.41
0.002694,4,3047.03
0.00269593,4,3065.4
0.002698,4,3113.51
0.0027,4,3183.83
0.00270196,4,3198.54
0.00270394,4,3158.55
0.00270598,4,3134.13
0.00270798,4,3149.35
0.00270998,4,3160.9
0.00271194,4,3149.01
0.00271392,4,3144.21
0.00271592,4,3166.51
0.00271797,4,3189.2
0.00271994,4,3184.49
0.00272199,4,3170.56
0.00272396,4,3173.48
0.00272596,4,3184.19
0.00272799,4,3184.73
0.00272995,4,3187.0
0.00273196,4,3211.16
0.00273397,4,3247.83
0.002736,4,3272.87
0.00273795,4,3287.12
0.00273998,4,3311.4
0.00274197,4,3349.1
0.00274396,4,3383.43
0.002746,4,3412.27
0.00274794,4,3447.58
0.00274992,4,3485.52
0.002752,4,3504.92
0.00275392,4,3501.68
0.00275596,4,3497.81
0.00275795,4,3500.76
0.00275996,4,3497.27
0.002762,4,3488.32
0.00276394,4,3493.1
0.00276597,4,3514.8
0.00276797,4,3536.32
0.00276997,4,3548.5
0.00277197,4,3561.67
0.00277398,4,3581.32
0.00277599,4,3597.47
0.002778,4,3603.97
0.00277992,4,3608.24
0.00278199,4,3613.51
0.00278395,4,3612.4
0.00278598,4,3605.78
0.00278793,4,3605.28
0.00278997,4,3612.77
0.00279195,4,3616.59
0.00279394,4,3613.33
0.00279595,4,3612.95
0.00279797,4,3618.92
0.00279999,4,3622.18
0.00280197,4,3619.01
0.00280395,4,3617.63
0.00280597,4,3623.2
0.00280792,4,3630.43
0.00280993,4,3635.44
0.00281192,4,3642.22
0.00281397,4,3652.66
0.00281592,4,3663.96
0.00281793,4,3682.38
0.00282,4,3711.83
0.00282199,4,3733.16
0.00282393,4,3736.59
0.00282595,4,3735.06
0.00282795,4,3740.61
0.00282997,4,3746.12
0.002832,4,3743.22
0.00283396,4,3740.73
0.00283599,4,3745.86
0.00283797,4,3749.54
0.00283998,4,3742.81
0.00284194,4,3731.08
0.00284392,4,3722.04
0.00284597,4,3713.88
0.00284795,4,3703.16
0.00284998,4,3692.31
0.00285194,4,3684.89
0.00285396,4,3680.15
0.00285596,4,3676.18
0.00285797,4,3673.48
0.00285993,4,3671.5
0.00286197,4,3667.77
0.00286399,4,3661.95
0.00286592,4,3657.29
0.00286797,4,3655.95
0.00286993,4,3656.26
0.00287199,4,3655.15
0.00287396,4,3653.06
0.00287596,4,3652.75
0.00287793,4,3653.86
0.00287998,4,3653.88
0.00288197,4,3652.93
0.00288395,4,3653.16
0.00288599,4,3654.43
0.00288798,4,3654.89
0.00288999,4,3654.65
0.00289193,4,3655.33
0.00289394,4,3656.79
0.00289593,4,3657.63
0.00289793,4,3657.94
0.00289995,4,3659.0
0.00290193,4,3660.63
0.00290394,4,3661.73
0.00290599,4,3662.48
0.00290795,4,3663.82
0.00290996,4,3665.58
0.00291192,4,3666.88
0.00291396,4,3667.91
0.00291594,4,3669.44
0.00291793,4,3671.29
0.00291994,4,3672.78
0.00292196,4,3674.07
0.00292392,4,3675.74
0.00292597,4,3677.67
0.00292793,4,3679.3
0.00292997,4,3680.78
0.00293196,4,3682.58
0.00293398,4,3684.56
0.00293595,4,3686.3
0.00293797,4,3687.93
0.00293994,4,3689.8
0.00294193,4,3691.8
0.00294394,4,3693.64
0.00294599,4,3695.43
0.00294794,4,3697.39
0.00294995,4,3699.41
0.00295193,4,3701.31
0.00295394,4,3703.18
0.00295595,4,3705.21
0.00295797,4,3707.31
0.00295998,4,3709.29
0.00296198,4,3711.23
0.00296396,4,3713.28
0.00296597,4,3715.39
0.00296794,4,3717.39
0.00296996,4,3719.39
0.00297192,4,3721.47
0.00297398,4,3723.59
0.00297593,4,3725.66
0.00297797,4,3727.71
0.00297994,4,3729.82
0.00298196,4,3731.94
0.00298393,4,3734.02
0.00298599,4,3736.12
0.00298794,4,3738.25
0.00298999,4,3740.37
0.00299194,4,3742.47
0.00299396,4,3744.56
0.00299594,4,3746.68
0.00299794,4,3748.79
0.00299991,4,3750.88
0.00300197,4,3753.0
0.00300397,4,3755.15
0.00300594,4,3757.24
0.00300795,4,3759.32
0.00300992,4,3761.42
0.00301199,4,3763.54
0.00301395,4,3765.65
0.003016,4,3767.72
0.00301795,4,3769.8
0.00301997,4,3771.88
0.00302194,4,3773.93
0.00302392,4,3775.95
0.00302594,4,3778.01
0.00302799,4,3780.11
0.00302995,4,3782.14
0.00303192,4,3784.12
0.00303398,4,3786.15
0.00303593,4,3788.17
0.00303796,4,3790.16
0.00303999,4,3792.16
0.00304195,4,3794.12
0.00304397,4,3796.08
0.00304593,4,3798.03
0.00304799,4,3799.96
0.00304995,4,3801.89
0.00305198,4,3803.79
0.00305394,4,3805.68
0.00305599,4,3807.56
0.00305797,4,3809.44
0.00305992,4,3811.25
0.00306199,4,3813.1
0.00306398,4,3814.94
0.00306593,4,3816.71
0.00306799,4,3818.49
0.00306996,4,3820.28
0.00307193,4,3821.99
0.00307393,4,3823.7
0.00307592,4,3825.41
0.00307793,4,3827.1
0.00307995,4,3828.79
0.00308198,4,3830.46
0.00308394,4,3832.09
0.00308599,4,3833.71
0.00308794,4,3835.3
0.00308999,4,3836.87
0.00309194,4,3838.43
0.00309394,4,3839.94
0.00309596,4,3841.45
0.00309793,4,3842.94
0.0031,4,3844.42
0.00310192,4,3845.86
0.00310397,4,3847.27
0.00310598,4,3848.69
0.003108,4,3850.08
0.00310995,4,3851.42
0.00311199,4,3852.75
0.00311396,4,3854.06
0.00311592,4,3855.31
0.00311795,4,3856.57
0.00311992,4,3857.81
0.00312192,4,3859.01
0.00312393,4,3860.2
0.00312597,4,3861.38
0.00312792,4,3862.51
0.00313,4,3863.63
0.00313196,4,3864.73
0.00313395,4,3865.78
0.00313597,4,3866.82
0.00313799,4,3867.84
0.00313997,4,3868.83
0.00314195,4,3869.78
0.00314395,4,3870.71
0.00314592,4,3871.61
0.00314798,4,3872.5
0.00314994,4,3873.36
0.00315197,4,3874.19
0.00315393,4,3874.99
0.00315598,4,3875.77
0.00315796,4,3876.53
0.00315997,4,3877.25
0.00316194,4,3877.95
0.00316393,4,3878.61
0.00316598,4,3879.26
0.00316794,4,3879.88
0.00316999,4,3880.48
0.00317195,4,3881.05
0.00317399,4,3881.58
0.00317594,4,3882.09
0.00317799,4,3882.57
0.00317999,4,3883.04
0.00318194,4,3883.46
0.00318399,4,3883.86
0.00318595,4,3884.24
0.00318793,4,3884.59
0.00318993,4,3884.91
0.00319198,4,3885.2
0.00319394,4,3885.47
0.003196,4,3885.72
0.00319797,4,3885.93
0.00319992,4,3886.11
0.00320192,4,3886.27
0.00320397,4,3886.41
0.00320592,4,3886.51
0.00320795,4,3886.58
0.00320992,4,3886.64
0.00321191,4,3886.66
0.00321396,4,3886.66
0.00321592,4,3886.63
0.00321798,4,3886.58
0.00322,4,3886.49
0.00322197,4,3886.38
0.00322397,4,3886.25
0.00322594,4,3886.09
0.00322797,4,3885.9
0.00323,4,3885.68
0.00323193,4,3885.44
0.00323395,4,3885.18
0.003236,4,3884.87
0.00323792,4,3884.56
0.00323997,4,3884.22
0.00324194,4,3883.84
0.00324392,4,3883.45
0.00324593,4,3883.02
0.00324796,4,3882.57
0.00324991,4,3882.1
0.00325194,4,3881.6
0.00325397,4,3881.06
0.00325594,4,3880.52
0.00325799,4,3879.94
0.00325996,4,3879.33
0.00326195,4,3878.71
0.00326393,4,3878.06
0.00326591,4,3877.39
0.00326796,4,3876.68
0.00327,4,3875.94
0.00327195,4,3875.19
0.00327393,4,3874.43
0.00327599,4,3873.62
0.00327798,4,3872.79
0.00327997,4,3871.94
0.00328193,4,3871.08
0.00328399,4,3870.19
0.003286,4,3869.25
0.00328793,4,3868.32
0.00328995,4,3867.36
0.00329199,4,3866.36
0.00329395,4,3865.35
0.00329597,4,3864.31
0.003298,4,3863.24
0.00329997,4,3862.16
0.00330192,4,3861.08
0.00330395,4,3859.95
0.00330595,4,3858.79
0.00330791,4,3857.63
0.00330997,4,3856.43
0.00331194,4,3855.21
0.00331398,4,3853.96
0.00331595,4,3852.7
0.00331792,4,3851.44
0.00331997,4,3850.11
0.003322,4,3848.7
0.00332396,4,3847.28
0.00332597,4,3845.84
0.00332792,4,3844.37
0.00332999,4,3842.82
0.00333195,4,3841.23
0.00333394,4,3839.64
0.00333596,4,3838.0
0.00333799,4,3836.28
0.00333996,4,3834.54
0.00334199,4,3832.78
0.003344,4,3830.96
0.003346,4,3829.1
0.00334795,4,3827.24
0.00334997,4,3825.34
0.00335199,4,3823.37
0.00335394,4,3821.38
0.00335597,4,3819.36
0.00335793,4,3817.3
0.00335998,4,3815.2
0.00336193,4,3813.05
0.00336396,4,3810.89
0.00336599,4,3808.65
0.00336798,4,3806.39
0.00336993,4,3804.15
0.00337198,4,3801.83
0.00337393,4,3799.48
0.00337592,4,3797.14
0.00337793,4,3794.72
0.00337996,4,3792.25
0.00338195,4,3789.75
0.00338397,4,3787.23
0.00338593,4,3784.7
0.00338794,4,3782.14
0.00338992,4,3779.53
0.00339193,4,3776.9
0.00339398,4,3774.2
0.00339598,4,3771.46
0.00339796,4,3768.74
0.00339993,4,3766.0
0.00340196,4,3763.21
0.00340397,4,3760.38
0.00340593,4,3757.54
0.00340796,4,3754.66
0.00340992,4,3751.77
0.00341191,4,3748.88
0.00341397,4,3745.87
0.00341592,4,3742.87
0.00341798,4,3739.86
0.00341999,4,3736.77
0.00342196,4,3733.72
0.00342396,4,3730.64
0.00342593,4,3727.55
0.00342796,4,3724.41
0.00342999,4,3721.2
0.003432,4,3717.98
0.00343394,4,3714.79
0.00343592,4,3711.62
0.00343794,4,3708.37
0.00343992,4,3705.09
0.00344192,4,3701.79
0.00344396,4,3698.43
0.003446,4,3695.02
0.00344794,4,3691.67
0.00344992,4,3688.34
0.00345195,4,3684.92
0.00345393,4,3681.49
0.00345596,4,3678.03
0.00345795,4,3674.53
0.00345994,4,3671.06
0.00346191,4,3667.59
0.00346395,4,3664.05
0.00346595,4,3660.47
0.00346798,4,3656.88
0.00346998,4,3653.26
0.00347195,4,3649.7
0.00347399,4,3646.09
0.00347595,4,3642.45
0.00347794,4,3638.84
0.00347993,4,3635.2
0.00348199,4,3631.48
0.00348392,4,3627.8
0.00348594,4,3624.13
0.00348798,4,3620.35
0.00348998,4,3616.59
0.00349198,4,3612.83
0.00349393,4,3609.1
0.00349598,4,3605.33
0.00349794,4,3601.54
0.00349997,4,3597.74
0.00350194,4,3593.91
0.00350396,4,3590.1
0.00350592,4,3586.29
0.00350796,4,3582.44
0.00350993,4,3578.56
0.003512,4,3574.65
0.00351396,4,3570.74
0.00351599,4,3566.86
0.00351792,4,3563.0
0.00351997,4,3559.1
0.00352194,4,3555.16
0.00352395,4,3551.25
0.00352598,4,3547.28
0.00352798,4,3543.29
0.00352995,4,3539.36
0.00353192,4,3535.46
0.00353396,4,3531.48
0.00353594,4,3527.48
0.00353799,4,3523.47
0.00353999,4,3519.42
0.00354195,4,3515.46
0.00354397,4,3511.49
0.00354597,4,3507.44
0.00354798,4,3503.4
0.00354997,4,3499.39
0.00355193,4,3495.42
0.00355395,4,3491.4
0.00355592,4,3487.35
0.003558,4,3483.26
0.00355995,4,3479.19
0.00356197,4,3475.18
0.00356397,4,3471.09
0.00356594,4,3467.04
0.00356798,4,3462.97
0.00356992,4,3458.94
0.00357192,4,3454.93
0.00357393,4,3450.83
0.00357598,4,3446.69
0.00357794,4,3442.62
0.00357996,4,3438.56
0.00358198,4,3434.42
0.00358399,4,3430.3
0.00358599,4,3426.22
0.00358793,4,3422.19
0.00358997,4,3418.11
0.00359199,4,3413.95
0.00359392,4,3409.91
0.00359593,4,3405.89
0.00359794,4,3401.78
0.00359996,4,3397.65
0.00360196,4,3393.52
0.00360394,4,3389.46
0.00360597,4,3385.36
0.00360794,4,3381.27
0.00360994,4,3377.2
0.00361194,4,3373.11
0.00361397,4,3369.0
0.00361593,4,3364.92
0.00361798,4,3360.82
0.00361992,4,3356.73
0.00362197,4,3352.67
0.00362392,4,3348.6
0.00362594,4,3344.54
0.003628,4,3340.37
0.00362996,4,3336.28
0.00363193,4,3332.29
0.00363394,4,3328.23
0.003636,4,3324.08
0.00363795,4,3320.0
0.00363998,4,3315.98
0.00364192,4,3311.95
0.00364398,4,3307.88
0.00364594,4,3303.79
0.00364792,4,3299.81
0.00364995,4,3295.76
0.00365193,4,3291.7
0.00365392,4,3287.69
0.00365596,4,3283.63
0.00365792,4,3279.6
0.00365995,4,3275.59
0.00366197,4,3271.52
0.00366395,4,3267.49
0.003666,4,3263.46
0.00366794,4,3259.47
0.00366996,4,3255.5
0.00367194,4,3251.49
0.00367397,4,3247.49
0.00367592,4,3243.58
0.00367795,4,3241.7
0.00367993,4,3250.45
0.00368193,4,3272.61
0.003684,4,3295.8
0.00368598,4,3314.09
0.00368797,4,3338.86
0.00368998,4,3375.34
0.00369198,4,3413.27
0.00369396,4,3448.52
0.00369595,4,3495.75
0.00369798,4,3577.03
0.00369991,4,3666.77
0.00370196,4,3707.09
0.003704,4,3710.56
0.00370598,4,3735.81
0.00370792,4,3770.52
0.00370997,4,3765.94
0.00371197,4,3740.67
0.003714,4,3748.09
0.00371594,4,3767.91
0.00371796,4,3755.27
0.00371999,4,3732.1
0.00372192,4,3738.45
0.00372399,4,3751.24
0.00372595,4,3735.56
0.00372794,4,3713.18
0.00372993,4,3711.0
0.00373195,4,3709.99
0.00373399,4,3689.71
0.00373593,4,3672.9
0.00373794,4,3676.58
0.00373997,4,3681.06
0.00374196,4,3672.42
0.00374396,4,3668.22
0.00374598,4,3678.1
0.00374798,4,3685.33
0.00374999,4,3683.51
0.00375199,4,3690.28
0.003754,4,3712.99
0.00375591,4,3737.17
0.00375792,4,3757.5
0.00376,4,3784.84
0.00376194,4,3817.42
0.00376399,4,3841.06
0.003766,4,3855.4
0.00376792,4,3873.44
0.00376998,4,3895.83
0.00377192,4,3908.42
0.00377393,4,3911.35
0.00377598,4,3918.1
0.00377798,4,3925.65
0.00377998,4,3919.9
0.00378197,4,3904.58
0.00378396,4,3893.4
0.00378596,4,3884.17
0.00378791,4,3868.0
0.00378993,4,3851.67
0.00379195,4,3846.38
0.00379394,4,3846.37
0.00379596,4,3840.36
0.003798,4,3832.5
0.00379992,4,3831.78
0.00380196,4,3834.65
0.00380393,4,3834.92
0.00380596,4,3837.87
0.00380797,4,3851.14
0.00380998,4,3871.7
0.00381196,4,3895.44
0.00381399,4,3928.21
0.00381595,4,3974.13
0.00381797,4,4025.9
0.00382,4,4074.66
0.00382199,4,4116.62
0.00382396,4,4149.18
0.00382595,4,4168.48
0.00382799,4,4176.78
0.00382996,4,4182.19
0.00383196,4,4188.28
0.00383396,4,4191.3
0.00383599,4,4190.09
0.00383792,4,4189.52
0.00384,4,4191.73
0.00384192,4,4192.39
0.00384395,4,4187.38
0.00384599,4,4178.19
0.00384796,4,4168.54
0.00384997,4,4157.92
0.00385191,4,4145.45
0.003854,4,4132.27
0.00385599,4,4117.37
0.00385793,4,4103.98
0.00385997,4,4094.38
0.00386199,4,4085.16
0.00386395,4,4073.83
0.00386593,4,4063.58
0.00386792,4,4056.83
0.00386998,4,4050.97
0.00387197,4,4044.13
0.00387395,4,4038.82
0.00387593,4,4035.57
0.00387795,4,4030.87
0.00387997,4,4022.93
0.00388197,4,4014.21
0.00388396,4,4006.27
0.00388597,4,3998.12
0.00388797,4,3990.38
0.00388995,4,3984.45
0.00389192,4,3978.74
0.00389396,4,3971.74
0.00389597,4,3965.04
0.00389795,4,3959.97
0.00389995,4,3955.01
0.00390197,4,3949.31
0.00390394,4,3944.24
0.00390598,4,3940.23
0.00390795,4,3936.0
0.00390994,4,3931.1
0.00391197,4,3926.38
0.00391397,4,3922.35
0.00391595,4,3918.46
0.00391796,4,3914.4
0.00391997,4,3910.47
0.00392198,4,3906.83
0.00392395,4,3903.18
0.00392592,4,3899.45
0.00392799,4,3895.77
0.00392998,4,3892.18
0.00393197,4,3888.5
0.00393393,4,3884.76
0.00393597,4,3881.09
0.00393793,4,3877.51
0.00393998,4,3873.79
0.00394193,4,3870.0
0.00394397,4,3866.34
0.00394596,4,3862.71
0.00394795,4,3859.02
0.00395,4,3855.22
0.00395197,4,3851.53
0.00395397,4,3847.94
0.00395596,4,3844.26
0.00395797,4,3840.54
0.00395997,4,3836.89
0.00396196,4,3833.28
0.00396393,4,3829.65
0.00396599,4,3825.94
0.00396797,4,3822.3
0.00396995,4,3818.74
0.00397191,4,3815.16
0.00397395,4,3811.54
0.00397596,4,3807.93
0.00397794,4,3804.37
0.00397992,4,3800.81
0.00398194,4,3797.23
0.00398395,4,3793.69
0.00398599,4,3790.11
0.00398799,4,3786.53
0.00398997,4,3783.03
0.003992,4,3779.55
0.003994,4,3776.06
0.00399599,4,3772.57
0.00399797,4,3769.12
0.00399991,4,3765.77
0.00400192,4,3762.39
0.00400395,4,3758.93
0.00400592,4,3755.52
0.00400792,4,3752.18
0.00400992,4,3748.83
0.00401192,4,3745.47
0.00401393,4,3742.12
0.00401592,4,3738.8
0.00401793,4,3735.5
0.00401992,4,3732.21
0.00402199,4,3728.89
0.00402398,4,3725.59
0.00402593,4,3722.4
0.00402795,4,3719.21
0.00402994,4,3715.99
0.004032,4,3712.76
0.00403398,4,3709.56
0.00403597,4,3706.44
0.00403796,4,3703.32
0.00403996,4,3700.21
0.00404195,4,3697.12
0.00404394,4,3694.05
0.00404599,4,3690.96
0.00404793,4,3687.92
0.00404992,4,3684.95
0.00405194,4,3681.93
0.00405396,4,3678.91
0.00405595,4,3675.93
0.00405793,4,3672.99
0.00405999,4,3670.03
0.00406193,4,3667.12
0.00406393,4,3664.26
0.00406595,4,3661.37
0.00406793,4,3658.5
0.00406993,4,3655.68
0.00407198,4,3652.83
0.00407391,4,3650.03
0.00407594,4,3647.27
0.00407797,4,3644.46
0.00407995,4,3641.71
0.00408194,4,3639.0
0.00408398,4,3636.27
0.00408595,4,3633.56
0.00408798,4,3630.9
0.00408992,4,3628.27
0.00409196,4,3625.65
0.00409398,4,3622.99
0.00409592,4,3620.42
0.00409792,4,3617.89
0.0041,4,3615.28
0.00410197,4,3612.71
0.00410396,4,3610.22
0.00410598,4,3607.72
0.00410796,4,3605.24
0.00410996,4,3602.78
0.004112,4,3600.32
0.00411394,4,3597.91
0.00411596,4,3595.54
0.00411799,4,3593.12
0.00411994,4,3590.76
0.00412199,4,3588.41
0.00412397,4,3586.07
0.00412596,4,3583.77
0.00412795,4,3581.49
0.00412996,4,3579.22
0.00413196,4,3576.96
0.00413393,4,3574.73
0.00413594,4,3572.5
0.00413795,4,3570.29
0.00413994,4,3568.1
0.00414198,4,3565.9
0.00414397,4,3563.71
0.00414596,4,3561.57
0.004148,4,3559.42
0.00414994,4,3557.31
0.00415196,4,3555.22
0.004154,4,3553.09
0.00415593,4,3551.02
0.00415792,4,3548.99
0.00415994,4,3546.92
0.00416195,4,3544.85
0.00416399,4,3542.78
0.00416597,4,3540.74
0.00416797,4,3538.73
0.00417,4,3536.7
0.00417194,4,3534.71
0.00417397,4,3532.73
0.00417598,4,3530.72
0.00417794,4,3528.75
0.00417997,4,3526.78
0.00418193,4,3524.81
0.00418398,4,3522.85
0.004186,4,3520.86
0.00418791,4,3518.94
0.00418992,4,3517.03
0.00419194,4,3515.08
0.00419396,4,3513.13
0.00419599,4,3511.17
0.00419795,4,3509.25
0.00419994,4,3507.36
0.00420194,4,3505.47
0.00420395,4,3503.81
0.00420597,4,3502.75
0.00420792,4,3502.29
0.00420998,4,3501.95
0.00421197,4,3501.68
0.00421394,4,3501.93
0.00421598,4,3502.58
0.00421799,4,3503.0
0.00421994,4,3503.15
0.00422195,4,3503.61
0.00422394,4,3504.2
0.00422598,4,3504.1
0.00422798,4,3503.39
0.00422992,4,3503.14
0.00423193,4,3503.58
0.00423392,4,3503.93
0.00423593,4,3503.82
0.00423797,4,3504.03
0.00423995,4,3505.12
0.00424198,4,3506.48
0.00424397,4,3507.44
0.00424598,4,3508.7
0.004248,4,3511.27
0.00424994,4,3514.5
0.00425196,4,3517.0
0.00425397,4,3518.69
0.00425595,4,3520.38
0.00425794,4,3521.9
0.00425999,4,3522.13
0.00426195,4,3520.91
0.00426393,4,3519.1
0.00426595,4,3516.7
0.00426797,4,3512.86
0.00426994,4,3507.75
0.00427198,4,3502.57
0.00427395,4,3498.01
0.00427594,4,3493.74
0.00427797,4,3489.59
0.00427994,4,3486.28
0.00428196,4,3484.38
0.00428398,4,3487.03
0.00428599,4,3504.48
0.00428793,4,3541.85
0.00428998,4,3583.55
0.00429197,4,3608.29
0.00429393,4,3621.12
0.00429594,4,3639.51
0.00429796,4,3660.79
0.00429993,4,3672.52
0.00430199,4,3679.8
0.00430395,4,3694.85
0.00430593,4,3714.52
0.004308,4,3732.95
0.00430996,4,3761.24
0.00431199,4,3805.37
0.00431397,4,3838.4
0.00431597,4,3842.91
0.00431795,4,3844.0
0.00431997,4,3862.11
0.00432199,4,3879.98
0.004324,4,3881.61
0.00432595,4,3884.22
0.00432792,4,3900.54
0.00432995,4,3914.91
0.00433196,4,3915.17
0.00433393,4,3917.05
0.00433594,4,3931.57
0.00433794,4,3945.83
0.00433996,4,3951.65
0.004342,4,3961.42
0.00434397,4,3982.17
0.00434597,4,4003.82
0.00434795,4,4019.93
0.00434992,4,4034.37
0.00435197,4,4046.0
0.00435394,4,4046.56
0.00435599,4,4037.64
0.00435799,4,4029.68
0.00436,4,4026.08
0.00436198,4,4022.82
0.004364,4,4020.38
0.00436597,4,4022.2
0.00436799,4,4025.89
0.00436992,4,4026.12
0.00437195,4,4023.43
0.00437396,4,4022.13
0.00437593,4,4022.66
0.00437793,4,4022.36
0.00437993,4,4021.53
0.00438199,4,4021.94
0.00438393,4,4022.45
0.00438593,4,4021.49
0.00438798,4,4020.34
0.00439,4,4020.27
0.00439194,4,4020.08
0.00439393,4,4019.67
0.00439593,4,4021.11
0.00439792,4,4024.29
0.00439994,4,4026.02
0.00440197,4,4025.19
0.00440396,4,4024.07
0.00440595,4,4023.43
0.00440792,4,4021.66
0.00440997,4,4018.78
0.00441193,4,4016.72
0.00441392,4,4015.25
0.00441599,4,4011.91
0.00441798,4,4006.4
0.00441994,4,4000.97
0.00442197,4,3995.94
0.00442396,4,3988.84
0.00442594,4,3980.84
0.00442799,4,3975.85
0.00442996,4,3973.59
0.00443199,4,3971.26
0.00443391,4,3969.99
0.00443599,4,3972.43
0.00443798,4,3977.26
0.00443998,4,3981.02
0.00444197,4,3983.96
0.004444,4,3988.09
0.00444598,4,3992.75
0.00444798,4,3995.82
0.00444998,4,3997.55
0.00445198,4,3999.22
0.00445395,4,4000.46
0.00445599,4,4000.57
0.00445799,4,4000.41
0.00445999,4,4000.92
0.00446193,4,4001.01
0.00446397,4,3999.07
0.00446593,4,3995.26
0.00446794,4,3990.68
0.00446992,4,3985.5
0.00447198,4,3979.81
0.004474,4,3974.79
0.00447594,4,3971.41
0.00447792,4,3968.77
0.00447997,4,3965.88
0.00448198,4,3963.03
0.00448392,4,3960.69
0.00448599,4,3958.45
0.00448793,4,3955.95
0.00448999,4,3953.46
0.00449195,4,3951.5
0.004494,4,3950.11
0.00449594,4,3948.36
0.00449798,4,3945.92
0.00449994,4,3943.79
0.00450193,4,3942.52
0.00450391,4,3941.21
0.00450599,4,3939.32
0.00450793,4,3937.63
0.00450999,4,3936.49
0.00451199,4,3935.2
0.00451398,4,3933.55
0.00451594,4,3932.11
0.00451795,4,3931.04
0.00451996,4,3929.8
0.00452193,4,3928.3
0.00452394,4,3926.98
0.00452593,4,3925.88
0.00452794,4,3924.6
0.00452999,4,3923.11
0.00453193,4,3921.82
0.00453396,4,3920.68
0.00453595,4,3919.36
0.00453792,4,3917.94
0.00453998,4,3916.65
0.00454193,4,3915.46
0.00454394,4,3914.15
0.00454597,4,3912.74
0.004548,4,3911.46
0.00454995,4,3910.27
0.00455198,4,3908.95
0.00455398,4,3907.59
0.004556,4,3906.34
0.00455792,4,3905.15
0.00455997,4,3903.86
0.004562,4,3902.52
0.00456398,4,3901.29
0.00456598,4,3900.1
0.00456796,4,3898.83
0.00456999,4,3897.56
0.004572,4,3896.35
0.00457398,4,3895.17
0.00457597,4,3893.95
0.00457795,4,3892.74
0.00457999,4,3891.57
0.00458195,4,3890.43
0.00458398,4,3889.31
0.00458598,4,3888.27
0.00458796,4,3887.38
0.00458999,4,3886.53
0.00459198,4,3885.59
0.00459398,4,3884.62
0.00459599,4,3883.66
0.00459794,4,3882.73
0.00459999,4,3881.68
0.00460198,4,3880.56
0.00460398,4,3879.54
0.00460596,4,3878.65
0.00460799,4,3877.8
0.00460995,4,3876.94
0.00461197,4,3876.08
0.00461395,4,3875.17
0.00461599,4,3874.19
0.00461796,4,3873.17
0.00461996,4,3872.24
0.00462196,4,3871.42
0.004624,4,3870.7
0.00462593,4,3870.14
0.00462794,4,3869.86
0.00462997,4,3869.96
0.00463197,4,3870.33
0.00463392,4,3870.46
0.00463599,4,3869.75
0.00463796,4,3868.22
0.00463997,4,3866.53
0.00464196,4,3865.23
0.00464395,4,3864.3
0.00464597,4,3863.42
0.00464792,4,3862.54
0.00464995,4,3861.81
0.00465197,4,3861.15
0.00465399,4,3860.43
0.00465593,4,3859.72
0.00465796,4,3859.12
0.00466,4,3858.54
0.00466196,4,3857.92
0.00466398,4,3857.31
0.00466594,4,3856.8
0.00466792,4,3856.31
0.00466993,4,3855.78
0.00467194,4,3855.27
0.00467399,4,3854.84
0.004676,4,3855.22
0.00467798,4,3860.14
0.00467996,4,3870.52
0.00468192,4,3877.68
0.00468399,4,3877.74
0.00468596,4,3881.31
0.00468797,4,3892.79
0.00468993,4,3902.96
0.00469195,4,3910.14
0.00469396,4,3921.06
0.00469595,4,3933.46
0.00469796,4,3940.31
0.00469998,4,3944.13
0.00470193,4,3951.03
0.00470395,4,3958.5
0.00470598,4,3961.68
0.00470794,4,3963.29
0.00470995,4,3966.53
0.00471196,4,3967.82
0.004714,4,3965.79
0.00471593,4,3965.81
0.00471793,4,3969.84
0.00471997,4,3973.71
0.00472199,4,3976.11
0.00472395,4,3980.99
0.00472598,4,3989.03
0.00472794,4,3996.55
0.00472993,4,4003.48
0.00473199,4,4014.18
0.00473394,4,4028.09
0.00473597,4,4040.34
0.00473793,4,4049.87
0.00473996,4,4059.91
0.00474194,4,4071.05
0.00474397,4,4080.58
0.00474597,4,4088.65
0.00474796,4,4097.45
0.00474998,4,4106.27
0.00475199,4,4112.21
0.00475395,4,4115.17
0.00475599,4,4120.27
0.00475792,4,4129.11
0.00475995,4,4138.59
0.00476198,4,4148.3
0.00476396,4,4160.13
0.004766,4,4173.45
0.00476795,4,4185.92
0.00476998,4,4197.94
0.00477192,4,4209.22
0.00477395,4,4217.02
0.00477595,4,4220.39
0.004778,4,4222.1
0.00477993,4,4224.44
0.00478194,4,4226.17
0.00478396,4,4226.04
0.00478593,4,4225.96
0.00478795,4,4228.29
0.00478995,4,4232.68
0.00479199,4,4237.42
0.00479399,4,4242.0
0.00479595,4,4246.56
0.00479795,4,4250.12
0.00479998,4,4251.23
0.00480196,4,4250.64
0.00480392,4,4250.11
0.004806,4,4249.18
0.00480793,4,4246.32
0.00480993,4,4242.16
0.00481191,4,4238.63
0.00481395,4,4236.05
0.00481599,4,4233.11
0.00481794,4,4230.36
0.00481997,4,4229.32
0.00482193,4,4229.49
0.00482396,4,4229.59
0.00482592,4,4230.47
0.00482794,4,4233.62
0.00482996,4,4238.2
0.00483194,4,4242.19
0.00483393,4,4246.03
0.00483596,4,4251.38
0.00483797,4,4257.99
0.00483994,4,4264.94
0.00484196,4,4272.86
0.00484397,4,4282.13
0.00484599,4,4292.49
0.00484797,4,4305.72
0.00484997,4,4325.66
0.00485194,4,4353.25
0.00485397,4,4388.07
0.00485592,4,4433.61
0.00485796,4,4486.22
0.00485999,4,4526.32
0.00486194,4,4548.24
0.00486397,4,4573.33
0.00486596,4,4605.55
0.004868,4,4622.73
0.00486992,4,4622.85
0.00487193,4,4626.4
0.00487399,4,4633.34
0.00487592,4,4626.99
0.00487799,4,4612.63
0.00487995,4,4606.44
0.00488199,4,4604.22
0.00488398,4,4595.56
0.00488599,4,4587.32
0.00488793,4,4586.65
0.00489,4,4585.51
0.00489199,4,4579.31
0.00489395,4,4577.06
0.00489598,4,4581.96
0.004898,4,4587.19
0.00489993,4,4591.78
0.00490199,4,4600.65
0.00490396,4,4609.94
0.00490594,4,4613.17
0.00490796,4,4613.96
0.00490992,4,4616.83
0.00491197,4,4617.88
0.00491395,4,4614.43
0.004916,4,4611.82
0.00491795,4,4612.81
0.00491992,4,4613.04
0.00492195,4,4610.87
0.00492396,4,4609.85
0.00492599,4,4609.85
0.00492793,4,4607.01
0.00492995,4,4602.22
0.00493197,4,4599.25
0.00493394,4,4597.54
0.004936,4,4594.57
0.00493799,4,4591.83
0.00493994,4,4591.23
0.00494195,4,4591.3
0.00494392,4,4591.14
0.00494596,4,4592.3
0.00494794,4,4594.87
0.00494994,4,4596.47
0.00495197,4,4596.63
0.00495393,4,4597.12
0.00495599,4,4604.22
0.00495796,4,4623.14
0.00495995,4,4635.68
0.00496193,4,4636.47
0.00496397,4,4642.8
0.00496599,4,4657.24
0.00496793,4,4664.26
0.00496996,4,4666.33
0.00497194,4,4677.05
0.00497395,4,4692.35
0.00497596,4,4701.12
0.00497792,4,4708.39
0.00497999,4,4722.33
0.00498195,4,4735.58
0.00498397,4,4742.08
0.00498593,4,4749.55
0.00498799,4,4762.02
0.00498999,4,4772.72
0.00499199,4,4780.03
0.00499392,4,4790.32
0.00499599,4,4803.64
0.00499796,4,4814.02
0.00499997,4,4822.38
0.00500198,4,4833.76
0.00500396,4,4846.09
0.00500595,4,4855.71
0.00500796,4,4864.75
0.00500999,4,4875.36
0.00501191,4,4884.69
0.00501397,4,4891.75
0.00501595,4,4898.99
0.00501796,4,4906.64
0.00501993,4,4912.52
0.00502194,4,4917.05
0.00502399,4,4922.49
0.00502599,4,4928.1
0.00502794,4,4932.39
0.00502996,4,4936.61
0.00503193,4,4941.76
0.00503394,4,4946.4
0.00503594,4,4949.8
0.00503793,4,4953.09
0.00503998,4,4956.59
0.00504198,4,4959.06
0.00504399,4,4960.66
0.00504595,4,4962.66
0.00504792,4,4964.95
0.00504994,4,4966.95
0.00505194,4,4969.42
0.00505395,4,4972.86
0.00505599,4,4976.39
0.00505793,4,4979.79
0.00505994,4,4984.07
0.00506194,4,4989.02
0.00506395,4,4993.21
0.00506596,4,4996.47
0.00506794,4,4999.44
0.00506997,4,5002.34
0.00507192,4,5004.94
0.00507396,4,5007.27
0.00507595,4,5009.64
0.00507796,4,5012.43
0.00507994,4,5016.36
0.00508196,4,5022.26
0.00508392,4,5030.42
0.00508598,4,5040.95
0.00508794,4,5052.48
0.00508995,4,5062.61
0.00509196,4,5070.37
0.00509393,4,5076.12
0.00509596,4,5080.78
0.00509796,4,5084.31
0.00509998,4,5086.61
0.00510194,4,5088.16
0.00510393,4,5089.31
0.00510599,4,5090.25
0.00510795,4,5091.6
0.00510997,4,5093.92
0.00511199,4,5096.45
0.00511393,4,5097.99
0.00511596,4,5099.31
0.00511797,4,5101.93
0.00512,4,5106.06
0.00512193,4,5111.09
0.00512399,4,5116.87
0.005126,4,5122.73
0.00512796,4,5126.69
0.00512995,4,5127.63
0.00513193,4,5126.17
0.00513397,4,5123.88
0.00513599,4,5121.69
0.00513792,4,5118.49
0.00513995,4,5113.3
0.00514198,4,5107.95
0.005144,4,5103.53
0.00514598,4,5098.01
0.005148,4,5091.32
0.00514997,4,5086.02
0.00515194,4,5081.93
0.00515398,4,5076.36
0.00515592,4,5069.36
0.00515797,4,5062.33
0.00515994,4,5054.83
0.00516199,4,5046.07
0.00516397,4,5036.98
0.00516594,4,5028.51
0.00516798,4,5019.84
0.00516993,4,5011.3
0.00517198,4,5003.14
0.00517398,4,4994.62
0.00517593,4,4986.05
0.005178,4,4978.08
0.00517993,4,4970.46
0.00518193,4,4961.72
0.005184,4,4953.08
0.00518593,4,4951.75
0.00518798,4,4957.74
0.00518998,4,4962.44
0.005192,4,4965.26
0.00519393,4,4973.24
0.00519599,4,4986.12
0.00519794,4,4997.84
0.00519997,4,5007.97
0.00520192,4,5018.09
0.00520397,4,5024.7
0.00520597,4,5026.13
0.00520795,4,5026.85
0.00520995,4,5029.16
0.00521199,4,5030.57
0.00521394,4,5031.15
0.00521593,4,5033.15
0.00521799,4,5034.88
0.00521995,4,5033.6
0.00522192,4,5030.88
0.00522396,4,5028.13
0.00522597,4,5023.8
0.00522797,4,5017.85
0.00522998,4,5013.06
0.00523194,4,5010.64
0.00523391,4,5009.84
0.00523599,4,5010.73
0.00523793,4,5012.71
0.00523999,4,5013.8
0.00524194,4,5014.87
0.00524397,4,5017.93
0.00524595,4,5021.55
0.00524794,4,5024.84
0.00524997,4,5028.17
0.00525194,4,5028.53
0.00525399,4,5022.64
0.00525594,4,5013.07
0.00525796,4,5004.17
0.00525993,4,4996.21
0.00526194,4,4987.96
0.00526394,4,4980.25
0.00526596,4,4973.65
0.00526797,4,4966.36
0.00526994,4,4958.14
0.00527196,4,4950.37
0.005274,4,4942.65
0.00527599,4,4933.52
0.00527797,4,4923.32
0.00527993,4,4913.5
0.00528192,4,4904.29
0.00528397,4,4896.2
0.00528595,4,4890.83
0.00528796,4,4887.88
0.00528998,4,4887.26
0.00529193,4,4891.01
0.00529395,4,4899.15
0.00529599,4,4908.28
0.00529796,4,4915.39
0.00529998,4,4920.47
0.00530198,4,4923.33
0.00530399,4,4923.48
0.00530599,4,4922.75
0.00530798,4,4923.66
0.00530993,4,4926.12
0.00531195,4,4928.81
0.00531397,4,4931.85
0.00531599,4,4935.6
0.00531794,4,4938.25
0.00531996,4,4937.3
0.00532195,4,4932.18
0.00532392,4,4924.73
0.00532599,4,4916.95
0.00532798,4,4909.94
0.00532992,4,4904.04
0.00533196,4,4899.07
0.00533392,4,4893.96
0.00533597,4,4887.02
0.00533794,4,4878.66
0.00533996,4,4869.74
0.00534198,4,4859.42
0.00534395,4,4847.98
0.00534599,4,4836.79
0.00534793,4,4826.48
0.00534995,4,4815.95
0.00535198,4,4804.64
0.00535394,4,4793.75
0.00535594,4,4782.93
0.00535798,4,4771.04
0.00535995,4,4758.62
0.00536199,4,4746.65
0.00536393,4,4735.56
0.00536592,4,4725.06
0.00536798,4,4714.59
0.00536996,4,4704.67
0.00537193,4,4696.66
0.00537398,4,4691.6
0.00537595,4,4688.63
0.00537795,4,4685.32
0.00537998,4,4680.67
0.00538194,4,4675.19
0.00538392,4,4669.05
0.00538596,4,4662.35
0.00538792,4,4656.26
0.00538995,4,4650.9
0.00539197,4,4645.29
0.00539397,4,4639.13
0.00539595,4,4632.69
0.00539793,4,4625.83
0.0054,4,4617.83
0.00540197,4,4608.78
0.00540396,4,4599.32
0.00540598,4,4589.72
0.00540794,4,4580.35
0.00540996,4,4571.03
0.00541199,4,4561.6
0.00541396,4,4552.62
0.00541594,4,4544.69
0.00541792,4,4538.21
0.00541996,4,4533.75
0.00542199,4,4532.9
0.00542393,4,4537.18
0.00542598,4,4545.36
0.005428,4,4555.28
0.00542999,4,4566.62
0.00543197,4,4578.64
0.00543397,4,4587.72
0.00543599,4,4592.14
0.00543796,4,4594.23
0.00543995,4,4594.63
0.00544197,4,4590.82
0.00544396,4,4583.2
0.00544593,4,4575.99
0.00544799,4,4570.07
0.00544993,4,4562.9
0.00545193,4,4554.93
0.00545397,4,4548.52
0.00545594,4,4542.97
0.00545795,4,4535.87
0.00545995,4,4527.51
0.00546198,4,4518.94
0.00546399,4,4509.57
0.00546598,4,4499.95
0.00546795,4,4491.7
0.00546998,4,4483.63
0.00547194,4,4474.0
0.00547396,4,4464.07
0.00547597,4,4455.47
0.00547794,4,4447.5
0.00547993,4,4439.42
0.00548199,4,4432.81
0.00548393,4,4428.77
0.00548599,4,4425.57
0.005488,4,4422.5
0.00548993,4,4420.8
0.00549196,4,4419.84
0.00549396,4,4417.17
0.005496,4,4411.76
0.00549793,4,4404.9
0.00549993,4,4397.22
0.00550196,4,4388.34
0.00550394,4,4379.14
0.00550599,4,4370.42
0.00550799,4,4361.59
0.00550999,4,4351.84
0.00551198,4,4341.48
0.00551393,4,4331.47
0.00551595,4,4321.66
0.00551797,4,4311.74
0.00551993,4,4302.36
0.00552194,4,4293.63
0.00552394,4,4284.91
0.00552596,4,4275.84
0.00552796,4,4266.7
0.00552996,4,4257.9
0.00553199,4,4249.07
0.00553395,4,4240.08
0.00553594,4,4231.17
0.005538,4,4222.08
0.00553993,4,4212.99
0.00554198,4,4203.96
0.00554399,4,4195.04
0.00554592,4,4186.5
0.00554795,4,4177.74
0.00555,4,4168.67
0.00555192,4,4160.02
0.00555399,4,4151.37
0.00555599,4,4142.44
0.00555793,4,4133.82
0.00555994,4,4125.31
0.00556198,4,4116.58
0.00556398,4,4107.8
0.00556597,4,4099.18
0.00556797,4,4090.67
0.00556995,4,4082.17
0.00557196,4,4074.89
0.00557396,4,4073.18
0.00557599,4,4073.32
0.00557794,4,4069.23
0.00557995,4,4065.25
0.00558195,4,4067.95
0.00558396,4,4076.56
0.00558596,4,4084.88
0.00558794,4,4087.53
0.00558993,4,4085.23
0.00559194,4,4082.07
0.00559395,4,4079.36
0.00559592,4,4076.06
0.00559793,4,4074.17
0.00559992,4,4078.58
0.00560194,4,4090.4
0.00560398,4,4103.64
0.005606,4,4111.46
0.00560798,4,4114.54
0.00560993,4,4116.85
0.00561195,4,4118.98
0.00561396,4,4119.89
0.00561593,4,4120.4
0.005618,4,4120.47
0.00561997,4,4117.48
0.00562195,4,4110.87
0.00562396,4,4103.24
0.005626,4,4096.22
0.00562795,4,4088.97
0.00562994,4,4081.18
0.00563192,4,4073.95
0.00563394,4,4067.43
0.00563595,4,4060.9
0.005638,4,4054.94
0.00563999,4,4050.37
0.00564196,4,4046.62
0.00564392,4,4043.63
0.00564596,4,4042.49
0.00564796,4,4042.28
0.00564992,4,4040.47
0.00565195,4,4036.62
0.00565395,4,4032.08
0.005656,4,4027.13
0.00565796,4,4021.44
0.00565993,4,4015.78
0.00566196,4,4010.52
0.00566397,4,4004.77
0.00566596,4,3997.75
0.00566793,4,3990.4
0.00566995,4,3984.08
0.00567193,4,3978.66
0.00567399,4,3973.02
0.00567598,4,3967.41
0.00567792,4,3963.03
0.00567994,4,3959.5
0.00568199,4,3955.71
0.00568397,4,3951.53
0.00568592,4,3947.44
0.00568795,4,3943.22
0.00568996,4,3938.5
0.00569194,4,3933.9
0.00569392,4,3930.15
0.00569597,4,3927.69
0.00569792,4,3929.24
0.00569994,4,3938.28
0.00570195,4,3952.34
0.00570394,4,3967.08
0.00570597,4,3983.87
0.00570799,4,4002.69
0.00570993,4,4018.31
0.00571197,4,4030.46
0.00571394,4,4045.3
0.00571598,4,4064.03
0.00571795,4,4080.66
0.00572,4,4095.03
0.00572194,4,4112.96
0.00572394,4,4132.54
0.005726,4,4145.84
0.00572798,4,4151.65
0.00573,4,4156.76
0.00573194,4,4162.36
0.00573394,4,4165.83
0.00573594,4,4169.76
0.00573797,4,4174.83
0.00573994,4,4173.52
0.00574193,4,4163.62
0.00574396,4,4153.11
0.00574598,4,4146.51
0.00574793,4,4139.44
0.00574995,4,4130.54
0.00575198,4,4125.1
0.00575392,4,4124.58
0.00575597,4,4124.07
0.00575799,4,4123.17
0.00575998,4,4127.32
0.00576198,4,4137.47
0.00576396,4,4149.0
0.00576597,4,4160.52
0.00576798,4,4174.78
0.00576994,4,4190.51
0.00577195,4,4203.1
0.00577395,4,4211.56
0.00577593,4,4218.4
0.00577798,4,4223.65
0.00577994,4,4224.96
0.00578196,4,4223.3
0.00578399,4,4221.67
0.00578597,4,4221.31
0.00578797,4,4221.98
0.00578997,4,4223.79
0.00579194,4,4226.2
0.00579395,4,4227.34
0.00579594,4,4225.65
0.00579793,4,4221.89
0.00579998,4,4218.07
0.00580193,4,4215.4
0.00580394,4,4213.89
0.00580599,4,4213.84
0.00580797,4,4216.03
0.00580996,4,4220.21
0.00581198,4,4225.11
0.00581398,4,4229.38
0.00581592,4,4231.97
0.00581798,4,4232.04
0.00581996,4,4229.45
0.00582195,4,4225.31
0.00582396,4,4220.3
0.00582592,4,4214.31
0.00582795,4,4207.88
0.00582995,4,4202.6
0.005832,4,4199.07
0.00583396,4,4196.34
0.00583594,4,4194.15
0.00583795,4,4193.25
0.00583998,4,4193.59
0.00584198,4,4194.01
0.00584393,4,4194.29
0.00584597,4,4194.72
0.00584799,4,4194.41
0.00584997,4,4192.25
0.00585192,4,4188.97
0.00585399,4,4185.76
0.00585593,4,4182.59
0.00585796,4,4178.5
0.00585994,4,4173.6
0.00586194,4,4168.76
0.00586399,4,4164.05
0.00586594,4,4159.44
0.00586795,4,4155.06
0.00586994,4,4151.13
0.00587192,4,4147.46
0.00587399,4,4143.43
0.00587592,4,4139.26
0.00587797,4,4135.51
0.00588,4,4132.14
0.00588195,4,4128.88
0.00588399,4,4125.6
0.00588592,4,4122.69
0.00588793,4,4120.13
0.00588992,4,4117.5
0.00589198,4,4114.87
0.00589395,4,4112.62
0.00589593,4,4110.73
0.00589793,4,4108.93
0.00589997,4,4107.43
0.00590197,4,4106.59
0.00590394,4,4106.24
0.00590593,4,4105.8
0.00590793,4,4105.0
0.00591,4,4104.0
0.00591193,4,4102.97
0.00591396,4,4101.77
0.005916,4,4100.22
0.00591793,4,4098.6
0.00592,4,4097.13
0.00592199,4,4095.92
0.00592397,4,4094.97
0.00592594,4,4094.1
0.00592794,4,4093.2
0.00592994,4,4092.33
0.00593199,4,4091.52
0.00593397,4,4090.7
0.00593597,4,4089.84
0.00593796,4,4088.92
0.00593996,4,4087.97
0.00594197,4,4086.94
0.00594396,4,4085.84
0.00594593,4,4084.75
0.00594794,4,4083.65
0.00594995,4,4082.49
0.00595198,4,4081.25
0.00595396,4,4080.0
0.00595599,4,4078.72
0.00595799,4,4077.37
0.00595996,4,4075.96
0.00596199,4,4074.5
0.00596393,4,4073.03
0.00596597,4,4071.48
0.00596799,4,4069.84
0.00596997,4,4068.19
0.00597195,4,4066.52
0.00597392,4,4064.79
0.00597592,4,4062.98
0.00597794,4,4061.12
0.00597994,4,4059.22
0.00598199,4,4057.24
0.00598397,4,4055.25
0.00598594,4,4053.38
0.00598795,4,4051.53
0.00598994,4,4049.62
0.00599195,4,4047.67
0.00599394,4,4045.77
0.00599599,4,4043.88
0.00599794,4,4042.02
0.00599994,4,4040.23
0.00600199,4,4038.49
0.00600397,4,4036.73
0.00600592,4,4034.79
0.00600794,4,4032.62
0.00600995,4,4030.37
0.00601192,4,4028.21
0.00601399,4,4026.11
0.00601599,4,4024.1
0.00601794,4,4022.45
0.00601994,4,4021.26
0.00602193,4,4020.38
0.00602393,4,4019.55
0.00602592,4,4018.43
0.00602797,4,4016.51
0.00602992,4,4013.67
0.00603197,4,4010.58
0.00603399,4,4008.3
0.00603592,4,4007.22
0.00603792,4,4006.72
0.00603994,4,4006.35
0.00604197,4,4006.6
0.00604398,4,4008.3
0.00604592,4,4011.97
0.00604797,4,4017.43
0.00604994,4,4023.1
0.00605195,4,4027.76
0.00605396,4,4031.68
0.00605597,4,4034.53
0.00605796,4,4035.02
0.00605996,4,4032.5
0.00606194,4,4027.91
0.00606394,4,4022.68
0.00606594,4,4017.58
0.00606796,4,4012.93
0.00607,4,4008.94
0.00607197,4,4005.66
0.00607397,4,4007.18
0.00607593,4,4025.81
0.00607795,4,4057.23
0.00607992,4,4076.81
0.00608198,4,4080.17
0.00608396,4,4086.09
0.00608595,4,4095.88
0.00608795,4,4094.08
0.00608996,4,4084.56
0.00609193,4,4086.5
0.00609395,4,4099.29
0.00609593,4,4107.66
0.00609793,4,4111.75
0.00609999,4,4121.22
0.00610197,4,4131.0
0.00610396,4,4132.46
0.00610599,4,4133.57
0.00610796,4,4145.11
0.00610997,4,4161.42
0.00611193,4,4171.81
0.00611394,4,4178.6
0.00611594,4,4188.53
0.00611792,4,4198.63
0.00611998,4,4205.39
0.00612193,4,4214.38
0.00612394,4,4230.36
0.00612595,4,4248.79
0.00612794,4,4265.36
0.00612992,4,4283.81
0.00613197,4,4306.18
0.00613397,4,4327.12
0.00613599,4,4343.4
0.00613792,4,4357.03
0.00613993,4,4368.88
0.00614195,4,4377.28
0.00614398,4,4381.79
0.00614594,4,4384.15
0.00614795,4,4383.78
0.00614995,4,4378.24
0.00615195,4,4368.47
0.00615395,4,4358.27
0.00615594,4,4349.16
0.006158,4,4340.23
0.00615997,4,4332.07
0.00616199,4,4325.54
0.00616397,4,4319.14
0.00616594,4,4311.56
0.00616798,4,4303.95
0.00616999,4,4298.01
0.00617198,4,4293.19
0.00617397,4,4288.71
0.00617595,4,4285.34
0.00617793,4,4283.31
0.00617994,4,4281.64
0.00618199,4,4280.32
0.00618392,4,4280.58
0.00618595,4,4282.81
0.00618798,4,4287.21
0.00619,4,4294.0
0.00619199,4,4301.43
0.00619395,4,4308.65
0.00619596,4,4315.78
0.00619793,4,4319.55
0.00619992,4,4319.26
0.00620194,4,4317.68
0.006204,4,4315.91
0.00620596,4,4313.26
0.00620796,4,4310.68
0.00620994,4,4309.44
0.00621199,4,4308.3
0.00621392,4,4305.68
0.00621594,4,4302.3
0.00621794,4,4299.28
0.00621998,4,4296.18
0.00622194,4,4292.64
0.00622395,4,4289.36
0.00622597,4,4286.52
0.00622793,4,4283.49
0.00622997,4,4280.1
0.00623195,4,4277.55
0.00623397,4,4276.59
0.00623596,4,4275.91
0.00623798,4,4274.07
0.00623999,4,4271.38
0.00624192,4,4268.25
0.00624392,4,4263.84
0.00624593,4,4258.19
0.00624794,4,4253.62
0.00624992,4,4251.57
0.00625197,4,4250.76
0.00625397,4,4249.26
0.00625597,4,4246.36
0.00625799,4,4242.28
0.00625998,4,4237.36
0.00626196,4,4231.89
0.00626394,4,4226.3
0.00626593,4,4220.94
0.00626794,4,4215.69
0.00626993,4,4210.47
0.00627194,4,4205.63
0.00627392,4,4201.32
0.00627596,4,4196.7
0.00627794,4,4191.05
0.00627997,4,4184.74
0.00628198,4,4178.34
0.00628393,4,4171.79
0.00628598,4,4164.38
0.00628799,4,4156.23
0.00628992,4,4149.79
0.00629196,4,4145.57
0.00629393,4,4139.69
0.00629594,4,4131.59
0.00629794,4,4124.91
0.0063,4,4120.07
0.00630195,4,4113.8
0.00630398,4,4105.93
0.00630598,4,4098.98
0.00630795,4,4092.73
0.00630998,4,4084.63
0.00631197,4,4075.46
0.00631396,4,4067.67
0.00631596,4,4060.66
0.00631799,4,4052.83
0.00631999,4,4045.05
0.00632196,4,4038.81
0.00632395,4,4033.07
0.00632598,4,4026.31
0.00632798,4,4019.28
0.00633,4,4013.07
0.00633192,4,4007.19
0.006334,4,4000.71
0.00633592,4,3994.38
0.00633796,4,3988.81
0.00633999,4,3983.24
0.00634198,4,3977.62
0.006344,4,3972.78
0.00634592,4,3969.5
0.00634797,4,3967.36
0.00634999,4,3965.76
0.00635196,4,3964.53
0.00635398,4,3963.67
0.00635596,4,3963.26
0.00635798,4,3963.42
0.00636,4,3963.96
0.00636195,4,3964.03
0.00636394,4,3962.72
0.00636597,4,3959.88
0.00636793,4,3956.19
0.00636998,4,3952.12
0.006372,4,3947.93
0.00637394,4,3944.13
0.00637593,4,3940.96
0.00637799,4,3938.27
0.00637993,4,3936.11
0.00638196,4,3934.86
0.00638399,4,3934.9
0.00638594,4,3936.04
0.00638795,4,3938.14
0.00638992,4,3942.01
0.00639198,4,3948.31
0.00639398,4,3955.82
0.00639595,4,3962.37
0.00639795,4,3967.1
0.00639994,4,3970.17
0.00640197,4,3972.18
0.00640394,4,3973.8
0.00640597,4,3975.53
0.00640796,4,3977.57
0.00640995,4,3980.07
0.006412,4,3983.41
0.00641394,4,3987.12
0.00641595,4,3989.96
0.00641796,4,3991.3
0.00641998,4,3992.14
0.00642195,4,3994.26
0.00642396,4,3998.68
0.00642595,4,4005.41
0.00642793,4,4013.55
0.00642995,4,4021.65
0.00643193,4,4027.84
0.00643398,4,4031.34
0.00643592,4,4032.7
0.00643796,4,4033.65
0.00643997,4,4039.01
0.00644199,4,4053.28
0.00644397,4,4070.97
0.00644595,4,4085.3
0.00644797,4,4099.52
0.00644993,4,4117.23
0.00645197,4,4133.55
0.00645392,4,4143.41
0.00645594,4,4150.59
0.00645799,4,4159.35
0.00645994,4,4165.81
0.00646192,4,4166.84
0.00646396,4,4165.92
0.00646599,4,4165.9
0.00646798,4,4164.24
0.00646998,4,4160.26
0.00647192,4,4157.5
0.00647396,4,4155.47
0.00647592,4,4149.57
0.00647798,4,4139.19
0.00647997,4,4127.6
0.00648197,4,4115.47
0.00648393,4,4101.28
0.00648592,4,4086.71
0.00648797,4,4074.37
0.00648999,4,4063.74
0.00649197,4,4052.9
0.00649398,4,4042.6
0.00649592,4,4034.41
0.00649799,4,4026.72
0.00649998,4,4017.77
0.00650196,4,4008.73
0.00650392,4,4000.58
0.00650593,4,3992.64
0.00650793,4,3984.8
0.00650999,4,3977.53
0.00651196,4,3971.37
0.00651392,4,3967.17
0.00651594,4,3964.12
0.00651798,4,3959.41
0.00651997,4,3952.02
0.00652196,4,3943.76
0.00652394,4,3935.91
0.00652592,4,3928.2
0.00652795,4,3920.53
0.00653,4,3913.93
0.00653199,4,3909.35
0.00653397,4,3905.66
0.00653598,4,3900.98
0.00653793,4,3895.14
0.00653994,4,3888.74
0.00654195,4,3881.64
0.00654399,4,3873.49
0.00654592,4,3864.81
0.00654798,4,3855.8
0.00654994,4,3846.56
0.00655199,4,3837.59
0.00655399,4,3829.39
0.00655593,4,3822.12
0.00655794,4,3814.54
0.00655995,4,3806.64
0.00656198,4,3800.08
0.00656399,4,3794.81
0.00656597,4,3788.68
0.00656793,4,3781.44
0.00656998,4,3774.79
0.00657196,4,3769.25
0.00657396,4,3763.35
0.00657596,4,3756.67
0.00657797,4,3750.35
0.00657992,4,3744.43
0.00658197,4,3737.67
0.00658398,4,3730.14
0.00658597,4,3723.03
0.00658796,4,3716.2
0.00658993,4,3708.97
0.00659199,4,3701.39
0.00659393,4,3694.32
0.00659595,4,3687.58
0.00659798,4,3680.55
0.00659992,4,3673.7
0.00660192,4,3667.22
0.00660399,4,3660.57
0.00660594,4,3653.75
0.00660792,4,3647.11
0.00660992,4,3640.63
0.00661198,4,3634.05
0.00661393,4,3627.35
0.00661593,4,3620.77
0.00661796,4,3614.27
0.00661998,4,3607.76
0.00662193,4,3601.31
0.00662395,4,3595.04
0.00662599,4,3588.91
0.00662795,4,3582.87
0.00662997,4,3576.59
0.00663194,4,3570.21
0.00663393,4,3563.97
0.00663598,4,3557.5
0.00663793,4,3550.81
0.00663997,4,3544.09
0.00664197,4,3537.56
0.00664399,4,3531.27
0.006646,4,3525.08
0.00664795,4,3519.08
0.00664998,4,3513.0
0.00665197,4,3506.66
0.00665392,4,3500.32
0.00665595,4,3494.03
0.00665799,4,3487.8
0.00666,4,3481.69
0.00666198,4,3475.76
0.00666395,4,3470.04
0.00666592,4,3464.37
0.00666797,4,3458.54
0.00667,4,3452.85
0.00667199,4,3447.96
0.00667393,4,3444.31
0.00667597,4,3441.93
0.00667794,4,3440.48
0.00667994,4,3439.18
0.006682,4,3436.74
0.00668395,4,3432.12
0.00668597,4,3425.51
0.00668798,4,3418.11
0.00668997,4,3410.97
0.00669197,4,3403.87
0.00669393,4,3396.63
0.006696,4,3389.39
0.00669798,4,3382.48
0.00669993,4,3375.9
0.00670198,4,3369.14
0.00670393,4,3362.61
0.00670598,4,3356.54
0.00670798,4,3350.5
0.00670994,4,3344.34
0.00671195,4,3338.09
0.00671397,4,3331.96
0.00671594,4,3326.02
0.00671793,4,3320.03
0.00671992,4,3313.96
0.00672196,4,3307.94
0.00672394,4,3302.02
0.00672599,4,3296.03
0.00672798,4,3290.04
0.00672999,4,3284.22
0.00673194,4,3278.5
0.00673399,4,3272.68
0.00673599,4,3266.77
0.00673798,4,3261.04
0.00673994,4,3255.4
0.00674196,4,3249.68
0.00674398,4,3243.87
0.00674596,4,3238.19
0.00674793,4,3232.61
0.00674993,4,3226.98
0.00675196,4,3221.26
0.00675392,4,3215.65
0.00675597,4,3210.07
0.00675797,4,3204.78
0.00675996,4,3201.04
0.00676199,4,3199.6
0.00676394,4,3199.21
0.00676595,4,3197.83
0.00676796,4,3195.49
0.00676999,4,3193.9
0.006772,4,3193.69
0.00677398,4,3194.1
0.00677592,4,3195.0
0.00677799,4,3197.07
0.00677995,4,3199.97
0.00678193,4,3202.49
0.00678398,4,3204.65
0.00678596,4,3207.55
0.00678797,4,3211.63
0.00678993,4,3215.87
0.00679198,4,3219.43
0.00679396,4,3222.38
0.00679596,4,3224.82
0.00679793,4,3226.49
0.00679995,4,3228.07
0.00680194,4,3231.49
0.00680393,4,3236.91
0.00680593,4,3241.42
0.00680794,4,3241.85
0.00680997,4,3238.04
0.00681195,4,3232.22
0.00681396,4,3225.74
0.00681595,4,3218.17
0.00681798,4,3209.11
0.00681995,4,3199.36
0.006822,4,3189.82
0.00682397,4,3180.62
0.00682598,4,3171.08
0.00682799,4,3160.7
0.00682995,4,3150.82
0.00683192,4,3142.58
0.00683399,4,3135.77
0.00683598,4,3130.08
0.006838,4,3125.25
0.00683995,4,3120.78
0.00684196,4,3116.32
0.00684397,4,3111.99
0.00684599,4,3107.72
0.00684797,4,3102.82
0.00684996,4,3096.95
0.00685193,4,3090.8
0.00685398,4,3085.1
0.00685597,4,3079.65
0.00685796,4,3073.69
0.00686,4,3066.94
0.00686193,4,3060.43
0.00686394,4,3054.55
0.00686595,4,3048.76
0.00686797,4,3042.82
0.00686999,4,3037.08
0.00687193,4,3031.88
0.00687396,4,3026.8
0.00687593,4,3021.46
0.00687799,4,3016.04
0.00687994,4,3010.91
0.00688196,4,3005.94
0.00688396,4,3000.77
0.00688594,4,2995.58
0.00688793,4,2990.59
0.00688993,4,2985.73
0.00689195,4,2980.85
0.00689398,4,2975.88
0.00689596,4,2970.88
0.00689794,4,2965.99
0.00689999,4,2961.26
0.00690193,4,2957.77
0.00690395,4,2959.22
0.006906,4,2966.84
0.00690793,4,2973.9
0.00690994,4,2975.78
0.00691199,4,2977.17
0.00691398,4,2982.58
0.00691596,4,2986.47
0.00691798,4,2982.89
0.00691992,4,2976.24
0.00692199,4,2975.13
0.00692397,4,2979.96
0.00692594,4,2983.42
0.00692797,4,2984.39
0.00692997,4,2989.88
0.00693196,4,3002.89
0.00693393,4,3018.78
0.00693593,4,3033.78
0.00693794,4,3049.32
0.00693992,4,3065.96
0.00694198,4,3078.44
0.00694397,4,3081.9
0.00694599,4,3080.96
0.00694796,4,3082.62
0.00694994,4,3085.04
0.00695198,4,3082.41
0.00695399,4,3075.39
0.006956,4,3068.93
0.00695799,4,3062.72
0.00695997,4,3053.49
0.00696195,4,3042.8
0.00696398,4,3035.06
0.00696597,4,3030.41
0.00696796,4,3025.28
0.00696998,4,3019.47
0.00697192,4,3016.21
0.00697397,4,3015.34
0.00697593,4,3013.87
0.00697792,4,3011.77
0.00697993,4,3011.81
0.00698196,4,3014.39
0.00698392,4,3016.72
0.00698595,4,3017.59
0.00698797,4,3018.61
0.00698999,4,3020.06
0.00699195,4,3019.05
0.00699393,4,3013.7
0.00699598,4,3005.67
0.00699794,4,2998.09
0.00699995,4,2991.3
0.00700196,4,2983.76
0.00700396,4,2975.65
0.00700599,4,2968.05
0.00700794,4,2961.41
0.00700992,4,2955.29
0.00701194,4,2949.52
0.00701396,4,2944.38
0.00701598,4,2939.41
0.00701794,4,2934.01
0.00701996,4,2928.45
0.00702196,4,2923.86
0.00702397,4,2920.67
0.00702592,4,2917.94
0.00702794,4,2914.87
0.00702995,4,2911.8
0.00703197,4,2909.39
0.00703395,4,2907.9
0.007036,4,2907.82
0.00703794,4,2909.78
0.00703995,4,2912.9
0.00704198,4,2914.4
0.00704393,4,2912.51
0.00704598,4,2908.35
0.00704797,4,2903.47
0.00704999,4,2898.56
0.00705193,4,2894.07
0.007054,4,2889.93
0.007056,4,2885.12
0.00705793,4,2879.13
0.00705998,4,2872.89
0.00706195,4,2868.48
0.00706396,4,2867.1
0.00706596,4,2868.68
0.00706793,4,2872.1
0.00706999,4,2875.47
0.00707194,4,2877.97
0.00707396,4,2880.2
0.00707595,4,2881.89
0.00707793,4,2881.67
0.00707996,4,2879.34
0.00708198,4,2875.92
0.00708398,4,2871.67
0.00708594,4,2865.89
0.00708799,4,2858.8
0.00708995,4,2852.63
0.00709194,4,2849.3
0.00709394,4,2848.15
0.00709598,4,2846.65
0.00709796,4,2842.91
0.0071,4,2837.32
0.00710195,4,2831.32
0.00710393,4,2825.17
0.00710599,4,2817.93
0.00710795,4,2810.2
0.00710994,4,2804.39
0.00711194,4,2804.25
0.00711395,4,2810.28
0.00711599,4,2815.23
0.00711799,4,2812.45
0.00711993,4,2806.12
0.00712193,4,2804.52
0.007124,4,2808.83
0.00712596,4,2812.58
0.00712793,4,2812.58
0.00712997,4,2812.07
0.00713193,4,2813.17
0.00713399,4,2812.98
0.00713596,4,2808.91
0.00713796,4,2803.12
0.00713997,4,2798.75
0.00714193,4,2795.78
0.00714399,4,2791.82
0.00714597,4,2786.59
0.00714793,4,2782.08
0.00715,4,2778.7
0.007152,4,2775.06
0.00715396,4,2770.66
0.00715592,4,2766.79
0.00715797,4,2764.42
0.00715998,4,2763.02
0.00716192,4,2761.8
0.00716394,4,2761.34
0.00716596,4,2762.78
0.00716794,4,2765.56
0.00716998,4,2768.3
0.00717197,4,2771.02
0.00717395,4,2774.97
0.00717597,4,2780.57
0.00717796,4,2786.63
0.00717996,4,2792.78
0.00718195,4,2800.47
0.00718394,4,2810.27
0.00718594,4,2820.72
0.00718798,4,2830.09
0.00718992,4,2838.11
0.00719193,4,2845.85
0.00719393,4,2853.31
0.00719595,4,2858.64
0.00719793,4,2860.54
0.00719995,4,2859.45
0.00720196,4,2856.24
0.00720393,4,2851.32
0.00720598,4,2845.0
0.00720793,4,2838.45
0.00720993,4,2832.9
0.00721192,4,2828.96
0.00721396,4,2826.86
0.00721596,4,2825.89
0.00721794,4,2824.96
0.00721999,4,2823.55
0.00722195,4,2822.21
0.00722395,4,2821.31
0.00722596,4,2820.12
0.00722799,4,2817.75
0.00722994,4,2814.37
0.00723197,4,2810.34
0.00723399,4,2805.4
0.00723593,4,2799.47
0.00723798,4,2792.84
0.00723993,4,2786.42
0.00724194,4,2780.68
0.00724394,4,2775.07
0.007246,4,2769.25
0.00724797,4,2763.43
0.00724993,4,2757.61
0.00725194,4,2751.39
0.00725397,4,2744.99
0.00725596,4,2739.05
0.00725796,4,2733.71
0.00725995,4,2728.78
0.00726197,4,2724.29
0.00726394,4,2720.28
0.00726595,4,2716.4
0.00726795,4,2712.31
0.00727,4,2708.07
0.00727193,4,2703.9
0.00727394,4,2699.59
0.00727593,4,2694.88
0.00727794,4,2690.17
0.00727995,4,2685.74
0.00728193,4,2681.63
0.00728398,4,2677.72
0.00728599,4,2673.99
0.00728793,4,2670.49
0.00728995,4,2666.83
0.00729193,4,2662.83
0.00729397,4,2658.62
0.00729597,4,2654.53
0.00729793,4,2650.79
0.00729998,4,2647.13
0.00730193,4,2643.48
0.00730396,4,2639.92
0.00730595,4,2636.5
0.007308,4,2633.14
0.00730994,4,2629.72
0.00731196,4,2626.32
0.00731393,4,2623.32
0.00731599,4,2621.47
0.00731798,4,2620.93
0.00731997,4,2620.46
0.00732197,4,2618.76
0.007324,4,2616.33
0.00732596,4,2614.51
0.00732798,4,2613.32
0.00732998,4,2611.68
0.00733197,4,2609.22
0.00733399,4,2606.65
0.00733594,4,2604.54
0.00733792,4,2602.38
0.00733993,4,2599.49
0.00734194,4,2596.22
0.00734399,4,2593.55
0.00734595,4,2591.75
0.00734798,4,2590.31
0.00734997,4,2589.54
0.00735195,4,2590.55
0.00735393,4,2593.0
0.00735599,4,2594.63
0.00735797,4,2593.69
0.00735997,4,2590.91
0.00736193,4,2587.92
0.00736397,4,2585.05
0.007366,4,2581.64
0.00736793,4,2577.76
0.00736995,4,2573.99
0.00737199,4,2570.43
0.00737393,4,2566.66
0.00737598,4,2562.36
0.00737795,4,2558.02
0.00737992,4,2554.24
0.00738195,4,2550.56
0.00738397,4,2546.36
0.00738596,4,2541.85
0.00738796,4,2537.57
0.00738994,4,2533.63
0.00739193,4,2529.71
0.00739394,4,2525.69
0.00739595,4,2521.9
0.00739794,4,2518.53
0.00739998,4,2515.34
0.00740198,4,2512.24
0.00740398,4,2509.59
0.00740596,4,2507.77
0.00740798,4,2506.87
0.00740999,4,2506.78
0.00741197,4,2507.42
0.00741393,4,2508.81
0.00741596,4,2511.04
0.00741794,4,2513.97
0.00741993,4,2516.7
0.00742193,4,2517.9
0.007424,4,2516.96
0.00742596,4,2514.77
0.00742792,4,2512.45
0.00742993,4,2510.03
0.00743196,4,2507.23
0.00743393,4,2504.64
0.00743598,4,2503.54
0.00743796,4,2505.38
0.00743993,4,2510.24
0.00744197,4,2516.03
0.00744398,4,2519.97
0.00744598,4,2521.95
0.00744796,4,2524.25
0.00744997,4,2527.77
0.00745199,4,2531.58
0.00745393,4,2535.92
0.007456,4,2542.85
0.00745798,4,2551.97
0.00745998,4,2559.25
0.00746193,4,2562.4
0.00746398,4,2562.97
0.00746598,4,2563.33
0.00746793,4,2563.27
0.00746994,4,2561.76
0.007472,4,2559.7
0.00747398,4,2558.84
0.007476,4,2558.75
0.00747796,4,2557.74
0.00747995,4,2555.6
0.00748195,4,2553.39
0.007484,4,2551.28
0.00748598,4,2548.36
0.00748797,4,2544.72
0.00749,4,2541.58
0.00749198,4,2539.34
0.00749398,4,2536.69
0.00749593,4,2532.98
0.00749796,4,2529.18
0.00749994,4,2526.43
0.00750197,4,2524.45
0.007504,4,2522.53
0.007506,4,2521.4
0.00750798,4,2522.25
0.00750997,4,2525.21
0.00751193,4,2530.05
0.00751396,4,2538.18
0.00751595,4,2551.84
0.00751795,4,2570.14
0.00751992,4,2588.31
0.00752196,4,2603.06
0.00752397,4,2616.46
0.00752596,4,2631.21
0.00752794,4,2645.15
0.00752998,4,2654.46
0.007532,4,2659.88
0.00753393,4,2664.46
0.00753599,4,2667.42
0.00753797,4,2665.32
0.00753996,4,2658.79
0.00754196,4,2651.67
0.00754396,4,2644.86
0.00754593,4,2635.86
0.00754799,4,2623.98
0.00754995,4,2612.73
0.00755195,4,2604.8
0.00755395,4,2598.54
0.00755599,4,2591.26
0.00755792,4,2583.73
0.00755998,4,2578.31
0.00756195,4,2575.18
0.00756395,4,2572.53
0.00756595,4,2569.25
0.00756794,4,2566.28
0.00756995,4,2564.37
0.00757197,4,2562.49
0.00757396,4,2559.69
0.00757599,4,2557.29
0.00757794,4,2557.59
0.00757997,4,2560.73
0.00758192,4,2564.96
0.00758394,4,2569.84
0.00758596,4,2577.18
0.00758795,4,2587.17
0.00758995,4,2596.46
0.00759197,4,2601.28
0.00759394,4,2601.69
0.00759596,4,2600.91
0.00759796,4,2601.14
0.00759995,4,2602.45
0.00760198,4,2604.14
0.00760399,4,2605.45
0.00760594,4,2605.64
0.00760793,4,2604.74
0.00760993,4,2603.59
0.00761196,4,2602.8
0.00761392,4,2601.89
0.00761599,4,2599.96
0.00761798,4,2596.83
0.00761992,4,2592.82
0.00762194,4,2587.79
0.00762393,4,2581.77
0.00762593,4,2575.38
0.00762794,4,2568.92
0.00762998,4,2562.24
0.00763199,4,2555.49
0.00763397,4,2549.38
0.00763593,4,2544.15
0.00763795,4,2539.24
0.00763993,4,2534.2
0.00764197,4,2529.26
0.00764396,4,2524.78
0.00764597,4,2520.61
0.007648,4,2516.24
0.00764993,4,2511.71
0.007652,4,2507.19
0.00765399,4,2502.78
0.007656,4,2498.44
0.00765796,4,2494.11
0.00766,4,2489.98
0.00766195,4,2486.26
0.00766398,4,2482.73
0.00766594,4,2479.08
0.00766793,4,2475.36
0.00767,4,2471.69
0.00767196,4,2468.25
0.00767395,4,2464.85
0.00767595,4,2461.29
0.00767796,4,2457.75
0.00767992,4,2454.41
0.00768197,4,2451.1
0.007684,4,2447.64
0.00768594,4,2444.22
0.00768797,4,2440.91
0.00768995,4,2437.67
0.00769193,4,2434.43
0.00769399,4,2431.05
0.00769592,4,2427.76
0.00769796,4,2424.59
0.00769998,4,2421.36
0.00770198,4,2418.09
0.00770393,4,2414.87
0.00770596,4,2411.71
0.00770798,4,2408.53
0.00770995,4,2405.36
0.00771194,4,2402.19
0.00771394,4,2399.02
0.00771598,4,2395.88
0.00771798,4,2392.74
0.00771998,4,2389.59
0.00772199,4,2386.44
0.00772395,4,2383.36
0.00772598,4,2380.3
0.00772796,4,2377.18
0.00772993,4,2374.1
0.00773198,4,2370.99
0.00773395,4,2367.92
0.00773593,4,2364.9
0.00773799,4,2361.78
0.00773996,4,2358.68
0.00774192,4,2355.69
0.00774395,4,2352.67
0.00774598,4,2349.57
0.00774793,4,2346.53
0.00774995,4,2343.52
0.00775197,4,2340.47
0.00775396,4,2337.44
0.00775594,4,2334.42
0.00775794,4,2331.41
0.00775997,4,2328.38
0.00776192,4,2325.39
0.00776392,4,2322.42
0.00776596,4,2319.37
0.00776799,4,2316.32
0.00777,4,2313.31
0.00777199,4,2310.32
0.00777393,4,2307.36
0.00777597,4,2304.38
0.00777792,4,2301.41
0.00777998,4,2298.43
0.00778195,4,2295.42
0.007784,4,2292.42
0.00778596,4,2289.44
0.00778795,4,2286.51
0.00778993,4,2283.57
0.00779193,4,2280.6
0.00779392,4,2277.65
0.00779596,4,2274.67
0.00779799,4,2271.67
0.00779993,4,2268.72
0.00780196,4,2265.77
0.00780395,4,2262.8
0.00780594,4,2259.88
0.00780792,4,2256.94
0.00780999,4,2253.95
0.00781199,4,2250.95
0.00781398,4,2248.02
0.00781593,4,2245.12
0.00781799,4,2242.16
0.00781998,4,2239.17
0.00782197,4,2236.25
0.00782399,4,2233.31
0.00782593,4,2230.4
0.00782795,4,2227.49
0.00783,4,2224.52
0.00783194,4,2221.72
0.00783395,4,2219.16
0.00783597,4,2216.71
0.00783795,4,2214.23
0.00783995,4,2211.6
0.00784196,4,2208.97
0.007844,4,2206.5
0.00784596,4,2204.24
0.007848,4,2202.02
0.00784995,4,2199.94
0.00785197,4,2198.67
0.00785396,4,2199.29
0.007856,4,2202.26
0.00785797,4,2207.03
0.00785995,4,2213.35
0.00786194,4,2220.94
0.00786395,4,2227.92
0.00786599,4,2232.29
0.00786796,4,2234.44
0.00786993,4,2236.45
0.00787196,4,2238.49
0.00787398,4,2238.27
0.00787599,4,2234.38
0.00787799,4,2228.31
0.00787997,4,2222.16
0.00788194,4,2216.29
0.00788393,4,2210.01
0.007886,4,2203.45
0.00788794,4,2198.09
0.00788997,4,2194.24
0.00789199,4,2190.56
0.00789397,4,2186.17
0.00789594,4,2181.74
0.00789795,4,2178.25
0.00789997,4,2175.48
0.00790195,4,2172.4
0.00790394,4,2168.95
0.00790592,4,2166.13
0.00790799,4,2164.5
0.00790999,4,2163.41
0.00791197,4,2162.15
0.00791396,4,2161.2
0.00791599,4,2161.49
0.00791793,4,2162.91
0.00791995,4,2164.78
0.00792196,4,2167.32
0.00792395,4,2171.14
0.00792599,4,2176.01
0.00792793,4,2180.64
0.00792999,4,2184.5
0.00793197,4,2188.16
0.00793397,4,2192.22
0.00793592,4,2196.65
0.00793794,4,2201.11
0.00793993,4,2205.77
0.00794199,4,2210.89
0.00794398,4,2215.84
0.00794593,4,2219.6
0.00794795,4,2223.2
0.00794993,4,2227.33
0.00795197,4,2229.98
0.00795399,4,2229.25
0.00795596,4,2226.39
0.00795794,4,2223.47
0.00795994,4,2219.97
0.00796194,4,2214.3
0.00796398,4,2207.02
0.00796592,4,2200.82
0.007968,4,2197.5
0.00796998,4,2199.16
0.00797192,4,2209.22
0.00797394,4,2226.93
0.00797599,4,2243.0
0.00797798,4,2248.9
0.00798,4,2248.62
0.00798193,4,2250.47
0.00798399,4,2255.36
0.00798597,4,2258.09
0.00798796,4,2257.09
0.00798999,4,2256.85
0.00799192,4,2259.79
0.00799392,4,2262.33
0.00799595,4,2260.46
0.00799796,4,2255.24
0.00799998,4,2250.37
0.0,5,1.88751e-61
1.98e-06,5,6.59792e-34
3.96e-06,5,3.88057e-33
5.94e-06,5,-2.55042e-22
7.92e-06,5,-2.72235e-17
9.98996e-06,5,-3.41437e-13
1.19695e-05,5,-3.63095e-10
1.39473e-05,5,-7.0956e-08
1.59208e-05,5,-3.94426e-06
1.79787e-05,5,-8.91891e-05
1.99469e-05,5,-0.00081929
2.19264e-05,5,-0.00296668
2.39964e-05,5,0.00368104
2.59764e-05,5,0.0763471
2.79564e-05,5,0.339618
2.99364e-05,5,1.0742
3.1916e-05,5,15.4111
3.39831e-05,5,75.9641
3.59621e-05,5,152.052
3.7942e-05,5,230.602
3.99218e-05,5,312.645
4.19911e-05,5,349.729
4.39684e-05,5,360.8
4.59451e-05,5,354.463
4.79186e-05,5,322.44
4.99768e-05,5,287.039
5.19394e-05,5,266.645
5.39838e-05,5,268.698
5.59324e-05,5,297.332
5.79637e-05,5,333.419
5.99908e-05,5,359.277
6.19278e-05,5,378.528
6.39671e-05,5,396.614
6.5946e-05,5,397.581
6.79263e-05,5,389.227
6.99099e-05,5,378.257
7.19694e-05,5,363.809
7.39325e-05,5,351.289
7.59803e-05,5,343.713
7.7936e-05,5,337.125
7.99797e-05,5,332.03
8.19313e-05,5,330.55
8.39664e-05,5,331.765
8.59951e-05,5,355.28
8.79296e-05,5,402.455
8.99466e-05,5,465.394
9.19602e-05,5,517.152
9.39115e-05,5,546.299
9.59546e-05,5,572.18
9.79941e-05,5,598.571
9.99464e-05,5,623.966
0.000101988,5,658.466
0.000103942,5,696.976
0.000105985,5,731.302
0.000107941,5,760.673
0.000109988,5,761.582
0.000111939,5,722.828
0.000113976,5,658.892
0.000115921,5,601.859
0.000117954,5,574.28
0.000119984,5,571.092
0.000121924,5,582.125
0.000123961,5,604.075
0.000125913,5,636.479
0.000127956,5,664.422
0.000129934,5,666.959
0.000132,5,623.502
0.00013396,5,536.138
0.000135917,5,444.122
0.000137962,5,372.66
0.000139931,5,319.554
0.000141993,5,266.244
0.000143968,5,184.645
0.000145941,5,106.248
0.00014799,5,40.5563
0.000149948,5,-13.8048
0.000151991,5,-55.6865
0.000153952,5,-54.5287
0.000155999,5,0.0871877
0.000157953,5,92.0543
0.000159993,5,216.513
0.000161944,5,362.225
0.000163982,5,458.671
0.000165944,5,471.195
0.000167914,5,435.291
0.000169966,5,367.373
0.000171922,5,270.685
0.00017396,5,183.652
0.000175914,5,129.852
0.000177955,5,115.738
0.000179992,5,142.218
0.00018194,5,188.525
0.000183984,5,221.597
0.000185945,5,204.58
0.00018799,5,131.967
0.000189947,5,19.6785
0.000191911,5,-120.343
0.00019396,5,-284.706
0.000195912,5,-463.105
0.000197953,5,-632.918
0.0002,5,-802.627
0.00020196,5,-981.54
0.00020392,5,-1140.94
0.00020597,5,-1259.39
0.000207931,5,-1350.37
0.000209981,5,-1433.87
0.00021194,5,-1503.19
0.000213987,5,-1561.48
0.000215943,5,-1610.78
0.000217989,5,-1639.31
0.000219946,5,-1648.1
0.000221993,5,-1654.2
0.00022395,5,-1665.87
0.000226,5,-1679.42
0.000227969,5,-1680.31
0.00022995,5,-1661.64
0.00023193,5,-1643.79
0.000233998,5,-1640.86
0.000235973,5,-1660.91
0.000237949,5,-1684.78
0.000239923,5,-1689.0
0.00024198,5,-1676.42
0.000243945,5,-1643.37
0.000245999,5,-1599.7
0.000247964,5,-1595.54
0.00024993,5,-1643.83
0.000251987,5,-1775.53
0.000253954,5,-1943.26
0.00025592,5,-2093.86
0.000257984,5,-2353.1
0.000259964,5,-2668.63
0.000261943,5,-2845.69
0.000263913,5,-2932.57
0.000265966,5,-2894.88
0.000267924,5,-2714.29
0.00026997,5,-2552.82
0.000271943,5,-2421.32
0.000273917,5,-2301.0
0.000275976,5,-2178.56
0.000277941,5,-2075.25
0.000279996,5,-2018.84
0.000281974,5,-1985.02
0.000283957,5,-1935.99
0.000285937,5,-1903.49
0.000287914,5,-1897.28
0.000289975,5,-1889.16
0.000291943,5,-1868.78
0.000293992,5,-1837.4
0.000295955,5,-1793.72
0.000297916,5,-1732.61
0.000299965,5,-1646.81
0.000301915,5,-1575.16
0.000303976,5,-1446.26
0.000305948,5,-1395.05
0.000307926,5,-1394.26
0.000309989,5,-1444.49
0.000311958,5,-1543.14
0.000313927,5,-1568.82
0.000315992,5,-1418.57
0.000317979,5,-1240.55
0.000319954,5,-1151.82
0.000321922,5,-1172.94
0.000323969,5,-1254.95
0.000325935,5,-1312.37
0.000327988,5,-1296.98
0.000329952,5,-1258.82
0.000331918,5,-1293.11
0.000333975,5,-1375.48
0.000335938,5,-1414.95
0.000337995,5,-1359.92
0.000339978,5,-1256.69
0.000341953,5,-1153.82
0.000343925,5,-1072.46
0.000345979,5,-1020.27
0.00034794,5,-1010.71
0.000349989,5,-1007.43
0.000351951,5,-995.861
0.000353912,5,-952.148
0.000355954,5,-881.258
0.000357988,5,-792.397
0.000359924,5,-700.715
0.00036194,5,-608.312
0.000363951,5,-484.396
0.000365975,5,-345.808
0.000367948,5,-221.604
0.000369917,5,-128.416
0.000371961,5,-65.8372
0.00037398,5,-36.2368
0.000376,5,-99.0084
0.000377958,5,-201.875
0.00037992,5,-296.915
0.000381972,5,-401.795
0.000383934,5,-530.162
0.000385986,5,-690.041
0.000387948,5,-843.177
0.000389999,5,-947.492
0.000391962,5,-985.692
0.000393921,5,-948.453
0.000395968,5,-638.056
0.000397933,5,936.901
0.000399989,5,3147.64
0.000401955,5,5147.83
0.000403924,5,6114.05
0.000405982,5,6969.72
0.000407949,5,6749.44
0.000409913,5,6039.61
0.000411966,5,5017.91
0.00041393,5,3473.75
0.000415984,5,2305.07
0.000417955,5,1616.19
0.000419928,5,1145.14
0.000421911,5,895.766
0.000423974,5,745.832
0.000425936,5,677.694
0.000427978,5,716.442
0.000429925,5,826.778
0.000431958,5,937.278
0.000433991,5,1048.27
0.000435955,5,1104.78
0.000437921,5,1116.4
0.000439974,5,1096.08
0.00044194,5,1078.27
0.000443992,5,1037.51
0.000445948,5,971.924
0.000447993,5,893.895
0.000449946,5,811.289
0.000451985,5,723.312
0.000453933,5,646.066
0.000455982,5,601.779
0.000457961,5,592.747
0.000459933,5,654.25
0.000461978,5,816.229
0.000463929,5,941.739
0.000465969,5,993.449
0.000467926,5,960.658
0.000469988,5,834.334
0.000471945,5,731.478
0.000473993,5,618.721
0.000475953,5,478.106
0.000477912,5,362.742
0.000479958,5,276.857
0.000481931,5,239.821
0.000483996,5,241.84
0.000485969,5,263.658
0.00048794,5,318.58
0.000489919,5,396.429
0.000491968,5,464.931
0.000493933,5,489.714
0.00049599,5,494.348
0.000497962,5,506.785
0.000499932,5,486.546
0.000501991,5,398.449
0.000503984,5,286.222
0.000505971,5,199.633
0.00050795,5,155.228
0.000509926,5,140.137
0.000511986,5,133.273
0.000513953,5,127.744
0.000515999,5,114.9
0.000517967,5,103.704
0.000519938,5,100.687
0.000521996,5,107.104
0.000523962,5,112.184
0.000525926,5,117.436
0.000527978,5,121.893
0.000529939,5,118.862
0.000531992,5,111.523
0.000533955,5,116.327
0.000535919,5,128.378
0.000537973,5,121.054
0.000539938,5,89.5111
0.000541989,5,43.0519
0.000543952,5,-5.43666
0.000545915,5,-36.6464
0.000547968,5,-39.3999
0.000549929,5,-44.91
0.000551977,5,-71.0221
0.000553941,5,-116.539
0.00055599,5,-172.108
0.000557947,5,-221.017
0.000559998,5,-257.788
0.00056195,5,-297.487
0.000563994,5,-341.974
0.00056596,5,-338.999
0.000567926,5,-266.126
0.000569987,5,-207.549
0.000571958,5,-157.793
0.000573929,5,-121.116
0.00057599,5,-84.6471
0.000577968,5,-40.1116
0.000579948,5,13.6094
0.000581923,5,61.5594
0.000583985,5,99.4995
0.000585964,5,134.405
0.000587939,5,167.861
0.00059,5,199.975
0.000591969,5,235.136
0.000593939,5,266.969
0.000595996,5,291.203
0.000597955,5,304.288
0.000599914,5,308.435
0.000601959,5,308.73
0.000603913,5,314.482
0.000605961,5,326.948
0.000607921,5,346.899
0.000609969,5,364.697
0.000611928,5,378.795
0.000613974,5,399.698
0.000615931,5,426.973
0.000617977,5,464.381
0.000619935,5,515.97
0.000621985,5,570.105
0.000623956,5,606.22
0.000625922,5,615.56
0.000627977,5,601.937
0.000629941,5,572.13
0.000631992,5,527.751
0.000633952,5,476.069
0.000635998,5,416.426
0.00063796,5,349.302
0.000639929,5,278.574
0.000641988,5,215.467
0.000643946,5,177.961
0.000645998,5,163.477
0.000647964,5,157.987
0.000649931,5,158.569
0.000651987,5,172.75
0.000653956,5,192.787
0.000655923,5,209.729
0.000657977,5,228.737
0.000659937,5,239.782
0.000661978,5,224.455
0.000663926,5,163.765
0.000665971,5,102.616
0.000667935,5,57.7877
0.000669982,5,11.447
0.000671945,5,-16.6288
0.000673994,5,-19.5616
0.000675937,5,-29.1963
0.000677965,5,-62.9318
0.00067999,5,-96.7209
0.000681931,5,-128.727
0.000683971,5,-152.339
0.000685916,5,-167.244
0.000687943,5,-184.28
0.000689965,5,-207.203
0.000691977,5,-235.703
0.000693986,5,-258.5
0.000695992,5,-272.884
0.000697995,5,-295.955
0.000699998,5,-295.435
0.000701915,5,-258.646
0.000703922,5,-243.884
0.000705926,5,-267.665
0.00070795,5,-315.042
0.000709998,5,-368.234
0.000711954,5,-436.843
0.000713918,5,-483.569
0.000715975,5,-489.4
0.000717937,5,-462.81
0.000719965,5,-416.654
0.00072199,5,-349.951
0.000723933,5,-260.92
0.000725975,5,-175.129
0.000727922,5,-107.038
0.000729951,5,-60.1751
0.000731974,5,-37.4942
0.000733991,5,-36.8999
0.000735917,5,-45.1343
0.000737927,5,-70.7477
0.000739936,5,-111.765
0.000741974,5,-137.854
0.000743943,5,-137.564
0.000745979,5,-135.284
0.000747914,5,-142.388
0.000749971,5,-153.494
0.00075195,5,-152.908
0.000753929,5,-144.24
0.000755998,5,-131.385
0.000757977,5,-124.703
0.000759954,5,-128.268
0.000761928,5,-143.557
0.000763966,5,-189.379
0.00076592,5,-342.835
0.000767981,5,-529.329
0.000769952,5,-675.417
0.000771921,5,-767.562
0.000773976,5,-834.914
0.000775949,5,-853.241
0.000777923,5,-827.962
0.000779985,5,-794.786
0.000781958,5,-761.435
0.000783926,5,-725.263
0.000785978,5,-644.363
0.000787945,5,-549.7
0.00079,5,-507.399
0.000791959,5,-510.28
0.000793924,5,-539.419
0.000795977,5,-577.675
0.000797942,5,-607.686
0.000799997,5,-565.581
0.000801964,5,-454.343
0.000803933,5,-375.177
0.000805996,5,-369.229
0.000807965,5,-433.727
0.000809935,5,-553.033
0.000811913,5,-669.874
0.00081398,5,-805.343
0.000815957,5,-914.583
0.000817933,5,-932.483
0.000819994,5,-871.381
0.00082196,5,-764.437
0.000823922,5,-669.893
0.000825975,5,-629.871
0.000827942,5,-570.543
0.000829998,5,-474.626
0.000831969,5,-440.119
0.000833941,5,-438.96
0.000835998,5,-423.952
0.000837963,5,-404.15
0.000839938,5,-357.271
0.000841914,5,-208.434
0.000843982,5,30.6303
0.000845945,5,229.506
0.000847994,5,362.165
0.000849954,5,394.907
0.000851913,5,345.245
0.000853946,5,274.307
0.000855911,5,208.051
0.000857977,5,169.549
0.000859946,5,189.307
0.000861911,5,209.008
0.000863972,5,235.362
0.00086594,5,283.293
0.000867994,5,312.035
0.000869955,5,298.079
0.000871911,5,272.195
0.000873952,5,277.54
0.00087599,5,256.805
0.000877937,5,209.684
0.000879971,5,169.044
0.000881916,5,87.4584
0.000883947,5,39.1871
0.000885977,5,25.9148
0.000887917,5,35.9533
0.000889953,5,88.7944
0.000891999,5,161.221
0.000893953,5,204.979
0.000895995,5,245.671
0.000897936,5,302.727
0.000899984,5,361.664
0.000901939,5,402.474
0.000903985,5,404.363
0.000905955,5,390.963
0.000907925,5,389.451
0.000909993,5,382.582
0.000911967,5,351.035
0.000913922,5,327.94
0.000915965,5,332.742
0.000917926,5,324.359
0.000919986,5,295.828
0.000921941,5,299.367
0.000923991,5,351.51
0.000925949,5,396.628
0.00092799,5,420.574
0.000929936,5,481.922
0.000931964,5,552.255
0.000933998,5,572.213
0.00093596,5,634.65
0.000937925,5,754.4
0.000939981,5,850.522
0.000941948,5,889.373
0.000943992,5,853.339
0.00094594,5,782.266
0.000947974,5,708.245
0.000949918,5,651.186
0.000951975,5,609.268
0.000953948,5,514.749
0.000955917,5,382.064
0.000957977,5,370.845
0.000959945,5,401.418
0.000961994,5,367.681
0.000963954,5,322.375
0.000965914,5,246.403
0.000967962,5,155.046
0.000969919,5,87.2935
0.000971964,5,64.4511
0.00097392,5,42.9233
0.000975964,5,-5.12987
0.00097792,5,-42.3684
0.000979976,5,-60.5763
0.000981934,5,-73.9697
0.000983983,5,-97.3287
0.000985943,5,-143.261
0.000987997,5,-182.093
0.000989971,5,-191.869
0.000991936,5,-183.33
0.000993993,5,-173.288
0.000995956,5,-191.386
0.000997916,5,-216.543
0.000999961,5,-232.765
0.00100191,5,-257.703
0.00100395,5,-301.538
0.00100591,5,-360.742
0.00100798,5,-413.621
0.00100996,5,-446.232
0.00101195,5,-438.2
0.00101399,5,-410.071
0.00101595,5,-383.787
0.00101799,5,-359.604
0.00101994,5,-353.053
0.001022,5,-376.284
0.00102397,5,-453.472
0.00102595,5,-581.463
0.00102793,5,-735.771
0.00102992,5,-875.066
0.00103198,5,-977.882
0.00103394,5,-1071.31
0.00103599,5,-1153.82
0.00103794,5,-1198.75
0.00103998,5,-1175.4
0.00104192,5,-1141.64
0.00104396,5,-1119.99
0.00104592,5,-1161.31
0.00104798,5,-1310.85
0.00104996,5,-1438.78
0.00105193,5,-1485.59
0.00105399,5,-1476.97
0.00105596,5,-1390.45
0.00105793,5,-1227.4
0.00105999,5,-1040.58
0.00106195,5,-873.837
0.00106391,5,-707.262
0.00106596,5,-506.462
0.00106792,5,-306.656
0.00106996,5,-192.191
0.00107199,5,-148.726
0.00107395,5,-166.241
0.00107599,5,-210.145
0.00107795,5,-231.182
0.00107992,5,-196.916
0.00108199,5,-135.72
0.00108396,5,-73.4904
0.00108594,5,2.43648
0.00108798,5,26.5079
0.00108993,5,-12.2227
0.00109198,5,-37.6117
0.00109393,5,-32.015
0.00109597,5,-10.6371
0.00109794,5,14.1832
0.00109992,5,43.1353
0.00110196,5,82.2822
0.001104,5,96.783
0.00110595,5,65.298
0.00110791,5,32.9908
0.00110996,5,54.9295
0.00111191,5,72.9973
0.00111395,5,81.1192
0.00111598,5,78.3773
0.00111793,5,71.3698
0.00111998,5,65.3327
0.00112193,5,65.771
0.00112396,5,62.0878
0.00112599,5,45.5507
0.00112794,5,20.6083
0.00113,5,-7.19808
0.00113196,5,-32.6871
0.00113392,5,-36.9311
0.00113598,5,-9.13009
0.00113795,5,39.2628
0.00114,5,71.8742
0.00114194,5,67.3951
0.00114398,5,58.3649
0.00114593,5,53.742
0.00114796,5,71.1164
0.00114992,5,82.1212
0.00115197,5,70.2211
0.00115393,5,54.1703
0.00115597,5,65.1591
0.00115791,5,92.4334
0.00115995,5,104.776
0.00116198,5,92.8477
0.00116394,5,74.0871
0.00116599,5,66.1615
0.00116794,5,63.4365
0.00116998,5,65.6757
0.00117196,5,75.1536
0.00117392,5,107.779
0.00117598,5,185.374
0.00117796,5,255.641
0.00117993,5,335.424
0.00118191,5,395.976
0.00118397,5,506.92
0.00118598,5,603.036
0.00118796,5,701.385
0.00118992,5,778.479
0.00119197,5,798.732
0.00119392,5,770.805
0.00119597,5,612.388
0.00119792,5,341.729
0.00119996,5,88.1733
0.00120199,5,-127.81
0.00120392,5,-334.765
0.00120595,5,-456.416
0.001208,5,-493.875
0.00120996,5,-486.546
0.00121199,5,-427.203
0.00121393,5,-359.07
0.00121596,5,-404.041
0.00121797,5,-558.279
0.00122,5,-715.385
0.00122192,5,-837.143
0.00122391,5,-841.891
0.00122594,5,-754.034
0.00122797,5,-688.498
0.00123,5,-634.182
0.00123193,5,-622.194
0.00123399,5,-665.921
0.00123595,5,-747.617
0.00123797,5,-823.898
0.00123992,5,-910.036
0.00124196,5,-996.141
0.00124394,5,-1095.3
0.00124592,5,-1227.11
0.00124799,5,-1372.86
0.00124996,5,-1529.25
0.00125194,5,-1673.63
0.00125391,5,-1781.24
0.00125598,5,-1807.95
0.00125796,5,-1761.57
0.00125998,5,-1697.71
0.00126193,5,-1521.34
0.00126398,5,-1286.97
0.00126594,5,-1016.35
0.00126791,5,-756.909
0.00126997,5,-539.37
0.00127194,5,-391.125
0.00127391,5,-258.678
0.00127597,5,-171.553
0.00127798,5,-157.667
0.00127991,5,-177.929
0.00128196,5,-164.531
0.00128392,5,-105.206
0.00128597,5,-26.8241
0.00128794,5,57.6493
0.00128991,5,117.394
0.00129197,5,144.533
0.00129393,5,125.807
0.00129598,5,75.5136
0.00129793,5,12.6117
0.00129997,5,-27.4542
0.00130193,5,-54.8745
0.00130398,5,-72.3662
0.00130593,5,-77.2944
0.00130797,5,-90.8614
0.00130992,5,-138.629
0.00131196,5,-213.815
0.00131397,5,-304.327
0.00131591,5,-373.57
0.00131797,5,-422.894
0.00131992,5,-480.054
0.00132194,5,-464.96
0.00132398,5,-363.007
0.00132594,5,-254.635
0.00132796,5,-166.304
0.00132998,5,-75.3786
0.00133194,5,-13.3912
0.00133399,5,-10.7153
0.00133595,5,-33.4616
0.00133797,5,-68.0317
0.00133994,5,-117.349
0.00134199,5,-178.835
0.00134394,5,-261.654
0.001346,5,-358.611
0.00134796,5,-453.626
0.00134993,5,-522.854
0.00135198,5,-605.228
0.00135394,5,-734.512
0.001356,5,-862.136
0.00135795,5,-986.056
0.00135992,5,-1091.62
0.00136197,5,-1186.34
0.00136394,5,-1265.93
0.00136599,5,-1322.4
0.00136795,5,-1309.72
0.00136991,5,-1239.3
0.00137197,5,-1167.32
0.00137393,5,-1079.14
0.00137591,5,-973.195
0.00137798,5,-875.117
0.00137992,5,-817.658
0.00138196,5,-764.453
0.00138391,5,-721.421
0.00138595,5,-697.338
0.00138797,5,-705.051
0.00138998,5,-764.04
0.00139191,5,-850.834
0.00139394,5,-917.347
0.00139593,5,-941.187
0.00139794,5,-927.479
0.00139997,5,-912.106
0.00140194,5,-897.37
0.00140398,5,-865.039
0.00140599,5,-809.296
0.00140796,5,-709.582
0.00140992,5,-487.503
0.00141197,5,-218.865
0.00141399,5,-22.7029
0.00141594,5,166.362
0.00141798,5,297.496
0.00141994,5,282.868
0.00142197,5,198.625
0.00142393,5,79.0554
0.00142598,5,-69.4992
0.00142793,5,-202.747
0.00142996,5,-263.198
0.00143199,5,-251.809
0.00143394,5,-221.376
0.00143597,5,-242.827
0.00143799,5,-290.668
0.00143994,5,-313.777
0.00144197,5,-337.62
0.00144393,5,-335.173
0.00144599,5,-287.815
0.00144798,5,-222.042
0.00144999,5,-126.704
0.00145194,5,-31.0375
0.00145397,5,-15.7121
0.00145594,5,-52.3639
0.00145795,5,-65.0032
0.00145993,5,-16.792
0.00146198,5,51.6393
0.00146392,5,105.385
0.00146596,5,118.606
0.00146792,5,158.813
0.00146997,5,197.797
0.00147192,5,204.432
0.00147394,5,246.398
0.00147595,5,298.578
0.001478,5,287.605
0.00147995,5,113.942
0.00148198,5,-175.727
0.00148395,5,-394.887
0.00148598,5,-520.643
0.00148793,5,-542.613
0.00148997,5,-527.873
0.00149194,5,-527.653
0.00149398,5,-517.173
0.00149595,5,-492.946
0.00149799,5,-458.74
0.00149992,5,-396.366
0.00150194,5,-318.381
0.00150397,5,-237.378
0.00150591,5,-193.108
0.001508,5,-205.704
0.00150993,5,-254.573
0.00151191,5,-342.347
0.00151398,5,-388.739
0.00151594,5,-374.761
0.00151794,5,-364.47
0.00151998,5,-364.368
0.00152196,5,-388.325
0.00152394,5,-421.814
0.00152593,5,-422.531
0.00152795,5,-373.348
0.00152992,5,-304.801
0.00153198,5,-235.949
0.00153393,5,-192.675
0.00153595,5,-174.24
0.00153797,5,-174.37
0.00153992,5,-186.768
0.00154193,5,-207.281
0.001544,5,-240.976
0.00154592,5,-287.827
0.00154796,5,-330.702
0.00154992,5,-351.941
0.001552,5,-341.187
0.00155393,5,-298.739
0.00155598,5,-215.687
0.00155795,5,-67.9856
0.00156,5,88.2625
0.00156192,5,216.854
0.00156396,5,296.653
0.00156593,5,310.396
0.00156799,5,284.564
0.00156993,5,249.966
0.00157195,5,206.066
0.00157391,5,159.769
0.00157598,5,85.1324
0.00157795,5,-4.3481
0.00157996,5,-66.3302
0.001582,5,-72.9871
0.00158397,5,-44.0916
0.00158594,5,-4.04207
0.00158795,5,-16.5538
0.00158998,5,-63.2793
0.00159194,5,-91.526
0.00159399,5,-71.9935
0.00159596,5,-42.4709
0.00159796,5,-10.6583
0.00159992,5,29.8839
0.00160197,5,60.5533
0.00160393,5,77.4403
0.00160595,5,80.0108
0.00160791,5,77.6915
0.00160997,5,96.0964
0.00161194,5,177.899
0.00161398,5,1027.51
0.00161592,5,2520.3
0.00161796,5,3656.59
0.00162,5,6403.24
0.00162195,5,8703.1
0.00162397,5,8750.04
0.00162593,5,9121.64
0.00162799,5,8588.99
0.00162995,5,6498.36
0.00163198,5,4437.12
0.00163392,5,3035.17
0.00163597,5,1875.58
0.00163793,5,1242.19
0.00163998,5,986.524
0.001642,5,894.899
0.00164395,5,913.569
0.00164599,5,976.154
0.00164795,5,1046.44
0.00164997,5,1141.47
0.00165199,5,1432.79
0.00165395,5,1839.1
0.00165599,5,1992.4
0.00165792,5,2078.27
0.00165995,5,2119.79
0.00166198,5,1937.46
0.00166393,5,1595.27
0.00166596,5,1250.39
0.00166799,5,864.875
0.00166993,5,533.544
0.00167195,5,335.866
0.00167399,5,205.857
0.00167594,5,92.0244
0.00167798,5,35.3411
0.00167993,5,142.358
0.00168195,5,285.546
0.00168396,5,308.144
0.00168597,5,280.376
0.00168792,5,220.851
0.00168994,5,222.667
0.00169198,5,312.343
0.00169399,5,361.232
0.00169592,5,360.956
0.00169795,5,349.421
0.00169995,5,376.964
0.00170194,5,344.236
0.00170395,5,233.331
0.00170597,5,211.362
0.00170799,5,214.567
0.00170998,5,138.334
0.001712,5,14.7242
0.00171396,5,-94.4706
0.00171592,5,-203.177
0.00171793,5,-342.394
0.00171996,5,-420.438
0.00172193,5,-437.992
0.00172398,5,-452.646
0.00172595,5,-456.855
0.00172794,5,-402.823
0.00172996,5,-300.34
0.00173192,5,-211.353
0.00173399,5,-155.058
0.00173593,5,-123.194
0.00173796,5,-98.3942
0.00173993,5,-18.1851
0.00174191,5,68.9493
0.00174396,5,90.4672
0.00174597,5,35.2787
0.00174793,5,-94.1458
0.00174998,5,-251.164
0.00175193,5,-406.148
0.00175398,5,-534.331
0.00175598,5,-620.634
0.00175793,5,-654.79
0.00175998,5,-613.073
0.00176194,5,-543.614
0.00176397,5,-437.731
0.00176592,5,-256.116
0.00176796,5,-71.2413
0.00176991,5,-52.7999
0.00177195,5,-133.599
0.00177398,5,-272.463
0.001776,5,-527.14
0.00177797,5,-820.723
0.00177992,5,-1050.71
0.00178192,5,-1223.68
0.00178395,5,-1370.61
0.00178592,5,-1517.97
0.00178795,5,-1683.4
0.00178993,5,-1859.57
0.00179197,5,-1945.63
0.00179394,5,-1998.68
0.00179592,5,-2005.95
0.00179798,5,-1978.28
0.00179993,5,-1959.99
0.00180198,5,-1940.59
0.00180395,5,-1891.18
0.00180592,5,-1814.85
0.00180793,5,-1698.48
0.00180995,5,-1545.59
0.001812,5,-1396.0
0.00181398,5,-1239.81
0.00181599,5,-1017.93
0.00181792,5,-741.892
0.00181998,5,-581.124
0.00182195,5,-472.915
0.00182393,5,-372.594
0.00182594,5,-232.327
0.00182799,5,9.61771
0.00182994,5,313.484
0.00183199,5,499.089
0.00183392,5,547.528
0.00183595,5,494.954
0.00183799,5,496.71
0.00183993,5,477.277
0.00184195,5,448.481
0.00184397,5,469.31
0.00184591,5,584.166
0.00184797,5,754.768
0.00184999,5,874.969
0.00185192,5,978.242
0.00185397,5,1111.12
0.00185594,5,1220.4
0.00185799,5,1228.34
0.00185999,5,1195.06
0.00186193,5,1160.27
0.00186398,5,1097.54
0.00186594,5,1038.94
0.00186793,5,1000.84
0.00186996,5,962.447
0.00187192,5,899.741
0.00187396,5,812.914
0.001876,5,755.048
0.00187792,5,735.444
0.00187995,5,750.858
0.00188199,5,809.285
0.00188394,5,895.293
0.00188594,5,985.789
0.00188795,5,1031.44
0.00189,5,1038.6
0.00189196,5,1021.63
0.00189395,5,1014.56
0.00189596,5,1028.16
0.00189792,5,1049.27
0.0019,5,1061.72
0.00190198,5,1066.12
0.00190399,5,1055.31
0.00190595,5,1042.34
0.00190793,5,1053.04
0.00191,5,1090.62
0.00191193,5,1139.82
0.00191396,5,1162.59
0.00191593,5,1153.95
0.00191799,5,1124.95
0.00192,5,1086.17
0.00192199,5,1051.62
0.00192395,5,995.105
0.00192599,5,881.34
0.00192794,5,731.021
0.00192994,5,578.555
0.00193197,5,445.269
0.00193394,5,330.383
0.001936,5,200.168
0.001938,5,84.4062
0.00193993,5,0.293677
0.00194199,5,-59.5488
0.00194397,5,-68.8948
0.00194593,5,-58.5238
0.00194793,5,-48.0338
0.00194996,5,-26.9476
0.00195194,5,-45.1731
0.001954,5,-127.41
0.00195598,5,-212.53
0.00195792,5,-269.009
0.00195999,5,-303.157
0.00196196,5,-327.125
0.00196398,5,-338.969
0.00196591,5,-335.59
0.00196796,5,-321.833
0.00196994,5,-300.222
0.00197191,5,-292.604
0.001974,5,-292.809
0.00197593,5,-306.566
0.00197798,5,-350.721
0.00197994,5,-371.781
0.00198193,5,-368.173
0.00198395,5,-365.905
0.00198591,5,-378.537
0.00198797,5,-398.743
0.00199,5,-427.649
0.001992,5,-422.014
0.00199394,5,-377.208
0.001996,5,-346.105
0.00199798,5,-328.6
0.00199999,5,-324.644
0.00200191,5,-313.836
0.00200396,5,-284.315
0.00200595,5,-263.408
0.00200794,5,-268.863
0.00200998,5,-270.61
0.00201194,5,-260.695
0.00201399,5,-229.439
0.00201594,5,-202.778
0.00201793,5,-193.353
0.00201996,5,-218.404
0.002022,5,-265.995
0.00202395,5,-326.785
0.00202597,5,-372.978
0.00202798,5,-390.269
0.00202993,5,-356.706
0.00203197,5,-300.288
0.00203392,5,-248.916
0.00203592,5,-260.306
0.00203795,5,-286.507
0.00203998,5,-284.861
0.00204195,5,-292.066
0.00204393,5,-307.069
0.00204591,5,-309.679
0.00204798,5,-259.638
0.00204996,5,-191.302
0.00205198,5,-119.317
0.002054,5,-48.114
0.00205596,5,-17.2097
0.00205793,5,-77.6084
0.00205996,5,-160.27
0.00206196,5,-218.967
0.00206391,5,-242.248
0.00206597,5,-210.122
0.00206794,5,-115.295
0.00206994,5,6.67886
0.00207195,5,107.157
0.00207392,5,168.918
0.00207595,5,200.447
0.00207793,5,216.59
0.00207993,5,217.484
0.00208198,5,185.836
0.00208394,5,172.714
0.00208595,5,148.528
0.00208795,5,115.104
0.00208998,5,88.7144
0.00209192,5,79.7964
0.00209394,5,96.7392
0.00209596,5,160.713
0.00209799,5,-251.399
0.00209994,5,-262.456
0.00210197,5,-0.715701
0.00210399,5,104.016
0.00210599,5,153.101
0.00210794,5,147.87
0.00210999,5,114.861
0.00211196,5,57.4635
0.00211394,5,-10.7261
0.00211593,5,-73.633
0.00211797,5,-117.949
0.00211993,5,-177.922
0.00212192,5,-235.535
0.00212394,5,-241.507
0.00212598,5,-241.987
0.00212796,5,-272.986
0.00212994,5,-276.549
0.00213196,5,-283.896
0.00213399,5,-299.37
0.00213595,5,-319.188
0.00213792,5,-379.361
0.00213994,5,-394.625
0.00214194,5,-456.821
0.00214398,5,-522.434
0.00214595,5,-469.576
0.00214798,5,-377.44
0.00214998,5,-355.905
0.00215192,5,-367.868
0.00215396,5,-325.766
0.00215599,5,-226.322
0.002158,5,-145.911
0.00215993,5,-57.8765
0.00216195,5,24.5882
0.00216397,5,59.5723
0.00216599,5,53.9453
0.00216792,5,17.2436
0.00216995,5,-36.1964
0.00217198,5,-126.332
0.00217392,5,-221.054
0.00217592,5,-285.099
0.00217795,5,-279.182
0.00217992,5,-243.665
0.00218197,5,-200.571
0.00218397,5,-162.294
0.00218599,5,-156.984
0.00218794,5,-180.102
0.00218999,5,-207.955
0.00219195,5,-224.352
0.00219397,5,-197.733
0.00219598,5,-168.205
0.00219793,5,-168.462
0.00219997,5,-190.053
0.00220196,5,-226.096
0.00220397,5,-253.22
0.002206,5,-273.383
0.00220794,5,-273.275
0.00220998,5,-240.884
0.00221196,5,-175.879
0.00221393,5,-114.124
0.00221591,5,-87.8036
0.00221797,5,-98.3689
0.00221999,5,-126.542
0.00222194,5,-148.415
0.00222397,5,-156.089
0.00222592,5,-162.52
0.00222797,5,-162.285
0.00222999,5,-150.188
0.00223194,5,-129.648
0.002234,5,-106.313
0.00223592,5,-82.5204
0.00223792,5,-62.9056
0.00223995,5,-34.9702
0.002242,5,12.7039
0.00224392,5,58.6737
0.00224594,5,65.3617
0.00224792,5,66.4585
0.00224999,5,69.3137
0.00225192,5,67.6518
0.00225394,5,68.032
0.00225597,5,64.7768
0.00225795,5,61.4641
0.00225992,5,80.6699
0.00226198,5,94.5681
0.00226394,5,128.734
0.00226594,5,166.692
0.00226796,5,209.704
0.00226992,5,249.069
0.00227195,5,263.576
0.00227396,5,282.671
0.00227593,5,330.507
0.00227798,5,411.027
0.00227992,5,429.75
0.00228198,5,314.017
0.00228393,5,260.619
0.002286,5,273.27
0.00228797,5,309.992
0.00228993,5,270.225
0.00229197,5,298.341
0.00229395,5,528.537
0.00229596,5,656.063
0.002298,5,699.582
0.00229994,5,734.165
0.00230193,5,779.112
0.00230396,5,806.342
0.002306,5,798.346
0.002308,5,755.731
0.00230994,5,745.121
0.00231198,5,757.826
0.00231398,5,772.199
0.00231596,5,775.349
0.00231799,5,758.049
0.00231992,5,738.074
0.00232192,5,740.63
0.00232399,5,760.489
0.00232599,5,710.199
0.00232799,5,670.679
0.00232992,5,695.152
0.00233194,5,733.516
0.00233397,5,750.709
0.00233599,5,734.612
0.00233792,5,685.444
0.00233993,5,626.35
0.00234194,5,601.171
0.00234395,5,654.213
0.00234598,5,706.36
0.002348,5,682.794
0.00234999,5,689.975
0.00235199,5,732.319
0.00235392,5,774.278
0.00235594,5,740.247
0.00235795,5,636.559
0.00235995,5,510.652
0.00236196,5,460.257
0.002364,5,447.64
0.00236595,5,431.994
0.00236796,5,454.86
0.00236996,5,409.934
0.00237199,5,343.546
0.00237394,5,296.51
0.00237596,5,253.318
0.00237796,5,237.458
0.00237992,5,273.558
0.00238197,5,280.665
0.00238399,5,250.364
0.00238597,5,309.234
0.002388,5,493.834
0.00238994,5,573.678
0.00239194,5,550.035
0.00239399,5,513.618
0.00239599,5,522.808
0.00239792,5,540.37
0.00239995,5,542.186
0.00240198,5,565.938
0.002404,5,601.583
0.00240592,5,626.945
0.00240798,5,690.369
0.00240992,5,789.721
0.00241192,5,895.915
0.00241391,5,994.503
0.00241596,5,1082.51
0.00241799,5,1128.3
0.00241992,5,1098.12
0.00242194,5,1050.53
0.002424,5,1061.02
0.00242595,5,1111.76
0.00242794,5,1156.59
0.00242993,5,1177.84
0.00243195,5,1192.34
0.00243397,5,1228.82
0.00243599,5,1265.59
0.00243795,5,1230.69
0.00243992,5,1034.24
0.00244196,5,840.763
0.00244396,5,628.788
0.00244592,5,382.675
0.00244797,5,132.511
0.00244992,5,-75.2998
0.002452,5,-184.703
0.00245391,5,-250.254
0.00245594,5,-272.277
0.002458,5,-314.483
0.00245992,5,-342.73
0.00246198,5,-321.22
0.00246399,5,-295.532
0.00246596,5,-259.418
0.00246793,5,-205.75
0.00246997,5,-224.046
0.00247196,5,-268.718
0.00247395,5,-348.337
0.00247594,5,-427.051
0.00247799,5,-445.011
0.00247998,5,-435.878
0.00248197,5,-476.201
0.00248395,5,-549.588
0.00248591,5,-614.475
0.002488,5,-695.777
0.00249,5,-788.982
0.00249197,5,-844.672
0.00249395,5,-848.847
0.00249593,5,-847.949
0.00249792,5,-845.315
0.00249995,5,-832.836
0.00250199,5,-858.354
0.00250394,5,-863.717
0.00250596,5,-856.429
0.00250795,5,-821.682
0.00250998,5,-754.932
0.00251191,5,-659.249
0.00251393,5,-513.988
0.002516,5,-395.338
0.00251796,5,-301.771
0.00251995,5,-257.952
0.00252198,5,-248.892
0.00252398,5,-295.414
0.00252593,5,-366.205
0.00252799,5,-390.075
0.00252995,5,-357.624
0.00253193,5,-338.12
0.00253398,5,-343.619
0.00253597,5,-359.688
0.00253795,5,-370.879
0.00253998,5,-380.687
0.002542,5,-408.208
0.00254392,5,-449.743
0.00254592,5,-485.113
0.00254798,5,-505.222
0.00254994,5,-550.395
0.00255194,5,-596.711
0.00255393,5,-609.784
0.00255598,5,-552.736
0.00255794,5,-477.271
0.00255996,5,-416.921
0.00256192,5,-325.019
0.00256394,5,-225.384
0.00256594,5,-151.664
0.00256798,5,-87.3601
0.00256994,5,-42.6367
0.00257196,5,-9.76355
0.00257396,5,25.7588
0.00257596,5,47.3837
0.00257791,5,24.6471
0.00257996,5,-12.2596
0.00258198,5,-27.0789
0.00258394,5,-30.6314
0.00258598,5,-48.5175
0.00258799,5,-58.137
0.00258998,5,-66.7855
0.00259196,5,-67.7197
0.00259398,5,-43.6048
0.00259592,5,18.706
0.00259793,5,102.714
0.0026,5,175.91
0.00260192,5,208.396
0.00260393,5,190.324
0.00260593,5,110.96
0.00260795,5,21.8512
0.00260991,5,-48.0337
0.00261198,5,-122.761
0.00261395,5,-135.497
0.00261598,5,-148.55
0.00261797,5,-120.811
0.00261998,5,-44.4812
0.00262193,5,19.3747
0.00262391,5,38.7614
0.00262595,5,39.1041
0.00262795,5,21.9579
0.00262998,5,5.15074
0.00263195,5,11.6719
0.00263396,5,36.3399
0.00263594,5,67.1417
0.00263797,5,90.2447
0.00263995,5,108.117
0.00264199,5,110.008
0.00264396,5,89.0176
0.00264596,5,38.8111
0.00264794,5,-28.3963
0.00264993,5,-87.8307
0.00265198,5,-118.819
0.00265394,5,-117.776
0.00265593,5,-106.723
0.00265797,5,-86.8861
0.00265993,5,-37.7262
0.00266192,5,22.6401
0.00266392,5,65.6825
0.00266598,5,58.3877
0.00266793,5,7.9493
0.00266994,5,-29.6534
0.00267193,5,-53.9907
0.00267394,5,-71.5911
0.00267599,5,-63.1962
0.00267796,5,-1.67128
0.00267998,5,83.7538
0.00268192,5,160.291
0.00268396,5,200.465
0.00268591,5,200.052
0.00268792,5,185.535
0.00268996,5,159.318
0.00269194,5,104.256
0.002694,5,47.0231
0.00269593,5,16.9289
0.002698,5,0.40693
0.0027,5,-7.1971
0.00270196,5,9.06033
0.00270394,5,43.8272
0.00270598,5,105.128
0.00270798,5,186.877
0.00270998,5,250.184
0.00271194,5,295.68
0.00271392,5,329.414
0.00271592,5,357.847
0.00271797,5,361.264
0.00271994,5,334.622
0.00272199,5,303.276
0.00272396,5,279.749
0.00272596,5,271.515
0.00272799,5,256.952
0.00272995,5,215.597
0.00273196,5,176.543
0.00273397,5,171.325
0.002736,5,223.984
0.00273795,5,293.661
0.00273998,5,441.565
0.00274197,5,595.067
0.00274396,5,683.792
0.002746,5,733.172
0.00274794,5,1076.52
0.00274992,5,2794.0
0.002752,5,3667.86
0.00275392,5,4220.57
0.00275596,5,5083.32
0.00275795,5,5427.92
0.00275996,5,5152.87
0.002762,5,4747.18
0.00276394,5,3612.88
0.00276597,5,2565.78
0.00276797,5,1995.64
0.00276997,5,1722.01
0.00277197,5,1624.43
0.00277398,5,1542.28
0.00277599,5,1468.61
0.002778,5,1425.73
0.00277992,5,1287.12
0.00278199,5,1120.31
0.00278395,5,1155.22
0.00278598,5,1256.19
0.00278793,5,1218.37
0.00278997,5,1170.79
0.00279195,5,1128.97
0.00279394,5,988.98
0.00279595,5,831.458
0.00279797,5,723.622
0.00279999,5,575.067
0.00280197,5,410.629
0.00280395,5,317.591
0.00280597,5,297.695
0.00280792,5,305.461
0.00280993,5,290.948
0.00281192,5,257.893
0.00281397,5,194.72
0.00281592,5,145.717
0.00281793,5,135.023
0.00282,5,143.94
0.00282199,5,161.672
0.00282393,5,179.399
0.00282595,5,188.428
0.00282795,5,179.099
0.00282997,5,188.158
0.002832,5,184.5
0.00283396,5,171.596
0.00283599,5,164.727
0.00283797,5,166.04
0.00283998,5,182.07
0.00284194,5,218.853
0.00284392,5,274.892
0.00284597,5,360.667
0.00284795,5,440.801
0.00284998,5,499.477
0.00285194,5,514.345
0.00285396,5,502.669
0.00285596,5,490.751
0.00285797,5,481.684
0.00285993,5,437.738
0.00286197,5,370.577
0.00286399,5,331.366
0.00286592,5,336.91
0.00286797,5,346.567
0.00286993,5,356.882
0.00287199,5,374.55
0.00287396,5,400.335
0.00287596,5,425.109
0.00287793,5,423.565
0.00287998,5,418.626
0.00288197,5,340.559
0.00288395,5,219.187
0.00288599,5,88.7663
0.00288798,5,-38.2571
0.00288999,5,-180.939
0.00289193,5,-356.384
0.00289394,5,-439.809
0.00289593,5,-552.857
0.00289793,5,-533.756
0.00289995,5,-470.787
0.00290193,5,-395.416
0.00290394,5,-364.337
0.00290599,5,-305.508
0.00290795,5,-121.63
0.00290996,5,-81.059
0.00291192,5,-66.1759
0.00291396,5,-57.9306
0.00291594,5,-58.3621
0.00291793,5,-66.2704
0.00291994,5,-77.4096
0.00292196,5,-85.4176
0.00292392,5,-112.588
0.00292597,5,-152.813
0.00292793,5,-172.025
0.00292997,5,-184.627
0.00293196,5,-187.416
0.00293398,5,-171.309
0.00293595,5,-127.289
0.00293797,5,-57.1046
0.00293994,5,29.6897
0.00294193,5,72.2576
0.00294394,5,60.1339
0.00294599,5,33.1212
0.00294794,5,-2.58878
0.00294995,5,-22.6249
0.00295193,5,-45.814
0.00295394,5,-141.919
0.00295595,5,-319.144
0.00295797,5,-710.053
0.00295998,5,-904.068
0.00296198,5,-861.021
0.00296396,5,-801.003
0.00296597,5,-748.504
0.00296794,5,-791.181
0.00296996,5,-896.362
0.00297192,5,-933.218
0.00297398,5,-899.214
0.00297593,5,-800.51
0.00297797,5,-663.99
0.00297994,5,-589.867
0.00298196,5,-546.551
0.00298393,5,-515.915
0.00298599,5,-590.812
0.00298794,5,-670.989
0.00298999,5,-721.928
0.00299194,5,-704.847
0.00299396,5,-649.798
0.00299594,5,-621.907
0.00299794,5,-634.839
0.00299991,5,-582.601
0.00300197,5,-436.359
0.00300397,5,-373.137
0.00300594,5,-387.9
0.00300795,5,-381.167
0.00300992,5,-339.498
0.00301199,5,-287.873
0.00301395,5,-211.67
0.003016,5,-138.533
0.00301795,5,-122.165
0.00301997,5,-136.981
0.00302194,5,-151.545
0.00302392,5,-162.49
0.00302594,5,-159.495
0.00302799,5,-140.624
0.00302995,5,-126.18
0.00303192,5,-122.84
0.00303398,5,-119.956
0.00303593,5,-116.322
0.00303796,5,-115.857
0.00303999,5,-120.303
0.00304195,5,-131.123
0.00304397,5,-148.158
0.00304593,5,-194.961
0.00304799,5,-292.111
0.00304995,5,-341.028
0.00305198,5,-497.776
0.00305394,5,-701.361
0.00305599,5,-785.888
0.00305797,5,-783.553
0.00305992,5,-763.449
0.00306199,5,-675.432
0.00306398,5,-524.943
0.00306593,5,-422.686
0.00306799,5,-237.802
0.00306996,5,1.75574
0.00307193,5,189.892
0.00307393,5,443.184
0.00307592,5,625.264
0.00307793,5,680.238
0.00307995,5,700.474
0.00308198,5,712.684
0.00308394,5,705.752
0.00308599,5,670.916
0.00308794,5,601.1
0.00308999,5,504.764
0.00309194,5,465.998
0.00309394,5,489.822
0.00309596,5,472.863
0.00309793,5,388.627
0.0031,5,272.721
0.00310192,5,196.581
0.00310397,5,168.022
0.00310598,5,154.431
0.003108,5,182.315
0.00310995,5,197.749
0.00311199,5,205.163
0.00311396,5,235.725
0.00311592,5,268.445
0.00311795,5,282.897
0.00311992,5,270.217
0.00312192,5,241.982
0.00312393,5,245.058
0.00312597,5,255.15
0.00312792,5,252.481
0.00313,5,269.588
0.00313196,5,336.101
0.00313395,5,422.57
0.00313597,5,454.643
0.00313799,5,421.408
0.00313997,5,343.019
0.00314195,5,212.489
0.00314395,5,89.5422
0.00314592,5,4.53243
0.00314798,5,-69.9985
0.00314994,5,-88.9425
0.00315197,5,-24.3531
0.00315393,5,93.9884
0.00315598,5,191.024
0.00315796,5,235.178
0.00315997,5,190.678
0.00316194,5,61.0708
0.00316393,5,-86.582
0.00316598,5,-229.55
0.00316794,5,-317.772
0.00316999,5,-355.432
0.00317195,5,-373.931
0.00317399,5,-365.292
0.00317594,5,-361.575
0.00317799,5,-380.67
0.00317999,5,-415.796
0.00318194,5,-434.442
0.00318399,5,-444.286
0.00318595,5,-441.307
0.00318793,5,-415.613
0.00318993,5,-344.425
0.00319198,5,-261.155
0.00319394,5,-245.936
0.003196,5,-270.478
0.00319797,5,-297.544
0.00319992,5,-301.18
0.00320192,5,-314.959
0.00320397,5,-329.307
0.00320592,5,-325.977
0.00320795,5,-254.89
0.00320992,5,-152.105
0.00321191,5,-59.8654
0.00321396,5,-4.47266
0.00321592,5,5.0082
0.00321798,5,-6.69373
0.00322,5,-21.8745
0.00322197,5,-42.6046
0.00322397,5,-39.1125
0.00322594,5,-38.3636
0.00322797,5,-65.803
0.00323,5,-74.3717
0.00323193,5,-101.168
0.00323395,5,-176.495
0.003236,5,-272.426
0.00323792,5,-390.755
0.00323997,5,-446.518
0.00324194,5,-501.07
0.00324392,5,-530.61
0.00324593,5,-501.045
0.00324796,5,-465.158
0.00324991,5,-455.978
0.00325194,5,-469.184
0.00325397,5,-474.932
0.00325594,5,-476.309
0.00325799,5,-490.645
0.00325996,5,-529.189
0.00326195,5,-549.956
0.00326393,5,-487.526
0.00326591,5,-432.818
0.00326796,5,-392.761
0.00327,5,-303.858
0.00327195,5,-255.857
0.00327393,5,-248.903
0.00327599,5,-196.162
0.00327798,5,-121.175
0.00327997,5,-79.3055
0.00328193,5,-82.3614
0.00328399,5,-96.1293
0.003286,5,-94.9384
0.00328793,5,-62.5072
0.00328995,5,-26.5399
0.00329199,5,-59.7075
0.00329395,5,-137.913
0.00329597,5,-189.586
0.003298,5,-233.513
0.00329997,5,-267.797
0.00330192,5,-294.39
0.00330395,5,-364.648
0.00330595,5,-484.802
0.00330791,5,-473.021
0.00330997,5,-763.268
0.00331194,5,-899.001
0.00331398,5,-953.367
0.00331595,5,-933.582
0.00331792,5,-880.327
0.00331997,5,-832.199
0.003322,5,-883.889
0.00332396,5,-970.048
0.00332597,5,-1015.05
0.00332792,5,-1007.23
0.00332999,5,-929.323
0.00333195,5,-797.35
0.00333394,5,-685.494
0.00333596,5,-644.878
0.00333799,5,-639.488
0.00333996,5,-627.574
0.00334199,5,-625.993
0.003344,5,-633.849
0.003346,5,-642.586
0.00334795,5,-674.475
0.00334997,5,-697.992
0.00335199,5,-653.391
0.00335394,5,-529.354
0.00335597,5,-397.028
0.00335793,5,-335.55
0.00335998,5,-321.951
0.00336193,5,-328.114
0.00336396,5,-345.116
0.00336599,5,-291.44
0.00336798,5,-201.209
0.00336993,5,-123.218
0.00337198,5,-138.974
0.00337393,5,-258.167
0.00337592,5,-341.457
0.00337793,5,-477.985
0.00337996,5,-687.772
0.00338195,5,-862.895
0.00338397,5,-924.808
0.00338593,5,-910.963
0.00338794,5,-899.717
0.00338992,5,-911.169
0.00339193,5,-910.907
0.00339398,5,-855.796
0.00339598,5,-716.033
0.00339796,5,-548.373
0.00339993,5,-408.466
0.00340196,5,-313.533
0.00340397,5,-245.993
0.00340593,5,-204.147
0.00340796,5,-194.533
0.00340992,5,-205.04
0.00341191,5,-232.771
0.00341397,5,-248.57
0.00341592,5,-218.624
0.00341798,5,-127.721
0.00341999,5,72.0638
0.00342196,5,330.472
0.00342396,5,486.835
0.00342593,5,556.753
0.00342796,5,591.569
0.00342999,5,609.107
0.003432,5,626.666
0.00343394,5,661.966
0.00343592,5,737.537
0.00343794,5,777.854
0.00343992,5,804.861
0.00344192,5,869.162
0.00344396,5,913.667
0.003446,5,934.993
0.00344794,5,938.276
0.00344992,5,881.874
0.00345195,5,767.453
0.00345393,5,629.511
0.00345596,5,495.767
0.00345795,5,390.191
0.00345994,5,291.312
0.00346191,5,234.894
0.00346395,5,214.263
0.00346595,5,217.543
0.00346798,5,218.968
0.00346998,5,207.464
0.00347195,5,170.105
0.00347399,5,111.375
0.00347595,5,81.5949
0.00347794,5,48.6328
0.00347993,5,29.7178
0.00348199,5,33.4317
0.00348392,5,49.5598
0.00348594,5,20.277
0.00348798,5,-43.0128
0.00348998,5,-13.4151
0.00349198,5,31.4574
0.00349393,5,39.2478
0.00349598,5,26.0409
0.00349794,5,34.3845
0.00349997,5,40.1838
0.00350194,5,32.7134
0.00350396,5,4.80924
0.00350592,5,13.5379
0.00350796,5,96.7047
0.00350993,5,151.992
0.003512,5,181.546
0.00351396,5,254.299
0.00351599,5,341.495
0.00351792,5,400.488
0.00351997,5,421.868
0.00352194,5,385.534
0.00352395,5,295.206
0.00352598,5,251.225
0.00352798,5,317.184
0.00352995,5,388.037
0.00353192,5,390.44
0.00353396,5,387.455
0.00353594,5,330.016
0.00353799,5,183.854
0.00353999,5,91.2527
0.00354195,5,54.095
0.00354397,5,78.4779
0.00354597,5,147.711
0.00354798,5,215.674
0.00354997,5,242.789
0.00355193,5,241.678
0.00355395,5,261.017
0.00355592,5,270.349
0.003558,5,232.308
0.00355995,5,211.599
0.00356197,5,191.573
0.00356397,5,167.358
0.00356594,5,146.157
0.00356798,5,138.32
0.00356992,5,125.519
0.00357192,5,130.262
0.00357393,5,139.535
0.00357598,5,106.63
0.00357794,5,41.9097
0.00357996,5,-19.3709
0.00358198,5,-45.4025
0.00358399,5,-20.7681
0.00358599,5,47.3985
0.00358793,5,129.723
0.00358997,5,195.298
0.00359199,5,230.18
0.00359392,5,233.346
0.00359593,5,221.912
0.00359794,5,203.325
0.00359996,5,221.335
0.00360196,5,248.593
0.00360394,5,255.5
0.00360597,5,243.724
0.00360794,5,164.787
0.00360994,5,116.582
0.00361194,5,24.4314
0.00361397,5,-61.8237
0.00361593,5,-72.8688
0.00361798,5,-72.0615
0.00361992,5,-77.6209
0.00362197,5,-114.996
0.00362392,5,-134.776
0.00362594,5,-123.32
0.003628,5,-142.065
0.00362996,5,-165.448
0.00363193,5,-193.269
0.00363394,5,-214.237
0.003636,5,-207.106
0.00363795,5,-184.771
0.00363998,5,-185.474
0.00364192,5,-199.675
0.00364398,5,-282.266
0.00364594,5,-358.731
0.00364792,5,-324.756
0.00364995,5,-161.461
0.00365193,5,-47.6426
0.00365392,5,-96.6136
0.00365596,5,-156.313
0.00365792,5,-157.463
0.00365995,5,-170.574
0.00366197,5,-186.778
0.00366395,5,-188.118
0.003666,5,-185.835
0.00366794,5,-195.062
0.00366996,5,-212.21
0.00367194,5,-234.325
0.00367397,5,-283.653
0.00367592,5,-376.455
0.00367795,5,-412.819
0.00367993,5,-434.811
0.00368193,5,-443.322
0.003684,5,-437.336
0.00368598,5,-431.865
0.00368797,5,-435.711
0.00368998,5,-487.684
0.00369198,5,-543.523
0.00369396,5,-542.655
0.00369595,5,-507.876
0.00369798,5,-492.843
0.00369991,5,-472.575
0.00370196,5,-420.685
0.003704,5,-354.585
0.00370598,5,-312.555
0.00370792,5,-242.89
0.00370997,5,-159.264
0.00371197,5,-164.739
0.003714,5,-158.589
0.00371594,5,-78.3872
0.00371796,5,-9.61678
0.00371999,5,31.9367
0.00372192,5,31.2108
0.00372399,5,-54.8431
0.00372595,5,-193.464
0.00372794,5,-394.657
0.00372993,5,-538.863
0.00373195,5,-540.293
0.00373399,5,-416.009
0.00373593,5,-262.495
0.00373794,5,-136.509
0.00373997,5,-20.0729
0.00374196,5,76.1907
0.00374396,5,135.218
0.00374598,5,146.166
0.00374798,5,76.7843
0.00374999,5,13.6979
0.00375199,5,1.26323
0.003754,5,-5.87134
0.00375591,5,-16.3333
0.00375792,5,13.2929
0.00376,5,-10.0842
0.00376194,5,-80.8206
0.00376399,5,-65.3193
0.003766,5,-24.4099
0.00376792,5,-15.8234
0.00376998,5,-8.63723
0.00377192,5,12.3014
0.00377393,5,29.8342
0.00377598,5,14.7927
0.00377798,5,1.44347
0.00377998,5,-12.7177
0.00378197,5,-40.3689
0.00378396,5,-56.0689
0.00378596,5,-46.2824
0.00378791,5,-9.55078
0.00378993,5,22.0354
0.00379195,5,37.5884
0.00379394,5,69.8328
0.00379596,5,100.904
0.003798,5,120.761
0.00379992,5,122.517
0.00380196,5,81.8438
0.00380393,5,-8.10772
0.00380596,5,-49.6434
0.00380797,5,-24.4358
0.00380998,5,7.5019
0.00381196,5,19.0802
0.00381399,5,40.889
0.00381595,5,86.5663
0.00381797,5,115.595
0.00382,5,99.4116
0.00382199,5,77.6104
0.00382396,5,96.0101
0.00382595,5,136.791
0.00382799,5,120.991
0.00382996,5,31.8384
0.00383196,5,37.3706
0.00383396,5,49.2349
0.00383599,5,57.0374
0.00383792,5,57.5495
0.00384,5,62.6039
0.00384192,5,92.0694
0.00384395,5,126.753
0.00384599,5,137.715
0.00384796,5,134.196
0.00384997,5,143.982
0.00385191,5,160.109
0.003854,5,164.61
0.00385599,5,173.148
0.00385793,5,181.488
0.00385997,5,183.912
0.00386199,5,227.857
0.00386395,5,308.96
0.00386593,5,372.266
0.00386792,5,388.238
0.00386998,5,366.232
0.00387197,5,352.73
0.00387395,5,412.342
0.00387593,5,575.046
0.00387795,5,754.366
0.00387997,5,901.78
0.00388197,5,1039.32
0.00388396,5,1143.86
0.00388597,5,1211.76
0.00388797,5,1228.07
0.00388995,5,1215.01
0.00389192,5,1196.38
0.00389396,5,1213.83
0.00389597,5,1240.8
0.00389795,5,1302.64
0.00389995,5,1353.22
0.00390197,5,1363.21
0.00390394,5,1366.13
0.00390598,5,1379.79
0.00390795,5,1257.67
0.00390994,5,1140.78
0.00391197,5,1060.14
0.00391397,5,937.525
0.00391595,5,839.396
0.00391796,5,816.791
0.00391997,5,838.342
0.00392198,5,826.382
0.00392395,5,724.42
0.00392592,5,569.822
0.00392799,5,391.971
0.00392998,5,215.397
0.00393197,5,85.3959
0.00393393,5,5.38526
0.00393597,5,-7.24454
0.00393793,5,47.7298
0.00393998,5,100.731
0.00394193,5,126.903
0.00394397,5,141.146
0.00394596,5,141.875
0.00394795,5,125.882
0.00395,5,107.051
0.00395197,5,98.7666
0.00395397,5,95.6962
0.00395596,5,97.6573
0.00395797,5,87.9209
0.00395997,5,79.8904
0.00396196,5,85.9302
0.00396393,5,90.4595
0.00396599,5,95.2872
0.00396797,5,114.768
0.00396995,5,120.076
0.00397191,5,93.2968
0.00397395,5,51.3722
0.00397596,5,11.4013
0.00397794,5,-18.9583
0.00397992,5,-47.5494
0.00398194,5,-71.2765
0.00398395,5,-79.1881
0.00398599,5,-64.4679
0.00398799,5,-47.7004
0.00398997,5,-35.1397
0.003992,5,-16.1023
0.003994,5,0.544467
0.00399599,5,-5.18711
0.00399797,5,-35.3036
0.00399991,5,-83.5328
0.00400192,5,-129.498
0.00400395,5,-182.49
0.00400592,5,-279.477
0.00400792,5,-344.583
0.00400992,5,-386.242
0.00401192,5,-395.29
0.00401393,5,-347.773
0.00401592,5,-274.262
0.00401793,5,-229.556
0.00401992,5,-230.366
0.00402199,5,-256.605
0.00402398,5,-308.425
0.00402593,5,-324.443
0.00402795,5,-260.33
0.00402994,5,-141.597
0.004032,5,-25.6134
0.00403398,5,49.1594
0.00403597,5,70.0865
0.00403796,5,81.9505
0.00403996,5,72.6109
0.00404195,5,30.8831
0.00404394,5,-22.4757
0.00404599,5,-79.059
0.00404793,5,-120.344
0.00404992,5,-89.0301
0.00405194,5,14.2512
0.00405396,5,67.5638
0.00405595,5,18.6761
0.00405793,5,-107.589
0.00405999,5,-252.931
0.00406193,5,-333.399
0.00406393,5,-382.123
0.00406595,5,-425.722
0.00406793,5,-454.496
0.00406993,5,-412.161
0.00407198,5,-305.374
0.00407391,5,-148.128
0.00407594,5,0.606967
0.00407797,5,63.9132
0.00407995,5,68.844
0.00408194,5,35.5436
0.00408398,5,-31.5929
0.00408595,5,-72.8878
0.00408798,5,-59.4249
0.00408992,5,-9.76062
0.00409196,5,43.2145
0.00409398,5,86.5049
0.00409592,5,120.035
0.00409792,5,142.278
0.0041,5,123.741
0.00410197,5,55.7009
0.00410396,5,9.76332
0.00410598,5,-16.4999
0.00410796,5,-21.7732
0.00410996,5,9.86804
0.004112,5,26.5753
0.00411394,5,29.2836
0.00411596,5,23.37
0.00411799,5,-0.48052
0.00411994,5,-158.733
0.00412199,5,-241.666
0.00412397,5,-187.803
0.00412596,5,-81.8546
0.00412795,5,-44.048
0.00412996,5,-37.2173
0.00413196,5,-21.1245
0.00413393,5,5.07993
0.00413594,5,60.2488
0.00413795,5,68.3857
0.00413994,5,-34.8646
0.00414198,5,-101.527
0.00414397,5,-79.4651
0.00414596,5,-56.1136
0.004148,5,-119.599
0.00414994,5,-141.736
0.00415196,5,-140.116
0.004154,5,-90.5427
0.00415593,5,-10.1154
0.00415792,5,56.2987
0.00415994,5,126.274
0.00416195,5,94.5318
0.00416399,5,-6.37973
0.00416597,5,14.1484
0.00416797,5,58.563
0.00417,5,67.0109
0.00417194,5,81.5968
0.00417397,5,92.2499
0.00417598,5,114.301
0.00417794,5,115.826
0.00417997,5,92.2422
0.00418193,5,72.6804
0.00418398,5,65.5345
0.004186,5,54.1553
0.00418791,5,36.4236
0.00418992,5,7.09773
0.00419194,5,92.1155
0.00419396,5,323.33
0.00419599,5,377.334
0.00419795,5,336.967
0.00419994,5,258.791
0.00420194,5,137.902
0.00420395,5,74.4579
0.00420597,5,79.4873
0.00420792,5,84.8808
0.00420998,5,58.5728
0.00421197,5,20.7147
0.00421394,5,-8.05508
0.00421598,5,-40.0248
0.00421799,5,-76.4462
0.00421994,5,-82.1357
0.00422195,5,-20.8448
0.00422394,5,30.3223
0.00422598,5,-33.5386
0.00422798,5,-59.0834
0.00422992,5,-55.8488
0.00423193,5,-92.7906
0.00423392,5,-124.594
0.00423593,5,-130.276
0.00423797,5,-167.165
0.00423995,5,-203.701
0.00424198,5,-162.352
0.00424397,5,-88.6183
0.00424598,5,-66.5476
0.004248,5,-68.8283
0.00424994,5,-76.3119
0.00425196,5,-72.4757
0.00425397,5,-51.0942
0.00425595,5,16.1926
0.00425794,5,84.8543
0.00425999,5,146.438
0.00426195,5,209.088
0.00426393,5,252.64
0.00426595,5,268.587
0.00426797,5,280.212
0.00426994,5,343.118
0.00427198,5,457.296
0.00427395,5,561.175
0.00427594,5,644.799
0.00427797,5,737.753
0.00427994,5,808.741
0.00428196,5,842.923
0.00428398,5,840.189
0.00428599,5,797.476
0.00428793,5,763.951
0.00428998,5,662.362
0.00429197,5,477.509
0.00429393,5,295.856
0.00429594,5,190.594
0.00429796,5,160.405
0.00429993,5,206.093
0.00430199,5,472.834
0.00430395,5,871.443
0.00430593,5,929.933
0.004308,5,992.368
0.00430996,5,1078.58
0.00431199,5,1083.54
0.00431397,5,1022.35
0.00431597,5,1019.65
0.00431795,5,714.389
0.00431997,5,262.752
0.00432199,5,320.552
0.004324,5,523.479
0.00432595,5,426.684
0.00432792,5,369.072
0.00432995,5,288.089
0.00433196,5,137.063
0.00433393,5,1.90456
0.00433594,5,-66.6627
0.00433794,5,-86.9108
0.00433996,5,-91.1278
0.004342,5,-85.9344
0.00434397,5,-73.7842
0.00434597,5,-118.651
0.00434795,5,-101.235
0.00434992,5,-44.0944
0.00435197,5,-19.6913
0.00435394,5,-21.1237
0.00435599,5,-137.336
0.00435799,5,-234.981
0.00436,5,-280.834
0.00436198,5,-308.488
0.004364,5,-344.905
0.00436597,5,-379.088
0.00436799,5,-375.538
0.00436992,5,-425.804
0.00437195,5,-515.234
0.00437396,5,-635.45
0.00437593,5,-897.782
0.00437793,5,-937.94
0.00437993,5,-710.563
0.00438199,5,-532.985
0.00438393,5,-402.046
0.00438593,5,-52.4445
0.00438798,5,253.371
0.00439,5,430.768
0.00439194,5,642.78
0.00439393,5,766.857
0.00439593,5,762.274
0.00439792,5,695.935
0.00439994,5,596.943
0.00440197,5,437.812
0.00440396,5,303.297
0.00440595,5,219.144
0.00440792,5,117.363
0.00440997,5,24.2369
0.00441193,5,-20.6979
0.00441392,5,-52.264
0.00441599,5,-87.1396
0.00441798,5,-83.0996
0.00441994,5,-55.367
0.00442197,5,-32.866
0.00442396,5,-19.3498
0.00442594,5,-23.9262
0.00442799,5,-37.0637
0.00442996,5,-52.9308
0.00443199,5,-75.3397
0.00443391,5,-114.824
0.00443599,5,-175.771
0.00443798,5,-204.228
0.00443998,5,-140.74
0.00444197,5,-48.1147
0.004444,5,-6.11125
0.00444598,5,-15.4567
0.00444798,5,-73.2547
0.00444998,5,-158.166
0.00445198,5,-255.844
0.00445395,5,-370.412
0.00445599,5,-469.709
0.00445799,5,-522.91
0.00445999,5,-563.401
0.00446193,5,-631.908
0.00446397,5,-717.008
0.00446593,5,-767.132
0.00446794,5,-780.954
0.00446992,5,-731.006
0.00447198,5,-722.738
0.004474,5,-733.37
0.00447594,5,-727.257
0.00447792,5,-746.468
0.00447997,5,-748.664
0.00448198,5,-732.118
0.00448392,5,-706.402
0.00448599,5,-691.633
0.00448793,5,-654.865
0.00448999,5,-607.697
0.00449195,5,-576.365
0.004494,5,-569.926
0.00449594,5,-571.564
0.00449798,5,-521.062
0.00449994,5,-432.255
0.00450193,5,-364.343
0.00450391,5,-334.357
0.00450599,5,-346.63
0.00450793,5,-358.832
0.00450999,5,-369.78
0.00451199,5,-359.902
0.00451398,5,-322.006
0.00451594,5,-286.802
0.00451795,5,-235.307
0.00451996,5,-162.817
0.00452193,5,-117.202
0.00452394,5,-98.6276
0.00452593,5,-110.218
0.00452794,5,-153.739
0.00452999,5,-212.001
0.00453193,5,-278.328
0.00453396,5,-317.327
0.00453595,5,-335.871
0.00453792,5,-310.537
0.00453998,5,-260.988
0.00454193,5,-213.36
0.00454394,5,-163.912
0.00454597,5,-121.7
0.004548,5,-68.0541
0.00454995,5,-13.2755
0.00455198,5,27.9732
0.00455398,5,42.467
0.004556,5,41.4595
0.00455792,5,29.475
0.00455997,5,-15.5027
0.004562,5,-54.1699
0.00456398,5,-62.8001
0.00456598,5,-56.0045
0.00456796,5,-70.5053
0.00456999,5,-90.0853
0.004572,5,-107.163
0.00457398,5,-126.904
0.00457597,5,-127.309
0.00457795,5,-87.1987
0.00457999,5,-50.4066
0.00458195,5,-30.3412
0.00458398,5,-8.94451
0.00458598,5,-7.05939
0.00458796,5,-26.0374
0.00458999,5,-41.9565
0.00459198,5,-55.7091
0.00459398,5,-58.6103
0.00459599,5,-54.6802
0.00459794,5,-56.0671
0.00459999,5,-58.6039
0.00460198,5,-61.6556
0.00460398,5,-63.1057
0.00460596,5,-55.869
0.00460799,5,-57.7079
0.00460995,5,-67.2992
0.00461197,5,-58.6589
0.00461395,5,-82.7072
0.00461599,5,-121.912
0.00461796,5,-71.624
0.00461996,5,-23.6283
0.00462196,5,-1.11054
0.004624,5,33.741
0.00462593,5,57.2655
0.00462794,5,56.8697
0.00462997,5,68.4735
0.00463197,5,68.0386
0.00463392,5,85.9604
0.00463599,5,109.187
0.00463796,5,122.819
0.00463997,5,132.266
0.00464196,5,147.988
0.00464395,5,165.184
0.00464597,5,149.56
0.00464792,5,120.069
0.00464995,5,88.9585
0.00465197,5,68.0957
0.00465399,5,46.847
0.00465593,5,27.8217
0.00465796,5,19.9885
0.00466,5,38.713
0.00466196,5,123.735
0.00466398,5,225.78
0.00466594,5,312.849
0.00466792,5,350.863
0.00466993,5,336.786
0.00467194,5,286.322
0.00467399,5,233.32
0.004676,5,177.448
0.00467798,5,101.047
0.00467996,5,97.5558
0.00468192,5,121.279
0.00468399,5,133.121
0.00468596,5,128.19
0.00468797,5,135.215
0.00468993,5,115.334
0.00469195,5,89.7968
0.00469396,5,92.1392
0.00469595,5,88.4767
0.00469796,5,64.4819
0.00469998,5,36.0781
0.00470193,5,53.6773
0.00470395,5,102.435
0.00470598,5,168.248
0.00470794,5,231.25
0.00470995,5,261.406
0.00471196,5,257.583
0.004714,5,268.632
0.00471593,5,277.776
0.00471793,5,275.642
0.00471997,5,279.168
0.00472199,5,283.765
0.00472395,5,287.099
0.00472598,5,285.353
0.00472794,5,271.956
0.00472993,5,240.532
0.00473199,5,209.425
0.00473394,5,212.032
0.00473597,5,260.429
0.00473793,5,296.606
0.00473996,5,295.34
0.00474194,5,271.624
0.00474397,5,242.535
0.00474597,5,225.569
0.00474796,5,235.982
0.00474998,5,241.964
0.00475199,5,194.493
0.00475395,5,136.442
0.00475599,5,106.241
0.00475792,5,69.4419
0.00475995,5,34.41
0.00476198,5,34.4648
0.00476396,5,13.4904
0.004766,5,-27.256
0.00476795,5,-70.8408
0.00476998,5,-112.487
0.00477192,5,-114.002
0.00477395,5,-93.4454
0.00477595,5,-66.1809
0.004778,5,-43.1164
0.00477993,5,-11.3309
0.00478194,5,5.00602
0.00478396,5,1.34893
0.00478593,5,-9.05783
0.00478795,5,-25.7736
0.00478995,5,-57.335
0.00479199,5,-93.76
0.00479399,5,-120.531
0.00479595,5,-120.946
0.00479795,5,-104.294
0.00479998,5,-73.155
0.00480196,5,-52.3545
0.00480392,5,-65.6673
0.004806,5,-88.8375
0.00480793,5,-117.553
0.00480993,5,-160.68
0.00481191,5,-215.44
0.00481395,5,-250.69
0.00481599,5,-252.244
0.00481794,5,-216.897
0.00481997,5,-210.081
0.00482193,5,-245.421
0.00482396,5,-313.669
0.00482592,5,-356.371
0.00482794,5,-319.482
0.00482996,5,-292.385
0.00483194,5,-318.91
0.00483393,5,-372.798
0.00483596,5,-379.002
0.00483797,5,-337.794
0.00483994,5,-308.154
0.00484196,5,-327.648
0.00484397,5,-343.539
0.00484599,5,-314.117
0.00484797,5,-252.164
0.00484997,5,-207.359
0.00485194,5,-168.763
0.00485397,5,-123.083
0.00485592,5,-55.9601
0.00485796,5,13.7988
0.00485999,5,61.2232
0.00486194,5,87.947
0.00486397,5,81.8378
0.00486596,5,124.291
0.004868,5,211.951
0.00486992,5,208.676
0.00487193,5,175.139
0.00487399,5,116.812
0.00487592,5,-35.3207
0.00487799,5,-133.045
0.00487995,5,-175.611
0.00488199,5,-215.031
0.00488398,5,-225.819
0.00488599,5,-245.873
0.00488793,5,-258.747
0.00489,5,-227.47
0.00489199,5,-175.874
0.00489395,5,-142.232
0.00489598,5,-161.29
0.004898,5,-155.642
0.00489993,5,-116.442
0.00490199,5,-66.5088
0.00490396,5,25.8057
0.00490594,5,131.856
0.00490796,5,273.332
0.00490992,5,398.238
0.00491197,5,462.729
0.00491395,5,478.111
0.004916,5,427.286
0.00491795,5,348.053
0.00491992,5,250.681
0.00492195,5,97.6133
0.00492396,5,60.9672
0.00492599,5,83.7037
0.00492793,5,30.4543
0.00492995,5,-38.613
0.00493197,5,-40.5268
0.00493394,5,29.412
0.004936,5,109.425
0.00493799,5,120.729
0.00493994,5,83.9878
0.00494195,5,169.47
0.00494392,5,202.268
0.00494596,5,178.05
0.00494794,5,163.781
0.00494994,5,175.265
0.00495197,5,251.283
0.00495393,5,378.894
0.00495599,5,468.712
0.00495796,5,513.612
0.00495995,5,540.688
0.00496193,5,532.062
0.00496397,5,422.248
0.00496599,5,259.028
0.00496793,5,63.125
0.00496996,5,-116.816
0.00497194,5,-237.816
0.00497395,5,-348.93
0.00497596,5,-377.628
0.00497792,5,-279.439
0.00497999,5,-270.462
0.00498195,5,-246.675
0.00498397,5,-199.829
0.00498593,5,-145.376
0.00498799,5,84.095
0.00498999,5,301.236
0.00499199,5,317.159
0.00499392,5,320.793
0.00499599,5,328.865
0.00499796,5,202.136
0.00499997,5,49.8222
0.00500198,5,-87.5984
0.00500396,5,-215.889
0.00500595,5,-244.405
0.00500796,5,-281.866
0.00500999,5,-353.338
0.00501191,5,-402.887
0.00501397,5,-374.904
0.00501595,5,-304.152
0.00501796,5,-251.183
0.00501993,5,-262.681
0.00502194,5,-308.504
0.00502399,5,-438.141
0.00502599,5,-622.101
0.00502794,5,-724.361
0.00502996,5,-656.476
0.00503193,5,-512.672
0.00503394,5,-462.728
0.00503594,5,-404.226
0.00503793,5,-311.631
0.00503998,5,-269.344
0.00504198,5,-287.087
0.00504399,5,-318.129
0.00504595,5,-199.221
0.00504792,5,-97.3596
0.00504994,5,-119.562
0.00505194,5,-165.399
0.00505395,5,-249.155
0.00505599,5,-352.68
0.00505793,5,-421.757
0.00505994,5,-477.625
0.00506194,5,-500.306
0.00506395,5,-553.835
0.00506596,5,-383.55
0.00506794,5,-157.615
0.00506997,5,-17.8152
0.00507192,5,13.8168
0.00507396,5,-118.303
0.00507595,5,-308.773
0.00507796,5,-454.451
0.00507994,5,-493.804
0.00508196,5,-415.401
0.00508392,5,-247.35
0.00508598,5,-213.269
0.00508794,5,-204.498
0.00508995,5,-84.8866
0.00509196,5,-2.26845
0.00509393,5,48.2534
0.00509596,5,95.5415
0.00509796,5,143.351
0.00509998,5,177.278
0.00510194,5,239.317
0.00510393,5,288.095
0.00510599,5,281.944
0.00510795,5,227.103
0.00510997,5,153.103
0.00511199,5,69.2407
0.00511393,5,-28.0631
0.00511596,5,-38.1235
0.00511797,5,-3.01158
0.00512,5,29.789
0.00512193,5,34.0454
0.00512399,5,-44.1096
0.005126,5,-134.97
0.00512796,5,-190.254
0.00512995,5,-161.731
0.00513193,5,-110.224
0.00513397,5,-68.3023
0.00513599,5,-27.4504
0.00513792,5,-12.2267
0.00513995,5,-59.874
0.00514198,5,-58.596
0.005144,5,10.1839
0.00514598,5,80.3236
0.005148,5,126.428
0.00514997,5,82.6378
0.00515194,5,50.3831
0.00515398,5,65.7947
0.00515592,5,41.5189
0.00515797,5,-18.6405
0.00515994,5,-64.5187
0.00516199,5,-68.9047
0.00516397,5,-72.4189
0.00516594,5,-67.7934
0.00516798,5,-47.593
0.00516993,5,-35.6977
0.00517198,5,-63.3557
0.00517398,5,-65.7302
0.00517593,5,-75.0096
0.005178,5,-43.8267
0.00517993,5,48.9322
0.00518193,5,135.037
0.005184,5,217.209
0.00518593,5,295.657
0.00518798,5,339.265
0.00518998,5,363.174
0.005192,5,330.886
0.00519393,5,259.317
0.00519599,5,148.341
0.00519794,5,32.2701
0.00519997,5,-48.5658
0.00520192,5,-95.8332
0.00520397,5,-90.7453
0.00520597,5,-79.8626
0.00520795,5,-76.6769
0.00520995,5,-72.0703
0.00521199,5,-76.7448
0.00521394,5,-79.3361
0.00521593,5,-41.4991
0.00521799,5,-6.50934
0.00521995,5,2.57269
0.00522192,5,14.273
0.00522396,5,24.0158
0.00522597,5,31.3549
0.00522797,5,38.2537
0.00522998,5,35.6181
0.00523194,5,17.0698
0.00523391,5,12.2453
0.00523599,5,31.6588
0.00523793,5,52.5991
0.00523999,5,115.973
0.00524194,5,206.24
0.00524397,5,269.165
0.00524595,5,300.021
0.00524794,5,318.647
0.00524997,5,322.124
0.00525194,5,213.611
0.00525399,5,82.9238
0.00525594,5,-57.3693
0.00525796,5,-189.294
0.00525993,5,-215.514
0.00526194,5,-175.438
0.00526394,5,-135.634
0.00526596,5,-107.167
0.00526797,5,-111.892
0.00526994,5,-139.843
0.00527196,5,-157.995
0.005274,5,-205.028
0.00527599,5,-189.805
0.00527797,5,-114.104
0.00527993,5,-59.4886
0.00528192,5,-26.2041
0.00528397,5,10.3481
0.00528595,5,40.9205
0.00528796,5,-14.2397
0.00528998,5,-116.493
0.00529193,5,-181.802
0.00529395,5,-176.311
0.00529599,5,-161.483
0.00529796,5,-111.08
0.00529998,5,-38.8763
0.00530198,5,21.1081
0.00530399,5,37.2239
0.00530599,5,5.78765
0.00530798,5,-69.2842
0.00530993,5,-120.23
0.00531195,5,-137.677
0.00531397,5,-160.67
0.00531599,5,-177.537
0.00531794,5,-104.869
0.00531996,5,-47.5779
0.00532195,5,-58.955
0.00532392,5,-105.318
0.00532599,5,-138.311
0.00532798,5,-170.369
0.00532992,5,-199.498
0.00533196,5,-207.567
0.00533392,5,-203.857
0.00533597,5,-182.691
0.00533794,5,-155.318
0.00533996,5,-151.621
0.00534198,5,-101.126
0.00534395,5,-140.043
0.00534599,5,-163.918
0.00534793,5,-211.881
0.00534995,5,-267.266
0.00535198,5,-296.134
0.00535394,5,-296.593
0.00535594,5,-274.005
0.00535798,5,-223.069
0.00535995,5,-168.004
0.00536199,5,-131.102
0.00536393,5,-104.174
0.00536592,5,-70.764
0.00536798,5,-25.0639
0.00536996,5,21.0009
0.00537193,5,53.3512
0.00537398,5,71.2716
0.00537595,5,77.1245
0.00537795,5,72.0003
0.00537998,5,62.5575
0.00538194,5,55.0662
0.00538392,5,56.4849
0.00538596,5,71.9864
0.00538792,5,91.3869
0.00538995,5,111.151
0.00539197,5,136.84
0.00539397,5,158.548
0.00539595,5,147.029
0.00539793,5,101.802
0.0054,5,60.1562
0.00540197,5,33.29
0.00540396,5,37.4339
0.00540598,5,53.0037
0.00540794,5,40.6302
0.00540996,5,26.2313
0.00541199,5,29.093
0.00541396,5,25.3646
0.00541594,5,-3.71004
0.00541792,5,-20.6389
0.00541996,5,6.07477
0.00542199,5,34.4066
0.00542393,5,10.1295
0.00542598,5,-44.2317
0.005428,5,-84.8321
0.00542999,5,-71.1072
0.00543197,5,-31.3739
0.00543397,5,-12.8524
0.00543599,5,-11.0172
0.00543796,5,-4.03207
0.00543995,5,1.40439
0.00544197,5,-0.877259
0.00544396,5,10.8531
0.00544593,5,31.2552
0.00544799,5,38.7154
0.00544993,5,42.8725
0.00545193,5,60.9466
0.00545397,5,64.5863
0.00545594,5,41.4221
0.00545795,5,-1.035
0.00545995,5,-38.6993
0.00546198,5,-15.3673
0.00546399,5,63.7134
0.00546598,5,153.713
0.00546795,5,199.407
0.00546998,5,221.538
0.00547194,5,207.579
0.00547396,5,115.903
0.00547597,5,147.175
0.00547794,5,168.282
0.00547993,5,111.467
0.00548199,5,33.1408
0.00548393,5,38.1624
0.00548599,5,173.992
0.005488,5,364.383
0.00548993,5,475.969
0.00549196,5,499.458
0.00549396,5,422.482
0.005496,5,160.382
0.00549793,5,-237.529
0.00549993,5,-480.727
0.00550196,5,-531.698
0.00550394,5,-502.888
0.00550599,5,-470.274
0.00550799,5,-438.47
0.00550999,5,-372.557
0.00551198,5,-307.645
0.00551393,5,-254.67
0.00551595,5,-200.41
0.00551797,5,-137.391
0.00551993,5,-131.132
0.00552194,5,-160.12
0.00552394,5,-152.891
0.00552596,5,-91.964
0.00552796,5,3.33836
0.00552996,5,70.1504
0.00553199,5,98.7208
0.00553395,5,101.952
0.00553594,5,108.213
0.005538,5,98.8856
0.00553993,5,66.9596
0.00554198,5,50.5299
0.00554399,5,49.2842
0.00554592,5,26.751
0.00554795,5,2.85901
0.00555,5,-6.03311
0.00555192,5,-14.6741
0.00555399,5,-7.67404
0.00555599,5,18.6515
0.00555793,5,57.7305
0.00555994,5,93.6402
0.00556198,5,115.51
0.00556398,5,142.605
0.00556597,5,141.338
0.00556797,5,111.2
0.00556995,5,87.2868
0.00557196,5,79.3386
0.00557396,5,62.1212
0.00557599,5,36.9695
0.00557794,5,5.43958
0.00557995,5,-13.9603
0.00558195,5,-34.0679
0.00558396,5,-45.3649
0.00558596,5,-48.8485
0.00558794,5,-55.4271
0.00558993,5,-54.7544
0.00559194,5,-37.8892
0.00559395,5,-26.6455
0.00559592,5,-32.409
0.00559793,5,-53.3805
0.00559992,5,-58.3477
0.00560194,5,-48.248
0.00560398,5,-35.3447
0.005606,5,-9.78925
0.00560798,5,8.47465
0.00560993,5,12.0733
0.00561195,5,13.15
0.00561396,5,21.544
0.00561593,5,35.4758
0.005618,5,35.0634
0.00561997,5,14.4639
0.00562195,5,-12.5562
0.00562396,5,-39.0791
0.005626,5,-57.1707
0.00562795,5,-64.6873
0.00562994,5,-74.8094
0.00563192,5,-85.0328
0.00563394,5,-99.5841
0.00563595,5,-98.1565
0.005638,5,-69.7715
0.00563999,5,-16.5089
0.00564196,5,20.1092
0.00564392,5,43.1878
0.00564596,5,52.4809
0.00564796,5,44.2611
0.00564992,5,23.5494
0.00565195,5,-2.39919
0.00565395,5,-15.7133
0.005656,5,-14.975
0.00565796,5,-6.41327
0.00565993,5,10.2871
0.00566196,5,21.1469
0.00566397,5,16.9306
0.00566596,5,14.8236
0.00566793,5,21.5289
0.00566995,5,21.5673
0.00567193,5,43.9164
0.00567399,5,87.4988
0.00567598,5,121.141
0.00567792,5,280.45
0.00567994,5,413.154
0.00568199,5,476.592
0.00568397,5,339.868
0.00568592,5,152.25
0.00568795,5,73.0814
0.00568996,5,47.1927
0.00569194,5,33.0849
0.00569392,5,31.4326
0.00569597,5,44.2133
0.00569792,5,83.2419
0.00569994,5,131.284
0.00570195,5,138.84
0.00570394,5,95.81
0.00570597,5,32.2145
0.00570799,5,-56.4064
0.00570993,5,-129.665
0.00571197,5,-131.418
0.00571394,5,-95.602
0.00571598,5,-69.8441
0.00571795,5,-75.3731
0.00572,5,-83.339
0.00572194,5,-66.5489
0.00572394,5,-36.5648
0.005726,5,20.3257
0.00572798,5,91.9546
0.00573,5,153.923
0.00573194,5,175.568
0.00573394,5,189.681
0.00573594,5,216.004
0.00573797,5,257.049
0.00573994,5,311.737
0.00574193,5,362.627
0.00574396,5,383.542
0.00574598,5,369.246
0.00574793,5,307.52
0.00574995,5,223.653
0.00575198,5,170.653
0.00575392,5,119.622
0.00575597,5,26.2497
0.00575799,5,-30.4225
0.00575998,5,52.8606
0.00576198,5,216.137
0.00576396,5,328.918
0.00576597,5,392.048
0.00576798,5,393.75
0.00576994,5,401.699
0.00577195,5,406.327
0.00577395,5,379.202
0.00577593,5,301.392
0.00577798,5,155.368
0.00577994,5,-137.581
0.00578196,5,-278.872
0.00578399,5,-230.624
0.00578597,5,-135.654
0.00578797,5,-64.7788
0.00578997,5,-54.1072
0.00579194,5,-86.539
0.00579395,5,-151.265
0.00579594,5,-199.489
0.00579793,5,-218.169
0.00579998,5,-147.742
0.00580193,5,20.4342
0.00580394,5,114.007
0.00580599,5,115.199
0.00580797,5,99.6097
0.00580996,5,54.9086
0.00581198,5,-30.3383
0.00581398,5,-150.491
0.00581592,5,-297.781
0.00581798,5,-416.331
0.00581996,5,-455.184
0.00582195,5,-486.448
0.00582396,5,-441.566
0.00582592,5,-336.652
0.00582795,5,-296.387
0.00582995,5,-298.166
0.005832,5,-342.835
0.00583396,5,-362.772
0.00583594,5,-264.106
0.00583795,5,-161.681
0.00583998,5,-70.2435
0.00584198,5,51.5651
0.00584393,5,108.221
0.00584597,5,73.6466
0.00584799,5,51.8719
0.00584997,5,65.5781
0.00585192,5,104.084
0.00585399,5,151.468
0.00585593,5,213.584
0.00585796,5,284.877
0.00585994,5,322.556
0.00586194,5,314.74
0.00586399,5,300.804
0.00586594,5,321.358
0.00586795,5,270.966
0.00586994,5,177.859
0.00587192,5,108.011
0.00587399,5,99.0702
0.00587592,5,128.078
0.00587797,5,147.195
0.00588,5,158.062
0.00588195,5,168.02
0.00588399,5,164.193
0.00588592,5,163.15
0.00588793,5,173.395
0.00588992,5,195.324
0.00589198,5,210.923
0.00589395,5,195.51
0.00589593,5,67.343
0.00589793,5,-193.729
0.00589997,5,-245.982
0.00590197,5,-165.951
0.00590394,5,-96.8835
0.00590593,5,-72.3861
0.00590793,5,-52.5745
0.00591,5,-47.6827
0.00591193,5,-66.7034
0.00591396,5,-74.0448
0.005916,5,-74.0872
0.00591793,5,-61.7507
0.00592,5,-23.2298
0.00592199,5,-8.11759
0.00592397,5,-12.4211
0.00592594,5,-4.50951
0.00592794,5,5.58171
0.00592994,5,-15.9772
0.00593199,5,-34.7841
0.00593397,5,5.11148
0.00593597,5,50.2221
0.00593796,5,65.7788
0.00593996,5,56.8117
0.00594197,5,50.6049
0.00594396,5,38.3367
0.00594593,5,31.1052
0.00594794,5,16.1707
0.00594995,5,-21.4213
0.00595198,5,-74.2493
0.00595396,5,-128.668
0.00595599,5,-153.459
0.00595799,5,-188.896
0.00595996,5,-231.726
0.00596199,5,-241.621
0.00596393,5,-256.121
0.00596597,5,-290.994
0.00596799,5,-316.935
0.00596997,5,-309.603
0.00597195,5,-277.296
0.00597392,5,-238.797
0.00597592,5,-212.976
0.00597794,5,-178.46
0.00597994,5,-148.407
0.00598199,5,-136.508
0.00598397,5,-128.168
0.00598594,5,-112.087
0.00598795,5,-101.163
0.00598994,5,-105.236
0.00599195,5,-119.373
0.00599394,5,-137.748
0.00599599,5,-154.547
0.00599794,5,-148.645
0.00599994,5,-135.098
0.00600199,5,-124.052
0.00600397,5,-132.137
0.00600592,5,-141.741
0.00600794,5,-137.443
0.00600995,5,-136.963
0.00601192,5,-140.914
0.00601399,5,-139.085
0.00601599,5,-125.377
0.00601794,5,-101.444
0.00601994,5,-74.8691
0.00602193,5,-55.9291
0.00602393,5,-41.1346
0.00602592,5,-15.3393
0.00602797,5,-16.3487
0.00602992,5,-50.6417
0.00603197,5,-55.0279
0.00603399,5,-56.9319
0.00603592,5,-73.9957
0.00603792,5,-124.02
0.00603994,5,-209.37
0.00604197,5,-257.004
0.00604398,5,-273.743
0.00604592,5,-294.856
0.00604797,5,-338.917
0.00604994,5,-394.846
0.00605195,5,-453.514
0.00605396,5,-491.284
0.00605597,5,-498.455
0.00605796,5,-466.859
0.00605996,5,-470.101
0.00606194,5,-479.766
0.00606394,5,-488.881
0.00606594,5,-509.006
0.00606796,5,-494.046
0.00607,5,-362.389
0.00607197,5,-302.315
0.00607397,5,-216.96
0.00607593,5,-94.827
0.00607795,5,-33.6703
0.00607992,5,-2.41564
0.00608198,5,26.548
0.00608396,5,45.167
0.00608595,5,-18.9221
0.00608795,5,-130.95
0.00608996,5,-199.547
0.00609193,5,-235.633
0.00609395,5,-232.04
0.00609593,5,-216.566
0.00609793,5,-253.283
0.00609999,5,-305.138
0.00610197,5,-343.612
0.00610396,5,-390.565
0.00610599,5,-384.242
0.00610796,5,-330.669
0.00610997,5,-282.685
0.00611193,5,-353.482
0.00611394,5,-458.814
0.00611594,5,-489.242
0.00611792,5,-426.339
0.00611998,5,-394.817
0.00612193,5,-240.297
0.00612394,5,-203.52
0.00612595,5,-334.865
0.00612794,5,-311.489
0.00612992,5,-120.123
0.00613197,5,33.348
0.00613397,5,63.6636
0.00613599,5,58.6661
0.00613792,5,94.3046
0.00613993,5,184.838
0.00614195,5,267.2
0.00614398,5,291.551
0.00614594,5,258.664
0.00614795,5,233.687
0.00614995,5,234.135
0.00615195,5,223.088
0.00615395,5,209.392
0.00615594,5,191.323
0.006158,5,179.888
0.00615997,5,182.606
0.00616199,5,186.156
0.00616397,5,191.461
0.00616594,5,213.665
0.00616798,5,237.091
0.00616999,5,247.314
0.00617198,5,246.581
0.00617397,5,231.831
0.00617595,5,203.864
0.00617793,5,184.836
0.00617994,5,177.482
0.00618199,5,159.026
0.00618392,5,133.04
0.00618595,5,131.607
0.00618798,5,143.471
0.00619,5,147.621
0.00619199,5,142.559
0.00619395,5,130.181
0.00619596,5,87.6626
0.00619793,5,99.5715
0.00619992,5,75.3537
0.00620194,5,43.4103
0.006204,5,12.5588
0.00620596,5,-2.10176
0.00620796,5,-6.98647
0.00620994,5,0.0691814
0.00621199,5,10.9006
0.00621392,5,19.2642
0.00621594,5,25.5863
0.00621794,5,28.2913
0.00621998,5,33.2481
0.00622194,5,35.213
0.00622395,5,29.4436
0.00622597,5,17.2435
0.00622793,5,12.7696
0.00622997,5,26.9504
0.00623195,5,45.9611
0.00623397,5,61.3864
0.00623596,5,63.9908
0.00623798,5,56.3196
0.00623999,5,57.9103
0.00624192,5,81.5503
0.00624392,5,114.121
0.00624593,5,131.688
0.00624794,5,136.16
0.00624992,5,125.447
0.00625197,5,93.2543
0.00625397,5,46.3703
0.00625597,5,7.63779
0.00625799,5,2.0159
0.00625998,5,25.7833
0.00626196,5,53.7566
0.00626394,5,82.731
0.00626593,5,103.388
0.00626794,5,130.226
0.00626993,5,168.182
0.00627194,5,175.283
0.00627392,5,171.074
0.00627596,5,146.795
0.00627794,5,109.665
0.00627997,5,11.6606
0.00628198,5,-90.4771
0.00628393,5,-118.192
0.00628598,5,-113.28
0.00628799,5,-81.8257
0.00628992,5,-63.8352
0.00629196,5,-61.6055
0.00629393,5,-82.1915
0.00629594,5,-97.7878
0.00629794,5,-105.193
0.0063,5,-104.607
0.00630195,5,-101.767
0.00630398,5,-101.648
0.00630598,5,-91.3995
0.00630795,5,-29.6304
0.00630998,5,15.7686
0.00631197,5,-6.3981
0.00631396,5,-64.1825
0.00631596,5,-136.436
0.00631799,5,-216.793
0.00631999,5,-283.499
0.00632196,5,-294.79
0.00632395,5,-255.347
0.00632598,5,-207.81
0.00632798,5,-176.475
0.00633,5,-202.379
0.00633192,5,-244.103
0.006334,5,-274.418
0.00633592,5,-311.72
0.00633796,5,-380.684
0.00633999,5,-374.626
0.00634198,5,-264.626
0.006344,5,-125.285
0.00634592,5,-48.1857
0.00634797,5,1.25106
0.00634999,5,63.5476
0.00635196,5,121.585
0.00635398,5,145.612
0.00635596,5,129.593
0.00635798,5,125.72
0.00636,5,136.086
0.00636195,5,99.4448
0.00636394,5,6.3273
0.00636597,5,-58.8169
0.00636793,5,-89.4813
0.00636998,5,-89.2921
0.006372,5,-45.9149
0.00637394,5,-43.1997
0.00637593,5,-118.789
0.00637799,5,-210.647
0.00637993,5,-258.081
0.00638196,5,-279.805
0.00638399,5,-294.5
0.00638594,5,-313.495
0.00638795,5,-315.394
0.00638992,5,-300.977
0.00639198,5,-360.223
0.00639398,5,-427.038
0.00639595,5,-452.013
0.00639795,5,-519.397
0.00639994,5,-564.482
0.00640197,5,-593.951
0.00640394,5,-580.736
0.00640597,5,-505.493
0.00640796,5,-363.02
0.00640995,5,-156.718
0.006412,5,-19.0307
0.00641394,5,37.7499
0.00641595,5,56.4602
0.00641796,5,35.2092
0.00641998,5,-22.9476
0.00642195,5,-95.5374
0.00642396,5,-123.349
0.00642595,5,-120.941
0.00642793,5,-113.046
0.00642995,5,-87.7956
0.00643193,5,-85.5177
0.00643398,5,-100.936
0.00643592,5,-114.19
0.00643796,5,-125.27
0.00643997,5,-120.099
0.00644199,5,-97.2205
0.00644397,5,-64.3431
0.00644595,5,-38.3826
0.00644797,5,-45.9949
0.00644993,5,-77.4527
0.00645197,5,-86.6984
0.00645392,5,-49.7623
0.00645594,5,29.0756
0.00645799,5,95.6698
0.00645994,5,139.027
0.00646192,5,163.915
0.00646396,5,163.968
0.00646599,5,122.387
0.00646798,5,60.0015
0.00646998,5,38.6384
0.00647192,5,40.1762
0.00647396,5,62.3117
0.00647592,5,96.8851
0.00647798,5,142.099
0.00647997,5,174.241
0.00648197,5,187.975
0.00648393,5,148.05
0.00648592,5,139.12
0.00648797,5,167.005
0.00648999,5,220.68
0.00649197,5,286.159
0.00649398,5,313.791
0.00649592,5,279.63
0.00649799,5,230.331
0.00649998,5,201.472
0.00650196,5,207.289
0.00650392,5,213.034
0.00650593,5,242.061
0.00650793,5,309.495
0.00650999,5,409.319
0.00651196,5,416.252
0.00651392,5,426.399
0.00651594,5,458.169
0.00651798,5,528.69
0.00651997,5,576.964
0.00652196,5,594.097
0.00652394,5,593.071
0.00652592,5,496.826
0.00652795,5,391.204
0.00653,5,356.434
0.00653199,5,376.018
0.00653397,5,443.131
0.00653598,5,411.922
0.00653793,5,353.866
0.00653994,5,315.935
0.00654195,5,290.687
0.00654399,5,251.768
0.00654592,5,210.545
0.00654798,5,185.228
0.00654994,5,192.906
0.00655199,5,220.509
0.00655399,5,268.819
0.00655593,5,339.832
0.00655794,5,401.016
0.00655995,5,403.903
0.00656198,5,333.139
0.00656399,5,254.889
0.00656597,5,157.467
0.00656793,5,100.504
0.00656998,5,87.4553
0.00657196,5,88.0539
0.00657396,5,110.943
0.00657596,5,159.621
0.00657797,5,218.263
0.00657992,5,261.219
0.00658197,5,286.782
0.00658398,5,302.633
0.00658597,5,307.64
0.00658796,5,296.537
0.00658993,5,266.554
0.00659199,5,224.707
0.00659393,5,187.525
0.00659595,5,124.015
0.00659798,5,40.9925
0.00659992,5,8.00416
0.00660192,5,-25.7381
0.00660399,5,-103.496
0.00660594,5,-130.183
0.00660792,5,-86.95
0.00660992,5,-37.7834
0.00661198,5,-14.1611
0.00661393,5,18.3531
0.00661593,5,89.9437
0.00661796,5,173.138
0.00661998,5,223.425
0.00662193,5,329.852
0.00662395,5,424.879
0.00662599,5,453.586
0.00662795,5,471.109
0.00662997,5,506.791
0.00663194,5,513.292
0.00663393,5,517.213
0.00663598,5,657.865
0.00663793,5,789.765
0.00663997,5,800.12
0.00664197,5,806.541
0.00664399,5,819.018
0.006646,5,845.872
0.00664795,5,855.367
0.00664998,5,852.894
0.00665197,5,807.345
0.00665392,5,706.778
0.00665595,5,600.983
0.00665799,5,512.759
0.00666,5,468.496
0.00666198,5,440.758
0.00666395,5,388.948
0.00666592,5,323.527
0.00666797,5,276.028
0.00667,5,250.647
0.00667199,5,243.682
0.00667393,5,290.411
0.00667597,5,354.843
0.00667794,5,365.121
0.00667994,5,341.167
0.006682,5,312.834
0.00668395,5,256.905
0.00668597,5,148.95
0.00668798,5,18.1643
0.00668997,5,-32.551
0.00669197,5,10.0396
0.00669393,5,87.5981
0.006696,5,136.398
0.00669798,5,119.254
0.00669993,5,34.7672
0.00670198,5,-72.1229
0.00670393,5,-121.882
0.00670598,5,-134.516
0.00670798,5,-158.568
0.00670994,5,-204.929
0.00671195,5,-201.163
0.00671397,5,-167.278
0.00671594,5,-188.819
0.00671793,5,-208.264
0.00671992,5,-201.339
0.00672196,5,-216.4
0.00672394,5,-226.024
0.00672599,5,-166.882
0.00672798,5,-44.1276
0.00672999,5,21.8595
0.00673194,5,62.4445
0.00673399,5,95.2591
0.00673599,5,110.376
0.00673798,5,106.336
0.00673994,5,77.6558
0.00674196,5,13.5441
0.00674398,5,-105.274
0.00674596,5,-223.025
0.00674793,5,-307.517
0.00674993,5,-366.476
0.00675196,5,-399.021
0.00675392,5,-406.46
0.00675597,5,-399.583
0.00675797,5,-387.404
0.00675996,5,-351.383
0.00676199,5,-300.075
0.00676394,5,-267.814
0.00676595,5,-255.998
0.00676796,5,-209.715
0.00676999,5,-96.6029
0.006772,5,41.014
0.00677398,5,63.756
0.00677592,5,21.8256
0.00677799,5,9.89539
0.00677995,5,0.961103
0.00678193,5,-14.7948
0.00678398,5,-9.23155
0.00678596,5,-7.59348
0.00678797,5,-18.7451
0.00678993,5,24.7984
0.00679198,5,71.0208
0.00679396,5,81.7275
0.00679596,5,61.9801
0.00679793,5,35.5469
0.00679995,5,25.1286
0.00680194,5,-4.89184
0.00680393,5,-53.353
0.00680593,5,-68.7124
0.00680794,5,-28.405
0.00680997,5,48.006
0.00681195,5,83.2699
0.00681396,5,97.4465
0.00681595,5,116.706
0.00681798,5,125.335
0.00681995,5,129.243
0.006822,5,121.24
0.00682397,5,82.7075
0.00682598,5,38.2982
0.00682799,5,47.9484
0.00682995,5,87.2924
0.00683192,5,108.121
0.00683399,5,104.287
0.00683598,5,116.644
0.006838,5,183.169
0.00683995,5,194.23
0.00684196,5,102.838
0.00684397,5,1.42163
0.00684599,5,-66.0084
0.00684797,5,-104.011
0.00684996,5,-108.505
0.00685193,5,-107.844
0.00685398,5,-110.133
0.00685597,5,-121.131
0.00685796,5,-115.661
0.00686,5,-111.947
0.00686193,5,-103.739
0.00686394,5,-58.8541
0.00686595,5,-22.299
0.00686797,5,-14.3186
0.00686999,5,-17.73
0.00687193,5,-9.15577
0.00687396,5,1.1079
0.00687593,5,-7.75816
0.00687799,5,-37.656
0.00687994,5,-63.3169
0.00688196,5,-54.1023
0.00688396,5,-32.5469
0.00688594,5,-22.5844
0.00688793,5,-19.9626
0.00688993,5,-13.5678
0.00689195,5,-11.7125
0.00689398,5,-21.2884
0.00689596,5,-38.1781
0.00689794,5,-48.7258
0.00689999,5,-8.0901
0.00690193,5,42.0739
0.00690395,5,65.241
0.006906,5,56.5695
0.00690793,5,27.725
0.00690994,5,-23.3417
0.00691199,5,-79.1146
0.00691398,5,-93.2807
0.00691596,5,-101.073
0.00691798,5,-115.926
0.00691992,5,-131.597
0.00692199,5,-151.572
0.00692397,5,-180.351
0.00692594,5,-186.212
0.00692797,5,-148.689
0.00692997,5,-102.398
0.00693196,5,-59.2523
0.00693393,5,-42.5
0.00693593,5,-46.1189
0.00693794,5,-49.9492
0.00693992,5,-45.5675
0.00694198,5,-33.3204
0.00694397,5,12.7761
0.00694599,5,52.0991
0.00694796,5,41.6456
0.00694994,5,23.084
0.00695198,5,3.58591
0.00695399,5,-4.10896
0.006956,5,-16.6919
0.00695799,5,-35.1853
0.00695997,5,-60.1611
0.00696195,5,-98.9404
0.00696398,5,-124.569
0.00696597,5,-121.306
0.00696796,5,-116.974
0.00696998,5,-99.9495
0.00697192,5,-54.9252
0.00697397,5,-8.45375
0.00697593,5,9.4552
0.00697792,5,12.9832
0.00697993,5,16.7113
0.00698196,5,-10.1166
0.00698392,5,-72.3299
0.00698595,5,-128.281
0.00698797,5,-122.525
0.00698999,5,-62.9325
0.00699195,5,12.6891
0.00699393,5,98.5108
0.00699598,5,161.294
0.00699794,5,183.816
0.00699995,5,152.339
0.00700196,5,86.2691
0.00700396,5,48.9369
0.00700599,5,50.335
0.00700794,5,69.4272
0.00700992,5,78.5305
0.00701194,5,78.6048
0.00701396,5,59.1959
0.00701598,5,22.621
0.00701794,5,-8.22356
0.00701996,5,-41.4852
0.00702196,5,-75.3257
0.00702397,5,-86.8371
0.00702592,5,-84.807
0.00702794,5,-88.4773
0.00702995,5,-91.0382
0.00703197,5,-94.5033
0.00703395,5,-95.4928
0.007036,5,-96.6197
0.00703794,5,-101.162
0.00703995,5,-107.651
0.00704198,5,-111.617
0.00704393,5,-106.226
0.00704598,5,-71.5516
0.00704797,5,-38.682
0.00704999,5,-31.0506
0.00705193,5,-39.32
0.007054,5,-51.7574
0.007056,5,-61.7331
0.00705793,5,-57.2603
0.00705998,5,-39.1356
0.00706195,5,3.69436
0.00706396,5,60.1957
0.00706596,5,106.279
0.00706793,5,124.703
0.00706999,5,124.161
0.00707194,5,137.855
0.00707396,5,167.271
0.00707595,5,167.721
0.00707793,5,98.4576
0.00707996,5,-174.258
0.00708198,5,-409.878
0.00708398,5,-474.526
0.00708594,5,-390.042
0.00708799,5,-239.707
0.00708995,5,-137.737
0.00709194,5,-132.361
0.00709394,5,-231.061
0.00709598,5,-338.43
0.00709796,5,-385.048
0.0071,5,-390.721
0.00710195,5,-414.31
0.00710393,5,-410.5
0.00710599,5,-350.241
0.00710795,5,-254.924
0.00710994,5,-224.069
0.00711194,5,-214.862
0.00711395,5,-168.291
0.00711599,5,-149.066
0.00711799,5,-149.536
0.00711993,5,-134.188
0.00712193,5,-117.483
0.007124,5,-114.977
0.00712596,5,-120.629
0.00712793,5,-132.305
0.00712997,5,-135.709
0.00713193,5,-152.322
0.00713399,5,-186.367
0.00713596,5,-231.402
0.00713796,5,-342.872
0.00713997,5,-357.438
0.00714193,5,-304.453
0.00714399,5,-228.971
0.00714597,5,-170.521
0.00714793,5,-111.321
0.00715,5,-77.3834
0.007152,5,-76.4885
0.00715396,5,-133.529
0.00715592,5,-180.947
0.00715797,5,-227.596
0.00715998,5,-288.382
0.00716192,5,-324.75
0.00716394,5,-352.037
0.00716596,5,-371.304
0.00716794,5,-367.915
0.00716998,5,-327.946
0.00717197,5,-257.82
0.00717395,5,-190.456
0.00717597,5,-137.887
0.00717796,5,-101.778
0.00717996,5,-77.1662
0.00718195,5,-56.6299
0.00718394,5,-46.79
0.00718594,5,-48.9803
0.00718798,5,2.86646
0.00718992,5,64.4858
0.00719193,5,110.707
0.00719393,5,137.351
0.00719595,5,147.429
0.00719793,5,165.413
0.00719995,5,186.887
0.00720196,5,191.608
0.00720393,5,183.923
0.00720598,5,167.05
0.00720793,5,148.866
0.00720993,5,130.609
0.00721192,5,159.137
0.00721396,5,212.682
0.00721596,5,212.066
0.00721794,5,178.382
0.00721999,5,129.878
0.00722195,5,85.5091
0.00722395,5,73.501
0.00722596,5,91.1742
0.00722799,5,113.173
0.00722994,5,133.295
0.00723197,5,172.273
0.00723399,5,229.882
0.00723593,5,273.12
0.00723798,5,271.174
0.00723993,5,227.309
0.00724194,5,196.601
0.00724394,5,205.016
0.007246,5,101.614
0.00724797,5,4.20865
0.00724993,5,24.4299
0.00725194,5,103.662
0.00725397,5,171.619
0.00725596,5,172.282
0.00725796,5,127.776
0.00725995,5,59.7871
0.00726197,5,12.716
0.00726394,5,-17.3198
0.00726595,5,-31.1405
0.00726795,5,-34.0545
0.00727,5,-0.969733
0.00727193,5,56.4399
0.00727394,5,123.533
0.00727593,5,195.433
0.00727794,5,240.436
0.00727995,5,259.67
0.00728193,5,277.151
0.00728398,5,302.288
0.00728599,5,339.582
0.00728793,5,363.923
0.00728995,5,359.555
0.00729193,5,310.869
0.00729397,5,244.192
0.00729597,5,183.699
0.00729793,5,165.893
0.00729998,5,138.399
0.00730193,5,77.5054
0.00730396,5,13.7198
0.00730595,5,-36.8927
0.007308,5,-82.7707
0.00730994,5,-120.832
0.00731196,5,-143.39
0.00731393,5,-166.776
0.00731599,5,-179.071
0.00731798,5,-158.055
0.00731997,5,-76.6851
0.00732197,5,33.4137
0.007324,5,88.1824
0.00732596,5,79.2996
0.00732798,5,72.1332
0.00732998,5,73.4158
0.00733197,5,73.0336
0.00733399,5,88.1586
0.00733594,5,88.6915
0.00733792,5,86.1237
0.00733993,5,74.3688
0.00734194,5,39.8574
0.00734399,5,17.8855
0.00734595,5,13.2016
0.00734798,5,19.4084
0.00734997,5,17.5697
0.00735195,5,-11.8592
0.00735393,5,-30.1445
0.00735599,5,-28.0427
0.00735797,5,-9.28795
0.00735997,5,36.319
0.00736193,5,110.737
0.00736397,5,179.573
0.007366,5,213.667
0.00736793,5,207.576
0.00736995,5,191.437
0.00737199,5,145.121
0.00737393,5,84.9975
0.00737598,5,22.8451
0.00737795,5,-29.9299
0.00737992,5,-60.2133
0.00738195,5,-82.4648
0.00738397,5,-112.701
0.00738596,5,-121.792
0.00738796,5,-113.505
0.00738994,5,-97.23
0.00739193,5,-76.7952
0.00739394,5,-53.4196
0.00739595,5,-64.2468
0.00739794,5,-83.6293
0.00739998,5,-88.8696
0.00740198,5,-78.2024
0.00740398,5,-63.3026
0.00740596,5,-49.1286
0.00740798,5,-34.2697
0.00740999,5,-22.261
0.00741197,5,-12.3606
0.00741393,5,-7.31964
0.00741596,5,-21.5121
0.00741794,5,-42.4747
0.00741993,5,-49.1243
0.00742193,5,-41.9292
0.007424,5,-28.4972
0.00742596,5,-16.2628
0.00742792,5,-8.0195
0.00742993,5,-5.72021
0.00743196,5,-9.38608
0.00743393,5,-21.1867
0.00743598,5,-38.3682
0.00743796,5,-44.5189
0.00743993,5,-26.5015
0.00744197,5,4.87473
0.00744398,5,30.7771
0.00744598,5,38.0676
0.00744796,5,43.7576
0.00744997,5,51.7918
0.00745199,5,45.2035
0.00745393,5,63.7922
0.007456,5,94.0039
0.00745798,5,83.7023
0.00745998,5,76.991
0.00746193,5,76.3341
0.00746398,5,58.4226
0.00746598,5,42.1365
0.00746793,5,20.5362
0.00746994,5,-8.43145
0.007472,5,-47.8712
0.00747398,5,-69.6754
0.007476,5,-55.9266
0.00747796,5,-71.2387
0.00747995,5,-113.093
0.00748195,5,-174.643
0.007484,5,-237.503
0.00748598,5,-223.606
0.00748797,5,-157.393
0.00749,5,-81.2159
0.00749198,5,-52.2677
0.00749398,5,-54.6108
0.00749593,5,-60.7383
0.00749796,5,-73.4916
0.00749994,5,-65.9688
0.00750197,5,-45.7082
0.007504,5,-17.2758
0.007506,5,-1.0352
0.00750798,5,2.13401
0.00750997,5,9.14554
0.00751193,5,-1.5601
0.00751396,5,-17.3512
0.00751595,5,-57.2626
0.00751795,5,-94.2103
0.00751992,5,-128.144
0.00752196,5,-161.119
0.00752397,5,-190.23
0.00752596,5,-211.459
0.00752794,5,-218.346
0.00752998,5,-267.269
0.007532,5,-318.554
0.00753393,5,-369.417
0.00753599,5,-424.008
0.00753797,5,-463.513
0.00753996,5,-481.129
0.00754196,5,-496.452
0.00754396,5,-497.341
0.00754593,5,-463.033
0.00754799,5,-423.483
0.00754995,5,-401.741
0.00755195,5,-390.331
0.00755395,5,-385.01
0.00755599,5,-361.996
0.00755792,5,-319.384
0.00755998,5,-279.605
0.00756195,5,-239.68
0.00756395,5,-200.356
0.00756595,5,-142.882
0.00756794,5,-104.163
0.00756995,5,-107.491
0.00757197,5,-126.767
0.00757396,5,-145.825
0.00757599,5,-157.308
0.00757794,5,-156.851
0.00757997,5,-169.463
0.00758192,5,-217.197
0.00758394,5,-289.476
0.00758596,5,-359.837
0.00758795,5,-379.525
0.00758995,5,-311.93
0.00759197,5,-267.244
0.00759394,5,-227.605
0.00759596,5,-192.464
0.00759796,5,-180.185
0.00759995,5,-166.185
0.00760198,5,-45.4035
0.00760399,5,201.335
0.00760594,5,259.521
0.00760793,5,126.181
0.00760993,5,-8.15904
0.00761196,5,-35.8954
0.00761392,5,-30.2124
0.00761599,5,-41.5309
0.00761798,5,-59.323
0.00761992,5,-73.7639
0.00762194,5,-76.3121
0.00762393,5,-66.8246
0.00762593,5,-54.0528
0.00762794,5,-25.9691
0.00762998,5,-8.29032
0.00763199,5,-12.4301
0.00763397,5,-22.3157
0.00763593,5,3.53835
0.00763795,5,40.5953
0.00763993,5,55.3892
0.00764197,5,57.9924
0.00764396,5,43.6578
0.00764597,5,44.3589
0.007648,5,84.6886
0.00764993,5,139.048
0.007652,5,252.714
0.00765399,5,276.028
0.007656,5,222.158
0.00765796,5,216.77
0.00766,5,208.093
0.00766195,5,190.47
0.00766398,5,164.643
0.00766594,5,137.323
0.00766793,5,116.641
0.00767,5,103.378
0.00767196,5,102.7
0.00767395,5,119.112
0.00767595,5,124.002
0.00767796,5,122.856
0.00767992,5,130.977
0.00768197,5,149.623
0.007684,5,164.244
0.00768594,5,142.391
0.00768797,5,91.435
0.00768995,5,60.5172
0.00769193,5,100.215
0.00769399,5,144.085
0.00769592,5,159.499
0.00769796,5,184.955
0.00769998,5,208.947
0.00770198,5,207.256
0.00770393,5,195.178
0.00770596,5,181.2
0.00770798,5,164.776
0.00770995,5,142.939
0.00771194,5,97.1921
0.00771394,5,33.9184
0.00771598,5,0.535392
0.00771798,5,7.27767
0.00771998,5,34.5916
0.00772199,5,59.3942
0.00772395,5,119.771
0.00772598,5,188.129
0.00772796,5,180.863
0.00772993,5,158.44
0.00773198,5,144.229
0.00773395,5,133.862
0.00773593,5,130.294
0.00773799,5,133.667
0.00773996,5,142.674
0.00774192,5,154.893
0.00774395,5,164.621
0.00774598,5,171.797
0.00774793,5,175.509
0.00774995,5,179.579
0.00775197,5,181.072
0.00775396,5,173.601
0.00775594,5,159.039
0.00775794,5,143.694
0.00775997,5,136.457
0.00776192,5,133.753
0.00776392,5,127.523
0.00776596,5,115.834
0.00776799,5,106.301
0.00777,5,101.272
0.00777199,5,100.154
0.00777393,5,97.9907
0.00777597,5,90.0057
0.00777792,5,82.3142
0.00777998,5,76.0411
0.00778195,5,65.1946
0.007784,5,39.853
0.00778596,5,-4.718
0.00778795,5,-34.5935
0.00778993,5,-37.0537
0.00779193,5,-35.8158
0.00779392,5,-27.5953
0.00779596,5,-9.54315
0.00779799,5,-0.939577
0.00779993,5,-2.77263
0.00780196,5,9.38968
0.00780395,5,12.7513
0.00780594,5,4.53599
0.00780792,5,-3.80886
0.00780999,5,-13.4428
0.00781199,5,-25.786
0.00781398,5,-36.9737
0.00781593,5,-45.0651
0.00781799,5,-54.7085
0.00781998,5,-65.4871
0.00782197,5,-59.8029
0.00782399,5,-29.8953
0.00782593,5,9.76716
0.00782795,5,53.5635
0.00783,5,85.0927
0.00783194,5,95.4811
0.00783395,5,99.6885
0.00783597,5,102.579
0.00783795,5,93.2347
0.00783995,5,56.5409
0.00784196,5,24.3783
0.007844,5,6.708
0.00784596,5,11.1183
0.007848,5,-23.0888
0.00784995,5,-68.5939
0.00785197,5,-65.505
0.00785396,5,-43.9071
0.007856,5,-21.2673
0.00785797,5,-9.33137
0.00785995,5,-14.5979
0.00786194,5,-30.1624
0.00786395,5,-44.3857
0.00786599,5,-55.6519
0.00786796,5,-57.6666
0.00786993,5,-44.8806
0.00787196,5,-26.0785
0.00787398,5,-27.8052
0.00787599,5,-40.0521
0.00787799,5,-62.3392
0.00787997,5,-89.8157
0.00788194,5,-95.8018
0.00788393,5,-83.6969
0.007886,5,-68.0537
0.00788794,5,-68.1033
0.00788997,5,-62.7144
0.00789199,5,-6.81802
0.00789397,5,-39.7566
0.00789594,5,-104.159
0.00789795,5,-95.2322
0.00789997,5,-72.6592
0.00790195,5,-73.3671
0.00790394,5,-102.249
0.00790592,5,-139.019
0.00790799,5,-169.519
0.00790999,5,-187.837
0.00791197,5,-175.665
0.00791396,5,-170.399
0.00791599,5,-161.08
0.00791793,5,-134.454
0.00791995,5,-118.765
0.00792196,5,-145.503
0.00792395,5,-170.73
0.00792599,5,-184.296
0.00792793,5,-129.211
0.00792999,5,-126.222
0.00793197,5,-187.861
0.00793397,5,-238.943
0.00793592,5,-248.872
0.00793794,5,-237.78
0.00793993,5,-214.401
0.00794199,5,-167.813
0.00794398,5,-110.513
0.00794593,5,-55.0265
0.00794795,5,-10.3597
0.00794993,5,1.1943
0.00795197,5,-11.8019
0.00795399,5,-76.3525
0.00795596,5,-153.312
0.00795794,5,-177.422
0.00795994,5,-148.841
0.00796194,5,-110.058
0.00796398,5,-95.2089
0.00796592,5,-69.0894
0.007968,5,1.01235
0.00796998,5,110.797
0.00797192,5,162.683
0.00797394,5,143.669
0.00797599,5,90.7985
0.00797798,5,25.692
0.00798,5,-22.7897
0.00798193,5,-48.0516
0.00798399,5,-63.4805
0.00798597,5,-61.2482
0.00798796,5,-53.151
0.00798999,5,-33.5116
0.00799192,5,-3.64271
0.00799392,5,7.873
0.00799595,5,6.35844
0.00799796,5,11.4862
0.00799998,5,24.0551
