time_s,moving_velocity_z_m_s,forward_speed_m_s,moving_travel_m,effective_moving_mass_kg,left_foam_compression_fraction,right_foam_compression_fraction,nonrigid_deformation_max_m,nonrigid_deformation_rms_m,stopping_force_N
0.0,-50.0,50.0,-0.0,0.650346487498415,-0.0,-0.0,2.1942709178604383e-17,1.1492219543718359e-17,0.0
9.989961021512745e-06,-48.54560238233464,48.54560238233464,0.000495273407667321,0.650346487498415,4.947609529909136e-05,4.9584420224693345e-05,0.0002998060922708841,2.6044168301952534e-05,173614.70025027718
1.9992043388314044e-05,-46.137099171937614,46.137099171937614,0.0009682112537198154,0.650346487498415,0.00036494723667455323,0.0003646093585402041,0.0007203538922978188,0.00012101096233188463,141357.28743149055
2.998154396983048e-05,-44.29396766375973,44.29396766375973,0.0014192664149683851,0.650346487498415,0.0009247421165451837,0.0009252977727766161,0.0011186027870047305,0.00024453295631955284,100433.09668950985
3.996706428926499e-05,-42.9780874078305,42.9780874078305,0.0018548621379067326,0.650346487498415,0.0016590330274934124,0.0016596098919302049,0.0014623840653222987,0.00036721851039301306,84112.39769299777
4.9977073299739135e-05,-41.67295214373021,41.67295214373021,0.0022785021611614257,0.650346487498415,0.002542049634101873,0.002542924647201348,0.0017766910682103793,0.0004773108572829273,84807.5881006536
5.999080644949294e-05,-40.20129533735909,40.20129533735909,0.0026886885645596523,0.650346487498415,0.0035785349852668065,0.0035793691488786618,0.002014785154943058,0.0005766009076973172,105052.91625558719
6.995577857517775e-05,-38.47017475558373,38.47017475558373,0.0030806381904432433,0.650346487498415,0.004791867204431996,0.00479408698855751,0.002199610948587637,0.0006732633078991726,110265.24793201765
7.997976092856483e-05,-37.039438545034216,37.039438545034216,0.0034587785721739714,0.650346487498415,0.006193269620775405,0.006196019171793524,0.002238842745567798,0.0007664793717681971,86001.63087919509
8.999023881127192e-05,-35.68989474440089,35.68989474440089,0.0038228739274272804,0.650346487498415,0.007742144203360645,0.007745892938349136,0.002240518738189069,0.0008497933600345326,91487.84503155749
9.999120661247908e-05,-34.28001160747028,34.28001160747028,0.00417262220680922,0.650346487498415,0.009444038414161917,0.009448447660206655,0.002274725028643556,0.0009311769748856656,87478.79018493251
0.00010998802936081757,-33.09210796761188,33.09210796761188,0.004509118169618209,0.650346487498415,0.011287536437906828,0.011294541666866111,0.0024004053474352754,0.0010166114326664274,70143.0539744178
0.00011998443754741915,-32.130595492827844,32.130595492827844,0.004834966399561378,0.650346487498415,0.013244847829647135,0.013255055147232808,0.0026456715861538018,0.0011072741787761578,59183.218150278524
0.00012998021736421595,-31.196015208460544,31.196015208460544,0.0051514862359961664,0.650346487498415,0.01530161056532677,0.01531303739477908,0.002865448906236681,0.0012050098884911083,61735.44475692852
0.00013997582428984024,-30.313595816899372,30.313595816899372,0.005458739511734392,0.650346487498415,0.01745674771107262,0.017468209657697114,0.003687487233310058,0.0013118098951154292,52561.84486821219
0.00014999257578972945,-29.668652643902156,29.668652643902156,0.0057588960736176375,0.650346487498415,0.0196955185499707,0.019708801607721815,0.004163213990879439,0.0014252930998303738,34344.75775433202
0.00015999360761981914,-29.285016689022033,29.285016689022033,0.006053482329991436,0.650346487498415,0.0219804527729061,0.0219944173647927,0.004441993837918566,0.00154042747037779,18517.13874186957
0.00016996677216290113,-29.095713975883104,29.095713975883104,0.006344499122797206,0.650346487498415,0.02428116611794698,0.024295336028095336,0.004453175761499726,0.0016537964434278738,9491.297032441576
0.00017999252641565756,-28.997482942100145,28.997482942100145,0.006635653295047256,0.650346487498415,0.026600557901945616,0.02661445376404767,0.0038494354001128313,0.001762765463524171,4746.355892003027
0.00018999308490903147,-28.945595514364573,28.945595514364573,0.006925353242158994,0.650346487498415,0.028912706777725707,0.028926481189965447,0.003484241575066291,0.0018629664832166015,2379.0981065261585
0.0001999567280807932,-28.930982613380714,28.930982613380714,0.007213656176098769,0.650346487498415,0.031210835760294747,0.031224077285770403,0.0036375748082703935,0.0019526594452241343,154.4703331220187
0.00020998283113449233,-28.930821040878797,28.930821040878797,0.007503720035230357,0.650346487498415,0.03351452387573566,0.03352718714958603,0.0038261914871929588,0.0020317126947288397,0.0
0.00021999218307440147,-28.930750538305347,28.930750538305347,0.007793298437425353,0.650346487498415,0.035805106542717596,0.035817196290276,0.004061794351438074,0.0020991216223025734,0.0
0.00022999777759454492,-28.930695032628964,28.930695032628964,0.008082767497304823,0.650346487498415,0.038085713711304814,0.0380972331697754,0.0040721365384489006,0.0021565455323762778,0.0
0.00023997177696874117,-28.93066980811217,28.93066980811217,0.008371322084738182,0.650346487498415,0.040350128335798006,0.04036108180538363,0.004309804276835334,0.0022069736058359136,0.0
0.0002499786197993587,-28.93065976308981,28.93065976308981,0.008660826692897795,0.650346487498415,0.04261302664114919,0.042623414646190474,0.004595614222487052,0.0022531440689967756,0.0
0.0002599681581316944,-28.930645985442744,28.930645985442744,0.00894983057031995,0.650346487498415,0.044863099428401464,0.0448729252093086,0.00488394336167225,0.0022964759419475227,0.0
0.0002699738991410829,-28.930635548030875,28.930635548030875,0.009239303045861433,0.650346487498415,0.047107948191493984,0.04711721297683851,0.005145599623714539,0.0023375344706942163,0.0
0.0002799995673440711,-28.93064749531146,28.93064749531146,0.009529352057172775,0.650346487498415,0.04934841344821058,0.049357118187041,0.005421526661841748,0.002374891318331072,0.0
0.00028997925184033916,-28.930642223400085,28.930642223400085,0.00981807078250748,0.650346487498415,0.051569853287851186,0.051578002553070115,0.005654456270919553,0.0024069224657294495,0.0
0.00029996847699488365,-28.930637950541023,28.930637950541023,0.010107065441446303,0.650346487498415,0.05378472823889297,0.05379232346955566,0.005946668954474386,0.002432628948358548,0.0
0.00030999245089309926,-28.93065870694737,28.93065870694737,0.010397065483095703,0.650346487498415,0.05599862306353454,0.056005664277623324,0.00631712433411736,0.002450687671641776,0.0
0.0003199568713655011,-28.930703250686786,28.930703250686786,0.010685342943095156,0.650346487498415,0.058190794681657255,0.058197287061777236,0.006608331560701266,0.0024598907622111112,0.0
0.0003299560514831476,-28.930741899362452,28.930741899362452,0.010974626460254844,0.650346487498415,0.060382075389941156,0.06038801887001451,0.006879975282024337,0.00246006764763441,0.0
0.00033998257775922535,-28.93077739864189,28.93077739864189,0.011264701487205934,0.650346487498415,0.06257081132642324,0.06257620621990319,0.006982935792111696,0.002451506064967167,0.0
0.00034999508288619874,-28.930799070445865,28.930799070445865,0.011554371169507641,0.650346487498415,0.06474800306473509,0.06475285191342033,0.006958439496566859,0.0024359781014244267,0.0
0.0003599730365147739,-28.930807835526373,28.930807835526373,0.011843041383817587,0.650346487498415,0.06690928749023858,0.06691359391719805,0.007220232166246015,0.0024142896251501886,0.0
0.00036996789073153146,-28.930816826871446,28.930816826871446,0.012132200641013871,0.650346487498415,0.06906586502680331,0.06906962983676056,0.00756176583355403,0.002386241215287469,0.0
0.00037997066386399344,-28.930809408032083,28.930809408032083,0.012421589025091382,0.650346487498415,0.07121579737891287,0.07121902185629911,0.00803926373621721,0.0023527770024509144,0.0
0.00038996051971769744,-28.930764988172175,28.930764988172175,0.012710603447039488,0.650346487498415,0.07335464248398682,0.07335732902517982,0.008616594095116085,0.002314549202274645,0.0
0.0003999959653119283,-28.93071309254528,28.93071309254528,0.013000936282343585,0.650346487498415,0.07549491630316758,0.07549706414940074,0.00909856626444386,0.002270926580970975,0.0
0.0004099650516530841,-28.930688446430334,28.930688446430334,0.013289348922752074,0.650346487498415,0.07761279958416731,0.07761441396764257,0.00954332933881976,0.002220939223824659,0.0
0.00041998149695313813,-28.93066376965149,28.93066376965149,0.013579131467693108,0.650346487498415,0.07973250583101826,0.07973358588029343,0.010053116612693992,0.0021636674421846584,0.0
0.00042997783813852837,-28.93062087494475,28.93062087494475,0.013868332054024919,0.650346487498415,0.08183975622751774,0.08184030466331617,0.01058621414499184,0.0021013653646533895,0.0
0.0004399826335932183,-28.930570633838524,28.930570633838524,0.014157776740610464,0.650346487498415,0.0839406173384662,0.08394063534636355,0.011040587402257624,0.002035047084665041,0.0
0.00044995611321564996,-28.93053078295961,28.93053078295961,0.014446314991672014,0.650346487498415,0.0860267983294587,0.08602628918458026,0.01144791946453529,0.0019652000271351885,0.0
0.00045999208083552084,-28.930495352345023,28.930495352345023,0.014736660680628705,0.650346487498415,0.08811791536760705,0.0881168773811147,0.011807073572938523,0.0018914165072892654,0.0
0.0004699576675885509,-28.93046161449739,28.93046161449739,0.015024969873943209,0.650346487498415,0.09018632600552298,0.09018476447960574,0.011959636036954225,0.0018153533232609337,0.0
0.0004799734538236568,-28.930432620247704,28.930432620247704,0.015314731037189173,0.650346487498415,0.09225711437508338,0.0922550282859492,0.011985600316042316,0.0017374201623483786,0.0
0.0004899773262599515,-28.930424648475984,28.930424648475984,0.015604147326953316,0.650346487498415,0.09431742476238976,0.09431481636682204,0.012142727389147585,0.0016586599811164165,0.0
0.0004999948446451585,-28.930451106896477,28.930451106896477,0.015893958498352272,0.650346487498415,0.09637255145508183,0.09636942168736502,0.012307207803930775,0.001578657914165638,0.0
0.0005099888774020678,-28.930484426436017,28.930484426436017,0.016183090553040246,0.650346487498415,0.0984149204249764,0.09841127215517144,0.012412753041817746,0.0014974161565260546,0.0
0.0005199581163766662,-28.93049071618143,28.93049071618143,0.016471505526100945,0.650346487498415,0.10044435322984226,0.1004401893847239,0.012541998635102082,0.0014151519851663434,0.0
0.0005299594725546438,-28.93047636235343,28.93047636235343,0.016760849596721,0.650346487498415,0.10247245790956686,0.10246777847130274,0.012631744742276881,0.0013332709610891134,0.0
0.0005399610257029467,-28.930475601279984,28.930475601279984,0.017050199271006507,0.650346487498415,0.10449275481027187,0.10448756140819752,0.012623263288070407,0.0012551710698778258,0.0
0.000549997561552946,-28.930488569451185,28.930488569451185,0.017340561092601785,0.650346487498415,0.10651226073275671,0.10650655320830478,0.012482414137071471,0.0011826071235373184,0.0
0.0005599780568693812,-28.930491653900905,28.930491653900905,0.017629301729071643,0.650346487498415,0.10851271648469177,0.10850649932587865,0.012213317209464634,0.0011194981054897606,0.0
0.0005699716516408677,-28.930471071655468,28.930471071655468,0.017918421253595097,0.650346487498415,0.1105080617906977,0.11050133593207975,0.011942641409325602,0.0010703075076695621,0.0
0.0005799804737262408,-28.930444196968335,28.930444196968335,0.01820798104592412,0.650346487498415,0.11249872009972145,0.11249148636058212,0.011540010599816219,0.0010379688100623714,0.0
0.0005899891484605743,-28.930447611248272,28.930447611248272,0.018497536433787314,0.650346487498415,0.11448164765619523,0.11447390762565733,0.011060122989176982,0.0010247874731231597,0.0
0.0005999957831306825,-28.930478185546697,28.930478185546697,0.018787033002920325,0.650346487498415,0.116456503459029,0.11644825881099458,0.010653727037086108,0.0010313164304606673,0.0
0.0006099630404516961,-28.930494000570214,28.930494000570214,0.01907539063290403,0.650346487498415,0.11841599739084038,0.11840725166846898,0.010383528369923017,0.0010551018267097856,0.0
0.0006199734262473491,-28.93047058116655,28.93047058116655,0.019364995947705542,0.650346487498415,0.12037637627149006,0.1203671288712699,0.010174176281662761,0.0010945856395774157,0.0
0.000629980081594427,-28.930426745967456,28.930426745967456,0.019654492982203235,0.650346487498415,0.12232844960468203,0.12231870228214743,0.009903015539016912,0.0011478348808859117,0.0
0.0006399702290639075,-28.930394300129482,28.930394300129482,0.019943512026693203,0.650346487498415,0.12426977852886326,0.12425953367415263,0.009720422333880915,0.0012123342710435429,0.0
0.0006499753927367723,-28.930383230600775,28.930383230600775,0.020232965292145626,0.650346487498415,0.12620652128780394,0.12619577972043192,0.009645412435324666,0.0012870934094457076,0.0
0.0006599828886209325,-28.930381005527284,28.930381005527284,0.020522485961654884,0.650346487498415,0.1281362336242462,0.1281249967954693,0.009383647955838969,0.001370316605331798,0.0
0.0006699829636183788,-28.930395709170053,28.930395709170053,0.02081179199898372,0.650346487498415,0.13005707100121583,0.1300453408398449,0.009144490900933208,0.0014592641245417075,0.0
0.0006799933337324186,-28.93042525858985,28.93042525858985,0.021101396106144105,0.650346487498415,0.1319724634760573,0.13196024103180096,0.009133186574099077,0.0015519435821868502,0.0
0.0006899675594927731,-28.930461696259176,28.930461696259176,0.02138995488331068,0.650346487498415,0.13387358404498514,0.13386087263780025,0.009314216480018246,0.001645742276166781,0.0
0.0006999566791805224,-28.93048553460153,28.93048553460153,0.02167894486087359,0.650346487498415,0.13577021421573246,0.13575701464954612,0.009424365670547743,0.0017382879257888183,0.0
0.0007099584768489616,-28.930502941711048,28.930502941711048,0.021968301809545825,0.650346487498415,0.13766193278050615,0.13764824596346717,0.009256302226866088,0.0018264699283938829,0.0
0.0007199725007497685,-28.93052842743911,28.93052842743911,0.022258012677926875,0.650346487498415,0.13954865685040876,0.13953448370758798,0.008835776042604373,0.0019078545060203674,0.0
0.0007299613525878762,-28.93055148473573,28.93055148473573,0.022546995564598788,0.650346487498415,0.14142338416728573,0.14140872742748758,0.00852924822247881,0.001981160474266558,0.0
0.0007399900911148834,-28.930563727492245,28.930563727492245,0.022837132569352856,0.650346487498415,0.14329833886547538,0.14328319810340084,0.008688590023732077,0.002047155189132008,0.0
0.0007499899424045427,-28.930577849236624,28.930577849236624,0.02312643396539445,0.650346487498415,0.1451606808239822,0.14514505893019417,0.008703102943940035,0.0021064969742084945,0.0
0.0007599752199016432,-28.930608556722447,28.930608556722447,0.023415313951261996,0.650346487498415,0.14701315216823507,0.1469970513303193,0.008565081727527018,0.0021608274328606784,0.0
0.000769979653422755,-28.930648963943018,28.930648963943018,0.023704748508780835,0.650346487498415,0.14886203492065422,0.14884545570554336,0.008780662236028957,0.002211635660182651,0.0
0.0007799714476631343,-28.93067691944362,28.93067691944362,0.023993817752019236,0.650346487498415,0.15070147534411432,0.15068441983691228,0.009002137322199094,0.002258813526103206,0.0
0.0007899882017718372,-28.930702477370993,28.930702477370993,0.024283609350093386,0.650346487498415,0.15253841128359158,0.15252087977510692,0.009081587236521181,0.002301971424974044,0.0
0.0007999894016024467,-28.930734988503804,28.930734988503804,0.0245729512525394,0.650346487498415,0.15436543198012806,0.15434742668593524,0.009196264031287486,0.0023400008394530276,0.0
0.0008099743756207648,-28.930748651863833,28.930748651863833,0.0248618239816136,0.650346487498415,0.15618247711140668,0.15616400026596627,0.009249869540227164,0.0023716915112768264,0.0
0.0008199895440748132,-28.93074764156633,28.93074764156633,0.02515157029678312,0.650346487498415,0.15799800803955144,0.1579790596816943,0.009450656509746528,0.002396334937780973,0.0
0.0008299581994323049,-28.930750421595903,28.930750421595903,0.02543997096187756,0.650346487498415,0.15979816473974778,0.1597787485094016,0.009611400297423913,0.002413344012979131,0.0
0.0008399896869195143,-28.930757495243693,28.930757495243693,0.02573018945269849,0.650346487498415,0.16160270421989753,0.16158281862053614,0.0099400404714768,0.0024234588966038483,0.0
0.0008499654877961996,-28.930767861127343,28.930767861127343,0.026018796979833708,0.650346487498415,0.16339032700903183,0.16336997608281717,0.010234841211400256,0.002427301821524591,0.0
0.0008599657983571072,-28.930780017163386,28.930780017163386,0.02630811370144812,0.650346487498415,0.16517546424618035,0.16515464827908446,0.01042460401731686,0.002426183921912218,0.0
0.000869974189158615,-28.93079217436225,28.93079217436225,0.026597664320318203,0.650346487498415,0.1669551774100195,0.16693389745066733,0.010693023086703272,0.0024215322681385696,0.0
0.0008799904944519329,-28.93079697799433,28.93079697799433,0.02688744399429031,0.650346487498415,0.1687294484753815,0.1687077055755822,0.010962241402605839,0.0024134858202880865,0.0
0.0008899722043754963,-28.930806358254657,28.930806358254657,0.027176222855250377,0.650346487498415,0.17049080234210906,0.17046859950558774,0.011063164342032653,0.0024020053920716386,0.0
0.0008999634188782872,-28.930829608604377,28.930829608604377,0.027465276854664433,0.650346487498415,0.17224707395927516,0.1722244121458981,0.011137469472982829,0.0023870221053500945,0.0
0.0009099728035892673,-28.930844858416314,28.930844858416314,0.027754856756529805,0.650346487498415,0.17399978600956256,0.1739766657809053,0.011804214831154338,0.002367777257673678,0.0
0.0009199644112581268,-28.930833811920373,28.930833811920373,0.02804392236860127,0.650346487498415,0.17574267084001283,0.1757190943984235,0.012356799891390638,0.0023440357828832595,0.0
0.0009299654750173452,-28.93081847287898,28.93081847287898,0.028333261398291978,0.650346487498415,0.17748051446929697,0.1774564827664669,0.012754960552527821,0.0023154875695125666,0.0
0.0009399667116566871,-28.93080817734477,28.93080817734477,0.028622605310315737,0.650346487498415,0.1792117211821755,0.1791872355889112,0.012996908435743188,0.002281951795544268,0.0
0.000949993153366058,-28.930802119587273,28.930802119587273,0.028912678327152098,0.650346487498415,0.18094062563421648,0.18091568638487254,0.013141075159147872,0.002244257433254893,0.0
0.0009599776261818661,-28.93082326402845,28.93082326402845,0.02920153721500686,0.650346487498415,0.1826556880730616,0.18263029843201836,0.013193717918357776,0.002204247908402074,0.0
0.0009699958165689663,-28.930863008167755,28.930863008167755,0.029491371905352545,0.650346487498415,0.184369944140363,0.18434410394988504,0.01327603775214882,0.0021627976011523737,0.0
0.0009799642605983281,-28.930906862445966,28.930906862445966,0.029779767811412877,0.650346487498415,0.18606915396175927,0.18604286680783905,0.01347433685819475,0.002120747750808983,0.0
0.0009899666686108526,-28.930947682934992,28.930947682934992,0.030069146758965316,0.650346487498415,0.18776762833753097,0.1877408940424645,0.013780851534295526,0.002077324444375804,0.0
0.0009999658808187348,-28.930973708771216,28.930973708771216,0.030358433591059046,0.650346487498415,0.18945905315008174,0.1894318731960549,0.014019477426643922,0.002031980827556865,0.0
0.0010099702017673457,-28.930986702656444,28.930986702656444,0.03064786840750218,0.650346487498415,0.19114485718671323,0.19111723267844502,0.014174244546130994,0.0019846060682961377,0.0
0.0010199673356959494,-28.930994513841622,28.930994513841622,0.030937095398531088,0.650346487498415,0.19282299627800298,0.19279492885842078,0.01417869453170885,0.0019354531368030964,0.0
0.0010299958828595638,-28.930998705896148,28.930998705896148,0.0312272312662562,0.650346487498415,0.19449995220642538,0.1944714418054465,0.014237754664836616,0.0018852286100954593,0.0
0.0010399715912952755,-28.931005238376862,28.931005238376862,0.03151583849948362,0.650346487498415,0.19616168259481445,0.19613273285232646,0.014244654568356866,0.0018357636183111692,0.0
0.0010499598083871873,-28.931015314566682,28.931015314566682,0.03180480771308875,0.650346487498415,0.1978191368369302,0.19778974849987083,0.014214507522319232,0.0017878061037339891,0.0
0.0010599560419078558,-28.93102045209968,28.93102045209968,0.032094008928050054,0.650346487498415,0.19947157497301987,0.19944174898284242,0.014100490587403805,0.0017418693283517625,0.0
0.001069971167556783,-28.93102755994569,28.93102755994569,0.03238375676190548,0.650346487498415,0.2011207942051978,0.20109053102595595,0.013956317729413045,0.0016986590228335397,0.0
0.0010799904971131116,-28.931049937738987,28.931049937738987,0.03267362635574681,0.650346487498415,0.20276437872705477,0.20273367946221688,0.013906385337612279,0.0016589809543558233,0.0
0.0010899580585454322,-28.931081018367713,28.931081018367713,0.0329619985379195,0.650346487498415,0.20439321625809295,0.20436208443211606,0.01382464154601244,0.0016235760340992382,0.0
0.001099995097200793,-28.931092069586892,28.931092069586892,0.03325238098875728,0.650346487498415,0.20602712772877396,0.2059955616018781,0.01370613949984494,0.0015925392477746875,0.0
0.0011099605620624017,-28.931091912738815,28.931091912738815,0.03354069277208437,0.650346487498415,0.2076431776695344,0.20761118159886607,0.013593395897423711,0.0015669108211769783,0.0
0.0011199778366987173,-28.93109482911164,28.93109482911164,0.033830503475080154,0.650346487498415,0.20926141697886658,0.2092289899885895,0.013518338470342194,0.001546887751563156,0.0
0.0011299999004189144,-28.931100597776847,28.931100597776847,0.03412045278158251,0.650346487498415,0.21087422074358023,0.21084136388502328,0.013450195101850065,0.0015332951199394504,0.0
0.0011399688574877478,-28.93110335978543,28.93110335978543,0.034408865693887215,0.650346487498415,0.21247234022630432,0.21243905701856394,0.013419878137343083,0.0015265619185194461,0.0
0.00114999104053655,-28.93111622717417,28.93111622717417,0.03469881855877369,0.650346487498415,0.21407284466927448,0.21403913407716552,0.013457431425676078,0.0015264312571797104,0.0
0.0011599749759054815,-28.931142284911424,28.931142284911424,0.03498766507745151,0.650346487498415,0.21566113516462626,0.21562700004916313,0.013401079408185183,0.001533301520727517,0.0
0.0011699767987091371,-28.931166403448422,28.931166403448422,0.03527702936942469,0.650346487498415,0.2172461832756489,0.21721162410093983,0.01326182578741229,0.0015477294973625622,0.0
0.0011799851497623372,-28.931164519129336,28.931164519129336,0.03556658265437378,0.650346487498415,0.21882618896759307,0.2187912066763797,0.013100853634587618,0.0015693327123505836,0.0
0.0011899589811022926,-28.93114608589364,28.93114608589364,0.03585513712137794,0.650346487498415,0.22039471955188175,0.22035931681020457,0.012876233815738327,0.0015968331505438322,0.0
0.0011999954661071714,-28.931135127385108,28.931135127385108,0.03614550406478852,0.650346487498415,0.22196705336765682,0.22193122874321078,0.012563490550025166,0.0016295897308249247,0.0
0.0012099633255643625,-28.93113465378129,28.93113465378129,0.036433885552881094,0.650346487498415,0.22352265081825218,0.2234864083892252,0.012197380084572515,0.001665692695701452,0.0
0.001219957314258476,-28.93112304817143,28.93112304817143,0.03672302294150224,0.650346487498415,0.22507635888178576,0.22503969874045762,0.011825076506883263,0.0017033261659226474,0.0
0.001229972834827589,-28.931091432585852,28.931091432585852,0.0370127830583021,0.650346487498415,0.2266274409936094,0.22659036342650365,0.0114108263790826,0.001740874719929599,0.0
0.0012399578590630244,-28.931043543308117,28.931043543308117,0.037301660473100635,0.650346487498415,0.22816786815454723,0.2281303756087933,0.010930781456609685,0.0017775862766337316,0.0
0.0012499675495489986,-28.931003532314744,28.931003532314744,0.03759125104991159,0.650346487498415,0.2297061758698167,0.2296682684928524,0.010609768776423858,0.0018141102527243678,0.0
0.0012599568785764768,-28.930971739734204,28.930971739734204,0.03788025220368757,0.650346487498415,0.23123546011145732,0.23119713991159868,0.01051629052638032,0.0018502276907087396,0.0
0.0012699664231770695,-28.93094459285313,28.93094459285313,0.038169837910063315,0.650346487498415,0.2327619524148031,0.23272321971751164,0.010526809167023641,0.0018848387410368192,0.0
0.0012799807341562824,-28.930924066709782,28.930924066709782,0.038459561282799815,0.650346487498415,0.23428329369638196,0.23424414946228078,0.010582789085620176,0.0019171076972047207,0.0
0.0012899597591071081,-28.93090492756122,28.93090492756122,0.03874826359554236,0.650346487498415,0.23579344467232935,0.2357538914968718,0.010551369233470742,0.0019466349706578792,0.0
0.001299986675857092,-28.930889101795575,28.930889101795575,0.03903835129379062,0.650346487498415,0.23730499998065518,0.23726503704703636,0.01053925107876618,0.00197306247321814,0.0
0.0013099848057680256,-28.930867877605966,28.930867877605966,0.03932760597494938,0.650346487498415,0.23880640133592612,0.2387660309583928,0.010456326765760969,0.0019958013364633053,0.0
0.0013199736548793655,-28.93085309160581,28.93085309160581,0.03961659196853731,0.650346487498415,0.24030062830712784,0.24025985199286437,0.010526180429696136,0.0020146503495312245,0.0
0.0013299822310088466,-28.930838935588543,28.930838935588543,0.03990614854570779,0.650346487498415,0.2417920278521507,0.2417508459256733,0.010580089508337671,0.002029589352356223,0.0
0.0013399713214551755,-28.93082655978434,28.93082655978434,0.04019514124576003,0.650346487498415,0.24327477284080434,0.24323318721038872,0.010525325249653612,0.0020406757924730703,0.0
0.00134996429524554,-28.9308156478311,28.9308156478311,0.040484246185040186,0.650346487498415,0.24475236130933942,0.24471037293087142,0.010332023678554198,0.0020479593778716825,0.0
0.001359974641634749,-28.930808056820496,28.930808056820496,0.04077385362462671,0.650346487498415,0.24622678479704074,0.24618439408113385,0.010419331873803948,0.002051391143153056,0.0
0.0013699800802793275,-28.93080384347046,28.93080384347046,0.04106331902995992,0.650346487498415,0.2476947655737486,0.24765197371148617,0.010438381313048955,0.0020507279862339153,0.0
0.0013799694917800399,-28.930795873813427,28.930795873813427,0.04135232069937837,0.650346487498415,0.24915470164319747,0.24911150990443906,0.010478728786294135,0.002046713341135389,0.0
0.00138997241891667,-28.930786280597523,28.930786280597523,0.04164171329374698,0.650346487498415,0.25061092275335295,0.25056733131330416,0.01047189870945164,0.0020402677675248827,0.0
0.0013999902988138808,-28.930769731383524,28.930769731383524,0.04193153836397474,0.650346487498415,0.2520636240554614,0.2520196330984466,0.01055555022279223,0.0020318166858859787,0.0
0.0014099770974287595,-28.930740026280194,28.930740026280194,0.0422204639949103,0.650346487498415,0.25350615405726434,0.25346176564615525,0.010641605027790782,0.0020213945016305302,0.0
0.0014199643077242696,-28.93070282451518,28.93070282451518,0.04250940119778295,0.650346487498415,0.25494309780817065,0.25489831278002023,0.010678356288516022,0.002008863350143867,0.0
0.001429965001313615,-28.930658185154883,28.930658185154883,0.04279872807520653,0.650346487498415,0.25637633390413656,0.25633115255641176,0.010558815825991637,0.001994321725819418,0.0
0.001439978580402546,-28.9306090958206,28.9306090958206,0.043088427260031016,0.650346487498415,0.257805763172988,0.2577601857736809,0.010331678876380724,0.0019772785734093147,0.0
0.0014499934135066034,-28.93056872743714,28.93056872743714,0.043378162266204896,0.650346487498415,0.2592297213386223,0.2591837485995054,0.010264206335044556,0.0019564550979431915,0.0
0.0014599848922581238,-28.930552120941066,28.930552120941066,0.04366722131986088,0.650346487498415,0.2606447356294445,0.2605983692323974,0.01058171173213723,0.00193090432805709,0.0
0.0014699826767232574,-28.930553880272377,28.930553880272377,0.04395646275384859,0.650346487498415,0.26205502793733043,0.2620082684035723,0.010777029318636715,0.0019002282507209534,0.0
0.0014799556062961275,-28.930541060326934,28.930541060326934,0.044244985082088205,0.650346487498415,0.2634562248327639,0.26340907391867274,0.010708929523162297,0.0018651363617416497,0.0
0.0014899566844938142,-28.930520216214102,28.930520216214102,0.04453432157833888,0.650346487498415,0.26485577655921555,0.2648082339418857,0.010627618440463067,0.001826043174506706,0.0
0.0014999967921634487,-28.93050938659586,28.93050938659586,0.044824787048172825,0.650346487498415,0.2662551547620498,0.2662072196915194,0.010861042501760674,0.001783347640027088,0.0
0.0015099576959541085,-28.930514891784185,28.930514891784185,0.04511296108453165,0.650346487498415,0.26763791882791904,0.267589595163494,0.011155173858339518,0.0017379695658703983,0.0
0.001519989648142698,-28.930532463027227,28.930532463027227,0.04540319070536502,0.650346487498415,0.26902493779706405,0.26897622353171924,0.011239425914704004,0.0016897989470964722,0.0
0.0015299694516815677,-28.930563187541484,28.930563187541484,0.04569191188080282,0.650346487498415,0.27039916627651595,0.2703500642024541,0.011208294290333274,0.0016407687059622586,0.0
0.001539989840410008,-28.930594698428653,28.930594698428653,0.04598180753574528,0.650346487498415,0.2717733866341033,0.2717238959422026,0.011530019738731443,0.0015915887528520046,0.0
0.0015499845632675228,-28.93061992148562,28.93061992148562,0.04627096093922595,0.650346487498415,0.2731385030815804,0.27308862553983404,0.012136952292328541,0.0015434348567394216,0.0
0.00155996167363527,-28.930647328737873,28.930647328737873,0.04655960506427449,0.650346487498415,0.2744956537655576,0.2744453908329029,0.012665791768636204,0.0014975483717643468,0.0
0.0015699620344369163,-28.930668830671888,28.930668830671888,0.04684892209198576,0.650346487498415,0.2758503937816143,0.2757997453480386,0.012992697520713374,0.0014540666041802867,0.0
0.0015799825530535185,-28.9306722196635,28.9306722196635,0.04713882243701402,0.650346487498415,0.2772022686337639,0.2771512347232186,0.01322829366345906,0.0014131870424196407,0.0
0.001589998112228593,-28.930655465594644,28.930655465594644,0.04742857921922816,0.650346487498415,0.2785478771819028,0.2784964587964411,0.01330339043882849,0.0013752797140159927,0.0
0.0015999618879190937,-28.930639939249108,28.930639939249108,0.04771683769979551,0.650346487498415,0.27988097557635666,0.279829175518784,0.013100841935244262,0.0013413913185471775,0.0
0.001609985878875884,-28.930615420819567,28.930615420819567,0.04800683806648108,0.650346487498415,0.2812165405103506,0.2811643573045737,0.012927895763527729,0.0013128674205061665,0.0
0.0016199795012749702,-28.930586258852877,28.930586258852877,0.048295959554499494,0.650346487498415,0.2825424762108432,0.2824899118570637,0.012699822301684097,0.0012907695745485428,0.0
0.0016299952643993435,-28.930572688118655,28.930572688118655,0.04858572137474566,0.650346487498415,0.2838657540462101,0.2838128085510284,0.012812950684814292,0.001271989876989637,0.0
0.0016399765803374212,-28.930567632221685,28.930567632221685,0.0488744865307895,0.650346487498415,0.2851789049385107,0.28512558047020353,0.013194182237407637,0.0012564406127930322,0.0
0.0016499971999057292,-28.930566346600227,28.930566346600227,0.04916438873785258,0.650346487498415,0.28649162383011084,0.28643791976706723,0.01366772816993698,0.0012454657255776378,0.0
0.0016599592000508241,-28.93055103532188,28.93055103532188,0.04945259498806647,0.650346487498415,0.28779109444616036,0.2877370138830688,0.013913021632303558,0.0012380675165959208,0.0
0.0016699850782126169,-28.93051154587234,28.93051154587234,0.04974264898239213,0.650346487498415,0.28909328617817087,0.2890388275899809,0.014049119643171801,0.0012343946267795959,0.0
0.0016799591029450587,-28.93047638181859,28.93047638181859,0.05003120242531057,0.650346487498415,0.29038315161458483,0.2903283178504124,0.01426353850082453,0.0012368464192358845,0.0
0.0016899912409734483,-28.930460823921905,28.930460823921905,0.05032143687100251,0.650346487498415,0.2916749001168465,0.2916196898989842,0.014707794319966494,0.0012464952208431739,0.0
0.0016999711866510561,-28.930448693686177,28.930448693686177,0.050610161236109626,0.650346487498415,0.29295431641712005,0.2928987326163908,0.014993900889644675,0.0012624667127349408,0.0
0.0017099890935931767,-28.93044940142355,28.93044940142355,0.0508999837616796,0.650346487498415,0.294232962123033,0.29417700424193005,0.015066205743569771,0.0012842965852495063,0.0
0.0017199842058484868,-28.93047131475748,28.93047131475748,0.051189146950264434,0.650346487498415,0.2955030610971201,0.2954467309171146,0.015057904060167333,0.0013111736436742455,0.0
0.0017299700066734725,-28.930499577592613,28.930499577592613,0.05147804101514801,0.650346487498415,0.29676634442299854,0.2967096432268738,0.014979090862177797,0.0013423206348121494,0.0
0.0017399988872449053,-28.93052994127765,28.93052994127765,0.051768181691585535,0.650346487498415,0.29802940118741766,0.29797232832407167,0.014882437743555505,0.0013777236093401222,0.0
0.00174998548405672,-28.93056257106375,28.93056257106375,0.05205709938985224,0.650346487498415,0.2992814689653071,0.2992240269550275,0.014784938112924688,0.001417295618839657,0.0
0.0017599911249635096,-28.930600274317552,28.930600274317552,0.05234656839737649,0.650346487498415,0.300530244830273,0.3004724339307064,0.01479547041090321,0.001461411089123598,0.0
0.0017699644322331331,-28.930635328767075,28.930635328767075,0.05263510234388691,0.650346487498415,0.3017693154413216,0.30171113780984143,0.014651934640480094,0.001509368654475367,0.0
0.0017799833496972783,-28.930662084727487,28.930662084727487,0.05292495613698322,0.650346487498415,0.3030083399426165,0.3029497948797817,0.014271025834932135,0.0015598064491660288,0.0
0.0017899751569559934,-28.93067460275097,28.93067460275097,0.05321402581068068,0.650346487498415,0.3042382954124821,0.30417938489570345,0.013500498195784126,0.001611440828768519,0.0
0.0017999750671708237,-28.930674706637305,28.930674706637305,0.05350332996548489,0.650346487498415,0.30546351813730616,0.30540424286034007,0.01262365291708524,0.0016638575701146171,0.0
0.0018099656639713377,-28.930680506830466,28.930680506830466,0.0537923646846431,0.650346487498415,0.3066818598863988,0.3066222211887778,0.011985207411875259,0.001715842235874114,0.0
0.0018199608746322167,-28.93070424396862,28.93070424396862,0.05408153304398874,0.650346487498415,0.3078950069462318,0.30783500568922123,0.011435139589956107,0.001766136450128038,0.0
0.0018299962293289675,-28.930718820787508,28.930718820787508,0.05437186301505755,0.650346487498415,0.30910721579368633,0.30904685159399525,0.011368966537617766,0.0018143515093936731,0.0
0.0018399939108237624,-28.930713358826306,28.930713358826306,0.05466110311053527,0.650346487498415,0.3103090664039601,0.3102483417267807,0.01143488560805905,0.0018599386929367052,0.0
0.0018499643565681202,-28.930707611327843,28.930707611327843,0.05494955518326707,0.650346487498415,0.3115018511711839,0.3114407681216701,0.011522264287616055,0.0019028183960512909,0.0
0.001859968540797818,-28.93070252287394,28.93070252287394,0.05523898329303948,0.650346487498415,0.3126928392001974,0.31263139771368514,0.011490781755930877,0.0019435604868666234,0.0
0.001869999360236389,-28.93069248040565,28.93069248040565,0.055529181893003925,0.650346487498415,0.31388111130647367,0.3138193115986642,0.011528583733573013,0.00198212480885977,0.0
0.0018799855178169224,-28.930690921242707,28.930690921242707,0.05581808833185933,0.650346487498415,0.31505821595986255,0.314996060800628,0.011648243597001744,0.002017482502520153,0.0
0.0018899824686351974,-28.930691501984906,28.930691501984906,0.05610730703107541,0.650346487498415,0.3162306975821279,0.3161681877694185,0.011638983235361017,0.0020493468848691906,0.0
0.0018999688812909043,-28.930692384226596,28.930692384226596,0.056396220857275685,0.650346487498415,0.3173960312207385,0.3173331683265256,0.01139011282170702,0.0020775820273504987,0.0
0.0019099731049039086,-28.93070086827451,28.93070086827451,0.05668565000304297,0.650346487498415,0.31855749434400693,0.3184942790466781,0.010977657034116758,0.0021019453393655786,0.0
0.0019199777923854333,-28.930730874046965,28.930730874046965,0.05697509275761898,0.650346487498415,0.319713030979636,0.31964946465109334,0.010867290617897167,0.0021217383687310463,0.0
0.0019299750326173368,-28.93076391343326,28.93076391343326,0.05726432040100451,0.650346487498415,0.32086170682608023,0.32079779114683943,0.010814245109986367,0.0021363563391216143,0.0
0.0019399892912366989,-28.930781608036668,28.930781608036668,0.057554040653644986,0.650346487498415,0.3220062965534013,0.3219420323603821,0.010471382264923928,0.0021456348326716855,0.0
0.0019499778420350884,-28.9307890903095,28.9307890903095,0.05784301727569549,0.650346487498415,0.3231418961327105,0.3230772857455339,0.010471413742379566,0.0021499716435351636,0.0
0.0019599927968355544,-28.930805901098623,28.930805901098623,0.05813275789042528,0.650346487498415,0.32427440030281207,0.32420944422701625,0.010523175099594046,0.002149871328677901,0.0
0.0019699674488002435,-28.93083375049062,28.93083375049062,0.05842133274891285,0.650346487498415,0.3253962487697224,0.325330949799743,0.010579069727803174,0.002144926557392311,0.0
0.0019799664640804933,-28.930853285129242,28.930853285129242,0.0587106127060781,0.650346487498415,0.3265146981578883,0.3264490571001095,0.010602119454691989,0.0021343680012994516,0.0
0.001989965194383709,-28.930866921767258,28.930866921767258,0.05899988457375966,0.650346487498415,0.32762693286903793,0.327560951786959,0.01055904156531909,0.002117314778613847,0.0
0.001999988546064914,-28.930882301959837,28.930882301959837,0.05928986890456687,0.650346487498415,0.32873566325039016,0.3286693432221701,0.010372665259580029,0.002093199876173216,0.0
0.002009994633218821,-28.930893183714996,28.930893183714996,0.059579353896554166,0.650346487498415,0.32983621205006675,0.32976955546532294,0.009632228709110346,0.0020622277783357576,0.0
0.0020199843076899957,-28.930896561709318,28.930896561709318,0.059868364120887765,0.650346487498415,0.33092866765843093,0.33086167678802975,0.009485903573362146,0.0020253132996876175,0.0
0.0020299764806285645,-28.930902116709113,28.930902116709113,0.06015744666625757,0.650346487498415,0.3320150743789182,0.33194775079278965,0.009087151078706038,0.0019839389563908847,0.0
0.002039971510100887,-28.930906011184785,28.930906011184785,0.06044661191172412,0.650346487498415,0.33309542898751415,0.3330277741921284,0.00876272145673733,0.0019400466695260786,0.0
0.0020499851170852467,-28.93090385492097,28.93090385492097,0.060736314624263814,0.650346487498415,0.334171372858823,0.334103387800131,0.008841998819786959,0.001895043487306909,0.0
0.0020599798170726474,-28.930908253098877,28.930908253098877,0.06102547034167304,0.650346487498415,0.3352388410811422,0.3351705279032618,0.0092503807484843,0.0018496967933549415,0.0
0.002069983527623644,-28.93091909259055,28.93091909259055,0.061314886829001713,0.650346487498415,0.33630078704706323,0.3362321469422389,0.009574201377637525,0.0018037476160305294,0.0
0.0020799726396303945,-28.930923332679246,28.930923332679246,0.06160388104915746,0.650346487498415,0.33735467193007723,0.3372857068321036,0.009656855826019693,0.0017571494940981471,0.0
0.00208998828091631,-28.930920320435398,28.930920320435398,0.06189364279012436,0.650346487498415,0.33840478475983893,0.33833549524155276,0.009825324793688157,0.001709898247134398,0.0
0.002099960695316437,-28.930903894907246,28.930903894907246,0.062182153848891954,0.650346487498415,0.3394437898032391,0.33937417867121156,0.010118947082952159,0.0016626838223672866,0.0
0.0021099569615075624,-28.930877894145016,28.930877894145016,0.06247135473241425,0.650346487498415,0.34047865634487007,0.3404087242178273,0.010239082641116322,0.0016153399485695984,0.0
0.0021199732712319213,-28.9308711807193,28.9308711807193,0.0627611353043956,0.650346487498415,0.3415089074666698,0.3414386550762557,0.010562641601677678,0.0015678631768250716,0.0
0.0021299680703956545,-28.930897114945427,28.930897114945427,0.06305029366032393,0.650346487498415,0.3425302314009549,0.34245966079109247,0.010730013133529892,0.0015207654479142889,0.0
0.002139995320785377,-28.930929412251718,28.930929412251718,0.06334039118255155,0.650346487498415,0.34354809181642504,0.34347720329969295,0.010829201195959702,0.0014746754667979973,0.0
0.0021499764219865022,-28.930942326535252,28.930942326535252,0.06362915379987548,0.650346487498415,0.3445544846306824,0.34448328099514713,0.011027843848361427,0.0014319925409907624,0.0
0.0021599568904996183,-28.930940525513858,28.930940525513858,0.0639178981547788,0.650346487498415,0.34555400764720934,0.3454824902214571,0.011215417288032124,0.0013937487324999134,0.0
0.00216996056612999,-28.93094119081117,28.93094119081117,0.06420731389380366,0.650346487498415,0.34654898579405174,0.3464771551494706,0.011336171577738271,0.0013590588015473715,0.0
0.0021799808111731527,-28.93095782910427,28.93095782910427,0.06449720908432834,0.650346487498415,0.3475386781404661,0.3474665350521642,0.011529245511686857,0.0013266494843751136,0.0
0.0021899674700162188,-28.930979065356382,28.930979065356382,0.0647861328034806,0.650346487498415,0.34851810892509544,0.3484456557174277,0.011722131743671005,0.001295491412693359,0.0
0.002199956944858223,-28.9309881159959,28.9309881159959,0.06507513814668293,0.650346487498415,0.349490840900996,0.34941807875074643,0.011947557648974247,0.0012650400693324172,0.0
0.0022099594802748325,-28.93099002301897,28.93099002301897,0.06536452138872648,0.650346487498415,0.3504578156646353,0.3503847454236754,0.011941090239748176,0.001235950445583017,0.0
0.002219960109732291,-28.93100209153485,28.93100209153485,0.06565384954696735,0.650346487498415,0.35141753544544707,0.35134415841765654,0.011870144211407859,0.0012099337597441871,0.0
0.00222997330339741,-28.931024840556223,28.931024840556223,0.06594354138584708,0.650346487498415,0.35237133859595154,0.3522976556323547,0.011756697581386642,0.0011883756733000162,0.0
0.0022399795506986573,-28.931042657985902,28.931042657985902,0.06623303247576426,0.650346487498415,0.35331732198173094,0.3532433345196805,0.011604570451987572,0.0011723520314114598,0.0
0.0022499847016867664,-28.93104320082794,28.93104320082794,0.06652249194254843,0.650346487498415,0.3542560089562116,0.35418171824293826,0.011519877135477917,0.0011640781127054214,0.0
0.0022599966361363855,-28.93103097362342,28.93103097362342,0.06681214759684055,0.650346487498415,0.3551880946250097,0.3551135016594979,0.012007775525510434,0.0011654036111188872,0.0
0.0022699726010188934,-28.93101728940081,28.93101728940081,0.0671007624696957,0.650346487498415,0.3561095929662821,0.35603470002245097,0.0122100698856062,0.001176406071571179,0.0
0.0022799730230051783,-28.93101869139707,28.93101869139707,0.06739008484427036,0.650346487498415,0.35702606127417563,0.3569508687960825,0.012270960209365947,0.0011968879417542473,0.0
0.002289961888919968,-28.931029259501486,28.931029259501486,0.06767907296361061,0.650346487498415,0.3579341488820434,0.35785865838388764,0.012243485135736596,0.0012254905208662337,0.0
0.0022999862878289507,-28.931031950318587,28.931031950318587,0.06796908916618061,0.650346487498415,0.35883807464248524,0.35876228622719397,0.01232450851187391,0.001260661526136746,0.0
0.002309997801497285,-28.931022580390863,28.931022580390863,0.0682587325497168,0.650346487498415,0.3597334127157141,0.35965732791911237,0.012398517985832417,0.001300820922459145,0.0
0.002319972401179661,-28.93100695932966,28.93100695932966,0.06854730784004663,0.650346487498415,0.36061803577475654,0.36054165682632283,0.012477445474108138,0.0013437425229074528,0.0
0.0023299749916493783,-28.930995030512886,28.930995030512886,0.0688366927923384,0.650346487498415,0.36149767698092433,0.36142100418637535,0.01232894624684268,0.0013884143062023538,0.0
0.002339963899198567,-28.930978345917453,28.930978345917453,0.06912568175233515,0.650346487498415,0.36236862316798063,0.36229165805259894,0.012171917893810188,0.0014343218584556261,0.0
0.0023499854099363884,-28.93095579642538,28.93095579642538,0.0694156137485161,0.650346487498415,0.36323485692158575,0.36315759965331457,0.012011420644104417,0.001481392799835308,0.0
0.0023599643631998686,-28.930938171225534,28.930938171225534,0.06970431431022046,0.650346487498415,0.3640898620711468,0.36401231500264236,0.011870134222878513,0.0015288701759245437,0.0
0.0023699582888794955,-28.930923016901936,28.930923016901936,0.06999344788354066,0.650346487498415,0.36493856979339245,0.3648607335977702,0.01167250068209995,0.0015760974098597124,0.0
0.0023799969164151912,-28.930902210435814,28.930902210435814,0.07028387454088274,0.650346487498415,0.3657834086045152,0.3657052831051304,0.011596708635541932,0.0016221253053772184,0.0
0.002389999360669749,-28.930892781151016,28.930892781151016,0.07057325421054528,0.650346487498415,0.3666175346387273,0.36653912198871585,0.011530901530461008,0.001665814104181256,0.0
0.0023999861354865866,-28.93089976032268,28.93089976032268,0.07086218055622298,0.650346487498415,0.3674426923114514,0.3673639940673605,0.011474006482295646,0.0017067786950177336,0.0
0.002409998648478418,-28.930892775757258,28.930892775757258,0.0711518515519923,0.650346487498415,0.36826226611641116,0.36818328265474315,0.011575083190750846,0.0017450971216836553,0.0
0.002419975314626342,-28.930856796169458,28.930856796169458,0.07144048525234967,0.650346487498415,0.36907120206911675,0.3689919355223879,0.011319452283360076,0.001780419054681519,0.0
0.00242999777759559,-28.930806193010454,28.930806193010454,0.07173044344100016,0.650346487498415,0.3698760840407223,0.369796534231148,0.010742973469549359,0.0018128755023357629,0.0
0.002439980206408675,-28.930760576528876,28.930760576528876,0.0720192429175614,0.650346487498415,0.37066998819521224,0.3705901573778467,0.011542544377853133,0.001841862043432156,0.0
0.0024499882859080756,-28.93072796010815,28.93072796010815,0.07230878409281218,0.650346487498415,0.37145813098824904,0.37137801957486133,0.01196220601496789,0.0018672850388630853,0.0
0.002459968817885451,-28.930711735339074,28.930711735339074,0.07259752805127861,0.650346487498415,0.37223630248947615,0.3721559123988586,0.011743515476156775,0.001889008515019302,0.0
0.0024699800815520226,-28.930717714709075,28.930717714709075,0.07288716104512392,0.650346487498415,0.37300902225166377,0.372928353790164,0.011295789706714477,0.0019071000288035087,0.0
0.002479985634592174,-28.930737262276423,28.930737262276423,0.07317662897187087,0.650346487498415,0.37377342831483645,0.3736924828192034,0.010755987136723676,0.001920754252066639,0.0
0.0024899946162147495,-28.930754246601825,28.930754246601825,0.07346619627730797,0.650346487498415,0.37453020202831666,0.3744489805937813,0.010237086841422167,0.001929078731647142,0.0
0.0024999673900585806,-28.93076548351561,28.93076548351561,0.07375471621322192,0.650346487498415,0.37527636557633676,0.3751948703973155,0.009653695582412733,0.0019318979271501235,0.0
0.002509994416373522,-28.930753856408515,28.930753856408515,0.07404480572645561,0.650346487498415,0.37601864552121506,0.37593687632495965,0.009000882008047271,0.0019295634275878634,0.0
0.002519984821243666,-28.930716162970192,28.930716162970192,0.07433383549813868,0.650346487498415,0.3767502728713096,0.3766682318851421,0.008618573300388694,0.001922510538773981,0.0
0.0025299979662083026,-28.930670499081756,28.930670499081756,0.07462352271818723,0.650346487498415,0.3774755897874595,0.37739327763534747,0.008572456301064083,0.0019108817225219432,0.0
0.0025399737370046405,-28.930631060614186,28.930631060614186,0.07491212825986543,0.650346487498415,0.3781902370261591,0.37810765597236295,0.008537142971139446,0.001894158107190071,0.0
0.002549962943706849,-28.930585028480703,28.930585028480703,0.07520112208700308,0.650346487498415,0.3788978601479197,0.378815011098433,0.008682138973448963,0.0018715036732835076,0.0
0.002559987272755071,-28.930550157216576,28.930550157216576,0.07549113159219019,0.650346487498415,0.3795999130783147,0.3795167963835469,0.009040000643083461,0.0018424975401577829,0.0
0.0025699659481242428,-28.930536447919074,28.930536447919074,0.07577982008448107,0.650346487498415,0.3802907266781116,0.380207344860942,0.00893048656592962,0.0018073060729364874,0.0
0.002579994484637053,-28.93052621700215,28.93052621700215,0.07606995097415761,0.650346487498415,0.3809768826013962,0.38089323566672706,0.008487611899008577,0.001766033910756603,0.0
0.0025899940073215322,-28.930512674173443,28.930512674173443,0.07635924236314229,0.650346487498415,0.38165293254562266,0.38156902260752207,0.008103853851866327,0.0017193896183601313,0.0
0.002599982692719946,-28.93050255320211,28.93050255320211,0.07664822009052887,0.650346487498415,0.38232012694328205,0.38223595564988766,0.007760545500123729,0.0016679534434466867,0.0
0.0026099583410498137,-28.930505741722456,28.930505741722456,0.07693682062109541,0.650346487498415,0.38297832597771214,0.38289389504166943,0.007696099828816238,0.0016130103425405578,0.0
0.0026199908534473193,-28.930507647690504,28.930507647690504,0.07722706628951499,0.650346487498415,0.3836320699156622,0.38354737925497434,0.007328729976841375,0.0015558925326809247,0.0
0.0026299760523095877,-28.930514029368407,28.930514029368407,0.07751594318640931,0.650346487498415,0.384274538035395,0.38418959028496363,0.00702707665446813,0.001499059804930716,0.0
0.002639963377767787,-28.930529103628235,28.930529103628235,0.07780488171539215,0.650346487498415,0.38490894460956215,0.38482374114098905,0.00680004347071156,0.001443786832783211,0.0
0.0026499887386907004,-28.930547174977374,28.930547174977374,0.07809492080202707,0.650346487498415,0.3855374971057017,0.38545203840032405,0.007590990342613908,0.001391352262278784,0.0
0.002659993444675745,-28.930568728730503,28.930568728730503,0.07838436252091965,0.650346487498415,0.38615646915728585,0.38607075721608675,0.008465664013632074,0.0013426751686712959,0.0
0.0026699594477339783,-28.91073934240214,28.91073934240214,0.07867265469944865,0.650346487498415,0.386765497278344,0.3866788290464828,0.00764017632691266,0.001298219692396763,4595.868655520046
0.0026799593693022797,-28.558799146399043,28.558799146399043,0.07896050591020068,0.650346487498415,0.3873992430724384,0.3872827919955614,0.007848791914211891,0.0012585848129159315,40050.64519078549
0.0026899901993603158,-27.622113275408275,27.622113275408275,0.07924256329902644,0.650346487498415,0.3881277968487839,0.3879339203888222,0.008024877956375442,0.0012244700947504899,68917.30566096726
0.00269998736849525,-26.54530783278735,26.54530783278735,0.07951326876782434,0.650346487498415,0.3889635444574401,0.38869672725571613,0.007961881714119134,0.0011964340780285967,67724.46463633464
0.0027099564543407117,-25.69229069515925,25.69229069515925,0.07977340689511957,0.650346487498415,0.3898906641852022,0.38957201137503855,0.008039981298620148,0.0011745273628900237,49409.2015162653
0.0027199638333857924,-25.043931834863233,25.043931834863233,0.08002710927043676,0.650346487498415,0.39089581162725123,0.3905283324202838,0.008142882649490075,0.0011582456033819466,37498.00631494429
0.0027299630282449096,-24.512375652227828,24.512375652227828,0.08027484355573444,0.650346487498415,0.391954528921334,0.3915420659439528,0.009636565724428073,0.0011464165991234088,34783.09088294729
0.0027399918897720262,-23.91340176383384,23.91340176383384,0.08051775492522244,0.650346487498415,0.3930715835710052,0.3926109537432361,0.011047851782421838,0.0011377971919328733,41960.558845635685
0.0027499991272805194,-23.23186841493571,23.23186841493571,0.08075367638686279,0.650346487498415,0.39424832980725577,0.39374338240751433,0.011337233385824005,0.0011322892932001806,45312.92558239307
0.002759965226510916,-22.58306894347046,22.58306894347046,0.08098188563612745,0.650346487498415,0.39548000354527507,0.3949452471790348,0.012000401485987909,0.001128266045310446,40132.738041164426
0.0027699799082271143,-21.972466150604646,21.972466150604646,0.08120496787430545,0.650346487498415,0.39678182890573804,0.39621025245442437,0.01200062583348725,0.00112363616385524,39169.52250252985
0.002779970536157839,-21.435813344725133,21.435813344725133,0.08142167335754881,0.650346487498415,0.3981386184987157,0.3975257637471035,0.009016120530199578,0.001119543061926146,30781.36621342011
0.0027899670463153404,-21.044105502189804,21.044105502189804,0.0816339127962062,0.650346487498415,0.39952954275446195,0.398890911472522,0.007564771220430165,0.001115070113073305,23551.43101329772
0.002799996203365536,-20.7078630453067,20.7078630453067,0.0818432313866604,0.650346487498415,0.40094734328696535,0.4002972114809709,0.007518648648324375,0.0011093315404780094,20468.29399971391
0.002809997833640168,-20.38940125972158,20.38940125972158,0.08204878946706744,0.650346487498415,0.40238137226959997,0.4017284766574107,0.007331026842142948,0.001103579664602504,22560.55423690251
0.002819967008977856,-20.02681552817053,20.02681552817053,0.08225025112428391,0.650346487498415,0.4038377426260507,0.4031826542178889,0.006872579105192081,0.0011000299356216008,23912.295319948138
0.0028299625308132867,-19.719478729732515,19.719478729732515,0.08244878225324617,0.650346487498415,0.4053201729487688,0.40467336813405136,0.006573724090770666,0.0010996523366768457,16671.383068445753
0.0028399829465466557,-19.529039424408477,19.529039424408477,0.08264532341626908,0.650346487498415,0.4068146910736263,0.40619103022312325,0.006450960269524545,0.001102307393742379,9148.797869389537
0.0028499720052161245,-19.456818869644913,19.456818869644913,0.08283996048458446,0.650346487498415,0.40829905676630385,0.4077131461111815,0.006297651740872417,0.0011078454425901784,2463.1782906999097
0.002859993355102407,-19.436990179931563,19.436990179931563,0.08303482999795767,0.650346487498415,0.40977608193924564,0.4092351949831935,0.006220190978425127,0.0011160942232739171,869.3815536527243
0.00286996652586216,-19.433222337720572,19.433222337720572,0.0832286507269786,0.650346487498415,0.41123306001309423,0.41073930400738456,0.006019740661566007,0.0011275074540976144,49.27964741740171
0.0028799708610538098,-19.433092483427018,19.433092483427018,0.08342306618934524,0.650346487498415,0.4126816122670592,0.41223513072174656,0.006353426805135251,0.0011426514165056478,0.0
0.002889995639778524,-19.433041596484205,19.433041596484205,0.08361787839938081,0.650346487498415,0.4141200742268188,0.4137207294819358,0.007491089563172928,0.0011604058991590515,0.0
0.002899980473333962,-19.432994208184855,19.432994208184855,0.08381191382847503,0.650346487498415,0.4155398002602475,0.41518717956561907,0.008954721910841052,0.0011783996909960751,0.0
0.002909978057514456,-19.432974520003725,19.432974520003725,0.08400619670376636,0.650346487498415,0.41694831194180376,0.41664225821900097,0.009450722654250895,0.0011951174261861967,0.0
0.0029199887633107307,-19.432981184848494,19.432981184848494,0.08420073450291993,0.650346487498415,0.4183455822479927,0.41808594552682254,0.008631275432542674,0.0012092578074742752,0.0
0.002929991954553023,-19.433008472822532,19.433008472822532,0.08439512646053335,0.650346487498415,0.41972868796516394,0.4195152274305091,0.0077480270508451,0.001219317268222117,0.0
0.0029399764697640284,-19.433043862630704,19.433043862630704,0.08458915579581947,0.650346487498415,0.42109610327072927,0.4209285313643202,0.007939206461166809,0.0012261539795101065,0.0
0.002949998184656102,-19.433084174974613,19.433084174974613,0.08478390843289083,0.650346487498415,0.42245540804028675,0.4223336967114091,0.009476736757010336,0.0012317781614003256,0.0
0.002959979252006029,-19.433102293263047,19.433102293263047,0.08497787146731456,0.650346487498415,0.42379601297063985,0.423719780838705,0.010516129792232163,0.0012364483611315032,0.0
0.002969980736582091,-19.433110801755518,19.433110801755518,0.08517223137684836,0.650346487498415,0.4251261216995768,0.4250952686878762,0.009372285631174529,0.0012395016518519921,0.0
0.0029799930482495057,-19.433134143633566,19.433134143633566,0.08536680183799235,0.650346487498415,0.4264443575587141,0.4264587413254535,0.00878450350122699,0.0012399199316397752,0.0
0.0029899731213205967,-19.433173882942704,19.433173882942704,0.0855607461344553,0.650346487498415,0.4277450536358911,0.42780433976194343,0.007920531222217517,0.0012369766517153283,0.0
0.002999972572662621,-19.43320003347103,19.43320003347103,0.0857550673596752,0.650346487498415,0.42903492306525437,0.4291390114389939,0.007383539952260543,0.001231931698665858,0.0
0.003009966234808012,-19.43321752978276,19.43321752978276,0.08594927628033476,0.650346487498415,0.43031065247044015,0.43045933138271025,0.007598569415809524,0.0012269084902947142,0.0
0.003019993492019316,-19.433237074013874,19.433237074013874,0.08614413825393628,0.650346487498415,0.43157717378875976,0.43177040788567717,0.007472820230873188,0.0012229027481722027,0.0
0.0030299923285373176,-19.433242702427304,19.433242702427304,0.08633844805490187,0.650346487498415,0.43282660446332416,0.43306408396434015,0.007656314772811274,0.001220144651958583,0.0
0.003039985271719881,-19.433246557437773,19.433246557437773,0.08653264335490915,0.650346487498415,0.43406179070596046,0.4343433076337474,0.008041664797915281,0.001219385267406033,0.0
0.0030499910953431784,-19.433261370189125,19.433261370189125,0.08672708906846033,0.650346487498415,0.43528500160874156,0.43561043161650564,0.008658219880815008,0.0012204710034308972,0.0
0.003059964952357777,-19.433257680631648,19.433257680631648,0.08692091364054988,0.650346487498415,0.43649075746063676,0.4368597809003577,0.010275785178168925,0.0012225741995741972,0.0
0.003069994740587669,-19.433242164968096,19.433242164968096,0.08711582501865123,0.650346487498415,0.43768960058485556,0.4381022822880571,0.011277192099736605,0.0012246506129175235,0.0
0.00307995931289467,-19.433241238742898,19.433241238742898,0.087309468943066,0.650346487498415,0.4388670363295156,0.4393229149247566,0.012873648998670434,0.0012252108543688125,0.0
0.0030899847747873333,-19.43325474682114,19.43325474682114,0.08750429622913956,0.650346487498415,0.44003794277615804,0.44053710452368583,0.01477496970418491,0.0012230356797599015,0.0
0.00309997082118476,-19.433258992990343,19.433258992990343,0.08769835764776672,0.650346487498415,0.4411905311252139,0.44173262946383224,0.016586868153788726,0.001219804136329964,0.0
0.0031099691440506253,-19.433245763001512,19.433245763001512,0.08789265758914656,0.650346487498415,0.44233079568563216,0.44291570779666656,0.016618791331090604,0.0012173040031196662,0.0
0.003119998919780487,-19.433228398826646,19.433228398826646,0.08808756859786031,0.650346487498415,0.44346080721007786,0.4440884919785089,0.015819003935372774,0.0012169648504933859,0.0
0.0031299647571994,-19.433210275598636,19.433210275598636,0.08828123690540196,0.650346487498415,0.44456986189567643,0.4452398729694965,0.015121606336785784,0.001220126062309716,0.0
0.0031399993771487637,-19.433182866160784,19.433182866160784,0.08847624165748601,0.650346487498415,0.44567269803254833,0.4463851533158017,0.013684353552905893,0.0012277452349371862,0.0
0.0031499598328533266,-19.433151691869792,19.433151691869792,0.08866980484865349,0.650346487498415,0.4467535973581866,0.4475080109386209,0.01204253664357313,0.0012389272644996202,0.0
0.00315999109527504,-19.433145392701213,19.433145392701213,0.08886474383761744,0.650346487498415,0.4478282820257748,0.44862477943729423,0.009795975661164158,0.0012531112931502735,0.0
0.003169982639720877,-19.433154515024505,19.433154515024505,0.08905891101287994,0.650346487498415,0.44888483204250995,0.4497230749936241,0.008493197794765988,0.001268579575186842,0.0
0.0031799856317141556,-19.43316948211565,19.43316948211565,0.0892533007767816,0.650346487498415,0.44992870467781915,0.45080857003091923,0.007734826834748401,0.0012831960769156638,0.0
0.0031899737695395883,-19.43317541099998,19.43317541099998,0.08944740199569996,0.650346487498415,0.45095715266237524,0.4518784085697143,0.007494313129021263,0.0012959234951327948,0.0
0.0031999917316139974,-19.43317062135521,19.43317062135521,0.08964208278697039,0.650346487498415,0.4519747379722456,0.45293733799239666,0.007877855248267267,0.0013062772412683328,0.0
0.003209996339448164,-19.43316272282821,19.43316272282821,0.08983650400178916,0.650346487498415,0.45297703559551916,0.4539807553098739,0.008174500784248785,0.0013136701562483071,0.0
0.003219965161145989,-19.43316892208451,19.43316892208451,0.0900302297399847,0.650346487498415,0.45396189843627854,0.4550064231087619,0.008222292149215622,0.0013184074501673777,0.0
0.0032299581354244193,-19.43319834729547,19.43319834729547,0.09022442504159381,0.650346487498415,0.45493527248369753,0.45602053364989953,0.008258851262198568,0.0013213597005947734,0.0
0.003239970433001811,-19.43321746927979,19.43321746927979,0.09041899611997564,0.650346487498415,0.45589659924232817,0.4570225082940405,0.008202480101745171,0.0013230010565752734,0.0
0.0032499679490677596,-19.433225183536614,19.433225183536614,0.09061328006202961,0.650346487498415,0.45684259960307444,0.4580089299956151,0.008428719977826732,0.0013247818810254678,0.0
0.0032599571624250044,-19.43324133487092,19.43324133487092,0.09080740276409767,0.650346487498415,0.4577739420162203,0.45898049461129004,0.008558144550583648,0.0013271631576465656,0.0
0.0032699997190781685,-19.43326356202729,19.43326356202729,0.09100256230566416,0.650346487498415,0.45869628970755355,0.459943113108191,0.008990176232760898,0.0013298002057628487,0.0
0.00327997660839436,-19.433276260042337,19.433276260042337,0.09119644590236321,0.650346487498415,0.45959874979060694,0.46088541630815694,0.010379615458708448,0.0013316290879154134,0.0
0.0032899765442371623,-19.43325991457667,19.43325991457667,0.09139077736876466,0.650346487498415,0.46048944970443323,0.46181588762405856,0.010906396743878532,0.0013317212791001485,0.0
0.0032999730807222838,-19.43321137976762,19.43321137976762,0.09158504243280594,0.650346487498415,0.46136600929567423,0.46273204187888334,0.01074451460840389,0.0013292161037995176,0.0
0.003309977879925228,-19.433161848242477,19.433161848242477,0.0917794675470654,0.650346487498415,0.4622294594189249,0.463634956640425,0.010233932603252926,0.0013229038438372135,0.0
0.003319972582669815,-19.433144190841748,19.433144190841748,0.09197369609962147,0.650346487498415,0.46307823979058715,0.4645229998925875,0.009656829353583713,0.001312161960337767,0.0
0.003329965863041504,-19.43316142065719,19.43316142065719,0.09216789702535536,0.650346487498415,0.46391313343123014,0.46539698978717736,0.009544174790721437,0.0012972451961306987,0.0
0.0033399809040717365,-19.433179781209137,19.433179781209137,0.09236252104633698,0.650346487498415,0.4647360609354458,0.46625893806906044,0.00976359338356271,0.0012788733458275069,0.0
0.0033499906507562763,-19.43316479593154,19.43316479593154,0.09255704219945796,0.650346487498415,0.46554479464200194,0.4671065121896029,0.009222465658270545,0.001257432784087834,0.0
0.0033599958270293805,-19.433152143863957,19.433152143863957,0.0927514743552853,0.650346487498415,0.4663394462955018,0.4679398278349006,0.006904753491788345,0.0012331112132979772,0.0
0.003369960269393244,-19.433159721537542,19.433159721537542,0.09294511490754596,0.650346487498415,0.46711727267444797,0.4687560039733078,0.006891699271106411,0.0012077789989991797,0.0
0.0033799722574691634,-19.433177875869184,19.433177875869184,0.09313967955179106,0.650346487498415,0.46788519043105187,0.4695622977004286,0.007026548068302998,0.0011848940178184053,0.0
0.0033899916558431486,-19.433210227009237,19.433210227009237,0.09333438845859186,0.650346487498415,0.4686400516929001,0.47035540684065924,0.006953622479673325,0.0011664867198186856,0.0
0.003399995227773425,-19.433234629158992,19.433234629158992,0.09352879011407024,0.650346487498415,0.4693801686832199,0.4711335559175912,0.007263865743114957,0.001151731100873139,0.0
0.0034099763881091085,-19.433235581398282,19.433235581398282,0.09372275636982409,0.650346487498415,0.47010518012183866,0.47189636029010673,0.007703080325858885,0.0011389118641147633,0.0
0.003419990288270649,-19.43322700546755,19.43322700546755,0.09391735880135962,0.650346487498415,0.4708191223522877,0.4726480656620659,0.008051264886474464,0.0011256745180015433,0.0
0.0034299796669928205,-19.43322578624051,19.43322578624051,0.09411148465483297,0.650346487498415,0.47151794988672285,0.4733844111769193,0.008471357775156563,0.001110482694518426,0.0
0.003439982401248543,-19.433229204678792,19.433229204678792,0.09430587006429861,0.650346487498415,0.4722043908261928,0.47410826819449864,0.009057135778265321,0.0010934771659708768,0.0
0.003449974731003177,-19.43323125219422,19.43323125219422,0.09450005331410632,0.650346487498415,0.47287686674478413,0.4748179700770622,0.009549166857145245,0.0010740682082216997,0.0
0.0034599728513892945,-19.43322326127701,19.43322326127701,0.09469434906830973,0.650346487498415,0.47353653679745167,0.47551473714137416,0.00982599109438965,0.001051100315368436,0.0
0.003469973705488485,-19.43320906251384,19.43320906251384,0.09488869782750474,0.650346487498415,0.4741832443576723,0.4761984019418024,0.009671163151246559,0.0010266308222611747,0.0
0.0034799853355285764,-19.43318836273821,19.43318836273821,0.0950832558361638,0.650346487498415,0.4748175466289803,0.4768695518083861,0.00936852060119137,0.0010022739790403834,0.0
0.003489970909260417,-19.433153819346217,19.433153819346217,0.09527730720182762,0.650346487498415,0.4754372051090626,0.4775258137229223,0.00898654221106496,0.0009795051083855166,0.0
0.003499988732211183,-19.43313289821256,19.43313289821256,0.095471984969431,0.650346487498415,0.4760458926218402,0.47817107479804405,0.0086584598201165,0.0009588437052145108,0.0
0.003509987757324931,-19.43312834643846,19.43312834643846,0.0956662973291977,0.650346487498415,0.47664054928220506,0.4788020891801592,0.008307281006321967,0.0009404781245654325,0.0
0.003519996837758516,-19.433117474094963,19.433117474094963,0.09586080502582307,0.650346487498415,0.4772229770154204,0.4794207645942614,0.007970056445730489,0.0009249042830418677,0.0
0.0035299840719765444,-19.433104911589083,19.433104911589083,0.09605488805609294,0.650346487498415,0.47779141191190133,0.4800252225472961,0.008124348840082537,0.0009108303293582744,0.0
0.003539999247022662,-19.433095840096186,19.433095840096186,0.0962495139534113,0.650346487498415,0.4783487468833732,0.4806185360846909,0.008206031773466451,0.0008988518844831651,0.0
0.0035499750470102814,-19.433085651233355,19.433085651233355,0.09644337458798377,0.650346487498415,0.47889132876909407,0.4811968111531813,0.008330158331027744,0.0008924274415843349,0.0
0.003559987345307009,-19.43306673699001,19.43306673699001,0.09663794434691106,0.650346487498415,0.47942336183675216,0.48176452424305205,0.008630573713416642,0.0008923661861948151,0.0
0.003569991342151219,-19.43305293422712,19.43305293422712,0.09683235260262857,0.650346487498415,0.4799424851436146,0.48231915484189775,0.008629208526345944,0.0008958181951178633,0.0
0.00357999935868398,-19.433054815058128,19.433054815058128,0.09702683891997027,0.650346487498415,0.48044941911407024,0.4828614678857796,0.008700884319523075,0.0009012315638313075,0.0
0.0035899827101628138,-19.43305639079747,19.43305639079747,0.09722084595176578,0.650346487498415,0.48094282212235806,0.4833900214727633,0.009173937350058286,0.0009078619675598342,0.0
0.003599989507754609,-19.433043403373414,19.433043403373414,0.09741530855868412,0.650346487498415,0.48142514755060123,0.48390743909512696,0.00954507922787252,0.0009154775734703087,0.0
0.003609987609753006,-19.433022091486723,19.433022091486723,0.09760960200914269,0.650346487498415,0.48189489252229206,0.48441210553879377,0.01005960441476438,0.0009245199262859188,0.0
0.0036199706403360955,-19.432994107482852,19.432994107482852,0.09780360232194074,0.650346487498415,0.48235187402247,0.4849038167084186,0.010601113766139075,0.0009359679033932392,0.0
0.00362998239784877,-19.432333936993647,19.432333936993647,0.09799816008170692,0.650346487498415,0.48279815932700415,0.48538477893327714,0.010806169582739042,0.0009494577805223088,197.1041924283727
0.003639959160008169,-19.37914519718397,19.37914519718397,0.09819186071864401,0.650346487498415,0.48323509911675594,0.4858520160343215,0.010582732482749269,0.0009651419838111436,6805.4781161020455
0.003649955457475156,-19.185822600169708,19.185822600169708,0.09838468973381423,0.650346487498415,0.4836900496688616,0.4863081833208685,0.010338741795888923,0.0009838627713636993,14242.922370222848
0.003659999069154944,-18.992763848564074,18.992763848564074,0.0985763685392029,0.650346487498415,0.484182868056852,0.48675450188130326,0.010376896541356729,0.0010049366118564237,11178.998750321201
0.0036699606504969565,-18.848942870363544,18.848942870363544,0.09876481507824672,0.650346487498415,0.48469806753846806,0.487185358800526,0.010256530216060279,0.0010275720120074517,8542.77122314554
0.0036799600199480973,-18.653611425208247,18.653611425208247,0.09895249545020217,0.650346487498415,0.485237087938563,0.48760617344208884,0.009812554618282494,0.0010507237133466358,19823.973380986154
0.0036899913764507465,-18.233577718048508,18.233577718048508,0.09913762744415665,0.650346487498415,0.4858308733982134,0.4880239520146034,0.009394759510571537,0.0010729017241511926,31018.71686044002
0.003699982913942179,-17.649225126808187,17.649225126808187,0.0993170532482868,0.650346487498415,0.48648858848842325,0.48846446181408976,0.00865407518482245,0.001093814123994561,43640.43402534112
0.0037099757384516734,-17.015920758048143,17.015920758048143,0.09949012451427296,0.650346487498415,0.4872044439305514,0.48896964675969407,0.008457991555158627,0.0011122149403148273,37049.50690613094
0.0037199943889358097,-16.53798679360572,16.53798679360572,0.09965808023180205,0.650346487498415,0.48796363951136207,0.4895374972193498,0.008276465306065475,0.001126790496969953,27651.31436827355
0.003729962389202568,-16.160982804172967,16.160982804172967,0.09982098663374246,0.650346487498415,0.4887535258005562,0.4901387668889918,0.008261491985454767,0.0011377531571010264,22803.24087671312
0.003739976717589097,-15.846178185373539,15.846178185373539,0.09998119775729727,0.650346487498415,0.489583352923059,0.4907595325000903,0.007984593971525837,0.0011468163484453218,18932.34753766176
0.003749962843021728,-15.582557232416269,15.582557232416269,0.10013808607835199,0.650346487498415,0.4904436209480501,0.491385053193088,0.007964753175882347,0.0011544668763364884,16316.433865651616
0.003759981563887964,-15.30507056776686,15.30507056776686,0.10029286302337215,0.650346487498415,0.49132798986052095,0.492024575386103,0.007881615742001163,0.001160975756074958,19864.679885701
0.0037699657838864884,-14.983656216662746,14.983656216662746,0.10044407020351541,0.650346487498415,0.49222290121164386,0.4926911184125285,0.00777453155008909,0.0011663186120805015,21174.921177485743
0.003779989481127052,-14.68461032384436,14.68461032384436,0.10059268872261393,0.650346487498415,0.4931291605412714,0.49339844892789425,0.007437487351642358,0.0011698146184195787,16828.59903469409
0.003789992714413908,-14.514196985528503,14.514196985528503,0.1007386141512398,0.650346487498415,0.49403441416567234,0.4941307564811279,0.007671847705251925,0.001170998707818842,7877.057352825714
0.003799958127050029,-14.416108547220468,14.416108547220468,0.10088274924239016,0.650346487498415,0.49492932461759137,0.4948678938049946,0.00784129507108859,0.0011701297123566101,6180.343571170748
0.0038099628048722306,-14.292081335823365,14.292081335823365,0.10102641488959753,0.650346487498415,0.49582054912010104,0.49561111761484394,0.007887383480077188,0.0011670853716953217,10264.68139450154
0.003819965322099062,-14.038934518249274,14.038934518249274,0.10116824943171995,0.650346487498415,0.4967075504065499,0.4963718877899937,0.007737792547083301,0.0011616406109210464,21199.408322321247
0.0038299977230396107,-13.675790558947055,13.675790558947055,0.10130726186668258,0.650346487498415,0.4975954270689663,0.49718366137648623,0.007723894281277546,0.0011539152731688553,22826.2520043361
0.003839982251655563,-13.381747998500407,13.381747998500407,0.1014422544339837,0.650346487498415,0.4984799713088504,0.4980399744342536,0.007706218198546442,0.0011455192966074836,16686.306317787912
0.0038499999632941144,-13.185217925639945,13.185217925639945,0.10157522986828264,0.650346487498415,0.4993653467428537,0.4989295068337996,0.007775082185687779,0.001138582483754973,9916.97581161483
0.0038599853756904998,-13.08537251461243,13.08537251461243,0.1017063292251576,0.650346487498415,0.5002396142241281,0.49982900992160173,0.007676452700506546,0.0011359711694529978,4813.537855594408
0.0038699966226814213,-13.0332202064369,13.0332202064369,0.10183704323775962,0.650346487498415,0.5011038732003242,0.5007309272853875,0.007605052697193063,0.0011393993219963755,2720.5375596652207
0.0038799758307534967,-12.996251969696207,12.996251969696207,0.10196691197926941,0.650346487498415,0.5019513308764854,0.5016251627340332,0.007380052866402947,0.001147583744341025,2130.7190092735677
0.0038899749412881868,-12.97672903189239,12.97672903189239,0.10209674787569802,0.650346487498415,0.5027863111273936,0.5025134926711551,0.007209840976891898,0.0011583826802385416,788.4907307168155
0.003899974279069712,-12.97056662826556,12.97056662826556,0.10222646951078328,0.650346487498415,0.5036072036357664,0.5033901570575239,0.006956628489187782,0.0011709086067037387,236.26264307070753
0.003909981045563255,-12.968055913118645,12.968055913118645,0.10235624885898378,0.650346487498415,0.5044146563070488,0.5042540277388045,0.007180634472679885,0.0011838511606220895,107.7268941153107
0.003919979483561263,-12.967846870711677,12.967846870711677,0.10248590733560174,0.650346487498415,0.5052074697180561,0.5051032272577349,0.00730117929783675,0.0011961579608442624,0.0
0.003929974164293732,-12.967833677649015,12.967833677649015,0.10261551676193138,0.650346487498415,0.5059860995447889,0.5059379488643172,0.0073240301098734546,0.0012076575246627171,0.0
0.003939965643851169,-12.967817785308492,12.967817785308492,0.10274508453267579,0.650346487498415,0.5067506701460552,0.5067583154305711,0.007211209118592779,0.0012175871352909124,0.0
0.0039499920406901945,-12.967795103839611,12.967795103839611,0.1028751049062583,0.650346487498415,0.5075040987576128,0.5075674561839336,0.007315076934141949,0.0012252249296600853,0.0
0.003959957102444371,-12.967785814359473,12.967785814359473,0.10300432971692053,0.650346487498415,0.5082392717922757,0.5083577253300006,0.007617282801025756,0.0012308567999684658,0.0
0.003969981472115329,-12.967799804664962,12.967799804664962,0.10313432365106183,0.650346487498415,0.5089651579348028,0.5091387611244395,0.00805976470887611,0.0012359991703325636,0.0
0.003979983658302246,-12.967825401643916,12.967825401643916,0.10326403012404835,0.650346487498415,0.5096758430176452,0.509904202737865,0.008265257402302224,0.001240680565908631,0.0
0.003989996897388895,-12.967843200157414,12.967843200157414,0.10339388016560028,0.650346487498415,0.5103737727970568,0.5106566819617453,0.008515739065494115,0.001243878992066101,0.0
0.003999962066184443,-12.967844900244641,12.967844900244641,0.10352310693076186,0.650346487498415,0.5110549609975454,0.5113918957918538,0.008541137685795303,0.0012453111866582121,0.0
0.004009982616686821,-12.967837815994775,12.967837815994775,0.10365305184662675,0.650346487498415,0.5117265232645896,0.5121175244780435,0.008244639741340648,0.0012449499367094222,0.0
0.004019985737106671,-12.96781810165287,12.96781810165287,0.10378277060216963,0.650346487498415,0.5123835610446384,0.5128282791829858,0.0077156436491340056,0.0012426376324587345,0.0
0.004029985450337512,-12.967797477079875,12.967797477079875,0.10391244495084889,0.650346487498415,0.5130270931844542,0.5135252588318047,0.007510177167128114,0.0012386057328725225,0.0
0.004039966885469826,-12.967790342269224,12.967790342269224,0.1040418821341032,0.650346487498415,0.5136562603895523,0.5142075292260723,0.0073386851236676475,0.001233517104226968,0.0
0.004049957672285779,-12.96779637481845,12.96779637481845,0.10417144058478749,0.650346487498415,0.5142728753355666,0.514877053770101,0.008080547965039734,0.0012271863357563196,0.0
0.004059981472726734,-12.967804169059269,12.967804169059269,0.10430142723232202,0.650346487498415,0.5148783673493027,0.5155353884328607,0.008739025686558547,0.001218759210601441,0.0
0.00406997745205338,-12.967804000526606,12.967804000526606,0.10443105313836885,0.650346487498415,0.5154691030607798,0.5161785811268138,0.009264739204177927,0.0012079015162295564,0.0
0.004079973744767089,-12.967801256262055,12.967801256262055,0.10456068309273761,0.650346487498415,0.516046849802041,0.5168085491449029,0.009458267993743339,0.0011941909494981927,0.0
0.004089967943497107,-12.967795126032104,12.967795126032104,0.1046902858456853,0.650346487498415,0.5166115218168837,0.517425194587378,0.009607813813461541,0.0011771557247841804,0.0
0.00409995910856725,-12.967787077426706,12.967787077426706,0.10481984919008919,0.650346487498415,0.5171631251936655,0.5180285181489492,0.009424067757036211,0.0011570141499079069,0.0
0.004109980115336773,-12.967778801883439,12.967778801883439,0.10494979942700894,0.650346487498415,0.5177034718716614,0.518620499153261,0.008988349506251013,0.0011352174520002144,0.0
0.004119984125208945,-12.967770277880808,12.967770277880808,0.10507952917576975,0.650346487498415,0.5182300597492654,0.5191983906460433,0.008358399335932182,0.0011132286918313639,0.0003363316188100951
0.004129964255278309,-12.964778769961837,12.964778769961837,0.10520894236348408,0.650346487498415,0.5187428107866232,0.5197619184714258,0.008131442067226822,0.001090959612242088,491.6906006070243
0.004139984312080828,-12.95391953899679,12.95391953899679,0.10533879686144892,0.650346487498415,0.5192466288889134,0.5203146959916148,0.008311001421119601,0.0010678508385733609,693.8884688130171
0.004149995956521106,-12.947756100594603,12.947756100594603,0.10546844911584372,0.650346487498415,0.5197394517480762,0.5208540354786143,0.008628745405128856,0.0010451278557978114,188.6519414654106
0.004159984365413026,-12.947230111332912,12.947230111332912,0.10559777238488928,0.650346487498415,0.5202191324669402,0.5213792387205038,0.008746539538292426,0.001024028863968708,0.6298249814646378
0.004169957460397018,-12.947230490714066,12.947230490714066,0.10572689633130301,0.650346487498415,0.5206855416951904,0.5218908342889204,0.008671810425281716,0.001005232570672995,0.0
0.004179975603296128,-12.947247018536242,12.947247018536242,0.10585660362950328,0.650346487498415,0.5211414692330496,0.5223918980645484,0.008515336397497573,0.0009884714568564059,1.947883216977837
0.004189960119300603,-12.944798413564616,12.944798413564616,0.10598587003359385,0.650346487498415,0.5215834939895636,0.5228785090377169,0.00854757026823568,0.0009728984384427781,462.9780438904193
0.004199994698658853,-12.920029393096717,12.920029393096717,0.10611566201500397,0.650346487498415,0.5220180525959234,0.5233547500007595,0.008694400243657655,0.0009578476912219019,2171.7660546075244
0.004209996904761525,-12.87744436231758,12.87744436231758,0.1062446937403224,0.650346487498415,0.5224465943332944,0.5238167654913811,0.0085218392933151,0.0009426310635028929,3350.7340163208014
0.004219994070290476,-12.810801349644885,12.810801349644885,0.10637311669710899,0.650346487498415,0.5228742296354908,0.5242667055314973,0.008658881921113927,0.0009280113065622489,4919.9891811716925
0.004229969721830748,-12.72306750832214,12.72306750832214,0.10650049150711519,0.650346487498415,0.5233042557351903,0.5247051967708604,0.00888951164758407,0.0009137447264912281,6337.806047168333
0.0042399745007891355,-12.6059370132637,12.6059370132637,0.10662721708304819,0.650346487498415,0.5237435908980189,0.5251354041967083,0.009613319278290901,0.0008982822275064947,8180.419815603211
0.004249982306832177,-12.485424249665368,12.485424249665368,0.10675275820436018,0.650346487498415,0.5241944920247711,0.5255573414971231,0.009188031866906886,0.0008822890230437884,7508.068975071626
0.004259982568110752,-12.37775134561054,12.37775134561054,0.10687705672231788,0.650346487498415,0.5246534723527967,0.5259717604941283,0.00919171689088678,0.0008677764588563237,6302.1423554657595
0.004269964160984992,-12.306968596878079,12.306968596878079,0.10700021552656455,0.650346487498415,0.5251143560902519,0.5263782830525222,0.009280542446808695,0.000855378183313863,3511.9718004855613
0.004279999742011297,-12.250832319025525,12.250832319025525,0.10712346300824377,0.650346487498415,0.5255758102951652,0.5267766904764057,0.009021994816480436,0.0008461601126451957,4610.573228135049
0.0042899881831208065,-12.123584452165394,12.123584452165394,0.10724530180222995,0.650346487498415,0.5260404873443854,0.5271615866460452,0.008483229770291015,0.0008416193034980924,12561.453999880649
0.004299982584989596,-11.835424526926287,11.835424526926287,0.10736510094010364,0.650346487498415,0.5265234542829955,0.5275521932944846,0.008482186275619167,0.0008408569124000561,20446.13109613257
0.004309970035917239,-11.534509014009851,11.534509014009851,0.10748178361789001,0.650346487498415,0.5270272990080019,0.5279658762371027,0.008588744839763754,0.0008432746364590275,19484.89322272597
0.004319999374273674,-11.235110873535428,11.235110873535428,0.10759591777031932,0.650346487498415,0.5275426728436177,0.5284160085183152,0.008466032263726926,0.0008491597406651033,17718.649976168384
0.004329993981516786,-10.995422352857192,10.995422352857192,0.10770697129114065,0.650346487498415,0.5280553734794788,0.5289011319934238,0.008280055642171769,0.0008571559253680587,14626.556568328522
0.004339957996342546,-10.783368260509706,10.783368260509706,0.10781545785715559,0.650346487498415,0.5285615390241626,0.5294146491859548,0.008401486380048038,0.0008672347656341772,13556.559709647086
0.004349963206873632,-10.570712550078806,10.570712550078806,0.10792229515551024,0.650346487498415,0.5290643548137098,0.5299573027776359,0.008403752231854595,0.0008815356221996672,14456.868295219247
0.004359990236780178,-10.34056729329702,10.34056729329702,0.10802712990508596,0.650346487498415,0.5295659858319647,0.530527828553103,0.008336994028664451,0.000900788750757115,14868.910863347961
0.004369973183385304,-10.119467148272028,10.119467148272028,0.10812923480380728,0.650346487498415,0.5300738839576769,0.5311124602502783,0.007930859359229965,0.0009246601207418856,13783.746535983637
0.00437998615140778,-9.933258372740417,9.933258372740417,0.10822958833513925,0.650346487498415,0.5305946780507474,0.5317073681599842,0.007661590958756,0.0009515658608240947,11006.796781683466
0.004389983665670742,-9.786479495795819,9.786479495795819,0.10832812857961036,0.650346487498415,0.5311224797730216,0.5323039701892807,0.007925427524510182,0.000978564706304154,8570.31681181005
0.0043999586148666244,-9.673707787040627,9.673707787040627,0.10842516359538629,0.650346487498415,0.5316527915216225,0.5328972099752249,0.00926089019787526,0.0010059301444535792,6806.252390318876
0.0044099993160019715,-9.579017826640213,9.579017826640213,0.10852180191293234,0.650346487498415,0.5321857502615938,0.5334908404602345,0.008465939845772432,0.0010339505594092733,5675.16118273599
0.004419956260684955,-9.502596629079855,9.502596629079855,0.10861677889404119,0.650346487498415,0.5327113283531543,0.5340740860282795,0.00700887126431336,0.0010620745751688172,4317.060827738889
0.0044299611819229485,-9.451640363664808,9.451640363664808,0.10871158262522924,0.650346487498415,0.5332360262360609,0.5346498618195763,0.007018310735016786,0.0010917199073063914,3068.7540101513155
0.004439972548915116,-9.397107794816769,9.397107794816769,0.10880594076761432,0.650346487498415,0.5337567816555674,0.535213635098272,0.007167351777912676,0.0011235413038667976,3741.086732165901
0.004449970402193156,-9.338388430544,9.338388430544,0.1088996026725908,0.650346487498415,0.5342709703734312,0.535767357913731,0.007389947131919954,0.001156283555073903,4069.5362790172608
0.0044599950945013065,-9.270923386067066,9.270923386067066,0.10899287988371081,0.650346487498415,0.534778477053997,0.5363169252080818,0.007628063929243424,0.0011890956267394642,4397.00489912591
0.004469967334358652,-9.216290610395792,9.216290610395792,0.10908503110401341,0.650346487498415,0.5352738466626685,0.5368595874508171,0.007969983572667294,0.0012210006417830656,2606.2970156953697
0.004479959399329604,-9.193270942432392,9.193270942432392,0.10917698758368596,0.650346487498415,0.5357587593998311,0.537395193650261,0.008223156990466308,0.0012508639414952202,998.012123752666
0.0044899665489456985,-9.183862421703449,9.183862421703449,0.10926893307831527,0.650346487498415,0.5362316216205589,0.5379194553570518,0.008440076155652568,0.0012779289851480445,468.6324507975258
0.004499989685407309,-9.179569397164258,9.179569397164258,0.10936095790378413,0.650346487498415,0.5366915818058307,0.538431326254683,0.008537787205637836,0.0013015621620018419,138.67471850026362
0.004509994842501989,-9.1772908781345,9.1772908781345,0.10945279168341862,0.650346487498415,0.5371369248236744,0.5389283218138302,0.008758248811154798,0.0013211771474615018,250.97672075569835
0.00451998440936643,-9.166880784957733,9.166880784957733,0.10954442699184759,0.650346487498415,0.5375688863670559,0.5394102981049523,0.009162722711627172,0.0013372303214828872,1033.1960542053398
0.004529966366454434,-9.138118242003982,9.138118242003982,0.10963580335287586,0.650346487498415,0.5379909847386601,0.5398776958312316,0.009774141767146024,0.0013508059436000736,2361.153681786023
0.004539974687750707,-9.102518128823752,9.102518128823752,0.10972707676322713,0.650346487498415,0.5384081931187564,0.5403320895055214,0.010199969177777846,0.0013624946776283446,2141.804017143946
0.004549966025476365,-9.06770526086471,9.06770526086471,0.10981785567666374,0.650346487498415,0.5388185617564268,0.5407715142745297,0.010333971394430824,0.001372381647257117,2546.9882981739174
0.004559965924704872,-9.021832380412667,9.021832380412667,0.10990831091705061,0.650346487498415,0.5392245470349412,0.541197134844499,0.010154275319436343,0.0013811029720152764,3293.8062416883263
0.004569966257261108,-8.968188871380521,8.968188871380521,0.10999826150228253,0.650346487498415,0.5396282509586174,0.5416086091800174,0.009766405825633165,0.0013880893772636003,3358.9342235914114
0.004579980735928727,-8.925886108368763,8.925886108368763,0.1100878509020052,0.650346487498415,0.5400296731384029,0.5420064931566859,0.009531904920042513,0.001392247909571752,2552.144511042315
0.004589969944166384,-8.88088170737788,8.88088170737788,0.11017679874621998,0.650346487498415,0.5404255258947286,0.5423892848718039,0.009214483660971539,0.0013931920389473756,3341.39479236959
0.00459996567268466,-8.815704086630202,8.815704086630202,0.11026525944536099,0.650346487498415,0.5408198966539663,0.5427584333535784,0.009014131032945889,0.0013909363074335918,4738.5627120819645
0.004609958441749131,-8.736265831983781,8.736265831983781,0.11035295764285181,0.650346487498415,0.5412167722386251,0.5431136147011861,0.008837230779690335,0.0013857430621791234,5174.660611775174
0.004619962039231872,-8.669264462457145,8.669264462457145,0.11043999383423644,0.650346487498415,0.5416170954058998,0.5434552928786663,0.008352247604599397,0.001377953354788739,3654.6308174540563
0.004629968572207945,-8.631128439188256,8.631128439188256,0.110526525633395,0.650346487498415,0.5420152520725884,0.5437831375813859,0.00798423641430179,0.00136809941333329,1673.4756387113184
0.004639986773608062,-8.615900029467984,8.615900029467984,0.11061290715181098,0.650346487498415,0.5424049232391329,0.5440975799227755,0.007569833039417369,0.0013572119634601043,723.5102043309753
0.004649993448754368,-8.60432638339177,8.60432638339177,0.1106990676741056,0.650346487498415,0.5427823644644587,0.5443977724038851,0.0070386343465528535,0.0013468866858702415,822.439872818337
0.0046599877218289855,-8.593245256204433,8.593245256204433,0.11078500174861244,0.650346487498415,0.5431477273750442,0.5446835935773653,0.007169410069906675,0.001338011406736532,562.2789617365266
0.004669984174244073,-8.586355258512219,8.586355258512219,0.11087086918580429,0.650346487498415,0.543500783294977,0.5449554921627122,0.00703351155525951,0.001330469331265358,471.254149674463
0.004679986633953577,-8.576101466255754,8.576101466255754,0.11095671472865591,0.650346487498415,0.5438413722074454,0.5452135853136852,0.00683442481786603,0.0013243128813968182,1362.8561300357524
0.0046899744027101235,-8.519502052807086,8.519502052807086,0.11104212445739975,0.650346487498415,0.544172828579636,0.5454588500388592,0.006753949415029864,0.0013191785413991313,4765.223735570926
0.004699995325494959,-8.41639416323586,8.41639416323586,0.11112702427698173,0.650346487498415,0.5445049868671901,0.5456953171885361,0.0070136562582289765,0.0013146320232049848,8044.092093421305
0.004709959483720083,-8.28026746790478,8.28026746790478,0.11121022088490957,0.650346487498415,0.5448390718780834,0.5459266589657964,0.00717447367983432,0.0013106907974586369,9336.936285692864
0.004719957849489888,-8.131191427291467,8.131191427291467,0.11129227487299514,0.650346487498415,0.5451805405510893,0.5461571186350501,0.007286188021799125,0.0013073327176741855,10274.454377661978
0.0047299681944631255,-7.9458887776008025,7.9458887776008025,0.11137277326048386,0.650346487498415,0.5455332195662291,0.5463865607823093,0.007419909280178091,0.0013041446715601859,12976.758383337838
0.0047399957966518975,-7.750043903169169,7.750043903169169,0.11145144571083335,0.650346487498415,0.5459002357074512,0.5466190635967336,0.007612763385031367,0.0013001353755961523,11924.831411653746
0.004749973233593551,-7.588186116192037,7.588186116192037,0.11152793497601556,0.650346487498415,0.546270228073382,0.5468578572467215,0.007747408177703955,0.001294299694881153,9771.648534983788
0.004759973025489073,-7.4469531208798285,7.4469531208798285,0.11160310312625446,0.650346487498415,0.5466380588898957,0.5471053128814013,0.007824392177999453,0.001287273497119297,9267.234653656507
0.004769990488137166,-7.286178772196175,7.286178772196175,0.11167691324535656,0.650346487498415,0.5470031591931888,0.5473614298874306,0.007598259605969733,0.0012797781111149459,10908.210119593605
0.004779996188618287,-7.129442700482358,7.129442700482358,0.11174899945310098,0.650346487498415,0.5473646356309406,0.5476285488147103,0.007705571444559195,0.0012718666222691546,9075.30895790402
0.004789980228832013,-7.019480837018655,7.019480837018655,0.11181959898232922,0.650346487498415,0.5477187444563906,0.5479026094049557,0.007573918415265718,0.001264147258285579,6429.050657536569
0.004799973573577608,-6.922322050087747,6.922322050087747,0.11188925911846738,0.650346487498415,0.5480624970406875,0.5481808808985279,0.007644488431084339,0.001257387412670949,6311.260076704881
0.004809996370479239,-6.842255272780429,6.842255272780429,0.1119582038101617,0.650346487498415,0.548394314158809,0.5484640047653234,0.007691090969712771,0.0012513687029219074,4090.2987804073096
0.0048199903920037165,-6.797842824593808,6.797842824593808,0.11202634455875178,0.650346487498415,0.5487111982610742,0.5487440918339237,0.00797438936924787,0.0012440358474697624,2430.2236866034646
0.004829995363228399,-6.758952829415138,6.758952829415138,0.11209416988608271,0.650346487498415,0.5490137405722796,0.5490179303794194,0.008259899806740639,0.0012333213552806446,2888.835949535556
0.004839982137742458,-6.70464639861732,6.70464639861732,0.11216141064844037,0.650346487498415,0.549300710256044,0.5492867539459729,0.008480893234903164,0.0012186861570818261,3955.017345455322
0.0048499838476868855,-6.628591298692256,6.628591298692256,0.11222811543712742,0.650346487498415,0.5495730492095625,0.5495554867399565,0.008624125322058343,0.0012004148572008558,6024.855810632724
0.0048599648851425006,-6.462660537505325,6.462660537505325,0.1122935796877837,0.650346487498415,0.549829902897422,0.549833852846522,0.008882802810237747,0.0011804985348485427,15246.627999355851
0.0048699714256318204,-6.197213711649721,6.197213711649721,0.11235692457897838,0.650346487498415,0.5500739806538019,0.5501488228068884,0.008867078176618165,0.0011609708500567833,17096.483854982496
0.004879985365513301,-5.957388905404866,5.957388905404866,0.11241774936029433,0.650346487498415,0.5503099716390307,0.5505008164574182,0.008887654217305543,0.001143988595004696,14708.560958398963
0.004889968814565082,-5.758280747234478,5.758280747234478,0.11247618974390956,0.650346487498415,0.5505447111809921,0.5508720508933883,0.008810074685239654,0.0011297654159223567,11787.902311787413
0.0048999645215692285,-5.602642038247572,5.602642038247572,0.11253294134858333,0.650346487498415,0.5507813629517863,0.5512514528107255,0.008748138806604492,0.001117253821502732,9536.834198550576
0.004909993442299744,-5.45210228741267,5.45210228741267,0.11258837725063078,0.650346487498415,0.5510168792988807,0.5516370764969383,0.008631040100403664,0.0011069069369814958,9912.360896667351
0.004919993470493547,-5.306226895401575,5.306226895401575,0.11264215504023592,0.650346487498415,0.5512520703117002,0.5520240677735775,0.009911159263449845,0.001100351777374001,9173.601490040668
0.004929997298337766,-5.163002273911072,5.163002273911072,0.112694526395356,0.650346487498415,0.551491091024158,0.5524085061203531,0.00917737051480954,0.0010976030063835933,9625.028542834525
0.0049399607788006995,-5.007966465872685,5.007966465872685,0.11274520005472896,0.650346487498415,0.5517377992832819,0.5527851946702439,0.008642580243534391,0.0010972137026250299,10324.788805845532
0.004949963643589128,-4.849646354459425,4.849646354459425,0.11279449481399285,0.650346487498415,0.55199802418435,0.553155131407099,0.00885740988205808,0.0010983456391848178,10077.174471446908
0.004959999773995563,-4.716322173514835,4.716322173514835,0.11284245755373816,0.650346487498415,0.5522685286404416,0.5535188243923929,0.0089072417654821,0.0011011373009727694,7426.664400660788
0.004969976148962584,-4.632788206824873,4.632788206824873,0.11288904970554767,0.650346487498415,0.5525395713368485,0.5538705422797034,0.009103680234370857,0.001105887902471293,4172.477817538958
0.00497999079649168,-4.586355145743381,4.586355145743381,0.11293519448919181,0.650346487498415,0.5528066236392677,0.5542099474816908,0.009344871649370791,0.0011130082740833543,2549.058492712776
0.0049899741780366795,-4.5571061246413755,4.5571061246413755,0.11298082036330984,0.650346487498415,0.5530634345998888,0.5545330282458621,0.009684571453017623,0.001121484261966877,1447.098300412402
0.004999992796390972,-4.536457161156978,4.536457161156978,0.11302637670477737,0.650346487498415,0.5533092124734946,0.5548408222093281,0.009588300344155838,0.0011297966711187148,1566.3222934214593
0.005009965747862612,-4.497656946546726,4.497656946546726,0.11307144303055823,0.650346487498415,0.553542490820936,0.5551313903416539,0.00930134582618334,0.0011361885683269814,3010.5399371181998
0.005019998759779939,-4.45254845012402,4.45254845012402,0.1131163355337577,0.650346487498415,0.5537684865772976,0.5554084894864767,0.009492381950679652,0.001140246099582679,2710.278439638493
0.005029983983952706,-4.416255339240614,4.416255339240614,0.11316061021566688,0.650346487498415,0.5539845916685995,0.5556680203592587,0.009364644449176602,0.0011424335330261343,2350.4401027303506
0.005039988504982833,-4.375445441683446,4.375445441683446,0.11320459293728947,0.650346487498415,0.5541917220538839,0.5559113199208267,0.009715508536679433,0.0011436839263700969,2808.7349642337967
0.005049984777705981,-4.32176278635254,4.32176278635254,0.11324808354627437,0.650346487498415,0.5543906662856528,0.5561377810411284,0.009726948011966982,0.0011451174854613649,4333.430038911672
0.005059960074180316,-4.209930220344072,4.209930220344072,0.11329070443912523,0.650346487498415,0.554587277855229,0.5563483637207342,0.009764828217740015,0.001146678772613554,9505.95160008753
0.0050699646703149075,-4.0371038608984104,4.0371038608984104,0.11333197713401635,0.650346487498415,0.5547935603340108,0.5565488685716147,0.00994219459605981,0.0011482488154741027,11783.521940889388
0.005079975685729509,-3.8441391814465615,3.8441391814465615,0.11337144376425438,0.650346487498415,0.5550150527337975,0.5567407192728892,0.010097354190191213,0.0011505218581221103,13231.161776068711
0.005089992849776121,-3.62968143854218,3.62968143854218,0.11340888396525316,0.650346487498415,0.5552543511169502,0.5569259895102381,0.010053327273399863,0.0011533250186706943,14225.740935134249
0.005099958718378997,-3.4185040630428487,3.4185040630428487,0.11344398216749986,0.650346487498415,0.5555080044912787,0.5571079543585079,0.010144823357218958,0.0011566016947091042,13070.141739182789
0.005109971722647651,-3.234363701704359,3.234363701704359,0.11347727300260635,0.650346487498415,0.5557734205423485,0.5572888724532162,0.010081150980866923,0.0011595648017468487,11713.982080937327
0.005119977983712958,-3.072456876553922,3.072456876553922,0.11350877995112876,0.650346487498415,0.5560454569597574,0.5574663501083787,0.009950314686112858,0.0011613586689167882,8954.19344414252
0.005129983628808401,-2.965378290058259,2.965378290058259,0.11353895270971183,0.650346487498415,0.5563118356173322,0.5576428733347903,0.00986549605348639,0.0011623572935219627,6079.643429736586
0.005139991801203174,-2.8813348622342736,2.8813348622342736,0.11356820816676404,0.650346487498415,0.5565643550047804,0.5578173305160592,0.009940392646998827,0.001163860929359673,5630.002650386972
0.0051499826632363955,-2.7928627938865085,2.7928627938865085,0.11359655195363821,0.650346487498415,0.5568067696129575,0.5579838325176542,0.010023360098077132,0.00116719295350623,5782.28548706996
0.005159967580727336,-2.7036788572354746,2.7036788572354746,0.11362399338847524,0.650346487498415,0.5570423901584283,0.5581403228860377,0.01009653963967371,0.0011733151456159228,5940.043497176178
0.0051699699630949605,-2.6063301850154375,2.6063301850154375,0.11365054862763493,0.650346487498415,0.5572746619273166,0.5582854762169291,0.010178546584070114,0.0011826329457565287,6255.142254174666
0.0051799713593928595,-2.5121829887430747,2.5121829887430747,0.11367614231502228,0.650346487498415,0.5575053379151643,0.5584175209569333,0.010179239354602165,0.001195571846700781,6125.87339506659
0.005189982671452809,-2.4105800180996946,2.4105800180996946,0.11370080242504699,0.650346487498415,0.5577336068809586,0.5585377897149036,0.010263982175826638,0.0012115380427031681,7404.002051610666
0.005199971079100129,-2.2800652573140225,2.2800652573140225,0.1137242416274716,0.650346487498415,0.5579538695306019,0.5586557829358024,0.010495915728619297,0.0012292748025034155,8926.50297088801
0.005209973232172589,-2.147311043474467,2.147311043474467,0.11374636270720534,0.650346487498415,0.558163194144139,0.5587801045467071,0.01074875082098538,0.0012488489013392377,7961.780126638364
0.005219981155537408,-2.0379280177942363,2.0379280177942363,0.11376728552283762,0.650346487498415,0.5583586708760843,0.5589102070268525,0.010707595783475929,0.0012705489111173053,6517.2949948998175
0.005229965138942932,-1.947416788109501,1.947416788109501,0.11378717520345552,0.650346487498415,0.5585363681887129,0.559044036509162,0.010436404159536006,0.0012939853126501882,6010.407818762275
0.0052399608934577116,-1.8312124337034763,1.8312124337034763,0.11380608621591157,0.650346487498415,0.558697519022025,0.559182141287645,0.010190148364478293,0.0013180670707681132,8238.40453579541
0.005249982002999411,-1.7186405915799665,1.7186405915799665,0.11382384741317113,0.650346487498415,0.5588447187059056,0.5593268847118685,0.009934718102217181,0.0013415283625867061,6592.502942384985
0.005259975273822631,-1.6356171189143087,1.6356171189143087,0.11384057578021724,0.650346487498415,0.558976272568042,0.5594736857347061,0.010070744708849779,0.0013626176431285417,4414.242362742167
0.005269979810125778,-1.5808907125035734,1.5808907125035734,0.11385665399238272,0.650346487498415,0.559093035235306,0.5596157201502387,0.01014395810267632,0.0013808504060297303,3302.667081640558
0.005279979478277073,-1.5327842031752892,1.5327842031752892,0.11387221609769835,0.650346487498415,0.5591972968882527,0.5597468120421055,0.01012095155759216,0.0013972157216950594,2957.8679956522637
0.005289965745571135,-1.4827672309434174,1.4827672309434174,0.11388729291136958,0.650346487498415,0.5592892197200527,0.5598659791298991,0.01095169650967538,0.0014129923148417716,4258.268222912953
0.005299991157239064,-1.3231067720884673,1.3231067720884673,0.11390148487169262,0.650346487498415,0.5593771529095408,0.5599772945535576,0.011216471290746132,0.001428661334168195,13985.89261346132
0.005309970016642706,-1.0800820829749669,1.0800820829749669,0.11391348840638796,0.650346487498415,0.5594757554134449,0.5600920183777821,0.010779045987977375,0.0014436067894913528,16134.338261213534
0.005319967898115426,-0.8465550550771012,0.8465550550771012,0.11392308481889855,0.650346487498415,0.5595894038461924,0.5602141264406915,0.011316802919357724,0.0014573683258881935,14006.508449623365
0.0053299814238811785,-0.6883542269216226,0.6883542269216226,0.1139306881178,0.650346487498415,0.5597098365464861,0.5603417948841332,0.011736363860491435,0.0014700109250750612,7952.185056321999
0.005339988839159224,-0.6023208611031776,0.6023208611031776,0.11393709854306733,0.650346487498415,0.5598259503795111,0.5604665655953261,0.012255953029217614,0.0014808391475076748,4207.0301448731425
0.005349969719018033,-0.5573041633553019,0.5573041633553019,0.11394286367822369,0.650346487498415,0.5599291292459041,0.5605838711131865,0.012383493348018205,0.0014890768206500245,2328.521206954306
0.0053599764474193375,-0.5360995239590792,0.5360995239590792,0.11394831260227248,0.650346487498415,0.560017667761938,0.5606899028371308,0.012745701882947758,0.0014947416614588041,709.801426742529
0.005369997037700295,-0.5308685222855566,0.5308685222855566,0.11395365709976238,0.650346487498415,0.5600911207079483,0.5607799280625545,0.012936631267534138,0.001497903306940444,392.8274786864274
0.005379980128486526,-0.5125773102977053,0.5125773102977053,0.11395888394159177,0.650346487498415,0.5601484466164205,0.5608543078501185,0.013133629141952863,0.001498601783931512,1790.5724919591435
0.005389969650855461,-0.47314820460419255,0.47314820460419255,0.11396382549598177,0.650346487498415,0.5601905177768669,0.5609176799318177,0.013071488112425173,0.001497588662175823,3228.6499286113576
0.005399996237483614,-0.3966890052254035,0.3966890052254035,0.11396822605107806,0.650346487498415,0.5602233791573749,0.560970699472807,0.01292843267829191,0.0014951798159527389,6298.715132074003
0.005409966596757288,-0.2637910995165727,0.2637910995165727,0.1139715644021286,0.650346487498415,0.5602597896782229,0.5610112804979944,0.013127220424645682,0.001491320004901642,10034.47044849136
0.005419986616964384,-0.11434330559933037,0.11434330559933037,0.1139734413851338,0.650346487498415,0.5603120470932215,0.5610381631568975,0.013242745273854106,0.0014860875333723258,9279.626754739733
0.005429994815562234,0.04713700066170856,-0.04713700066170856,0.11397381751445217,0.650346487498415,0.5603780622179068,0.5610534465794359,0.013060051230652235,0.001480357245886372,12014.340659467129
0.005439969100741385,0.25475209919510994,-0.25475209919510994,0.11397231261878,0.650346487498415,0.5604518756294479,0.5610719449812095,0.013389717162524266,0.001473982792120622,13265.652913945061
0.005449975236982409,0.42363856848256326,-0.42363856848256326,0.1139688607062793,0.650346487498415,0.5605287755881248,0.5611001919942888,0.013912702105449974,0.0014666005868473999,9222.59158050719
0.00545996843034601,0.5271925468446016,-0.5271925468446016,0.11396405854951451,0.650346487498415,0.5606055619298093,0.561127258001699,0.014368884842345367,0.0014585278319111307,5251.858676710245
0.005469971325902306,0.5933877104772356,-0.5933877104772356,0.1139584469448295,0.650346487498415,0.560678330100979,0.5611445564956653,0.014597200619572518,0.0014496626210958367,4306.989448655664
0.00547999764219542,0.6716460546148906,-0.6716460546148906,0.11395212049669007,0.650346487498415,0.560748963388198,0.5611479586657152,0.014998972988689553,0.0014396976345260955,5599.7499019098395
0.005489991768779654,0.7663820176037702,-0.7663820176037702,0.11394494373473871,0.650346487498415,0.5608209784963981,0.5611377057415196,0.01547870409748976,0.0014279289629040113,6507.244071341416
0.00549996525350136,0.8586435904627356,-0.8586435904627356,0.11393681723500192,0.650346487498415,0.5608931507420581,0.5611175897271152,0.01590412132009441,0.001414069492737621,5244.134144689625
0.005509966015189842,0.9149999982718489,-0.9149999982718489,0.11392791425980926,0.650346487498415,0.560960328201864,0.5610881648212122,0.016220616189674058,0.0013983847578181714,2680.2086098034238
0.005519978045567491,0.9394340084642541,-0.9394340084642541,0.11391860837822426,0.650346487498415,0.561017179840653,0.56104634931007,0.016551760891528017,0.001380884720874758,909.4364449873701
0.005529958511920713,0.9442630493268852,-0.9442630493268852,0.11390919933298745,0.650346487498415,0.5610600853739725,0.5609900080739818,0.01701250325011371,0.0013617968448119736,74.79055316716531
0.005539996544531082,0.9443672202413251,-0.9443672202413251,0.11389971989354727,0.650346487498415,0.5610875382793148,0.5609179859499982,0.017041184802629037,0.0013409959126166257,9.158492172708921e-05
0.0055499916673077436,0.9443687758791381,-0.9443687758791381,0.11389028080516804,0.650346487498415,0.5610990542366298,0.5608310839930297,0.016968226010855247,0.0013190576326195223,0.0
0.005559973770025515,0.9443548433752672,-0.9443548433752672,0.11388085408194638,0.650346487498415,0.5610949482097609,0.5607293267343866,0.016801003073525826,0.0012960594402791888,0.0
0.00556997793476473,0.9445041678866234,-0.9445041678866234,0.11387140656487522,0.650346487498415,0.5610753319097135,0.560612494423348,0.016649750335652677,0.0012722694952329364,52.97098715966435
0.005579992867189304,0.9614236596662513,-0.9614236596662513,0.11386189118579473,0.650346487498415,0.5610402961222078,0.5604821014870571,0.016262617505789317,0.001248073967597953,2063.9491492110296
0.005589994622012164,1.0152048258292317,-1.0152048258292317,0.1138520225120768,0.650346487498415,0.5609900721631823,0.5603456830373003,0.015958130586453137,0.0012237693001086272,3783.2775455410874
0.005599988999215762,1.0795121002229626,-1.0795121002229626,0.1138415803399593,0.650346487498415,0.5609248166762987,0.560208202008058,0.01569336481753382,0.0011998953867520636,5261.671826665837
0.005609986973983674,1.168786562644538,-1.168786562644538,0.11383033627081894,0.650346487498415,0.5608446024990335,0.5600745506784578,0.015345537724191364,0.0011770197675932564,5562.127629695246
0.0056199666123731345,1.2351093484880822,-1.2351093484880822,0.11381831048816199,0.650346487498415,0.5607497713674566,0.559945115998302,0.014999857171374928,0.001154862991654519,3382.685332449729
0.005629983242042961,1.2722927503790693,-1.2722927503790693,0.11380573582084058,0.650346487498415,0.5606400075451959,0.5598120471914245,0.014798965941160099,0.0011327492909485027,1941.6725763025902
0.005639965675729477,1.2934514790971943,-1.2934514790971943,0.11379292302936903,0.650346487498415,0.5605166594181225,0.5596706918108102,0.01442376198856983,0.0011104166740660286,1317.3668150123347
0.005649963985862555,1.3208069302145982,-1.3208069302145982,0.11377986037837733,0.650346487498415,0.560378736137343,0.5595197142342015,0.014119155047448533,0.001088736932885471,1932.2597356660528
0.005659957800666603,1.3495462371365907,-1.3495462371365907,0.11376651806439782,0.650346487498415,0.560226436768509,0.5593609040486155,0.014365163673172714,0.0010705779052434835,1971.6229979433085
0.005669981840028802,1.3701794594809735,-1.3701794594809735,0.11375286544967034,0.650346487498415,0.5600592619348361,0.5591933311314254,0.014564993213569827,0.0010571128706626867,671.1353787243263
0.005679995054171536,1.3756355849013429,-1.3756355849013429,0.11373911617600899,0.650346487498415,0.559877969591209,0.5590139940851627,0.014412037545799197,0.0010482704393799652,331.8194259206353
0.005689981055962534,1.3798956563448974,-1.3798956563448974,0.11372535535021921,0.650346487498415,0.5596829900276754,0.5588219191936722,0.014210369130251362,0.0010450697187468808,206.18063603031945
0.005699963637495528,1.3905201369946356,-1.3905201369946356,0.11371154460455984,0.650346487498415,0.559473979752008,0.5586169471585307,0.014127277571499008,0.001047156404561825,1349.027875693458
0.005709973742693839,1.4454343947676263,-1.4454343947676263,0.1136974058805139,0.650346487498415,0.5592503123612999,0.5584039290895315,0.014229018941716019,0.0010530154472436443,5353.691907984696
0.0057199826677225745,1.559891679288516,-1.559891679288516,0.1136824059392486,0.650346487498415,0.5590126442600148,0.5581967506098933,0.014447751680913693,0.001061095349991298,8689.413902598313
0.005729997316249422,1.7052907483947501,-1.7052907483947501,0.11366606972029485,0.650346487498415,0.558760916992494,0.5580059074206796,0.014461246934990088,0.0010703114103238454,10066.571346875184
0.00573995947155766,1.8785018266728006,-1.8785018266728006,0.11364821557912146,0.650346487498415,0.5584985017755594,0.5578371393409265,0.014148825510430806,0.0010796635401875332,10777.12695992906
0.005749973659715163,1.99705777021579,-1.99705777021579,0.11362874963152525,0.650346487498415,0.5582239474534129,0.5576850790788748,0.013718126488114804,0.001088894414606578,6059.279437421541
0.005759981153184275,2.0900049481248506,-2.0900049481248506,0.1136083169484387,0.650346487498415,0.5579379060745874,0.5575390076308483,0.01328952017417673,0.0010980309201441077,6945.505708606399
0.005769964727386619,2.257473062418774,-2.257473062418774,0.1135867067223393,0.650346487498415,0.5576457494060135,0.5574001583965831,0.013190055702924391,0.0011062528700597476,13869.384318836677
0.005779977010838675,2.503638833399074,-2.503638833399074,0.11356289387823074,0.650346487498415,0.5573618639229698,0.5572729200518557,0.012941387274421253,0.001112654551934256,16632.65011093478
0.005789973688981864,2.763768305655637,-2.763768305655637,0.11353656551899191,0.650346487498415,0.5570987363668316,0.5571560504986829,0.012661199849218156,0.0011173478817527829,17040.632736681342
0.005799984294858557,2.9964981445723926,-2.9964981445723926,0.11350767174217415,0.650346487498415,0.5568598498151365,0.5570440344294167,0.0122209582900802,0.0011216666827338281,13257.562139583397
0.005809963684300622,3.187071469263556,-3.187071469263556,0.11347681467693078,0.650346487498415,0.556640190073648,0.5569323707096387,0.011476944441813387,0.001125454838340682,12538.581211109813
0.005819987219207334,3.371891071773064,-3.371891071773064,0.11344392416340053,0.650346487498415,0.5564345284421209,0.5568198069404814,0.010905573333428481,0.0011281277843959434,11531.045853994648
0.005829983085017342,3.543385921046557,-3.543385921046557,0.11340935465007283,0.650346487498415,0.5562421952203339,0.556706335536383,0.010274742642328792,0.001129901952723373,11068.4049554836
0.005839979294598562,3.684788048728751,-3.684788048728751,0.11337317259628427,0.650346487498415,0.5560631416015482,0.5565873579325691,0.009692242547689777,0.0011307933253785626,7564.030000296596
0.005849955942465895,3.7815530415464162,-3.7815530415464162,0.11333590652492023,0.650346487498415,0.5558864850146659,0.5564637553216907,0.009642880833086738,0.0011299952591697325,5727.952112991036
0.005859957484590053,3.8602594458685675,-3.8602594458685675,0.11329767758258838,0.650346487498415,0.5557054092790911,0.556334300552099,0.009659732940385066,0.001127218163626595,4705.675773233178
0.005869968967583659,3.921025769505327,-3.921025769505327,0.11325871239932575,0.650346487498415,0.5555206239928278,0.5561946780981073,0.009443600912365015,0.001122382862083893,3634.4753068883715
0.005879984272359551,3.9795538539622886,-3.9795538539622886,0.1132191508383484,0.650346487498415,0.5553325084663271,0.5560419927781299,0.00930802414769871,0.0011155039192512356,3840.5024111900525
0.005889972644483208,4.026820286288657,-4.026820286288657,0.1131791436863652,0.650346487498415,0.5551421827262268,0.5558756253130798,0.009059838163624599,0.0011070664763666476,2388.5939842639946
0.0058999745347217475,4.0486174704192655,-4.0486174704192655,0.11313874088175505,0.650346487498415,0.5549446084803923,0.5556943403536823,0.00864758247644039,0.0010973382548560896,933.2278075378706
0.0059099857275428614,4.062238053412272,-4.062238053412272,0.11309814353119163,0.650346487498415,0.5547357739966478,0.5554979937127457,0.00879076841009559,0.0010864534954472401,995.553756721874
0.005919997681181325,4.085768467250572,-4.085768467250572,0.11305737013035154,0.650346487498415,0.5545162233325779,0.5552867762298298,0.008483266774461611,0.001074295057469558,2078.306466351904
0.005929992033273825,4.135516583107662,-4.135516583107662,0.11301631016661862,0.650346487498415,0.5542907751156196,0.555061072920302,0.007813103979935905,0.0010615457604996048,3955.085249978795
0.005939988437048837,4.194815923192568,-4.194815923192568,0.11297465975531158,0.650346487498415,0.554064197920184,0.5548204718444756,0.00798790549198408,0.0010494505565405122,3365.0898389390677
0.005949971011485544,4.235121565470984,-4.235121565470984,0.1129325690088008,0.650346487498415,0.5538348803601439,0.5545654045898042,0.007972975042079465,0.0010396865136325555,2200.0835195834516
0.005959994067918254,4.2621654457317195,-4.2621654457317195,0.11288997793382383,0.650346487498415,0.5535975834460354,0.5542944361062913,0.007943041987952213,0.0010331186819267026,1605.9357327044843
0.005969982593316964,4.2845283107516465,-4.2845283107516465,0.11284728985598699,0.650346487498415,0.5533521028163179,0.554009616216795,0.008016452225656156,0.0010296020834880963,1371.1950882269023
0.00597999319973683,4.3067820730886925,-4.3067820730886925,0.11280429044651245,0.650346487498415,0.5530964531174298,0.5537093844638072,0.007968118591280188,0.0010295390224169996,1575.7038867927708
0.005989998987402787,4.337409477910814,-4.337409477910814,0.11276105112773688,0.650346487498415,0.5528323136629227,0.5533945557225304,0.007707675727922851,0.0010333414997592272,2173.2933532248776
0.005999989969773451,4.375985980830999,-4.375985980830999,0.11271753272855889,0.650346487498415,0.5525617937493793,0.5530656365537455,0.0076024496972213525,0.0010404314799802002,2847.8190051482143
0.006009961005981372,4.42796070127627,-4.42796070127627,0.11267365193467982,0.650346487498415,0.552287409084844,0.552723052789429,0.008022926589390687,0.001049242968281529,3782.3354915254417
0.006019999136666898,4.483051191805854,-4.483051191805854,0.1126289130591862,0.650346487498415,0.5520085424699674,0.5523644488280527,0.008527370907899946,0.0010594788920692624,3084.465647157263
0.006029996038720702,4.516466585127074,-4.516466585127074,0.1125839096870991,0.650346487498415,0.5517249191991791,0.5519942913074808,0.008863379753292874,0.0010706097668117503,1587.635954111631
0.006039961259028798,4.537935961462879,-4.537935961462879,0.11253880044800244,0.650346487498415,0.5514326375302324,0.5516115318405722,0.00915037398632279,0.0010829171145083612,1707.9596606760456
0.006049977970011413,4.572438051630562,-4.572438051630562,0.11249317769249827,0.650346487498415,0.5511303440441265,0.5512125856991666,0.009265416876276168,0.001096623364481665,2380.392414714402
0.0060599942540477065,4.620420158244492,-4.620420158244492,0.11244715587970582,0.650346487498415,0.550820783723435,0.5508009926968257,0.009506640940857356,0.0011116643356423135,3656.5544571641526
0.006069958650732351,4.670760919368567,-4.670760919368567,0.11240084826957698,0.650346487498415,0.5505050407014187,0.55038247845505,0.009736900720630935,0.0011267741994673073,2719.995442246648
0.006079988953826534,4.715997537056955,-4.715997537056955,0.11235379881213516,0.650346487498415,0.5501784879856225,0.5499508266451952,0.00982416252213682,0.001140675689031226,4369.941164518078
0.0060899928755560615,4.869618060777183,-4.869618060777183,0.11230594172178496,0.650346487498415,0.5498466960799572,0.5495188971859267,0.009744470090152241,0.0011528708529725755,12499.347170619594
0.006099989890616766,5.073871359346054,-5.073871359346054,0.11225624345498383,0.650346487498415,0.5495144561619556,0.5491022805397235,0.009857932890358549,0.0011630269313670182,13536.733923761387
0.006109985632846028,5.284042281270195,-5.284042281270195,0.11220447605017758,0.650346487498415,0.5491845066873321,0.5487022828558502,0.010086898303308113,0.0011705677609405304,13898.815293493648
0.006119974139240185,5.5163295393349525,-5.5163295393349525,0.1121505603881639,0.650346487498415,0.5488597132188318,0.5483188648871496,0.010217624268183519,0.0011753499055005947,16078.632937557786
0.006129987556662607,5.797336412655624,-5.797336412655624,0.11209396234769976,0.650346487498415,0.5485438855718915,0.547954019079028,0.010421624002594578,0.001177274353845826,19902.075646350946
0.006139961785386554,6.118979087672568,-6.118979087672568,0.1120345302442627,0.650346487498415,0.548246579571029,0.5476142725445883,0.01036964654353904,0.0011772364026333235,20747.8633199905
0.006149962887980511,6.402334397252918,-6.402334397252918,0.1119718527434419,0.650346487498415,0.5479635756001441,0.5472997502246928,0.010359378689929444,0.0011750796917575645,16481.180983264618
0.006159975295933049,6.600463316586061,-6.600463316586061,0.11190668064382678,0.650346487498415,0.5476900977965274,0.547000479660023,0.010287894608979796,0.001171691921908269,10719.350694023318
0.006169982337224006,6.743767621405976,-6.743767621405976,0.11183989457309301,0.650346487498415,0.5474211614903836,0.5467042162586845,0.009971675731748432,0.0011680939631086248,9020.660253775897
0.006179980492075587,6.882979731056135,-6.882979731056135,0.11177177422688506,0.650346487498415,0.5471562528363537,0.5464057146034935,0.009637716042944649,0.0011646968225496768,9281.423780793564
0.006189987946860759,7.048235192874792,-7.048235192874792,0.11170209763589417,0.650346487498415,0.5468966760469521,0.5461048899023333,0.009673625377929986,0.0011619581334057127,11823.302854178208
0.0061999630487530755,7.228677812535908,-7.228677812535908,0.11163086841077459,0.650346487498415,0.5466455845790316,0.5458076118466231,0.010074870492363589,0.0011598876279082457,10984.268362181387
0.006209984208849826,7.370625056298816,-7.370625056298816,0.1115576803619491,0.650346487498415,0.546395644102182,0.5455131415647936,0.010364541179447436,0.0011582392133373262,8219.55829883646
0.0062199899287840536,7.477001910858254,-7.477001910858254,0.11148336926099327,0.650346487498415,0.5461433786335248,0.5452191214989306,0.010618955946600365,0.0011576055870798176,6063.623312446207
0.006229976582287904,7.562773308543284,-7.562773308543284,0.1114082623957725,0.650346487498415,0.5458844444160307,0.5449233385678224,0.010835689855761721,0.00115823848023429,5394.068052095918
0.006239967494492535,7.635853848146577,-7.635853848146577,0.1113323186371363,0.650346487498415,0.5456132421930389,0.5446271704313138,0.010927059406199998,0.0011590622883209131,4117.248180085957
0.006249960368758599,7.684391314900421,-7.684391314900421,0.11125575723327058,0.650346487498415,0.5453268613930234,0.5443291059735305,0.01088596583674249,0.001158746431338635,2846.504512857997
0.006259998517275639,7.729000241183061,-7.729000241183061,0.11117839527135481,0.650346487498415,0.5450236927120069,0.5440247650131369,0.010917166585575915,0.0011573486072346318,2867.40594615384
0.006269964856281512,7.771065845647225,-7.771065845647225,0.11110115043764177,0.650346487498415,0.5447077539198582,0.5437172283205012,0.011033787476412326,0.001154201678873908,2574.009707892201
0.006279968251574158,7.812551337149457,-7.812551337149457,0.11102321393492914,0.650346487498415,0.5443764340775535,0.5434019038091492,0.011076765020407145,0.001148201213804138,3047.38659028424
0.00628999274730658,7.858265700114289,-7.858265700114289,0.11094465663543207,0.650346487498415,0.5440314895908216,0.5430793087951844,0.01092474403820036,0.0011393416499255592,2582.5353446929826
0.006299978669363407,7.896816581440224,-7.896816581440224,0.11086599236199705,0.650346487498415,0.5436758690181893,0.5427497336614727,0.010890927882344453,0.0011274460618682337,2531.708692600859
0.006309976929827969,7.930646182812366,-7.930646182812366,0.11078685946713403,0.650346487498415,0.5433095718382692,0.5424091230694553,0.010955980106227975,0.001112460788769297,1937.6418219033064
0.006319958736051649,7.963457144784807,-7.963457144784807,0.11070754047945577,0.650346487498415,0.5429355342143616,0.5420555071682873,0.011041141392620139,0.0010949280710233216,2328.046469275336
0.006329958410957847,7.987068369280809,-7.987068369280809,0.11062777132955585,0.650346487498415,0.5425534420830435,0.5416866633049654,0.010864158800445547,0.0010753340440636085,1004.2194017432316
0.006339979575708321,8.012319823280205,-8.012319823280205,0.11054763112419337,0.650346487498415,0.5421606784732205,0.5413024531472087,0.01066247640092223,0.0010535786366147376,2606.585396561355
0.006349963037528943,8.081497068138953,-8.081497068138953,0.11046733274260735,0.650346487498415,0.5417657239192111,0.5409053025790111,0.010388019907703628,0.001029911543869322,5681.986846203515
0.006359961274282395,8.183298023031613,-8.183298023031613,0.11038603499496819,0.650346487498415,0.5413755426499843,0.5404940419724124,0.01020014281903071,0.0010036935024227726,6962.213188875846
0.006369989516460177,8.294567490261812,-8.294567490261812,0.11030342107028344,0.650346487498415,0.5409905953141425,0.5400713440138794,0.009913794242736517,0.0009742501790814837,7606.103534095921
0.006379975710467145,8.404015718648363,-8.404015718648363,0.11022001760506232,0.650346487498415,0.5406118434228089,0.5396437051011548,0.009987426229178066,0.0009436101601020377,6271.143211523275
0.006389990623740286,8.495941190651235,-8.495941190651235,0.11013540127405079,0.650346487498415,0.5402317805556606,0.5392091382105597,0.010177902699569178,0.0009129088661435514,6585.076701242124
0.006399996009538428,8.627582810900458,-8.627582810900458,0.11004977128636609,0.650346487498415,0.5398489224542218,0.538775127987454,0.010375078119407213,0.0008828908273267765,9568.69334284492
0.006409968392701951,8.771541485150154,-8.771541485150154,0.1099629980451997,0.650346487498415,0.539464656418888,0.5383500993612703,0.010579043788320537,0.0008547526741086811,8810.78098685384
0.006419964509205941,8.89683197806876,-8.89683197806876,0.10987468137650226,0.650346487498415,0.5390751262574777,0.5379311820713932,0.01072504911392029,0.0008282644910544484,8057.196890801823
0.006429978221835664,9.023082057893614,-9.023082057893614,0.10978495474894076,0.650346487498415,0.5386791638834766,0.5375180700587686,0.010902901029675838,0.0008016218554855664,8087.640196464041
0.0064399953837639854,9.15752762176757,-9.15752762176757,0.10969392401995183,0.650346487498415,0.5382779165944125,0.537111209473437,0.010888877965339525,0.0007756183163272236,9999.750823489821
0.006449984380157341,9.39572269911898,-9.39572269911898,0.10960137721822924,0.650346487498415,0.5378791576529585,0.5367171281531954,0.011081680982953432,0.0007523951638293856,19191.15968300701
0.0064599867114587175,9.716452454060875,-9.716452454060875,0.10950578566447453,0.650346487498415,0.5374912206323945,0.5363507265176722,0.011377655859079882,0.0007339189018429321,20338.480032937285
0.006469992173478451,9.977817557781545,-9.977817557781545,0.10940718049661928,0.650346487498415,0.5371143056928925,0.5360137853832383,0.0116468169341601,0.0007221391838975122,14698.752809305788
0.006479956661035917,10.171572133517953,-10.171572133517953,0.10930676886284718,0.650346487498415,0.5367429436556512,0.5356969736231407,0.011711219502527712,0.0007181893894187037,12455.279843034079
0.006489976550495774,10.343437701055635,-10.343437701055635,0.1092039556063377,0.650346487498415,0.5363766920760934,0.5353852466286516,0.011632987120653731,0.0007216380826691537,10289.323256519096
0.006499970786370717,10.487826583537109,-10.487826583537109,0.10909983489165344,0.650346487498415,0.5360223521500802,0.5350710791719868,0.011618181107811003,0.0007311607524115526,8663.016119083237
0.006509964984914044,10.589295311643053,-10.589295311643053,0.10899445936933513,0.650346487498415,0.5356769778994317,0.5347484426249183,0.011639199209356237,0.0007449324726102464,5056.853115876667
0.006519959368723488,10.64522729800834,-10.64522729800834,0.10888832800548338,0.650346487498415,0.5353321895411137,0.5344141707254272,0.011609198895326356,0.0007609262466708606,3329.8077280027123
0.006529996411384291,10.694137016741749,-10.694137016741749,0.1087812191964358,0.650346487498415,0.5349817591482681,0.5340662808811604,0.01165509642663081,0.0007779488432747881,2518.3326747889464
0.006539962588281889,10.726466488527171,-10.726466488527171,0.10867447345681663,0.650346487498415,0.5346250163767428,0.533710661239434,0.011351543375657545,0.000795366433750747,1916.5162030680156
0.006549982944956602,10.740291515975882,-10.740291515975882,0.1085668990921755,0.650346487498415,0.5342534074898042,0.5333437804500455,0.010899535433501532,0.0008134320994832971,266.32943322450836
0.006559978538742022,10.740890583335526,-10.740890583335526,0.10845953908835781,0.650346487498415,0.5338689071419234,0.5329650548842639,0.010626578538695789,0.00083167481335454,13.85924944799037
0.00656999697712984,10.741914850893801,-10.741914850893801,0.10835192868277164,0.650346487498415,0.5334696937724431,0.5325718527106971,0.010345828843433729,0.0008496586936048735,120.0689000138691
0.006579982118465766,10.743227347656928,-10.743227347656928,0.10824466083881182,0.650346487498415,0.5330581483208315,0.5321667580073456,0.010393361667558679,0.0008674814350871266,29.17683715237655
0.006589966692864798,10.744202977580295,-10.744202977580295,0.10813739034116303,0.650346487498415,0.5326331114478655,0.5317484853840929,0.010523189026525463,0.0008854906080413135,81.4857447941549
0.006599967994790061,10.745055953925469,-10.745055953925469,0.1080299300101657,0.650346487498415,0.5321939663344417,0.5313163967272043,0.010650903049004503,0.0009029032955589155,55.313159179608974
0.006609986454824011,10.745256457742654,-10.745256457742654,0.10792227946684028,0.650346487498415,0.5317408187970994,0.5308703497098706,0.01057303200704101,0.0009196584669147642,0.12756159912134413
0.006619981099827853,10.745291797396948,-10.745291797396948,0.10781488433598595,0.650346487498415,0.5312755500081194,0.5304122776631364,0.010568667928560893,0.0009346862778723622,6.067336909917647
0.006629985121013332,10.747437879646439,-10.747437879646439,0.10770738210979515,0.650346487498415,0.5307967515209178,0.5299409494265127,0.01051598433501003,0.0009475073713001037,313.25767037669937
0.006639965643973591,10.75442613825119,-10.75442613825119,0.10760008166736405,0.650346487498415,0.5303061389767093,0.5294590840290921,0.010543354495477563,0.0009581717275835009,400.49424114268766
0.006649989356091944,10.76611195061249,-10.76611195061249,0.10749223571209594,0.650346487498415,0.5298005104575857,0.5289642352707781,0.010398718205539378,0.0009670303460452729,1111.7592763219293
0.006659974233030556,10.784935892213586,-10.784935892213586,0.10738464417838808,0.650346487498415,0.5292841085402816,0.5284624609179881,0.010166517863291487,0.0009735818925613275,1262.2048565951932
0.006669986718168594,10.813739498127982,-10.813739498127982,0.10727653616546859,0.650346487498415,0.528753631430409,0.5279518064999895,0.010063336938614652,0.0009772496928975925,2631.5981820027896
0.00667998208399872,10.863253774210689,-10.863253774210689,0.1071682000216576,0.650346487498415,0.5282115411133659,0.5274391193477079,0.010089917594785417,0.000978944012658988,3045.5980758402134
0.006689963464909093,10.893007878306133,-10.893007878306133,0.10705959506144144,0.650346487498415,0.5276578370580695,0.5269244856606647,0.010179600353515636,0.0009793507464000337,1139.9144147246586
0.00669999470757306,10.90022195713239,-10.90022195713239,0.10695027827101332,0.650346487498415,0.5270890217798481,0.5263987668003786,0.01017220502524579,0.000979767000486082,197.15182410809436
0.006709993415910295,10.906380231778392,-10.906380231778392,0.10684127555028769,0.650346487498415,0.5265100378268351,0.5258631902375231,0.01045254756788508,0.0009814859007578327,1208.919811904284
0.006719977067568235,10.96734454813016,-10.96734454813016,0.10673213445862727,0.650346487498415,0.525926845412706,0.5253163252652022,0.01056515744572875,0.00098381332664249,5300.5213334649825
0.006729991232328321,11.044419821555117,-11.044419821555117,0.10662190170272096,0.650346487498415,0.5253474034575175,0.5247557029396088,0.01044943798649975,0.0009856012671173285,4424.3549516782705
0.0067399631776007855,11.105320040360793,-11.105320040360793,0.10651145506864554,0.650346487498415,0.52477413566916,0.5241855246648304,0.010333948531809125,0.0009875360148150296,3734.7811875661937
0.006749992578756297,11.155251162109037,-11.155251162109037,0.10639981321531694,0.650346487498415,0.5241984533312282,0.5236001705660129,0.009933117766723605,0.0009902892177788025,2924.848092870893
0.006759998883430472,11.200842759917647,-11.200842759917647,0.10628796501338249,0.650346487498415,0.5236228213384257,0.523004385843861,0.009852200521936206,0.0009942933537173296,3087.6294691083153
0.006769959001106804,11.24674629059252,-11.24674629059252,0.10617617114761166,0.650346487498415,0.5230485789065883,0.5223998727248357,0.010089091364158346,0.0010001616393619604,2927.7190225630425
0.0067799985463174,11.292461593990804,-11.292461593990804,0.10606303044388048,0.650346487498415,0.5224673826070914,0.5217799359880881,0.010344146963430997,0.00100718192988743,3065.2808546382926
0.006789988188117938,11.361377763438114,-11.361377763438114,0.10594991636800899,0.650346487498415,0.5218852518619531,0.521156030786863,0.010742457632888702,0.0010142762825294763,5776.772588963024
0.0067999708061716015,11.465102954498137,-11.465102954498137,0.1058359899371624,0.650346487498415,0.5212998296307013,0.5205338648857076,0.010943352180447296,0.001020448877804797,6964.842890991126
0.006809980784842799,11.580965330299518,-11.580965330299518,0.10572065914336332,0.650346487498415,0.5207102437662188,0.5199147790072743,0.0113358082819602,0.001025198984268007,8088.118235951609
0.006819980150435991,11.712333042932316,-11.712333042932316,0.10560420327855861,0.650346487498415,0.5201216617433437,0.5193018493951014,0.011537601725587973,0.0010280289563493986,8692.294837550844
0.0068299845002377435,11.834539643949407,-11.834539643949407,0.10548638919812936,0.650346487498415,0.519534323348682,0.5186941991754703,0.011738772992486612,0.001028521436253678,7025.338148761971
0.006839969587457437,11.926782950312576,-11.926782950312576,0.10536774466697212,0.650346487498415,0.5189501411308897,0.5180872673595095,0.011987737191981792,0.0010271826662359234,5708.91067660152
0.006849972801697294,12.007015179502822,-12.007015179502822,0.10524801873736762,0.650346487498415,0.5183677761959621,0.5174735236531817,0.012077470289821046,0.0010250445697726777,4601.08177777614
0.0068599665323948655,12.058200702470822,-12.058200702470822,0.10512774179959197,0.650346487498415,0.5177874652061504,0.5168514613232782,0.012108782202602928,0.0010228354550775249,2593.914408179845
0.006869968533687079,12.096932282528556,-12.096932282528556,0.1050069486077796,0.650346487498415,0.5172043886536329,0.5162181402134982,0.011889021927159215,0.0010203430522934653,2885.497788060876
0.006879972011526077,12.17949108402725,-12.17949108402725,0.10488558622699956,0.650346487498415,0.5166225450890379,0.5155736567263116,0.011309713532714491,0.0010176720007822179,7495.845185044306
0.006889965317175171,12.309800078759714,-12.309800078759714,0.10476319403600806,0.650346487498415,0.5160566288016071,0.5149188485318302,0.010744808255258425,0.0010147511257195452,7119.258863222254
0.006899993840153902,12.37356795516345,-12.37356795516345,0.10463937121234144,0.650346487498415,0.5155003349446402,0.514250794115451,0.010370023720924966,0.0010101728490051964,2673.1978494453883
0.006909973914984763,12.402756161961813,-12.402756161961813,0.10451572343810758,0.650346487498415,0.5149450312684795,0.5135751792285543,0.010748674234054921,0.0010035411533795343,1503.832452658126
0.006919994835008652,12.418623549041403,-12.418623549041403,0.10439135153504132,0.650346487498415,0.5143809976509545,0.512886089311551,0.010931854035333045,0.0009959833206769151,956.1354931112592
0.0069299780214827356,12.438773112570171,-12.438773112570171,0.1042672813610063,0.650346487498415,0.5138112536957985,0.5121893286129998,0.011115394524993119,0.0009886821054611065,1548.8406805464174
0.006939960288435847,12.473877091656977,-12.473877091656977,0.1041429625175661,0.650346487498415,0.5132337347512428,0.5114847509236483,0.011213279112061257,0.0009820367636165033,3206.639622594018
0.006949996434153348,12.561257610436929,-12.561257610436929,0.10401738267135739,0.650346487498415,0.5126434396572314,0.5107779550017886,0.011425097097158408,0.0009765710026109755,6916.862054588393
0.006959987984477801,12.650242054075074,-12.650242054075074,0.10389139578206555,0.650346487498415,0.5120448118847244,0.5100860379847384,0.011475052137856032,0.0009720650152835552,4672.414491410176
0.006969967946167452,12.704832774283139,-12.704832774283139,0.10376485937175255,0.650346487498415,0.5114359291309111,0.5094005331536625,0.01175623689900277,0.0009687237302423884,3305.689466642349
0.006979986730648021,12.768808449080716,-12.768808449080716,0.10363727383869133,0.650346487498415,0.5108139739324576,0.5087144981693129,0.0118896050800215,0.0009679168745351245,4936.186632859975
0.006989988592971343,12.849849803718524,-12.849849803718524,0.10350915082501748,0.650346487498415,0.5101840342468636,0.5080347570941103,0.01206251918496586,0.0009700248612115899,5022.639112304143
0.006999973832570555,12.91212318122457,-12.91212318122457,0.10338050575224215,0.650346487498415,0.509546538014003,0.5073605691297439,0.012101879715717578,0.0009746409702869471,3271.4439713464994
0.007009981092335826,12.948853573360866,-12.948853573360866,0.10325109050692997,0.650346487498415,0.5088980099323908,0.5066846027718435,0.012358834895913856,0.0009807926387801495,1945.2212132512223
0.007019958978262349,12.979777627120091,-12.979777627120091,0.10312173964664806,0.650346487498415,0.5082416619953408,0.5060066498375961,0.012238489455144655,0.0009875808797180923,2268.308439385916
0.0070299765559185086,13.03291904707086,-13.03291904707086,0.10299147585902332,0.650346487498415,0.507574016547421,0.5053229600875492,0.012017349182708557,0.0009937576652358127,4317.888481419276
0.0070399830810224705,13.112074759874268,-13.112074759874268,0.10286067660328159,0.650346487498415,0.5068989472593374,0.5046430782922472,0.012142439030167738,0.0009991358852213179,5374.925816385976
0.007049990318557698,13.172335515978787,-13.172335515978787,0.10272912483955143,0.650346487498415,0.5062147005980815,0.5039687257472714,0.01242266877803645,0.001003779132995715,2929.3369361828804
0.007059968894757484,13.200687759303102,-13.200687759303102,0.10259752136679631,0.650346487498415,0.5055235795348515,0.5032944450155707,0.012373054858398074,0.001006986331905184,1256.4303013950905
0.0070699856228296646,13.220555756299136,-13.220555756299136,0.10246520407134482,0.650346487498415,0.5048204998669095,0.5026111920461058,0.012126445313936099,0.0010089509614394335,1717.1478063789905
0.0070799858331441505,13.253476233999324,-13.253476233999324,0.10233283633572775,0.650346487498415,0.504109005126429,0.5019244354603891,0.011784413424507343,0.0010105952830094414,2324.975658881367
0.007089959798666404,13.293225298240284,-13.293225298240284,0.10220045350896333,0.650346487498415,0.5033897348617501,0.5012373165658857,0.011368431075229649,0.0010120481505762682,2826.1946468166234
0.007099997741017178,13.349947500215086,-13.349947500215086,0.1020667470791199,0.650346487498415,0.502656109603837,0.5005462606449832,0.01091455181368554,0.001012864150679131,4114.615436175118
0.0071099676633398536,13.410575857825695,-13.410575857825695,0.101933337559948,0.650346487498415,0.5019180031686875,0.4998634159693405,0.01099520044974719,0.0010123894910173497,3681.1133990603216
0.007119971380930784,13.458253974792674,-13.458253974792674,0.10179892812293088,0.650346487498415,0.5011689139072003,0.4991794214241517,0.011539394214289579,0.0010101951445036122,2685.541717795617
0.007129990758922399,13.497455591175827,-13.497455591175827,0.10166388545530042,0.650346487498415,0.500410198528816,0.4984926008119406,0.012042412539918146,0.0010059335807444901,2466.1396641617125
0.007139961431496943,13.532919297926997,-13.532919297926997,0.10152912663675602,0.650346487498415,0.4996456902122493,0.4978074564994611,0.012513367264853982,0.0010001813831495285,2235.963951385632
0.007149979474100601,13.567359923867578,-13.567359923867578,0.1013933824426541,0.650346487498415,0.49886885130378794,0.497115989624019,0.01262407913196922,0.0009933421533499418,2359.1885632327667
0.007159995254801014,13.611014890529761,-13.611014890529761,0.10125728810050733,0.650346487498415,0.49808630545932087,0.4964196928167908,0.012628210498709061,0.000985963967508148,3303.3748494437064
0.007169962449877353,13.679414264248797,-13.679414264248797,0.10112130747108847,0.650346487498415,0.4973052080369559,0.4957223368828643,0.012757608301601607,0.000978714710512398,5278.331172184506
0.007179959609427872,13.780289670333111,-13.780289670333111,0.10098407453641903,0.650346487498415,0.49652512850116554,0.4950196469173152,0.012949188868237347,0.0009712117269324253,7540.595623516799
0.007189968909607604,13.936645429971724,-13.936645429971724,0.10084541103369549,0.650346487498415,0.4957520842697803,0.49431796332272143,0.013150971280463932,0.0009636101453091389,11613.553397723656
0.007199959927297341,14.098161039430623,-14.098161039430623,0.10070531562304057,0.650346487498415,0.49498649455991106,0.4936311157028395,0.013697303111266981,0.000956006923421448,8944.993673942801
0.007209987078070645,14.205475749197742,-14.205475749197742,0.10056337905173202,0.650346487498415,0.49421742139736397,0.4929537749219841,0.0139105603802098,0.0009482906844019628,6094.805982315887
0.007219986323040487,14.289128791887542,-14.289128791887542,0.10042090461239356,0.650346487498415,0.4934478578125393,0.49228294401163214,0.01393560275991326,0.000941077848286708,5179.473061976747
0.007229979056884137,14.372760379758736,-14.372760379758736,0.10027770444108557,0.650346487498415,0.4926775407443831,0.4916132396340604,0.013897814366417943,0.0009350061990892998,5622.8352902078195
0.007239979494087148,14.447862912419996,-14.447862912419996,0.10013357052054987,0.650346487498415,0.49190597507905287,0.49094325181129356,0.013895156946861368,0.0009312703241597275,4118.7823107561435
0.0072499584218456235,14.497768736856226,-14.497768736856226,0.09998913254440091,0.650346487498415,0.49113315876951885,0.4902724379187889,0.013959902335147756,0.0009309396590223047,2883.6456491085464
0.007259988719917388,14.535405329608656,-14.535405329608656,0.09984351865078978,0.650346487498415,0.49035280558962707,0.4895922869611252,0.014052525269037192,0.0009338017853214402,2285.186197864637
0.007269994722444973,14.580974797455928,-14.580974797455928,0.09969786447511582,0.650346487498415,0.48957309377673464,0.4889048001011874,0.014262823597943652,0.0009391695100693438,3399.7355190413996
0.007279979460642738,14.626414725460632,-14.626414725460632,0.09955203712502622,0.650346487498415,0.4887967645715183,0.48820907232403005,0.014234917739054349,0.0009466679917626225,2604.5357655886437
0.007289956192759518,14.66648690902692,-14.66648690902692,0.09940591395913016,0.650346487498415,0.4880213211985053,0.4875041661081434,0.01395649933524518,0.000956221937212009,2651.309458344193
0.0072999916149521695,14.705734421356723,-14.705734421356723,0.09925852971696804,0.650346487498415,0.48724129303455443,0.4867853314262196,0.013328498219554341,0.0009671398697886735,2512.215826633042
0.007309960085356894,14.750123259934528,-14.750123259934528,0.09911172135824328,0.650346487498415,0.486466667200069,0.48606165001724905,0.012942774808699008,0.0009785188853206808,3067.9956005458866
0.007319978735606019,14.789673242279951,-14.789673242279951,0.09896373332635344,0.650346487498415,0.48568908116983983,0.48532471114620285,0.013401693523089994,0.0009909910624751267,2182.215179788752
0.007329971517588883,14.825315596345124,-14.825315596345124,0.09881577614264947,0.650346487498415,0.48491239180292,0.4845801401802398,0.013821132606981533,0.0010034798802552938,2782.9665210831004
0.007339959116689036,14.881297724496823,-14.881297724496823,0.09866744532135177,0.650346487498415,0.4841373359461166,0.4838265053466249,0.013988677598865221,0.001015400530494185,4250.582713997811
0.007349979222642239,14.949228313146866,-14.949228313146866,0.09851798574496462,0.650346487498415,0.4833654811534678,0.48306098869323216,0.013928765648941086,0.001027394872840623,4103.007951126889
0.00735998163947862,14.997182113330629,-14.997182113330629,0.09836819910926543,0.650346487498415,0.4825992106386751,0.48228767145290885,0.013621637571506742,0.0010389744619722174,2660.5153533674024
0.007369966776498766,15.035311698997203,-15.035311698997203,0.0982182555641814,0.650346487498415,0.4818336230177169,0.4815074590942179,0.013266867190408945,0.0010496147501104771,2366.9175289751965
0.007379998054591323,15.068331949304342,-15.068331949304342,0.09806726234348545,0.650346487498415,0.481062440679811,0.4807154266352658,0.012726777887492522,0.0010596169434587337,2061.4865463151486
0.007389991146096957,15.098652708606208,-15.098652708606208,0.09791652802584562,0.650346487498415,0.48029089804819497,0.4799186290218148,0.012266048197042346,0.001068094172518935,1878.0612347066353
0.007399971460935594,15.131665180862713,-15.131665180862713,0.09776568248829608,0.650346487498415,0.4795166947140157,0.47911530170237643,0.011909228361335955,0.001074581526295685,2461.2926479924126
0.007409966464186002,15.172421397608975,-15.172421397608975,0.09761423974135548,0.650346487498415,0.47873968458763844,0.4783029754573805,0.011847511710954505,0.0010792564105305874,2762.437742162985
0.007419956876920095,15.225307480503485,-15.225307480503485,0.09746241521661823,0.650346487498415,0.47796259114191947,0.4774838168216984,0.01159949747140393,0.0010815073525541217,4126.755073170708
0.007429997218771458,15.30889647653926,-15.30889647653926,0.09730915391228628,0.650346487498415,0.477184231804585,0.4766554866069369,0.011236077354224891,0.0010808334043472133,6254.863781965568
0.007439992845652756,15.408973272890728,-15.408973272890728,0.09715562675330362,0.650346487498415,0.4764162206660808,0.4758278674445571,0.010759952063084667,0.0010776945477326031,6376.657197682058
0.007449972023947285,15.51337850889662,-15.51337850889662,0.09700134919930012,0.650346487498415,0.4756567188912797,0.4749996062123939,0.010381946800798184,0.0010723602611623076,7244.099249356354
0.00745996235590817,15.627277041479756,-15.627277041479756,0.09684579772173413,0.650346487498415,0.4749042597828323,0.47417002215420473,0.009965632473873647,0.001064929792084628,7544.1401318999515
0.0074699675704960914,15.745617933867827,-15.745617933867827,0.09668884868769172,0.650346487498415,0.47415786009087624,0.4733409329707731,0.009591897835815488,0.0010566398080511326,7601.492412336304
0.00747997665906257,15.84897436233395,-15.84897436233395,0.09653070777100504,0.650346487498415,0.47341676677586686,0.4725139731245161,0.009126639788201791,0.001048408422163943,5995.835281770511
0.007489958270510493,15.92218916271331,-15.92218916271331,0.09637211717694495,0.650346487498415,0.47267951580627454,0.4716898366229896,0.009447403660735031,0.0010407235294553104,4016.5387331764496
0.007499993868528688,15.976224116795946,-15.976224116795946,0.09621204863670409,0.650346487498415,0.4719353907602485,0.4708602780687333,0.009631439066641464,0.0010339001920749795,3307.7823662982714
0.0075099722627718695,16.026360793956368,-16.026360793956368,0.09605238051396918,0.650346487498415,0.4711903513852513,0.4700344089279072,0.00962337373431359,0.0010284606163273283,3310.1843061325903
0.007519962940739569,16.10295871182575,-16.10295871182575,0.0958919323927871,0.650346487498415,0.4704372474436193,0.4692102270314281,0.009939441829644036,0.0010242916077532426,6732.501189494095
0.0075299901782128744,16.245899748386915,-16.245899748386915,0.09572978647744632,0.650346487498415,0.4696730383422069,0.46839910606734525,0.010216049896454624,0.0010206710845447184,10399.833638558099
0.007539978725632402,16.405960716208646,-16.405960716208646,0.09556669843385479,0.650346487498415,0.46890353241938953,0.46761771405024094,0.010425260597572249,0.0010177515255143906,9863.015554297988
0.007549964841706514,16.52646860524858,-16.52646860524858,0.09540221774494373,0.650346487498415,0.46812767238915626,0.46685820140315587,0.010554636868634481,0.0010158621222227842,6509.59997253075
0.007559966214083071,16.6116334415694,-16.6116334415694,0.09523648450817607,0.650346487498415,0.4673463924334642,0.46610681695198,0.011025389397743385,0.0010150095323980552,4971.228173270752
0.0075699912721043676,16.687406069231873,-16.687406069231873,0.09506958161480134,0.650346487498415,0.4665608466812169,0.465355860663697,0.011340017767165672,0.0010148424170035046,5447.541369082624
0.007579967190150209,16.77639567184621,-16.77639567184621,0.0949026592850606,0.650346487498415,0.4657815914836869,0.4646074910871657,0.011522741987463107,0.0010153904792423534,5598.329905997209
0.007589967957976571,16.876661995343873,-16.876661995343873,0.09473441004446054,0.650346487498415,0.4650033704378179,0.46385733647879723,0.011785742962041247,0.0010167479192814777,7589.321800011022
0.007599989399646848,17.01281647408921,-17.01281647408921,0.09456461584921527,0.650346487498415,0.46422713056149645,0.46311166258922803,0.012232064614245527,0.0010185790716218575,9326.47213572672
0.007609994161680655,17.15876331997862,-17.15876331997862,0.0943936779901025,0.650346487498415,0.4634585084689434,0.4623758224097294,0.012427449524419633,0.0010201414937883028,9640.519799485006
0.007619973106125884,17.31557881007964,-17.31557881007964,0.0942216782585874,0.650346487498415,0.4627013262449452,0.46164914235867954,0.01262347330699652,0.0010207725929324565,10391.995583962836
0.007629997163950928,17.43677749533382,-17.43677749533382,0.09404743247131268,0.650346487498415,0.4619550470280227,0.46092057982423923,0.012638498519396524,0.0010201080809440473,5880.231169868653
0.007639975774411478,17.489517442273215,-17.489517442273215,0.09387313015840007,0.650346487498415,0.46121736817873016,0.4601914356101572,0.012617894879828083,0.0010184422588235015,2230.585853700405
0.007649988272634897,17.515816324269007,-17.515816324269007,0.09369787781748258,0.650346487498415,0.46047415182573465,0.4594528487291971,0.012513482593223718,0.0010161599856942007,1541.9907275309656
0.007659993327525552,17.53146379932522,-17.53146379932522,0.09352253662692746,0.650346487498415,0.4597264062419015,0.458706764870579,0.01249852456837043,0.0010130670766079271,480.37402611846494
0.0076699772056735265,17.53334577523239,-17.53334577523239,0.09334749236348763,0.650346487498415,0.4589726756661825,0.4579535209368032,0.012291723518427866,0.0010090779332513837,67.98259136011389
0.0076799806786752274,17.534706345177103,-17.534706345177103,0.09317209226460899,0.650346487498415,0.45820872213914443,0.4571898954887932,0.012206229952443927,0.0010039994149551844,135.55579979726807
0.00768996271722455,17.539417079820257,-17.539417079820257,0.0929970399545163,0.650346487498415,0.45743814960242923,0.4564190473245027,0.01202155375071406,0.0009981373245192182,401.1483755891639
0.00769995904395316,17.545917233969842,-17.545917233969842,0.09282167818104438,0.650346487498415,0.45665898480673506,0.4556382838668911,0.012059983884120844,0.0009927200540691549,447.20013500302764
0.00770999504696977,17.55212964524731,-17.55212964524731,0.09264555422040752,0.650346487498415,0.45586939721357145,0.4548456106463203,0.012057995174782546,0.0009883966483484345,337.233318674276
0.007719999631724893,17.555448980975214,-17.555448980975214,0.09246993352495854,0.650346487498415,0.4550746035704545,0.4540466907486996,0.012038442825182755,0.0009836485977326138,149.45833743665642
0.0077299875952706815,17.556321335081837,-17.556321335081837,0.09229458425435141,0.650346487498415,0.4542728969699818,0.4532404629334459,0.012104167681000427,0.0009773051304330046,12.564182295137062
0.007739985374075151,17.55633718338225,-17.55633718338225,0.09211905987175396,0.650346487498415,0.4534618135937096,0.4524248588391014,0.01223574914168656,0.0009701132415796793,4.126278936895196e-06
0.007749961451947057,17.55632731565442,-17.55632731565442,0.09194391653184426,0.650346487498415,0.45264391556080386,0.45160252073987495,0.012324962804638871,0.0009638398709748432,0.0
0.0077599873006954055,17.55636924673016,-17.55636924673016,0.09176789945160628,0.650346487498415,0.45181336187082605,0.4507675770498743,0.012345129785312698,0.0009590135875641051,15.31763702326112
0.007769967652442747,17.558240459709733,-17.558240459709733,0.091592672461307,0.650346487498415,0.45097829458599376,0.4499280113100885,0.01229156807725248,0.0009550830236636553,131.14345352477005
0.007779963289498407,17.558923482712785,-17.558923482712785,0.0914171616624466,0.650346487498415,0.45013387288516427,0.4490788034156241,0.012111981939684758,0.0009514846864775477,2.3757055771161126
0.007789965700101399,17.558918386013787,-17.558918386013787,0.09124153010618466,0.650346487498415,0.44928052363872273,0.44822070342209797,0.012132133321134551,0.0009478163455267021,0.0
0.0077999708907684215,17.558897973041876,-17.558897973041876,0.09106584988380288,0.650346487498415,0.44841858653874483,0.44735409643192237,0.0124711183979609,0.0009444072668861426,2.858520182064586e-07
0.007809991702906979,17.558952907209438,-17.558952907209438,0.09088989539432973,0.650346487498415,0.44754698780458946,0.44647790173678475,0.012808781084567114,0.0009418572754683987,11.638824977197363
0.007819981703892134,17.56329392822894,-17.56329392822894,0.09071446853078631,0.650346487498415,0.44667014478378325,0.4455962519675873,0.012882074065900171,0.0009392818023728658,559.2762592403326
0.0078299966939969,17.57403508927539,-17.57403508927539,0.09053852335311482,0.650346487498415,0.44578474708139254,0.44470428372511556,0.012791276104928365,0.0009360156192395937,968.7941859163057
0.007839982616107523,17.601898038867663,-17.601898038867663,0.09036290139159876,0.650346487498415,0.4448980451289392,0.4438069569113687,0.012604909129266881,0.0009319325255499943,2051.908494531234
0.007849978197684258,17.629244537603682,-17.629244537603682,0.090186813591078,0.650346487498415,0.44400815023606444,0.4429018651728378,0.012248652954558006,0.000927058003173158,1442.645306805734
0.007859989157165834,17.643004879678106,-17.643004879678106,0.09001024788427522,0.650346487498415,0.443111389509394,0.4419896029522665,0.011904536838220044,0.0009212197235976527,572.5460881103488
0.007869984231473868,17.659372343007863,-17.659372343007863,0.08983383894292063,0.650346487498415,0.44220844138081655,0.44107330085435975,0.011572961358166314,0.0009150665243918696,1561.8950869664045
0.007879984445131633,17.68425958369882,-17.68425958369882,0.08965711287463668,0.650346487498415,0.4412970315700552,0.4401539085615379,0.011354566024085532,0.0009087499607324158,1461.1687372525053
0.007889982485346805,17.70379630078635,-17.70379630078635,0.08948020425611031,0.650346487498415,0.4403778778385681,0.43923199433947563,0.011136379631510072,0.0009014530621517409,1202.7673300849522
0.007899970982648837,17.734741113182782,-17.734741113182782,0.08930323905558997,0.650346487498415,0.43945292651272905,0.4383071905078621,0.010812814336530413,0.0008928420447585037,2741.423275467914
0.007909987238536996,17.77423614551307,-17.77423614551307,0.08912539470018296,0.650346487498415,0.4385235312705646,0.43737501940280626,0.010334300796664527,0.0008827581440152669,2216.8008759945374
0.00791997557594777,17.804234502811024,-17.804234502811024,0.08894770865423925,0.650346487498415,0.4375939194545188,0.43644052451906507,0.010177647039885785,0.0008709280652494809,2026.0308837626872
0.007929966085572558,17.85276629600488,-17.85276629600488,0.08876961927347952,0.650346487498415,0.4366588440723405,0.43550408598291873,0.010315594205839931,0.0008574340322170202,3988.7837424758713
0.007939965306455615,17.934265988853422,-17.934265988853422,0.08859073365003592,0.650346487498415,0.43571721627081167,0.4345720175136534,0.010583014039269884,0.0008431516453421995,6547.712382286537
0.007949999662666022,18.041875773386334,-18.041875773386334,0.08841023625371637,0.650346487498415,0.434771748683286,0.4336445218488384,0.010647793228176364,0.000828694100031321,7151.619606376368
0.007959977234177688,18.163077356349596,-18.163077356349596,0.08822963010245762,0.650346487498415,0.4338351661472615,0.4327295506239863,0.010618826050325776,0.0008141703829136298,8255.783229927474
0.007969970778968001,18.28199421108667,-18.28199421108667,0.08804751592443445,0.650346487498415,0.4329045317037377,0.4318185045464519,0.010390894790735043,0.0007987163731967377,7825.653975274267
0.007979968376253834,18.426392305237016,-18.426392305237016,0.08786404815550317,0.650346487498415,0.4319797208326564,0.4309150926397681,0.0103114638865492,0.0007818917964406978,10339.015934175884
0.007989991036745086,18.58859521742624,-18.58859521742624,0.0876785510629725,0.650346487498415,0.4310609280219419,0.43002189446791356,0.010291650623349627,0.0007642216491949306,10571.846553257123
0.007999962384108236,18.755200191974723,-18.755200191974723,0.08749236487002356,0.650346487498415,0.43015755395955146,0.4291450023267263,0.010264434231137664,0.0007467216929494913,10793.4
0.008000006831550933,18.755928615289662,-18.755928615289662,0.08749153121696082,0.650346487498415,0.4301535536532512,0.42914111858516446,0.010265502576704994,0.0007466466240829994,10793.4
