time_s,time step,kinetic energy,internal energy,spring and damper energy,hourglass energy,system damping energy,sliding interface energy,external work,eroded kinetic energy,eroded internal energy,eroded hourglass energy,total energy,total energy / initial energy,global x velocity,global y velocity,global z velocity,dissipated kinetic energy,dissipated internal energy,drilling energy,time per zone cycle.(nanosec),reached the minimum time step,added mass,percentage increase
0.0,9e-08,812.965,2e-20,1e-20,0.0,0.0,0.0,0.0,0.0,0.0,0.0,812.965,1.00001,0.0,0.0,-30.6394,0.0,0.0,0.0,0.0,0.0,5.713e-06,0.00053829
1.98e-06,9e-08,812.965,2e-20,1e-20,0.0,0.0,0.0,0.0,0.0,0.0,0.0,812.965,1.00001,0.0,0.0,-30.6394,0.0,0.0,0.0,0.0,0.0,,
3.96e-06,9e-08,810.901,0.0585858,1e-20,0.0,0.0,2.00592,0.0,0.0,0.0,0.0,812.965,1.00001,-4.91786e-07,8.54825e-07,-30.6366,0.0,0.0,0.0,0.0,0.0,,
5.94e-06,9e-08,803.44,2.73748,1e-20,0.0,0.0,6.78267,0.0,0.0,0.0,0.0,812.96,1.0,-1.58466e-06,8.97845e-05,-30.6331,0.0,0.0,0.0,0.0,0.0,,
7.92e-06,8.99998e-08,794.804,9.85078,1e-20,0.0,0.0,8.29736,0.0,0.0,0.0,0.0,812.952,0.999992,0.000165092,0.000181672,-30.6323,0.0,0.0,0.0,0.0,0.0,,
9.98996e-06,8.99947e-08,786.556,17.302,1e-20,0.0,0.0,9.08407,0.0,0.0,0.0,0.0,812.942,0.999981,0.000159297,0.000210958,-30.6321,0.0,0.0,0.0,0.0,0.0,,
1.19695e-05,8.99548e-08,779.415,24.5474,1e-20,0.0,0.0,8.97237,0.0,0.0,0.0,0.0,812.935,0.999972,0.000333255,5.10936e-05,-30.6323,0.0,0.0,0.0,0.0,0.0,,
1.39473e-05,8.98158e-08,772.858,31.6219,1e-20,0.0,0.0,8.4494,0.0,0.0,0.0,0.0,812.929,0.999965,0.000298508,-7.51869e-05,-30.6327,0.0,0.0,0.0,0.0,0.0,,
1.59208e-05,8.95752e-08,767.313,37.3902,1e-20,0.0,0.0,8.22138,0.0,0.0,0.0,0.0,812.924,0.999959,-1.05797e-05,0.000129866,-30.633,0.0,0.0,0.0,0.0,0.0,,
1.79787e-05,8.94e-08,762.636,42.2059,1e-20,0.0,0.0,8.07783,0.0,0.0,0.0,0.0,812.92,0.999953,-8.75596e-05,3.4143e-05,-30.6333,0.0,0.0,0.0,0.0,0.0,,
1.99469e-05,8.99514e-08,758.514,46.5361,1e-20,0.0,0.0,7.86769,0.0,0.0,0.0,0.0,812.918,0.999951,-0.000154285,-4.97244e-07,-30.6337,0.0,0.0,0.0,0.0,0.0,,
2.19264e-05,9e-08,754.282,50.7481,1e-20,0.0,0.0,7.88374,0.0,0.0,0.0,0.0,812.914,0.999946,1.51825e-05,0.000411221,-30.6339,0.0,0.0,0.0,0.0,0.0,,
2.39964e-05,9e-08,749.844,55.356,1e-20,0.0,0.0,7.71153,0.0,0.0,0.0,0.0,812.911,0.999943,0.000306401,0.000799098,-30.6341,0.0,0.0,0.0,0.0,0.0,,
2.59764e-05,9e-08,745.673,59.8099,1e-20,0.0,0.0,7.42814,0.0,0.0,0.0,0.0,812.911,0.999943,0.000477937,0.000704404,-30.6345,0.0,0.0,0.0,0.0,0.0,,
2.79564e-05,9e-08,741.258,64.4645,1e-20,0.0,0.0,7.19155,0.0,0.0,0.0,0.0,812.914,0.999946,0.000703804,0.000418224,-30.635,0.0,0.0,0.0,0.0,0.0,,
2.99364e-05,9e-08,736.232,69.6398,1e-20,0.0,0.0,7.04617,0.0,0.0,0.0,0.0,812.918,0.999951,0.000727848,4.24589e-05,-30.6355,0.0,0.0,0.0,0.0,0.0,,
3.1916e-05,8.99304e-08,730.711,75.2277,1e-20,0.0,0.0,6.98206,0.0,0.0,0.0,0.0,812.92,0.999954,0.000550947,-0.00047054,-30.6358,0.0,0.0,0.0,0.0,0.0,,
3.39831e-05,8.9831e-08,724.616,81.1723,1e-20,0.0,0.0,7.13055,0.0,0.0,0.0,0.0,812.919,0.999952,0.000396417,-0.00114055,-30.6359,0.0,0.0,0.0,0.0,0.0,,
3.59621e-05,8.99985e-08,718.733,86.735,1e-20,0.0,0.0,7.44792,0.0,0.0,0.0,0.0,812.916,0.999948,0.000507192,-0.00179339,-30.6359,0.0,0.0,0.0,0.0,0.0,,
3.7942e-05,8.99946e-08,713.432,91.6509,1e-20,0.0,0.0,7.83131,0.0,0.0,0.0,0.0,812.914,0.999946,0.000583133,-0.00220262,-30.6359,0.0,0.0,0.0,0.0,0.0,,
3.99218e-05,8.99835e-08,708.991,95.6776,1e-20,0.0,0.0,8.24449,0.0,0.0,0.0,0.0,812.913,0.999945,0.000663115,-0.00259221,-30.636,0.0,0.0,0.0,0.0,0.0,,
4.19911e-05,8.99542e-08,704.745,99.461,1e-20,0.0,0.0,8.70329,0.0,0.0,0.0,0.0,812.91,0.999941,0.000729465,-0.00289274,-30.636,0.0,0.0,0.0,0.0,0.0,,
4.39684e-05,8.98941e-08,700.557,103.274,1e-20,0.0,0.0,9.07491,0.0,0.0,0.0,0.0,812.906,0.999936,0.000691883,-0.00298267,-30.6359,0.0,0.0,0.0,0.0,0.0,,
4.59451e-05,8.97837e-08,696.064,107.524,1e-20,0.0,0.0,9.31722,0.0,0.0,0.0,0.0,812.904,0.999934,0.000953929,-0.00287024,-30.6359,0.0,0.0,0.0,0.0,0.0,,
4.79186e-05,8.9607e-08,691.392,111.964,1e-20,0.0,0.0,9.54822,0.0,0.0,0.0,0.0,812.904,0.999933,0.00127123,-0.00259916,-30.636,0.0,0.0,0.0,0.0,0.0,,
4.99768e-05,8.93477e-08,686.538,116.546,1e-20,0.0,0.0,9.81684,0.0,0.0,0.0,0.0,812.901,0.99993,0.0019844,-0.00187562,-30.636,0.0,0.0,0.0,0.0,0.0,,
5.19394e-05,8.90458e-08,682.039,120.734,1e-20,0.0,0.0,10.1221,0.0,0.0,0.0,0.0,812.895,0.999923,0.0033611,-0.00104552,-30.6358,0.0,0.0,0.0,0.0,0.0,,
5.39838e-05,8.87151e-08,677.758,124.652,1e-20,0.0,0.0,10.4768,0.0,0.0,0.0,0.0,812.888,0.999914,0.00476885,-0.000278973,-30.6356,0.0,0.0,0.0,0.0,0.0,,
5.59324e-05,8.84313e-08,674.326,127.684,1e-20,0.0,0.0,10.8718,0.0,0.0,0.0,0.0,812.881,0.999906,0.00575904,0.00115147,-30.6355,0.0,0.0,0.0,0.0,0.0,,
5.79637e-05,8.82076e-08,671.31,130.187,1e-20,0.0,0.0,11.378,0.0,0.0,0.0,0.0,812.875,0.999897,0.00667553,0.00352157,-30.6353,0.0,0.0,0.0,0.0,0.0,,
5.99908e-05,8.80736e-08,668.572,132.358,1e-20,0.0,0.0,11.9354,0.0,0.0,0.0,0.0,812.866,0.999887,0.0076123,0.00625061,-30.6351,0.0,0.0,0.0,0.0,0.0,,
6.19278e-05,8.8023e-08,665.991,134.433,1e-20,0.0,0.0,12.4331,0.0,0.0,0.0,0.0,812.857,0.999875,0.0083045,0.00909233,-30.6349,0.0,0.0,0.0,0.0,0.0,,
6.39671e-05,8.99157e-08,663.029,137.0,1e-20,0.0,0.0,12.8173,0.0,0.0,0.0,0.0,812.846,0.999863,0.00861236,0.0123301,-30.6347,0.0,0.0,0.0,0.0,0.0,,
6.5946e-05,9.00055e-08,659.753,140.083,1e-20,0.0,0.0,13.007,0.0,0.0,0.0,0.0,812.843,0.999859,0.00899099,0.0156385,-30.6347,0.0,0.0,0.0,0.0,0.0,,
6.79263e-05,9.00281e-08,656.258,143.581,1e-20,0.0,0.0,13.0053,0.0,0.0,0.0,0.0,812.844,0.999859,0.00981848,0.0190475,-30.6348,0.0,0.0,0.0,0.0,0.0,,
6.99099e-05,9.00663e-08,652.851,147.116,1e-20,0.0,0.0,12.8792,0.0,0.0,0.0,0.0,812.846,0.999862,0.010548,0.0227935,-30.635,0.0,0.0,0.0,0.0,0.0,,
7.19694e-05,8.93247e-08,649.694,150.419,1e-20,0.0,0.0,12.7387,0.0,0.0,0.0,0.0,812.851,0.999869,0.011039,0.0267332,-30.6354,0.0,0.0,0.0,0.0,0.0,,
7.39325e-05,8.91269e-08,647.242,152.909,1e-20,0.0,0.0,12.7075,0.0,0.0,0.0,0.0,812.858,0.999877,0.0112157,0.0300776,-30.6357,0.0,0.0,0.0,0.0,0.0,,
7.59803e-05,8.89427e-08,645.315,154.735,1e-20,0.0,0.0,12.812,0.0,0.0,0.0,0.0,812.862,0.999882,0.011323,0.0328884,-30.6359,0.0,0.0,0.0,0.0,0.0,,
7.7936e-05,8.88689e-08,643.971,155.92,1e-20,0.0,0.0,12.971,0.0,0.0,0.0,0.0,812.862,0.999882,0.0113652,0.0352022,-30.636,0.0,0.0,0.0,0.0,0.0,,
7.99797e-05,8.87974e-08,642.92,156.788,1e-20,0.0,0.0,13.1508,0.0,0.0,0.0,0.0,812.859,0.999879,0.0113842,0.0376977,-30.636,0.0,0.0,0.0,0.0,0.0,,
8.19313e-05,8.86017e-08,642.352,157.167,1e-20,0.0,0.0,13.3389,0.0,0.0,0.0,0.0,812.858,0.999876,0.0113346,0.0404397,-30.636,0.0,0.0,0.0,0.0,0.0,,
8.39664e-05,8.83428e-08,642.264,157.036,1e-20,0.0,0.0,13.5564,0.0,0.0,0.0,0.0,812.856,0.999874,0.0112566,0.0435887,-30.636,0.0,0.0,0.0,0.0,0.0,,
8.59951e-05,8.80587e-08,642.757,156.314,1e-20,0.0,0.0,13.7814,0.0,0.0,0.0,0.0,812.852,0.999869,0.01136,0.0469581,-30.636,0.0,0.0,0.0,0.0,0.0,,
8.79296e-05,8.78e-08,643.705,155.118,1e-20,0.0,0.0,14.0225,0.0,0.0,0.0,0.0,812.845,0.999861,0.0117031,0.0507628,-30.6359,0.0,0.0,0.0,0.0,0.0,,
8.99466e-05,8.75983e-08,644.939,153.582,1e-20,0.0,0.0,14.3172,0.0,0.0,0.0,0.0,812.838,0.999853,0.0122722,0.0552864,-30.6358,0.0,0.0,0.0,0.0,0.0,,
9.19602e-05,8.75103e-08,646.252,152.004,1e-20,0.0,0.0,14.5782,0.0,0.0,0.0,0.0,812.835,0.999848,0.0129411,0.0596382,-30.6357,0.0,0.0,0.0,0.0,0.0,,
9.39115e-05,8.89486e-08,647.736,150.376,1e-20,0.0,0.0,14.7187,0.0,0.0,0.0,0.0,812.831,0.999844,0.0132068,0.0628236,-30.6357,0.0,0.0,0.0,0.0,0.0,,
9.59546e-05,8.87047e-08,649.771,148.309,1e-20,0.0,0.0,14.7509,0.0,0.0,0.0,0.0,812.831,0.999843,0.0133491,0.0649523,-30.6358,0.0,0.0,0.0,0.0,0.0,,
9.79941e-05,8.88427e-08,652.452,145.683,1e-20,0.0,0.0,14.6964,0.0,0.0,0.0,0.0,812.831,0.999844,0.0136556,0.0661621,-30.6359,0.0,0.0,0.0,0.0,0.0,,
9.99464e-05,8.86451e-08,655.425,142.776,1e-20,0.0,0.0,14.6338,0.0,0.0,0.0,0.0,812.834,0.999848,0.013901,0.0665565,-30.636,0.0,0.0,0.0,0.0,0.0,,
0.000101988,8.88866e-08,658.581,139.683,1e-20,0.0,0.0,14.5731,0.0,0.0,0.0,0.0,812.838,0.999852,0.0138874,0.066159,-30.6362,0.0,0.0,0.0,0.0,0.0,,
0.000103942,8.87825e-08,661.444,136.891,1e-20,0.0,0.0,14.5053,0.0,0.0,0.0,0.0,812.84,0.999855,0.0140147,0.0649134,-30.6363,0.0,0.0,0.0,0.0,0.0,,
0.000105985,8.88446e-08,664.04,134.373,1e-20,0.0,0.0,14.4304,0.0,0.0,0.0,0.0,812.844,0.999859,0.0146983,0.0625374,-30.6365,0.0,0.0,0.0,0.0,0.0,,
0.000107941,8.9793e-08,666.091,132.405,1e-20,0.0,0.0,14.3512,0.0,0.0,0.0,0.0,812.847,0.999863,0.0154237,0.0597737,-30.6366,0.0,0.0,0.0,0.0,0.0,,
0.000109988,8.87792e-08,668.095,130.486,1e-20,0.0,0.0,14.2721,0.0,0.0,0.0,0.0,812.853,0.999871,0.0160165,0.0562492,-30.6368,0.0,0.0,0.0,0.0,0.0,,
0.000111939,8.86348e-08,670.171,128.475,1e-20,0.0,0.0,14.21,0.0,0.0,0.0,0.0,812.856,0.999875,0.0164839,0.0516542,-30.6369,0.0,0.0,0.0,0.0,0.0,,
0.000113976,8.84758e-08,672.683,125.995,1e-20,0.0,0.0,14.1798,0.0,0.0,0.0,0.0,812.858,0.999877,0.0169668,0.0460214,-30.637,0.0,0.0,0.0,0.0,0.0,,
0.000115921,8.83793e-08,675.306,123.38,1e-20,0.0,0.0,14.1751,0.0,0.0,0.0,0.0,812.861,0.999881,0.0175382,0.0406162,-30.6371,0.0,0.0,0.0,0.0,0.0,,
0.000117954,8.83245e-08,678.048,120.617,1e-20,0.0,0.0,14.198,0.0,0.0,0.0,0.0,812.864,0.999884,0.0182736,0.0352019,-30.6372,0.0,0.0,0.0,0.0,0.0,,
0.000119984,8.82291e-08,680.644,117.954,1e-20,0.0,0.0,14.2649,0.0,0.0,0.0,0.0,812.863,0.999883,0.0191586,0.0297754,-30.6372,0.0,0.0,0.0,0.0,0.0,,
0.000121924,8.81337e-08,682.959,115.516,1e-20,0.0,0.0,14.3862,0.0,0.0,0.0,0.0,812.861,0.999881,0.0200852,0.0241747,-30.6371,0.0,0.0,0.0,0.0,0.0,,
0.000123961,8.87268e-08,685.216,113.099,1e-20,0.0,0.0,14.5426,0.0,0.0,0.0,0.0,812.857,0.999876,0.0211811,0.0175921,-30.6371,0.0,0.0,0.0,0.0,0.0,,
0.000125913,8.87714e-08,687.228,110.966,1e-20,0.0,0.0,14.6614,0.0,0.0,0.0,0.0,812.856,0.999874,0.0223562,0.0106118,-30.6371,0.0,0.0,0.0,0.0,0.0,,
0.000127956,8.89413e-08,689.179,108.944,1e-20,0.0,0.0,14.7305,0.0,0.0,0.0,0.0,812.854,0.999872,0.0233754,0.00278359,-30.6371,0.0,0.0,0.0,0.0,0.0,,
0.000129934,8.97708e-08,690.959,107.14,1e-20,0.0,0.0,14.7523,0.0,0.0,0.0,0.0,812.852,0.99987,0.0241578,-0.00533578,-30.637,0.0,0.0,0.0,0.0,0.0,,
0.000132,8.98269e-08,692.855,105.273,1e-20,0.0,0.0,14.7253,0.0,0.0,0.0,0.0,812.853,0.999871,0.0253445,-0.0146124,-30.6371,0.0,0.0,0.0,0.0,0.0,,
0.00013396,8.88937e-08,694.647,103.551,1e-20,0.0,0.0,14.6582,0.0,0.0,0.0,0.0,812.857,0.999876,0.0271216,-0.0238355,-30.6372,0.0,0.0,0.0,0.0,0.0,,
0.000135917,8.89332e-08,696.168,102.126,1e-20,0.0,0.0,14.5664,0.0,0.0,0.0,0.0,812.861,0.99988,0.0294634,-0.0329143,-30.6373,0.0,0.0,0.0,0.0,0.0,,
0.000137962,8.89724e-08,697.244,101.163,1e-20,0.0,0.0,14.4583,0.0,0.0,0.0,0.0,812.865,0.999885,0.0321325,-0.0425067,-30.6374,0.0,0.0,0.0,0.0,0.0,,
0.000139931,8.9591e-08,697.875,100.655,1e-20,0.0,0.0,14.3393,0.0,0.0,0.0,0.0,812.869,0.99989,0.0345428,-0.0519845,-30.6375,0.0,0.0,0.0,0.0,0.0,,
0.000141993,8.97496e-08,698.378,100.306,1e-20,0.0,0.0,14.1911,0.0,0.0,0.0,0.0,812.876,0.999899,0.0368899,-0.0619641,-30.6376,0.0,0.0,0.0,0.0,0.0,,
0.000143968,8.98002e-08,698.829,100.024,1e-20,0.0,0.0,14.0297,0.0,0.0,0.0,0.0,812.883,0.999907,0.0388529,-0.0711395,-30.6378,0.0,0.0,0.0,0.0,0.0,,
0.000145941,8.91605e-08,699.217,99.8116,1e-20,0.0,0.0,13.8619,0.0,0.0,0.0,0.0,812.89,0.999916,0.0405438,-0.0798806,-30.638,0.0,0.0,0.0,0.0,0.0,,
0.00014799,8.90412e-08,699.401,99.7892,1e-20,0.0,0.0,13.7071,0.0,0.0,0.0,0.0,812.897,0.999925,0.0420494,-0.0887813,-30.6381,0.0,0.0,0.0,0.0,0.0,,
0.000149948,8.88836e-08,699.311,99.9942,1e-20,0.0,0.0,13.5991,0.0,0.0,0.0,0.0,812.904,0.999934,0.0433248,-0.0974021,-30.6383,0.0,0.0,0.0,0.0,0.0,,
0.000151991,8.878e-08,699.117,100.283,1e-20,0.0,0.0,13.5106,0.0,0.0,0.0,0.0,812.91,0.999941,0.0446873,-0.106446,-30.6384,0.0,0.0,0.0,0.0,0.0,,
0.000153952,8.90952e-08,699.065,100.433,1e-20,0.0,0.0,13.4177,0.0,0.0,0.0,0.0,812.916,0.999948,0.0461603,-0.114829,-30.6385,0.0,0.0,0.0,0.0,0.0,,
0.000155999,8.89001e-08,699.102,100.518,1e-20,0.0,0.0,13.302,0.0,0.0,0.0,0.0,812.922,0.999956,0.047813,-0.123044,-30.6386,0.0,0.0,0.0,0.0,0.0,,
0.000157953,8.87577e-08,699.099,100.64,1e-20,0.0,0.0,13.1895,0.0,0.0,0.0,0.0,812.929,0.999964,0.0494634,-0.130276,-30.6388,0.0,0.0,0.0,0.0,0.0,,
0.000159993,8.86625e-08,698.939,100.911,1e-20,0.0,0.0,13.0845,0.0,0.0,0.0,0.0,812.935,0.999972,0.0511956,-0.137195,-30.6389,0.0,0.0,0.0,0.0,0.0,,
0.000161944,8.86294e-08,698.421,101.512,1e-20,0.0,0.0,13.0065,0.0,0.0,0.0,0.0,812.939,0.999977,0.0527441,-0.143377,-30.639,0.0,0.0,0.0,0.0,0.0,,
0.000163982,8.86693e-08,697.27,102.72,1e-20,0.0,0.0,12.9525,0.0,0.0,0.0,0.0,812.943,0.999982,0.0543403,-0.149518,-30.6391,0.0,0.0,0.0,0.0,0.0,,
0.000165944,8.94686e-08,695.462,104.563,1e-20,0.0,0.0,12.9213,0.0,0.0,0.0,0.0,812.946,0.999985,0.0559408,-0.155136,-30.6391,0.0,0.0,0.0,0.0,0.0,,
0.000167914,8.94493e-08,693.16,106.887,1e-20,0.0,0.0,12.9011,0.0,0.0,0.0,0.0,812.949,0.999988,0.0575542,-0.160443,-30.6392,0.0,0.0,0.0,0.0,0.0,,
0.000169966,8.90393e-08,690.525,109.543,1e-20,0.0,0.0,12.8836,0.0,0.0,0.0,0.0,812.951,0.999991,0.0591685,-0.165585,-30.6392,0.0,0.0,0.0,0.0,0.0,,
0.000171922,8.87209e-08,687.856,112.227,1e-20,0.0,0.0,12.8701,0.0,0.0,0.0,0.0,812.953,0.999994,0.0606883,-0.170047,-30.6393,0.0,0.0,0.0,0.0,0.0,,
0.00017396,8.85978e-08,684.96,115.132,1e-20,0.0,0.0,12.863,0.0,0.0,0.0,0.0,812.955,0.999997,0.0622108,-0.174111,-30.6393,0.0,0.0,0.0,0.0,0.0,,
0.000175914,8.87999e-08,682.2,117.89,1e-20,0.0,0.0,12.868,0.0,0.0,0.0,0.0,812.957,0.999999,0.0636229,-0.17733,-30.6394,0.0,0.0,0.0,0.0,0.0,,
0.000177955,8.86232e-08,679.445,120.625,1e-20,0.0,0.0,12.8883,0.0,0.0,0.0,0.0,812.959,1.0,0.0650975,-0.179952,-30.6394,0.0,0.0,0.0,0.0,0.0,,
0.000179992,8.85555e-08,676.816,123.225,1e-20,0.0,0.0,12.9187,0.0,0.0,0.0,0.0,812.96,1.0,0.0666461,-0.181856,-30.6394,0.0,0.0,0.0,0.0,0.0,,
0.00018194,8.85779e-08,674.384,125.628,1e-20,0.0,0.0,12.9493,0.0,0.0,0.0,0.0,812.961,1.0,0.0682254,-0.183064,-30.6394,0.0,0.0,0.0,0.0,0.0,,
0.000183984,8.91613e-08,672.052,127.935,1e-20,0.0,0.0,12.9747,0.0,0.0,0.0,0.0,812.962,1.0,0.0698945,-0.1838,-30.6394,0.0,0.0,0.0,0.0,0.0,,
0.000185945,8.90583e-08,670.161,129.808,1e-20,0.0,0.0,12.9937,0.0,0.0,0.0,0.0,812.963,1.00001,0.0714464,-0.184063,-30.6395,0.0,0.0,0.0,0.0,0.0,,
0.00018799,8.89675e-08,668.436,131.514,1e-20,0.0,0.0,13.0136,0.0,0.0,0.0,0.0,812.963,1.00001,0.0730012,-0.183852,-30.6395,0.0,0.0,0.0,0.0,0.0,,
0.000189947,8.9309e-08,666.834,133.092,1e-20,0.0,0.0,13.0381,0.0,0.0,0.0,0.0,812.964,1.00001,0.0744583,-0.183157,-30.6395,0.0,0.0,0.0,0.0,0.0,,
0.000191911,8.92122e-08,665.178,134.719,1e-20,0.0,0.0,13.0679,0.0,0.0,0.0,0.0,812.965,1.00001,0.0758953,-0.181973,-30.6395,0.0,0.0,0.0,0.0,0.0,,
0.00019396,8.87388e-08,663.345,136.52,1e-20,0.0,0.0,13.1014,0.0,0.0,0.0,0.0,812.966,1.00001,0.0773445,-0.180344,-30.6395,0.0,0.0,0.0,0.0,0.0,,
0.000195912,8.87418e-08,661.486,138.345,1e-20,0.0,0.0,13.1354,0.0,0.0,0.0,0.0,812.967,1.00001,0.0786767,-0.178681,-30.6396,0.0,0.0,0.0,0.0,0.0,,
0.000197953,8.89168e-08,659.543,140.248,1e-20,0.0,0.0,13.1766,0.0,0.0,0.0,0.0,812.967,1.00001,0.0800299,-0.177098,-30.6396,0.0,0.0,0.0,0.0,0.0,,
0.0002,8.90479e-08,657.649,142.097,1e-20,0.0,0.0,13.2221,0.0,0.0,0.0,0.0,812.968,1.00001,0.0813737,-0.175835,-30.6396,0.0,0.0,0.0,0.0,0.0,,
0.00020196,8.91166e-08,655.868,143.837,1e-20,0.0,0.0,13.262,0.0,0.0,0.0,0.0,812.968,1.00001,0.0826673,-0.174958,-30.6396,0.0,0.0,0.0,0.0,0.0,,
0.00020392,8.91245e-08,654.167,145.503,1e-20,0.0,0.0,13.2975,0.0,0.0,0.0,0.0,812.968,1.00001,0.0839597,-0.174342,-30.6396,0.0,0.0,0.0,0.0,0.0,,
0.00020597,8.91276e-08,652.538,147.099,1e-20,0.0,0.0,13.3313,0.0,0.0,0.0,0.0,812.968,1.00001,0.0853418,-0.1739,-30.6396,0.0,0.0,0.0,0.0,0.0,,
0.000207931,8.91627e-08,651.196,148.414,1e-20,0.0,0.0,13.3575,0.0,0.0,0.0,0.0,812.968,1.00001,0.086755,-0.173611,-30.6396,0.0,0.0,0.0,0.0,0.0,,
0.000209981,8.90865e-08,650.113,149.474,1e-20,0.0,0.0,13.38,0.0,0.0,0.0,0.0,812.968,1.00001,0.0883262,-0.17336,-30.6396,0.0,0.0,0.0,0.0,0.0,,
0.00021194,8.90092e-08,649.392,150.176,1e-20,0.0,0.0,13.3996,0.0,0.0,0.0,0.0,812.967,1.00001,0.0898743,-0.173092,-30.6396,0.0,0.0,0.0,0.0,0.0,,
0.000213987,8.89485e-08,648.946,150.605,1e-20,0.0,0.0,13.4163,0.0,0.0,0.0,0.0,812.967,1.00001,0.091483,-0.172814,-30.6396,0.0,0.0,0.0,0.0,0.0,,
0.000215943,8.89273e-08,648.864,150.674,1e-20,0.0,0.0,13.4296,0.0,0.0,0.0,0.0,812.967,1.00001,0.093032,-0.172705,-30.6396,0.0,0.0,0.0,0.0,0.0,,
0.000217989,8.89507e-08,649.193,150.327,1e-20,0.0,0.0,13.4469,0.0,0.0,0.0,0.0,812.967,1.00001,0.0947866,-0.172992,-30.6396,0.0,0.0,0.0,0.0,0.0,,
0.000219946,8.89776e-08,649.907,149.59,1e-20,0.0,0.0,13.4701,0.0,0.0,0.0,0.0,812.967,1.00001,0.0966734,-0.173896,-30.6396,0.0,0.0,0.0,0.0,0.0,,
0.000221993,8.89726e-08,651.065,148.4,1e-20,0.0,0.0,13.501,0.0,0.0,0.0,0.0,812.967,1.00001,0.0988303,-0.175713,-30.6396,0.0,0.0,0.0,0.0,0.0,,
0.00022395,8.89444e-08,652.541,146.889,1e-20,0.0,0.0,13.5359,0.0,0.0,0.0,0.0,812.966,1.00001,0.100982,-0.17842,-30.6396,0.0,0.0,0.0,0.0,0.0,,
0.000226,8.90891e-08,654.331,145.058,1e-20,0.0,0.0,13.5772,0.0,0.0,0.0,0.0,812.966,1.00001,0.103249,-0.182297,-30.6396,0.0,0.0,0.0,0.0,0.0,,
0.000227969,9.01813e-08,656.075,143.273,1e-20,0.0,0.0,13.6179,0.0,0.0,0.0,0.0,812.966,1.00001,0.105409,-0.186961,-30.6396,0.0,0.0,0.0,0.0,0.0,,
0.00022995,9.00233e-08,657.742,141.566,1e-20,0.0,0.0,13.6583,0.0,0.0,0.0,0.0,812.966,1.00001,0.10758,-0.192472,-30.6396,0.0,0.0,0.0,0.0,0.0,,
0.00023193,8.99667e-08,659.237,140.028,1e-20,0.0,0.0,13.7001,0.0,0.0,0.0,0.0,812.966,1.00001,0.109793,-0.198631,-30.6396,0.0,0.0,0.0,0.0,0.0,,
0.000233998,8.99024e-08,660.508,138.708,1e-20,0.0,0.0,13.7495,0.0,0.0,0.0,0.0,812.965,1.00001,0.112187,-0.205548,-30.6396,0.0,0.0,0.0,0.0,0.0,,
0.000235973,8.97807e-08,661.401,137.763,1e-20,0.0,0.0,13.8018,0.0,0.0,0.0,0.0,812.965,1.00001,0.114548,-0.212414,-30.6396,0.0,0.0,0.0,0.0,0.0,,
0.000237949,8.98562e-08,662.096,137.014,1e-20,0.0,0.0,13.8553,0.0,0.0,0.0,0.0,812.965,1.00001,0.116996,-0.219397,-30.6396,0.0,0.0,0.0,0.0,0.0,,
0.000239923,8.95694e-08,662.767,136.294,1e-20,0.0,0.0,13.9047,0.0,0.0,0.0,0.0,812.965,1.00001,0.119545,-0.226443,-30.6396,0.0,0.0,0.0,0.0,0.0,,
0.00024198,8.93278e-08,663.51,135.507,1e-20,0.0,0.0,13.9485,0.0,0.0,0.0,0.0,812.965,1.00001,0.122293,-0.233938,-30.6396,0.0,0.0,0.0,0.0,0.0,,
0.000243945,8.92798e-08,664.243,134.736,1e-20,0.0,0.0,13.9853,0.0,0.0,0.0,0.0,812.965,1.00001,0.124922,-0.241359,-30.6396,0.0,0.0,0.0,0.0,0.0,,
0.000245999,8.93141e-08,665.004,133.934,1e-20,0.0,0.0,14.0274,0.0,0.0,0.0,0.0,812.965,1.00001,0.127532,-0.249506,-30.6396,0.0,0.0,0.0,0.0,0.0,,
0.000247964,8.93548e-08,665.716,133.168,1e-20,0.0,0.0,14.0813,0.0,0.0,0.0,0.0,812.965,1.00001,0.12981,-0.257733,-30.6396,0.0,0.0,0.0,0.0,0.0,,
0.00024993,8.94021e-08,666.444,132.37,1e-20,0.0,0.0,14.1508,0.0,0.0,0.0,0.0,812.965,1.00001,0.131884,-0.266378,-30.6396,0.0,0.0,0.0,0.0,0.0,,
0.000251987,8.94331e-08,667.153,131.561,1e-20,0.0,0.0,14.2497,0.0,0.0,0.0,0.0,812.965,1.00001,0.133892,-0.27577,-30.6396,0.0,0.0,0.0,0.0,0.0,,
0.000253954,8.93825e-08,667.673,130.941,1e-20,0.0,0.0,14.35,0.0,0.0,0.0,0.0,812.965,1.00001,0.135712,-0.284982,-30.6396,0.0,0.0,0.0,0.0,0.0,,
0.00025592,8.93211e-08,667.936,130.571,1e-20,0.0,0.0,14.4567,0.0,0.0,0.0,0.0,812.964,1.00001,0.137467,-0.294351,-30.6396,0.0,0.0,0.0,0.0,0.0,,
0.000257984,9.00344e-08,667.718,130.618,1e-20,0.0,0.0,14.628,0.0,0.0,0.0,0.0,812.964,1.00001,0.139285,-0.304348,-30.6396,0.0,0.0,0.0,0.0,0.0,,
0.000259964,8.99725e-08,666.883,131.28,1e-20,0.0,0.0,14.8019,0.0,0.0,0.0,0.0,812.964,1.00001,0.141064,-0.314081,-30.6396,0.0,0.0,0.0,0.0,0.0,,
0.000261943,8.98304e-08,665.479,132.512,1e-20,0.0,0.0,14.9732,0.0,0.0,0.0,0.0,812.964,1.00001,0.142886,-0.323867,-30.6396,0.0,0.0,0.0,0.0,0.0,,
0.000263913,8.93814e-08,663.663,134.16,1e-20,0.0,0.0,15.1406,0.0,0.0,0.0,0.0,812.964,1.00001,0.144672,-0.333508,-30.6396,0.0,0.0,0.0,0.0,0.0,,
0.000265966,8.90984e-08,661.558,136.184,1e-20,0.0,0.0,15.2221,0.0,0.0,0.0,0.0,812.964,1.00001,0.14637,-0.343201,-30.6396,0.0,0.0,0.0,0.0,0.0,,
0.000267924,8.89358e-08,659.555,138.16,1e-20,0.0,0.0,15.2488,0.0,0.0,0.0,0.0,812.964,1.00001,0.147723,-0.351904,-30.6396,0.0,0.0,0.0,0.0,0.0,,
0.00026997,8.90161e-08,657.548,140.14,1e-20,0.0,0.0,15.2758,0.0,0.0,0.0,0.0,812.963,1.00001,0.148821,-0.360294,-30.6396,0.0,0.0,0.0,0.0,0.0,,
0.000271943,8.97419e-08,655.753,141.919,1e-20,0.0,0.0,15.2915,0.0,0.0,0.0,0.0,812.963,1.00001,0.149618,-0.367692,-30.6396,0.0,0.0,0.0,0.0,0.0,,
0.000273917,8.96371e-08,654.07,143.583,1e-20,0.0,0.0,15.3101,0.0,0.0,0.0,0.0,812.963,1.00001,0.150246,-0.37447,-30.6396,0.0,0.0,0.0,0.0,0.0,,
0.000275976,8.94336e-08,652.356,145.266,1e-20,0.0,0.0,15.3407,0.0,0.0,0.0,0.0,812.963,1.00001,0.150778,-0.381002,-30.6396,0.0,0.0,0.0,0.0,0.0,,
0.000277941,8.92368e-08,650.774,146.799,1e-20,0.0,0.0,15.3893,0.0,0.0,0.0,0.0,812.963,1.00001,0.151197,-0.386873,-30.6396,0.0,0.0,0.0,0.0,0.0,,
0.000279996,8.96958e-08,649.186,148.313,1e-20,0.0,0.0,15.4627,0.0,0.0,0.0,0.0,812.962,1.00001,0.151533,-0.392794,-30.6396,0.0,0.0,0.0,0.0,0.0,,
0.000281974,9.0089e-08,647.697,149.724,1e-20,0.0,0.0,15.542,0.0,0.0,0.0,0.0,812.962,1.00001,0.151701,-0.39838,-30.6396,0.0,0.0,0.0,0.0,0.0,,
0.000283957,9.01032e-08,646.267,151.076,1e-20,0.0,0.0,15.6201,0.0,0.0,0.0,0.0,812.962,1.00001,0.151625,-0.403843,-30.6396,0.0,0.0,0.0,0.0,0.0,,
0.000285937,8.99275e-08,644.883,152.38,1e-20,0.0,0.0,15.6989,0.0,0.0,0.0,0.0,812.962,1.0,0.151203,-0.409052,-30.6396,0.0,0.0,0.0,0.0,0.0,,
0.000287914,8.97226e-08,643.463,153.722,1e-20,0.0,0.0,15.776,0.0,0.0,0.0,0.0,812.962,1.0,0.150386,-0.413854,-30.6396,0.0,0.0,0.0,0.0,0.0,,
0.000289975,8.9546e-08,641.931,155.178,1e-20,0.0,0.0,15.8521,0.0,0.0,0.0,0.0,812.961,1.0,0.149172,-0.418307,-30.6396,0.0,0.0,0.0,0.0,0.0,,
0.000291943,8.90993e-08,640.477,156.562,1e-20,0.0,0.0,15.9222,0.0,0.0,0.0,0.0,812.961,1.0,0.147786,-0.421994,-30.6396,0.0,0.0,0.0,0.0,0.0,,
0.000293992,8.9265e-08,638.986,157.982,1e-20,0.0,0.0,15.9928,0.0,0.0,0.0,0.0,812.961,1.0,0.146229,-0.425319,-30.6396,0.0,0.0,0.0,0.0,0.0,,
0.000295955,8.91613e-08,637.492,159.41,1e-20,0.0,0.0,16.0592,0.0,0.0,0.0,0.0,812.961,1.0,0.144736,-0.428137,-30.6396,0.0,0.0,0.0,0.0,0.0,,
0.000297916,8.9096e-08,635.87,160.962,1e-20,0.0,0.0,16.1283,0.0,0.0,0.0,0.0,812.961,1.0,0.143351,-0.430717,-30.6396,0.0,0.0,0.0,0.0,0.0,,
0.000299965,8.9074e-08,634.04,162.711,1e-20,0.0,0.0,16.21,0.0,0.0,0.0,0.0,812.961,1.0,0.142114,-0.433245,-30.6396,0.0,0.0,0.0,0.0,0.0,,
0.000301915,8.91135e-08,632.255,164.411,1e-20,0.0,0.0,16.2951,0.0,0.0,0.0,0.0,812.961,1.0,0.141176,-0.435538,-30.6396,0.0,0.0,0.0,0.0,0.0,,
0.000303976,9.0132e-08,630.571,166.037,1e-20,0.0,0.0,16.3531,0.0,0.0,0.0,0.0,812.961,1.0,0.140402,-0.43787,-30.6396,0.0,0.0,0.0,0.0,0.0,,
0.000305948,8.99742e-08,629.215,167.322,1e-20,0.0,0.0,16.423,0.0,0.0,0.0,0.0,812.961,1.0,0.139785,-0.440017,-30.6396,0.0,0.0,0.0,0.0,0.0,,
0.000307926,8.98115e-08,628.05,168.422,1e-20,0.0,0.0,16.4881,0.0,0.0,0.0,0.0,812.96,1.0,0.139215,-0.442045,-30.6396,0.0,0.0,0.0,0.0,0.0,,
0.000309989,8.95823e-08,627.006,169.402,1e-20,0.0,0.0,16.5524,0.0,0.0,0.0,0.0,812.96,1.0,0.138686,-0.443912,-30.6396,0.0,0.0,0.0,0.0,0.0,,
0.000311958,8.94738e-08,626.187,170.161,1e-20,0.0,0.0,16.6122,0.0,0.0,0.0,0.0,812.96,1.0,0.138308,-0.445338,-30.6396,0.0,0.0,0.0,0.0,0.0,,
0.000313927,8.94721e-08,625.572,170.715,1e-20,0.0,0.0,16.6732,0.0,0.0,0.0,0.0,812.96,1.0,0.138067,-0.446404,-30.6396,0.0,0.0,0.0,0.0,0.0,,
0.000315992,8.97683e-08,625.086,171.13,1e-20,0.0,0.0,16.7444,0.0,0.0,0.0,0.0,812.96,1.0,0.137885,-0.447285,-30.6396,0.0,0.0,0.0,0.0,0.0,,
0.000317979,9.05888e-08,624.697,171.445,1e-20,0.0,0.0,16.8179,0.0,0.0,0.0,0.0,812.96,1.0,0.137662,-0.448149,-30.6396,0.0,0.0,0.0,0.0,0.0,,
0.000319954,8.95119e-08,624.335,171.735,1e-20,0.0,0.0,16.8899,0.0,0.0,0.0,0.0,812.96,1.0,0.137288,-0.449255,-30.6396,0.0,0.0,0.0,0.0,0.0,,
0.000321922,8.90368e-08,623.951,172.053,1e-20,0.0,0.0,16.9566,0.0,0.0,0.0,0.0,812.96,1.0,0.136701,-0.450741,-30.6396,0.0,0.0,0.0,0.0,0.0,,
0.000323969,8.92563e-08,623.541,172.403,1e-20,0.0,0.0,17.0161,0.0,0.0,0.0,0.0,812.96,1.0,0.13587,-0.452789,-30.6396,0.0,0.0,0.0,0.0,0.0,,
0.000325935,8.92728e-08,623.256,172.638,1e-20,0.0,0.0,17.0649,0.0,0.0,0.0,0.0,812.96,1.0,0.134927,-0.455335,-30.6396,0.0,0.0,0.0,0.0,0.0,,
0.000327988,8.92642e-08,623.194,172.638,1e-20,0.0,0.0,17.1274,0.0,0.0,0.0,0.0,812.96,1.0,0.133878,-0.458704,-30.6396,0.0,0.0,0.0,0.0,0.0,,
0.000329952,8.93155e-08,623.46,172.323,1e-20,0.0,0.0,17.177,0.0,0.0,0.0,0.0,812.959,1.0,0.132892,-0.462638,-30.6396,0.0,0.0,0.0,0.0,0.0,,
0.000331918,8.94268e-08,624.189,171.577,1e-20,0.0,0.0,17.1931,0.0,0.0,0.0,0.0,812.959,1.0,0.131959,-0.467216,-30.6396,0.0,0.0,0.0,0.0,0.0,,
0.000333975,8.93613e-08,625.504,170.26,1e-20,0.0,0.0,17.1952,0.0,0.0,0.0,0.0,812.959,1.0,0.13103,-0.472547,-30.6396,0.0,0.0,0.0,0.0,0.0,,
0.000335938,8.91407e-08,627.167,168.586,1e-20,0.0,0.0,17.2065,0.0,0.0,0.0,0.0,812.959,1.0,0.130127,-0.477964,-30.6396,0.0,0.0,0.0,0.0,0.0,,
0.000337995,9.01543e-08,629.079,166.656,1e-20,0.0,0.0,17.2247,0.0,0.0,0.0,0.0,812.959,1.0,0.129101,-0.483792,-30.6396,0.0,0.0,0.0,0.0,0.0,,
0.000339978,9.00515e-08,630.759,164.951,1e-20,0.0,0.0,17.2503,0.0,0.0,0.0,0.0,812.959,1.0,0.128056,-0.489472,-30.6396,0.0,0.0,0.0,0.0,0.0,,
0.000341953,8.97675e-08,632.034,163.639,1e-20,0.0,0.0,17.286,0.0,0.0,0.0,0.0,812.959,1.0,0.127023,-0.495212,-30.6396,0.0,0.0,0.0,0.0,0.0,,
0.000343925,8.9444e-08,632.821,162.808,1e-20,0.0,0.0,17.3305,0.0,0.0,0.0,0.0,812.959,1.0,0.126045,-0.501107,-30.6396,0.0,0.0,0.0,0.0,0.0,,
0.000345979,8.91934e-08,633.139,162.431,1e-20,0.0,0.0,17.3896,0.0,0.0,0.0,0.0,812.959,1.0,0.125064,-0.507556,-30.6396,0.0,0.0,0.0,0.0,0.0,,
0.00034794,8.90823e-08,633.045,162.451,1e-20,0.0,0.0,17.4625,0.0,0.0,0.0,0.0,812.959,1.0,0.124122,-0.514123,-30.6396,0.0,0.0,0.0,0.0,0.0,,
0.000349989,8.91739e-08,632.604,162.816,1e-20,0.0,0.0,17.5386,0.0,0.0,0.0,0.0,812.959,1.0,0.123068,-0.521476,-30.6395,0.0,0.0,0.0,0.0,0.0,,
0.000351951,8.91863e-08,631.922,163.432,1e-20,0.0,0.0,17.6056,0.0,0.0,0.0,0.0,812.959,1.0,0.121934,-0.528963,-30.6395,0.0,0.0,0.0,0.0,0.0,,
0.000353912,8.89608e-08,631.174,164.115,1e-20,0.0,0.0,17.6695,0.0,0.0,0.0,0.0,812.959,1.0,0.120668,-0.536826,-30.6395,0.0,0.0,0.0,0.0,0.0,,
0.000355954,8.85991e-08,630.598,164.63,1e-20,0.0,0.0,17.7299,0.0,0.0,0.0,0.0,812.959,1.0,0.119208,-0.54537,-30.6395,0.0,0.0,0.0,0.0,0.0,,
0.000357988,8.81964e-08,630.344,164.837,1e-20,0.0,0.0,17.7785,0.0,0.0,0.0,0.0,812.959,1.0,0.117592,-0.554174,-30.6395,0.0,0.0,0.0,0.0,0.0,,
0.000359924,8.78063e-08,630.427,164.717,1e-20,0.0,0.0,17.8143,0.0,0.0,0.0,0.0,812.959,1.0,0.115877,-0.562748,-30.6395,0.0,0.0,0.0,0.0,0.0,,
0.00036194,8.7535e-08,630.862,164.254,1e-20,0.0,0.0,17.8421,0.0,0.0,0.0,0.0,812.959,1.0,0.113937,-0.571751,-30.6395,0.0,0.0,0.0,0.0,0.0,,
0.000363951,8.73946e-08,631.577,163.512,1e-20,0.0,0.0,17.8699,0.0,0.0,0.0,0.0,812.959,1.0,0.111962,-0.58068,-30.6395,0.0,0.0,0.0,0.0,0.0,,
0.000365975,8.97004e-08,632.454,162.6,1e-20,0.0,0.0,17.9048,0.0,0.0,0.0,0.0,812.959,1.0,0.110057,-0.589517,-30.6395,0.0,0.0,0.0,0.0,0.0,,
0.000367948,8.96359e-08,633.33,161.685,1e-20,0.0,0.0,17.9439,0.0,0.0,0.0,0.0,812.959,1.0,0.108353,-0.597981,-30.6395,0.0,0.0,0.0,0.0,0.0,,
0.000369917,8.93207e-08,634.163,160.809,1e-20,0.0,0.0,17.9867,0.0,0.0,0.0,0.0,812.959,1.0,0.106803,-0.606314,-30.6395,0.0,0.0,0.0,0.0,0.0,,
0.000371961,8.77993e-08,634.947,159.978,1e-20,0.0,0.0,18.034,0.0,0.0,0.0,0.0,812.959,1.0,0.105238,-0.614877,-30.6395,0.0,0.0,0.0,0.0,0.0,,
0.00037398,8.78094e-08,635.573,159.302,1e-20,0.0,0.0,18.0839,0.0,0.0,0.0,0.0,812.959,1.0,0.103565,-0.623243,-30.6395,0.0,0.0,0.0,0.0,0.0,,
0.000376,8.78255e-08,636.008,158.81,1e-20,0.0,0.0,18.1405,0.0,0.0,0.0,0.0,812.959,1.0,0.101645,-0.631485,-30.6395,0.0,0.0,0.0,0.0,0.0,,
0.000377958,8.94382e-08,636.216,158.544,1e-20,0.0,0.0,18.1995,0.0,0.0,0.0,0.0,812.959,1.0,0.0994932,-0.639325,-30.6395,0.0,0.0,0.0,0.0,0.0,,
0.00037992,8.91548e-08,636.171,158.53,1e-20,0.0,0.0,18.2579,0.0,0.0,0.0,0.0,812.959,1.0,0.0970593,-0.646992,-30.6395,0.0,0.0,0.0,0.0,0.0,,
0.000381972,8.9232e-08,635.838,158.804,1e-20,0.0,0.0,18.3174,0.0,0.0,0.0,0.0,812.959,1.0,0.0943064,-0.65471,-30.6395,0.0,0.0,0.0,0.0,0.0,,
0.000383934,8.91944e-08,635.338,159.248,1e-20,0.0,0.0,18.3731,0.0,0.0,0.0,0.0,812.959,1.0,0.0915911,-0.661698,-30.6395,0.0,0.0,0.0,0.0,0.0,,
0.000385986,8.91774e-08,634.802,159.727,1e-20,0.0,0.0,18.4309,0.0,0.0,0.0,0.0,812.959,1.0,0.0887854,-0.66853,-30.6395,0.0,0.0,0.0,0.0,0.0,,
0.000387948,8.91807e-08,634.381,160.093,1e-20,0.0,0.0,18.4854,0.0,0.0,0.0,0.0,812.959,1.0,0.0862063,-0.67465,-30.6395,0.0,0.0,0.0,0.0,0.0,,
0.000389999,8.92055e-08,634.026,160.392,1e-20,0.0,0.0,18.5419,0.0,0.0,0.0,0.0,812.959,1.0,0.0836607,-0.680718,-30.6395,0.0,0.0,0.0,0.0,0.0,,
0.000391962,8.91763e-08,633.708,160.657,1e-20,0.0,0.0,18.5945,0.0,0.0,0.0,0.0,812.959,1.0,0.0813704,-0.686319,-30.6395,0.0,0.0,0.0,0.0,0.0,,
0.000393921,8.90009e-08,633.351,160.964,1e-20,0.0,0.0,18.6448,0.0,0.0,0.0,0.0,812.959,1.0,0.0792317,-0.691807,-30.6395,0.0,0.0,0.0,0.0,0.0,,
0.000395968,8.89852e-08,632.897,161.344,1e-20,0.0,0.0,18.7183,0.0,0.0,0.0,0.0,812.959,1.0,0.0772158,-0.697497,-30.6395,0.0,0.0,0.0,0.0,0.0,,
0.000397933,8.94352e-08,632.344,161.732,1e-20,0.0,0.0,18.8831,0.0,0.0,0.0,0.0,812.96,1.0,0.0755665,-0.702948,-30.6395,0.0,0.0,0.0,0.0,0.0,,
0.000399989,8.93917e-08,631.678,162.26,1e-20,0.0,0.0,19.0224,0.0,0.0,0.0,0.0,812.96,1.0,0.0741797,-0.708676,-30.6395,0.0,0.0,0.0,0.0,0.0,,
0.000401955,8.93751e-08,631.072,162.783,1e-20,0.0,0.0,19.1058,0.0,0.0,0.0,0.0,812.96,1.0,0.0731996,-0.714228,-30.6395,0.0,0.0,0.0,0.0,0.0,,
0.000403924,8.95138e-08,630.625,163.131,1e-20,0.0,0.0,19.2048,0.0,0.0,0.0,0.0,812.96,1.0,0.0725138,-0.719887,-30.6395,0.0,0.0,0.0,0.0,0.0,,
0.000405982,8.94405e-08,630.516,163.235,1e-20,0.0,0.0,19.2094,0.0,0.0,0.0,0.0,812.96,1.0,0.0720161,-0.725857,-30.6395,0.0,0.0,0.0,0.0,0.0,,
0.000407949,8.93439e-08,630.751,163.068,1e-20,0.0,0.0,19.1414,0.0,0.0,0.0,0.0,812.96,1.0,0.0716685,-0.731503,-30.6395,0.0,0.0,0.0,0.0,0.0,,
0.000409913,8.92419e-08,631.168,162.704,1e-20,0.0,0.0,19.0883,0.0,0.0,0.0,0.0,812.961,1.0,0.0713334,-0.736931,-30.6395,0.0,0.0,0.0,0.0,0.0,,
0.000411966,8.92773e-08,631.735,162.257,1e-20,0.0,0.0,18.968,0.0,0.0,0.0,0.0,812.961,1.0,0.0708259,-0.742187,-30.6395,0.0,0.0,0.0,0.0,0.0,,
0.00041393,8.92623e-08,632.303,161.794,1e-20,0.0,0.0,18.8638,0.0,0.0,0.0,0.0,812.961,1.0,0.0701035,-0.746622,-30.6394,0.0,0.0,0.0,0.0,0.0,,
0.000415984,8.96023e-08,632.964,161.183,1e-20,0.0,0.0,18.8133,0.0,0.0,0.0,0.0,812.961,1.0,0.0691071,-0.750463,-30.6394,0.0,0.0,0.0,0.0,0.0,,
0.000417955,8.95427e-08,633.699,160.481,1e-20,0.0,0.0,18.7806,0.0,0.0,0.0,0.0,812.961,1.0,0.0679837,-0.75333,-30.6394,0.0,0.0,0.0,0.0,0.0,,
0.000419928,9.01076e-08,634.539,159.661,1e-20,0.0,0.0,18.7612,0.0,0.0,0.0,0.0,812.961,1.0,0.0667461,-0.755498,-30.6394,0.0,0.0,0.0,0.0,0.0,,
0.000421911,9.00932e-08,635.402,158.805,1e-20,0.0,0.0,18.7543,0.0,0.0,0.0,0.0,812.961,1.0,0.0654038,-0.757154,-30.6394,0.0,0.0,0.0,0.0,0.0,,
0.000423974,8.93132e-08,636.248,157.952,1e-20,0.0,0.0,18.7611,0.0,0.0,0.0,0.0,812.961,1.0,0.0638897,-0.758478,-30.6394,0.0,0.0,0.0,0.0,0.0,,
0.000425936,8.89874e-08,636.945,157.24,1e-20,0.0,0.0,18.7763,0.0,0.0,0.0,0.0,812.961,1.0,0.0623473,-0.759386,-30.6394,0.0,0.0,0.0,0.0,0.0,,
0.000427978,8.86249e-08,637.488,156.678,1e-20,0.0,0.0,18.7953,0.0,0.0,0.0,0.0,812.961,1.0,0.060656,-0.759917,-30.6394,0.0,0.0,0.0,0.0,0.0,,
0.000429925,8.83958e-08,637.836,156.313,1e-20,0.0,0.0,18.8123,0.0,0.0,0.0,0.0,812.961,1.0,0.0589307,-0.759994,-30.6393,0.0,0.0,0.0,0.0,0.0,,
0.000431958,8.83519e-08,637.99,156.145,1e-20,0.0,0.0,18.8261,0.0,0.0,0.0,0.0,812.961,1.0,0.0569713,-0.759619,-30.6393,0.0,0.0,0.0,0.0,0.0,,
0.000433991,8.84793e-08,638.003,156.124,1e-20,0.0,0.0,18.8344,0.0,0.0,0.0,0.0,812.962,1.0,0.0548494,-0.758764,-30.6393,0.0,0.0,0.0,0.0,0.0,,
0.000435955,8.93707e-08,637.957,156.167,1e-20,0.0,0.0,18.8372,0.0,0.0,0.0,0.0,812.962,1.0,0.0526711,-0.757498,-30.6393,0.0,0.0,0.0,0.0,0.0,,
0.000437921,8.93e-08,637.91,156.214,1e-20,0.0,0.0,18.8377,0.0,0.0,0.0,0.0,812.962,1.0,0.0503766,-0.755904,-30.6393,0.0,0.0,0.0,0.0,0.0,,
0.000439974,8.9251e-08,637.892,156.233,1e-20,0.0,0.0,18.837,0.0,0.0,0.0,0.0,812.962,1.00001,0.0478464,-0.754043,-30.6393,0.0,0.0,0.0,0.0,0.0,,
0.00044194,8.93527e-08,637.945,156.18,1e-20,0.0,0.0,18.8379,0.0,0.0,0.0,0.0,812.962,1.00001,0.0452968,-0.752211,-30.6392,0.0,0.0,0.0,0.0,0.0,,
0.000443992,8.91092e-08,638.114,156.009,1e-20,0.0,0.0,18.8396,0.0,0.0,0.0,0.0,812.962,1.00001,0.042503,-0.750362,-30.6392,0.0,0.0,0.0,0.0,0.0,,
0.000445948,8.89246e-08,638.349,155.773,1e-20,0.0,0.0,18.8401,0.0,0.0,0.0,0.0,812.962,1.00001,0.0397335,-0.748689,-30.6392,0.0,0.0,0.0,0.0,0.0,,
0.000447993,8.88423e-08,638.626,155.498,1e-20,0.0,0.0,18.839,0.0,0.0,0.0,0.0,812.962,1.00001,0.0367749,-0.74696,-30.6392,0.0,0.0,0.0,0.0,0.0,,
0.000449946,8.87036e-08,638.902,155.223,1e-20,0.0,0.0,18.8377,0.0,0.0,0.0,0.0,812.962,1.00001,0.0338904,-0.745192,-30.6391,0.0,0.0,0.0,0.0,0.0,,
0.000451985,8.857e-08,639.209,154.916,1e-20,0.0,0.0,18.8368,0.0,0.0,0.0,0.0,812.962,1.00001,0.0307465,-0.743085,-30.6391,0.0,0.0,0.0,0.0,0.0,,
0.000453933,8.85168e-08,639.548,154.579,1e-20,0.0,0.0,18.836,0.0,0.0,0.0,0.0,812.962,1.00001,0.0275341,-0.740744,-30.6391,0.0,0.0,0.0,0.0,0.0,,
0.000455982,8.95636e-08,639.996,154.126,1e-20,0.0,0.0,18.8401,0.0,0.0,0.0,0.0,812.962,1.00001,0.0238625,-0.737935,-30.639,0.0,0.0,0.0,0.0,0.0,,
0.000457961,8.96826e-08,640.533,153.574,1e-20,0.0,0.0,18.8554,0.0,0.0,0.0,0.0,812.962,1.00001,0.0200084,-0.734926,-30.639,0.0,0.0,0.0,0.0,0.0,,
0.000459933,8.96133e-08,641.167,152.9,1e-20,0.0,0.0,18.8957,0.0,0.0,0.0,0.0,812.962,1.00001,0.0158878,-0.731665,-30.639,0.0,0.0,0.0,0.0,0.0,,
0.000461978,8.87051e-08,641.897,152.098,1e-20,0.0,0.0,18.9674,0.0,0.0,0.0,0.0,812.962,1.00001,0.0113967,-0.728055,-30.6389,0.0,0.0,0.0,0.0,0.0,,
0.000463929,8.8682e-08,642.712,151.226,1e-20,0.0,0.0,19.0243,0.0,0.0,0.0,0.0,812.962,1.0,0.00698685,-0.724427,-30.6389,0.0,0.0,0.0,0.0,0.0,,
0.000465969,8.868e-08,643.709,150.175,1e-20,0.0,0.0,19.0776,0.0,0.0,0.0,0.0,812.962,1.0,0.00233545,-0.720455,-30.6388,0.0,0.0,0.0,0.0,0.0,,
0.000467926,8.96483e-08,644.723,149.144,1e-20,0.0,0.0,19.0954,0.0,0.0,0.0,0.0,812.962,1.0,-0.00212169,-0.71648,-30.6388,0.0,0.0,0.0,0.0,0.0,,
0.000469988,8.88774e-08,645.674,148.203,1e-20,0.0,0.0,19.084,0.0,0.0,0.0,0.0,812.961,1.0,-0.00684217,-0.71216,-30.6387,0.0,0.0,0.0,0.0,0.0,,
0.000471945,8.9003e-08,646.31,147.571,1e-20,0.0,0.0,19.0806,0.0,0.0,0.0,0.0,812.961,1.0,-0.0113894,-0.708021,-30.6387,0.0,0.0,0.0,0.0,0.0,,
0.000473993,8.90801e-08,646.63,147.269,1e-20,0.0,0.0,19.0625,0.0,0.0,0.0,0.0,812.962,1.0,-0.0162195,-0.703736,-30.6387,0.0,0.0,0.0,0.0,0.0,,
0.000475953,8.91169e-08,646.621,147.301,1e-20,0.0,0.0,19.0393,0.0,0.0,0.0,0.0,812.962,1.0,-0.020801,-0.699686,-30.6386,0.0,0.0,0.0,0.0,0.0,,
0.000477912,8.89938e-08,646.426,147.511,1e-20,0.0,0.0,19.0243,0.0,0.0,0.0,0.0,812.962,1.0,-0.0252067,-0.695621,-30.6385,0.0,0.0,0.0,0.0,0.0,,
0.000479958,8.9575e-08,646.121,147.829,1e-20,0.0,0.0,19.0116,0.0,0.0,0.0,0.0,812.962,1.0,-0.0295412,-0.691266,-30.6385,0.0,0.0,0.0,0.0,0.0,,
0.000481931,8.97293e-08,645.798,148.157,1e-20,0.0,0.0,19.0068,0.0,0.0,0.0,0.0,812.962,1.0,-0.0334787,-0.686923,-30.6384,0.0,0.0,0.0,0.0,0.0,,
0.000483996,8.9804e-08,645.484,148.465,1e-20,0.0,0.0,19.0121,0.0,0.0,0.0,0.0,812.962,1.0,-0.0373948,-0.682223,-30.6384,0.0,0.0,0.0,0.0,0.0,,
0.000485969,8.95927e-08,645.263,148.676,1e-20,0.0,0.0,19.0229,0.0,0.0,0.0,0.0,812.962,1.0,-0.0409323,-0.677548,-30.6383,0.0,0.0,0.0,0.0,0.0,,
0.00048794,8.99197e-08,645.077,148.849,1e-20,0.0,0.0,19.0358,0.0,0.0,0.0,0.0,812.962,1.0,-0.0442352,-0.672661,-30.6382,0.0,0.0,0.0,0.0,0.0,,
0.000489919,8.99416e-08,644.858,149.052,1e-20,0.0,0.0,19.0524,0.0,0.0,0.0,0.0,812.962,1.0,-0.0473136,-0.667565,-30.6382,0.0,0.0,0.0,0.0,0.0,,
0.000491968,8.92197e-08,644.491,149.4,1e-20,0.0,0.0,19.0706,0.0,0.0,0.0,0.0,812.962,1.0,-0.0502662,-0.662198,-30.6381,0.0,0.0,0.0,0.0,0.0,,
0.000493933,8.93642e-08,644.102,149.773,1e-20,0.0,0.0,19.0868,0.0,0.0,0.0,0.0,812.962,1.0,-0.0529071,-0.657072,-30.638,0.0,0.0,0.0,0.0,0.0,,
0.00049599,8.95326e-08,643.713,150.141,1e-20,0.0,0.0,19.1067,0.0,0.0,0.0,0.0,812.962,1.0,-0.0555159,-0.651721,-30.6379,0.0,0.0,0.0,0.0,0.0,,
0.000497962,8.96312e-08,643.409,150.43,1e-20,0.0,0.0,19.1228,0.0,0.0,0.0,0.0,812.961,1.0,-0.0578794,-0.646512,-30.6378,0.0,0.0,0.0,0.0,0.0,,
0.000499932,8.94581e-08,643.112,150.715,1e-20,0.0,0.0,19.1338,0.0,0.0,0.0,0.0,812.961,1.0,-0.0600956,-0.641156,-30.6377,0.0,0.0,0.0,0.0,0.0,,
0.000501991,9.09453e-08,642.824,150.995,1e-20,0.0,0.0,19.1419,0.0,0.0,0.0,0.0,812.961,1.0,-0.0622079,-0.635403,-30.6376,0.0,0.0,0.0,0.0,0.0,,
0.000503984,9.05193e-08,642.568,151.248,1e-20,0.0,0.0,19.1449,0.0,0.0,0.0,0.0,812.961,1.0,-0.0639894,-0.62974,-30.6375,0.0,0.0,0.0,0.0,0.0,,
0.000505971,9.01638e-08,642.368,151.448,1e-20,0.0,0.0,19.1449,0.0,0.0,0.0,0.0,812.961,1.0,-0.0654903,-0.624075,-30.6374,0.0,0.0,0.0,0.0,0.0,,
0.00050795,8.98749e-08,642.217,151.601,1e-20,0.0,0.0,19.143,0.0,0.0,0.0,0.0,812.961,1.0,-0.0666888,-0.618493,-30.6373,0.0,0.0,0.0,0.0,0.0,,
0.000509926,8.96665e-08,642.179,151.642,1e-20,0.0,0.0,19.1403,0.0,0.0,0.0,0.0,812.961,1.0,-0.0675252,-0.613032,-30.6371,0.0,0.0,0.0,0.0,0.0,,
0.000511986,8.94701e-08,642.293,151.529,1e-20,0.0,0.0,19.1376,0.0,0.0,0.0,0.0,812.961,1.0,-0.0679631,-0.607447,-30.637,0.0,0.0,0.0,0.0,0.0,,
0.000513953,8.93961e-08,642.651,151.174,1e-20,0.0,0.0,19.1352,0.0,0.0,0.0,0.0,812.96,1.0,-0.0679723,-0.602142,-30.6369,0.0,0.0,0.0,0.0,0.0,,
0.000515999,8.9192e-08,643.305,150.521,1e-20,0.0,0.0,19.1344,0.0,0.0,0.0,0.0,812.96,1.0,-0.0676183,-0.596542,-30.6367,0.0,0.0,0.0,0.0,0.0,,
0.000517967,8.95506e-08,644.181,149.643,1e-20,0.0,0.0,19.1357,0.0,0.0,0.0,0.0,812.96,1.0,-0.0670259,-0.591009,-30.6366,0.0,0.0,0.0,0.0,0.0,,
0.000519938,8.94979e-08,645.243,148.578,1e-20,0.0,0.0,19.1387,0.0,0.0,0.0,0.0,812.96,1.0,-0.0663252,-0.585295,-30.6364,0.0,0.0,0.0,0.0,0.0,,
0.000521996,8.94252e-08,646.466,147.351,1e-20,0.0,0.0,19.143,0.0,0.0,0.0,0.0,812.96,1.0,-0.0656282,-0.579124,-30.6363,0.0,0.0,0.0,0.0,0.0,,
0.000523962,8.93123e-08,647.686,146.125,1e-20,0.0,0.0,19.1489,0.0,0.0,0.0,0.0,812.96,1.0,-0.0650623,-0.573031,-30.6361,0.0,0.0,0.0,0.0,0.0,,
0.000525926,8.92269e-08,648.871,144.931,1e-20,0.0,0.0,19.1574,0.0,0.0,0.0,0.0,812.96,1.0,-0.0645882,-0.566866,-30.6359,0.0,0.0,0.0,0.0,0.0,,
0.000527978,8.92204e-08,649.987,143.806,1e-20,0.0,0.0,19.167,0.0,0.0,0.0,0.0,812.96,1.0,-0.0641156,-0.560605,-30.6357,0.0,0.0,0.0,0.0,0.0,,
0.000529939,8.90555e-08,650.826,142.958,1e-20,0.0,0.0,19.176,0.0,0.0,0.0,0.0,812.96,1.0,-0.0636018,-0.555129,-30.6355,0.0,0.0,0.0,0.0,0.0,,
0.000531992,8.94312e-08,651.405,142.365,1e-20,0.0,0.0,19.19,0.0,0.0,0.0,0.0,812.96,1.0,-0.0629309,-0.550268,-30.6353,0.0,0.0,0.0,0.0,0.0,,
0.000533955,8.91434e-08,651.685,142.064,1e-20,0.0,0.0,19.2109,0.0,0.0,0.0,0.0,812.96,1.0,-0.0621169,-0.546701,-30.6351,0.0,0.0,0.0,0.0,0.0,,
0.000535919,8.93439e-08,651.726,141.994,1e-20,0.0,0.0,19.2399,0.0,0.0,0.0,0.0,812.96,1.0,-0.0611364,-0.544325,-30.6349,0.0,0.0,0.0,0.0,0.0,,
0.000537973,8.93068e-08,651.585,142.098,1e-20,0.0,0.0,19.2772,0.0,0.0,0.0,0.0,812.96,1.0,-0.0599868,-0.543084,-30.6347,0.0,0.0,0.0,0.0,0.0,,
0.000539938,8.92653e-08,651.435,142.212,1e-20,0.0,0.0,19.3129,0.0,0.0,0.0,0.0,812.96,1.0,-0.0588611,-0.542889,-30.6345,0.0,0.0,0.0,0.0,0.0,,
0.000541989,8.91892e-08,651.411,142.201,1e-20,0.0,0.0,19.3479,0.0,0.0,0.0,0.0,812.96,1.0,-0.0577866,-0.543442,-30.6342,0.0,0.0,0.0,0.0,0.0,,
0.000543952,8.92245e-08,651.61,141.969,1e-20,0.0,0.0,19.3812,0.0,0.0,0.0,0.0,812.96,1.0,-0.0569584,-0.544479,-30.634,0.0,0.0,0.0,0.0,0.0,,
0.000545915,8.92559e-08,652.088,141.457,1e-20,0.0,0.0,19.4154,0.0,0.0,0.0,0.0,812.96,1.0,-0.0563708,-0.545889,-30.6337,0.0,0.0,0.0,0.0,0.0,,
0.000547968,8.92351e-08,652.851,140.66,1e-20,0.0,0.0,19.4493,0.0,0.0,0.0,0.0,812.96,1.0,-0.0559903,-0.547714,-30.6334,0.0,0.0,0.0,0.0,0.0,,
0.000549929,8.90523e-08,653.813,139.672,1e-20,0.0,0.0,19.4748,0.0,0.0,0.0,0.0,812.96,1.0,-0.0558197,-0.54977,-30.6331,0.0,0.0,0.0,0.0,0.0,,
0.000551977,8.90459e-08,655.051,138.412,1e-20,0.0,0.0,19.4971,0.0,0.0,0.0,0.0,812.96,1.0,-0.0558638,-0.552144,-30.6328,0.0,0.0,0.0,0.0,0.0,,
0.000553941,8.91949e-08,656.433,137.008,1e-20,0.0,0.0,19.5193,0.0,0.0,0.0,0.0,812.96,1.0,-0.0561756,-0.554472,-30.6325,0.0,0.0,0.0,0.0,0.0,,
0.00055599,8.90144e-08,657.829,135.588,1e-20,0.0,0.0,19.5435,0.0,0.0,0.0,0.0,812.96,1.0,-0.0568246,-0.556787,-30.6322,0.0,0.0,0.0,0.0,0.0,,
0.000557947,8.89348e-08,658.919,134.479,1e-20,0.0,0.0,19.5626,0.0,0.0,0.0,0.0,812.96,1.0,-0.0577161,-0.558836,-30.6319,0.0,0.0,0.0,0.0,0.0,,
0.000559998,8.90573e-08,659.667,133.709,1e-20,0.0,0.0,19.5845,0.0,0.0,0.0,0.0,812.96,1.0,-0.0588196,-0.560941,-30.6315,0.0,0.0,0.0,0.0,0.0,,
0.00056195,8.85941e-08,660.036,133.322,1e-20,0.0,0.0,19.6025,0.0,0.0,0.0,0.0,812.96,1.0,-0.059939,-0.563181,-30.6312,0.0,0.0,0.0,0.0,0.0,,
0.000563994,8.92964e-08,660.154,133.2,1e-20,0.0,0.0,19.607,0.0,0.0,0.0,0.0,812.961,1.0,-0.0611163,-0.566087,-30.6308,0.0,0.0,0.0,0.0,0.0,,
0.00056596,8.93329e-08,660.089,133.275,1e-20,0.0,0.0,19.5968,0.0,0.0,0.0,0.0,812.961,1.0,-0.0622517,-0.569638,-30.6304,0.0,0.0,0.0,0.0,0.0,,
0.000567926,8.96534e-08,659.903,133.476,1e-20,0.0,0.0,19.5818,0.0,0.0,0.0,0.0,812.961,1.0,-0.0634786,-0.574025,-30.63,0.0,0.0,0.0,0.0,0.0,,
0.000569987,8.96104e-08,659.689,133.703,1e-20,0.0,0.0,19.5692,0.0,0.0,0.0,0.0,812.961,1.0,-0.0650351,-0.579509,-30.6296,0.0,0.0,0.0,0.0,0.0,,
0.000571958,8.95654e-08,659.564,133.836,1e-20,0.0,0.0,19.5606,0.0,0.0,0.0,0.0,812.961,1.0,-0.0669661,-0.585469,-30.6292,0.0,0.0,0.0,0.0,0.0,,
0.000573929,8.963e-08,659.579,133.827,1e-20,0.0,0.0,19.5551,0.0,0.0,0.0,0.0,812.961,1.0,-0.0694813,-0.591928,-30.6288,0.0,0.0,0.0,0.0,0.0,,
0.00057599,8.97284e-08,659.728,133.679,1e-20,0.0,0.0,19.5541,0.0,0.0,0.0,0.0,812.961,1.0,-0.0728497,-0.598953,-30.6283,0.0,0.0,0.0,0.0,0.0,,
0.000577968,8.99815e-08,659.908,133.491,1e-20,0.0,0.0,19.5617,0.0,0.0,0.0,0.0,812.961,1.0,-0.0768314,-0.605675,-30.6278,0.0,0.0,0.0,0.0,0.0,,
0.000579948,9.00193e-08,660.057,133.329,1e-20,0.0,0.0,19.5752,0.0,0.0,0.0,0.0,812.961,1.0,-0.0814785,-0.612106,-30.6273,0.0,0.0,0.0,0.0,0.0,,
0.000581923,8.95639e-08,660.127,133.251,1e-20,0.0,0.0,19.5836,0.0,0.0,0.0,0.0,812.961,1.0,-0.0866083,-0.617951,-30.6269,0.0,0.0,0.0,0.0,0.0,,
0.000583985,8.98674e-08,660.074,133.297,1e-20,0.0,0.0,19.5902,0.0,0.0,0.0,0.0,812.961,1.0,-0.0922845,-0.6232,-30.6263,0.0,0.0,0.0,0.0,0.0,,
0.000585964,8.97964e-08,659.801,133.563,1e-20,0.0,0.0,19.5977,0.0,0.0,0.0,0.0,812.961,1.0,-0.0978635,-0.627279,-30.6258,0.0,0.0,0.0,0.0,0.0,,
0.000587939,8.96439e-08,659.316,134.039,1e-20,0.0,0.0,19.6062,0.0,0.0,0.0,0.0,812.961,1.0,-0.103463,-0.630358,-30.6252,0.0,0.0,0.0,0.0,0.0,,
0.00059,8.95474e-08,658.62,134.722,1e-20,0.0,0.0,19.6192,0.0,0.0,0.0,0.0,812.961,1.0,-0.109287,-0.632466,-30.6246,0.0,0.0,0.0,0.0,0.0,,
0.000591969,8.95303e-08,657.805,135.52,1e-20,0.0,0.0,19.6363,0.0,0.0,0.0,0.0,812.961,1.0,-0.114763,-0.633357,-30.6241,0.0,0.0,0.0,0.0,0.0,,
0.000593939,8.95276e-08,656.841,136.462,1e-20,0.0,0.0,19.6577,0.0,0.0,0.0,0.0,812.961,1.0,-0.120051,-0.633123,-30.6234,0.0,0.0,0.0,0.0,0.0,,
0.000595996,8.9206e-08,655.691,137.581,1e-20,0.0,0.0,19.6888,0.0,0.0,0.0,0.0,812.961,1.0,-0.125261,-0.631759,-30.6228,0.0,0.0,0.0,0.0,0.0,,
0.000597955,8.91e-08,654.514,138.722,1e-20,0.0,0.0,19.7251,0.0,0.0,0.0,0.0,812.961,1.0,-0.129821,-0.629572,-30.6221,0.0,0.0,0.0,0.0,0.0,,
0.000599914,8.89546e-08,653.398,139.801,1e-20,0.0,0.0,19.7615,0.0,0.0,0.0,0.0,812.961,1.0,-0.13387,-0.626732,-30.6215,0.0,0.0,0.0,0.0,0.0,,
0.000601959,8.88506e-08,652.46,140.701,1e-20,0.0,0.0,19.8001,0.0,0.0,0.0,0.0,812.961,1.0,-0.137457,-0.623245,-30.6208,0.0,0.0,0.0,0.0,0.0,,
0.000603913,8.88096e-08,651.85,141.276,1e-20,0.0,0.0,19.8348,0.0,0.0,0.0,0.0,812.961,1.0,-0.140242,-0.619485,-30.6201,0.0,0.0,0.0,0.0,0.0,,
0.000605961,8.90861e-08,651.517,141.578,1e-20,0.0,0.0,19.8656,0.0,0.0,0.0,0.0,812.961,1.0,-0.142537,-0.615124,-30.6193,0.0,0.0,0.0,0.0,0.0,,
0.000607921,8.90649e-08,651.446,141.624,1e-20,0.0,0.0,19.8909,0.0,0.0,0.0,0.0,812.961,1.0,-0.144257,-0.610546,-30.6186,0.0,0.0,0.0,0.0,0.0,,
0.000609969,8.90602e-08,651.473,141.572,1e-20,0.0,0.0,19.9158,0.0,0.0,0.0,0.0,812.961,1.0,-0.145716,-0.60532,-30.6178,0.0,0.0,0.0,0.0,0.0,,
0.000611928,8.89574e-08,651.417,141.604,1e-20,0.0,0.0,19.9398,0.0,0.0,0.0,0.0,812.961,1.0,-0.146904,-0.599899,-30.617,0.0,0.0,0.0,0.0,0.0,,
0.000613974,8.89469e-08,651.175,141.823,1e-20,0.0,0.0,19.9637,0.0,0.0,0.0,0.0,812.961,1.0,-0.148013,-0.593791,-30.6161,0.0,0.0,0.0,0.0,0.0,,
0.000615931,8.89503e-08,650.776,142.196,1e-20,0.0,0.0,19.989,0.0,0.0,0.0,0.0,812.961,1.0,-0.149006,-0.587522,-30.6153,0.0,0.0,0.0,0.0,0.0,,
0.000617977,8.8981e-08,650.288,142.653,1e-20,0.0,0.0,20.0206,0.0,0.0,0.0,0.0,812.961,1.0,-0.150002,-0.580577,-30.6144,0.0,0.0,0.0,14116.0,0.0,,
0.000619935,8.90414e-08,649.794,143.111,1e-20,0.0,0.0,20.0558,0.0,0.0,0.0,0.0,812.961,1.0,-0.150938,-0.573681,-30.6135,0.0,0.0,0.0,0.0,0.0,,
0.000621985,8.92124e-08,649.251,143.614,1e-20,0.0,0.0,20.096,0.0,0.0,0.0,0.0,812.961,1.0,-0.151937,-0.56637,-30.6126,0.0,0.0,0.0,0.0,0.0,,
0.000623956,8.93285e-08,648.696,144.134,1e-20,0.0,0.0,20.1321,0.0,0.0,0.0,0.0,812.961,1.0,-0.1529,-0.559367,-30.6116,0.0,0.0,0.0,0.0,0.0,,
0.000625922,8.93947e-08,648.126,144.673,1e-20,0.0,0.0,20.1622,0.0,0.0,0.0,0.0,812.961,1.0,-0.153789,-0.552418,-30.6106,0.0,0.0,0.0,0.0,0.0,,
0.000627977,8.93227e-08,647.547,145.227,1e-20,0.0,0.0,20.1872,0.0,0.0,0.0,0.0,812.961,1.0,-0.154563,-0.545145,-30.6096,0.0,0.0,0.0,0.0,0.0,,
0.000629941,8.92347e-08,647.071,145.683,1e-20,0.0,0.0,20.2073,0.0,0.0,0.0,0.0,812.961,1.0,-0.155061,-0.538131,-30.6086,0.0,0.0,0.0,0.0,0.0,,
0.000631992,8.91292e-08,646.725,146.011,1e-20,0.0,0.0,20.2257,0.0,0.0,0.0,0.0,812.961,1.0,-0.155249,-0.530689,-30.6075,0.0,0.0,0.0,0.0,0.0,,
0.000633952,8.89959e-08,646.617,146.104,1e-20,0.0,0.0,20.2399,0.0,0.0,0.0,0.0,812.961,1.0,-0.15509,-0.52347,-30.6064,0.0,0.0,0.0,0.0,0.0,,
0.000635998,8.88906e-08,646.793,145.917,1e-20,0.0,0.0,20.2515,0.0,0.0,0.0,0.0,812.961,1.0,-0.154588,-0.515895,-30.6053,0.0,0.0,0.0,0.0,0.0,,
0.00063796,8.94741e-08,647.164,145.535,1e-20,0.0,0.0,20.2618,0.0,0.0,0.0,0.0,812.961,1.0,-0.15377,-0.508694,-30.6041,0.0,0.0,0.0,0.0,0.0,,
0.000639929,8.95121e-08,647.591,145.096,1e-20,0.0,0.0,20.2735,0.0,0.0,0.0,0.0,812.961,1.0,-0.152592,-0.501629,-30.603,0.0,0.0,0.0,0.0,0.0,,
0.000641988,8.94892e-08,647.916,144.757,1e-20,0.0,0.0,20.2884,0.0,0.0,0.0,0.0,812.961,1.0,-0.151002,-0.494553,-30.6017,0.0,0.0,0.0,0.0,0.0,,
0.000643946,8.89418e-08,648.014,144.641,1e-20,0.0,0.0,20.3056,0.0,0.0,0.0,0.0,812.961,1.0,-0.149233,-0.488306,-30.6005,0.0,0.0,0.0,0.0,0.0,,
0.000645998,8.94017e-08,647.83,144.805,1e-20,0.0,0.0,20.3264,0.0,0.0,0.0,0.0,812.961,1.0,-0.147201,-0.482519,-30.5992,0.0,0.0,0.0,0.0,0.0,,
0.000647964,8.93978e-08,647.411,145.201,1e-20,0.0,0.0,20.3492,0.0,0.0,0.0,0.0,812.961,1.0,-0.145106,-0.477948,-30.5979,0.0,0.0,0.0,0.0,0.0,,
0.000649931,8.93413e-08,646.849,145.738,1e-20,0.0,0.0,20.375,0.0,0.0,0.0,0.0,812.961,1.0,-0.142888,-0.474526,-30.5966,0.0,0.0,0.0,0.0,0.0,,
0.000651987,8.96333e-08,646.224,146.331,1e-20,0.0,0.0,20.4057,0.0,0.0,0.0,0.0,812.961,1.0,-0.140533,-0.47226,-30.5951,0.0,0.0,0.0,0.0,0.0,,
0.000653956,8.94487e-08,645.61,146.913,1e-20,0.0,0.0,20.4384,0.0,0.0,0.0,0.0,812.961,1.0,-0.13839,-0.471315,-30.5937,0.0,0.0,0.0,0.0,0.0,,
0.000655923,8.92938e-08,644.938,147.549,1e-20,0.0,0.0,20.4744,0.0,0.0,0.0,0.0,812.962,1.0,-0.136493,-0.471408,-30.5923,0.0,0.0,0.0,0.0,0.0,,
0.000657977,8.93056e-08,644.138,148.308,1e-20,0.0,0.0,20.5151,0.0,0.0,0.0,0.0,812.962,1.0,-0.13485,-0.472316,-30.5908,0.0,0.0,0.0,0.0,0.0,,
0.000659937,8.88847e-08,643.324,149.082,1e-20,0.0,0.0,20.5561,0.0,0.0,0.0,0.0,812.962,1.0,-0.133594,-0.473631,-30.5893,0.0,0.0,0.0,0.0,0.0,,
0.000661978,8.8588e-08,642.469,149.886,1e-20,0.0,0.0,20.6077,0.0,0.0,0.0,0.0,812.962,1.0,-0.132547,-0.475116,-30.5877,0.0,0.0,0.0,0.0,0.0,,
0.000663926,8.84985e-08,641.661,150.633,1e-20,0.0,0.0,20.6679,0.0,0.0,0.0,0.0,812.962,1.00001,-0.131771,-0.476313,-30.5862,0.0,0.0,0.0,0.0,0.0,,
0.000665971,8.93935e-08,640.853,151.389,1e-20,0.0,0.0,20.7203,0.0,0.0,0.0,0.0,812.962,1.00001,-0.131202,-0.477004,-30.5845,0.0,0.0,0.0,0.0,0.0,,
0.000667935,8.91392e-08,640.135,152.062,1e-20,0.0,0.0,20.7661,0.0,0.0,0.0,0.0,812.962,1.00001,-0.130907,-0.476892,-30.5829,0.0,0.0,0.0,0.0,0.0,,
0.000669982,8.88789e-08,639.429,152.719,1e-20,0.0,0.0,20.8149,0.0,0.0,0.0,0.0,812.963,1.00001,-0.130837,-0.475864,-30.5811,0.0,0.0,0.0,0.0,0.0,,
0.000671945,8.93566e-08,638.702,153.403,1e-20,0.0,0.0,20.8581,0.0,0.0,0.0,0.0,812.963,1.00001,-0.130932,-0.473979,-30.5794,0.0,0.0,0.0,0.0,0.0,,
0.000673994,8.84518e-08,637.811,154.251,1e-20,0.0,0.0,20.9017,0.0,0.0,0.0,0.0,812.963,1.00001,-0.131075,-0.471026,-30.5776,0.0,0.0,0.0,14116.0,0.0,,
0.000675937,8.82456e-08,636.779,155.241,1e-20,0.0,0.0,20.9431,0.0,0.0,0.0,0.0,812.963,1.00001,-0.131077,-0.467214,-30.5759,0.0,0.0,0.0,0.0,0.0,,
0.000677965,8.80897e-08,635.506,156.47,1e-20,0.0,0.0,20.9871,0.0,0.0,0.0,0.0,812.963,1.00001,-0.130755,-0.462089,-30.574,0.0,0.0,0.0,0.0,0.0,,
0.00067999,8.80287e-08,634.081,157.851,1e-20,0.0,0.0,21.0317,0.0,0.0,0.0,0.0,812.964,1.00001,-0.129973,-0.455754,-30.5721,0.0,0.0,0.0,0.0,0.0,,
0.000681931,8.87477e-08,632.619,159.269,1e-20,0.0,0.0,21.0753,0.0,0.0,0.0,0.0,812.964,1.00001,-0.128788,-0.448573,-30.5702,0.0,0.0,0.0,0.0,0.0,,
0.000683971,8.85608e-08,630.986,160.854,1e-20,0.0,0.0,21.1241,0.0,0.0,0.0,0.0,812.964,1.00001,-0.1272,-0.439909,-30.5682,0.0,0.0,0.0,0.0,0.0,,
0.000685916,8.82819e-08,629.306,162.482,1e-20,0.0,0.0,21.1768,0.0,0.0,0.0,0.0,812.964,1.00001,-0.125535,-0.430623,-30.5662,0.0,0.0,0.0,0.0,0.0,,
0.000687943,8.80077e-08,627.405,164.32,1e-20,0.0,0.0,21.2385,0.0,0.0,0.0,0.0,812.964,1.00001,-0.123852,-0.419941,-30.5641,0.0,0.0,0.0,0.0,0.0,,
0.000689965,8.75768e-08,625.362,166.294,1e-20,0.0,0.0,21.3084,0.0,0.0,0.0,0.0,812.964,1.00001,-0.122405,-0.408346,-30.562,0.0,0.0,0.0,0.0,0.0,,
0.000691977,8.73946e-08,623.221,168.359,1e-20,0.0,0.0,21.3846,0.0,0.0,0.0,0.0,812.964,1.00001,-0.12135,-0.395954,-30.5598,0.0,0.0,0.0,0.0,0.0,,
0.000693986,8.72747e-08,621.039,170.459,1e-20,0.0,0.0,21.4668,0.0,0.0,0.0,0.0,812.965,1.00001,-0.120782,-0.382756,-30.5576,0.0,0.0,0.0,0.0,0.0,,
0.000695992,8.71531e-08,618.815,172.593,1e-20,0.0,0.0,21.5566,0.0,0.0,0.0,0.0,812.965,1.00001,-0.120695,-0.368728,-30.5554,0.0,0.0,0.0,0.0,0.0,,
0.000697995,8.70614e-08,616.497,174.815,1e-20,0.0,0.0,21.6534,0.0,0.0,0.0,0.0,812.965,1.00001,-0.12099,-0.353859,-30.5531,0.0,0.0,0.0,0.0,0.0,,
0.000699998,8.71033e-08,614.084,177.138,1e-20,0.0,0.0,21.7434,0.0,0.0,0.0,0.0,812.966,1.00001,-0.121523,-0.338165,-30.5508,0.0,0.0,0.0,0.0,0.0,,
0.000701915,8.71848e-08,611.73,179.418,1e-20,0.0,0.0,21.8187,0.0,0.0,0.0,0.0,812.966,1.00001,-0.12211,-0.322457,-30.5485,0.0,0.0,0.0,0.0,0.0,,
0.000703922,8.71914e-08,609.276,181.82,1e-20,0.0,0.0,21.8701,0.0,0.0,0.0,0.0,812.966,1.00001,-0.122675,-0.30545,-30.5461,0.0,0.0,0.0,0.0,0.0,,
0.000705926,8.70951e-08,606.901,184.173,1e-20,0.0,0.0,21.8927,0.0,0.0,0.0,0.0,812.967,1.00001,-0.123104,-0.28812,-30.5436,0.0,0.0,0.0,0.0,0.0,,
0.00070795,8.90921e-08,604.642,186.412,1e-20,0.0,0.0,21.9133,0.0,0.0,0.0,0.0,812.967,1.00001,-0.123306,-0.270565,-30.5411,0.0,0.0,0.0,0.0,0.0,,
0.000709998,8.90089e-08,602.536,188.521,1e-20,0.0,0.0,21.91,0.0,0.0,0.0,0.0,812.967,1.00001,-0.123166,-0.253095,-30.5385,0.0,0.0,0.0,0.0,0.0,,
0.000711954,8.8643e-08,600.726,190.347,1e-20,0.0,0.0,21.8942,0.0,0.0,0.0,0.0,812.967,1.00001,-0.122643,-0.237043,-30.536,0.0,0.0,0.0,0.0,0.0,,
0.000713918,8.93557e-08,599.118,191.972,1e-20,0.0,0.0,21.8772,0.0,0.0,0.0,0.0,812.967,1.00001,-0.121699,-0.221858,-30.5334,0.0,0.0,0.0,0.0,0.0,,
0.000715975,8.97837e-08,597.608,193.503,1e-20,0.0,0.0,21.8562,0.0,0.0,0.0,0.0,812.967,1.00001,-0.120238,-0.207148,-30.5306,0.0,0.0,0.0,0.0,0.0,,
0.000717937,8.81971e-08,596.269,194.855,1e-20,0.0,0.0,21.8432,0.0,0.0,0.0,0.0,812.967,1.00001,-0.118409,-0.194381,-30.5279,0.0,0.0,0.0,0.0,0.0,,
0.000719965,8.8087e-08,594.995,196.14,1e-20,0.0,0.0,21.8332,0.0,0.0,0.0,0.0,812.968,1.00001,-0.116093,-0.182545,-30.5251,0.0,0.0,0.0,0.0,0.0,,
0.00072199,8.80754e-08,593.917,197.228,1e-20,0.0,0.0,21.8232,0.0,0.0,0.0,0.0,812.968,1.00001,-0.113349,-0.172112,-30.5223,0.0,0.0,0.0,0.0,0.0,,
0.000723933,8.88124e-08,593.158,197.991,1e-20,0.0,0.0,21.8186,0.0,0.0,0.0,0.0,812.968,1.00001,-0.110336,-0.163377,-30.5195,0.0,0.0,0.0,0.0,0.0,,
0.000725975,8.86326e-08,592.659,198.489,1e-20,0.0,0.0,21.819,0.0,0.0,0.0,0.0,812.968,1.00001,-0.10681,-0.155462,-30.5165,0.0,0.0,0.0,0.0,0.0,,
0.000727922,8.8344e-08,592.401,198.747,1e-20,0.0,0.0,21.8202,0.0,0.0,0.0,0.0,812.968,1.00001,-0.103164,-0.149115,-30.5136,0.0,0.0,0.0,0.0,0.0,,
0.000729951,8.80879e-08,592.289,198.856,1e-20,0.0,0.0,21.8236,0.0,0.0,0.0,0.0,812.968,1.00001,-0.0991474,-0.143779,-30.5105,0.0,0.0,0.0,0.0,0.0,,
0.000731974,8.78375e-08,592.279,198.859,1e-20,0.0,0.0,21.8302,0.0,0.0,0.0,0.0,812.968,1.00001,-0.0949901,-0.139763,-30.5074,0.0,0.0,0.0,0.0,0.0,,
0.000733991,8.7603e-08,592.33,198.805,1e-20,0.0,0.0,21.8333,0.0,0.0,0.0,0.0,812.969,1.00001,-0.0907405,-0.137001,-30.5043,0.0,0.0,0.0,0.0,0.0,,
0.000735917,8.7435e-08,592.413,198.724,1e-20,0.0,0.0,21.832,0.0,0.0,0.0,0.0,812.969,1.00001,-0.0866494,-0.135409,-30.5012,0.0,0.0,0.0,0.0,0.0,,
0.000737927,8.73539e-08,592.549,198.59,1e-20,0.0,0.0,21.8305,0.0,0.0,0.0,0.0,812.969,1.00001,-0.0824268,-0.13467,-30.498,0.0,0.0,0.0,0.0,0.0,,
0.000739936,8.73524e-08,592.724,198.418,1e-20,0.0,0.0,21.8278,0.0,0.0,0.0,0.0,812.969,1.00001,-0.0783283,-0.134702,-30.4947,0.0,0.0,0.0,0.0,0.0,,
0.000741974,8.94534e-08,592.967,198.179,1e-20,0.0,0.0,21.8235,0.0,0.0,0.0,0.0,812.969,1.00001,-0.0743209,-0.135388,-30.4913,0.0,0.0,0.0,0.0,0.0,,
0.000743943,8.94909e-08,593.303,197.846,1e-20,0.0,0.0,21.8204,0.0,0.0,0.0,0.0,812.969,1.00001,-0.0705479,-0.136639,-30.488,0.0,0.0,0.0,0.0,0.0,,
0.000745979,8.75048e-08,593.802,197.349,1e-20,0.0,0.0,21.8191,0.0,0.0,0.0,0.0,812.969,1.00001,-0.0666389,-0.138568,-30.4845,0.0,0.0,0.0,0.0,0.0,,
0.000747914,8.91465e-08,594.432,196.716,1e-20,0.0,0.0,21.8214,0.0,0.0,0.0,0.0,812.97,1.00001,-0.0628421,-0.141011,-30.4811,0.0,0.0,0.0,0.0,0.0,,
0.000749971,8.9866e-08,595.251,195.893,1e-20,0.0,0.0,21.826,0.0,0.0,0.0,0.0,812.97,1.00001,-0.0586913,-0.144234,-30.4775,0.0,0.0,0.0,0.0,0.0,,
0.00075195,8.99072e-08,596.071,195.068,1e-20,0.0,0.0,21.8303,0.0,0.0,0.0,0.0,812.97,1.00001,-0.0546369,-0.147907,-30.474,0.0,0.0,0.0,0.0,0.0,,
0.000753929,8.9992e-08,596.802,194.332,1e-20,0.0,0.0,21.8354,0.0,0.0,0.0,0.0,812.97,1.00001,-0.0506328,-0.152078,-30.4704,0.0,0.0,0.0,0.0,0.0,,
0.000755998,8.98836e-08,597.387,193.742,1e-20,0.0,0.0,21.8417,0.0,0.0,0.0,0.0,812.97,1.00001,-0.0466226,-0.156821,-30.4666,0.0,0.0,0.0,0.0,0.0,,
0.000757977,8.99351e-08,597.729,193.39,1e-20,0.0,0.0,21.8505,0.0,0.0,0.0,0.0,812.97,1.00001,-0.0430486,-0.161535,-30.4629,0.0,0.0,0.0,0.0,0.0,,
0.000759954,8.97989e-08,597.856,193.245,1e-20,0.0,0.0,21.8684,0.0,0.0,0.0,0.0,812.97,1.00001,-0.0397411,-0.166271,-30.4591,0.0,0.0,0.0,0.0,0.0,,
0.000761928,8.9661e-08,597.823,193.265,1e-20,0.0,0.0,21.882,0.0,0.0,0.0,0.0,812.97,1.00001,-0.0366048,-0.170983,-30.4554,0.0,0.0,0.0,0.0,0.0,,
0.000763966,8.84287e-08,597.657,193.402,1e-20,0.0,0.0,21.9111,0.0,0.0,0.0,0.0,812.97,1.00001,-0.0333729,-0.175945,-30.4514,0.0,0.0,0.0,0.0,0.0,,
0.00076592,8.94144e-08,597.315,193.662,1e-20,0.0,0.0,21.9929,0.0,0.0,0.0,0.0,812.97,1.00002,-0.0301048,-0.181001,-30.4476,0.0,0.0,0.0,0.0,0.0,,
0.000767981,8.96045e-08,596.787,194.127,1e-20,0.0,0.0,22.0569,0.0,0.0,0.0,0.0,812.971,1.00002,-0.0263224,-0.186828,-30.4434,0.0,0.0,0.0,0.0,0.0,,
0.000769952,8.95819e-08,596.121,194.739,1e-20,0.0,0.0,22.1103,0.0,0.0,0.0,0.0,812.971,1.00002,-0.0223086,-0.192954,-30.4395,0.0,0.0,0.0,0.0,0.0,,
0.000771921,8.90962e-08,595.305,195.508,1e-20,0.0,0.0,22.1572,0.0,0.0,0.0,0.0,812.971,1.00002,-0.0179592,-0.199595,-30.4354,0.0,0.0,0.0,0.0,0.0,,
0.000773976,8.95852e-08,594.338,196.421,1e-20,0.0,0.0,22.2119,0.0,0.0,0.0,0.0,812.971,1.00002,-0.0132383,-0.206932,-30.4312,0.0,0.0,0.0,0.0,0.0,,
0.000775949,8.9747e-08,593.388,197.322,1e-20,0.0,0.0,22.2616,0.0,0.0,0.0,0.0,812.971,1.00002,-0.00873523,-0.214114,-30.427,0.0,0.0,0.0,0.0,0.0,,
0.000777923,8.96986e-08,592.493,198.166,1e-20,0.0,0.0,22.3121,0.0,0.0,0.0,0.0,812.971,1.00002,-0.00439749,-0.221256,-30.4228,0.0,0.0,0.0,0.0,0.0,,
0.000779985,8.99963e-08,591.64,198.973,1e-20,0.0,0.0,22.3587,0.0,0.0,0.0,0.0,812.972,1.00002,-0.000160756,-0.228625,-30.4184,0.0,0.0,0.0,0.0,0.0,,
0.000781958,8.95366e-08,590.826,199.745,1e-20,0.0,0.0,22.4008,0.0,0.0,0.0,0.0,812.972,1.00002,0.00353746,-0.235649,-30.4141,0.0,0.0,0.0,0.0,0.0,,
0.000783926,8.93699e-08,589.9,200.632,1e-20,0.0,0.0,22.4405,0.0,0.0,0.0,0.0,812.972,1.00002,0.00685163,-0.24262,-30.4098,0.0,0.0,0.0,0.0,0.0,,
0.000785978,8.92792e-08,588.707,201.794,1e-20,0.0,0.0,22.4724,0.0,0.0,0.0,0.0,812.973,1.00002,0.00989282,-0.249735,-30.4052,0.0,0.0,0.0,0.0,0.0,,
0.000787945,8.94155e-08,587.315,203.158,1e-20,0.0,0.0,22.4989,0.0,0.0,0.0,0.0,812.973,1.00002,0.0123946,-0.256309,-30.4008,0.0,0.0,0.0,0.0,0.0,,
0.00079,8.89097e-08,585.661,204.787,1e-20,0.0,0.0,22.5243,0.0,0.0,0.0,0.0,812.973,1.00002,0.0145812,-0.262915,-30.3962,0.0,0.0,0.0,0.0,0.0,,
0.000791959,8.9242e-08,583.997,206.426,1e-20,0.0,0.0,22.5493,0.0,0.0,0.0,0.0,812.973,1.00002,0.0162517,-0.268956,-30.3917,0.0,0.0,0.0,0.0,0.0,,
0.000793924,8.92912e-08,582.356,208.041,1e-20,0.0,0.0,22.5759,0.0,0.0,0.0,0.0,812.973,1.00002,0.0175168,-0.274654,-30.3873,0.0,0.0,0.0,0.0,0.0,,
0.000795977,8.92963e-08,580.706,209.666,1e-20,0.0,0.0,22.6006,0.0,0.0,0.0,0.0,812.973,1.00002,0.0184399,-0.280024,-30.3825,0.0,0.0,0.0,0.0,0.0,,
0.000797942,8.93278e-08,579.193,211.164,1e-20,0.0,0.0,22.6162,0.0,0.0,0.0,0.0,812.973,1.00002,0.0189774,-0.28439,-30.378,0.0,0.0,0.0,0.0,0.0,,
0.000799997,8.93853e-08,577.699,212.649,1e-20,0.0,0.0,22.6255,0.0,0.0,0.0,0.0,812.973,1.00002,0.0191625,-0.287983,-30.3732,0.0,0.0,0.0,0.0,0.0,,
0.000801964,8.94573e-08,576.344,213.997,1e-20,0.0,0.0,22.632,0.0,0.0,0.0,0.0,812.973,1.00002,0.0189419,-0.290415,-30.3687,0.0,0.0,0.0,0.0,0.0,,
0.000803933,8.95127e-08,575.033,215.305,1e-20,0.0,0.0,22.6363,0.0,0.0,0.0,0.0,812.974,1.00002,0.0183594,-0.291855,-30.364,0.0,0.0,0.0,0.0,0.0,,
0.000805996,8.95189e-08,573.646,216.686,1e-20,0.0,0.0,22.6413,0.0,0.0,0.0,0.0,812.974,1.00002,0.0174777,-0.292294,-30.3592,0.0,0.0,0.0,0.0,0.0,,
0.000807965,8.95139e-08,572.284,218.037,1e-20,0.0,0.0,22.6528,0.0,0.0,0.0,0.0,812.974,1.00002,0.0165081,-0.291669,-30.3545,0.0,0.0,0.0,0.0,0.0,,
0.000809935,8.95744e-08,570.913,219.388,1e-20,0.0,0.0,22.6724,0.0,0.0,0.0,0.0,812.974,1.00002,0.015481,-0.290117,-30.3498,0.0,0.0,0.0,0.0,0.0,,
0.000811913,9.01314e-08,569.567,220.706,1e-20,0.0,0.0,22.7004,0.0,0.0,0.0,0.0,812.974,1.00002,0.0144105,-0.287913,-30.3451,0.0,0.0,0.0,0.0,0.0,,
0.00081398,8.97923e-08,568.263,221.978,1e-20,0.0,0.0,22.7333,0.0,0.0,0.0,0.0,812.974,1.00002,0.0133072,-0.285277,-30.3401,0.0,0.0,0.0,0.0,0.0,,
0.000815957,8.99247e-08,567.184,223.028,1e-20,0.0,0.0,22.7627,0.0,0.0,0.0,0.0,812.974,1.00002,0.0123564,-0.282651,-30.3353,0.0,0.0,0.0,0.0,0.0,,
0.000817933,8.96936e-08,566.303,223.881,1e-20,0.0,0.0,22.7903,0.0,0.0,0.0,0.0,812.974,1.00002,0.0115898,-0.279973,-30.3305,0.0,0.0,0.0,0.0,0.0,,
0.000819994,8.94732e-08,565.594,224.561,1e-20,0.0,0.0,22.8201,0.0,0.0,0.0,0.0,812.974,1.00002,0.011029,-0.277042,-30.3255,0.0,0.0,0.0,0.0,0.0,,
0.00082196,8.92516e-08,565.13,224.996,1e-20,0.0,0.0,22.8487,0.0,0.0,0.0,0.0,812.974,1.00002,0.0106337,-0.274017,-30.3206,0.0,0.0,0.0,0.0,0.0,,
0.000823922,8.91393e-08,564.902,225.198,1e-20,0.0,0.0,22.8743,0.0,0.0,0.0,0.0,812.974,1.00002,0.0102048,-0.270766,-30.3158,0.0,0.0,0.0,0.0,0.0,,
0.000825975,8.92387e-08,564.912,225.169,1e-20,0.0,0.0,22.8932,0.0,0.0,0.0,0.0,812.975,1.00002,0.00961187,-0.267252,-30.3107,0.0,0.0,0.0,0.0,0.0,,
0.000827942,8.94474e-08,565.15,224.921,1e-20,0.0,0.0,22.9039,0.0,0.0,0.0,0.0,812.975,1.00002,0.00889438,-0.264034,-30.3058,0.0,0.0,0.0,0.0,0.0,,
0.000829998,8.93364e-08,565.573,224.493,1e-20,0.0,0.0,22.9083,0.0,0.0,0.0,0.0,812.975,1.00002,0.00796083,-0.261146,-30.3006,0.0,0.0,0.0,0.0,0.0,,
0.000831969,8.97097e-08,566.029,224.037,1e-20,0.0,0.0,22.9086,0.0,0.0,0.0,0.0,812.975,1.00002,0.00683092,-0.259135,-30.2957,0.0,0.0,0.0,0.0,0.0,,
0.000833941,8.95301e-08,566.399,223.661,1e-20,0.0,0.0,22.9146,0.0,0.0,0.0,0.0,812.975,1.00002,0.00550238,-0.258092,-30.2907,0.0,0.0,0.0,0.0,0.0,,
0.000835998,8.93388e-08,566.631,223.408,1e-20,0.0,0.0,22.9356,0.0,0.0,0.0,0.0,812.975,1.00002,0.00406629,-0.258139,-30.2855,0.0,0.0,0.0,0.0,0.0,,
0.000837963,8.97439e-08,566.784,223.221,1e-20,0.0,0.0,22.9693,0.0,0.0,0.0,0.0,812.975,1.00002,0.00284196,-0.259248,-30.2804,0.0,0.0,0.0,0.0,0.0,,
0.000839938,8.97819e-08,567.024,222.939,1e-20,0.0,0.0,23.0118,0.0,0.0,0.0,0.0,812.975,1.00002,0.00190247,-0.261344,-30.2754,0.0,0.0,0.0,0.0,0.0,,
0.000841914,8.9843e-08,567.437,222.486,1e-20,0.0,0.0,23.052,0.0,0.0,0.0,0.0,812.975,1.00002,0.00128644,-0.264352,-30.2703,0.0,0.0,0.0,0.0,0.0,,
0.000843982,8.99831e-08,568.111,221.773,1e-20,0.0,0.0,23.0905,0.0,0.0,0.0,0.0,812.974,1.00002,0.000938941,-0.268434,-30.2649,0.0,0.0,0.0,0.0,0.0,,
0.000845945,8.88583e-08,569.004,220.844,1e-20,0.0,0.0,23.1262,0.0,0.0,0.0,0.0,812.974,1.00002,0.000848569,-0.273223,-30.2598,0.0,0.0,0.0,0.0,0.0,,
0.000847994,8.91499e-08,570.201,219.613,1e-20,0.0,0.0,23.1598,0.0,0.0,0.0,0.0,812.974,1.00002,0.000987828,-0.279185,-30.2544,0.0,0.0,0.0,0.0,0.0,,
0.000849954,8.90635e-08,571.527,218.255,1e-20,0.0,0.0,23.1925,0.0,0.0,0.0,0.0,812.974,1.00002,0.00135344,-0.285735,-30.2493,0.0,0.0,0.0,0.0,0.0,,
0.000851913,8.88754e-08,572.942,216.811,1e-20,0.0,0.0,23.2208,0.0,0.0,0.0,0.0,812.974,1.00002,0.00199036,-0.292993,-30.2441,0.0,0.0,0.0,0.0,0.0,,
0.000853946,8.84967e-08,574.399,215.329,1e-20,0.0,0.0,23.2461,0.0,0.0,0.0,0.0,812.974,1.00002,0.002952,-0.301196,-30.2387,0.0,0.0,0.0,0.0,0.0,,
0.000855911,8.98683e-08,575.659,214.046,1e-20,0.0,0.0,23.2691,0.0,0.0,0.0,0.0,812.974,1.00002,0.0041299,-0.309691,-30.2334,0.0,0.0,0.0,0.0,0.0,,
0.000857977,8.9795e-08,576.698,212.978,1e-20,0.0,0.0,23.2977,0.0,0.0,0.0,0.0,812.974,1.00002,0.00557552,-0.319148,-30.2279,0.0,0.0,0.0,0.0,0.0,,
0.000859946,8.92451e-08,577.325,212.32,1e-20,0.0,0.0,23.3281,0.0,0.0,0.0,0.0,812.974,1.00002,0.00705138,-0.328574,-30.2226,0.0,0.0,0.0,0.0,0.0,,
0.000861911,8.96383e-08,577.565,212.049,1e-20,0.0,0.0,23.3592,0.0,0.0,0.0,0.0,812.974,1.00002,0.00848805,-0.338259,-30.2173,0.0,0.0,0.0,0.0,0.0,,
0.000863972,8.95293e-08,577.428,212.155,1e-20,0.0,0.0,23.3909,0.0,0.0,0.0,0.0,812.974,1.00002,0.00989677,-0.348516,-30.2117,0.0,0.0,0.0,0.0,0.0,,
0.00086594,8.9392e-08,577.004,212.554,1e-20,0.0,0.0,23.4155,0.0,0.0,0.0,0.0,812.974,1.00002,0.0111847,-0.358263,-30.2063,0.0,0.0,0.0,0.0,0.0,,
0.000867994,8.92084e-08,576.355,213.189,1e-20,0.0,0.0,23.4292,0.0,0.0,0.0,0.0,812.974,1.00002,0.012557,-0.36832,-30.2007,0.0,0.0,0.0,0.0,0.0,,
0.000869955,8.90139e-08,575.631,213.914,1e-20,0.0,0.0,23.4285,0.0,0.0,0.0,0.0,812.974,1.00002,0.0139956,-0.377785,-30.1953,0.0,0.0,0.0,0.0,0.0,,
0.000871911,8.88254e-08,574.878,214.677,1e-20,0.0,0.0,23.4185,0.0,0.0,0.0,0.0,812.974,1.00002,0.0156533,-0.387044,-30.1899,0.0,0.0,0.0,0.0,0.0,,
0.000873952,8.86591e-08,574.166,215.404,1e-20,0.0,0.0,23.4038,0.0,0.0,0.0,0.0,812.974,1.00002,0.0176932,-0.396427,-30.1842,0.0,0.0,0.0,0.0,0.0,,
0.00087599,8.8544e-08,573.651,215.94,1e-20,0.0,0.0,23.3829,0.0,0.0,0.0,0.0,812.974,1.00002,0.0200708,-0.40544,-30.1785,0.0,0.0,0.0,0.0,0.0,,
0.000877937,8.8474e-08,573.395,216.221,1e-20,0.0,0.0,23.3581,0.0,0.0,0.0,0.0,812.974,1.00002,0.0226549,-0.413697,-30.1731,0.0,0.0,0.0,0.0,0.0,,
0.000879971,8.84172e-08,573.333,216.303,1e-20,0.0,0.0,23.3368,0.0,0.0,0.0,0.0,812.974,1.00002,0.0255724,-0.421995,-30.1673,0.0,0.0,0.0,0.0,0.0,,
0.000881916,8.83568e-08,573.356,216.29,1e-20,0.0,0.0,23.3278,0.0,0.0,0.0,0.0,812.974,1.00002,0.0284584,-0.429637,-30.1619,0.0,0.0,0.0,0.0,0.0,,
0.000883947,8.82802e-08,573.316,216.334,1e-20,0.0,0.0,23.323,0.0,0.0,0.0,0.0,812.974,1.00002,0.0314908,-0.437235,-30.1561,0.0,0.0,0.0,0.0,0.0,,
0.000885977,8.82052e-08,573.088,216.566,1e-20,0.0,0.0,23.3204,0.0,0.0,0.0,0.0,812.974,1.00002,0.034436,-0.44424,-30.1503,0.0,0.0,0.0,0.0,0.0,,
0.000887917,8.8157e-08,572.61,217.038,1e-20,0.0,0.0,23.3256,0.0,0.0,0.0,0.0,812.974,1.00002,0.0371245,-0.450192,-30.1447,0.0,0.0,0.0,0.0,0.0,,
0.000889953,8.92156e-08,571.788,217.849,1e-20,0.0,0.0,23.3373,0.0,0.0,0.0,0.0,812.974,1.00002,0.0397969,-0.455518,-30.1389,0.0,0.0,0.0,0.0,0.0,,
0.000891999,8.88655e-08,570.7,218.925,1e-20,0.0,0.0,23.3482,0.0,0.0,0.0,0.0,812.973,1.00002,0.0422904,-0.459911,-30.1329,0.0,0.0,0.0,0.0,0.0,,
0.000893953,8.88428e-08,569.555,220.056,1e-20,0.0,0.0,23.3623,0.0,0.0,0.0,0.0,812.973,1.00002,0.0444738,-0.463286,-30.1273,0.0,0.0,0.0,0.0,0.0,,
0.000895995,8.84446e-08,568.374,221.217,1e-20,0.0,0.0,23.383,0.0,0.0,0.0,0.0,812.973,1.00002,0.0465953,-0.466079,-30.1213,0.0,0.0,0.0,0.0,0.0,,
0.000897936,8.90957e-08,567.287,222.28,1e-20,0.0,0.0,23.4067,0.0,0.0,0.0,0.0,812.973,1.00002,0.0485278,-0.468195,-30.1156,0.0,0.0,0.0,0.0,0.0,,
0.000899984,8.89508e-08,566.199,223.337,1e-20,0.0,0.0,23.4376,0.0,0.0,0.0,0.0,812.973,1.00002,0.0505797,-0.470044,-30.1096,0.0,0.0,0.0,0.0,0.0,,
0.000901939,8.88191e-08,565.273,224.222,1e-20,0.0,0.0,23.4786,0.0,0.0,0.0,0.0,812.973,1.00002,0.0526785,-0.471551,-30.1038,0.0,0.0,0.0,0.0,0.0,,
0.000903985,8.94996e-08,564.527,224.922,1e-20,0.0,0.0,23.5251,0.0,0.0,0.0,0.0,812.973,1.00002,0.055153,-0.4729,-30.0978,0.0,0.0,0.0,0.0,0.0,,
0.000905955,8.95564e-08,564.044,225.361,1e-20,0.0,0.0,23.569,0.0,0.0,0.0,0.0,812.973,1.00002,0.0578867,-0.473897,-30.0919,0.0,0.0,0.0,0.0,0.0,,
0.000907925,8.95968e-08,563.728,225.632,1e-20,0.0,0.0,23.6137,0.0,0.0,0.0,0.0,812.973,1.00002,0.0609061,-0.474497,-30.086,0.0,0.0,0.0,0.0,0.0,,
0.000909993,9.02891e-08,563.488,225.822,1e-20,0.0,0.0,23.6635,0.0,0.0,0.0,0.0,812.973,1.00002,0.0642606,-0.474689,-30.0798,0.0,0.0,0.0,0.0,0.0,,
0.000911967,8.88774e-08,563.274,225.984,1e-20,0.0,0.0,23.7159,0.0,0.0,0.0,0.0,812.973,1.00002,0.0676723,-0.474513,-30.0739,0.0,0.0,0.0,0.0,0.0,,
0.000913922,8.88465e-08,563.022,226.17,1e-20,0.0,0.0,23.781,0.0,0.0,0.0,0.0,812.973,1.00002,0.0712887,-0.474045,-30.0679,0.0,0.0,0.0,0.0,0.0,,
0.000915965,8.88242e-08,562.679,226.44,1e-20,0.0,0.0,23.8541,0.0,0.0,0.0,0.0,812.973,1.00002,0.0752378,-0.473251,-30.0617,0.0,0.0,0.0,0.0,0.0,,
0.000917926,8.98609e-08,562.276,226.764,1e-20,0.0,0.0,23.9329,0.0,0.0,0.0,0.0,812.973,1.00002,0.0791191,-0.472297,-30.0557,0.0,0.0,0.0,0.0,0.0,,
0.000919986,8.88489e-08,561.814,227.14,1e-20,0.0,0.0,24.0198,0.0,0.0,0.0,0.0,812.973,1.00002,0.0832467,-0.47128,-30.0494,0.0,0.0,0.0,0.0,0.0,,
0.000921941,8.90475e-08,561.385,227.494,1e-20,0.0,0.0,24.0939,0.0,0.0,0.0,0.0,812.973,1.00002,0.0872098,-0.470375,-30.0434,0.0,0.0,0.0,0.0,0.0,,
0.000923991,8.90732e-08,561.008,227.81,1e-20,0.0,0.0,24.1547,0.0,0.0,0.0,0.0,812.973,1.00002,0.0912432,-0.469539,-30.037,0.0,0.0,0.0,0.0,0.0,,
0.000925949,8.88897e-08,560.77,228.001,1e-20,0.0,0.0,24.2018,0.0,0.0,0.0,0.0,812.973,1.00002,0.0947777,-0.468945,-30.031,0.0,0.0,0.0,0.0,0.0,,
0.00092799,8.85766e-08,560.685,228.038,1e-20,0.0,0.0,24.2508,0.0,0.0,0.0,0.0,812.973,1.00002,0.0981847,-0.468526,-30.0246,0.0,0.0,0.0,0.0,0.0,,
0.000929936,8.82725e-08,560.781,227.897,1e-20,0.0,0.0,24.2945,0.0,0.0,0.0,0.0,812.973,1.00002,0.101243,-0.468196,-30.0185,0.0,0.0,0.0,0.0,0.0,,
0.000931964,8.80845e-08,561.087,227.554,1e-20,0.0,0.0,24.3316,0.0,0.0,0.0,0.0,812.973,1.00002,0.104235,-0.46791,-30.0121,0.0,0.0,0.0,0.0,0.0,,
0.000933998,8.91839e-08,561.625,226.984,1e-20,0.0,0.0,24.3632,0.0,0.0,0.0,0.0,812.973,1.00002,0.106956,-0.467745,-30.0057,0.0,0.0,0.0,0.0,0.0,,
0.00093596,8.91554e-08,562.374,226.213,1e-20,0.0,0.0,24.3866,0.0,0.0,0.0,0.0,812.973,1.00002,0.109271,-0.467748,-29.9995,0.0,0.0,0.0,0.0,0.0,,
0.000937925,8.94177e-08,563.361,225.208,1e-20,0.0,0.0,24.4042,0.0,0.0,0.0,0.0,812.973,1.00002,0.111297,-0.46796,-29.9933,0.0,0.0,0.0,0.0,0.0,,
0.000939981,8.94002e-08,564.589,223.971,1e-20,0.0,0.0,24.4125,0.0,0.0,0.0,0.0,812.973,1.00002,0.112989,-0.468387,-29.9867,0.0,0.0,0.0,0.0,0.0,,
0.000941948,8.94109e-08,565.863,222.696,1e-20,0.0,0.0,24.4135,0.0,0.0,0.0,0.0,812.973,1.00002,0.114142,-0.468893,-29.9804,0.0,0.0,0.0,0.0,0.0,,
0.000943992,8.85917e-08,567.211,221.353,1e-20,0.0,0.0,24.4084,0.0,0.0,0.0,0.0,812.972,1.00002,0.115006,-0.469348,-29.9738,0.0,0.0,0.0,0.0,0.0,,
0.00094594,8.84867e-08,568.467,220.107,1e-20,0.0,0.0,24.3976,0.0,0.0,0.0,0.0,812.972,1.00002,0.115435,-0.469537,-29.9676,0.0,0.0,0.0,0.0,0.0,,
0.000947974,8.83792e-08,569.72,218.869,1e-20,0.0,0.0,24.3825,0.0,0.0,0.0,0.0,812.972,1.00002,0.115196,-0.469381,-29.961,0.0,0.0,0.0,0.0,0.0,,
0.000949918,8.83813e-08,570.826,217.774,1e-20,0.0,0.0,24.3714,0.0,0.0,0.0,0.0,812.972,1.00002,0.114286,-0.468898,-29.9548,0.0,0.0,0.0,0.0,0.0,,
0.000951975,8.97282e-08,571.866,216.744,1e-20,0.0,0.0,24.3616,0.0,0.0,0.0,0.0,812.972,1.00002,0.112855,-0.468089,-29.9482,0.0,0.0,0.0,0.0,0.0,,
0.000953948,8.96016e-08,572.737,215.885,1e-20,0.0,0.0,24.3494,0.0,0.0,0.0,0.0,812.971,1.00002,0.111264,-0.467148,-29.9418,0.0,0.0,0.0,0.0,0.0,,
0.000955917,8.95076e-08,573.515,215.118,1e-20,0.0,0.0,24.3383,0.0,0.0,0.0,0.0,812.971,1.00002,0.109703,-0.466153,-29.9354,0.0,0.0,0.0,0.0,0.0,,
0.000957977,8.95248e-08,574.241,214.4,1e-20,0.0,0.0,24.3303,0.0,0.0,0.0,0.0,812.971,1.00002,0.108373,-0.46518,-29.9288,0.0,0.0,0.0,0.0,0.0,,
0.000959945,8.93931e-08,574.825,213.823,1e-20,0.0,0.0,24.323,0.0,0.0,0.0,0.0,812.971,1.00002,0.107477,-0.464517,-29.9224,0.0,0.0,0.0,0.0,0.0,,
0.000961994,8.90513e-08,575.29,213.365,1e-20,0.0,0.0,24.3155,0.0,0.0,0.0,0.0,812.971,1.00002,0.10681,-0.464232,-29.9158,0.0,0.0,0.0,0.0,0.0,,
0.000963954,8.90705e-08,575.63,213.031,1e-20,0.0,0.0,24.3104,0.0,0.0,0.0,0.0,812.971,1.00002,0.106267,-0.464357,-29.9094,0.0,0.0,0.0,0.0,0.0,,
0.000965914,8.90718e-08,575.916,212.75,1e-20,0.0,0.0,24.3042,0.0,0.0,0.0,0.0,812.971,1.00002,0.105792,-0.464807,-29.903,0.0,0.0,0.0,0.0,0.0,,
0.000967962,8.90083e-08,576.18,212.499,1e-20,0.0,0.0,24.2913,0.0,0.0,0.0,0.0,812.971,1.00002,0.105265,-0.465456,-29.8963,0.0,0.0,0.0,0.0,0.0,,
0.000969919,8.88965e-08,576.338,212.354,1e-20,0.0,0.0,24.2785,0.0,0.0,0.0,0.0,812.971,1.00002,0.10451,-0.466047,-29.89,0.0,0.0,0.0,0.0,0.0,,
0.000971964,8.89242e-08,576.295,212.405,1e-20,0.0,0.0,24.2699,0.0,0.0,0.0,0.0,812.971,1.00002,0.103294,-0.46638,-29.8833,0.0,0.0,0.0,0.0,0.0,,
0.00097392,8.88215e-08,575.976,212.731,1e-20,0.0,0.0,24.2635,0.0,0.0,0.0,0.0,812.97,1.00002,0.101666,-0.466265,-29.8769,0.0,0.0,0.0,0.0,0.0,,
0.000975964,8.88849e-08,575.348,213.366,1e-20,0.0,0.0,24.2572,0.0,0.0,0.0,0.0,812.97,1.00002,0.0994242,-0.465618,-29.8702,0.0,0.0,0.0,0.0,0.0,,
0.00097792,8.92435e-08,574.561,214.155,1e-20,0.0,0.0,24.2539,0.0,0.0,0.0,0.0,812.97,1.00002,0.0967861,-0.464451,-29.8638,0.0,0.0,0.0,0.0,0.0,,
0.000979976,8.91538e-08,573.665,215.054,1e-20,0.0,0.0,24.2517,0.0,0.0,0.0,0.0,812.97,1.00002,0.0935642,-0.462724,-29.8571,0.0,0.0,0.0,0.0,0.0,,
0.000981934,8.91459e-08,572.833,215.889,1e-20,0.0,0.0,24.248,0.0,0.0,0.0,0.0,812.97,1.00002,0.0901303,-0.460767,-29.8506,0.0,0.0,0.0,0.0,0.0,,
0.000983983,8.91138e-08,572.04,216.687,1e-20,0.0,0.0,24.2434,0.0,0.0,0.0,0.0,812.97,1.00002,0.0862643,-0.458475,-29.8439,0.0,0.0,0.0,0.0,0.0,,
0.000985943,8.91012e-08,571.381,217.35,1e-20,0.0,0.0,24.2394,0.0,0.0,0.0,0.0,812.97,1.00002,0.0823917,-0.456061,-29.8374,0.0,0.0,0.0,0.0,0.0,,
0.000987997,9.06322e-08,570.802,217.932,1e-20,0.0,0.0,24.236,0.0,0.0,0.0,0.0,812.97,1.00002,0.0781891,-0.453284,-29.8307,0.0,0.0,0.0,0.0,0.0,,
0.000989971,8.91565e-08,570.35,218.385,1e-20,0.0,0.0,24.2356,0.0,0.0,0.0,0.0,812.97,1.00002,0.0740409,-0.450246,-29.8241,0.0,0.0,0.0,0.0,0.0,,
0.000991936,8.94852e-08,570.007,218.723,1e-20,0.0,0.0,24.2407,0.0,0.0,0.0,0.0,812.97,1.00002,0.0698169,-0.446717,-29.8177,0.0,0.0,0.0,0.0,0.0,,
0.000993993,8.92758e-08,569.793,218.925,1e-20,0.0,0.0,24.2517,0.0,0.0,0.0,0.0,812.97,1.00001,0.0652976,-0.442419,-29.8108,0.0,0.0,0.0,0.0,0.0,,
0.000995956,8.91734e-08,569.699,219.005,1e-20,0.0,0.0,24.2664,0.0,0.0,0.0,0.0,812.97,1.00001,0.0608594,-0.437733,-29.8043,0.0,0.0,0.0,0.0,0.0,,
0.000997916,8.89968e-08,569.651,219.035,1e-20,0.0,0.0,24.2835,0.0,0.0,0.0,0.0,812.97,1.00001,0.0562872,-0.432501,-29.7978,0.0,0.0,0.0,0.0,0.0,,
0.000999961,8.88108e-08,569.587,219.079,1e-20,0.0,0.0,24.3037,0.0,0.0,0.0,0.0,812.97,1.00002,0.0514389,-0.426471,-29.791,0.0,0.0,0.0,0.0,0.0,,
0.00100191,8.87095e-08,569.499,219.144,1e-20,0.0,0.0,24.3269,0.0,0.0,0.0,0.0,812.97,1.00002,0.0468155,-0.420205,-29.7845,0.0,0.0,0.0,0.0,0.0,,
0.00100395,8.87255e-08,569.373,219.238,1e-20,0.0,0.0,24.3599,0.0,0.0,0.0,0.0,812.97,1.00002,0.0420206,-0.413115,-29.7778,0.0,0.0,0.0,0.0,0.0,,
0.00100591,8.99818e-08,569.225,219.349,1e-20,0.0,0.0,24.3963,0.0,0.0,0.0,0.0,812.971,1.00002,0.0374899,-0.405684,-29.7712,0.0,0.0,0.0,0.0,0.0,,
0.00100798,9.00091e-08,569.093,219.444,1e-20,0.0,0.0,24.4342,0.0,0.0,0.0,0.0,812.971,1.00002,0.0328473,-0.397077,-29.7643,0.0,0.0,0.0,0.0,0.0,,
0.00100996,9.00385e-08,569.066,219.434,1e-20,0.0,0.0,24.4704,0.0,0.0,0.0,0.0,812.971,1.00002,0.0285932,-0.388041,-29.7577,0.0,0.0,0.0,0.0,0.0,,
0.00101195,9.0025e-08,569.187,219.278,1e-20,0.0,0.0,24.5057,0.0,0.0,0.0,0.0,812.971,1.00002,0.0245786,-0.378123,-29.7511,0.0,0.0,0.0,0.0,0.0,,
0.00101399,8.89663e-08,569.459,218.972,1e-20,0.0,0.0,24.5398,0.0,0.0,0.0,0.0,812.971,1.00002,0.0207961,-0.366894,-29.7442,0.0,0.0,0.0,0.0,0.0,,
0.00101595,8.88714e-08,569.856,218.544,1e-20,0.0,0.0,24.5699,0.0,0.0,0.0,0.0,812.971,1.00002,0.0175955,-0.355142,-29.7376,0.0,0.0,0.0,0.0,0.0,,
0.00101799,8.86355e-08,570.427,217.942,1e-20,0.0,0.0,24.6018,0.0,0.0,0.0,0.0,812.971,1.00002,0.0147369,-0.341829,-29.7308,0.0,0.0,0.0,0.0,0.0,,
0.00101994,8.90809e-08,571.127,217.207,1e-20,0.0,0.0,24.6365,0.0,0.0,0.0,0.0,812.971,1.00002,0.0124805,-0.328195,-29.7242,0.0,0.0,0.0,0.0,0.0,,
0.001022,8.97441e-08,571.977,216.317,1e-20,0.0,0.0,24.6768,0.0,0.0,0.0,0.0,812.971,1.00002,0.0106381,-0.313169,-29.7173,0.0,0.0,0.0,0.0,0.0,,
0.00102397,8.968e-08,572.819,215.428,1e-20,0.0,0.0,24.7238,0.0,0.0,0.0,0.0,812.971,1.00002,0.00939933,-0.298372,-29.7106,0.0,0.0,0.0,0.0,0.0,,
0.00102595,9.00777e-08,573.609,214.585,1e-20,0.0,0.0,24.7759,0.0,0.0,0.0,0.0,812.971,1.00002,0.00863696,-0.283338,-29.704,0.0,0.0,0.0,0.0,0.0,,
0.00102793,9.02204e-08,574.326,213.819,1e-20,0.0,0.0,24.8257,0.0,0.0,0.0,0.0,812.971,1.00002,0.00826173,-0.268019,-29.6973,0.0,0.0,0.0,0.0,0.0,,
0.00102992,8.98969e-08,574.982,213.115,1e-20,0.0,0.0,24.8736,0.0,0.0,0.0,0.0,812.971,1.00002,0.00819924,-0.252573,-29.6906,0.0,0.0,0.0,0.0,0.0,,
0.00103198,8.95519e-08,575.642,212.404,1e-20,0.0,0.0,24.9249,0.0,0.0,0.0,0.0,812.971,1.00002,0.00840905,-0.236343,-29.6836,0.0,0.0,0.0,14116.0,0.0,,
0.00103394,8.92123e-08,576.238,211.756,1e-20,0.0,0.0,24.9768,0.0,0.0,0.0,0.0,812.971,1.00002,0.0088107,-0.220787,-29.6769,0.0,0.0,0.0,0.0,0.0,,
0.00103599,8.88868e-08,576.771,211.167,1e-20,0.0,0.0,25.0337,0.0,0.0,0.0,0.0,812.971,1.00002,0.00937179,-0.204311,-29.67,0.0,0.0,0.0,0.0,0.0,,
0.00103794,8.86443e-08,577.143,210.74,1e-20,0.0,0.0,25.0883,0.0,0.0,0.0,0.0,812.971,1.00002,0.00994305,-0.188333,-29.6633,0.0,0.0,0.0,0.0,0.0,,
0.00103998,8.848e-08,577.361,210.47,1e-20,0.0,0.0,25.1409,0.0,0.0,0.0,0.0,812.971,1.00002,0.0104955,-0.171378,-29.6564,0.0,0.0,0.0,0.0,0.0,,
0.00104192,8.83863e-08,577.398,210.387,1e-20,0.0,0.0,25.1867,0.0,0.0,0.0,0.0,812.971,1.00002,0.0110254,-0.154927,-29.6498,0.0,0.0,0.0,0.0,0.0,,
0.00104396,8.83666e-08,577.31,210.432,1e-20,0.0,0.0,25.2297,0.0,0.0,0.0,0.0,812.972,1.00002,0.0116789,-0.137493,-29.6428,0.0,0.0,0.0,0.0,0.0,,
0.00104592,8.99669e-08,577.197,210.496,1e-20,0.0,0.0,25.2788,0.0,0.0,0.0,0.0,812.972,1.00002,0.0124853,-0.120497,-29.6361,0.0,0.0,0.0,0.0,0.0,,
0.00104798,8.96656e-08,577.128,210.488,1e-20,0.0,0.0,25.3563,0.0,0.0,0.0,0.0,812.972,1.00002,0.013557,-0.102669,-29.6291,0.0,0.0,0.0,0.0,0.0,,
0.00104996,8.95415e-08,577.154,210.382,1e-20,0.0,0.0,25.4359,0.0,0.0,0.0,0.0,812.972,1.00002,0.0147902,-0.0859305,-29.6223,0.0,0.0,0.0,0.0,0.0,,
0.00105193,8.97597e-08,577.29,210.174,1e-20,0.0,0.0,25.5089,0.0,0.0,0.0,0.0,812.972,1.00002,0.0162297,-0.0695809,-29.6156,0.0,0.0,0.0,0.0,0.0,,
0.00105399,8.97135e-08,577.527,209.871,1e-20,0.0,0.0,25.5745,0.0,0.0,0.0,0.0,812.972,1.00002,0.017971,-0.0529819,-29.6085,0.0,0.0,0.0,0.0,0.0,,
0.00105596,8.91792e-08,577.78,209.572,1e-20,0.0,0.0,25.6208,0.0,0.0,0.0,0.0,812.973,1.00002,0.0198866,-0.0376583,-29.6017,0.0,0.0,0.0,0.0,0.0,,
0.00105793,8.95475e-08,578.007,209.313,1e-20,0.0,0.0,25.6528,0.0,0.0,0.0,0.0,812.973,1.00002,0.0220249,-0.0229278,-29.595,0.0,0.0,0.0,0.0,0.0,,
0.00105999,8.93036e-08,578.22,209.082,1e-20,0.0,0.0,25.6707,0.0,0.0,0.0,0.0,812.973,1.00002,0.0244253,-0.00814285,-29.5879,0.0,0.0,0.0,0.0,0.0,,
0.00106195,8.92628e-08,578.395,208.895,1e-20,0.0,0.0,25.6822,0.0,0.0,0.0,0.0,812.973,1.00002,0.026738,0.0052251,-29.5811,0.0,0.0,0.0,0.0,0.0,,
0.00106391,8.91897e-08,578.51,208.773,1e-20,0.0,0.0,25.6902,0.0,0.0,0.0,0.0,812.973,1.00002,0.0289038,0.01769,-29.5743,0.0,0.0,0.0,0.0,0.0,,
0.00106596,8.89545e-08,578.548,208.737,1e-20,0.0,0.0,25.6888,0.0,0.0,0.0,0.0,812.973,1.00002,0.030808,0.0296491,-29.5673,0.0,0.0,0.0,0.0,0.0,,
0.00106792,8.87584e-08,578.561,208.728,1e-20,0.0,0.0,25.6845,0.0,0.0,0.0,0.0,812.973,1.00002,0.0321012,0.0401042,-29.5605,0.0,0.0,0.0,0.0,0.0,,
0.00106996,8.86012e-08,578.628,208.664,1e-20,0.0,0.0,25.6814,0.0,0.0,0.0,0.0,812.974,1.00002,0.032778,0.050121,-29.5535,0.0,0.0,0.0,0.0,0.0,,
0.00107199,8.84977e-08,578.769,208.525,1e-20,0.0,0.0,25.6804,0.0,0.0,0.0,0.0,812.974,1.00002,0.0327839,0.0593171,-29.5464,0.0,0.0,0.0,0.0,0.0,,
0.00107395,8.90194e-08,578.91,208.382,1e-20,0.0,0.0,25.6818,0.0,0.0,0.0,0.0,812.974,1.00002,0.0322682,0.067445,-29.5396,0.0,0.0,0.0,0.0,0.0,,
0.00107599,8.88588e-08,578.972,208.319,1e-20,0.0,0.0,25.6834,0.0,0.0,0.0,0.0,812.974,1.00002,0.031316,0.0752053,-29.5325,0.0,0.0,0.0,0.0,0.0,,
0.00107795,8.95699e-08,578.909,208.38,1e-20,0.0,0.0,25.6856,0.0,0.0,0.0,0.0,812.975,1.00002,0.030103,0.0818446,-29.5257,0.0,0.0,0.0,0.0,0.0,,
0.00107992,8.9977e-08,578.766,208.522,1e-20,0.0,0.0,25.6869,0.0,0.0,0.0,0.0,812.975,1.00002,0.0285991,0.0878912,-29.5188,0.0,0.0,0.0,0.0,0.0,,
0.00108199,8.9838e-08,578.61,208.678,1e-20,0.0,0.0,25.6873,0.0,0.0,0.0,0.0,812.975,1.00002,0.0267253,0.0937817,-29.5116,0.0,0.0,0.0,0.0,0.0,,
0.00108396,8.95706e-08,578.506,208.78,1e-20,0.0,0.0,25.6891,0.0,0.0,0.0,0.0,812.975,1.00002,0.024613,0.0992883,-29.5048,0.0,0.0,0.0,0.0,0.0,,
0.00108594,8.9567e-08,578.445,208.838,1e-20,0.0,0.0,25.6918,0.0,0.0,0.0,0.0,812.975,1.00002,0.0220956,0.10491,-29.4979,0.0,0.0,0.0,0.0,0.0,,
0.00108798,8.88299e-08,578.411,208.868,1e-20,0.0,0.0,25.6961,0.0,0.0,0.0,0.0,812.975,1.00002,0.0189658,0.111039,-29.4907,0.0,0.0,0.0,0.0,0.0,,
0.00108993,8.88181e-08,578.382,208.89,1e-20,0.0,0.0,25.7026,0.0,0.0,0.0,0.0,812.975,1.00002,0.0154615,0.11729,-29.4839,0.0,0.0,0.0,0.0,0.0,,
0.00109198,8.87992e-08,578.334,208.927,1e-20,0.0,0.0,25.7143,0.0,0.0,0.0,0.0,812.975,1.00002,0.0113542,0.124241,-29.4767,0.0,0.0,0.0,0.0,0.0,,
0.00109393,8.87433e-08,578.285,208.961,1e-20,0.0,0.0,25.7297,0.0,0.0,0.0,0.0,812.976,1.00002,0.00720409,0.131206,-29.4699,0.0,0.0,0.0,0.0,0.0,,
0.00109597,8.85733e-08,578.259,208.971,1e-20,0.0,0.0,25.7457,0.0,0.0,0.0,0.0,812.976,1.00002,0.00294482,0.138663,-29.4627,0.0,0.0,0.0,0.0,0.0,,
0.00109794,9.06177e-08,578.257,208.959,1e-20,0.0,0.0,25.7598,0.0,0.0,0.0,0.0,812.976,1.00002,-0.000839204,0.145965,-29.4558,0.0,0.0,0.0,0.0,0.0,,
0.00109992,8.97108e-08,578.234,208.97,1e-20,0.0,0.0,25.7717,0.0,0.0,0.0,0.0,812.976,1.00002,-0.00422631,0.153435,-29.4488,0.0,0.0,0.0,0.0,0.0,,
0.00110196,8.83409e-08,578.144,209.051,1e-20,0.0,0.0,25.7812,0.0,0.0,0.0,0.0,812.976,1.00002,-0.00728718,0.161189,-29.4416,0.0,0.0,0.0,0.0,0.0,,
0.001104,8.85984e-08,577.995,209.192,1e-20,0.0,0.0,25.7888,0.0,0.0,0.0,0.0,812.976,1.00002,-0.0100227,0.168966,-29.4345,0.0,0.0,0.0,0.0,0.0,,
0.00110595,8.9205e-08,577.834,209.342,1e-20,0.0,0.0,25.8004,0.0,0.0,0.0,0.0,812.976,1.00002,-0.0123919,0.17643,-29.4276,0.0,0.0,0.0,0.0,0.0,,
0.00110791,8.90414e-08,577.69,209.475,1e-20,0.0,0.0,25.8111,0.0,0.0,0.0,0.0,812.977,1.00002,-0.0144814,0.183844,-29.4206,0.0,0.0,0.0,0.0,0.0,,
0.00110996,8.88171e-08,577.591,209.573,1e-20,0.0,0.0,25.8135,0.0,0.0,0.0,0.0,812.977,1.00002,-0.0163288,0.191443,-29.4134,0.0,0.0,0.0,0.0,0.0,,
0.00111191,8.86164e-08,577.536,209.62,1e-20,0.0,0.0,25.8209,0.0,0.0,0.0,0.0,812.977,1.00002,-0.0177436,0.198516,-29.4065,0.0,0.0,0.0,0.0,0.0,,
0.00111395,8.84662e-08,577.51,209.639,1e-20,0.0,0.0,25.828,0.0,0.0,0.0,0.0,812.977,1.00002,-0.0187367,0.205731,-29.3993,0.0,0.0,0.0,0.0,0.0,,
0.00111598,8.84027e-08,577.505,209.635,1e-20,0.0,0.0,25.8372,0.0,0.0,0.0,0.0,812.977,1.00002,-0.019163,0.212881,-29.3921,0.0,0.0,0.0,0.0,0.0,,
0.00111793,8.89083e-08,577.521,209.605,1e-20,0.0,0.0,25.8515,0.0,0.0,0.0,0.0,812.977,1.00002,-0.0190985,0.219763,-29.3851,0.0,0.0,0.0,0.0,0.0,,
0.00111998,8.87356e-08,577.547,209.562,1e-20,0.0,0.0,25.8684,0.0,0.0,0.0,0.0,812.978,1.00002,-0.0186272,0.227064,-29.3779,0.0,0.0,0.0,0.0,0.0,,
0.00112193,8.85438e-08,577.581,209.52,1e-20,0.0,0.0,25.8766,0.0,0.0,0.0,0.0,812.978,1.00002,-0.01793,0.234231,-29.3709,0.0,0.0,0.0,0.0,0.0,,
0.00112396,8.8338e-08,577.616,209.481,1e-20,0.0,0.0,25.8803,0.0,0.0,0.0,0.0,812.978,1.00002,-0.017077,0.241984,-29.3637,0.0,0.0,0.0,0.0,0.0,,
0.00112599,8.81889e-08,577.62,209.477,1e-20,0.0,0.0,25.8804,0.0,0.0,0.0,0.0,812.978,1.00002,-0.0161663,0.249977,-29.3565,0.0,0.0,0.0,0.0,0.0,,
0.00112794,8.96064e-08,577.548,209.55,1e-20,0.0,0.0,25.8803,0.0,0.0,0.0,0.0,812.978,1.00002,-0.0152341,0.257801,-29.3495,0.0,0.0,0.0,14116.0,0.0,,
0.00113,8.95139e-08,577.362,209.736,1e-20,0.0,0.0,25.8804,0.0,0.0,0.0,0.0,812.978,1.00002,-0.0141467,0.266196,-29.3422,0.0,0.0,0.0,0.0,0.0,,
0.00113196,8.89258e-08,577.094,210.003,1e-20,0.0,0.0,25.8817,0.0,0.0,0.0,0.0,812.978,1.00003,-0.0130047,0.274269,-29.3351,0.0,0.0,0.0,0.0,0.0,,
0.00113392,8.94384e-08,576.747,210.344,1e-20,0.0,0.0,25.8876,0.0,0.0,0.0,0.0,812.979,1.00003,-0.0117454,0.282361,-29.3281,0.0,0.0,0.0,0.0,0.0,,
0.00113598,8.97159e-08,576.303,210.777,1e-20,0.0,0.0,25.8984,0.0,0.0,0.0,0.0,812.979,1.00003,-0.010238,0.290904,-29.3207,0.0,0.0,0.0,0.0,0.0,,
0.00113795,8.95938e-08,575.852,211.217,1e-20,0.0,0.0,25.9104,0.0,0.0,0.0,0.0,812.979,1.00003,-0.00855157,0.299219,-29.3137,0.0,0.0,0.0,0.0,0.0,,
0.00114,8.8128e-08,575.443,211.613,1e-20,0.0,0.0,25.9223,0.0,0.0,0.0,0.0,812.979,1.00003,-0.00651255,0.308259,-29.3063,0.0,0.0,0.0,0.0,0.0,,
0.00114194,8.87468e-08,575.166,211.887,1e-20,0.0,0.0,25.926,0.0,0.0,0.0,0.0,812.979,1.00003,-0.00431123,0.317617,-29.2994,0.0,0.0,0.0,0.0,0.0,,
0.00114398,8.86201e-08,575.019,212.037,1e-20,0.0,0.0,25.9228,0.0,0.0,0.0,0.0,812.979,1.00003,-0.00176605,0.328443,-29.292,0.0,0.0,0.0,0.0,0.0,,
0.00114593,8.85004e-08,575.047,212.015,1e-20,0.0,0.0,25.9167,0.0,0.0,0.0,0.0,812.979,1.00003,0.000828679,0.339797,-29.285,0.0,0.0,0.0,0.0,0.0,,
0.00114796,8.84278e-08,575.238,211.83,1e-20,0.0,0.0,25.9113,0.0,0.0,0.0,0.0,812.979,1.00003,0.00358592,0.352587,-29.2777,0.0,0.0,0.0,0.0,0.0,,
0.00114992,8.92927e-08,575.525,211.546,1e-20,0.0,0.0,25.9083,0.0,0.0,0.0,0.0,812.98,1.00003,0.00621749,0.365576,-29.2706,0.0,0.0,0.0,0.0,0.0,,
0.00115197,8.90643e-08,575.868,211.206,1e-20,0.0,0.0,25.906,0.0,0.0,0.0,0.0,812.98,1.00003,0.00889701,0.379657,-29.2632,0.0,0.0,0.0,0.0,0.0,,
0.00115393,8.88202e-08,576.185,210.891,1e-20,0.0,0.0,25.9033,0.0,0.0,0.0,0.0,812.98,1.00003,0.0112908,0.393221,-29.2562,0.0,0.0,0.0,0.0,0.0,,
0.00115597,8.85933e-08,576.46,210.614,1e-20,0.0,0.0,25.9055,0.0,0.0,0.0,0.0,812.98,1.00003,0.0135195,0.40721,-29.2488,0.0,0.0,0.0,0.0,0.0,,
0.00115791,8.84461e-08,576.636,210.436,1e-20,0.0,0.0,25.9074,0.0,0.0,0.0,0.0,812.98,1.00003,0.015293,0.420236,-29.2417,0.0,0.0,0.0,0.0,0.0,,
0.00115995,8.83772e-08,576.729,210.348,1e-20,0.0,0.0,25.9024,0.0,0.0,0.0,0.0,812.98,1.00003,0.0166609,0.433443,-29.2343,0.0,0.0,0.0,0.0,0.0,,
0.00116198,8.83637e-08,576.728,210.355,1e-20,0.0,0.0,25.897,0.0,0.0,0.0,0.0,812.98,1.00003,0.0174377,0.446307,-29.227,0.0,0.0,0.0,0.0,0.0,,
0.00116394,8.94002e-08,576.614,210.474,1e-20,0.0,0.0,25.8923,0.0,0.0,0.0,0.0,812.98,1.00003,0.0175776,0.45854,-29.2198,0.0,0.0,0.0,0.0,0.0,,
0.00116599,8.84012e-08,576.364,210.729,1e-20,0.0,0.0,25.8879,0.0,0.0,0.0,0.0,812.98,1.00003,0.017091,0.471289,-29.2124,0.0,0.0,0.0,14116.0,0.0,,
0.00116794,8.84477e-08,576.013,211.083,1e-20,0.0,0.0,25.8847,0.0,0.0,0.0,0.0,812.98,1.00003,0.0161004,0.483475,-29.2053,0.0,0.0,0.0,0.0,0.0,,
0.00116998,8.9363e-08,575.535,211.564,1e-20,0.0,0.0,25.8825,0.0,0.0,0.0,0.0,812.981,1.00003,0.0146317,0.496435,-29.1979,0.0,0.0,0.0,0.0,0.0,,
0.00117196,8.99093e-08,574.965,212.133,1e-20,0.0,0.0,25.8836,0.0,0.0,0.0,0.0,812.981,1.00003,0.0129481,0.509057,-29.1907,0.0,0.0,0.0,0.0,0.0,,
0.00117392,8.89327e-08,574.287,212.789,1e-20,0.0,0.0,25.9054,0.0,0.0,0.0,0.0,812.981,1.00003,0.0111771,0.521743,-29.1835,0.0,0.0,0.0,0.0,0.0,,
0.00117598,9.01057e-08,573.498,213.547,1e-20,0.0,0.0,25.936,0.0,0.0,0.0,0.0,812.981,1.00003,0.00938703,0.535018,-29.176,0.0,0.0,0.0,0.0,0.0,,
0.00117796,8.97263e-08,572.755,214.261,1e-20,0.0,0.0,25.9647,0.0,0.0,0.0,0.0,812.982,1.00003,0.00778976,0.547482,-29.1688,0.0,0.0,0.0,0.0,0.0,,
0.00117993,8.95718e-08,572.096,214.882,1e-20,0.0,0.0,26.0039,0.0,0.0,0.0,0.0,812.982,1.00003,0.00625059,0.559445,-29.1615,0.0,0.0,0.0,0.0,0.0,,
0.00118191,8.99883e-08,571.535,215.393,1e-20,0.0,0.0,26.0546,0.0,0.0,0.0,0.0,812.982,1.00003,0.00464225,0.570793,-29.1543,0.0,0.0,0.0,0.0,0.0,,
0.00118397,8.97617e-08,571.052,215.83,1e-20,0.0,0.0,26.1002,0.0,0.0,0.0,0.0,812.982,1.00003,0.00276623,0.58179,-29.1467,0.0,0.0,0.0,0.0,0.0,,
0.00118598,8.55891e-08,570.696,216.156,1e-20,0.0,0.0,26.1294,0.0,0.0,0.0,0.0,812.982,1.00003,0.000596003,0.591786,-29.1393,0.0,0.0,0.0,0.0,0.0,,
0.00118796,8.76896e-08,570.377,216.433,1e-20,0.0,0.0,26.1711,0.0,0.0,0.0,0.0,812.982,1.00003,-0.00188938,0.600855,-29.132,0.0,0.0,0.0,0.0,0.0,,
0.00118992,8.94238e-08,570.025,216.745,1e-20,0.0,0.0,26.2115,0.0,0.0,0.0,0.0,812.982,1.00003,-0.00465785,0.609259,-29.1248,0.0,0.0,0.0,0.0,0.0,,
0.00119197,8.91152e-08,569.559,217.172,1e-20,0.0,0.0,26.2518,0.0,0.0,0.0,0.0,812.982,1.00003,-0.00776796,0.617552,-29.1173,0.0,0.0,0.0,0.0,0.0,,
0.00119392,8.90923e-08,568.888,217.803,1e-20,0.0,0.0,26.2914,0.0,0.0,0.0,0.0,812.982,1.00003,-0.0107944,0.625007,-29.1101,0.0,0.0,0.0,0.0,0.0,,
0.00119597,8.88459e-08,567.948,218.702,1e-20,0.0,0.0,26.3325,0.0,0.0,0.0,0.0,812.982,1.00003,-0.01384,0.632347,-29.1026,0.0,0.0,0.0,0.0,0.0,,
0.00119792,8.87045e-08,566.859,219.739,1e-20,0.0,0.0,26.3847,0.0,0.0,0.0,0.0,812.983,1.00003,-0.0163858,0.638719,-29.0953,0.0,0.0,0.0,0.0,0.0,,
0.00119996,8.84205e-08,565.594,220.941,1e-20,0.0,0.0,26.4468,0.0,0.0,0.0,0.0,812.983,1.00003,-0.0184812,0.644506,-29.0878,0.0,0.0,0.0,0.0,0.0,,
0.00120199,8.80888e-08,564.22,222.244,1e-20,0.0,0.0,26.5188,0.0,0.0,0.0,0.0,812.983,1.00003,-0.0198832,0.649215,-29.0803,0.0,0.0,0.0,0.0,0.0,,
0.00120392,8.79159e-08,562.848,223.534,1e-20,0.0,0.0,26.6009,0.0,0.0,0.0,0.0,812.983,1.00003,-0.0205647,0.652555,-29.0731,0.0,0.0,0.0,0.0,0.0,,
0.00120595,8.94044e-08,561.356,224.933,1e-20,0.0,0.0,26.6935,0.0,0.0,0.0,0.0,812.983,1.00003,-0.0206953,0.654651,-29.0656,0.0,0.0,0.0,0.0,0.0,,
0.001208,8.79871e-08,559.83,226.366,1e-20,0.0,0.0,26.7874,0.0,0.0,0.0,0.0,812.983,1.00003,-0.0204137,0.655094,-29.058,0.0,0.0,0.0,0.0,0.0,,
0.00120996,8.93836e-08,558.404,227.713,1e-20,0.0,0.0,26.8668,0.0,0.0,0.0,0.0,812.983,1.00003,-0.0199716,0.653863,-29.0507,0.0,0.0,0.0,0.0,0.0,,
0.00121199,8.82733e-08,557.014,229.027,1e-20,0.0,0.0,26.9423,0.0,0.0,0.0,0.0,812.983,1.00003,-0.0195339,0.650934,-29.0432,0.0,0.0,0.0,0.0,0.0,,
0.00121393,8.81512e-08,555.783,230.177,1e-20,0.0,0.0,27.0238,0.0,0.0,0.0,0.0,812.984,1.00003,-0.0192707,0.646689,-29.0359,0.0,0.0,0.0,0.0,0.0,,
0.00121596,8.77819e-08,554.571,231.301,1e-20,0.0,0.0,27.112,0.0,0.0,0.0,0.0,812.984,1.00003,-0.0192758,0.640896,-29.0284,0.0,0.0,0.0,0.0,0.0,,
0.00121797,8.7512e-08,553.497,232.327,1e-20,0.0,0.0,27.1602,0.0,0.0,0.0,0.0,812.984,1.00003,-0.0196208,0.633905,-29.0209,0.0,0.0,0.0,0.0,0.0,,
0.00122,8.82747e-08,552.566,233.219,1e-20,0.0,0.0,27.199,0.0,0.0,0.0,0.0,812.985,1.00003,-0.0202302,0.625898,-29.0133,0.0,0.0,0.0,0.0,0.0,,
0.00122192,8.635e-08,551.778,233.961,1e-20,0.0,0.0,27.2455,0.0,0.0,0.0,0.0,812.985,1.00003,-0.0208932,0.617639,-29.0061,0.0,0.0,0.0,0.0,0.0,,
0.00122391,8.74858e-08,551.018,234.662,1e-20,0.0,0.0,27.3048,0.0,0.0,0.0,0.0,812.985,1.00003,-0.0215141,0.608673,-28.9987,0.0,0.0,0.0,0.0,0.0,,
0.00122594,8.81878e-08,550.286,235.325,1e-20,0.0,0.0,27.3744,0.0,0.0,0.0,0.0,812.985,1.00003,-0.0219373,0.599229,-28.9911,0.0,0.0,0.0,0.0,0.0,,
0.00122797,8.8226e-08,549.617,235.925,1e-20,0.0,0.0,27.4435,0.0,0.0,0.0,0.0,812.985,1.00003,-0.0220024,0.589459,-28.9835,0.0,0.0,0.0,0.0,0.0,,
0.00123,8.81289e-08,549.051,236.424,1e-20,0.0,0.0,27.5109,0.0,0.0,0.0,0.0,812.985,1.00003,-0.0216096,0.579355,-28.9759,0.0,0.0,0.0,0.0,0.0,,
0.00123193,8.80672e-08,548.632,236.777,1e-20,0.0,0.0,27.5767,0.0,0.0,0.0,0.0,812.986,1.00003,-0.0207521,0.569412,-28.9686,0.0,0.0,0.0,0.0,0.0,,
0.00123399,9.00142e-08,548.339,237.004,1e-20,0.0,0.0,27.6433,0.0,0.0,0.0,0.0,812.986,1.00003,-0.0192717,0.558605,-28.9609,0.0,0.0,0.0,0.0,0.0,,
0.00123595,8.85183e-08,548.191,237.091,1e-20,0.0,0.0,27.7042,0.0,0.0,0.0,0.0,812.986,1.00003,-0.0172832,0.54796,-28.9535,0.0,0.0,0.0,0.0,0.0,,
0.00123797,8.72008e-08,548.143,237.075,1e-20,0.0,0.0,27.7679,0.0,0.0,0.0,0.0,812.986,1.00003,-0.0147543,0.53668,-28.9459,0.0,0.0,0.0,0.0,0.0,,
0.00123992,8.86016e-08,548.134,237.019,1e-20,0.0,0.0,27.8338,0.0,0.0,0.0,0.0,812.986,1.00004,-0.0120327,0.525363,-28.9385,0.0,0.0,0.0,0.0,0.0,,
0.00124196,9.00995e-08,548.079,237.005,1e-20,0.0,0.0,27.9026,0.0,0.0,0.0,0.0,812.987,1.00004,-0.00913728,0.513076,-28.9308,0.0,0.0,0.0,0.0,0.0,,
0.00124394,9.00491e-08,547.89,237.131,1e-20,0.0,0.0,27.9658,0.0,0.0,0.0,0.0,812.987,1.00004,-0.0064589,0.500697,-28.9234,0.0,0.0,0.0,0.0,0.0,,
0.00124592,9.00011e-08,547.47,237.495,1e-20,0.0,0.0,28.0224,0.0,0.0,0.0,0.0,812.987,1.00004,-0.00405098,0.487925,-28.9159,0.0,0.0,0.0,0.0,0.0,,
0.00124799,9.01705e-08,546.731,238.175,1e-20,0.0,0.0,28.0814,0.0,0.0,0.0,0.0,812.987,1.00004,-0.00190392,0.474299,-28.908,0.0,0.0,0.0,0.0,0.0,,
0.00124996,8.97293e-08,545.702,239.145,1e-20,0.0,0.0,28.1405,0.0,0.0,0.0,0.0,812.988,1.00004,-0.00021533,0.461283,-28.9005,0.0,0.0,0.0,0.0,0.0,,
0.00125194,8.94851e-08,544.408,240.379,1e-20,0.0,0.0,28.2007,0.0,0.0,0.0,0.0,812.988,1.00004,0.00113086,0.448522,-28.893,0.0,0.0,0.0,0.0,0.0,,
0.00125391,9.00061e-08,542.93,241.799,1e-20,0.0,0.0,28.2594,0.0,0.0,0.0,0.0,812.988,1.00004,0.0021771,0.436216,-28.8856,0.0,0.0,0.0,0.0,0.0,,
0.00125598,8.98714e-08,541.32,243.357,1e-20,0.0,0.0,28.3113,0.0,0.0,0.0,0.0,812.988,1.00004,0.00303362,0.423943,-28.8777,0.0,0.0,0.0,0.0,0.0,,
0.00125796,8.96133e-08,539.834,244.809,1e-20,0.0,0.0,28.3455,0.0,0.0,0.0,0.0,812.988,1.00004,0.00372539,0.412793,-28.8702,0.0,0.0,0.0,0.0,0.0,,
0.00125998,8.81889e-08,538.418,246.206,1e-20,0.0,0.0,28.3638,0.0,0.0,0.0,0.0,812.988,1.00004,0.00437501,0.4018,-28.8625,0.0,0.0,0.0,0.0,0.0,,
0.00126193,8.91592e-08,537.171,247.433,1e-20,0.0,0.0,28.3846,0.0,0.0,0.0,0.0,812.989,1.00004,0.0049477,0.391353,-28.8551,0.0,0.0,0.0,0.0,0.0,,
0.00126398,8.91954e-08,536.012,248.573,1e-20,0.0,0.0,28.4033,0.0,0.0,0.0,0.0,812.989,1.00004,0.00553337,0.38027,-28.8472,0.0,0.0,0.0,0.0,0.0,,
0.00126594,8.96103e-08,535.087,249.485,1e-20,0.0,0.0,28.4173,0.0,0.0,0.0,0.0,812.989,1.00004,0.00618958,0.369286,-28.8397,0.0,0.0,0.0,0.0,0.0,,
0.00126791,8.96698e-08,534.333,250.221,1e-20,0.0,0.0,28.4344,0.0,0.0,0.0,0.0,812.989,1.00004,0.00704493,0.357677,-28.8322,0.0,0.0,0.0,0.0,0.0,,
0.00126997,8.94178e-08,533.692,250.842,1e-20,0.0,0.0,28.4547,0.0,0.0,0.0,0.0,812.989,1.00004,0.00819753,0.344853,-28.8243,0.0,0.0,0.0,0.0,0.0,,
0.00127194,8.96659e-08,533.156,251.36,1e-20,0.0,0.0,28.4735,0.0,0.0,0.0,0.0,812.99,1.00004,0.00954269,0.331967,-28.8168,0.0,0.0,0.0,0.0,0.0,,
0.00127391,8.93147e-08,532.665,251.832,1e-20,0.0,0.0,28.4929,0.0,0.0,0.0,0.0,812.99,1.00004,0.0110898,0.318496,-28.8092,0.0,0.0,0.0,0.0,0.0,,
0.00127597,8.76685e-08,532.169,252.306,1e-20,0.0,0.0,28.5159,0.0,0.0,0.0,0.0,812.99,1.00004,0.0128625,0.30392,-28.8013,0.0,0.0,0.0,0.0,0.0,,
0.00127798,8.74468e-08,531.612,252.838,1e-20,0.0,0.0,28.5406,0.0,0.0,0.0,0.0,812.99,1.00004,0.0147017,0.289258,-28.7936,0.0,0.0,0.0,0.0,0.0,,
0.00127991,8.8562e-08,530.871,253.554,1e-20,0.0,0.0,28.5657,0.0,0.0,0.0,0.0,812.991,1.00004,0.0164899,0.274893,-28.7862,0.0,0.0,0.0,0.0,0.0,,
0.00128196,8.94829e-08,529.845,254.555,1e-20,0.0,0.0,28.5913,0.0,0.0,0.0,0.0,812.991,1.00004,0.018299,0.259637,-28.7783,0.0,0.0,0.0,0.0,0.0,,
0.00128392,8.85281e-08,528.698,255.679,1e-20,0.0,0.0,28.6146,0.0,0.0,0.0,0.0,812.991,1.00004,0.0199308,0.245036,-28.7707,0.0,0.0,0.0,0.0,0.0,,
0.00128597,8.97357e-08,527.498,256.854,1e-20,0.0,0.0,28.6399,0.0,0.0,0.0,0.0,812.991,1.00004,0.02157,0.230005,-28.7628,0.0,0.0,0.0,0.0,0.0,,
0.00128794,8.95977e-08,526.41,257.915,1e-20,0.0,0.0,28.6657,0.0,0.0,0.0,0.0,812.992,1.00004,0.0231126,0.215739,-28.7552,0.0,0.0,0.0,0.0,0.0,,
0.00128991,8.94159e-08,525.426,258.875,1e-20,0.0,0.0,28.6903,0.0,0.0,0.0,0.0,812.992,1.00004,0.0246,0.201681,-28.7476,0.0,0.0,0.0,0.0,0.0,,
0.00129197,8.92636e-08,524.509,259.77,1e-20,0.0,0.0,28.7135,0.0,0.0,0.0,0.0,812.992,1.00004,0.0261205,0.187135,-28.7396,0.0,0.0,0.0,0.0,0.0,,
0.00129393,8.84536e-08,523.684,260.573,1e-20,0.0,0.0,28.7356,0.0,0.0,0.0,0.0,812.992,1.00004,0.0276067,0.173252,-28.732,0.0,0.0,0.0,0.0,0.0,,
0.00129598,8.90757e-08,522.826,261.403,1e-20,0.0,0.0,28.7633,0.0,0.0,0.0,0.0,812.992,1.00004,0.0292002,0.158713,-28.7241,0.0,0.0,0.0,0.0,0.0,,
0.00129793,8.83416e-08,521.966,262.232,1e-20,0.0,0.0,28.7944,0.0,0.0,0.0,0.0,812.992,1.00004,0.0307203,0.144851,-28.7165,0.0,0.0,0.0,0.0,0.0,,
0.00129997,8.89705e-08,521.046,263.121,1e-20,0.0,0.0,28.825,0.0,0.0,0.0,0.0,812.992,1.00004,0.0322838,0.130619,-28.7086,0.0,0.0,0.0,0.0,0.0,,
0.00130193,8.92356e-08,520.137,264.007,1e-20,0.0,0.0,28.8478,0.0,0.0,0.0,0.0,812.993,1.00004,0.0337268,0.117407,-28.701,0.0,0.0,0.0,0.0,0.0,,
0.00130398,8.89675e-08,519.183,264.946,1e-20,0.0,0.0,28.8639,0.0,0.0,0.0,0.0,812.993,1.00004,0.0350471,0.104254,-28.693,0.0,0.0,0.0,0.0,0.0,,
0.00130593,8.78473e-08,518.239,265.882,1e-20,0.0,0.0,28.8723,0.0,0.0,0.0,0.0,812.993,1.00004,0.0359781,0.0925854,-28.6854,0.0,0.0,0.0,0.0,0.0,,
0.00130797,8.85902e-08,517.197,266.919,1e-20,0.0,0.0,28.8773,0.0,0.0,0.0,0.0,812.993,1.00004,0.0365121,0.0814783,-28.6775,0.0,0.0,0.0,14116.0,0.0,,
0.00130992,8.94908e-08,516.144,267.963,1e-20,0.0,0.0,28.8862,0.0,0.0,0.0,0.0,812.993,1.00004,0.0366062,0.0719541,-28.6699,0.0,0.0,0.0,0.0,0.0,,
0.00131196,8.79364e-08,515.048,269.043,1e-20,0.0,0.0,28.902,0.0,0.0,0.0,0.0,812.993,1.00004,0.036347,0.0632233,-28.6619,0.0,0.0,0.0,0.0,0.0,,
0.00131397,8.68001e-08,514.027,270.049,1e-20,0.0,0.0,28.9163,0.0,0.0,0.0,0.0,812.993,1.00004,0.0358562,0.0557279,-28.654,0.0,0.0,0.0,0.0,0.0,,
0.00131591,8.92977e-08,513.141,270.926,1e-20,0.0,0.0,28.9267,0.0,0.0,0.0,0.0,812.993,1.00004,0.0353086,0.0492002,-28.6464,0.0,0.0,0.0,0.0,0.0,,
0.00131797,8.92705e-08,512.349,271.71,1e-20,0.0,0.0,28.9346,0.0,0.0,0.0,0.0,812.994,1.00004,0.0347348,0.042812,-28.6384,0.0,0.0,0.0,0.0,0.0,,
0.00131992,8.82418e-08,511.709,272.341,1e-20,0.0,0.0,28.9438,0.0,0.0,0.0,0.0,812.994,1.00004,0.0342274,0.0370279,-28.6307,0.0,0.0,0.0,0.0,0.0,,
0.00132194,8.79425e-08,511.131,272.903,1e-20,0.0,0.0,28.9605,0.0,0.0,0.0,0.0,812.994,1.00004,0.0337995,0.0312634,-28.6228,0.0,0.0,0.0,0.0,0.0,,
0.00132398,8.87834e-08,510.578,273.433,1e-20,0.0,0.0,28.9831,0.0,0.0,0.0,0.0,812.994,1.00004,0.0335236,0.0256786,-28.6148,0.0,0.0,0.0,0.0,0.0,,
0.00132594,8.88743e-08,510.038,273.951,1e-20,0.0,0.0,29.005,0.0,0.0,0.0,0.0,812.994,1.00004,0.0335016,0.0207042,-28.6071,0.0,0.0,0.0,0.0,0.0,,
0.00132796,8.74774e-08,509.402,274.565,1e-20,0.0,0.0,29.0279,0.0,0.0,0.0,0.0,812.994,1.00004,0.0338684,0.0161728,-28.5991,0.0,0.0,0.0,0.0,0.0,,
0.00132998,8.83158e-08,508.686,275.257,1e-20,0.0,0.0,29.0513,0.0,0.0,0.0,0.0,812.994,1.00004,0.0347106,0.0125153,-28.5911,0.0,0.0,0.0,0.0,0.0,,
0.00133194,8.93279e-08,507.938,275.977,1e-20,0.0,0.0,29.079,0.0,0.0,0.0,0.0,812.994,1.00004,0.03596,0.00980394,-28.5834,0.0,0.0,0.0,0.0,0.0,,
0.00133399,8.91451e-08,507.145,276.738,1e-20,0.0,0.0,29.111,0.0,0.0,0.0,0.0,812.994,1.00004,0.0376324,0.00770848,-28.5753,0.0,0.0,0.0,0.0,0.0,,
0.00133595,8.89831e-08,506.405,277.449,1e-20,0.0,0.0,29.1405,0.0,0.0,0.0,0.0,812.994,1.00004,0.039437,0.00628935,-28.5676,0.0,0.0,0.0,0.0,0.0,,
0.00133797,8.88051e-08,505.732,278.088,1e-20,0.0,0.0,29.1739,0.0,0.0,0.0,0.0,812.994,1.00004,0.0413373,0.00536194,-28.5596,0.0,0.0,0.0,0.0,0.0,,
0.00133994,8.90263e-08,505.201,278.583,1e-20,0.0,0.0,29.2097,0.0,0.0,0.0,0.0,812.994,1.00004,0.0430745,0.0049136,-28.5518,0.0,0.0,0.0,0.0,0.0,,
0.00134199,8.90362e-08,504.765,278.978,1e-20,0.0,0.0,29.2515,0.0,0.0,0.0,0.0,812.994,1.00004,0.0446594,0.00477746,-28.5437,0.0,0.0,0.0,0.0,0.0,,
0.00134394,8.91048e-08,504.365,279.333,1e-20,0.0,0.0,29.2966,0.0,0.0,0.0,0.0,812.994,1.00004,0.0459042,0.00477288,-28.5359,0.0,0.0,0.0,0.0,0.0,,
0.001346,8.93413e-08,503.878,279.774,1e-20,0.0,0.0,29.3422,0.0,0.0,0.0,0.0,812.994,1.00004,0.0469314,0.00467264,-28.5277,0.0,0.0,0.0,0.0,0.0,,
0.00134796,8.93913e-08,503.285,280.329,1e-20,0.0,0.0,29.3804,0.0,0.0,0.0,0.0,812.994,1.00004,0.0476853,0.00429343,-28.5199,0.0,0.0,0.0,0.0,0.0,,
0.00134993,8.93266e-08,502.564,281.015,1e-20,0.0,0.0,29.4148,0.0,0.0,0.0,0.0,812.994,1.00004,0.0482909,0.00356338,-28.5121,0.0,0.0,0.0,0.0,0.0,,
0.00135198,8.94693e-08,501.698,281.842,1e-20,0.0,0.0,29.454,0.0,0.0,0.0,0.0,812.994,1.00004,0.0489454,0.00247217,-28.5039,0.0,0.0,0.0,0.0,0.0,,
0.00135394,8.89424e-08,500.853,282.654,1e-20,0.0,0.0,29.4879,0.0,0.0,0.0,0.0,812.994,1.00004,0.0497825,0.00116698,-28.4961,0.0,0.0,0.0,0.0,0.0,,
0.001356,8.93601e-08,500.043,283.43,1e-20,0.0,0.0,29.5206,0.0,0.0,0.0,0.0,812.994,1.00004,0.0510655,-0.000447149,-28.4879,0.0,0.0,0.0,0.0,0.0,,
0.00135795,8.9458e-08,499.422,284.022,1e-20,0.0,0.0,29.5499,0.0,0.0,0.0,0.0,812.994,1.00004,0.0527526,-0.00214646,-28.4801,0.0,0.0,0.0,0.0,0.0,,
0.00135992,8.93215e-08,498.992,284.429,1e-20,0.0,0.0,29.5724,0.0,0.0,0.0,0.0,812.994,1.00004,0.0548242,-0.00385972,-28.4722,0.0,0.0,0.0,0.0,0.0,,
0.00136197,8.93979e-08,498.77,284.628,1e-20,0.0,0.0,29.5958,0.0,0.0,0.0,0.0,812.994,1.00004,0.0572429,-0.00546639,-28.464,0.0,0.0,0.0,0.0,0.0,,
0.00136394,8.93113e-08,498.783,284.586,1e-20,0.0,0.0,29.6242,0.0,0.0,0.0,0.0,812.994,1.00004,0.0596631,-0.00671724,-28.4561,0.0,0.0,0.0,0.0,0.0,,
0.00136599,8.9315e-08,499.012,284.332,1e-20,0.0,0.0,29.6501,0.0,0.0,0.0,0.0,812.994,1.00004,0.0621764,-0.00772275,-28.4479,0.0,0.0,0.0,0.0,0.0,,
0.00136795,8.92397e-08,499.414,283.909,1e-20,0.0,0.0,29.6707,0.0,0.0,0.0,0.0,812.994,1.00004,0.064565,-0.00847799,-28.44,0.0,0.0,0.0,0.0,0.0,,
0.00136991,8.91607e-08,499.924,283.373,1e-20,0.0,0.0,29.6972,0.0,0.0,0.0,0.0,812.994,1.00004,0.0669468,-0.00909173,-28.4321,0.0,0.0,0.0,0.0,0.0,,
0.00137197,8.92418e-08,500.495,282.775,1e-20,0.0,0.0,29.7235,0.0,0.0,0.0,0.0,812.994,1.00004,0.0694555,-0.0096603,-28.4239,0.0,0.0,0.0,0.0,0.0,,
0.00137393,8.9576e-08,500.996,282.25,1e-20,0.0,0.0,29.7487,0.0,0.0,0.0,0.0,812.994,1.00004,0.0718834,-0.0102331,-28.416,0.0,0.0,0.0,0.0,0.0,,
0.00137591,8.99536e-08,501.411,281.809,1e-20,0.0,0.0,29.7747,0.0,0.0,0.0,0.0,812.994,1.00004,0.0743113,-0.0108786,-28.408,0.0,0.0,0.0,0.0,0.0,,
0.00137798,8.86878e-08,501.737,281.462,1e-20,0.0,0.0,29.7957,0.0,0.0,0.0,0.0,812.994,1.00004,0.0767426,-0.0115404,-28.3997,0.0,0.0,0.0,0.0,0.0,,
0.00137992,8.83724e-08,501.959,281.221,1e-20,0.0,0.0,29.8133,0.0,0.0,0.0,0.0,812.994,1.00004,0.0789245,-0.0120134,-28.3918,0.0,0.0,0.0,0.0,0.0,,
0.00138196,8.87238e-08,502.139,281.023,1e-20,0.0,0.0,29.8327,0.0,0.0,0.0,0.0,812.994,1.00004,0.0811046,-0.0122534,-28.3836,0.0,0.0,0.0,0.0,0.0,,
0.00138391,8.87113e-08,502.292,280.849,1e-20,0.0,0.0,29.8534,0.0,0.0,0.0,0.0,812.994,1.00004,0.0831184,-0.0122601,-28.3757,0.0,0.0,0.0,0.0,0.0,,
0.00138595,8.84465e-08,502.466,280.651,1e-20,0.0,0.0,29.8765,0.0,0.0,0.0,0.0,812.994,1.00004,0.0851653,-0.0121318,-28.3674,0.0,0.0,0.0,0.0,0.0,,
0.00138797,8.73956e-08,502.64,280.453,1e-20,0.0,0.0,29.9005,0.0,0.0,0.0,0.0,812.994,1.00004,0.0872182,-0.0119744,-28.3592,0.0,0.0,0.0,0.0,0.0,,
0.00138998,8.7244e-08,502.773,280.291,1e-20,0.0,0.0,29.9297,0.0,0.0,0.0,0.0,812.994,1.00004,0.0893168,-0.0118583,-28.3511,0.0,0.0,0.0,0.0,0.0,,
0.00139191,8.80608e-08,502.821,280.212,1e-20,0.0,0.0,29.9617,0.0,0.0,0.0,0.0,812.994,1.00004,0.0914256,-0.0118196,-28.3432,0.0,0.0,0.0,0.0,0.0,,
0.00139394,8.79866e-08,502.788,280.204,1e-20,0.0,0.0,30.0014,0.0,0.0,0.0,0.0,812.994,1.00004,0.0937276,-0.0119149,-28.335,0.0,0.0,0.0,0.0,0.0,,
0.00139593,8.58787e-08,502.681,280.266,1e-20,0.0,0.0,30.047,0.0,0.0,0.0,0.0,812.994,1.00004,0.09606,-0.0122656,-28.3268,0.0,0.0,0.0,0.0,0.0,,
0.00139794,8.78068e-08,502.624,280.4,1e-20,0.0,0.0,29.9704,0.0,0.0,0.0,0.0,812.994,1.00004,0.0984038,-0.0130465,-28.3187,0.0,0.0,0.0,0.0,0.0,,
0.00139997,8.93706e-08,502.434,280.538,1e-20,0.0,0.0,30.0217,0.0,0.0,0.0,0.0,812.994,1.00004,0.100719,-0.0144695,-28.3104,0.0,0.0,0.0,0.0,0.0,,
0.00140194,8.89193e-08,502.241,280.681,1e-20,0.0,0.0,30.0717,0.0,0.0,0.0,0.0,812.994,1.00004,0.102903,-0.0166212,-28.3024,0.0,0.0,0.0,0.0,0.0,,
0.00140398,8.43275e-08,502.041,280.83,1e-20,0.0,0.0,30.1221,0.0,0.0,0.0,0.0,812.993,1.00004,0.10509,-0.0197962,-28.294,0.0,0.0,0.0,0.0,0.0,,
0.00140599,8.94808e-08,501.841,280.987,1e-20,0.0,0.0,30.1655,0.0,0.0,0.0,0.0,812.993,1.00004,0.107117,-0.0239855,-28.2858,0.0,0.0,0.0,0.0,0.0,,
0.00140796,8.9413e-08,501.637,281.158,1e-20,0.0,0.0,30.1981,0.0,0.0,0.0,0.0,812.993,1.00004,0.108961,-0.0292513,-28.2778,0.0,0.0,0.0,0.0,0.0,,
0.00140992,8.92713e-08,501.494,281.277,1e-20,0.0,0.0,30.2222,0.0,0.0,0.0,0.0,812.993,1.00004,0.110706,-0.0358076,-28.2697,0.0,0.0,0.0,0.0,0.0,,
0.00141197,8.90617e-08,501.395,281.355,1e-20,0.0,0.0,30.2428,0.0,0.0,0.0,0.0,812.993,1.00004,0.112499,-0.0442056,-28.2613,0.0,0.0,0.0,0.0,0.0,,
0.00141399,8.88529e-08,501.423,281.314,1e-20,0.0,0.0,30.257,0.0,0.0,0.0,0.0,812.993,1.00004,0.114319,-0.0541491,-28.253,0.0,0.0,0.0,0.0,0.0,,
0.00141594,8.86993e-08,501.503,281.222,1e-20,0.0,0.0,30.2684,0.0,0.0,0.0,0.0,812.993,1.00004,0.116266,-0.0654334,-28.245,0.0,0.0,0.0,0.0,0.0,,
0.00141798,8.86175e-08,501.659,281.056,1e-20,0.0,0.0,30.2786,0.0,0.0,0.0,0.0,812.993,1.00004,0.118635,-0.0789821,-28.2366,0.0,0.0,0.0,0.0,0.0,,
0.00141994,8.94058e-08,501.727,280.981,1e-20,0.0,0.0,30.2854,0.0,0.0,0.0,0.0,812.993,1.00004,0.121327,-0.0936594,-28.2285,0.0,0.0,0.0,0.0,0.0,,
0.00142197,8.84728e-08,501.667,281.034,1e-20,0.0,0.0,30.2921,0.0,0.0,0.0,0.0,812.993,1.00004,0.124574,-0.110564,-28.2202,0.0,0.0,0.0,0.0,0.0,,
0.00142393,8.91328e-08,501.419,281.272,1e-20,0.0,0.0,30.3028,0.0,0.0,0.0,0.0,812.993,1.00004,0.128087,-0.128387,-28.2121,0.0,0.0,0.0,0.0,0.0,,
0.00142598,8.8996e-08,500.999,281.667,1e-20,0.0,0.0,30.3271,0.0,0.0,0.0,0.0,812.993,1.00004,0.132046,-0.148432,-28.2036,0.0,0.0,0.0,0.0,0.0,,
0.00142793,8.88886e-08,500.444,282.187,1e-20,0.0,0.0,30.3619,0.0,0.0,0.0,0.0,812.993,1.00004,0.135961,-0.16871,-28.1955,0.0,0.0,0.0,0.0,0.0,,
0.00142996,8.75127e-08,499.705,282.893,1e-20,0.0,0.0,30.3949,0.0,0.0,0.0,0.0,812.993,1.00004,0.139967,-0.19062,-28.1871,0.0,0.0,0.0,0.0,0.0,,
0.00143199,8.86815e-08,498.855,283.716,1e-20,0.0,0.0,30.4219,0.0,0.0,0.0,0.0,812.994,1.00004,0.143721,-0.213216,-28.1787,0.0,0.0,0.0,0.0,0.0,,
0.00143394,8.84956e-08,497.993,284.555,1e-20,0.0,0.0,30.4457,0.0,0.0,0.0,0.0,812.994,1.00004,0.146922,-0.23536,-28.1706,0.0,0.0,0.0,0.0,0.0,,
0.00143597,8.84288e-08,497.101,285.425,1e-20,0.0,0.0,30.4681,0.0,0.0,0.0,0.0,812.994,1.00004,0.149725,-0.258793,-28.1621,0.0,0.0,0.0,0.0,0.0,,
0.00143799,8.52224e-08,496.219,286.286,1e-20,0.0,0.0,30.4884,0.0,0.0,0.0,0.0,812.993,1.00004,0.151913,-0.282298,-28.1536,0.0,0.0,0.0,0.0,0.0,,
0.00143994,8.59516e-08,495.407,287.077,1e-20,0.0,0.0,30.5098,0.0,0.0,0.0,0.0,812.993,1.00004,0.153449,-0.305069,-28.1454,0.0,0.0,0.0,0.0,0.0,,
0.00144197,8.89806e-08,494.594,287.863,1e-20,0.0,0.0,30.5365,0.0,0.0,0.0,0.0,812.993,1.00004,0.154463,-0.328704,-28.1369,0.0,0.0,0.0,0.0,0.0,,
0.00144393,8.96742e-08,493.901,288.524,1e-20,0.0,0.0,30.5684,0.0,0.0,0.0,0.0,812.994,1.00004,0.154919,-0.351348,-28.1287,0.0,0.0,0.0,0.0,0.0,,
0.00144599,8.95497e-08,493.277,289.109,1e-20,0.0,0.0,30.6075,0.0,0.0,0.0,0.0,812.994,1.00004,0.154894,-0.374901,-28.12,0.0,0.0,0.0,0.0,0.0,,
0.00144798,8.50844e-08,492.83,289.524,1e-20,0.0,0.0,30.6397,0.0,0.0,0.0,0.0,812.994,1.00004,0.154414,-0.397222,-28.1116,0.0,0.0,0.0,0.0,0.0,,
0.00144999,8.86337e-08,492.498,289.837,1e-20,0.0,0.0,30.6579,0.0,0.0,0.0,0.0,812.994,1.00004,0.153514,-0.419202,-28.1031,0.0,0.0,0.0,0.0,0.0,,
0.00145194,8.85699e-08,492.281,290.043,1e-20,0.0,0.0,30.6699,0.0,0.0,0.0,0.0,812.994,1.00004,0.152294,-0.439895,-28.0949,0.0,0.0,0.0,0.0,0.0,,
0.00145397,8.85534e-08,492.089,290.215,1e-20,0.0,0.0,30.6893,0.0,0.0,0.0,0.0,812.994,1.00004,0.150707,-0.460688,-28.0862,0.0,0.0,0.0,0.0,0.0,,
0.00145594,8.56937e-08,491.936,290.331,1e-20,0.0,0.0,30.726,0.0,0.0,0.0,0.0,812.994,1.00004,0.148937,-0.479739,-28.0779,0.0,0.0,0.0,0.0,0.0,,
0.00145795,8.96962e-08,491.834,290.385,1e-20,0.0,0.0,30.7744,0.0,0.0,0.0,0.0,812.994,1.00004,0.14691,-0.498249,-28.0693,0.0,0.0,0.0,0.0,0.0,,
0.00145993,8.94934e-08,491.885,290.283,1e-20,0.0,0.0,30.826,0.0,0.0,0.0,0.0,812.994,1.00004,0.144752,-0.515245,-28.0609,0.0,0.0,0.0,0.0,0.0,,
0.00146198,8.85157e-08,492.175,289.937,1e-20,0.0,0.0,30.8821,0.0,0.0,0.0,0.0,812.994,1.00004,0.142357,-0.531626,-28.0521,0.0,0.0,0.0,0.0,0.0,,
0.00146392,8.84665e-08,492.684,289.382,1e-20,0.0,0.0,30.9276,0.0,0.0,0.0,0.0,812.994,1.00004,0.139923,-0.546032,-28.0438,0.0,0.0,0.0,0.0,0.0,,
0.00146596,8.84628e-08,493.389,288.642,1e-20,0.0,0.0,30.9621,0.0,0.0,0.0,0.0,812.994,1.00004,0.137128,-0.55984,-28.0351,0.0,0.0,0.0,0.0,0.0,,
0.00146792,8.91175e-08,494.084,287.921,1e-20,0.0,0.0,30.9894,0.0,0.0,0.0,0.0,812.994,1.00004,0.13406,-0.571887,-28.0267,0.0,0.0,0.0,0.0,0.0,,
0.00146997,8.90008e-08,494.726,287.257,1e-20,0.0,0.0,31.0107,0.0,0.0,0.0,0.0,812.994,1.00004,0.130324,-0.583105,-28.0178,0.0,0.0,0.0,0.0,0.0,,
0.00147192,8.88892e-08,495.19,286.779,1e-20,0.0,0.0,31.025,0.0,0.0,0.0,0.0,812.994,1.00004,0.126112,-0.592563,-28.0094,0.0,0.0,0.0,0.0,0.0,,
0.00147394,8.70148e-08,495.534,286.417,1e-20,0.0,0.0,31.0421,0.0,0.0,0.0,0.0,812.994,1.00004,0.120967,-0.60111,-28.0007,0.0,0.0,0.0,0.0,0.0,,
0.00147595,8.88251e-08,495.771,286.159,1e-20,0.0,0.0,31.0647,0.0,0.0,0.0,0.0,812.994,1.00004,0.114947,-0.608426,-27.992,0.0,0.0,0.0,0.0,0.0,,
0.001478,8.88153e-08,495.977,285.932,1e-20,0.0,0.0,31.0847,0.0,0.0,0.0,0.0,812.994,1.00004,0.107905,-0.614595,-27.9832,0.0,0.0,0.0,0.0,0.0,,
0.00147995,8.88136e-08,496.211,285.68,1e-20,0.0,0.0,31.1033,0.0,0.0,0.0,0.0,812.994,1.00004,0.100286,-0.619303,-27.9747,0.0,0.0,0.0,0.0,0.0,,
0.00148198,8.55394e-08,496.522,285.35,1e-20,0.0,0.0,31.1208,0.0,0.0,0.0,0.0,812.994,1.00004,0.0916012,-0.623073,-27.9659,0.0,0.0,0.0,0.0,0.0,,
0.00148395,8.7123e-08,496.918,284.938,1e-20,0.0,0.0,31.1381,0.0,0.0,0.0,0.0,812.994,1.00004,0.0826675,-0.625816,-27.9573,0.0,0.0,0.0,0.0,0.0,,
0.00148598,8.87259e-08,497.33,284.504,1e-20,0.0,0.0,31.1598,0.0,0.0,0.0,0.0,812.994,1.00004,0.0732776,-0.627702,-27.9484,0.0,0.0,0.0,0.0,0.0,,
0.00148793,8.86661e-08,497.706,284.108,1e-20,0.0,0.0,31.1794,0.0,0.0,0.0,0.0,812.994,1.00004,0.0642402,-0.628574,-27.9399,0.0,0.0,0.0,0.0,0.0,,
0.00148997,8.63167e-08,498.039,283.761,1e-20,0.0,0.0,31.1941,0.0,0.0,0.0,0.0,812.993,1.00004,0.0549957,-0.62852,-27.931,0.0,0.0,0.0,0.0,0.0,,
0.00149194,8.65974e-08,498.345,283.445,1e-20,0.0,0.0,31.2038,0.0,0.0,0.0,0.0,812.993,1.00004,0.0463599,-0.627583,-27.9223,0.0,0.0,0.0,0.0,0.0,,
0.00149398,8.96138e-08,498.62,283.164,1e-20,0.0,0.0,31.2092,0.0,0.0,0.0,0.0,812.994,1.00004,0.0379837,-0.625696,-27.9134,0.0,0.0,0.0,0.0,0.0,,
0.00149595,8.95624e-08,498.871,282.909,1e-20,0.0,0.0,31.2141,0.0,0.0,0.0,0.0,812.994,1.00004,0.0302827,-0.622846,-27.9047,0.0,0.0,0.0,0.0,0.0,,
0.00149799,8.86867e-08,499.131,282.641,1e-20,0.0,0.0,31.2217,0.0,0.0,0.0,0.0,812.993,1.00004,0.0227036,-0.618707,-27.8957,0.0,0.0,0.0,0.0,0.0,,
0.00149992,8.71432e-08,499.342,282.419,1e-20,0.0,0.0,31.2322,0.0,0.0,0.0,0.0,812.993,1.00004,0.0159797,-0.613677,-27.8872,0.0,0.0,0.0,0.0,0.0,,
0.00150194,8.83528e-08,499.504,282.24,1e-20,0.0,0.0,31.2497,0.0,0.0,0.0,0.0,812.993,1.00004,0.00929897,-0.607182,-27.8782,0.0,0.0,0.0,0.0,0.0,,
0.00150397,8.81549e-08,499.599,282.119,1e-20,0.0,0.0,31.2753,0.0,0.0,0.0,0.0,812.993,1.00004,0.00294775,-0.599342,-27.8692,0.0,0.0,0.0,0.0,0.0,,
0.00150591,8.80155e-08,499.7,281.99,1e-20,0.0,0.0,31.3031,0.0,0.0,0.0,0.0,812.993,1.00004,-0.00274471,-0.590625,-27.8606,0.0,0.0,0.0,0.0,0.0,,
0.001508,8.65502e-08,499.895,281.77,1e-20,0.0,0.0,31.3274,0.0,0.0,0.0,0.0,812.993,1.00004,-0.00835345,-0.580017,-27.8513,0.0,0.0,0.0,0.0,0.0,,
0.00150993,8.96292e-08,500.265,281.385,1e-20,0.0,0.0,31.3424,0.0,0.0,0.0,0.0,812.993,1.00004,-0.0130029,-0.569175,-27.8427,0.0,0.0,0.0,0.0,0.0,,
0.00151191,8.98927e-08,500.865,280.776,1e-20,0.0,0.0,31.3523,0.0,0.0,0.0,0.0,812.993,1.00004,-0.0172315,-0.557284,-27.8339,0.0,0.0,0.0,0.0,0.0,,
0.00151398,8.9838e-08,501.678,279.954,1e-20,0.0,0.0,31.3607,0.0,0.0,0.0,0.0,812.993,1.00004,-0.0211077,-0.544229,-27.8246,0.0,0.0,0.0,0.0,0.0,,
0.00151594,8.62827e-08,502.512,279.111,1e-20,0.0,0.0,31.3685,0.0,0.0,0.0,0.0,812.992,1.00004,-0.0242867,-0.531372,-27.8158,0.0,0.0,0.0,0.0,0.0,,
0.00151794,8.75091e-08,503.333,278.281,1e-20,0.0,0.0,31.3778,0.0,0.0,0.0,0.0,812.992,1.00004,-0.0270484,-0.517986,-27.8069,0.0,0.0,0.0,0.0,0.0,,
0.00151998,8.98305e-08,504.138,277.464,1e-20,0.0,0.0,31.3896,0.0,0.0,0.0,0.0,812.991,1.00004,-0.0295377,-0.504016,-27.7977,0.0,0.0,0.0,0.0,0.0,,
0.00152196,9.07158e-08,504.85,276.736,1e-20,0.0,0.0,31.4048,0.0,0.0,0.0,0.0,812.991,1.00004,-0.0317773,-0.490273,-27.7888,0.0,0.0,0.0,0.0,0.0,,
0.00152394,8.98896e-08,505.484,276.084,1e-20,0.0,0.0,31.4224,0.0,0.0,0.0,0.0,812.991,1.00004,-0.0338612,-0.47643,-27.7799,0.0,0.0,0.0,0.0,0.0,,
0.00152593,8.69155e-08,505.979,275.571,1e-20,0.0,0.0,31.4403,0.0,0.0,0.0,0.0,812.991,1.00004,-0.0357469,-0.462559,-27.7709,0.0,0.0,0.0,0.0,0.0,,
0.00152795,8.93189e-08,506.341,275.192,1e-20,0.0,0.0,31.4578,0.0,0.0,0.0,0.0,812.99,1.00004,-0.0374668,-0.448557,-27.7617,0.0,0.0,0.0,0.0,0.0,,
0.00152992,8.95505e-08,506.542,274.977,1e-20,0.0,0.0,31.4706,0.0,0.0,0.0,0.0,812.99,1.00004,-0.0389658,-0.435163,-27.7528,0.0,0.0,0.0,0.0,0.0,,
0.00153198,8.92668e-08,506.679,274.832,1e-20,0.0,0.0,31.4787,0.0,0.0,0.0,0.0,812.99,1.00004,-0.0404306,-0.421485,-27.7434,0.0,0.0,0.0,0.0,0.0,,
0.00153393,8.7572e-08,506.771,274.734,1e-20,0.0,0.0,31.4843,0.0,0.0,0.0,0.0,812.99,1.00004,-0.0418073,-0.408794,-27.7346,0.0,0.0,0.0,0.0,0.0,,
0.00153595,8.77002e-08,506.898,274.601,1e-20,0.0,0.0,31.4912,0.0,0.0,0.0,0.0,812.99,1.00004,-0.0432158,-0.396035,-27.7254,0.0,0.0,0.0,0.0,0.0,,
0.00153797,8.83582e-08,507.062,274.429,1e-20,0.0,0.0,31.4988,0.0,0.0,0.0,0.0,812.989,1.00004,-0.0445278,-0.383519,-27.7161,0.0,0.0,0.0,0.0,0.0,,
0.00153992,8.81774e-08,507.318,274.164,1e-20,0.0,0.0,31.5069,0.0,0.0,0.0,0.0,812.989,1.00004,-0.0455798,-0.371823,-27.7073,0.0,0.0,0.0,0.0,0.0,,
0.00154193,8.58834e-08,507.738,273.735,1e-20,0.0,0.0,31.5154,0.0,0.0,0.0,0.0,812.989,1.00004,-0.046441,-0.359907,-27.698,0.0,0.0,0.0,0.0,0.0,,
0.001544,8.64158e-08,508.354,273.112,1e-20,0.0,0.0,31.5226,0.0,0.0,0.0,0.0,812.989,1.00004,-0.0471047,-0.348018,-27.6886,0.0,0.0,0.0,0.0,0.0,,
0.00154592,8.96321e-08,509.035,272.425,1e-20,0.0,0.0,31.5282,0.0,0.0,0.0,0.0,812.988,1.00004,-0.0476022,-0.337293,-27.6797,0.0,0.0,0.0,0.0,0.0,,
0.00154796,8.87654e-08,509.73,271.722,1e-20,0.0,0.0,31.5362,0.0,0.0,0.0,0.0,812.988,1.00004,-0.0480762,-0.32651,-27.6703,0.0,0.0,0.0,0.0,0.0,,
0.00154992,8.89091e-08,510.231,271.211,1e-20,0.0,0.0,31.5466,0.0,0.0,0.0,0.0,812.988,1.00004,-0.0485208,-0.316832,-27.6613,0.0,0.0,0.0,0.0,0.0,,
0.001552,8.58746e-08,510.458,270.97,1e-20,0.0,0.0,31.5587,0.0,0.0,0.0,0.0,812.987,1.00004,-0.0490475,-0.307172,-27.6517,0.0,0.0,0.0,0.0,0.0,,
0.00155393,8.96099e-08,510.375,271.042,1e-20,0.0,0.0,31.5698,0.0,0.0,0.0,0.0,812.987,1.00004,-0.0496308,-0.298719,-27.6428,0.0,0.0,0.0,0.0,0.0,,
0.00155598,8.9163e-08,510.026,271.38,1e-20,0.0,0.0,31.5808,0.0,0.0,0.0,0.0,812.987,1.00004,-0.0503815,-0.290131,-27.6333,0.0,0.0,0.0,0.0,0.0,,
0.00155795,8.92775e-08,509.615,271.781,1e-20,0.0,0.0,31.591,0.0,0.0,0.0,0.0,812.987,1.00004,-0.0512512,-0.282297,-27.6242,0.0,0.0,0.0,0.0,0.0,,
0.00156,8.92546e-08,509.227,272.155,1e-20,0.0,0.0,31.6045,0.0,0.0,0.0,0.0,812.987,1.00004,-0.052331,-0.274411,-27.6146,0.0,0.0,0.0,0.0,0.0,,
0.00156192,8.74127e-08,509.001,272.363,1e-20,0.0,0.0,31.6222,0.0,0.0,0.0,0.0,812.986,1.00003,-0.0535492,-0.267219,-27.6057,0.0,0.0,0.0,0.0,0.0,,
0.00156396,8.95078e-08,508.88,272.461,1e-20,0.0,0.0,31.6451,0.0,0.0,0.0,0.0,812.986,1.00003,-0.0551201,-0.259664,-27.5962,0.0,0.0,0.0,0.0,0.0,,
0.00156593,8.94351e-08,508.829,272.491,1e-20,0.0,0.0,31.6663,0.0,0.0,0.0,0.0,812.986,1.00003,-0.0568744,-0.252395,-27.587,0.0,0.0,0.0,0.0,0.0,,
0.00156799,8.93453e-08,508.757,272.546,1e-20,0.0,0.0,31.6833,0.0,0.0,0.0,0.0,812.986,1.00003,-0.0588365,-0.244936,-27.5774,0.0,0.0,0.0,0.0,0.0,,
0.00156993,8.67117e-08,508.648,272.646,1e-20,0.0,0.0,31.693,0.0,0.0,0.0,0.0,812.986,1.00003,-0.0606465,-0.238204,-27.5682,0.0,0.0,0.0,0.0,0.0,,
0.00157195,8.87882e-08,508.501,272.788,1e-20,0.0,0.0,31.6973,0.0,0.0,0.0,0.0,812.986,1.00003,-0.06232,-0.231765,-27.5588,0.0,0.0,0.0,0.0,0.0,,
0.00157391,8.96003e-08,508.339,272.948,1e-20,0.0,0.0,31.6998,0.0,0.0,0.0,0.0,812.986,1.00004,-0.0636873,-0.226063,-27.5496,0.0,0.0,0.0,0.0,0.0,,
0.00157598,8.96815e-08,508.169,273.112,1e-20,0.0,0.0,31.7058,0.0,0.0,0.0,0.0,812.987,1.00004,-0.0648458,-0.220535,-27.5398,0.0,0.0,0.0,0.0,0.0,,
0.00157795,8.95944e-08,507.991,273.282,1e-20,0.0,0.0,31.7139,0.0,0.0,0.0,0.0,812.987,1.00004,-0.0657406,-0.215406,-27.5305,0.0,0.0,0.0,0.0,0.0,,
0.00157996,8.76739e-08,507.845,273.414,1e-20,0.0,0.0,31.7273,0.0,0.0,0.0,0.0,812.986,1.00003,-0.0664826,-0.209979,-27.521,0.0,0.0,0.0,0.0,0.0,,
0.001582,8.95919e-08,507.759,273.483,1e-20,0.0,0.0,31.7436,0.0,0.0,0.0,0.0,812.986,1.00003,-0.0670599,-0.20403,-27.5114,0.0,0.0,0.0,0.0,0.0,,
0.00158397,8.95191e-08,507.777,273.454,1e-20,0.0,0.0,31.7551,0.0,0.0,0.0,0.0,812.986,1.00003,-0.0674813,-0.197705,-27.5021,0.0,0.0,0.0,0.0,0.0,,
0.00158594,8.94487e-08,507.838,273.382,1e-20,0.0,0.0,31.7664,0.0,0.0,0.0,0.0,812.986,1.00003,-0.0678323,-0.190715,-27.4927,0.0,0.0,0.0,0.0,0.0,,
0.00158795,8.66385e-08,507.964,273.246,1e-20,0.0,0.0,31.7765,0.0,0.0,0.0,0.0,812.986,1.00003,-0.0681519,-0.182722,-27.4831,0.0,0.0,0.0,0.0,0.0,,
0.00158998,8.92792e-08,508.18,273.021,1e-20,0.0,0.0,31.7846,0.0,0.0,0.0,0.0,812.986,1.00003,-0.0684003,-0.173692,-27.4735,0.0,0.0,0.0,0.0,0.0,,
0.00159194,8.92288e-08,508.506,272.687,1e-20,0.0,0.0,31.7921,0.0,0.0,0.0,0.0,812.986,1.00003,-0.0685381,-0.163915,-27.4641,0.0,0.0,0.0,0.0,0.0,,
0.00159399,8.91939e-08,508.94,272.244,1e-20,0.0,0.0,31.8008,0.0,0.0,0.0,0.0,812.985,1.00003,-0.0685604,-0.152633,-27.4543,0.0,0.0,0.0,0.0,0.0,,
0.00159596,8.58275e-08,509.392,271.786,1e-20,0.0,0.0,31.8068,0.0,0.0,0.0,0.0,812.985,1.00003,-0.0684768,-0.14093,-27.4449,0.0,0.0,0.0,0.0,0.0,,
0.00159796,8.88171e-08,509.865,271.312,1e-20,0.0,0.0,31.8085,0.0,0.0,0.0,0.0,812.985,1.00003,-0.0683108,-0.128308,-27.4353,0.0,0.0,0.0,0.0,0.0,,
0.00159992,8.92165e-08,510.305,270.869,1e-20,0.0,0.0,31.8105,0.0,0.0,0.0,0.0,812.985,1.00003,-0.0681235,-0.115542,-27.4259,0.0,0.0,0.0,0.0,0.0,,
0.00160197,8.90527e-08,510.728,270.442,1e-20,0.0,0.0,31.8152,0.0,0.0,0.0,0.0,812.985,1.00003,-0.0679621,-0.101961,-27.4161,0.0,0.0,0.0,0.0,0.0,,
0.00160393,8.89036e-08,511.02,270.143,1e-20,0.0,0.0,31.8224,0.0,0.0,0.0,0.0,812.985,1.00003,-0.0678635,-0.0887826,-27.4066,0.0,0.0,0.0,0.0,0.0,,
0.00160595,8.81566e-08,511.168,269.984,1e-20,0.0,0.0,31.8332,0.0,0.0,0.0,0.0,812.985,1.00003,-0.0678144,-0.0749117,-27.3969,0.0,0.0,0.0,0.0,0.0,,
0.00160791,8.95606e-08,511.117,270.021,1e-20,0.0,0.0,31.847,0.0,0.0,0.0,0.0,812.985,1.00003,-0.0677503,-0.0612173,-27.3874,0.0,0.0,0.0,0.0,0.0,,
0.00160997,8.94789e-08,510.876,270.246,1e-20,0.0,0.0,31.8627,0.0,0.0,0.0,0.0,812.985,1.00003,-0.0675244,-0.0465563,-27.3775,0.0,0.0,0.0,14116.0,0.0,,
0.00161194,8.92853e-08,510.493,270.607,1e-20,0.0,0.0,31.8846,0.0,0.0,0.0,0.0,812.985,1.00003,-0.067063,-0.0321845,-27.3679,0.0,0.0,0.0,0.0,0.0,,
0.00161398,8.75854e-08,509.905,271.061,1e-20,0.0,0.0,32.0191,0.0,0.0,0.0,0.0,812.985,1.00003,-0.066338,-0.0167847,-27.358,0.0,0.0,0.0,0.0,0.0,,
0.00161592,8.86004e-08,509.179,271.66,1e-20,0.0,0.0,32.1462,0.0,0.0,0.0,0.0,812.985,1.00003,-0.0654753,-0.00164727,-27.3486,0.0,0.0,0.0,0.0,0.0,,
0.00161796,8.8618e-08,508.28,272.412,1e-20,0.0,0.0,32.2932,0.0,0.0,0.0,0.0,812.985,1.00003,-0.0645045,0.0145774,-27.3387,0.0,0.0,0.0,0.0,0.0,,
0.00162,8.87018e-08,507.328,273.043,1e-20,0.0,0.0,32.6137,0.0,0.0,0.0,0.0,812.985,1.00003,-0.0635759,0.0309681,-27.3287,0.0,0.0,0.0,0.0,0.0,,
0.00162195,8.88502e-08,506.575,273.761,1e-20,0.0,0.0,32.6478,0.0,0.0,0.0,0.0,812.985,1.00003,-0.0627219,0.0466148,-27.3192,0.0,0.0,0.0,0.0,0.0,,
0.00162397,8.84041e-08,506.159,274.2,1e-20,0.0,0.0,32.625,0.0,0.0,0.0,0.0,812.984,1.00003,-0.0617814,0.0625889,-27.3093,0.0,0.0,0.0,0.0,0.0,,
0.00162593,8.93618e-08,506.214,274.058,1e-20,0.0,0.0,32.7121,0.0,0.0,0.0,0.0,812.984,1.00003,-0.0607281,0.0777454,-27.2997,0.0,0.0,0.0,0.0,0.0,,
0.00162799,8.91524e-08,506.495,273.839,1e-20,0.0,0.0,32.6512,0.0,0.0,0.0,0.0,812.984,1.00003,-0.0594406,0.0933605,-27.2896,0.0,0.0,0.0,0.0,0.0,,
0.00162995,8.89659e-08,506.708,273.778,1e-20,0.0,0.0,32.498,0.0,0.0,0.0,0.0,812.984,1.00003,-0.0581012,0.108179,-27.28,0.0,0.0,0.0,0.0,0.0,,
0.00163198,8.75915e-08,506.671,273.85,1e-20,0.0,0.0,32.4629,0.0,0.0,0.0,0.0,812.984,1.00003,-0.0567113,0.123653,-27.27,0.0,0.0,0.0,0.0,0.0,,
0.00163392,8.87117e-08,506.295,274.22,1e-20,0.0,0.0,32.469,0.0,0.0,0.0,0.0,812.984,1.00003,-0.0554174,0.138701,-27.2605,0.0,0.0,0.0,0.0,0.0,,
0.00163597,8.94755e-08,505.639,274.878,1e-20,0.0,0.0,32.4677,0.0,0.0,0.0,0.0,812.985,1.00003,-0.0540291,0.155002,-27.2504,0.0,0.0,0.0,0.0,0.0,,
0.00163793,8.93448e-08,504.797,275.68,1e-20,0.0,0.0,32.5077,0.0,0.0,0.0,0.0,812.985,1.00003,-0.0525809,0.171128,-27.2407,0.0,0.0,0.0,0.0,0.0,,
0.00163998,8.71573e-08,503.802,276.618,1e-20,0.0,0.0,32.5649,0.0,0.0,0.0,0.0,812.985,1.00003,-0.0509305,0.188463,-27.2305,0.0,0.0,0.0,0.0,0.0,,
0.001642,8.86437e-08,502.834,277.56,1e-20,0.0,0.0,32.5904,0.0,0.0,0.0,0.0,812.985,1.00003,-0.0491105,0.206143,-27.2205,0.0,0.0,0.0,0.0,0.0,,
0.00164395,8.8774e-08,501.971,278.404,1e-20,0.0,0.0,32.6098,0.0,0.0,0.0,0.0,812.985,1.00003,-0.0470959,0.223801,-27.2108,0.0,0.0,0.0,0.0,0.0,,
0.00164599,8.87415e-08,501.163,279.191,1e-20,0.0,0.0,32.6312,0.0,0.0,0.0,0.0,812.985,1.00003,-0.0447294,0.242724,-27.2007,0.0,0.0,0.0,0.0,0.0,,
0.00164795,8.93434e-08,500.511,279.824,1e-20,0.0,0.0,32.6508,0.0,0.0,0.0,0.0,812.985,1.00003,-0.0423392,0.261191,-27.1909,0.0,0.0,0.0,0.0,0.0,,
0.00164997,8.70404e-08,499.919,280.389,1e-20,0.0,0.0,32.6763,0.0,0.0,0.0,0.0,812.985,1.00003,-0.0399879,0.280296,-27.1809,0.0,0.0,0.0,0.0,0.0,,
0.00165199,8.88077e-08,499.358,280.906,1e-20,0.0,0.0,32.7214,0.0,0.0,0.0,0.0,812.985,1.00003,-0.037896,0.299475,-27.1708,0.0,0.0,0.0,0.0,0.0,,
0.00165395,8.87811e-08,498.96,281.251,1e-20,0.0,0.0,32.7741,0.0,0.0,0.0,0.0,812.986,1.00003,-0.0362095,0.318038,-27.161,0.0,0.0,0.0,0.0,0.0,,
0.00165599,8.85729e-08,498.729,281.437,1e-20,0.0,0.0,32.8203,0.0,0.0,0.0,0.0,812.986,1.00003,-0.0348219,0.337589,-27.1508,0.0,0.0,0.0,0.0,0.0,,
0.00165792,8.7376e-08,498.757,281.364,1e-20,0.0,0.0,32.8653,0.0,0.0,0.0,0.0,812.986,1.00003,-0.0338613,0.356363,-27.1411,0.0,0.0,0.0,0.0,0.0,,
0.00165995,8.84584e-08,498.973,281.105,1e-20,0.0,0.0,32.9087,0.0,0.0,0.0,0.0,812.986,1.00003,-0.0332283,0.376334,-27.1309,0.0,0.0,0.0,0.0,0.0,,
0.00166198,8.85137e-08,499.356,280.688,1e-20,0.0,0.0,32.9422,0.0,0.0,0.0,0.0,812.986,1.00003,-0.0329962,0.396806,-27.1207,0.0,0.0,0.0,0.0,0.0,,
0.00166393,8.84636e-08,499.799,280.217,1e-20,0.0,0.0,32.969,0.0,0.0,0.0,0.0,812.986,1.00003,-0.0332242,0.41694,-27.1109,0.0,0.0,0.0,0.0,0.0,,
0.00166596,8.83218e-08,500.307,279.684,1e-20,0.0,0.0,32.9949,0.0,0.0,0.0,0.0,812.986,1.00003,-0.0340753,0.438634,-27.1006,0.0,0.0,0.0,0.0,0.0,,
0.00166799,8.81082e-08,500.805,279.162,1e-20,0.0,0.0,33.0194,0.0,0.0,0.0,0.0,812.986,1.00003,-0.0355583,0.460885,-27.0904,0.0,0.0,0.0,0.0,0.0,,
0.00166993,8.82558e-08,501.178,278.767,1e-20,0.0,0.0,33.0405,0.0,0.0,0.0,0.0,812.986,1.00003,-0.0375158,0.48267,-27.0806,0.0,0.0,0.0,0.0,0.0,,
0.00167195,8.80567e-08,501.508,278.416,1e-20,0.0,0.0,33.0626,0.0,0.0,0.0,0.0,812.986,1.00003,-0.0401272,0.505739,-27.0704,0.0,0.0,0.0,0.0,0.0,,
0.00167399,8.91545e-08,501.773,278.117,1e-20,0.0,0.0,33.0957,0.0,0.0,0.0,0.0,812.986,1.00003,-0.0432685,0.528961,-27.06,0.0,0.0,0.0,0.0,0.0,,
0.00167594,8.85251e-08,501.889,277.975,1e-20,0.0,0.0,33.1225,0.0,0.0,0.0,0.0,812.987,1.00004,-0.0466333,0.550922,-27.0501,0.0,0.0,0.0,0.0,0.0,,
0.00167798,8.87441e-08,501.736,278.108,1e-20,0.0,0.0,33.1435,0.0,0.0,0.0,0.0,812.987,1.00004,-0.0504468,0.573704,-27.0398,0.0,0.0,0.0,0.0,0.0,,
0.00167993,8.84722e-08,501.314,278.506,1e-20,0.0,0.0,33.1665,0.0,0.0,0.0,0.0,812.987,1.00004,-0.0543011,0.595176,-27.0298,0.0,0.0,0.0,0.0,0.0,,
0.00168195,8.70304e-08,500.677,279.121,1e-20,0.0,0.0,33.1891,0.0,0.0,0.0,0.0,812.987,1.00004,-0.0584869,0.617204,-27.0195,0.0,0.0,0.0,0.0,0.0,,
0.00168396,8.74411e-08,499.976,279.798,1e-20,0.0,0.0,33.2131,0.0,0.0,0.0,0.0,812.987,1.00004,-0.0627759,0.638736,-27.0093,0.0,0.0,0.0,0.0,0.0,,
0.00168597,8.82725e-08,499.258,280.48,1e-20,0.0,0.0,33.2498,0.0,0.0,0.0,0.0,812.988,1.00004,-0.0672083,0.660118,-26.999,0.0,0.0,0.0,0.0,0.0,,
0.00168792,8.81695e-08,498.572,281.119,1e-20,0.0,0.0,33.2964,0.0,0.0,0.0,0.0,812.988,1.00004,-0.071579,0.68045,-26.989,0.0,0.0,0.0,0.0,0.0,,
0.00168994,8.80591e-08,497.866,281.785,1e-20,0.0,0.0,33.3371,0.0,0.0,0.0,0.0,812.988,1.00004,-0.0762121,0.701551,-26.9786,0.0,0.0,0.0,0.0,0.0,,
0.00169198,8.73335e-08,497.205,282.407,1e-20,0.0,0.0,33.3765,0.0,0.0,0.0,0.0,812.988,1.00004,-0.0808639,0.72267,-26.9682,0.0,0.0,0.0,0.0,0.0,,
0.00169399,8.80217e-08,496.623,282.949,1e-20,0.0,0.0,33.4157,0.0,0.0,0.0,0.0,812.988,1.00004,-0.0854187,0.743526,-26.9579,0.0,0.0,0.0,0.0,0.0,,
0.00169592,8.79277e-08,496.095,283.461,1e-20,0.0,0.0,33.4324,0.0,0.0,0.0,0.0,812.988,1.00004,-0.0897111,0.76353,-26.9479,0.0,0.0,0.0,0.0,0.0,,
0.00169795,8.78743e-08,495.589,283.954,1e-20,0.0,0.0,33.445,0.0,0.0,0.0,0.0,812.988,1.00004,-0.0940655,0.784281,-26.9375,0.0,0.0,0.0,0.0,0.0,,
0.00169995,8.63343e-08,495.117,284.414,1e-20,0.0,0.0,33.4579,0.0,0.0,0.0,0.0,812.988,1.00004,-0.0982886,0.804721,-26.9271,0.0,0.0,0.0,0.0,0.0,,
0.00170194,8.70092e-08,494.689,284.843,1e-20,0.0,0.0,33.457,0.0,0.0,0.0,0.0,812.988,1.00004,-0.102475,0.824901,-26.9169,0.0,0.0,0.0,0.0,0.0,,
0.00170395,8.77399e-08,494.159,285.374,1e-20,0.0,0.0,33.4552,0.0,0.0,0.0,0.0,812.988,1.00004,-0.106803,0.845299,-26.9065,0.0,0.0,0.0,0.0,0.0,,
0.00170597,8.79578e-08,493.463,286.071,1e-20,0.0,0.0,33.4545,0.0,0.0,0.0,0.0,812.988,1.00004,-0.111342,0.865735,-26.896,0.0,0.0,0.0,0.0,0.0,,
0.00170799,8.80589e-08,492.621,286.914,1e-20,0.0,0.0,33.4535,0.0,0.0,0.0,0.0,812.989,1.00004,-0.116207,0.886116,-26.8855,0.0,0.0,0.0,14116.0,0.0,,
0.00170998,8.6325e-08,491.808,287.721,1e-20,0.0,0.0,33.4593,0.0,0.0,0.0,0.0,812.989,1.00004,-0.12134,0.906021,-26.8752,0.0,0.0,0.0,0.0,0.0,,
0.001712,8.87963e-08,491.134,288.383,1e-20,0.0,0.0,33.4719,0.0,0.0,0.0,0.0,812.989,1.00004,-0.12685,0.926023,-26.8647,0.0,0.0,0.0,0.0,0.0,,
0.00171396,8.92598e-08,490.619,288.88,1e-20,0.0,0.0,33.4902,0.0,0.0,0.0,0.0,812.989,1.00004,-0.132419,0.945335,-26.8545,0.0,0.0,0.0,0.0,0.0,,
0.00171592,8.98701e-08,490.132,289.343,1e-20,0.0,0.0,33.515,0.0,0.0,0.0,0.0,812.99,1.00004,-0.138081,0.964602,-26.8442,0.0,0.0,0.0,0.0,0.0,,
0.00171793,8.70514e-08,489.542,289.898,1e-20,0.0,0.0,33.5498,0.0,0.0,0.0,0.0,812.99,1.00004,-0.143782,0.984114,-26.8338,0.0,0.0,0.0,0.0,0.0,,
0.00171996,8.96687e-08,488.856,290.562,1e-20,0.0,0.0,33.5721,0.0,0.0,0.0,0.0,812.99,1.00004,-0.149413,1.00396,-26.8231,0.0,0.0,0.0,0.0,0.0,,
0.00172193,8.9279e-08,488.135,291.251,1e-20,0.0,0.0,33.604,0.0,0.0,0.0,0.0,812.99,1.00004,-0.154625,1.02336,-26.8128,0.0,0.0,0.0,0.0,0.0,,
0.00172398,8.95481e-08,487.495,291.857,1e-20,0.0,0.0,33.638,0.0,0.0,0.0,0.0,812.99,1.00004,-0.159673,1.04395,-26.8021,0.0,0.0,0.0,0.0,0.0,,
0.00172595,8.65124e-08,487.104,292.202,1e-20,0.0,0.0,33.684,0.0,0.0,0.0,0.0,812.99,1.00004,-0.163951,1.06405,-26.7917,0.0,0.0,0.0,0.0,0.0,,
0.00172794,8.67923e-08,486.938,292.291,1e-20,0.0,0.0,33.7611,0.0,0.0,0.0,0.0,812.99,1.00004,-0.167546,1.08463,-26.7813,0.0,0.0,0.0,0.0,0.0,,
0.00172996,8.83314e-08,486.944,292.232,1e-20,0.0,0.0,33.8142,0.0,0.0,0.0,0.0,812.99,1.00004,-0.170287,1.1055,-26.7707,0.0,0.0,0.0,0.0,0.0,,
0.00173192,8.98726e-08,487.034,292.099,1e-20,0.0,0.0,33.8565,0.0,0.0,0.0,0.0,812.99,1.00004,-0.17201,1.12576,-26.7603,0.0,0.0,0.0,0.0,0.0,,
0.00173399,8.98575e-08,487.118,291.978,1e-20,0.0,0.0,33.8946,0.0,0.0,0.0,0.0,812.99,1.00004,-0.172876,1.14683,-26.7494,0.0,0.0,0.0,0.0,0.0,,
0.00173593,8.79087e-08,487.11,291.952,1e-20,0.0,0.0,33.9277,0.0,0.0,0.0,0.0,812.991,1.00004,-0.173001,1.16644,-26.7392,0.0,0.0,0.0,0.0,0.0,,
0.00173796,8.90044e-08,487.004,292.019,1e-20,0.0,0.0,33.9673,0.0,0.0,0.0,0.0,812.991,1.00004,-0.172587,1.18676,-26.7284,0.0,0.0,0.0,0.0,0.0,,
0.00173993,8.9981e-08,486.793,292.157,1e-20,0.0,0.0,34.0408,0.0,0.0,0.0,0.0,812.991,1.00004,-0.171753,1.20625,-26.718,0.0,0.0,0.0,0.0,0.0,,
0.00174191,8.9504e-08,486.529,292.348,1e-20,0.0,0.0,34.1143,0.0,0.0,0.0,0.0,812.991,1.00004,-0.17061,1.22553,-26.7075,0.0,0.0,0.0,0.0,0.0,,
0.00174396,8.67176e-08,486.247,292.585,1e-20,0.0,0.0,34.1585,0.0,0.0,0.0,0.0,812.991,1.00004,-0.169202,1.24531,-26.6966,0.0,0.0,0.0,0.0,0.0,,
0.00174597,8.80606e-08,486.023,292.791,1e-20,0.0,0.0,34.1766,0.0,0.0,0.0,0.0,812.991,1.00004,-0.16763,1.26439,-26.686,0.0,0.0,0.0,0.0,0.0,,
0.00174793,8.94439e-08,485.865,292.95,1e-20,0.0,0.0,34.1752,0.0,0.0,0.0,0.0,812.991,1.00004,-0.165892,1.28281,-26.6756,0.0,0.0,0.0,0.0,0.0,,
0.00174998,8.93783e-08,485.75,293.063,1e-20,0.0,0.0,34.1778,0.0,0.0,0.0,0.0,812.991,1.00004,-0.163857,1.3018,-26.6646,0.0,0.0,0.0,0.0,0.0,,
0.00175193,8.93553e-08,485.626,293.157,1e-20,0.0,0.0,34.2067,0.0,0.0,0.0,0.0,812.99,1.00004,-0.161672,1.31932,-26.6542,0.0,0.0,0.0,0.0,0.0,,
0.00175398,8.53716e-08,485.373,293.368,1e-20,0.0,0.0,34.2494,0.0,0.0,0.0,0.0,812.99,1.00004,-0.158983,1.33698,-26.6433,0.0,0.0,0.0,0.0,0.0,,
0.00175598,8.82428e-08,484.962,293.727,1e-20,0.0,0.0,34.3014,0.0,0.0,0.0,0.0,812.99,1.00004,-0.155876,1.35337,-26.6326,0.0,0.0,0.0,0.0,0.0,,
0.00175793,8.90485e-08,484.425,294.192,1e-20,0.0,0.0,34.3731,0.0,0.0,0.0,0.0,812.99,1.00004,-0.152318,1.36872,-26.6222,0.0,0.0,0.0,0.0,0.0,,
0.00175998,8.94458e-08,483.702,294.799,1e-20,0.0,0.0,34.4892,0.0,0.0,0.0,0.0,812.99,1.00004,-0.148104,1.38406,-26.6112,0.0,0.0,0.0,0.0,0.0,,
0.00176194,8.90989e-08,482.82,295.554,1e-20,0.0,0.0,34.6164,0.0,0.0,0.0,0.0,812.99,1.00004,-0.143736,1.39812,-26.6007,0.0,0.0,0.0,0.0,0.0,,
0.00176397,8.87733e-08,481.724,296.523,1e-20,0.0,0.0,34.7421,0.0,0.0,0.0,0.0,812.99,1.00004,-0.139049,1.41209,-26.5898,0.0,0.0,0.0,0.0,0.0,,
0.00176592,8.88032e-08,480.495,297.632,1e-20,0.0,0.0,34.8629,0.0,0.0,0.0,0.0,812.99,1.00004,-0.134403,1.42511,-26.5793,0.0,0.0,0.0,0.0,0.0,,
0.00176796,8.86673e-08,479.126,298.885,1e-20,0.0,0.0,34.979,0.0,0.0,0.0,0.0,812.99,1.00004,-0.129442,1.43821,-26.5683,0.0,0.0,0.0,0.0,0.0,,
0.00176991,8.8607e-08,477.831,300.099,1e-20,0.0,0.0,35.0598,0.0,0.0,0.0,0.0,812.99,1.00004,-0.124643,1.45015,-26.5578,0.0,0.0,0.0,0.0,0.0,,
0.00177195,8.85731e-08,476.571,301.278,1e-20,0.0,0.0,35.1407,0.0,0.0,0.0,0.0,812.989,1.00004,-0.119579,1.46176,-26.5468,0.0,0.0,0.0,0.0,0.0,,
0.00177398,8.74878e-08,475.414,302.347,1e-20,0.0,0.0,35.2282,0.0,0.0,0.0,0.0,812.989,1.00004,-0.11452,1.47226,-26.5359,0.0,0.0,0.0,0.0,0.0,,
0.001776,8.93297e-08,474.376,303.307,1e-20,0.0,0.0,35.3062,0.0,0.0,0.0,0.0,812.989,1.00004,-0.10957,1.48168,-26.525,0.0,0.0,0.0,0.0,0.0,,
0.00177797,8.9369e-08,473.481,304.133,1e-20,0.0,0.0,35.3746,0.0,0.0,0.0,0.0,812.989,1.00004,-0.105054,1.48996,-26.5143,0.0,0.0,0.0,0.0,0.0,,
0.00177992,8.78308e-08,472.652,304.893,1e-20,0.0,0.0,35.4442,0.0,0.0,0.0,0.0,812.989,1.00004,-0.101014,1.4975,-26.5038,0.0,0.0,0.0,0.0,0.0,,
0.00178192,8.67253e-08,471.796,305.682,1e-20,0.0,0.0,35.5111,0.0,0.0,0.0,0.0,812.989,1.00004,-0.0973499,1.50453,-26.4929,0.0,0.0,0.0,0.0,0.0,,
0.00178395,8.92681e-08,470.822,306.594,1e-20,0.0,0.0,35.5731,0.0,0.0,0.0,0.0,812.989,1.00004,-0.0940103,1.51093,-26.4819,0.0,0.0,0.0,0.0,0.0,,
0.00178592,8.92034e-08,469.827,307.533,1e-20,0.0,0.0,35.6284,0.0,0.0,0.0,0.0,812.989,1.00004,-0.0910365,1.51635,-26.4712,0.0,0.0,0.0,0.0,0.0,,
0.00178795,8.6354e-08,468.778,308.526,1e-20,0.0,0.0,35.6847,0.0,0.0,0.0,0.0,812.989,1.00004,-0.0879925,1.52129,-26.4602,0.0,0.0,0.0,0.0,0.0,,
0.00178993,8.69357e-08,467.754,309.516,1e-20,0.0,0.0,35.7193,0.0,0.0,0.0,0.0,812.989,1.00004,-0.0847668,1.52555,-26.4494,0.0,0.0,0.0,0.0,0.0,,
0.00179197,8.9872e-08,466.621,310.634,1e-20,0.0,0.0,35.7341,0.0,0.0,0.0,0.0,812.989,1.00004,-0.0810295,1.52935,-26.4383,0.0,0.0,0.0,0.0,0.0,,
0.00179394,8.95212e-08,465.444,311.808,1e-20,0.0,0.0,35.7375,0.0,0.0,0.0,0.0,812.989,1.00004,-0.0770427,1.53242,-26.4275,0.0,0.0,0.0,0.0,0.0,,
0.00179592,8.96137e-08,464.198,313.053,1e-20,0.0,0.0,35.7387,0.0,0.0,0.0,0.0,812.989,1.00004,-0.0728692,1.53484,-26.4167,0.0,0.0,0.0,0.0,0.0,,
0.00179798,9.02975e-08,462.833,314.42,1e-20,0.0,0.0,35.7363,0.0,0.0,0.0,0.0,812.989,1.00004,-0.0685194,1.53669,-26.4054,0.0,0.0,0.0,0.0,0.0,,
0.00179993,8.89766e-08,461.463,315.787,1e-20,0.0,0.0,35.7395,0.0,0.0,0.0,0.0,812.989,1.00004,-0.0644786,1.53781,-26.3947,0.0,0.0,0.0,0.0,0.0,,
0.00180198,8.95988e-08,459.892,317.349,1e-20,0.0,0.0,35.7477,0.0,0.0,0.0,0.0,812.99,1.00004,-0.0603428,1.53828,-26.3835,0.0,0.0,0.0,14116.0,0.0,,
0.00180395,8.94112e-08,458.268,318.968,1e-20,0.0,0.0,35.7538,0.0,0.0,0.0,0.0,812.99,1.00004,-0.0565267,1.53792,-26.3727,0.0,0.0,0.0,0.0,0.0,,
0.00180592,8.72438e-08,456.598,320.635,1e-20,0.0,0.0,35.7568,0.0,0.0,0.0,0.0,812.99,1.00004,-0.0529263,1.53667,-26.3619,0.0,0.0,0.0,0.0,0.0,,
0.00180793,8.74772e-08,454.964,322.269,1e-20,0.0,0.0,35.7574,0.0,0.0,0.0,0.0,812.99,1.00004,-0.0495147,1.53449,-26.3509,0.0,0.0,0.0,0.0,0.0,,
0.00180995,8.82225e-08,453.387,323.851,1e-20,0.0,0.0,35.7515,0.0,0.0,0.0,0.0,812.99,1.00004,-0.0464204,1.53152,-26.3398,0.0,0.0,0.0,0.0,0.0,,
0.001812,8.95124e-08,451.937,325.305,1e-20,0.0,0.0,35.7475,0.0,0.0,0.0,0.0,812.99,1.00004,-0.0436652,1.52781,-26.3285,0.0,0.0,0.0,0.0,0.0,,
0.00181398,8.99484e-08,450.717,326.523,1e-20,0.0,0.0,35.7495,0.0,0.0,0.0,0.0,812.99,1.00004,-0.0413606,1.52356,-26.3176,0.0,0.0,0.0,0.0,0.0,,
0.00181599,8.68897e-08,449.652,327.584,1e-20,0.0,0.0,35.7539,0.0,0.0,0.0,0.0,812.99,1.00004,-0.0393056,1.51847,-26.3064,0.0,0.0,0.0,0.0,0.0,,
0.00181792,8.86769e-08,448.741,328.488,1e-20,0.0,0.0,35.7613,0.0,0.0,0.0,0.0,812.99,1.00004,-0.0375621,1.51283,-26.2958,0.0,0.0,0.0,0.0,0.0,,
0.00181998,8.959e-08,447.862,329.348,1e-20,0.0,0.0,35.7804,0.0,0.0,0.0,0.0,812.99,1.00004,-0.0358615,1.5059,-26.2844,0.0,0.0,0.0,0.0,0.0,,
0.00182195,8.95012e-08,447.062,330.115,1e-20,0.0,0.0,35.8136,0.0,0.0,0.0,0.0,812.991,1.00004,-0.0342683,1.49832,-26.2735,0.0,0.0,0.0,0.0,0.0,,
0.00182393,8.56304e-08,446.243,330.893,1e-20,0.0,0.0,35.855,0.0,0.0,0.0,0.0,812.991,1.00004,-0.0326289,1.48982,-26.2625,0.0,0.0,0.0,0.0,0.0,,
0.00182594,8.91102e-08,445.332,331.765,1e-20,0.0,0.0,35.8938,0.0,0.0,0.0,0.0,812.991,1.00004,-0.0308636,1.48045,-26.2514,0.0,0.0,0.0,0.0,0.0,,
0.00182799,8.89796e-08,444.261,332.801,1e-20,0.0,0.0,35.9285,0.0,0.0,0.0,0.0,812.991,1.00004,-0.0288537,1.47019,-26.24,0.0,0.0,0.0,0.0,0.0,,
0.00182994,8.88532e-08,443.15,333.876,1e-20,0.0,0.0,35.9651,0.0,0.0,0.0,0.0,812.991,1.00004,-0.0267033,1.45971,-26.2292,0.0,0.0,0.0,0.0,0.0,,
0.00183199,8.86895e-08,442.009,334.977,1e-20,0.0,0.0,36.0051,0.0,0.0,0.0,0.0,812.991,1.00004,-0.0241298,1.44803,-26.2178,0.0,0.0,0.0,0.0,0.0,,
0.00183392,8.85685e-08,441.051,335.899,1e-20,0.0,0.0,36.0414,0.0,0.0,0.0,0.0,812.991,1.00004,-0.021231,1.43624,-26.207,0.0,0.0,0.0,0.0,0.0,,
0.00183595,8.84385e-08,440.161,336.753,1e-20,0.0,0.0,36.0774,0.0,0.0,0.0,0.0,812.991,1.00004,-0.0176623,1.42306,-26.1957,0.0,0.0,0.0,0.0,0.0,,
0.00183799,8.83084e-08,439.397,337.487,1e-20,0.0,0.0,36.1078,0.0,0.0,0.0,0.0,812.991,1.00004,-0.0136536,1.40914,-26.1844,0.0,0.0,0.0,0.0,0.0,,
0.00183993,8.82191e-08,438.772,338.085,1e-20,0.0,0.0,36.1347,0.0,0.0,0.0,0.0,812.991,1.00004,-0.00948485,1.39511,-26.1735,0.0,0.0,0.0,0.0,0.0,,
0.00184195,8.771e-08,438.308,338.521,1e-20,0.0,0.0,36.163,0.0,0.0,0.0,0.0,812.992,1.00004,-0.00481887,1.37977,-26.1622,0.0,0.0,0.0,0.0,0.0,,
0.00184397,8.77889e-08,438.055,338.746,1e-20,0.0,0.0,36.1906,0.0,0.0,0.0,0.0,812.992,1.00004,9.7354e-06,1.36377,-26.151,0.0,0.0,0.0,0.0,0.0,,
0.00184591,8.94506e-08,437.995,338.78,1e-20,0.0,0.0,36.2166,0.0,0.0,0.0,0.0,812.992,1.00004,0.00457505,1.34778,-26.1401,0.0,0.0,0.0,0.0,0.0,,
0.00184797,8.94353e-08,438.029,338.712,1e-20,0.0,0.0,36.2502,0.0,0.0,0.0,0.0,812.992,1.00004,0.00915368,1.33009,-26.1286,0.0,0.0,0.0,0.0,0.0,,
0.00184999,8.72895e-08,438.075,338.625,1e-20,0.0,0.0,36.2922,0.0,0.0,0.0,0.0,812.992,1.00004,0.0133073,1.31189,-26.1172,0.0,0.0,0.0,0.0,0.0,,
0.00185192,8.83625e-08,438.091,338.565,1e-20,0.0,0.0,36.3362,0.0,0.0,0.0,0.0,812.992,1.00004,0.0169409,1.29386,-26.1064,0.0,0.0,0.0,0.0,0.0,,
0.00185397,8.93697e-08,438.052,338.562,1e-20,0.0,0.0,36.3789,0.0,0.0,0.0,0.0,812.993,1.00004,0.0204946,1.27395,-26.0949,0.0,0.0,0.0,0.0,0.0,,
0.00185594,8.93204e-08,437.901,338.683,1e-20,0.0,0.0,36.4092,0.0,0.0,0.0,0.0,812.993,1.00004,0.0236964,1.25406,-26.0838,0.0,0.0,0.0,0.0,0.0,,
0.00185799,8.69138e-08,437.532,339.03,1e-20,0.0,0.0,36.4305,0.0,0.0,0.0,0.0,812.993,1.00004,0.0269174,1.23244,-26.0723,0.0,0.0,0.0,0.0,0.0,,
0.00185999,8.7451e-08,436.951,339.594,1e-20,0.0,0.0,36.4488,0.0,0.0,0.0,0.0,812.993,1.00004,0.0299711,1.2105,-26.0611,0.0,0.0,0.0,0.0,0.0,,
0.00186193,8.89976e-08,436.193,340.327,1e-20,0.0,0.0,36.4731,0.0,0.0,0.0,0.0,812.994,1.00004,0.0329143,1.18833,-26.0501,0.0,0.0,0.0,0.0,0.0,,
0.00186398,8.89424e-08,435.284,341.202,1e-20,0.0,0.0,36.5083,0.0,0.0,0.0,0.0,812.994,1.00004,0.0360169,1.16425,-26.0386,0.0,0.0,0.0,0.0,0.0,,
0.00186594,8.8929e-08,434.36,342.085,1e-20,0.0,0.0,36.5499,0.0,0.0,0.0,0.0,812.994,1.00004,0.0390091,1.14062,-26.0275,0.0,0.0,0.0,0.0,0.0,,
0.00186793,8.67491e-08,433.383,343.017,1e-20,0.0,0.0,36.5951,0.0,0.0,0.0,0.0,812.995,1.00005,0.0420634,1.11608,-26.0162,0.0,0.0,0.0,0.0,0.0,,
0.00186996,8.89662e-08,432.347,344.002,1e-20,0.0,0.0,36.6455,0.0,0.0,0.0,0.0,812.995,1.00005,0.0451197,1.09099,-26.0048,0.0,0.0,0.0,0.0,0.0,,
0.00187192,8.88826e-08,431.342,344.96,1e-20,0.0,0.0,36.6938,0.0,0.0,0.0,0.0,812.995,1.00005,0.0480041,1.06672,-25.9937,0.0,0.0,0.0,0.0,0.0,,
0.00187396,8.88387e-08,430.377,345.878,1e-20,0.0,0.0,36.7408,0.0,0.0,0.0,0.0,812.996,1.00005,0.0509623,1.0414,-25.9822,0.0,0.0,0.0,0.0,0.0,,
0.001876,8.70359e-08,429.556,346.652,1e-20,0.0,0.0,36.7874,0.0,0.0,0.0,0.0,812.996,1.00005,0.0539728,1.01607,-25.9706,0.0,0.0,0.0,0.0,0.0,,
0.00187792,8.81649e-08,428.939,347.225,1e-20,0.0,0.0,36.8323,0.0,0.0,0.0,0.0,812.996,1.00005,0.0569508,0.991918,-25.9597,0.0,0.0,0.0,0.0,0.0,,
0.00187995,8.86703e-08,428.43,347.686,1e-20,0.0,0.0,36.8798,0.0,0.0,0.0,0.0,812.996,1.00005,0.0602328,0.966191,-25.9482,0.0,0.0,0.0,0.0,0.0,,
0.00188199,8.85174e-08,428.075,347.995,1e-20,0.0,0.0,36.9261,0.0,0.0,0.0,0.0,812.997,1.00005,0.0636047,0.94017,-25.9366,0.0,0.0,0.0,0.0,0.0,,
0.00188394,8.70311e-08,427.819,348.21,1e-20,0.0,0.0,36.9684,0.0,0.0,0.0,0.0,812.997,1.00005,0.0668299,0.9153,-25.9255,0.0,0.0,0.0,0.0,0.0,,
0.00188594,8.72311e-08,427.564,348.421,1e-20,0.0,0.0,37.0125,0.0,0.0,0.0,0.0,812.997,1.00005,0.0700833,0.889807,-25.9141,0.0,0.0,0.0,0.0,0.0,,
0.00188795,8.82545e-08,427.239,348.696,1e-20,0.0,0.0,37.0624,0.0,0.0,0.0,0.0,812.997,1.00005,0.0731614,0.864481,-25.9027,0.0,0.0,0.0,0.0,0.0,,
0.00189,8.96277e-08,426.808,349.071,1e-20,0.0,0.0,37.1181,0.0,0.0,0.0,0.0,812.998,1.00005,0.076047,0.839214,-25.891,0.0,0.0,0.0,0.0,0.0,,
0.00189196,8.89408e-08,426.347,349.479,1e-20,0.0,0.0,37.1716,0.0,0.0,0.0,0.0,812.998,1.00005,0.0786518,0.815416,-25.8798,0.0,0.0,0.0,0.0,0.0,,
0.00189395,8.64582e-08,425.887,349.887,1e-20,0.0,0.0,37.2232,0.0,0.0,0.0,0.0,812.998,1.00005,0.0812197,0.791443,-25.8684,0.0,0.0,0.0,0.0,0.0,,
0.00189596,8.78945e-08,425.494,350.233,1e-20,0.0,0.0,37.2718,0.0,0.0,0.0,0.0,812.998,1.00005,0.0837471,0.767508,-25.857,0.0,0.0,0.0,0.0,0.0,,
0.00189792,9.01379e-08,425.178,350.506,1e-20,0.0,0.0,37.3147,0.0,0.0,0.0,0.0,812.999,1.00005,0.0861536,0.744127,-25.8458,0.0,0.0,0.0,0.0,0.0,,
0.0019,9.02885e-08,424.853,350.787,1e-20,0.0,0.0,37.359,0.0,0.0,0.0,0.0,812.999,1.00005,0.088526,0.719504,-25.8339,0.0,0.0,0.0,0.0,0.0,,
0.00190198,8.61313e-08,424.474,351.121,1e-20,0.0,0.0,37.4043,0.0,0.0,0.0,0.0,812.999,1.00005,0.0904435,0.696059,-25.8226,0.0,0.0,0.0,0.0,0.0,,
0.00190399,8.86183e-08,423.956,351.575,1e-20,0.0,0.0,37.4688,0.0,0.0,0.0,0.0,813.0,1.00005,0.0918379,0.672529,-25.8111,0.0,0.0,0.0,0.0,0.0,,
0.00190595,9.0045e-08,423.319,352.125,1e-20,0.0,0.0,37.5559,0.0,0.0,0.0,0.0,813.0,1.00005,0.0925147,0.649723,-25.7998,0.0,0.0,0.0,0.0,0.0,,
0.00190793,9.00771e-08,422.622,352.728,1e-20,0.0,0.0,37.6501,0.0,0.0,0.0,0.0,813.0,1.00005,0.0924,0.626953,-25.7885,0.0,0.0,0.0,0.0,0.0,,
0.00191,8.9432e-08,421.954,353.292,1e-20,0.0,0.0,37.7546,0.0,0.0,0.0,0.0,813.001,1.00005,0.0914466,0.603538,-25.7766,0.0,0.0,0.0,0.0,0.0,,
0.00191193,8.81792e-08,421.413,353.76,1e-20,0.0,0.0,37.8272,0.0,0.0,0.0,0.0,813.001,1.00005,0.0899897,0.581911,-25.7655,0.0,0.0,0.0,0.0,0.0,,
0.00191396,8.86795e-08,420.88,354.227,1e-20,0.0,0.0,37.8943,0.0,0.0,0.0,0.0,813.001,1.00005,0.0881905,0.559512,-25.7538,0.0,0.0,0.0,0.0,0.0,,
0.00191593,8.9432e-08,420.371,354.684,1e-20,0.0,0.0,37.9468,0.0,0.0,0.0,0.0,813.001,1.00005,0.08651,0.538266,-25.7425,0.0,0.0,0.0,0.0,0.0,,
0.00191799,8.94504e-08,419.878,355.143,1e-20,0.0,0.0,37.9815,0.0,0.0,0.0,0.0,813.002,1.00005,0.0850841,0.516403,-25.7307,0.0,0.0,0.0,0.0,0.0,,
0.00192,8.60224e-08,419.461,355.537,1e-20,0.0,0.0,38.0037,0.0,0.0,0.0,0.0,813.002,1.00005,0.0842244,0.495208,-25.7191,0.0,0.0,0.0,0.0,0.0,,
0.00192199,8.79724e-08,419.144,355.843,1e-20,0.0,0.0,38.0158,0.0,0.0,0.0,0.0,813.002,1.00005,0.0840267,0.474042,-25.7076,0.0,0.0,0.0,0.0,0.0,,
0.00192395,8.90375e-08,418.916,356.069,1e-20,0.0,0.0,38.0177,0.0,0.0,0.0,0.0,813.003,1.00005,0.0844875,0.453042,-25.6963,0.0,0.0,0.0,0.0,0.0,,
0.00192599,8.89522e-08,418.754,356.236,1e-20,0.0,0.0,38.0125,0.0,0.0,0.0,0.0,813.003,1.00006,0.0855588,0.430631,-25.6845,0.0,0.0,0.0,0.0,0.0,,
0.00192794,8.70611e-08,418.641,356.359,1e-20,0.0,0.0,38.0029,0.0,0.0,0.0,0.0,813.003,1.00006,0.0869371,0.408904,-25.6733,0.0,0.0,0.0,0.0,0.0,,
0.00192994,8.76624e-08,418.554,356.452,1e-20,0.0,0.0,37.9971,0.0,0.0,0.0,0.0,813.003,1.00006,0.0884588,0.386063,-25.6617,0.0,0.0,0.0,0.0,0.0,,
0.00193197,8.87443e-08,418.533,356.477,1e-20,0.0,0.0,37.9938,0.0,0.0,0.0,0.0,813.003,1.00006,0.0898925,0.362548,-25.6499,0.0,0.0,0.0,0.0,0.0,,
0.00193394,8.93961e-08,418.635,356.374,1e-20,0.0,0.0,37.9947,0.0,0.0,0.0,0.0,813.004,1.00006,0.0910542,0.339556,-25.6385,0.0,0.0,0.0,0.0,0.0,,
0.001936,8.93619e-08,418.917,356.083,1e-20,0.0,0.0,38.004,0.0,0.0,0.0,0.0,813.004,1.00006,0.0919115,0.315282,-25.6266,0.0,0.0,0.0,0.0,0.0,,
0.001938,8.70704e-08,419.382,355.606,1e-20,0.0,0.0,38.0164,0.0,0.0,0.0,0.0,813.005,1.00006,0.0923396,0.291311,-25.615,0.0,0.0,0.0,14116.0,0.0,,
0.00193993,8.887e-08,419.974,355.002,1e-20,0.0,0.0,38.0281,0.0,0.0,0.0,0.0,813.005,1.00006,0.0923716,0.2677,-25.6037,0.0,0.0,0.0,0.0,0.0,,
0.00194199,8.96669e-08,420.664,354.303,1e-20,0.0,0.0,38.038,0.0,0.0,0.0,0.0,813.005,1.00006,0.0920173,0.242026,-25.5918,0.0,0.0,0.0,0.0,0.0,,
0.00194397,8.99518e-08,421.282,353.679,1e-20,0.0,0.0,38.0439,0.0,0.0,0.0,0.0,813.005,1.00006,0.0913601,0.216817,-25.5802,0.0,0.0,0.0,0.0,0.0,,
0.00194593,8.64428e-08,421.796,353.166,1e-20,0.0,0.0,38.044,0.0,0.0,0.0,0.0,813.006,1.00006,0.0905053,0.191415,-25.5688,0.0,0.0,0.0,0.0,0.0,,
0.00194793,8.77384e-08,422.211,352.758,1e-20,0.0,0.0,38.037,0.0,0.0,0.0,0.0,813.006,1.00006,0.0895258,0.165234,-25.5571,0.0,0.0,0.0,0.0,0.0,,
0.00194996,8.96708e-08,422.488,352.491,1e-20,0.0,0.0,38.0268,0.0,0.0,0.0,0.0,813.006,1.00006,0.0884699,0.138406,-25.5452,0.0,0.0,0.0,0.0,0.0,,
0.00195194,8.96849e-08,422.609,352.381,1e-20,0.0,0.0,38.0166,0.0,0.0,0.0,0.0,813.006,1.00006,0.0873853,0.11223,-25.5337,0.0,0.0,0.0,0.0,0.0,,
0.001954,8.64228e-08,422.553,352.443,1e-20,0.0,0.0,38.0099,0.0,0.0,0.0,0.0,813.006,1.00006,0.0861869,0.084594,-25.5216,0.0,0.0,0.0,0.0,0.0,,
0.00195598,8.69162e-08,422.369,352.627,1e-20,0.0,0.0,38.0102,0.0,0.0,0.0,0.0,813.006,1.00006,0.0849287,0.0575051,-25.5099,0.0,0.0,0.0,0.0,0.0,,
0.00195792,8.89972e-08,422.173,352.818,1e-20,0.0,0.0,38.0166,0.0,0.0,0.0,0.0,813.007,1.00006,0.0835432,0.0307423,-25.4986,0.0,0.0,0.0,0.0,0.0,,
0.00195999,8.96081e-08,422.026,352.951,1e-20,0.0,0.0,38.0297,0.0,0.0,0.0,0.0,813.007,1.00006,0.0818791,0.00178457,-25.4864,0.0,0.0,0.0,0.0,0.0,,
0.00196196,8.97452e-08,421.949,353.013,1e-20,0.0,0.0,38.0451,0.0,0.0,0.0,0.0,813.007,1.00006,0.0801605,-0.0260659,-25.4748,0.0,0.0,0.0,0.0,0.0,,
0.00196398,8.70834e-08,421.868,353.081,1e-20,0.0,0.0,38.0589,0.0,0.0,0.0,0.0,813.007,1.00006,0.0783505,-0.0548149,-25.4629,0.0,0.0,0.0,0.0,0.0,,
0.00196591,8.85691e-08,421.734,353.204,1e-20,0.0,0.0,38.0699,0.0,0.0,0.0,0.0,813.008,1.00006,0.0766634,-0.0823541,-25.4515,0.0,0.0,0.0,0.0,0.0,,
0.00196796,8.99006e-08,421.505,353.421,1e-20,0.0,0.0,38.0813,0.0,0.0,0.0,0.0,813.008,1.00006,0.0749852,-0.111723,-25.4394,0.0,0.0,0.0,0.0,0.0,,
0.00196994,8.97311e-08,421.185,353.732,1e-20,0.0,0.0,38.0911,0.0,0.0,0.0,0.0,813.008,1.00006,0.0735159,-0.14026,-25.4277,0.0,0.0,0.0,0.0,0.0,,
0.00197191,8.95257e-08,420.773,354.14,1e-20,0.0,0.0,38.0958,0.0,0.0,0.0,0.0,813.008,1.00006,0.072203,-0.169026,-25.416,0.0,0.0,0.0,0.0,0.0,,
0.001974,8.73738e-08,420.25,354.666,1e-20,0.0,0.0,38.0928,0.0,0.0,0.0,0.0,813.009,1.00006,0.0709012,-0.199841,-25.4037,0.0,0.0,0.0,0.0,0.0,,
0.00197593,8.93355e-08,419.721,355.204,1e-20,0.0,0.0,38.0837,0.0,0.0,0.0,0.0,813.009,1.00006,0.0696628,-0.228672,-25.3922,0.0,0.0,0.0,0.0,0.0,,
0.00197798,8.91992e-08,419.142,355.794,1e-20,0.0,0.0,38.0731,0.0,0.0,0.0,0.0,813.009,1.00006,0.068189,-0.259785,-25.3801,0.0,0.0,0.0,0.0,0.0,,
0.00197994,8.91087e-08,418.619,356.324,1e-20,0.0,0.0,38.0663,0.0,0.0,0.0,0.0,813.009,1.00006,0.0665799,-0.289987,-25.3684,0.0,0.0,0.0,0.0,0.0,,
0.00198193,8.69081e-08,418.169,356.773,1e-20,0.0,0.0,38.0678,0.0,0.0,0.0,0.0,813.009,1.00006,0.0647213,-0.321073,-25.3566,0.0,0.0,0.0,0.0,0.0,,
0.00198395,8.84629e-08,417.817,357.115,1e-20,0.0,0.0,38.0774,0.0,0.0,0.0,0.0,813.009,1.00006,0.0625957,-0.352777,-25.3446,0.0,0.0,0.0,0.0,0.0,,
0.00198591,8.96085e-08,417.598,357.318,1e-20,0.0,0.0,38.0933,0.0,0.0,0.0,0.0,813.01,1.00006,0.0602651,-0.383669,-25.3329,0.0,0.0,0.0,0.0,0.0,,
0.00198797,8.93082e-08,417.475,357.419,1e-20,0.0,0.0,38.1151,0.0,0.0,0.0,0.0,813.01,1.00006,0.0575225,-0.415847,-25.3206,0.0,0.0,0.0,0.0,0.0,,
0.00199,8.67021e-08,417.379,357.495,1e-20,0.0,0.0,38.1363,0.0,0.0,0.0,0.0,813.01,1.00006,0.0544833,-0.447007,-25.3085,0.0,0.0,0.0,0.0,0.0,,
0.001992,8.76602e-08,417.252,357.605,1e-20,0.0,0.0,38.1531,0.0,0.0,0.0,0.0,813.01,1.00006,0.0509878,-0.477412,-25.2966,0.0,0.0,0.0,0.0,0.0,,
0.00199394,8.90928e-08,417.176,357.67,1e-20,0.0,0.0,38.1643,0.0,0.0,0.0,0.0,813.01,1.00006,0.047025,-0.506597,-25.285,0.0,0.0,0.0,0.0,0.0,,
0.001996,9.01995e-08,417.285,357.554,1e-20,0.0,0.0,38.1725,0.0,0.0,0.0,0.0,813.011,1.00006,0.0422033,-0.537207,-25.2727,0.0,0.0,0.0,0.0,0.0,,
0.00199798,9.01793e-08,417.622,357.207,1e-20,0.0,0.0,38.1825,0.0,0.0,0.0,0.0,813.011,1.00006,0.0369577,-0.566554,-25.2608,0.0,0.0,0.0,0.0,0.0,,
0.00199999,8.67164e-08,418.145,356.673,1e-20,0.0,0.0,38.193,0.0,0.0,0.0,0.0,813.011,1.00007,0.0311136,-0.596,-25.2488,0.0,0.0,0.0,0.0,0.0,,
0.00200191,8.81614e-08,418.725,356.083,1e-20,0.0,0.0,38.2039,0.0,0.0,0.0,0.0,813.011,1.00007,0.0251081,-0.623953,-25.2373,0.0,0.0,0.0,0.0,0.0,,
0.00200396,9.01894e-08,419.354,355.44,1e-20,0.0,0.0,38.2173,0.0,0.0,0.0,0.0,813.011,1.00007,0.0185448,-0.653225,-25.225,0.0,0.0,0.0,0.0,0.0,,
0.00200595,9.0786e-08,419.962,354.816,1e-20,0.0,0.0,38.2339,0.0,0.0,0.0,0.0,813.012,1.00007,0.0121676,-0.681291,-25.2131,0.0,0.0,0.0,0.0,0.0,,
0.00200794,9.03194e-08,420.58,354.178,1e-20,0.0,0.0,38.2537,0.0,0.0,0.0,0.0,813.012,1.00007,0.00594481,-0.708708,-25.2011,0.0,0.0,0.0,0.0,0.0,,
0.00200998,8.85774e-08,421.21,353.529,1e-20,0.0,0.0,38.2736,0.0,0.0,0.0,0.0,813.012,1.00007,-0.000193269,-0.736049,-25.1888,0.0,0.0,0.0,0.0,0.0,,
0.00201194,8.93679e-08,421.845,352.878,1e-20,0.0,0.0,38.2896,0.0,0.0,0.0,0.0,813.012,1.00007,-0.00588984,-0.761698,-25.177,0.0,0.0,0.0,0.0,0.0,,
0.00201399,8.92764e-08,422.609,352.099,1e-20,0.0,0.0,38.3047,0.0,0.0,0.0,0.0,813.013,1.00007,-0.0116932,-0.787851,-25.1647,0.0,0.0,0.0,0.0,0.0,,
0.00201594,8.6359e-08,423.501,351.189,1e-20,0.0,0.0,38.3228,0.0,0.0,0.0,0.0,813.013,1.00007,-0.0170672,-0.811868,-25.1529,0.0,0.0,0.0,0.0,0.0,,
0.00201793,8.73955e-08,424.624,350.042,1e-20,0.0,0.0,38.3468,0.0,0.0,0.0,0.0,813.013,1.00007,-0.0224706,-0.835745,-25.1409,0.0,0.0,0.0,0.0,0.0,,
0.00201996,8.8388e-08,425.94,348.695,1e-20,0.0,0.0,38.3781,0.0,0.0,0.0,0.0,813.013,1.00007,-0.0278073,-0.859273,-25.1287,0.0,0.0,0.0,0.0,0.0,,
0.002022,8.89266e-08,427.367,347.228,1e-20,0.0,0.0,38.418,0.0,0.0,0.0,0.0,813.013,1.00007,-0.0330233,-0.882683,-25.1163,0.0,0.0,0.0,0.0,0.0,,
0.00202395,8.8862e-08,428.732,345.816,1e-20,0.0,0.0,38.4648,0.0,0.0,0.0,0.0,813.013,1.00007,-0.0378265,-0.905081,-25.1045,0.0,0.0,0.0,0.0,0.0,,
0.00202597,8.69301e-08,430.071,344.429,1e-20,0.0,0.0,38.5137,0.0,0.0,0.0,0.0,813.013,1.00007,-0.042558,-0.928379,-25.0923,0.0,0.0,0.0,0.0,0.0,,
0.00202798,8.77972e-08,431.265,343.192,1e-20,0.0,0.0,38.5561,0.0,0.0,0.0,0.0,813.014,1.00007,-0.0469655,-0.951651,-25.0801,0.0,0.0,0.0,0.0,0.0,,
0.00202993,8.8851e-08,432.272,342.151,1e-20,0.0,0.0,38.591,0.0,0.0,0.0,0.0,813.014,1.00007,-0.0508929,-0.974285,-25.0683,0.0,0.0,0.0,0.0,0.0,,
0.00203197,8.88361e-08,433.204,341.187,1e-20,0.0,0.0,38.6227,0.0,0.0,0.0,0.0,813.014,1.00007,-0.0545681,-0.998057,-25.0559,0.0,0.0,0.0,0.0,0.0,,
0.00203392,8.63074e-08,434.026,340.339,1e-20,0.0,0.0,38.6501,0.0,0.0,0.0,0.0,813.014,1.00007,-0.0576002,-1.02071,-25.0441,0.0,0.0,0.0,0.0,0.0,,
0.00203592,8.77238e-08,434.797,339.537,1e-20,0.0,0.0,38.6802,0.0,0.0,0.0,0.0,813.015,1.00007,-0.0602809,-1.04398,-25.032,0.0,0.0,0.0,0.0,0.0,,
0.00203795,8.87087e-08,435.464,338.841,1e-20,0.0,0.0,38.7103,0.0,0.0,0.0,0.0,813.015,1.00007,-0.0627059,-1.06764,-25.0197,0.0,0.0,0.0,0.0,0.0,,
0.00203998,8.77964e-08,435.942,338.334,1e-20,0.0,0.0,38.7391,0.0,0.0,0.0,0.0,813.015,1.00007,-0.0650496,-1.09122,-25.0073,0.0,0.0,0.0,0.0,0.0,,
0.00204195,9.03807e-08,436.219,338.031,1e-20,0.0,0.0,38.7654,0.0,0.0,0.0,0.0,813.016,1.00007,-0.0674422,-1.11393,-24.9954,0.0,0.0,0.0,0.0,0.0,,
0.00204393,8.99476e-08,436.326,337.903,1e-20,0.0,0.0,38.7859,0.0,0.0,0.0,0.0,813.016,1.00007,-0.0700908,-1.1367,-24.9833,0.0,0.0,0.0,0.0,0.0,,
0.00204591,8.9884e-08,436.315,337.9,1e-20,0.0,0.0,38.8007,0.0,0.0,0.0,0.0,813.016,1.00007,-0.0729666,-1.15926,-24.9712,0.0,0.0,0.0,0.0,0.0,,
0.00204798,8.99058e-08,436.253,337.951,1e-20,0.0,0.0,38.8128,0.0,0.0,0.0,0.0,813.016,1.00007,-0.0761997,-1.18282,-24.9586,0.0,0.0,0.0,0.0,0.0,,
0.00204996,9.00125e-08,436.174,338.021,1e-20,0.0,0.0,38.8211,0.0,0.0,0.0,0.0,813.016,1.00007,-0.0794696,-1.2055,-24.9466,0.0,0.0,0.0,0.0,0.0,,
0.00205198,8.77982e-08,436.061,338.132,1e-20,0.0,0.0,38.8231,0.0,0.0,0.0,0.0,813.016,1.00007,-0.0829183,-1.22882,-24.9342,0.0,0.0,0.0,0.0,0.0,,
0.002054,8.80689e-08,435.849,338.349,1e-20,0.0,0.0,38.8182,0.0,0.0,0.0,0.0,813.016,1.00007,-0.086475,-1.25237,-24.9219,0.0,0.0,0.0,0.0,0.0,,
0.00205596,8.94692e-08,435.485,338.721,1e-20,0.0,0.0,38.8101,0.0,0.0,0.0,0.0,813.016,1.00007,-0.0900371,-1.27519,-24.9099,0.0,0.0,0.0,0.0,0.0,,
0.00205793,8.94287e-08,434.955,339.261,1e-20,0.0,0.0,38.8008,0.0,0.0,0.0,0.0,813.016,1.00007,-0.0937549,-1.29788,-24.8979,0.0,0.0,0.0,0.0,0.0,,
0.00205996,8.70312e-08,434.302,339.924,1e-20,0.0,0.0,38.7912,0.0,0.0,0.0,0.0,813.016,1.00007,-0.0977249,-1.32088,-24.8855,0.0,0.0,0.0,0.0,0.0,,
0.00206196,8.78742e-08,433.675,340.56,1e-20,0.0,0.0,38.782,0.0,0.0,0.0,0.0,813.017,1.00007,-0.101791,-1.34328,-24.8732,0.0,0.0,0.0,14116.0,0.0,,
0.00206391,8.92782e-08,433.173,341.069,1e-20,0.0,0.0,38.774,0.0,0.0,0.0,0.0,813.017,1.00007,-0.105865,-1.36455,-24.8613,0.0,0.0,0.0,0.0,0.0,,
0.00206597,8.99282e-08,432.79,341.46,1e-20,0.0,0.0,38.7665,0.0,0.0,0.0,0.0,813.017,1.00007,-0.110277,-1.38649,-24.8487,0.0,0.0,0.0,0.0,0.0,,
0.00206794,8.69595e-08,432.555,341.703,1e-20,0.0,0.0,38.7589,0.0,0.0,0.0,0.0,813.017,1.00007,-0.114563,-1.40692,-24.8366,0.0,0.0,0.0,0.0,0.0,,
0.00206994,8.69217e-08,432.439,341.828,1e-20,0.0,0.0,38.7507,0.0,0.0,0.0,0.0,813.017,1.00007,-0.118981,-1.42702,-24.8243,0.0,0.0,0.0,0.0,0.0,,
0.00207195,8.94945e-08,432.411,341.863,1e-20,0.0,0.0,38.743,0.0,0.0,0.0,0.0,813.018,1.00007,-0.123522,-1.44656,-24.812,0.0,0.0,0.0,0.0,0.0,,
0.00207392,8.93709e-08,432.381,341.901,1e-20,0.0,0.0,38.7369,0.0,0.0,0.0,0.0,813.018,1.00007,-0.128031,-1.46471,-24.7999,0.0,0.0,0.0,0.0,0.0,,
0.00207595,8.57098e-08,432.275,342.01,1e-20,0.0,0.0,38.7331,0.0,0.0,0.0,0.0,813.018,1.00007,-0.13276,-1.48235,-24.7874,0.0,0.0,0.0,0.0,0.0,,
0.00207793,8.6205e-08,432.109,342.176,1e-20,0.0,0.0,38.7334,0.0,0.0,0.0,0.0,813.018,1.00007,-0.137403,-1.49835,-24.7753,0.0,0.0,0.0,0.0,0.0,,
0.00207993,8.94256e-08,431.94,342.339,1e-20,0.0,0.0,38.7403,0.0,0.0,0.0,0.0,813.019,1.00007,-0.142134,-1.51357,-24.763,0.0,0.0,0.0,0.0,0.0,,
0.00208198,8.9129e-08,431.825,342.442,1e-20,0.0,0.0,38.7518,0.0,0.0,0.0,0.0,813.019,1.00007,-0.146904,-1.52832,-24.7504,0.0,0.0,0.0,0.0,0.0,,
0.00208394,8.86632e-08,431.823,342.438,1e-20,0.0,0.0,38.7581,0.0,0.0,0.0,0.0,813.019,1.00008,-0.151257,-1.54169,-24.7383,0.0,0.0,0.0,0.0,0.0,,
0.00208595,8.63998e-08,431.933,342.314,1e-20,0.0,0.0,38.7723,0.0,0.0,0.0,0.0,813.019,1.00008,-0.155461,-1.55477,-24.726,0.0,0.0,0.0,0.0,0.0,,
0.00208795,8.8303e-08,432.125,342.111,1e-20,0.0,0.0,38.7842,0.0,0.0,0.0,0.0,813.02,1.00008,-0.159407,-1.56724,-24.7137,0.0,0.0,0.0,0.0,0.0,,
0.00208998,8.81538e-08,432.318,341.907,1e-20,0.0,0.0,38.7954,0.0,0.0,0.0,0.0,813.02,1.00008,-0.163223,-1.57934,-24.7012,0.0,0.0,0.0,0.0,0.0,,
0.00209192,8.80858e-08,432.432,341.782,1e-20,0.0,0.0,38.8066,0.0,0.0,0.0,0.0,813.021,1.00008,-0.166746,-1.59036,-24.6892,0.0,0.0,0.0,0.0,0.0,,
0.00209394,8.80709e-08,432.353,341.796,1e-20,0.0,0.0,38.8713,0.0,0.0,0.0,0.0,813.021,1.00008,-0.170338,-1.6012,-24.6767,0.0,0.0,0.0,0.0,0.0,,
0.00209596,8.80905e-08,431.964,342.05,1e-20,0.0,0.0,39.008,0.0,0.0,0.0,0.0,813.021,1.00008,-0.173882,-1.61125,-24.6643,0.0,0.0,0.0,0.0,0.0,,
0.00209799,8.86722e-08,431.61,342.403,1e-20,0.0,0.0,39.0082,0.0,0.0,0.0,0.0,813.022,1.00008,-0.177465,-1.62067,-24.6518,0.0,0.0,0.0,0.0,0.0,,
0.00209994,8.85896e-08,431.465,342.615,1e-20,0.0,0.0,38.9419,0.0,0.0,0.0,0.0,813.022,1.00008,-0.181011,-1.62925,-24.6397,0.0,0.0,0.0,0.0,0.0,,
0.00210197,8.83033e-08,431.291,342.827,1e-20,0.0,0.0,38.9039,0.0,0.0,0.0,0.0,813.022,1.00008,-0.184911,-1.63797,-24.6272,0.0,0.0,0.0,0.0,0.0,,
0.00210399,8.69408e-08,431.111,343.016,1e-20,0.0,0.0,38.8958,0.0,0.0,0.0,0.0,813.022,1.00008,-0.18901,-1.64657,-24.6147,0.0,0.0,0.0,0.0,0.0,,
0.00210599,8.74999e-08,431.066,343.054,1e-20,0.0,0.0,38.9031,0.0,0.0,0.0,0.0,813.023,1.00008,-0.19326,-1.65519,-24.6023,0.0,0.0,0.0,0.0,0.0,,
0.00210794,8.92025e-08,431.07,343.043,1e-20,0.0,0.0,38.9101,0.0,0.0,0.0,0.0,813.023,1.00008,-0.197416,-1.66364,-24.5903,0.0,0.0,0.0,0.0,0.0,,
0.00210999,8.93898e-08,431.066,343.043,1e-20,0.0,0.0,38.9149,0.0,0.0,0.0,0.0,813.023,1.00008,-0.201644,-1.67251,-24.5776,0.0,0.0,0.0,0.0,0.0,,
0.00211196,8.92789e-08,431.03,343.077,1e-20,0.0,0.0,38.9177,0.0,0.0,0.0,0.0,813.024,1.00008,-0.205419,-1.6808,-24.5654,0.0,0.0,0.0,0.0,0.0,,
0.00211394,8.56795e-08,431.022,343.08,1e-20,0.0,0.0,38.9211,0.0,0.0,0.0,0.0,813.024,1.00008,-0.208889,-1.68878,-24.5532,0.0,0.0,0.0,0.0,0.0,,
0.00211593,8.75617e-08,431.013,343.086,1e-20,0.0,0.0,38.9259,0.0,0.0,0.0,0.0,813.024,1.00008,-0.212031,-1.69629,-24.5409,0.0,0.0,0.0,0.0,0.0,,
0.00211797,8.91867e-08,431.058,343.028,1e-20,0.0,0.0,38.9385,0.0,0.0,0.0,0.0,813.025,1.00008,-0.214912,-1.70334,-24.5282,0.0,0.0,0.0,0.0,0.0,,
0.00211993,8.91651e-08,431.07,342.995,1e-20,0.0,0.0,38.96,0.0,0.0,0.0,0.0,813.025,1.00008,-0.217373,-1.70941,-24.5161,0.0,0.0,0.0,0.0,0.0,,
0.00212192,8.65349e-08,431.108,342.925,1e-20,0.0,0.0,38.9928,0.0,0.0,0.0,0.0,813.025,1.00008,-0.219618,-1.71492,-24.5037,0.0,0.0,0.0,0.0,0.0,,
0.00212394,8.8549e-08,431.093,342.906,1e-20,0.0,0.0,39.026,0.0,0.0,0.0,0.0,813.025,1.00008,-0.221712,-1.71988,-24.4913,0.0,0.0,0.0,0.0,0.0,,
0.00212598,9.05869e-08,431.145,342.823,1e-20,0.0,0.0,39.0581,0.0,0.0,0.0,0.0,813.026,1.00008,-0.223779,-1.72436,-24.4786,0.0,0.0,0.0,14116.0,0.0,,
0.00212796,8.98977e-08,431.3,342.644,1e-20,0.0,0.0,39.082,0.0,0.0,0.0,0.0,813.026,1.00008,-0.225762,-1.7282,-24.4663,0.0,0.0,0.0,0.0,0.0,,
0.00212994,8.97754e-08,431.666,342.263,1e-20,0.0,0.0,39.0974,0.0,0.0,0.0,0.0,813.026,1.00008,-0.227693,-1.73165,-24.454,0.0,0.0,0.0,0.0,0.0,,
0.00213196,8.76694e-08,432.306,341.604,1e-20,0.0,0.0,39.1169,0.0,0.0,0.0,0.0,813.026,1.00008,-0.229537,-1.73494,-24.4415,0.0,0.0,0.0,0.0,0.0,,
0.00213399,8.94367e-08,433.174,340.706,1e-20,0.0,0.0,39.1464,0.0,0.0,0.0,0.0,813.026,1.00008,-0.231177,-1.73817,-24.4289,0.0,0.0,0.0,0.0,0.0,,
0.00213595,8.93211e-08,434.074,339.775,1e-20,0.0,0.0,39.1778,0.0,0.0,0.0,0.0,813.027,1.00008,-0.232576,-1.74138,-24.4167,0.0,0.0,0.0,0.0,0.0,,
0.00213792,8.97292e-08,434.935,338.903,1e-20,0.0,0.0,39.1891,0.0,0.0,0.0,0.0,813.027,1.00008,-0.233892,-1.74478,-24.4045,0.0,0.0,0.0,0.0,0.0,,
0.00213994,8.63222e-08,435.718,338.106,1e-20,0.0,0.0,39.2036,0.0,0.0,0.0,0.0,813.027,1.00009,-0.235277,-1.7485,-24.392,0.0,0.0,0.0,0.0,0.0,,
0.00214194,8.78497e-08,436.49,337.299,1e-20,0.0,0.0,39.2384,0.0,0.0,0.0,0.0,813.027,1.00009,-0.23674,-1.75254,-24.3795,0.0,0.0,0.0,0.0,0.0,,
0.00214398,8.97079e-08,437.262,336.49,1e-20,0.0,0.0,39.2754,0.0,0.0,0.0,0.0,813.028,1.00009,-0.238245,-1.75701,-24.3669,0.0,0.0,0.0,0.0,0.0,,
0.00214595,8.9711e-08,437.886,335.85,1e-20,0.0,0.0,39.2922,0.0,0.0,0.0,0.0,813.028,1.00009,-0.239605,-1.76158,-24.3546,0.0,0.0,0.0,0.0,0.0,,
0.00214798,8.64904e-08,438.247,335.458,1e-20,0.0,0.0,39.3236,0.0,0.0,0.0,0.0,813.028,1.00009,-0.240796,-1.76638,-24.342,0.0,0.0,0.0,0.0,0.0,,
0.00214998,8.77851e-08,438.161,335.504,1e-20,0.0,0.0,39.3631,0.0,0.0,0.0,0.0,813.028,1.00009,-0.241719,-1.7712,-24.3296,0.0,0.0,0.0,0.0,0.0,,
0.00215192,8.87828e-08,437.706,335.924,1e-20,0.0,0.0,39.3982,0.0,0.0,0.0,0.0,813.028,1.00009,-0.242389,-1.77594,-24.3175,0.0,0.0,0.0,0.0,0.0,,
0.00215396,8.8456e-08,436.962,336.638,1e-20,0.0,0.0,39.4285,0.0,0.0,0.0,0.0,813.029,1.00009,-0.242885,-1.78088,-24.3048,0.0,0.0,0.0,0.0,0.0,,
0.00215599,8.81651e-08,436.112,337.467,1e-20,0.0,0.0,39.4492,0.0,0.0,0.0,0.0,813.029,1.00009,-0.243178,-1.78569,-24.2921,0.0,0.0,0.0,0.0,0.0,,
0.002158,8.74041e-08,435.229,338.338,1e-20,0.0,0.0,39.4617,0.0,0.0,0.0,0.0,813.029,1.00009,-0.243282,-1.79029,-24.2796,0.0,0.0,0.0,0.0,0.0,,
0.00215993,8.77825e-08,434.377,339.187,1e-20,0.0,0.0,39.4655,0.0,0.0,0.0,0.0,813.029,1.00009,-0.243208,-1.79453,-24.2676,0.0,0.0,0.0,0.0,0.0,,
0.00216195,8.76422e-08,433.462,340.103,1e-20,0.0,0.0,39.464,0.0,0.0,0.0,0.0,813.029,1.00009,-0.242937,-1.79867,-24.2551,0.0,0.0,0.0,0.0,0.0,,
0.00216397,8.90037e-08,432.552,341.012,1e-20,0.0,0.0,39.4656,0.0,0.0,0.0,0.0,813.029,1.00009,-0.242517,-1.8023,-24.2425,0.0,0.0,0.0,0.0,0.0,,
0.00216599,8.74319e-08,431.65,341.905,1e-20,0.0,0.0,39.4739,0.0,0.0,0.0,0.0,813.029,1.00009,-0.242047,-1.8052,-24.2299,0.0,0.0,0.0,0.0,0.0,,
0.00216792,8.80624e-08,430.805,342.739,1e-20,0.0,0.0,39.4859,0.0,0.0,0.0,0.0,813.03,1.00009,-0.241617,-1.80723,-24.2179,0.0,0.0,0.0,0.0,0.0,,
0.00216995,8.85282e-08,429.916,343.613,1e-20,0.0,0.0,39.5005,0.0,0.0,0.0,0.0,813.03,1.00009,-0.241216,-1.80854,-24.2052,0.0,0.0,0.0,0.0,0.0,,
0.00217198,8.8475e-08,429.002,344.515,1e-20,0.0,0.0,39.514,0.0,0.0,0.0,0.0,813.03,1.00009,-0.240808,-1.80889,-24.1925,0.0,0.0,0.0,0.0,0.0,,
0.00217392,8.64683e-08,428.113,345.396,1e-20,0.0,0.0,39.5208,0.0,0.0,0.0,0.0,813.031,1.00009,-0.240303,-1.8082,-24.1805,0.0,0.0,0.0,0.0,0.0,,
0.00217592,8.77664e-08,427.174,346.337,1e-20,0.0,0.0,39.5194,0.0,0.0,0.0,0.0,813.031,1.00009,-0.239584,-1.80641,-24.168,0.0,0.0,0.0,0.0,0.0,,
0.00217795,8.84757e-08,426.271,347.246,1e-20,0.0,0.0,39.514,0.0,0.0,0.0,0.0,813.031,1.00009,-0.23866,-1.80354,-24.1553,0.0,0.0,0.0,0.0,0.0,,
0.00217992,8.95439e-08,425.429,348.087,1e-20,0.0,0.0,39.5161,0.0,0.0,0.0,0.0,813.032,1.00009,-0.237639,-1.79992,-24.1431,0.0,0.0,0.0,0.0,0.0,,
0.00218197,8.86781e-08,424.614,348.882,1e-20,0.0,0.0,39.536,0.0,0.0,0.0,0.0,813.032,1.00009,-0.236508,-1.79552,-24.1303,0.0,0.0,0.0,0.0,0.0,,
0.00218397,8.69501e-08,423.882,349.584,1e-20,0.0,0.0,39.5663,0.0,0.0,0.0,0.0,813.032,1.00009,-0.235395,-1.79088,-24.1178,0.0,0.0,0.0,0.0,0.0,,
0.00218599,8.83368e-08,423.257,350.178,1e-20,0.0,0.0,39.5973,0.0,0.0,0.0,0.0,813.032,1.00009,-0.234303,-1.78606,-24.1052,0.0,0.0,0.0,0.0,0.0,,
0.00218794,8.91155e-08,422.777,350.641,1e-20,0.0,0.0,39.6148,0.0,0.0,0.0,0.0,813.033,1.00009,-0.233229,-1.78128,-24.0931,0.0,0.0,0.0,0.0,0.0,,
0.00218999,8.92457e-08,422.373,351.045,1e-20,0.0,0.0,39.6147,0.0,0.0,0.0,0.0,813.033,1.00009,-0.231942,-1.77596,-24.0803,0.0,0.0,0.0,0.0,0.0,,
0.00219195,8.92412e-08,422.05,351.378,1e-20,0.0,0.0,39.6051,0.0,0.0,0.0,0.0,813.033,1.00009,-0.230455,-1.77037,-24.068,0.0,0.0,0.0,0.0,0.0,,
0.00219397,8.71439e-08,421.755,351.682,1e-20,0.0,0.0,39.5956,0.0,0.0,0.0,0.0,813.033,1.00009,-0.228682,-1.76391,-24.0555,0.0,0.0,0.0,0.0,0.0,,
0.00219598,8.74482e-08,421.506,351.936,1e-20,0.0,0.0,39.5915,0.0,0.0,0.0,0.0,813.033,1.00009,-0.226721,-1.75648,-24.043,0.0,0.0,0.0,0.0,0.0,,
0.00219793,8.89099e-08,421.332,352.109,1e-20,0.0,0.0,39.5924,0.0,0.0,0.0,0.0,813.033,1.00009,-0.224653,-1.74819,-24.0308,0.0,0.0,0.0,0.0,0.0,,
0.00219997,8.64909e-08,421.224,352.213,1e-20,0.0,0.0,39.5964,0.0,0.0,0.0,0.0,813.033,1.00009,-0.222327,-1.73839,-24.018,0.0,0.0,0.0,0.0,0.0,,
0.00220196,8.68723e-08,421.195,352.236,1e-20,0.0,0.0,39.6017,0.0,0.0,0.0,0.0,813.033,1.00009,-0.219873,-1.72762,-24.0056,0.0,0.0,0.0,0.0,0.0,,
0.00220397,8.7611e-08,421.237,352.188,1e-20,0.0,0.0,39.6086,0.0,0.0,0.0,0.0,813.033,1.00009,-0.217173,-1.71542,-23.9931,0.0,0.0,0.0,0.0,0.0,,
0.002206,8.85589e-08,421.346,352.069,1e-20,0.0,0.0,39.6181,0.0,0.0,0.0,0.0,813.034,1.00009,-0.214172,-1.70164,-23.9804,0.0,0.0,0.0,0.0,0.0,,
0.00220794,8.86029e-08,421.468,351.935,1e-20,0.0,0.0,39.631,0.0,0.0,0.0,0.0,813.034,1.00009,-0.210986,-1.68701,-23.9683,0.0,0.0,0.0,0.0,0.0,,
0.00220998,8.9843e-08,421.58,351.803,1e-20,0.0,0.0,39.6513,0.0,0.0,0.0,0.0,813.034,1.00009,-0.207291,-1.67038,-23.9555,0.0,0.0,0.0,0.0,0.0,,
0.00221196,8.97075e-08,421.631,351.723,1e-20,0.0,0.0,39.6794,0.0,0.0,0.0,0.0,813.034,1.00009,-0.20333,-1.65313,-23.9432,0.0,0.0,0.0,0.0,0.0,,
0.00221393,8.96286e-08,421.606,351.721,1e-20,0.0,0.0,39.7072,0.0,0.0,0.0,0.0,813.034,1.00009,-0.199032,-1.63489,-23.9309,0.0,0.0,0.0,0.0,0.0,,
0.00221591,9.02035e-08,421.516,351.793,1e-20,0.0,0.0,39.7252,0.0,0.0,0.0,0.0,813.034,1.00009,-0.194487,-1.61561,-23.9185,0.0,0.0,0.0,0.0,0.0,,
0.00221797,8.70567e-08,421.354,351.949,1e-20,0.0,0.0,39.7306,0.0,0.0,0.0,0.0,813.034,1.00009,-0.189657,-1.59452,-23.9057,0.0,0.0,0.0,0.0,0.0,,
0.00221999,8.84174e-08,421.086,352.225,1e-20,0.0,0.0,39.7236,0.0,0.0,0.0,0.0,813.034,1.00009,-0.184991,-1.57292,-23.8931,0.0,0.0,0.0,0.0,0.0,,
0.00222194,8.87557e-08,420.692,352.63,1e-20,0.0,0.0,39.7125,0.0,0.0,0.0,0.0,813.034,1.00009,-0.180641,-1.55121,-23.8809,0.0,0.0,0.0,14116.0,0.0,,
0.00222397,8.73468e-08,420.206,353.124,1e-20,0.0,0.0,39.7037,0.0,0.0,0.0,0.0,813.034,1.00009,-0.176289,-1.52808,-23.8682,0.0,0.0,0.0,0.0,0.0,,
0.00222592,8.91424e-08,419.764,353.571,1e-20,0.0,0.0,39.6984,0.0,0.0,0.0,0.0,813.034,1.00009,-0.172162,-1.50557,-23.8561,0.0,0.0,0.0,0.0,0.0,,
0.00222797,8.96234e-08,419.47,353.869,1e-20,0.0,0.0,39.6948,0.0,0.0,0.0,0.0,813.034,1.00009,-0.167766,-1.48185,-23.8433,0.0,0.0,0.0,0.0,0.0,,
0.00222999,8.71829e-08,419.379,353.963,1e-20,0.0,0.0,39.6923,0.0,0.0,0.0,0.0,813.034,1.00009,-0.163327,-1.45879,-23.8307,0.0,0.0,0.0,0.0,0.0,,
0.00223194,8.93183e-08,419.472,353.871,1e-20,0.0,0.0,39.691,0.0,0.0,0.0,0.0,813.034,1.00009,-0.158834,-1.43668,-23.8184,0.0,0.0,0.0,0.0,0.0,,
0.002234,8.91702e-08,419.704,353.639,1e-20,0.0,0.0,39.6909,0.0,0.0,0.0,0.0,813.034,1.00009,-0.153848,-1.41371,-23.8056,0.0,0.0,0.0,0.0,0.0,,
0.00223592,8.67826e-08,420.058,353.284,1e-20,0.0,0.0,39.692,0.0,0.0,0.0,0.0,813.034,1.00009,-0.14885,-1.39228,-23.7936,0.0,0.0,0.0,0.0,0.0,,
0.00223792,8.67746e-08,420.56,352.778,1e-20,0.0,0.0,39.697,0.0,0.0,0.0,0.0,813.034,1.00009,-0.143301,-1.37004,-23.7812,0.0,0.0,0.0,0.0,0.0,,
0.00223995,8.88969e-08,421.17,352.159,1e-20,0.0,0.0,39.705,0.0,0.0,0.0,0.0,813.034,1.00009,-0.137334,-1.34743,-23.7685,0.0,0.0,0.0,0.0,0.0,,
0.002242,8.75261e-08,421.801,351.521,1e-20,0.0,0.0,39.7124,0.0,0.0,0.0,0.0,813.034,1.00009,-0.131128,-1.3248,-23.7557,0.0,0.0,0.0,0.0,0.0,,
0.00224392,8.74302e-08,422.285,351.031,1e-20,0.0,0.0,39.7192,0.0,0.0,0.0,0.0,813.034,1.00009,-0.125229,-1.30367,-23.7437,0.0,0.0,0.0,0.0,0.0,,
0.00224594,8.9926e-08,422.618,350.691,1e-20,0.0,0.0,39.7253,0.0,0.0,0.0,0.0,813.035,1.00009,-0.119059,-1.28156,-23.7311,0.0,0.0,0.0,0.0,0.0,,
0.00224792,8.99264e-08,422.735,350.569,1e-20,0.0,0.0,39.7306,0.0,0.0,0.0,0.0,813.035,1.00009,-0.113141,-1.25991,-23.7187,0.0,0.0,0.0,0.0,0.0,,
0.00224999,8.77097e-08,422.67,350.628,1e-20,0.0,0.0,39.7366,0.0,0.0,0.0,0.0,813.035,1.00009,-0.107153,-1.23722,-23.7058,0.0,0.0,0.0,0.0,0.0,,
0.00225192,8.7516e-08,422.438,350.853,1e-20,0.0,0.0,39.7438,0.0,0.0,0.0,0.0,813.034,1.00009,-0.101734,-1.21602,-23.6938,0.0,0.0,0.0,0.0,0.0,,
0.00225394,8.7987e-08,422.063,351.221,1e-20,0.0,0.0,39.7502,0.0,0.0,0.0,0.0,813.034,1.00009,-0.0960992,-1.19381,-23.6812,0.0,0.0,0.0,0.0,0.0,,
0.00225597,8.97149e-08,421.62,351.662,1e-20,0.0,0.0,39.7522,0.0,0.0,0.0,0.0,813.034,1.00009,-0.0902424,-1.17138,-23.6685,0.0,0.0,0.0,0.0,0.0,,
0.00225795,8.96729e-08,421.205,352.077,1e-20,0.0,0.0,39.7518,0.0,0.0,0.0,0.0,813.034,1.00009,-0.0842097,-1.1497,-23.6562,0.0,0.0,0.0,0.0,0.0,,
0.00225992,8.96817e-08,420.827,352.452,1e-20,0.0,0.0,39.7551,0.0,0.0,0.0,0.0,813.034,1.00009,-0.0776638,-1.12815,-23.6439,0.0,0.0,0.0,0.0,0.0,,
0.00226198,8.97593e-08,420.483,352.782,1e-20,0.0,0.0,39.769,0.0,0.0,0.0,0.0,813.034,1.00009,-0.0701691,-1.10584,-23.631,0.0,0.0,0.0,0.0,0.0,,
0.00226394,8.78761e-08,420.244,353.009,1e-20,0.0,0.0,39.7811,0.0,0.0,0.0,0.0,813.033,1.00009,-0.0624156,-1.08494,-23.6188,0.0,0.0,0.0,0.0,0.0,,
0.00226594,8.55343e-08,420.069,353.172,1e-20,0.0,0.0,39.7924,0.0,0.0,0.0,0.0,813.033,1.00009,-0.0539769,-1.06401,-23.6063,0.0,0.0,0.0,0.0,0.0,,
0.00226796,8.9507e-08,419.906,353.313,1e-20,0.0,0.0,39.8145,0.0,0.0,0.0,0.0,813.034,1.00009,-0.0449526,-1.0431,-23.5937,0.0,0.0,0.0,0.0,0.0,,
0.00226992,8.94686e-08,419.664,353.525,1e-20,0.0,0.0,39.8442,0.0,0.0,0.0,0.0,813.034,1.00009,-0.0358097,-1.02302,-23.5815,0.0,0.0,0.0,0.0,0.0,,
0.00227195,8.73771e-08,419.305,353.855,1e-20,0.0,0.0,39.8735,0.0,0.0,0.0,0.0,813.034,1.00009,-0.0261858,-1.00276,-23.5688,0.0,0.0,0.0,14116.0,0.0,,
0.00227396,8.94736e-08,418.779,354.359,1e-20,0.0,0.0,39.8966,0.0,0.0,0.0,0.0,813.034,1.00009,-0.0166994,-0.983343,-23.5563,0.0,0.0,0.0,0.0,0.0,,
0.00227593,8.9469e-08,418.081,355.035,1e-20,0.0,0.0,39.9182,0.0,0.0,0.0,0.0,813.034,1.00009,-0.00759654,-0.964837,-23.544,0.0,0.0,0.0,0.0,0.0,,
0.00227798,8.92401e-08,417.161,355.897,1e-20,0.0,0.0,39.9759,0.0,0.0,0.0,0.0,813.034,1.00009,0.00155865,-0.945963,-23.5312,0.0,0.0,0.0,0.0,0.0,,
0.00227992,8.94261e-08,416.174,356.832,1e-20,0.0,0.0,40.0276,0.0,0.0,0.0,0.0,813.034,1.00009,0.00979241,-0.9284,-23.5191,0.0,0.0,0.0,0.0,0.0,,
0.00228198,8.92608e-08,415.137,357.86,1e-20,0.0,0.0,40.0372,0.0,0.0,0.0,0.0,813.034,1.00009,0.0180427,-0.909797,-23.5063,0.0,0.0,0.0,0.0,0.0,,
0.00228393,8.73645e-08,414.162,358.833,1e-20,0.0,0.0,40.0393,0.0,0.0,0.0,0.0,813.034,1.00009,0.0253797,-0.892001,-23.4942,0.0,0.0,0.0,0.0,0.0,,
0.002286,8.47739e-08,413.212,359.774,1e-20,0.0,0.0,40.048,0.0,0.0,0.0,0.0,813.034,1.00009,0.0326338,-0.873031,-23.4813,0.0,0.0,0.0,0.0,0.0,,
0.00228797,8.90808e-08,412.472,360.507,1e-20,0.0,0.0,40.056,0.0,0.0,0.0,0.0,813.035,1.00009,0.0391986,-0.854845,-23.469,0.0,0.0,0.0,0.0,0.0,,
0.00228993,8.97219e-08,411.859,361.085,1e-20,0.0,0.0,40.0908,0.0,0.0,0.0,0.0,813.035,1.00009,0.0454966,-0.836965,-23.4568,0.0,0.0,0.0,0.0,0.0,,
0.00229197,8.72209e-08,411.336,361.557,1e-20,0.0,0.0,40.1415,0.0,0.0,0.0,0.0,813.035,1.00009,0.0519383,-0.818691,-23.4441,0.0,0.0,0.0,0.0,0.0,,
0.00229395,8.52733e-08,410.849,361.995,1e-20,0.0,0.0,40.19,0.0,0.0,0.0,0.0,813.035,1.00009,0.0580469,-0.801368,-23.4318,0.0,0.0,0.0,0.0,0.0,,
0.00229596,8.88527e-08,410.35,362.458,1e-20,0.0,0.0,40.2268,0.0,0.0,0.0,0.0,813.035,1.00009,0.0640869,-0.784151,-23.4193,0.0,0.0,0.0,0.0,0.0,,
0.002298,8.87036e-08,409.727,363.048,1e-20,0.0,0.0,40.2608,0.0,0.0,0.0,0.0,813.035,1.00009,0.0700812,-0.767047,-23.4066,0.0,0.0,0.0,0.0,0.0,,
0.00229994,8.66518e-08,408.993,363.749,1e-20,0.0,0.0,40.2933,0.0,0.0,0.0,0.0,813.035,1.00009,0.0756007,-0.750983,-23.3945,0.0,0.0,0.0,0.0,0.0,,
0.00230193,8.83959e-08,408.062,364.635,1e-20,0.0,0.0,40.3381,0.0,0.0,0.0,0.0,813.035,1.00009,0.0810278,-0.734425,-23.3821,0.0,0.0,0.0,0.0,0.0,,
0.00230396,8.81764e-08,407.014,365.629,1e-20,0.0,0.0,40.392,0.0,0.0,0.0,0.0,813.035,1.0001,0.0863934,-0.717281,-23.3695,0.0,0.0,0.0,0.0,0.0,,
0.002306,8.85097e-08,405.939,366.653,1e-20,0.0,0.0,40.4439,0.0,0.0,0.0,0.0,813.035,1.0001,0.0917341,-0.699769,-23.3568,0.0,0.0,0.0,0.0,0.0,,
0.002308,8.56607e-08,404.873,367.671,1e-20,0.0,0.0,40.4912,0.0,0.0,0.0,0.0,813.035,1.0001,0.0970336,-0.682202,-23.3444,0.0,0.0,0.0,14116.0,0.0,,
0.00230994,8.87021e-08,403.838,368.659,1e-20,0.0,0.0,40.5392,0.0,0.0,0.0,0.0,813.036,1.0001,0.102196,-0.664744,-23.3323,0.0,0.0,0.0,0.0,0.0,,
0.00231198,8.75855e-08,402.766,369.685,1e-20,0.0,0.0,40.5844,0.0,0.0,0.0,0.0,813.036,1.0001,0.107556,-0.645917,-23.3196,0.0,0.0,0.0,0.0,0.0,,
0.00231398,8.61304e-08,401.808,370.611,1e-20,0.0,0.0,40.6165,0.0,0.0,0.0,0.0,813.036,1.0001,0.112677,-0.626771,-23.3072,0.0,0.0,0.0,0.0,0.0,,
0.00231596,8.8229e-08,401.021,371.374,1e-20,0.0,0.0,40.6411,0.0,0.0,0.0,0.0,813.036,1.0001,0.117427,-0.607138,-23.2949,0.0,0.0,0.0,0.0,0.0,,
0.00231799,8.79418e-08,400.426,371.941,1e-20,0.0,0.0,40.6694,0.0,0.0,0.0,0.0,813.037,1.0001,0.121784,-0.586499,-23.2823,0.0,0.0,0.0,0.0,0.0,,
0.00231992,8.76329e-08,400.013,372.323,1e-20,0.0,0.0,40.701,0.0,0.0,0.0,0.0,813.037,1.0001,0.125445,-0.566432,-23.2703,0.0,0.0,0.0,0.0,0.0,,
0.00232192,8.6269e-08,399.662,372.645,1e-20,0.0,0.0,40.7298,0.0,0.0,0.0,0.0,813.037,1.0001,0.12883,-0.545238,-23.2579,0.0,0.0,0.0,0.0,0.0,,
0.00232399,8.65201e-08,399.256,373.026,1e-20,0.0,0.0,40.7555,0.0,0.0,0.0,0.0,813.037,1.0001,0.132097,-0.522964,-23.245,0.0,0.0,0.0,0.0,0.0,,
0.00232599,8.7131e-08,398.798,373.456,1e-20,0.0,0.0,40.7827,0.0,0.0,0.0,0.0,813.038,1.0001,0.135265,-0.501073,-23.2326,0.0,0.0,0.0,0.0,0.0,,
0.00232799,8.7218e-08,398.337,373.887,1e-20,0.0,0.0,40.814,0.0,0.0,0.0,0.0,813.038,1.0001,0.138617,-0.478667,-23.2202,0.0,0.0,0.0,0.0,0.0,,
0.00232992,8.81181e-08,397.935,374.265,1e-20,0.0,0.0,40.8386,0.0,0.0,0.0,0.0,813.038,1.0001,0.142116,-0.456571,-23.2082,0.0,0.0,0.0,0.0,0.0,,
0.00233194,8.79179e-08,397.535,374.642,1e-20,0.0,0.0,40.8607,0.0,0.0,0.0,0.0,813.038,1.0001,0.146201,-0.432622,-23.1957,0.0,0.0,0.0,0.0,0.0,,
0.00233397,8.78062e-08,397.127,375.028,1e-20,0.0,0.0,40.8829,0.0,0.0,0.0,0.0,813.038,1.0001,0.150814,-0.40769,-23.1831,0.0,0.0,0.0,0.0,0.0,,
0.00233599,8.77516e-08,396.703,375.434,1e-20,0.0,0.0,40.9019,0.0,0.0,0.0,0.0,813.038,1.0001,0.15599,-0.381849,-23.1706,0.0,0.0,0.0,0.0,0.0,,
0.00233792,8.76035e-08,396.266,375.855,1e-20,0.0,0.0,40.9175,0.0,0.0,0.0,0.0,813.038,1.0001,0.161482,-0.356198,-23.1586,0.0,0.0,0.0,0.0,0.0,,
0.00233993,8.73809e-08,395.753,376.354,1e-20,0.0,0.0,40.9316,0.0,0.0,0.0,0.0,813.038,1.0001,0.167787,-0.328472,-23.1462,0.0,0.0,0.0,0.0,0.0,,
0.00234194,8.72414e-08,395.248,376.851,1e-20,0.0,0.0,40.9397,0.0,0.0,0.0,0.0,813.038,1.0001,0.174577,-0.2999,-23.1337,0.0,0.0,0.0,0.0,0.0,,
0.00234395,8.82951e-08,394.813,377.281,1e-20,0.0,0.0,40.9444,0.0,0.0,0.0,0.0,813.039,1.0001,0.18168,-0.270518,-23.1213,0.0,0.0,0.0,0.0,0.0,,
0.00234598,8.80771e-08,394.458,377.633,1e-20,0.0,0.0,40.9474,0.0,0.0,0.0,0.0,813.039,1.0001,0.189025,-0.240053,-23.1087,0.0,0.0,0.0,0.0,0.0,,
0.002348,8.65012e-08,394.146,377.94,1e-20,0.0,0.0,40.9531,0.0,0.0,0.0,0.0,813.039,1.0001,0.196461,-0.209006,-23.0962,0.0,0.0,0.0,0.0,0.0,,
0.00234999,8.67627e-08,393.804,378.273,1e-20,0.0,0.0,40.9617,0.0,0.0,0.0,0.0,813.039,1.0001,0.20395,-0.17779,-23.0839,0.0,0.0,0.0,0.0,0.0,,
0.00235199,8.76046e-08,393.395,378.656,1e-20,0.0,0.0,40.988,0.0,0.0,0.0,0.0,813.039,1.0001,0.211544,-0.145999,-23.0715,0.0,0.0,0.0,0.0,0.0,,
0.00235392,8.76814e-08,392.906,379.081,1e-20,0.0,0.0,41.0523,0.0,0.0,0.0,0.0,813.039,1.0001,0.21876,-0.115131,-23.0595,0.0,0.0,0.0,0.0,0.0,,
0.00235594,8.77245e-08,392.26,379.667,1e-20,0.0,0.0,41.1125,0.0,0.0,0.0,0.0,813.039,1.0001,0.226109,-0.082639,-23.0471,0.0,0.0,0.0,0.0,0.0,,
0.00235795,8.67841e-08,391.424,380.444,1e-20,0.0,0.0,41.1714,0.0,0.0,0.0,0.0,813.039,1.0001,0.233164,-0.0499281,-23.0346,0.0,0.0,0.0,0.0,0.0,,
0.00235995,8.69397e-08,390.44,381.381,1e-20,0.0,0.0,41.2189,0.0,0.0,0.0,0.0,813.039,1.0001,0.239717,-0.0171085,-23.0222,0.0,0.0,0.0,0.0,0.0,,
0.00236196,8.87933e-08,389.431,382.369,1e-20,0.0,0.0,41.2391,0.0,0.0,0.0,0.0,813.039,1.0001,0.245743,0.0163316,-23.0098,0.0,0.0,0.0,0.0,0.0,,
0.002364,8.86269e-08,388.495,383.27,1e-20,0.0,0.0,41.2743,0.0,0.0,0.0,0.0,813.039,1.0001,0.251377,0.0509311,-22.9972,0.0,0.0,0.0,0.0,0.0,,
0.00236595,8.8528e-08,387.698,384.025,1e-20,0.0,0.0,41.317,0.0,0.0,0.0,0.0,813.04,1.0001,0.256407,0.0845347,-22.9852,0.0,0.0,0.0,0.0,0.0,,
0.00236796,8.73454e-08,387.035,384.675,1e-20,0.0,0.0,41.329,0.0,0.0,0.0,0.0,813.04,1.0001,0.261312,0.119686,-22.9728,0.0,0.0,0.0,0.0,0.0,,
0.00236996,8.64292e-08,386.526,385.182,1e-20,0.0,0.0,41.3315,0.0,0.0,0.0,0.0,813.039,1.0001,0.265932,0.155027,-22.9604,0.0,0.0,0.0,0.0,0.0,,
0.00237199,8.85742e-08,386.019,385.674,1e-20,0.0,0.0,41.3466,0.0,0.0,0.0,0.0,813.04,1.0001,0.270421,0.191289,-22.9479,0.0,0.0,0.0,0.0,0.0,,
0.00237394,8.85905e-08,385.43,386.231,1e-20,0.0,0.0,41.3782,0.0,0.0,0.0,0.0,813.04,1.0001,0.274637,0.226441,-22.9359,0.0,0.0,0.0,0.0,0.0,,
0.00237596,8.75723e-08,384.717,386.898,1e-20,0.0,0.0,41.4243,0.0,0.0,0.0,0.0,813.04,1.0001,0.279013,0.263221,-22.9234,0.0,0.0,0.0,0.0,0.0,,
0.00237796,8.69675e-08,383.953,387.609,1e-20,0.0,0.0,41.4774,0.0,0.0,0.0,0.0,813.04,1.0001,0.283409,0.299903,-22.9111,0.0,0.0,0.0,0.0,0.0,,
0.00237992,8.95413e-08,383.209,388.301,1e-20,0.0,0.0,41.5304,0.0,0.0,0.0,0.0,813.04,1.0001,0.287724,0.335656,-22.899,0.0,0.0,0.0,0.0,0.0,,
0.00238197,8.88894e-08,382.491,388.999,1e-20,0.0,0.0,41.5501,0.0,0.0,0.0,0.0,813.04,1.0001,0.292222,0.372999,-22.8864,0.0,0.0,0.0,0.0,0.0,,
0.00238399,8.64187e-08,381.863,389.624,1e-20,0.0,0.0,41.5535,0.0,0.0,0.0,0.0,813.04,1.0001,0.296584,0.409617,-22.874,0.0,0.0,0.0,0.0,0.0,,
0.00238597,8.66973e-08,381.312,390.16,1e-20,0.0,0.0,41.5676,0.0,0.0,0.0,0.0,813.04,1.0001,0.30079,0.445683,-22.8618,0.0,0.0,0.0,0.0,0.0,,
0.002388,8.82051e-08,380.869,390.576,1e-20,0.0,0.0,41.5945,0.0,0.0,0.0,0.0,813.04,1.0001,0.304969,0.482592,-22.8493,0.0,0.0,0.0,0.0,0.0,,
0.00238994,8.81907e-08,380.571,390.847,1e-20,0.0,0.0,41.6212,0.0,0.0,0.0,0.0,813.04,1.0001,0.308931,0.518231,-22.8374,0.0,0.0,0.0,0.0,0.0,,
0.00239194,8.55011e-08,380.326,391.065,1e-20,0.0,0.0,41.649,0.0,0.0,0.0,0.0,813.04,1.0001,0.31307,0.555235,-22.8251,0.0,0.0,0.0,0.0,0.0,,
0.00239399,8.62034e-08,380.058,391.297,1e-20,0.0,0.0,41.684,0.0,0.0,0.0,0.0,813.04,1.0001,0.317483,0.593415,-22.8124,0.0,0.0,0.0,0.0,0.0,,
0.00239599,8.76499e-08,379.708,391.611,1e-20,0.0,0.0,41.7213,0.0,0.0,0.0,0.0,813.04,1.0001,0.322035,0.630429,-22.8002,0.0,0.0,0.0,0.0,0.0,,
0.00239792,8.73852e-08,379.282,391.999,1e-20,0.0,0.0,41.759,0.0,0.0,0.0,0.0,813.04,1.0001,0.326637,0.665716,-22.7883,0.0,0.0,0.0,0.0,0.0,,
0.00239995,8.84596e-08,378.8,392.438,1e-20,0.0,0.0,41.8022,0.0,0.0,0.0,0.0,813.04,1.0001,0.331471,0.702318,-22.7759,0.0,0.0,0.0,0.0,0.0,,
0.00240198,8.84482e-08,378.334,392.859,1e-20,0.0,0.0,41.8474,0.0,0.0,0.0,0.0,813.04,1.0001,0.336003,0.738606,-22.7634,0.0,0.0,0.0,0.0,0.0,,
0.002404,8.70189e-08,377.899,393.249,1e-20,0.0,0.0,41.8933,0.0,0.0,0.0,0.0,813.041,1.0001,0.33994,0.774277,-22.751,0.0,0.0,0.0,0.0,0.0,,
0.00240592,8.93339e-08,377.512,393.592,1e-20,0.0,0.0,41.9372,0.0,0.0,0.0,0.0,813.041,1.0001,0.343048,0.808031,-22.7393,0.0,0.0,0.0,0.0,0.0,,
0.00240798,8.92597e-08,377.174,393.882,1e-20,0.0,0.0,41.9847,0.0,0.0,0.0,0.0,813.041,1.0001,0.345639,0.843653,-22.7267,0.0,0.0,0.0,0.0,0.0,,
0.00240992,8.71173e-08,376.932,394.08,1e-20,0.0,0.0,42.0292,0.0,0.0,0.0,0.0,813.041,1.0001,0.347497,0.876751,-22.7147,0.0,0.0,0.0,0.0,0.0,,
0.00241192,8.68318e-08,376.696,394.271,1e-20,0.0,0.0,42.074,0.0,0.0,0.0,0.0,813.041,1.0001,0.349005,0.909907,-22.7025,0.0,0.0,0.0,0.0,0.0,,
0.00241391,8.89578e-08,376.422,394.5,1e-20,0.0,0.0,42.1194,0.0,0.0,0.0,0.0,813.041,1.0001,0.350325,0.941724,-22.6903,0.0,0.0,0.0,0.0,0.0,,
0.00241596,8.88396e-08,376.127,394.752,1e-20,0.0,0.0,42.1628,0.0,0.0,0.0,0.0,813.041,1.0001,0.351679,0.97311,-22.6778,0.0,0.0,0.0,0.0,0.0,,
0.00241799,8.78855e-08,375.801,395.043,1e-20,0.0,0.0,42.1972,0.0,0.0,0.0,0.0,813.042,1.0001,0.353204,1.00293,-22.6654,0.0,0.0,0.0,0.0,0.0,,
0.00241992,8.71001e-08,375.414,395.405,1e-20,0.0,0.0,42.2227,0.0,0.0,0.0,0.0,813.042,1.0001,0.355,1.02971,-22.6536,0.0,0.0,0.0,0.0,0.0,,
0.00242194,8.85585e-08,374.957,395.835,1e-20,0.0,0.0,42.2497,0.0,0.0,0.0,0.0,813.042,1.0001,0.357428,1.05611,-22.6412,0.0,0.0,0.0,0.0,0.0,,
0.002424,8.95337e-08,374.515,396.244,1e-20,0.0,0.0,42.2836,0.0,0.0,0.0,0.0,813.043,1.0001,0.360525,1.081,-22.6287,0.0,0.0,0.0,0.0,0.0,,
0.00242595,8.6974e-08,374.152,396.57,1e-20,0.0,0.0,42.3209,0.0,0.0,0.0,0.0,813.043,1.0001,0.364043,1.1029,-22.6168,0.0,0.0,0.0,0.0,0.0,,
0.00242794,8.61936e-08,373.796,396.88,1e-20,0.0,0.0,42.3674,0.0,0.0,0.0,0.0,813.043,1.0001,0.368173,1.1234,-22.6046,0.0,0.0,0.0,0.0,0.0,,
0.00242993,8.68972e-08,373.429,397.196,1e-20,0.0,0.0,42.4191,0.0,0.0,0.0,0.0,813.043,1.00011,0.372773,1.1421,-22.5925,0.0,0.0,0.0,0.0,0.0,,
0.00243195,8.81889e-08,373.021,397.551,1e-20,0.0,0.0,42.4716,0.0,0.0,0.0,0.0,813.044,1.00011,0.377699,1.15921,-22.5802,0.0,0.0,0.0,0.0,0.0,,
0.00243397,8.76087e-08,372.588,397.932,1e-20,0.0,0.0,42.5233,0.0,0.0,0.0,0.0,813.044,1.00011,0.382651,1.17445,-22.5679,0.0,0.0,0.0,0.0,0.0,,
0.00243599,8.93129e-08,372.184,398.284,1e-20,0.0,0.0,42.5767,0.0,0.0,0.0,0.0,813.044,1.00011,0.387347,1.18772,-22.5556,0.0,0.0,0.0,0.0,0.0,,
0.00243795,8.92606e-08,371.861,398.559,1e-20,0.0,0.0,42.6251,0.0,0.0,0.0,0.0,813.044,1.00011,0.391449,1.19884,-22.5436,0.0,0.0,0.0,0.0,0.0,,
0.00243992,8.92334e-08,371.633,398.745,1e-20,0.0,0.0,42.6664,0.0,0.0,0.0,0.0,813.044,1.00011,0.39494,1.20823,-22.5317,0.0,0.0,0.0,0.0,0.0,,
0.00244196,8.73315e-08,371.433,398.905,1e-20,0.0,0.0,42.7063,0.0,0.0,0.0,0.0,813.045,1.00011,0.397914,1.2162,-22.5193,0.0,0.0,0.0,0.0,0.0,,
0.00244396,8.72809e-08,371.219,399.079,1e-20,0.0,0.0,42.7473,0.0,0.0,0.0,0.0,813.045,1.00011,0.400353,1.22232,-22.5071,0.0,0.0,0.0,0.0,0.0,,
0.00244592,8.90967e-08,371.037,399.214,1e-20,0.0,0.0,42.7949,0.0,0.0,0.0,0.0,813.045,1.00011,0.402502,1.2266,-22.4952,0.0,0.0,0.0,0.0,0.0,,
0.00244797,8.90048e-08,370.949,399.245,1e-20,0.0,0.0,42.8516,0.0,0.0,0.0,0.0,813.046,1.00011,0.404625,1.2293,-22.4828,0.0,0.0,0.0,0.0,0.0,,
0.00244992,8.64217e-08,370.976,399.16,1e-20,0.0,0.0,42.9099,0.0,0.0,0.0,0.0,813.046,1.00011,0.406498,1.23035,-22.4709,0.0,0.0,0.0,0.0,0.0,,
0.002452,8.6871e-08,371.053,399.021,1e-20,0.0,0.0,42.972,0.0,0.0,0.0,0.0,813.046,1.00011,0.408207,1.23009,-22.4583,0.0,0.0,0.0,0.0,0.0,,
0.00245391,8.70581e-08,371.05,398.966,1e-20,0.0,0.0,43.0301,0.0,0.0,0.0,0.0,813.046,1.00011,0.409415,1.2288,-22.4467,0.0,0.0,0.0,0.0,0.0,,
0.00245594,8.93686e-08,370.917,399.024,1e-20,0.0,0.0,43.1052,0.0,0.0,0.0,0.0,813.046,1.00011,0.410275,1.22647,-22.4344,0.0,0.0,0.0,0.0,0.0,,
0.002458,8.94246e-08,370.633,399.193,1e-20,0.0,0.0,43.2203,0.0,0.0,0.0,0.0,813.046,1.00011,0.410735,1.22325,-22.422,0.0,0.0,0.0,0.0,0.0,,
0.00245992,8.57118e-08,370.289,399.451,1e-20,0.0,0.0,43.3057,0.0,0.0,0.0,0.0,813.046,1.00011,0.41077,1.21949,-22.4103,0.0,0.0,0.0,0.0,0.0,,
0.00246198,8.60056e-08,369.853,399.821,1e-20,0.0,0.0,43.3716,0.0,0.0,0.0,0.0,813.046,1.00011,0.410333,1.21466,-22.3979,0.0,0.0,0.0,0.0,0.0,,
0.00246399,9.02112e-08,369.299,400.314,1e-20,0.0,0.0,43.4341,0.0,0.0,0.0,0.0,813.047,1.00011,0.409371,1.20919,-22.3857,0.0,0.0,0.0,0.0,0.0,,
0.00246596,8.94745e-08,368.631,400.918,1e-20,0.0,0.0,43.4986,0.0,0.0,0.0,0.0,813.047,1.00011,0.407888,1.20324,-22.3738,0.0,0.0,0.0,0.0,0.0,,
0.00246793,8.94933e-08,367.918,401.559,1e-20,0.0,0.0,43.5705,0.0,0.0,0.0,0.0,813.047,1.00011,0.405897,1.19692,-22.3619,0.0,0.0,0.0,0.0,0.0,,
0.00246997,8.75476e-08,367.137,402.25,1e-20,0.0,0.0,43.6602,0.0,0.0,0.0,0.0,813.047,1.00011,0.403319,1.19016,-22.3496,0.0,0.0,0.0,0.0,0.0,,
0.00247196,9.07222e-08,366.331,402.976,1e-20,0.0,0.0,43.7408,0.0,0.0,0.0,0.0,813.048,1.00011,0.400432,1.18352,-22.3376,0.0,0.0,0.0,0.0,0.0,,
0.00247395,9.03624e-08,365.555,403.694,1e-20,0.0,0.0,43.7986,0.0,0.0,0.0,0.0,813.048,1.00011,0.397353,1.17673,-22.3256,0.0,0.0,0.0,0.0,0.0,,
0.00247594,9.0387e-08,364.89,404.32,1e-20,0.0,0.0,43.8382,0.0,0.0,0.0,0.0,813.048,1.00011,0.394249,1.16976,-22.3136,0.0,0.0,0.0,0.0,0.0,,
0.00247799,8.63644e-08,364.28,404.89,1e-20,0.0,0.0,43.8771,0.0,0.0,0.0,0.0,813.048,1.00011,0.39114,1.16242,-22.3013,0.0,0.0,0.0,0.0,0.0,,
0.00247998,8.65121e-08,363.742,405.396,1e-20,0.0,0.0,43.91,0.0,0.0,0.0,0.0,813.048,1.00011,0.388275,1.1552,-22.2893,0.0,0.0,0.0,0.0,0.0,,
0.00248197,9.00298e-08,363.292,405.821,1e-20,0.0,0.0,43.9355,0.0,0.0,0.0,0.0,813.048,1.00011,0.385513,1.14791,-22.2773,0.0,0.0,0.0,0.0,0.0,,
0.00248395,8.98807e-08,362.981,406.111,1e-20,0.0,0.0,43.9572,0.0,0.0,0.0,0.0,813.048,1.00011,0.382759,1.14059,-22.2654,0.0,0.0,0.0,0.0,0.0,,
0.00248591,8.70392e-08,362.903,406.166,1e-20,0.0,0.0,43.9801,0.0,0.0,0.0,0.0,813.048,1.00011,0.379911,1.13324,-22.2536,0.0,0.0,0.0,0.0,0.0,,
0.002488,8.64788e-08,363.084,405.958,1e-20,0.0,0.0,44.0063,0.0,0.0,0.0,0.0,813.049,1.00011,0.376645,1.12534,-22.2411,0.0,0.0,0.0,0.0,0.0,,
0.00249,8.9744e-08,363.473,405.541,1e-20,0.0,0.0,44.035,0.0,0.0,0.0,0.0,813.049,1.00011,0.373176,1.11755,-22.2291,0.0,0.0,0.0,0.0,0.0,,
0.00249197,8.96705e-08,363.987,404.999,1e-20,0.0,0.0,44.0633,0.0,0.0,0.0,0.0,813.049,1.00011,0.36949,1.10954,-22.2172,0.0,0.0,0.0,0.0,0.0,,
0.00249395,8.65351e-08,364.52,404.444,1e-20,0.0,0.0,44.0849,0.0,0.0,0.0,0.0,813.049,1.00011,0.365698,1.10113,-22.2054,0.0,0.0,0.0,0.0,0.0,,
0.00249593,8.61275e-08,364.975,403.972,1e-20,0.0,0.0,44.1015,0.0,0.0,0.0,0.0,813.049,1.00011,0.361951,1.09222,-22.1935,0.0,0.0,0.0,0.0,0.0,,
0.00249792,8.70511e-08,365.31,403.624,1e-20,0.0,0.0,44.115,0.0,0.0,0.0,0.0,813.049,1.00011,0.35841,1.08286,-22.1816,0.0,0.0,0.0,0.0,0.0,,
0.00249995,8.89424e-08,365.559,403.362,1e-20,0.0,0.0,44.1286,0.0,0.0,0.0,0.0,813.049,1.00011,0.355168,1.07294,-22.1694,0.0,0.0,0.0,0.0,0.0,,
0.00250199,8.87954e-08,365.782,403.125,1e-20,0.0,0.0,44.1413,0.0,0.0,0.0,0.0,813.049,1.00011,0.352429,1.06278,-22.1572,0.0,0.0,0.0,0.0,0.0,,
0.00250394,8.87032e-08,366.041,402.856,1e-20,0.0,0.0,44.1517,0.0,0.0,0.0,0.0,813.049,1.00011,0.350314,1.05316,-22.1455,0.0,0.0,0.0,0.0,0.0,,
0.00250596,8.61031e-08,366.393,402.495,1e-20,0.0,0.0,44.1611,0.0,0.0,0.0,0.0,813.049,1.00011,0.348425,1.04357,-22.1335,0.0,0.0,0.0,0.0,0.0,,
0.00250795,8.81921e-08,366.821,402.05,1e-20,0.0,0.0,44.1781,0.0,0.0,0.0,0.0,813.049,1.00011,0.346555,1.03448,-22.1216,0.0,0.0,0.0,0.0,0.0,,
0.00250998,8.79643e-08,367.295,401.541,1e-20,0.0,0.0,44.2128,0.0,0.0,0.0,0.0,813.049,1.00011,0.344456,1.02564,-22.1095,0.0,0.0,0.0,0.0,0.0,,
0.00251191,8.78125e-08,367.742,401.078,1e-20,0.0,0.0,44.2291,0.0,0.0,0.0,0.0,813.049,1.00011,0.342078,1.01746,-22.0979,0.0,0.0,0.0,0.0,0.0,,
0.00251393,8.71384e-08,368.12,400.683,1e-20,0.0,0.0,44.2454,0.0,0.0,0.0,0.0,813.049,1.00011,0.339058,1.00913,-22.0859,0.0,0.0,0.0,0.0,0.0,,
0.002516,8.51688e-08,368.363,400.417,1e-20,0.0,0.0,44.2687,0.0,0.0,0.0,0.0,813.048,1.00011,0.33538,1.00081,-22.0736,0.0,0.0,0.0,0.0,0.0,,
0.00251796,8.57897e-08,368.449,400.314,1e-20,0.0,0.0,44.2853,0.0,0.0,0.0,0.0,813.048,1.00011,0.331413,0.99313,-22.0619,0.0,0.0,0.0,0.0,0.0,,
0.00251995,8.79325e-08,368.409,400.338,1e-20,0.0,0.0,44.3013,0.0,0.0,0.0,0.0,813.048,1.00011,0.327034,0.985496,-22.05,0.0,0.0,0.0,0.0,0.0,,
0.00252198,8.7683e-08,368.256,400.476,1e-20,0.0,0.0,44.3167,0.0,0.0,0.0,0.0,813.048,1.00011,0.322485,0.977914,-22.038,0.0,0.0,0.0,0.0,0.0,,
0.00252398,8.70715e-08,368.024,400.698,1e-20,0.0,0.0,44.3263,0.0,0.0,0.0,0.0,813.048,1.00011,0.3181,0.970575,-22.026,0.0,0.0,0.0,0.0,0.0,,
0.00252593,8.92341e-08,367.744,400.974,1e-20,0.0,0.0,44.33,0.0,0.0,0.0,0.0,813.049,1.00011,0.314122,0.963688,-22.0145,0.0,0.0,0.0,0.0,0.0,,
0.00252799,8.93738e-08,367.341,401.374,1e-20,0.0,0.0,44.3334,0.0,0.0,0.0,0.0,813.049,1.00011,0.310391,0.956909,-22.0023,0.0,0.0,0.0,0.0,0.0,,
0.00252995,8.95683e-08,366.808,401.903,1e-20,0.0,0.0,44.3381,0.0,0.0,0.0,0.0,813.048,1.00011,0.307381,0.951065,-21.9906,0.0,0.0,0.0,0.0,0.0,,
0.00253193,8.96196e-08,366.151,402.551,1e-20,0.0,0.0,44.347,0.0,0.0,0.0,0.0,813.048,1.00011,0.304959,0.945939,-21.9789,0.0,0.0,0.0,0.0,0.0,,
0.00253398,8.62424e-08,365.404,403.267,1e-20,0.0,0.0,44.3769,0.0,0.0,0.0,0.0,813.048,1.00011,0.302913,0.941414,-21.9667,0.0,0.0,0.0,0.0,0.0,,
0.00253597,8.66242e-08,364.749,403.896,1e-20,0.0,0.0,44.4031,0.0,0.0,0.0,0.0,813.048,1.00011,0.3011,0.937747,-21.9549,0.0,0.0,0.0,0.0,0.0,,
0.00253795,8.54031e-08,364.281,404.347,1e-20,0.0,0.0,44.4202,0.0,0.0,0.0,0.0,813.049,1.00011,0.299221,0.93466,-21.9432,0.0,0.0,0.0,0.0,0.0,,
0.00253998,8.92943e-08,364.007,404.608,1e-20,0.0,0.0,44.4333,0.0,0.0,0.0,0.0,813.049,1.00011,0.297036,0.93184,-21.9312,0.0,0.0,0.0,0.0,0.0,,
0.002542,8.72274e-08,363.87,404.737,1e-20,0.0,0.0,44.442,0.0,0.0,0.0,0.0,813.049,1.00011,0.294509,0.929218,-21.9192,0.0,0.0,0.0,0.0,0.0,,
0.00254392,8.70621e-08,363.79,404.807,1e-20,0.0,0.0,44.4518,0.0,0.0,0.0,0.0,813.049,1.00011,0.291671,0.926759,-21.9079,0.0,0.0,0.0,0.0,0.0,,
0.00254592,8.95616e-08,363.703,404.879,1e-20,0.0,0.0,44.4672,0.0,0.0,0.0,0.0,813.05,1.00011,0.288197,0.924192,-21.896,0.0,0.0,0.0,0.0,0.0,,
0.00254798,8.95849e-08,363.588,404.977,1e-20,0.0,0.0,44.4851,0.0,0.0,0.0,0.0,813.05,1.00011,0.284101,0.921677,-21.8839,0.0,0.0,0.0,0.0,0.0,,
0.00254994,8.72754e-08,363.434,405.112,1e-20,0.0,0.0,44.5034,0.0,0.0,0.0,0.0,813.05,1.00011,0.279853,0.919617,-21.8723,0.0,0.0,0.0,0.0,0.0,,
0.00255194,8.64728e-08,363.226,405.299,1e-20,0.0,0.0,44.5247,0.0,0.0,0.0,0.0,813.05,1.00011,0.275414,0.918114,-21.8605,0.0,0.0,0.0,0.0,0.0,,
0.00255393,8.91953e-08,363.014,405.493,1e-20,0.0,0.0,44.5429,0.0,0.0,0.0,0.0,813.05,1.00011,0.271133,0.917459,-21.8488,0.0,0.0,0.0,0.0,0.0,,
0.00255598,8.91562e-08,362.863,405.634,1e-20,0.0,0.0,44.5525,0.0,0.0,0.0,0.0,813.05,1.00011,0.267092,0.917813,-21.8367,0.0,0.0,0.0,0.0,0.0,,
0.00255794,8.73848e-08,362.817,405.677,1e-20,0.0,0.0,44.5557,0.0,0.0,0.0,0.0,813.05,1.00011,0.263641,0.919104,-21.8252,0.0,0.0,0.0,0.0,0.0,,
0.00255996,8.93557e-08,362.896,405.597,1e-20,0.0,0.0,44.5582,0.0,0.0,0.0,0.0,813.051,1.00011,0.260403,0.921307,-21.8133,0.0,0.0,0.0,0.0,0.0,,
0.00256192,8.93008e-08,363.103,405.385,1e-20,0.0,0.0,44.5632,0.0,0.0,0.0,0.0,813.051,1.00011,0.257425,0.924112,-21.8017,0.0,0.0,0.0,0.0,0.0,,
0.00256394,8.69603e-08,363.416,405.061,1e-20,0.0,0.0,44.5741,0.0,0.0,0.0,0.0,813.051,1.00011,0.254337,0.927388,-21.7899,0.0,0.0,0.0,14116.0,0.0,,
0.00256594,8.66428e-08,363.77,404.692,1e-20,0.0,0.0,44.5898,0.0,0.0,0.0,0.0,813.051,1.00011,0.251058,0.930782,-21.7781,0.0,0.0,0.0,0.0,0.0,,
0.00256798,8.94765e-08,364.097,404.348,1e-20,0.0,0.0,44.6071,0.0,0.0,0.0,0.0,813.052,1.00012,0.247387,0.934289,-21.7662,0.0,0.0,0.0,0.0,0.0,,
0.00256994,8.91873e-08,364.382,404.047,1e-20,0.0,0.0,44.6233,0.0,0.0,0.0,0.0,813.052,1.00012,0.243512,0.937725,-21.7546,0.0,0.0,0.0,0.0,0.0,,
0.00257196,8.73109e-08,364.664,403.75,1e-20,0.0,0.0,44.6374,0.0,0.0,0.0,0.0,813.052,1.00012,0.239177,0.941348,-21.7428,0.0,0.0,0.0,0.0,0.0,,
0.00257396,8.66269e-08,364.912,403.491,1e-20,0.0,0.0,44.649,0.0,0.0,0.0,0.0,813.053,1.00012,0.234539,0.945015,-21.7311,0.0,0.0,0.0,0.0,0.0,,
0.00257596,8.87471e-08,365.106,403.287,1e-20,0.0,0.0,44.6604,0.0,0.0,0.0,0.0,813.053,1.00012,0.229535,0.948705,-21.7194,0.0,0.0,0.0,0.0,0.0,,
0.00257791,8.88839e-08,365.244,403.136,1e-20,0.0,0.0,44.6737,0.0,0.0,0.0,0.0,813.053,1.00012,0.224218,0.952294,-21.7079,0.0,0.0,0.0,0.0,0.0,,
0.00257996,8.79605e-08,365.36,403.005,1e-20,0.0,0.0,44.6891,0.0,0.0,0.0,0.0,813.054,1.00012,0.218264,0.955953,-21.696,0.0,0.0,0.0,0.0,0.0,,
0.00258198,8.87431e-08,365.517,402.834,1e-20,0.0,0.0,44.703,0.0,0.0,0.0,0.0,813.054,1.00012,0.212097,0.959446,-21.6841,0.0,0.0,0.0,0.0,0.0,,
0.00258394,8.88169e-08,365.743,402.6,1e-20,0.0,0.0,44.7116,0.0,0.0,0.0,0.0,813.054,1.00012,0.206068,0.962638,-21.6727,0.0,0.0,0.0,0.0,0.0,,
0.00258598,8.86669e-08,366.046,402.295,1e-20,0.0,0.0,44.7142,0.0,0.0,0.0,0.0,813.055,1.00012,0.199791,0.965716,-21.6608,0.0,0.0,0.0,0.0,0.0,,
0.00258799,8.63396e-08,366.426,401.915,1e-20,0.0,0.0,44.7134,0.0,0.0,0.0,0.0,813.055,1.00012,0.19374,0.968497,-21.649,0.0,0.0,0.0,0.0,0.0,,
0.00258998,8.63165e-08,366.9,401.442,1e-20,0.0,0.0,44.713,0.0,0.0,0.0,0.0,813.055,1.00012,0.18798,0.971093,-21.6375,0.0,0.0,0.0,0.0,0.0,,
0.00259196,8.79602e-08,367.423,400.918,1e-20,0.0,0.0,44.7143,0.0,0.0,0.0,0.0,813.055,1.00012,0.182422,0.973629,-21.6259,0.0,0.0,0.0,0.0,0.0,,
0.00259398,8.78949e-08,367.929,400.409,1e-20,0.0,0.0,44.7175,0.0,0.0,0.0,0.0,813.055,1.00012,0.176918,0.976236,-21.6141,0.0,0.0,0.0,0.0,0.0,,
0.00259592,8.84823e-08,368.403,399.93,1e-20,0.0,0.0,44.7227,0.0,0.0,0.0,0.0,813.056,1.00012,0.171697,0.97886,-21.6028,0.0,0.0,0.0,0.0,0.0,,
0.00259793,8.63049e-08,368.922,399.406,1e-20,0.0,0.0,44.728,0.0,0.0,0.0,0.0,813.056,1.00012,0.166228,0.981681,-21.5911,0.0,0.0,0.0,0.0,0.0,,
0.0026,8.62799e-08,369.558,398.765,1e-20,0.0,0.0,44.733,0.0,0.0,0.0,0.0,813.056,1.00012,0.160284,0.984551,-21.5791,0.0,0.0,0.0,0.0,0.0,,
0.00260192,8.80495e-08,370.255,398.06,1e-20,0.0,0.0,44.7419,0.0,0.0,0.0,0.0,813.057,1.00012,0.154346,0.986962,-21.5679,0.0,0.0,0.0,0.0,0.0,,
0.00260393,8.70684e-08,371.077,397.227,1e-20,0.0,0.0,44.7531,0.0,0.0,0.0,0.0,813.057,1.00012,0.147732,0.989039,-21.5563,0.0,0.0,0.0,0.0,0.0,,
0.00260593,8.70615e-08,371.944,396.364,1e-20,0.0,0.0,44.749,0.0,0.0,0.0,0.0,813.057,1.00012,0.140771,0.990618,-21.5446,0.0,0.0,0.0,0.0,0.0,,
0.00260795,8.77107e-08,372.773,395.541,1e-20,0.0,0.0,44.7431,0.0,0.0,0.0,0.0,813.057,1.00012,0.133517,0.991718,-21.5329,0.0,0.0,0.0,0.0,0.0,,
0.00260991,9.02275e-08,373.507,394.804,1e-20,0.0,0.0,44.7464,0.0,0.0,0.0,0.0,813.058,1.00012,0.126218,0.992411,-21.5215,0.0,0.0,0.0,0.0,0.0,,
0.00261198,8.95218e-08,374.297,394.014,1e-20,0.0,0.0,44.7458,0.0,0.0,0.0,0.0,813.058,1.00012,0.1183,0.992834,-21.5096,0.0,0.0,0.0,0.0,0.0,,
0.00261395,8.95278e-08,375.179,393.132,1e-20,0.0,0.0,44.7478,0.0,0.0,0.0,0.0,813.058,1.00012,0.110509,0.992943,-21.4982,0.0,0.0,0.0,0.0,0.0,,
0.00261598,8.56116e-08,376.22,392.085,1e-20,0.0,0.0,44.7527,0.0,0.0,0.0,0.0,813.058,1.00012,0.102299,0.992632,-21.4864,0.0,0.0,0.0,0.0,0.0,,
0.00261797,8.7063e-08,377.222,391.079,1e-20,0.0,0.0,44.7573,0.0,0.0,0.0,0.0,813.058,1.00012,0.0942465,0.991732,-21.4749,0.0,0.0,0.0,0.0,0.0,,
0.00261998,8.75607e-08,378.058,390.241,1e-20,0.0,0.0,44.7603,0.0,0.0,0.0,0.0,813.058,1.00012,0.0860769,0.990024,-21.4633,0.0,0.0,0.0,0.0,0.0,,
0.00262193,9.00087e-08,378.625,389.671,1e-20,0.0,0.0,44.7623,0.0,0.0,0.0,0.0,813.059,1.00012,0.0781544,0.987501,-21.452,0.0,0.0,0.0,0.0,0.0,,
0.00262391,9.01236e-08,379.022,389.273,1e-20,0.0,0.0,44.7637,0.0,0.0,0.0,0.0,813.059,1.00012,0.0702312,0.984084,-21.4405,0.0,0.0,0.0,0.0,0.0,,
0.00262595,8.72809e-08,379.405,388.888,1e-20,0.0,0.0,44.7652,0.0,0.0,0.0,0.0,813.059,1.00012,0.0623345,0.979748,-21.4288,0.0,0.0,0.0,0.0,0.0,,
0.00262795,8.68893e-08,379.873,388.418,1e-20,0.0,0.0,44.7677,0.0,0.0,0.0,0.0,813.059,1.00012,0.0549101,0.974735,-21.4172,0.0,0.0,0.0,0.0,0.0,,
0.00262998,8.95932e-08,380.431,387.857,1e-20,0.0,0.0,44.7707,0.0,0.0,0.0,0.0,813.059,1.00012,0.0478196,0.968917,-21.4055,0.0,0.0,0.0,0.0,0.0,,
0.00263195,8.95637e-08,381.009,387.276,1e-20,0.0,0.0,44.7734,0.0,0.0,0.0,0.0,813.059,1.00012,0.0413074,0.962513,-21.3941,0.0,0.0,0.0,0.0,0.0,,
0.00263396,8.60125e-08,381.598,386.684,1e-20,0.0,0.0,44.7771,0.0,0.0,0.0,0.0,813.059,1.00012,0.0349038,0.955205,-21.3826,0.0,0.0,0.0,0.0,0.0,,
0.00263594,8.67113e-08,382.137,386.14,1e-20,0.0,0.0,44.7827,0.0,0.0,0.0,0.0,813.059,1.00012,0.0285654,0.947249,-21.3712,0.0,0.0,0.0,0.0,0.0,,
0.00263797,8.94292e-08,382.565,385.705,1e-20,0.0,0.0,44.7896,0.0,0.0,0.0,0.0,813.06,1.00012,0.0219137,0.938461,-21.3595,0.0,0.0,0.0,0.0,0.0,,
0.00263995,9.04585e-08,382.84,385.423,1e-20,0.0,0.0,44.7962,0.0,0.0,0.0,0.0,813.06,1.00013,0.0151689,0.929272,-21.3481,0.0,0.0,0.0,0.0,0.0,,
0.00264199,8.57366e-08,382.999,385.259,1e-20,0.0,0.0,44.8013,0.0,0.0,0.0,0.0,813.06,1.00013,0.00801781,0.919226,-21.3364,0.0,0.0,0.0,0.0,0.0,,
0.00264396,8.57857e-08,383.056,385.199,1e-20,0.0,0.0,44.8043,0.0,0.0,0.0,0.0,813.06,1.00013,0.000944931,0.908766,-21.3251,0.0,0.0,0.0,0.0,0.0,,
0.00264596,9.03607e-08,383.005,385.249,1e-20,0.0,0.0,44.8059,0.0,0.0,0.0,0.0,813.06,1.00013,-0.00630594,0.897139,-21.3136,0.0,0.0,0.0,0.0,0.0,,
0.00264794,9.02734e-08,382.854,385.397,1e-20,0.0,0.0,44.8086,0.0,0.0,0.0,0.0,813.06,1.00013,-0.0134717,0.884468,-21.3022,0.0,0.0,0.0,0.0,0.0,,
0.00264993,9.01442e-08,382.666,385.581,1e-20,0.0,0.0,44.813,0.0,0.0,0.0,0.0,813.06,1.00013,-0.0205807,0.87069,-21.2908,0.0,0.0,0.0,0.0,0.0,,
0.00265198,8.48861e-08,382.472,385.77,1e-20,0.0,0.0,44.8179,0.0,0.0,0.0,0.0,813.06,1.00013,-0.0279373,0.855358,-21.2791,0.0,0.0,0.0,0.0,0.0,,
0.00265394,8.61013e-08,382.279,385.957,1e-20,0.0,0.0,44.8238,0.0,0.0,0.0,0.0,813.06,1.00013,-0.0349879,0.839728,-21.2678,0.0,0.0,0.0,0.0,0.0,,
0.00265593,8.69106e-08,382.087,386.142,1e-20,0.0,0.0,44.8304,0.0,0.0,0.0,0.0,813.06,1.00013,-0.0420626,0.822918,-21.2564,0.0,0.0,0.0,0.0,0.0,,
0.00265797,8.93764e-08,381.957,386.268,1e-20,0.0,0.0,44.8355,0.0,0.0,0.0,0.0,813.06,1.00013,-0.0491133,0.804796,-21.2448,0.0,0.0,0.0,0.0,0.0,,
0.00265993,8.58314e-08,381.95,386.273,1e-20,0.0,0.0,44.8377,0.0,0.0,0.0,0.0,813.06,1.00013,-0.0557203,0.78649,-21.2336,0.0,0.0,0.0,0.0,0.0,,
0.00266192,8.68374e-08,382.092,386.131,1e-20,0.0,0.0,44.8377,0.0,0.0,0.0,0.0,813.06,1.00013,-0.0622456,0.767177,-21.2222,0.0,0.0,0.0,0.0,0.0,,
0.00266392,8.76016e-08,382.329,385.895,1e-20,0.0,0.0,44.8367,0.0,0.0,0.0,0.0,813.06,1.00013,-0.0687125,0.746958,-21.2108,0.0,0.0,0.0,0.0,0.0,,
0.00266598,8.92794e-08,382.593,385.618,1e-20,0.0,0.0,44.8488,0.0,0.0,0.0,0.0,813.06,1.00013,-0.0752775,0.725635,-21.199,0.0,0.0,0.0,0.0,0.0,,
0.00266793,8.83707e-08,382.765,385.376,1e-20,0.0,0.0,44.9174,0.0,0.0,0.0,0.0,813.059,1.00012,-0.0816737,0.704896,-21.1878,0.0,0.0,0.0,0.0,0.0,,
0.00266994,8.58268e-08,382.82,385.203,1e-20,0.0,0.0,45.0346,0.0,0.0,0.0,0.0,813.057,1.00012,-0.088562,0.682828,-21.1762,0.0,0.0,0.0,0.0,0.0,,
0.00267193,8.70478e-08,382.675,385.186,1e-20,0.0,0.0,45.1936,0.0,0.0,0.0,0.0,813.055,1.00012,-0.0955577,0.660039,-21.1647,0.0,0.0,0.0,0.0,0.0,,
0.00267394,8.75401e-08,382.177,385.391,1e-20,0.0,0.0,45.4833,0.0,0.0,0.0,0.0,813.051,1.00011,-0.103123,0.635618,-21.1529,0.0,0.0,0.0,0.0,0.0,,
0.00267599,8.97791e-08,381.269,385.903,1e-20,0.0,0.0,45.8732,0.0,0.0,0.0,0.0,813.046,1.00011,-0.111508,0.608933,-21.1409,0.0,0.0,0.0,0.0,0.0,,
0.00267796,8.96734e-08,380.154,386.656,1e-20,0.0,0.0,46.2309,0.0,0.0,0.0,0.0,813.041,1.0001,-0.119157,0.581845,-21.1293,0.0,0.0,0.0,0.0,0.0,,
0.00267998,8.80237e-08,378.764,387.617,1e-20,0.0,0.0,46.6541,0.0,0.0,0.0,0.0,813.036,1.0001,-0.125785,0.552926,-21.1175,0.0,0.0,0.0,0.0,0.0,,
0.00268192,8.85695e-08,377.145,388.798,1e-20,0.0,0.0,47.0872,0.0,0.0,0.0,0.0,813.03,1.00009,-0.131324,0.523986,-21.106,0.0,0.0,0.0,0.0,0.0,,
0.00268396,8.87268e-08,375.34,390.294,1e-20,0.0,0.0,47.3914,0.0,0.0,0.0,0.0,813.026,1.00008,-0.13688,0.493161,-21.0942,0.0,0.0,0.0,0.0,0.0,,
0.00268591,8.88003e-08,373.622,391.803,1e-20,0.0,0.0,47.5973,0.0,0.0,0.0,0.0,813.023,1.00008,-0.142616,0.463594,-21.083,0.0,0.0,0.0,0.0,0.0,,
0.00268792,8.47373e-08,371.89,393.328,1e-20,0.0,0.0,47.8036,0.0,0.0,0.0,0.0,813.021,1.00008,-0.149443,0.433287,-21.0715,0.0,0.0,0.0,0.0,0.0,,
0.00268996,8.53691e-08,370.123,394.982,1e-20,0.0,0.0,47.913,0.0,0.0,0.0,0.0,813.019,1.00007,-0.157023,0.402918,-21.0599,0.0,0.0,0.0,0.0,0.0,,
0.00269194,8.93157e-08,368.468,396.557,1e-20,0.0,0.0,47.9899,0.0,0.0,0.0,0.0,813.015,1.00007,-0.163938,0.373631,-21.0485,0.0,0.0,0.0,0.0,0.0,,
0.002694,8.95246e-08,366.852,398.075,1e-20,0.0,0.0,48.0855,0.0,0.0,0.0,0.0,813.013,1.00007,-0.17023,0.343192,-21.0368,0.0,0.0,0.0,0.0,0.0,,
0.00269593,8.55681e-08,365.418,399.453,1e-20,0.0,0.0,48.1427,0.0,0.0,0.0,0.0,813.013,1.00007,-0.175498,0.314984,-21.0259,0.0,0.0,0.0,0.0,0.0,,
0.002698,8.64545e-08,363.989,400.889,1e-20,0.0,0.0,48.1348,0.0,0.0,0.0,0.0,813.013,1.00007,-0.180396,0.286043,-21.0143,0.0,0.0,0.0,0.0,0.0,,
0.0027,8.75831e-08,362.706,402.25,1e-20,0.0,0.0,48.0572,0.0,0.0,0.0,0.0,813.014,1.00007,-0.184601,0.258984,-21.0031,0.0,0.0,0.0,0.0,0.0,,
0.00270196,9.02025e-08,361.594,403.468,1e-20,0.0,0.0,47.953,0.0,0.0,0.0,0.0,813.015,1.00007,-0.188491,0.23332,-20.9921,0.0,0.0,0.0,0.0,0.0,,
0.00270394,8.92947e-08,360.674,404.473,1e-20,0.0,0.0,47.8715,0.0,0.0,0.0,0.0,813.018,1.00007,-0.192334,0.208595,-20.9812,0.0,0.0,0.0,0.0,0.0,,
0.00270598,8.63607e-08,359.925,405.244,1e-20,0.0,0.0,47.853,0.0,0.0,0.0,0.0,813.021,1.00008,-0.196583,0.184307,-20.9698,0.0,0.0,0.0,0.0,0.0,,
0.00270798,8.68725e-08,359.296,405.845,1e-20,0.0,0.0,47.8814,0.0,0.0,0.0,0.0,813.022,1.00008,-0.201162,0.161735,-20.9587,0.0,0.0,0.0,0.0,0.0,,
0.00270998,8.88851e-08,358.66,406.451,1e-20,0.0,0.0,47.9124,0.0,0.0,0.0,0.0,813.023,1.00008,-0.206053,0.140279,-20.9474,0.0,0.0,0.0,0.0,0.0,,
0.00271194,9.03809e-08,357.951,407.148,1e-20,0.0,0.0,47.9252,0.0,0.0,0.0,0.0,813.024,1.00008,-0.210986,0.121015,-20.9365,0.0,0.0,0.0,0.0,0.0,,
0.00271392,8.62325e-08,357.071,408.027,1e-20,0.0,0.0,47.9287,0.0,0.0,0.0,0.0,813.027,1.00009,-0.216316,0.103475,-20.9254,0.0,0.0,0.0,0.0,0.0,,
0.00271592,8.75018e-08,356.025,409.079,1e-20,0.0,0.0,47.9245,0.0,0.0,0.0,0.0,813.029,1.00009,-0.222034,0.0875484,-20.9143,0.0,0.0,0.0,0.0,0.0,,
0.00271797,8.97342e-08,354.871,410.237,1e-20,0.0,0.0,47.9211,0.0,0.0,0.0,0.0,813.03,1.00009,-0.227603,0.0726838,-20.9028,0.0,0.0,0.0,0.0,0.0,,
0.00271994,8.95989e-08,353.768,411.333,1e-20,0.0,0.0,47.9299,0.0,0.0,0.0,0.0,813.031,1.00009,-0.232079,0.0594454,-20.8918,0.0,0.0,0.0,0.0,0.0,,
0.00272199,8.55537e-08,352.623,412.451,1e-20,0.0,0.0,47.9587,0.0,0.0,0.0,0.0,813.034,1.00009,-0.235745,0.0465787,-20.8804,0.0,0.0,0.0,0.0,0.0,,
0.00272396,8.6398e-08,351.508,413.513,1e-20,0.0,0.0,48.0124,0.0,0.0,0.0,0.0,813.034,1.00009,-0.23837,0.0350738,-20.8693,0.0,0.0,0.0,0.0,0.0,,
0.00272596,8.69156e-08,350.458,414.491,1e-20,0.0,0.0,48.0846,0.0,0.0,0.0,0.0,813.034,1.00009,-0.240312,0.0245519,-20.8581,0.0,0.0,0.0,0.0,0.0,,
0.00272799,8.89791e-08,349.568,415.29,1e-20,0.0,0.0,48.1742,0.0,0.0,0.0,0.0,813.033,1.00009,-0.242022,0.0149497,-20.8466,0.0,0.0,0.0,0.0,0.0,,
0.00272995,8.8832e-08,348.922,415.833,1e-20,0.0,0.0,48.2763,0.0,0.0,0.0,0.0,813.032,1.00009,-0.243664,0.00672752,-20.8356,0.0,0.0,0.0,0.0,0.0,,
0.00273196,8.68549e-08,348.408,416.233,1e-20,0.0,0.0,48.3906,0.0,0.0,0.0,0.0,813.031,1.00009,-0.245302,-0.000732609,-20.8243,0.0,0.0,0.0,0.0,0.0,,
0.00273397,8.77675e-08,347.91,416.598,1e-20,0.0,0.0,48.5213,0.0,0.0,0.0,0.0,813.029,1.00009,-0.24687,-0.00702946,-20.813,0.0,0.0,0.0,0.0,0.0,,
0.002736,8.87268e-08,347.328,417.046,1e-20,0.0,0.0,48.6534,0.0,0.0,0.0,0.0,813.027,1.00009,-0.248449,-0.0121521,-20.8015,0.0,0.0,0.0,0.0,0.0,,
0.00273795,8.8738e-08,346.739,417.541,1e-20,0.0,0.0,48.745,0.0,0.0,0.0,0.0,813.026,1.00008,-0.250066,-0.0160906,-20.7905,0.0,0.0,0.0,0.0,0.0,,
0.00273998,8.67463e-08,346.106,418.072,1e-20,0.0,0.0,48.8468,0.0,0.0,0.0,0.0,813.025,1.00008,-0.251942,-0.0190656,-20.7791,0.0,0.0,0.0,0.0,0.0,,
0.00274197,8.63932e-08,345.38,418.709,1e-20,0.0,0.0,48.9349,0.0,0.0,0.0,0.0,813.024,1.00008,-0.253927,-0.0206307,-20.768,0.0,0.0,0.0,0.0,0.0,,
0.00274396,8.84199e-08,344.508,419.483,1e-20,0.0,0.0,49.0313,0.0,0.0,0.0,0.0,813.022,1.00008,-0.255917,-0.0206084,-20.7568,0.0,0.0,0.0,0.0,0.0,,
0.002746,8.8422e-08,343.526,420.347,1e-20,0.0,0.0,49.1485,0.0,0.0,0.0,0.0,813.021,1.00008,-0.257773,-0.0187481,-20.7454,0.0,0.0,0.0,0.0,0.0,,
0.00274794,8.83849e-08,342.584,421.122,1e-20,0.0,0.0,49.314,0.0,0.0,0.0,0.0,813.02,1.00008,-0.25926,-0.0153041,-20.7345,0.0,0.0,0.0,0.0,0.0,,
0.00274992,8.61442e-08,341.691,421.824,1e-20,0.0,0.0,49.5057,0.0,0.0,0.0,0.0,813.021,1.00008,-0.260593,-0.0105177,-20.7235,0.0,0.0,0.0,0.0,0.0,,
0.002752,8.69356e-08,340.95,422.496,1e-20,0.0,0.0,49.5754,0.0,0.0,0.0,0.0,813.022,1.00008,-0.262049,-0.00460891,-20.7119,0.0,0.0,0.0,0.0,0.0,,
0.00275392,8.82693e-08,340.438,422.894,1e-20,0.0,0.0,49.6907,0.0,0.0,0.0,0.0,813.022,1.00008,-0.263521,0.00130415,-20.7012,0.0,0.0,0.0,0.0,0.0,,
0.00275596,8.61892e-08,340.11,423.124,1e-20,0.0,0.0,49.7897,0.0,0.0,0.0,0.0,813.024,1.00008,-0.265183,0.00786706,-20.6899,0.0,0.0,0.0,0.0,0.0,,
0.00275795,8.68002e-08,340.005,423.199,1e-20,0.0,0.0,49.8207,0.0,0.0,0.0,0.0,813.025,1.00008,-0.266771,0.0144782,-20.6788,0.0,0.0,0.0,0.0,0.0,,
0.00275996,8.79105e-08,339.974,423.185,1e-20,0.0,0.0,49.8657,0.0,0.0,0.0,0.0,813.024,1.00008,-0.268197,0.0213986,-20.6676,0.0,0.0,0.0,0.0,0.0,,
0.002762,8.85552e-08,340.131,422.988,1e-20,0.0,0.0,49.9054,0.0,0.0,0.0,0.0,813.024,1.00008,-0.269378,0.0287742,-20.6563,0.0,0.0,0.0,0.0,0.0,,
0.00276394,8.83018e-08,340.314,422.786,1e-20,0.0,0.0,49.9232,0.0,0.0,0.0,0.0,813.024,1.00008,-0.270088,0.0361467,-20.6454,0.0,0.0,0.0,0.0,0.0,,
0.00276597,8.82172e-08,340.494,422.553,1e-20,0.0,0.0,49.9767,0.0,0.0,0.0,0.0,813.023,1.00008,-0.270178,0.044404,-20.6341,0.0,0.0,0.0,0.0,0.0,,
0.00276797,8.65132e-08,340.478,422.508,1e-20,0.0,0.0,50.0387,0.0,0.0,0.0,0.0,813.024,1.00008,-0.2698,0.0534182,-20.6231,0.0,0.0,0.0,0.0,0.0,,
0.00276997,8.71378e-08,340.272,422.651,1e-20,0.0,0.0,50.1021,0.0,0.0,0.0,0.0,813.025,1.00008,-0.269548,0.0631607,-20.612,0.0,0.0,0.0,0.0,0.0,,
0.00277197,8.72791e-08,339.796,423.069,1e-20,0.0,0.0,50.1609,0.0,0.0,0.0,0.0,813.026,1.00008,-0.269606,0.0735034,-20.6009,0.0,0.0,0.0,0.0,0.0,,
0.00277398,8.7292e-08,339.045,423.778,1e-20,0.0,0.0,50.2046,0.0,0.0,0.0,0.0,813.027,1.00009,-0.269976,0.0845255,-20.5898,0.0,0.0,0.0,0.0,0.0,,
0.00277599,8.71587e-08,338.15,424.644,1e-20,0.0,0.0,50.2355,0.0,0.0,0.0,0.0,813.03,1.00009,-0.27072,0.0963325,-20.5787,0.0,0.0,0.0,0.0,0.0,,
0.002778,8.75549e-08,337.28,425.503,1e-20,0.0,0.0,50.2495,0.0,0.0,0.0,0.0,813.032,1.00009,-0.271884,0.109018,-20.5677,0.0,0.0,0.0,0.0,0.0,,
0.00277992,8.75768e-08,336.591,426.2,1e-20,0.0,0.0,50.2436,0.0,0.0,0.0,0.0,813.035,1.00009,-0.273506,0.122121,-20.5571,0.0,0.0,0.0,0.0,0.0,,
0.00278199,9.02711e-08,335.916,426.888,1e-20,0.0,0.0,50.2317,0.0,0.0,0.0,0.0,813.037,1.0001,-0.276006,0.137196,-20.5457,0.0,0.0,0.0,0.0,0.0,,
0.00278395,8.46266e-08,335.306,427.501,1e-20,0.0,0.0,50.2331,0.0,0.0,0.0,0.0,813.04,1.0001,-0.279153,0.152198,-20.5349,0.0,0.0,0.0,0.0,0.0,,
0.00278598,8.45964e-08,334.748,428.056,1e-20,0.0,0.0,50.2374,0.0,0.0,0.0,0.0,813.041,1.0001,-0.283083,0.168115,-20.5237,0.0,0.0,0.0,0.0,0.0,,
0.00278793,8.49137e-08,334.429,428.369,1e-20,0.0,0.0,50.244,0.0,0.0,0.0,0.0,813.042,1.0001,-0.28733,0.18357,-20.5129,0.0,0.0,0.0,0.0,0.0,,
0.00278997,8.54459e-08,334.299,428.485,1e-20,0.0,0.0,50.2581,0.0,0.0,0.0,0.0,813.042,1.0001,-0.292105,0.199894,-20.5016,0.0,0.0,0.0,0.0,0.0,,
0.00279195,8.61153e-08,334.329,428.449,1e-20,0.0,0.0,50.2646,0.0,0.0,0.0,0.0,813.043,1.0001,-0.297099,0.215687,-20.4907,0.0,0.0,0.0,0.0,0.0,,
0.00279394,8.69575e-08,334.447,428.329,1e-20,0.0,0.0,50.2669,0.0,0.0,0.0,0.0,813.043,1.0001,-0.302542,0.231601,-20.4797,0.0,0.0,0.0,0.0,0.0,,
0.00279595,8.78413e-08,334.698,428.072,1e-20,0.0,0.0,50.274,0.0,0.0,0.0,0.0,813.044,1.00011,-0.308332,0.247383,-20.4686,0.0,0.0,0.0,0.0,0.0,,
0.00279797,8.79328e-08,335.039,427.723,1e-20,0.0,0.0,50.2828,0.0,0.0,0.0,0.0,813.044,1.00011,-0.314108,0.262677,-20.4575,0.0,0.0,0.0,0.0,0.0,,
0.00279999,8.80106e-08,335.505,427.25,1e-20,0.0,0.0,50.2899,0.0,0.0,0.0,0.0,813.045,1.00011,-0.319649,0.277412,-20.4463,0.0,0.0,0.0,0.0,0.0,,
0.00280197,8.58132e-08,336.119,426.626,1e-20,0.0,0.0,50.301,0.0,0.0,0.0,0.0,813.046,1.00011,-0.324709,0.291238,-20.4354,0.0,0.0,0.0,0.0,0.0,,
0.00280395,8.66818e-08,336.902,425.818,1e-20,0.0,0.0,50.3252,0.0,0.0,0.0,0.0,813.046,1.00011,-0.329383,0.304501,-20.4245,0.0,0.0,0.0,0.0,0.0,,
0.00280597,8.83035e-08,337.687,424.978,1e-20,0.0,0.0,50.3797,0.0,0.0,0.0,0.0,813.044,1.00011,-0.333692,0.317271,-20.4133,0.0,0.0,0.0,0.0,0.0,,
0.00280792,8.84193e-08,338.296,424.297,1e-20,0.0,0.0,50.4496,0.0,0.0,0.0,0.0,813.043,1.0001,-0.337407,0.328665,-20.4025,0.0,0.0,0.0,0.0,0.0,,
0.00280993,8.61294e-08,338.774,423.754,1e-20,0.0,0.0,50.5144,0.0,0.0,0.0,0.0,813.042,1.0001,-0.340809,0.339365,-20.3914,0.0,0.0,0.0,0.0,0.0,,
0.00281192,8.92522e-08,339.073,423.403,1e-20,0.0,0.0,50.5655,0.0,0.0,0.0,0.0,813.042,1.0001,-0.343778,0.348873,-20.3804,0.0,0.0,0.0,0.0,0.0,,
0.00281397,8.89068e-08,339.278,423.157,1e-20,0.0,0.0,50.606,0.0,0.0,0.0,0.0,813.041,1.0001,-0.346486,0.357737,-20.3691,0.0,0.0,0.0,0.0,0.0,,
0.00281592,8.86507e-08,339.404,422.985,1e-20,0.0,0.0,50.6518,0.0,0.0,0.0,0.0,813.041,1.0001,-0.348725,0.365379,-20.3583,0.0,0.0,0.0,0.0,0.0,,
0.00281793,8.5955e-08,339.544,422.787,1e-20,0.0,0.0,50.7108,0.0,0.0,0.0,0.0,813.041,1.0001,-0.350866,0.372499,-20.3473,0.0,0.0,0.0,0.0,0.0,,
0.00282,8.65491e-08,339.702,422.575,1e-20,0.0,0.0,50.7644,0.0,0.0,0.0,0.0,813.042,1.0001,-0.353291,0.379248,-20.3359,0.0,0.0,0.0,0.0,0.0,,
0.00282199,8.67353e-08,339.841,422.407,1e-20,0.0,0.0,50.7952,0.0,0.0,0.0,0.0,813.043,1.0001,-0.355992,0.385506,-20.325,0.0,0.0,0.0,0.0,0.0,,
0.00282393,8.87018e-08,339.858,422.376,1e-20,0.0,0.0,50.8102,0.0,0.0,0.0,0.0,813.045,1.00011,-0.358841,0.39155,-20.3144,0.0,0.0,0.0,0.0,0.0,,
0.00282595,8.64684e-08,339.688,422.541,1e-20,0.0,0.0,50.818,0.0,0.0,0.0,0.0,813.048,1.00011,-0.361855,0.397964,-20.3033,0.0,0.0,0.0,0.0,0.0,,
0.00282795,8.73969e-08,339.373,422.858,1e-20,0.0,0.0,50.8191,0.0,0.0,0.0,0.0,813.05,1.00011,-0.36463,0.404476,-20.2924,0.0,0.0,0.0,0.0,0.0,,
0.00282997,8.78026e-08,339.063,423.171,1e-20,0.0,0.0,50.8179,0.0,0.0,0.0,0.0,813.052,1.00012,-0.367003,0.411314,-20.2814,0.0,0.0,0.0,0.0,0.0,,
0.002832,8.8232e-08,338.828,423.411,1e-20,0.0,0.0,50.8155,0.0,0.0,0.0,0.0,813.054,1.00012,-0.368747,0.41845,-20.2703,0.0,0.0,0.0,0.0,0.0,,
0.00283396,8.97827e-08,338.643,423.597,1e-20,0.0,0.0,50.8161,0.0,0.0,0.0,0.0,813.056,1.00012,-0.369728,0.425594,-20.2596,0.0,0.0,0.0,0.0,0.0,,
0.00283599,8.59884e-08,338.446,423.79,1e-20,0.0,0.0,50.823,0.0,0.0,0.0,0.0,813.059,1.00012,-0.370003,0.433197,-20.2485,0.0,0.0,0.0,0.0,0.0,,
0.00283797,8.63392e-08,338.192,424.038,1e-20,0.0,0.0,50.8312,0.0,0.0,0.0,0.0,813.061,1.00013,-0.369668,0.440782,-20.2377,0.0,0.0,0.0,0.0,0.0,,
0.00283998,8.92411e-08,337.815,424.41,1e-20,0.0,0.0,50.8385,0.0,0.0,0.0,0.0,813.064,1.00013,-0.368951,0.448556,-20.2268,0.0,0.0,0.0,0.0,0.0,,
0.00284194,8.96507e-08,337.3,424.92,1e-20,0.0,0.0,50.8467,0.0,0.0,0.0,0.0,813.066,1.00013,-0.368042,0.456185,-20.2161,0.0,0.0,0.0,0.0,0.0,,
0.00284392,8.98919e-08,336.733,425.48,1e-20,0.0,0.0,50.8555,0.0,0.0,0.0,0.0,813.068,1.00014,-0.366945,0.463786,-20.2053,0.0,0.0,0.0,0.0,0.0,,
0.00284597,8.54252e-08,336.185,426.021,1e-20,0.0,0.0,50.8646,0.0,0.0,0.0,0.0,813.07,1.00014,-0.365509,0.471642,-20.1941,0.0,0.0,0.0,0.0,0.0,,
0.00284795,8.65875e-08,335.69,426.507,1e-20,0.0,0.0,50.8754,0.0,0.0,0.0,0.0,813.072,1.00014,-0.363746,0.47924,-20.1834,0.0,0.0,0.0,0.0,0.0,,
0.00284998,8.90081e-08,335.194,426.985,1e-20,0.0,0.0,50.8936,0.0,0.0,0.0,0.0,813.073,1.00014,-0.361476,0.487122,-20.1722,0.0,0.0,0.0,0.0,0.0,,
0.00285194,8.88791e-08,334.811,427.346,1e-20,0.0,0.0,50.9176,0.0,0.0,0.0,0.0,813.074,1.00014,-0.358832,0.49464,-20.1616,0.0,0.0,0.0,0.0,0.0,,
0.00285396,8.66775e-08,334.565,427.56,1e-20,0.0,0.0,50.9493,0.0,0.0,0.0,0.0,813.075,1.00014,-0.355643,0.502174,-20.1505,0.0,0.0,0.0,0.0,0.0,,
0.00285596,8.72105e-08,334.474,427.616,1e-20,0.0,0.0,50.9844,0.0,0.0,0.0,0.0,813.075,1.00014,-0.352105,0.509259,-20.1396,0.0,0.0,0.0,0.0,0.0,,
0.00285797,8.70845e-08,334.475,427.587,1e-20,0.0,0.0,51.0133,0.0,0.0,0.0,0.0,813.076,1.00014,-0.348194,0.515965,-20.1286,0.0,0.0,0.0,0.0,0.0,,
0.00285993,8.89949e-08,334.541,427.506,1e-20,0.0,0.0,51.0295,0.0,0.0,0.0,0.0,813.076,1.00015,-0.344008,0.522062,-20.1179,0.0,0.0,0.0,0.0,0.0,,
0.00286197,8.89418e-08,334.6,427.443,1e-20,0.0,0.0,51.0333,0.0,0.0,0.0,0.0,813.077,1.00015,-0.339223,0.527775,-20.1068,0.0,0.0,0.0,0.0,0.0,,
0.00286399,8.68197e-08,334.612,427.428,1e-20,0.0,0.0,51.037,0.0,0.0,0.0,0.0,813.077,1.00015,-0.334103,0.532421,-20.0958,0.0,0.0,0.0,0.0,0.0,,
0.00286592,8.90509e-08,334.549,427.485,1e-20,0.0,0.0,51.0436,0.0,0.0,0.0,0.0,813.078,1.00015,-0.328781,0.535671,-20.0852,0.0,0.0,0.0,0.0,0.0,,
0.00286797,8.90546e-08,334.433,427.587,1e-20,0.0,0.0,51.0573,0.0,0.0,0.0,0.0,813.078,1.00015,-0.322723,0.537568,-20.074,0.0,0.0,0.0,14116.0,0.0,,
0.00286993,8.92898e-08,334.287,427.713,1e-20,0.0,0.0,51.0788,0.0,0.0,0.0,0.0,813.078,1.00015,-0.316503,0.537844,-20.0633,0.0,0.0,0.0,0.0,0.0,,
0.00287199,8.56077e-08,333.983,427.986,1e-20,0.0,0.0,51.1101,0.0,0.0,0.0,0.0,813.078,1.00015,-0.309627,0.536617,-20.0521,0.0,0.0,0.0,0.0,0.0,,
0.00287396,8.63007e-08,333.45,428.479,1e-20,0.0,0.0,51.1498,0.0,0.0,0.0,0.0,813.079,1.00015,-0.302834,0.534196,-20.0414,0.0,0.0,0.0,0.0,0.0,,
0.00287596,8.89595e-08,332.609,429.259,1e-20,0.0,0.0,51.2109,0.0,0.0,0.0,0.0,813.079,1.00015,-0.296035,0.530779,-20.0305,0.0,0.0,0.0,0.0,0.0,,
0.00287793,8.93453e-08,331.584,430.221,1e-20,0.0,0.0,51.2738,0.0,0.0,0.0,0.0,813.08,1.00015,-0.289657,0.526662,-20.0198,0.0,0.0,0.0,0.0,0.0,,
0.00287998,8.92534e-08,330.378,431.366,1e-20,0.0,0.0,51.3359,0.0,0.0,0.0,0.0,813.08,1.00015,-0.283477,0.521654,-20.0086,0.0,0.0,0.0,0.0,0.0,,
0.00288197,8.58319e-08,329.086,432.59,1e-20,0.0,0.0,51.4033,0.0,0.0,0.0,0.0,813.08,1.00015,-0.278002,0.516169,-19.9977,0.0,0.0,0.0,0.0,0.0,,
0.00288395,8.6398e-08,327.644,433.97,1e-20,0.0,0.0,51.4656,0.0,0.0,0.0,0.0,813.08,1.00015,-0.272965,0.510147,-19.987,0.0,0.0,0.0,0.0,0.0,,
0.00288599,8.90267e-08,326.079,435.475,1e-20,0.0,0.0,51.5261,0.0,0.0,0.0,0.0,813.08,1.00015,-0.268138,0.503484,-19.9759,0.0,0.0,0.0,0.0,0.0,,
0.00288798,8.56241e-08,324.56,436.94,1e-20,0.0,0.0,51.58,0.0,0.0,0.0,0.0,813.08,1.00015,-0.263777,0.496736,-19.965,0.0,0.0,0.0,0.0,0.0,,
0.00288999,8.93424e-08,323.127,438.308,1e-20,0.0,0.0,51.6467,0.0,0.0,0.0,0.0,813.081,1.00015,-0.259752,0.489941,-19.9541,0.0,0.0,0.0,0.0,0.0,,
0.00289193,8.51045e-08,321.847,439.542,1e-20,0.0,0.0,51.6918,0.0,0.0,0.0,0.0,813.081,1.00015,-0.256145,0.48358,-19.9436,0.0,0.0,0.0,0.0,0.0,,
0.00289394,8.71513e-08,320.67,440.677,1e-20,0.0,0.0,51.7347,0.0,0.0,0.0,0.0,813.081,1.00015,-0.252532,0.477321,-19.9326,0.0,0.0,0.0,0.0,0.0,,
0.00289593,8.6401e-08,319.656,441.672,1e-20,0.0,0.0,51.7529,0.0,0.0,0.0,0.0,813.081,1.00015,-0.248952,0.471543,-19.9218,0.0,0.0,0.0,0.0,0.0,,
0.00289793,8.74878e-08,318.773,442.564,1e-20,0.0,0.0,51.7442,0.0,0.0,0.0,0.0,813.081,1.00015,-0.245229,0.466138,-19.911,0.0,0.0,0.0,0.0,0.0,,
0.00289995,8.76706e-08,317.952,443.414,1e-20,0.0,0.0,51.7156,0.0,0.0,0.0,0.0,813.082,1.00015,-0.241255,0.461024,-19.9,0.0,0.0,0.0,0.0,0.0,,
0.00290193,8.46337e-08,317.133,444.274,1e-20,0.0,0.0,51.6747,0.0,0.0,0.0,0.0,813.082,1.00015,-0.237105,0.456238,-19.8892,0.0,0.0,0.0,0.0,0.0,,
0.00290394,8.34614e-08,316.306,445.176,1e-20,0.0,0.0,51.5999,0.0,0.0,0.0,0.0,813.082,1.00015,-0.232674,0.451544,-19.8783,0.0,0.0,0.0,0.0,0.0,,
0.00290599,8.89602e-08,315.613,446.152,1e-20,0.0,0.0,51.3173,0.0,0.0,0.0,0.0,813.083,1.00015,-0.228036,0.446907,-19.8673,0.0,0.0,0.0,0.0,0.0,,
0.00290795,8.85745e-08,314.712,447.115,1e-20,0.0,0.0,51.2555,0.0,0.0,0.0,0.0,813.083,1.00015,-0.223574,0.442629,-19.8566,0.0,0.0,0.0,0.0,0.0,,
0.00290996,8.56328e-08,313.594,448.254,1e-20,0.0,0.0,51.2365,0.0,0.0,0.0,0.0,813.084,1.00015,-0.219047,0.438567,-19.8457,0.0,0.0,0.0,0.0,0.0,,
0.00291192,8.45046e-08,312.381,449.479,1e-20,0.0,0.0,51.2225,0.0,0.0,0.0,0.0,813.083,1.00015,-0.214726,0.435143,-19.8351,0.0,0.0,0.0,0.0,0.0,,
0.00291396,8.43579e-08,311.007,450.865,1e-20,0.0,0.0,51.2107,0.0,0.0,0.0,0.0,813.083,1.00015,-0.2103,0.432279,-19.824,0.0,0.0,0.0,0.0,0.0,,
0.00291594,8.58922e-08,309.693,452.183,1e-20,0.0,0.0,51.2077,0.0,0.0,0.0,0.0,813.084,1.00015,-0.206216,0.430347,-19.8133,0.0,0.0,0.0,0.0,0.0,,
0.00291793,8.7525e-08,308.44,453.434,1e-20,0.0,0.0,51.2105,0.0,0.0,0.0,0.0,813.084,1.00016,-0.202439,0.429379,-19.8025,0.0,0.0,0.0,0.0,0.0,,
0.00291994,8.72308e-08,307.471,454.396,1e-20,0.0,0.0,51.2171,0.0,0.0,0.0,0.0,813.084,1.00016,-0.199107,0.429595,-19.7916,0.0,0.0,0.0,0.0,0.0,,
0.00292196,8.67248e-08,306.947,454.91,1e-20,0.0,0.0,51.2274,0.0,0.0,0.0,0.0,813.084,1.00016,-0.196381,0.431287,-19.7807,0.0,0.0,0.0,0.0,0.0,,
0.00292392,8.91581e-08,306.85,454.995,1e-20,0.0,0.0,51.2402,0.0,0.0,0.0,0.0,813.085,1.00016,-0.194483,0.434543,-19.7701,0.0,0.0,0.0,0.0,0.0,,
0.00292597,8.95181e-08,306.965,454.861,1e-20,0.0,0.0,51.2592,0.0,0.0,0.0,0.0,813.085,1.00016,-0.193394,0.439713,-19.759,0.0,0.0,0.0,0.0,0.0,,
0.00292793,8.52464e-08,307.168,454.637,1e-20,0.0,0.0,51.2803,0.0,0.0,0.0,0.0,813.085,1.00016,-0.193241,0.446198,-19.7484,0.0,0.0,0.0,0.0,0.0,,
0.00292997,8.51043e-08,307.492,454.287,1e-20,0.0,0.0,51.3066,0.0,0.0,0.0,0.0,813.085,1.00016,-0.193898,0.454389,-19.7373,0.0,0.0,0.0,0.0,0.0,,
0.00293196,8.65488e-08,307.932,453.835,1e-20,0.0,0.0,51.3183,0.0,0.0,0.0,0.0,813.086,1.00016,-0.195169,0.46361,-19.7266,0.0,0.0,0.0,0.0,0.0,,
0.00293398,8.93241e-08,308.54,453.222,1e-20,0.0,0.0,51.3237,0.0,0.0,0.0,0.0,813.086,1.00016,-0.196934,0.47419,-19.7157,0.0,0.0,0.0,0.0,0.0,,
0.00293595,8.92097e-08,309.184,452.578,1e-20,0.0,0.0,51.324,0.0,0.0,0.0,0.0,813.086,1.00016,-0.199057,0.485704,-19.7051,0.0,0.0,0.0,0.0,0.0,,
0.00293797,8.61112e-08,309.739,452.026,1e-20,0.0,0.0,51.321,0.0,0.0,0.0,0.0,813.086,1.00016,-0.201706,0.498916,-19.6941,0.0,0.0,0.0,0.0,0.0,,
0.00293994,8.62569e-08,310.024,451.745,1e-20,0.0,0.0,51.3176,0.0,0.0,0.0,0.0,813.087,1.00016,-0.204748,0.513224,-19.6835,0.0,0.0,0.0,0.0,0.0,,
0.00294193,8.65233e-08,310.011,451.761,1e-20,0.0,0.0,51.3145,0.0,0.0,0.0,0.0,813.087,1.00016,-0.208175,0.528987,-19.6727,0.0,0.0,0.0,0.0,0.0,,
0.00294394,8.9208e-08,309.661,452.111,1e-20,0.0,0.0,51.3149,0.0,0.0,0.0,0.0,813.087,1.00016,-0.211871,0.546055,-19.6619,0.0,0.0,0.0,0.0,0.0,,
0.00294599,8.89802e-08,309.063,452.712,1e-20,0.0,0.0,51.3127,0.0,0.0,0.0,0.0,813.087,1.00016,-0.215755,0.564499,-19.6509,0.0,0.0,0.0,0.0,0.0,,
0.00294794,8.87085e-08,308.399,453.376,1e-20,0.0,0.0,51.3123,0.0,0.0,0.0,0.0,813.087,1.00016,-0.219335,0.582826,-19.6403,0.0,0.0,0.0,0.0,0.0,,
0.00294995,8.56897e-08,307.71,454.056,1e-20,0.0,0.0,51.321,0.0,0.0,0.0,0.0,813.087,1.00016,-0.222643,0.602273,-19.6295,0.0,0.0,0.0,0.0,0.0,,
0.00295193,8.68031e-08,306.995,454.737,1e-20,0.0,0.0,51.3551,0.0,0.0,0.0,0.0,813.087,1.00016,-0.225482,0.622114,-19.6188,0.0,0.0,0.0,0.0,0.0,,
0.00295394,8.76923e-08,306.252,455.438,1e-20,0.0,0.0,51.3975,0.0,0.0,0.0,0.0,813.087,1.00016,-0.227881,0.642866,-19.6079,0.0,0.0,0.0,0.0,0.0,,
0.00295595,8.7951e-08,305.519,456.115,1e-20,0.0,0.0,51.4538,0.0,0.0,0.0,0.0,813.087,1.00016,-0.229861,0.664298,-19.5971,0.0,0.0,0.0,0.0,0.0,,
0.00295797,8.75765e-08,304.709,456.756,1e-20,0.0,0.0,51.6225,0.0,0.0,0.0,0.0,813.087,1.00016,-0.231489,0.686315,-19.5862,0.0,0.0,0.0,0.0,0.0,,
0.00295998,8.73848e-08,303.928,457.456,1e-20,0.0,0.0,51.7039,0.0,0.0,0.0,0.0,813.088,1.00016,-0.232731,0.708716,-19.5753,0.0,0.0,0.0,0.0,0.0,,
0.00296198,8.63639e-08,303.352,458.021,1e-20,0.0,0.0,51.715,0.0,0.0,0.0,0.0,813.088,1.00016,-0.233656,0.731393,-19.5646,0.0,0.0,0.0,0.0,0.0,,
0.00296396,8.6387e-08,302.954,458.428,1e-20,0.0,0.0,51.7061,0.0,0.0,0.0,0.0,813.088,1.00016,-0.234337,0.754592,-19.5539,0.0,0.0,0.0,0.0,0.0,,
0.00296597,8.95306e-08,302.509,458.859,1e-20,0.0,0.0,51.7206,0.0,0.0,0.0,0.0,813.089,1.00016,-0.234755,0.778485,-19.5431,0.0,0.0,0.0,0.0,0.0,,
0.00296794,8.94323e-08,301.91,459.418,1e-20,0.0,0.0,51.761,0.0,0.0,0.0,0.0,813.089,1.00016,-0.23488,0.802125,-19.5325,0.0,0.0,0.0,0.0,0.0,,
0.00296996,8.49338e-08,300.992,460.287,1e-20,0.0,0.0,51.8098,0.0,0.0,0.0,0.0,813.089,1.00016,-0.234744,0.82635,-19.5216,0.0,0.0,0.0,0.0,0.0,,
0.00297192,8.52962e-08,299.968,461.263,1e-20,0.0,0.0,51.8576,0.0,0.0,0.0,0.0,813.089,1.00016,-0.234373,0.849573,-19.5111,0.0,0.0,0.0,0.0,0.0,,
0.00297398,8.63272e-08,298.877,462.307,1e-20,0.0,0.0,51.9052,0.0,0.0,0.0,0.0,813.09,1.00016,-0.233915,0.873866,-19.5,0.0,0.0,0.0,0.0,0.0,,
0.00297593,8.91249e-08,298.032,463.11,1e-20,0.0,0.0,51.9489,0.0,0.0,0.0,0.0,813.09,1.00016,-0.233511,0.896986,-19.4895,0.0,0.0,0.0,0.0,0.0,,
0.00297797,8.61195e-08,297.359,463.751,1e-20,0.0,0.0,51.9799,0.0,0.0,0.0,0.0,813.09,1.00016,-0.233156,0.921126,-19.4785,0.0,0.0,0.0,0.0,0.0,,
0.00297994,8.51077e-08,296.955,464.141,1e-20,0.0,0.0,51.9951,0.0,0.0,0.0,0.0,813.091,1.00016,-0.232868,0.944179,-19.468,0.0,0.0,0.0,0.0,0.0,,
0.00298196,8.99784e-08,296.756,464.331,1e-20,0.0,0.0,52.0051,0.0,0.0,0.0,0.0,813.091,1.00016,-0.232446,0.967272,-19.4571,0.0,0.0,0.0,0.0,0.0,,
0.00298393,9.00127e-08,296.794,464.285,1e-20,0.0,0.0,52.0121,0.0,0.0,0.0,0.0,813.092,1.00016,-0.231999,0.98901,-19.4465,0.0,0.0,0.0,0.0,0.0,,
0.00298599,8.49447e-08,297.115,463.957,1e-20,0.0,0.0,52.0192,0.0,0.0,0.0,0.0,813.091,1.00016,-0.231504,1.0105,-19.4354,0.0,0.0,0.0,0.0,0.0,,
0.00298794,8.50826e-08,297.701,463.367,1e-20,0.0,0.0,52.0233,0.0,0.0,0.0,0.0,813.092,1.00016,-0.230898,1.02982,-19.4249,0.0,0.0,0.0,0.0,0.0,,
0.00298999,8.56851e-08,298.434,462.65,1e-20,0.0,0.0,52.0074,0.0,0.0,0.0,0.0,813.092,1.00016,-0.230214,1.04902,-19.4139,0.0,0.0,0.0,0.0,0.0,,
0.00299194,8.95872e-08,299.109,461.998,1e-20,0.0,0.0,51.9856,0.0,0.0,0.0,0.0,813.093,1.00017,-0.229585,1.06621,-19.4035,0.0,0.0,0.0,0.0,0.0,,
0.00299396,8.57291e-08,299.778,461.344,1e-20,0.0,0.0,51.9704,0.0,0.0,0.0,0.0,813.093,1.00017,-0.228931,1.08278,-19.3926,0.0,0.0,0.0,0.0,0.0,,
0.00299594,8.63195e-08,300.372,460.746,1e-20,0.0,0.0,51.9751,0.0,0.0,0.0,0.0,813.093,1.00017,-0.228231,1.09754,-19.382,0.0,0.0,0.0,0.0,0.0,,
0.00299794,8.79696e-08,300.801,460.242,1e-20,0.0,0.0,52.0501,0.0,0.0,0.0,0.0,813.093,1.00017,-0.227381,1.11078,-19.3712,0.0,0.0,0.0,0.0,0.0,,
0.00299991,8.95671e-08,301.082,459.941,1e-20,0.0,0.0,52.0716,0.0,0.0,0.0,0.0,813.094,1.00017,-0.226305,1.12203,-19.3607,0.0,0.0,0.0,0.0,0.0,,
0.00300197,8.94047e-08,301.39,459.659,1e-20,0.0,0.0,52.0455,0.0,0.0,0.0,0.0,813.094,1.00017,-0.224809,1.13209,-19.3496,0.0,0.0,0.0,0.0,0.0,,
0.00300397,8.51905e-08,301.62,459.484,1e-20,0.0,0.0,51.9911,0.0,0.0,0.0,0.0,813.094,1.00017,-0.223004,1.14031,-19.3389,0.0,0.0,0.0,0.0,0.0,,
0.00300594,8.63594e-08,301.682,459.467,1e-20,0.0,0.0,51.9461,0.0,0.0,0.0,0.0,813.095,1.00017,-0.220817,1.14682,-19.3283,0.0,0.0,0.0,0.0,0.0,,
0.00300795,8.97692e-08,301.53,459.641,1e-20,0.0,0.0,51.9243,0.0,0.0,0.0,0.0,813.096,1.00017,-0.218031,1.1517,-19.3175,0.0,0.0,0.0,0.0,0.0,,
0.00300992,8.98219e-08,301.159,460.016,1e-20,0.0,0.0,51.9209,0.0,0.0,0.0,0.0,813.096,1.00017,-0.214642,1.15469,-19.3069,0.0,0.0,0.0,0.0,0.0,,
0.00301199,8.94652e-08,300.64,460.535,1e-20,0.0,0.0,51.9214,0.0,0.0,0.0,0.0,813.096,1.00017,-0.210349,1.15578,-19.2959,0.0,0.0,0.0,0.0,0.0,,
0.00301395,8.46183e-08,300.216,460.956,1e-20,0.0,0.0,51.9242,0.0,0.0,0.0,0.0,813.096,1.00017,-0.205706,1.15481,-19.2853,0.0,0.0,0.0,0.0,0.0,,
0.003016,8.55422e-08,299.93,461.234,1e-20,0.0,0.0,51.9321,0.0,0.0,0.0,0.0,813.096,1.00017,-0.200482,1.1517,-19.2744,0.0,0.0,0.0,0.0,0.0,,
0.00301795,8.953e-08,299.786,461.37,1e-20,0.0,0.0,51.9414,0.0,0.0,0.0,0.0,813.097,1.00017,-0.195368,1.14682,-19.2639,0.0,0.0,0.0,0.0,0.0,,
0.00301997,8.48867e-08,299.756,461.391,1e-20,0.0,0.0,51.949,0.0,0.0,0.0,0.0,813.097,1.00017,-0.190303,1.13992,-19.2531,0.0,0.0,0.0,0.0,0.0,,
0.00302194,8.59831e-08,299.821,461.321,1e-20,0.0,0.0,51.9549,0.0,0.0,0.0,0.0,813.097,1.00017,-0.185759,1.13149,-19.2425,0.0,0.0,0.0,0.0,0.0,,
0.00302392,8.62688e-08,299.89,461.249,1e-20,0.0,0.0,51.9591,0.0,0.0,0.0,0.0,813.097,1.00017,-0.181644,1.12134,-19.2319,0.0,0.0,0.0,0.0,0.0,,
0.00302594,8.89847e-08,299.897,461.24,1e-20,0.0,0.0,51.9609,0.0,0.0,0.0,0.0,813.098,1.00017,-0.178106,1.1094,-19.2211,0.0,0.0,0.0,0.0,0.0,,
0.00302799,8.91758e-08,299.792,461.343,1e-20,0.0,0.0,51.9633,0.0,0.0,0.0,0.0,813.098,1.00017,-0.175211,1.09581,-19.2101,0.0,0.0,0.0,0.0,0.0,,
0.00302995,8.56566e-08,299.592,461.539,1e-20,0.0,0.0,51.9668,0.0,0.0,0.0,0.0,813.098,1.00017,-0.17304,1.08147,-19.1996,0.0,0.0,0.0,14116.0,0.0,,
0.00303192,8.51115e-08,299.323,461.805,1e-20,0.0,0.0,51.9702,0.0,0.0,0.0,0.0,813.098,1.00017,-0.17136,1.06566,-19.1891,0.0,0.0,0.0,0.0,0.0,,
0.00303398,8.90556e-08,298.917,462.209,1e-20,0.0,0.0,51.9728,0.0,0.0,0.0,0.0,813.099,1.00017,-0.170171,1.04767,-19.1781,0.0,0.0,0.0,0.0,0.0,,
0.00303593,8.89411e-08,298.349,462.774,1e-20,0.0,0.0,51.976,0.0,0.0,0.0,0.0,813.099,1.00017,-0.169685,1.02942,-19.1676,0.0,0.0,0.0,0.0,0.0,,
0.00303796,8.45349e-08,297.562,463.556,1e-20,0.0,0.0,51.981,0.0,0.0,0.0,0.0,813.099,1.00017,-0.169756,1.0095,-19.1567,0.0,0.0,0.0,0.0,0.0,,
0.00303999,8.44575e-08,296.71,464.401,1e-20,0.0,0.0,51.9872,0.0,0.0,0.0,0.0,813.099,1.00017,-0.170268,0.988865,-19.1459,0.0,0.0,0.0,0.0,0.0,,
0.00304195,8.56326e-08,295.939,465.164,1e-20,0.0,0.0,51.9954,0.0,0.0,0.0,0.0,813.099,1.00017,-0.171028,0.968569,-19.1354,0.0,0.0,0.0,0.0,0.0,,
0.00304397,8.89033e-08,295.292,465.776,1e-20,0.0,0.0,52.0308,0.0,0.0,0.0,0.0,813.099,1.00017,-0.171985,0.947483,-19.1246,0.0,0.0,0.0,0.0,0.0,,
0.00304593,8.88432e-08,294.678,466.305,1e-20,0.0,0.0,52.1164,0.0,0.0,0.0,0.0,813.099,1.00017,-0.173081,0.927426,-19.1141,0.0,0.0,0.0,0.0,0.0,,
0.00304799,8.51244e-08,293.979,466.927,1e-20,0.0,0.0,52.1926,0.0,0.0,0.0,0.0,813.099,1.00017,-0.174351,0.906586,-19.1031,0.0,0.0,0.0,0.0,0.0,,
0.00304995,8.614e-08,293.182,467.648,1e-20,0.0,0.0,52.2691,0.0,0.0,0.0,0.0,813.099,1.00017,-0.175565,0.886945,-19.0926,0.0,0.0,0.0,0.0,0.0,,
0.00305198,8.90904e-08,292.272,468.494,1e-20,0.0,0.0,52.3335,0.0,0.0,0.0,0.0,813.099,1.00017,-0.176717,0.8671,-19.0818,0.0,0.0,0.0,0.0,0.0,,
0.00305394,8.91421e-08,291.424,469.276,1e-20,0.0,0.0,52.3992,0.0,0.0,0.0,0.0,813.099,1.00017,-0.177729,0.848316,-19.0713,0.0,0.0,0.0,0.0,0.0,,
0.00305599,9.00815e-08,290.658,469.964,1e-20,0.0,0.0,52.4777,0.0,0.0,0.0,0.0,813.099,1.00017,-0.178668,0.829176,-19.0603,0.0,0.0,0.0,0.0,0.0,,
0.00305797,8.51885e-08,289.992,470.565,1e-20,0.0,0.0,52.5414,0.0,0.0,0.0,0.0,813.099,1.00017,-0.179411,0.811447,-19.0497,0.0,0.0,0.0,0.0,0.0,,
0.00305992,9.02119e-08,289.368,471.131,1e-20,0.0,0.0,52.6006,0.0,0.0,0.0,0.0,813.099,1.00017,-0.180047,0.794419,-19.0393,0.0,0.0,0.0,0.0,0.0,,
0.00306199,9.02136e-08,288.659,471.775,1e-20,0.0,0.0,52.6659,0.0,0.0,0.0,0.0,813.099,1.00017,-0.180581,0.776615,-19.0282,0.0,0.0,0.0,0.0,0.0,,
0.00306398,8.48592e-08,287.874,472.492,1e-20,0.0,0.0,52.7327,0.0,0.0,0.0,0.0,813.099,1.00017,-0.180879,0.759712,-19.0175,0.0,0.0,0.0,0.0,0.0,,
0.00306593,8.49676e-08,286.968,473.336,1e-20,0.0,0.0,52.7951,0.0,0.0,0.0,0.0,813.098,1.00017,-0.181152,0.743189,-19.0071,0.0,0.0,0.0,0.0,0.0,,
0.00306799,8.96484e-08,285.781,474.456,1e-20,0.0,0.0,52.8619,0.0,0.0,0.0,0.0,813.099,1.00017,-0.181624,0.72549,-18.9961,0.0,0.0,0.0,0.0,0.0,,
0.00306996,8.93535e-08,284.447,475.729,1e-20,0.0,0.0,52.9234,0.0,0.0,0.0,0.0,813.099,1.00017,-0.182315,0.708152,-18.9856,0.0,0.0,0.0,0.0,0.0,,
0.00307193,8.90567e-08,283.062,477.066,1e-20,0.0,0.0,52.971,0.0,0.0,0.0,0.0,813.099,1.00017,-0.183185,0.690394,-18.9751,0.0,0.0,0.0,0.0,0.0,,
0.00307393,8.60791e-08,281.766,478.32,1e-20,0.0,0.0,53.0127,0.0,0.0,0.0,0.0,813.099,1.00017,-0.184158,0.671667,-18.9644,0.0,0.0,0.0,0.0,0.0,,
0.00307592,8.64094e-08,280.609,479.433,1e-20,0.0,0.0,53.0564,0.0,0.0,0.0,0.0,813.099,1.00017,-0.18502,0.652542,-18.9538,0.0,0.0,0.0,0.0,0.0,,
0.00307793,8.81338e-08,279.674,480.32,1e-20,0.0,0.0,53.1038,0.0,0.0,0.0,0.0,813.099,1.00017,-0.185649,0.632423,-18.943,0.0,0.0,0.0,0.0,0.0,,
0.00307995,8.79644e-08,279.093,480.855,1e-20,0.0,0.0,53.1499,0.0,0.0,0.0,0.0,813.099,1.00017,-0.185886,0.611417,-18.9322,0.0,0.0,0.0,0.0,0.0,,
0.00308198,8.48612e-08,278.982,480.931,1e-20,0.0,0.0,53.1856,0.0,0.0,0.0,0.0,813.098,1.00017,-0.185646,0.589767,-18.9214,0.0,0.0,0.0,0.0,0.0,,
0.00308394,8.5327e-08,279.302,480.597,1e-20,0.0,0.0,53.1994,0.0,0.0,0.0,0.0,813.098,1.00017,-0.184929,0.568246,-18.9109,0.0,0.0,0.0,14116.0,0.0,,
0.00308599,8.59512e-08,279.963,479.934,1e-20,0.0,0.0,53.2017,0.0,0.0,0.0,0.0,813.098,1.00017,-0.183602,0.545014,-18.9,0.0,0.0,0.0,0.0,0.0,,
0.00308794,8.91377e-08,280.735,479.164,1e-20,0.0,0.0,53.1997,0.0,0.0,0.0,0.0,813.098,1.00017,-0.181874,0.522581,-18.8896,0.0,0.0,0.0,0.0,0.0,,
0.00308999,8.90608e-08,281.603,478.292,1e-20,0.0,0.0,53.2029,0.0,0.0,0.0,0.0,813.098,1.00017,-0.179658,0.498528,-18.8786,0.0,0.0,0.0,0.0,0.0,,
0.00309194,8.85873e-08,282.327,477.558,1e-20,0.0,0.0,53.2136,0.0,0.0,0.0,0.0,813.098,1.00017,-0.177314,0.475303,-18.8682,0.0,0.0,0.0,0.0,0.0,,
0.00309394,8.31987e-08,282.807,477.066,1e-20,0.0,0.0,53.2246,0.0,0.0,0.0,0.0,813.098,1.00017,-0.174814,0.451504,-18.8575,0.0,0.0,0.0,0.0,0.0,,
0.00309596,8.50166e-08,283.031,476.84,1e-20,0.0,0.0,53.2261,0.0,0.0,0.0,0.0,813.098,1.00017,-0.172101,0.42758,-18.8467,0.0,0.0,0.0,0.0,0.0,,
0.00309793,8.63326e-08,283.077,476.804,1e-20,0.0,0.0,53.2165,0.0,0.0,0.0,0.0,813.098,1.00017,-0.169178,0.404288,-18.8362,0.0,0.0,0.0,0.0,0.0,,
0.0031,8.56757e-08,283.07,476.827,1e-20,0.0,0.0,53.2009,0.0,0.0,0.0,0.0,813.098,1.00017,-0.165818,0.380022,-18.8252,0.0,0.0,0.0,0.0,0.0,,
0.00310192,8.91725e-08,283.04,476.871,1e-20,0.0,0.0,53.187,0.0,0.0,0.0,0.0,813.098,1.00017,-0.162325,0.35743,-18.8149,0.0,0.0,0.0,0.0,0.0,,
0.00310397,8.90821e-08,283.006,476.916,1e-20,0.0,0.0,53.1758,0.0,0.0,0.0,0.0,813.098,1.00017,-0.158101,0.333242,-18.804,0.0,0.0,0.0,0.0,0.0,,
0.00310598,8.60112e-08,283.036,476.891,1e-20,0.0,0.0,53.1702,0.0,0.0,0.0,0.0,813.098,1.00017,-0.153457,0.309693,-18.7932,0.0,0.0,0.0,0.0,0.0,,
0.003108,8.88718e-08,283.274,476.657,1e-20,0.0,0.0,53.1674,0.0,0.0,0.0,0.0,813.098,1.00017,-0.148304,0.286597,-18.7825,0.0,0.0,0.0,0.0,0.0,,
0.00310995,8.87009e-08,283.665,476.262,1e-20,0.0,0.0,53.1704,0.0,0.0,0.0,0.0,813.098,1.00017,-0.142929,0.265085,-18.7721,0.0,0.0,0.0,0.0,0.0,,
0.00311199,8.55242e-08,284.109,475.802,1e-20,0.0,0.0,53.1869,0.0,0.0,0.0,0.0,813.098,1.00017,-0.137075,0.243612,-18.7612,0.0,0.0,0.0,0.0,0.0,,
0.00311396,8.55747e-08,284.41,475.476,1e-20,0.0,0.0,53.2115,0.0,0.0,0.0,0.0,813.098,1.00017,-0.131375,0.223717,-18.7507,0.0,0.0,0.0,0.0,0.0,,
0.00311592,8.47765e-08,284.54,475.323,1e-20,0.0,0.0,53.235,0.0,0.0,0.0,0.0,813.098,1.00017,-0.125869,0.204686,-18.7402,0.0,0.0,0.0,0.0,0.0,,
0.00311795,8.51575e-08,284.549,475.292,1e-20,0.0,0.0,53.2571,0.0,0.0,0.0,0.0,813.098,1.00017,-0.120565,0.185699,-18.7293,0.0,0.0,0.0,0.0,0.0,,
0.00311992,8.63892e-08,284.52,475.301,1e-20,0.0,0.0,53.2768,0.0,0.0,0.0,0.0,813.098,1.00017,-0.115955,0.168247,-18.7188,0.0,0.0,0.0,0.0,0.0,,
0.00312192,8.67394e-08,284.576,475.225,1e-20,0.0,0.0,53.2966,0.0,0.0,0.0,0.0,813.098,1.00017,-0.11175,0.151856,-18.7082,0.0,0.0,0.0,0.0,0.0,,
0.00312393,8.92449e-08,284.726,475.054,1e-20,0.0,0.0,53.3187,0.0,0.0,0.0,0.0,813.098,1.00017,-0.107964,0.136934,-18.6974,0.0,0.0,0.0,0.0,0.0,,
0.00312597,8.85585e-08,284.841,474.914,1e-20,0.0,0.0,53.3425,0.0,0.0,0.0,0.0,813.098,1.00017,-0.104572,0.123679,-18.6865,0.0,0.0,0.0,0.0,0.0,,
0.00312792,8.84069e-08,284.74,474.992,1e-20,0.0,0.0,53.3663,0.0,0.0,0.0,0.0,813.098,1.00017,-0.101711,0.112953,-18.6761,0.0,0.0,0.0,0.0,0.0,,
0.00313,8.48812e-08,284.344,475.358,1e-20,0.0,0.0,53.3956,0.0,0.0,0.0,0.0,813.098,1.00017,-0.0990841,0.103739,-18.665,0.0,0.0,0.0,0.0,0.0,,
0.00313196,8.56504e-08,283.717,475.962,1e-20,0.0,0.0,53.4184,0.0,0.0,0.0,0.0,813.098,1.00017,-0.0969578,0.0972406,-18.6546,0.0,0.0,0.0,0.0,0.0,,
0.00313395,8.78211e-08,282.932,476.735,1e-20,0.0,0.0,53.4298,0.0,0.0,0.0,0.0,813.098,1.00017,-0.0950594,0.0926282,-18.6439,0.0,0.0,0.0,0.0,0.0,,
0.00313597,8.76808e-08,282.075,477.59,1e-20,0.0,0.0,53.4331,0.0,0.0,0.0,0.0,813.098,1.00017,-0.0934447,0.0895922,-18.6332,0.0,0.0,0.0,0.0,0.0,,
0.00313799,8.94557e-08,281.254,478.399,1e-20,0.0,0.0,53.444,0.0,0.0,0.0,0.0,813.098,1.00017,-0.0921841,0.0877143,-18.6224,0.0,0.0,0.0,0.0,0.0,,
0.00313997,8.54391e-08,280.526,479.107,1e-20,0.0,0.0,53.4648,0.0,0.0,0.0,0.0,813.097,1.00017,-0.0912733,0.0866046,-18.6118,0.0,0.0,0.0,0.0,0.0,,
0.00314195,8.63845e-08,279.937,479.675,1e-20,0.0,0.0,53.4854,0.0,0.0,0.0,0.0,813.098,1.00017,-0.0906258,0.0860769,-18.6012,0.0,0.0,0.0,0.0,0.0,,
0.00314395,8.9418e-08,279.465,480.127,1e-20,0.0,0.0,53.5066,0.0,0.0,0.0,0.0,813.098,1.00017,-0.090132,0.0860526,-18.5905,0.0,0.0,0.0,0.0,0.0,,
0.00314592,8.94043e-08,279.054,480.521,1e-20,0.0,0.0,53.5234,0.0,0.0,0.0,0.0,813.098,1.00017,-0.0897151,0.0863868,-18.58,0.0,0.0,0.0,0.0,0.0,,
0.00314798,8.93309e-08,278.582,480.983,1e-20,0.0,0.0,53.5337,0.0,0.0,0.0,0.0,813.098,1.00017,-0.0893348,0.0869393,-18.5691,0.0,0.0,0.0,0.0,0.0,,
0.00314994,8.49382e-08,278.047,481.508,1e-20,0.0,0.0,53.5439,0.0,0.0,0.0,0.0,813.099,1.00017,-0.0890789,0.0874154,-18.5586,0.0,0.0,0.0,0.0,0.0,,
0.00315197,8.43243e-08,277.423,482.115,1e-20,0.0,0.0,53.5599,0.0,0.0,0.0,0.0,813.098,1.00017,-0.0889204,0.0874657,-18.5477,0.0,0.0,0.0,0.0,0.0,,
0.00315393,8.90962e-08,276.703,482.811,1e-20,0.0,0.0,53.5851,0.0,0.0,0.0,0.0,813.099,1.00017,-0.08874,0.0866065,-18.5373,0.0,0.0,0.0,0.0,0.0,,
0.00315598,8.90966e-08,275.793,483.684,1e-20,0.0,0.0,53.6221,0.0,0.0,0.0,0.0,813.099,1.00017,-0.0883672,0.0843476,-18.5263,0.0,0.0,0.0,0.0,0.0,,
0.00315796,8.5673e-08,274.745,484.694,1e-20,0.0,0.0,53.6607,0.0,0.0,0.0,0.0,813.099,1.00017,-0.0877353,0.0806952,-18.5157,0.0,0.0,0.0,0.0,0.0,,
0.00315997,9.01245e-08,273.538,485.867,1e-20,0.0,0.0,53.6947,0.0,0.0,0.0,0.0,813.099,1.00017,-0.0867008,0.0755895,-18.505,0.0,0.0,0.0,0.0,0.0,,
0.00316194,8.87341e-08,272.184,487.194,1e-20,0.0,0.0,53.7217,0.0,0.0,0.0,0.0,813.099,1.00017,-0.0850762,0.069411,-18.4944,0.0,0.0,0.0,0.0,0.0,,
0.00316393,8.50426e-08,270.669,488.687,1e-20,0.0,0.0,53.7433,0.0,0.0,0.0,0.0,813.099,1.00017,-0.0826233,0.0623374,-18.4838,0.0,0.0,0.0,0.0,0.0,,
0.00316598,8.56056e-08,269.054,490.283,1e-20,0.0,0.0,53.7626,0.0,0.0,0.0,0.0,813.099,1.00017,-0.0791985,0.0543763,-18.4729,0.0,0.0,0.0,0.0,0.0,,
0.00316794,8.53904e-08,267.623,491.696,1e-20,0.0,0.0,53.7811,0.0,0.0,0.0,0.0,813.099,1.00017,-0.0751095,0.0462191,-18.4624,0.0,0.0,0.0,0.0,0.0,,
0.00316999,8.95298e-08,266.379,492.917,1e-20,0.0,0.0,53.8039,0.0,0.0,0.0,0.0,813.1,1.00017,-0.0700894,0.0372106,-18.4514,0.0,0.0,0.0,0.0,0.0,,
0.00317195,8.46852e-08,265.467,493.799,1e-20,0.0,0.0,53.8343,0.0,0.0,0.0,0.0,813.1,1.00017,-0.0645959,0.027906,-18.4409,0.0,0.0,0.0,0.0,0.0,,
0.00317399,8.50011e-08,264.75,494.482,1e-20,0.0,0.0,53.868,0.0,0.0,0.0,0.0,813.1,1.00017,-0.0582739,0.0174769,-18.43,0.0,0.0,0.0,0.0,0.0,,
0.00317594,8.47135e-08,264.196,495.005,1e-20,0.0,0.0,53.8981,0.0,0.0,0.0,0.0,813.1,1.00017,-0.0516989,0.00678589,-18.4196,0.0,0.0,0.0,0.0,0.0,,
0.00317799,8.94562e-08,263.636,495.538,1e-20,0.0,0.0,53.9261,0.0,0.0,0.0,0.0,813.1,1.00017,-0.0443801,-0.00492618,-18.4087,0.0,0.0,0.0,0.0,0.0,,
0.00317999,8.46167e-08,263.047,496.104,1e-20,0.0,0.0,53.9488,0.0,0.0,0.0,0.0,813.1,1.00017,-0.0369443,-0.0165616,-18.3979,0.0,0.0,0.0,0.0,0.0,,
0.00318194,8.49545e-08,262.441,496.691,1e-20,0.0,0.0,53.9677,0.0,0.0,0.0,0.0,813.1,1.00017,-0.0295361,-0.027897,-18.3875,0.0,0.0,0.0,0.0,0.0,,
0.00318399,8.53146e-08,261.737,497.379,1e-20,0.0,0.0,53.9838,0.0,0.0,0.0,0.0,813.1,1.00017,-0.0215543,-0.0397178,-18.3766,0.0,0.0,0.0,0.0,0.0,,
0.00318595,8.57533e-08,260.986,498.12,1e-20,0.0,0.0,53.994,0.0,0.0,0.0,0.0,813.1,1.00017,-0.0135531,-0.0510129,-18.366,0.0,0.0,0.0,0.0,0.0,,
0.00318793,8.6205e-08,260.171,498.933,1e-20,0.0,0.0,53.9957,0.0,0.0,0.0,0.0,813.1,1.00017,-0.00510176,-0.0621815,-18.3554,0.0,0.0,0.0,0.0,0.0,,
0.00318993,8.91379e-08,259.353,499.749,1e-20,0.0,0.0,53.9978,0.0,0.0,0.0,0.0,813.1,1.00017,0.00388101,-0.0730112,-18.3448,0.0,0.0,0.0,0.0,0.0,,
0.00319198,8.91622e-08,258.525,500.57,1e-20,0.0,0.0,54.0048,0.0,0.0,0.0,0.0,813.1,1.00017,0.0135675,-0.0834839,-18.3338,0.0,0.0,0.0,0.0,0.0,,
0.00319394,8.91381e-08,257.798,501.282,1e-20,0.0,0.0,54.0199,0.0,0.0,0.0,0.0,813.1,1.00017,0.0231819,-0.0927492,-18.3233,0.0,0.0,0.0,0.0,0.0,,
0.003196,8.94715e-08,257.117,501.944,1e-20,0.0,0.0,54.0387,0.0,0.0,0.0,0.0,813.1,1.00017,0.0335792,-0.101618,-18.3122,0.0,0.0,0.0,0.0,0.0,,
0.00319797,8.44883e-08,256.553,502.491,1e-20,0.0,0.0,54.0556,0.0,0.0,0.0,0.0,813.099,1.00017,0.0436682,-0.109247,-18.3017,0.0,0.0,0.0,0.0,0.0,,
0.00319992,8.6137e-08,256.011,503.015,1e-20,0.0,0.0,54.0727,0.0,0.0,0.0,0.0,813.099,1.00017,0.0535921,-0.116006,-18.2912,0.0,0.0,0.0,0.0,0.0,,
0.00320192,8.89225e-08,255.442,503.565,1e-20,0.0,0.0,54.0935,0.0,0.0,0.0,0.0,813.1,1.00017,0.0634363,-0.122077,-18.2805,0.0,0.0,0.0,0.0,0.0,,
0.00320397,8.87802e-08,254.911,504.073,1e-20,0.0,0.0,54.1158,0.0,0.0,0.0,0.0,813.1,1.00017,0.0731089,-0.127412,-18.2695,0.0,0.0,0.0,0.0,0.0,,
0.00320592,8.87002e-08,254.616,504.352,1e-20,0.0,0.0,54.1315,0.0,0.0,0.0,0.0,813.1,1.00017,0.0820134,-0.131744,-18.259,0.0,0.0,0.0,0.0,0.0,,
0.00320795,8.47379e-08,254.619,504.336,1e-20,0.0,0.0,54.1444,0.0,0.0,0.0,0.0,813.1,1.00017,0.0910805,-0.135519,-18.2481,0.0,0.0,0.0,0.0,0.0,,
0.00320992,8.60048e-08,254.856,504.085,1e-20,0.0,0.0,54.1598,0.0,0.0,0.0,0.0,813.1,1.00018,0.0997464,-0.138436,-18.2376,0.0,0.0,0.0,0.0,0.0,,
0.00321191,8.91894e-08,255.208,503.705,1e-20,0.0,0.0,54.1879,0.0,0.0,0.0,0.0,813.101,1.00018,0.108424,-0.140614,-18.2269,0.0,0.0,0.0,0.0,0.0,,
0.00321396,8.90991e-08,255.518,503.369,1e-20,0.0,0.0,54.2142,0.0,0.0,0.0,0.0,813.101,1.00018,0.117041,-0.141948,-18.2159,0.0,0.0,0.0,0.0,0.0,,
0.00321592,8.84737e-08,255.64,503.23,1e-20,0.0,0.0,54.2305,0.0,0.0,0.0,0.0,813.101,1.00018,0.124812,-0.142295,-18.2054,0.0,0.0,0.0,0.0,0.0,,
0.00321798,8.38475e-08,255.462,503.394,1e-20,0.0,0.0,54.2448,0.0,0.0,0.0,0.0,813.1,1.00018,0.132503,-0.141618,-18.1942,0.0,0.0,0.0,0.0,0.0,,
0.00322,8.39745e-08,255.032,503.815,1e-20,0.0,0.0,54.2528,0.0,0.0,0.0,0.0,813.1,1.00018,0.139422,-0.139905,-18.1834,0.0,0.0,0.0,0.0,0.0,,
0.00322197,8.88635e-08,254.531,504.312,1e-20,0.0,0.0,54.2577,0.0,0.0,0.0,0.0,813.101,1.00018,0.145656,-0.137266,-18.1728,0.0,0.0,0.0,0.0,0.0,,
0.00322397,8.5192e-08,254.08,504.757,1e-20,0.0,0.0,54.2634,0.0,0.0,0.0,0.0,813.1,1.00018,0.151458,-0.133726,-18.162,0.0,0.0,0.0,0.0,0.0,,
0.00322594,8.83962e-08,253.762,505.066,1e-20,0.0,0.0,54.2728,0.0,0.0,0.0,0.0,813.101,1.00018,0.156611,-0.129523,-18.1515,0.0,0.0,0.0,0.0,0.0,,
0.00322797,8.81462e-08,253.675,505.137,1e-20,0.0,0.0,54.2887,0.0,0.0,0.0,0.0,813.101,1.00018,0.161241,-0.124597,-18.1405,0.0,0.0,0.0,0.0,0.0,,
0.00323,8.79835e-08,253.871,504.918,1e-20,0.0,0.0,54.3108,0.0,0.0,0.0,0.0,813.1,1.00018,0.165118,-0.119238,-18.1296,0.0,0.0,0.0,0.0,0.0,,
0.00323193,8.39682e-08,254.263,504.5,1e-20,0.0,0.0,54.3373,0.0,0.0,0.0,0.0,813.1,1.00017,0.168185,-0.113889,-18.1192,0.0,0.0,0.0,0.0,0.0,,
0.00323395,8.49118e-08,254.795,503.94,1e-20,0.0,0.0,54.3656,0.0,0.0,0.0,0.0,813.1,1.00017,0.170957,-0.108251,-18.1083,0.0,0.0,0.0,0.0,0.0,,
0.003236,8.55032e-08,255.364,503.345,1e-20,0.0,0.0,54.3905,0.0,0.0,0.0,0.0,813.1,1.00017,0.173512,-0.102711,-18.0973,0.0,0.0,0.0,0.0,0.0,,
0.00323792,8.91309e-08,255.852,502.836,1e-20,0.0,0.0,54.4118,0.0,0.0,0.0,0.0,813.1,1.00017,0.175743,-0.0977083,-18.0869,0.0,0.0,0.0,0.0,0.0,,
0.00323997,8.57651e-08,256.233,502.429,1e-20,0.0,0.0,54.4375,0.0,0.0,0.0,0.0,813.099,1.00017,0.177889,-0.0926719,-18.0758,0.0,0.0,0.0,0.0,0.0,,
0.00324194,8.55568e-08,256.409,502.229,1e-20,0.0,0.0,54.4605,0.0,0.0,0.0,0.0,813.099,1.00017,0.179731,-0.0881055,-18.0652,0.0,0.0,0.0,0.0,0.0,,
0.00324392,8.6289e-08,256.339,502.283,1e-20,0.0,0.0,54.4775,0.0,0.0,0.0,0.0,813.099,1.00017,0.18147,-0.0837937,-18.0545,0.0,0.0,0.0,0.0,0.0,,
0.00324593,8.84805e-08,256.06,502.549,1e-20,0.0,0.0,54.4898,0.0,0.0,0.0,0.0,813.099,1.00017,0.183257,-0.0797361,-18.0437,0.0,0.0,0.0,0.0,0.0,,
0.00324796,8.85192e-08,255.662,502.937,1e-20,0.0,0.0,54.4998,0.0,0.0,0.0,0.0,813.099,1.00017,0.185214,-0.0760361,-18.0327,0.0,0.0,0.0,0.0,0.0,,
0.00324991,8.86966e-08,255.279,503.309,1e-20,0.0,0.0,54.5112,0.0,0.0,0.0,0.0,813.099,1.00017,0.187284,-0.0728357,-18.0221,0.0,0.0,0.0,0.0,0.0,,
0.00325194,8.43422e-08,254.885,503.687,1e-20,0.0,0.0,54.527,0.0,0.0,0.0,0.0,813.099,1.00017,0.189578,-0.0697758,-18.0112,0.0,0.0,0.0,0.0,0.0,,
0.00325397,8.53024e-08,254.433,504.121,1e-20,0.0,0.0,54.5449,0.0,0.0,0.0,0.0,813.099,1.00017,0.191998,-0.0669323,-18.0002,0.0,0.0,0.0,0.0,0.0,,
0.00325594,8.54253e-08,253.925,504.609,1e-20,0.0,0.0,54.5638,0.0,0.0,0.0,0.0,813.098,1.00017,0.194441,-0.0644088,-17.9895,0.0,0.0,0.0,0.0,0.0,,
0.00325799,8.56518e-08,253.375,505.115,1e-20,0.0,0.0,54.6081,0.0,0.0,0.0,0.0,813.098,1.00017,0.197127,-0.0620549,-17.9784,0.0,0.0,0.0,0.0,0.0,,
0.00325996,8.63533e-08,252.816,505.628,1e-20,0.0,0.0,54.6554,0.0,0.0,0.0,0.0,813.098,1.00017,0.199888,-0.0601277,-17.9677,0.0,0.0,0.0,0.0,0.0,,
0.00326195,8.65081e-08,252.183,506.237,1e-20,0.0,0.0,54.678,0.0,0.0,0.0,0.0,813.099,1.00017,0.202814,-0.0587204,-17.9569,0.0,0.0,0.0,0.0,0.0,,
0.00326393,9.02378e-08,251.457,506.96,1e-20,0.0,0.0,54.6821,0.0,0.0,0.0,0.0,813.099,1.00017,0.205801,-0.0579815,-17.9462,0.0,0.0,0.0,0.0,0.0,,
0.00326591,8.9838e-08,250.674,507.738,1e-20,0.0,0.0,54.6869,0.0,0.0,0.0,0.0,813.099,1.00017,0.208702,-0.0577809,-17.9354,0.0,0.0,0.0,0.0,0.0,,
0.00326796,8.46011e-08,249.905,508.491,1e-20,0.0,0.0,54.7021,0.0,0.0,0.0,0.0,813.099,1.00017,0.21147,-0.0578298,-17.9242,0.0,0.0,0.0,0.0,0.0,,
0.00327,8.48543e-08,249.143,509.217,1e-20,0.0,0.0,54.7381,0.0,0.0,0.0,0.0,813.099,1.00017,0.214022,-0.0577033,-17.9132,0.0,0.0,0.0,0.0,0.0,,
0.00327195,8.98598e-08,248.387,509.925,1e-20,0.0,0.0,54.7869,0.0,0.0,0.0,0.0,813.098,1.00017,0.216393,-0.0572067,-17.9026,0.0,0.0,0.0,0.0,0.0,,
0.00327393,8.99363e-08,247.65,510.617,1e-20,0.0,0.0,54.8323,0.0,0.0,0.0,0.0,813.099,1.00017,0.218868,-0.0564015,-17.8918,0.0,0.0,0.0,0.0,0.0,,
0.00327599,8.97747e-08,247.028,511.205,1e-20,0.0,0.0,54.8668,0.0,0.0,0.0,0.0,813.099,1.00017,0.221634,-0.055406,-17.8806,0.0,0.0,0.0,0.0,0.0,,
0.00327798,8.62229e-08,246.609,511.585,1e-20,0.0,0.0,54.9055,0.0,0.0,0.0,0.0,813.099,1.00017,0.224437,-0.0544112,-17.8697,0.0,0.0,0.0,0.0,0.0,,
0.00327997,8.94372e-08,246.296,511.835,1e-20,0.0,0.0,54.968,0.0,0.0,0.0,0.0,813.099,1.00017,0.227286,-0.0534065,-17.8589,0.0,0.0,0.0,0.0,0.0,,
0.00328193,8.93706e-08,246.021,512.031,1e-20,0.0,0.0,55.0472,0.0,0.0,0.0,0.0,813.1,1.00017,0.229963,-0.0524297,-17.8482,0.0,0.0,0.0,0.0,0.0,,
0.00328399,8.92789e-08,245.703,512.284,1e-20,0.0,0.0,55.1127,0.0,0.0,0.0,0.0,813.1,1.00017,0.232471,-0.0514434,-17.8369,0.0,0.0,0.0,0.0,0.0,,
0.003286,8.39301e-08,245.274,512.648,1e-20,0.0,0.0,55.1765,0.0,0.0,0.0,0.0,813.099,1.00017,0.234557,-0.0506076,-17.8259,0.0,0.0,0.0,0.0,0.0,,
0.00328793,8.39464e-08,244.665,513.183,1e-20,0.0,0.0,55.2512,0.0,0.0,0.0,0.0,813.099,1.00017,0.236236,-0.0500548,-17.8154,0.0,0.0,0.0,0.0,0.0,,
0.00328995,8.45814e-08,243.796,513.961,1e-20,0.0,0.0,55.3425,0.0,0.0,0.0,0.0,813.1,1.00017,0.237748,-0.0498062,-17.8043,0.0,0.0,0.0,0.0,0.0,,
0.00329199,8.91664e-08,242.765,514.903,1e-20,0.0,0.0,55.4322,0.0,0.0,0.0,0.0,813.1,1.00017,0.239136,-0.0498288,-17.7932,0.0,0.0,0.0,0.0,0.0,,
0.00329395,8.89851e-08,241.759,515.833,1e-20,0.0,0.0,55.508,0.0,0.0,0.0,0.0,813.1,1.00018,0.240503,-0.0499542,-17.7824,0.0,0.0,0.0,0.0,0.0,,
0.00329597,8.39812e-08,240.838,516.684,1e-20,0.0,0.0,55.5779,0.0,0.0,0.0,0.0,813.1,1.00017,0.242086,-0.050112,-17.7713,0.0,0.0,0.0,0.0,0.0,,
0.003298,8.46077e-08,240.025,517.433,1e-20,0.0,0.0,55.6425,0.0,0.0,0.0,0.0,813.1,1.00017,0.243877,-0.0502991,-17.7602,0.0,0.0,0.0,0.0,0.0,,
0.00329997,8.85802e-08,239.231,518.167,1e-20,0.0,0.0,55.7024,0.0,0.0,0.0,0.0,813.1,1.00018,0.245898,-0.0506161,-17.7494,0.0,0.0,0.0,0.0,0.0,,
0.00330192,8.85812e-08,238.461,518.883,1e-20,0.0,0.0,55.7565,0.0,0.0,0.0,0.0,813.1,1.00018,0.248332,-0.0513191,-17.7387,0.0,0.0,0.0,0.0,0.0,,
0.00330395,8.48078e-08,237.77,519.523,1e-20,0.0,0.0,55.8068,0.0,0.0,0.0,0.0,813.1,1.00018,0.251567,-0.052741,-17.7275,0.0,0.0,0.0,0.0,0.0,,
0.00330595,8.93296e-08,237.216,520.034,1e-20,0.0,0.0,55.8511,0.0,0.0,0.0,0.0,813.101,1.00018,0.255637,-0.0549489,-17.7165,0.0,0.0,0.0,0.0,0.0,,
0.00330791,8.93568e-08,236.957,520.444,1e-20,0.0,0.0,55.7003,0.0,0.0,0.0,0.0,813.101,1.00018,0.260548,-0.057911,-17.7057,0.0,0.0,0.0,0.0,0.0,,
0.00330997,8.9335e-08,236.683,520.84,1e-20,0.0,0.0,55.5791,0.0,0.0,0.0,0.0,813.102,1.00018,0.266549,-0.0618065,-17.6943,0.0,0.0,0.0,0.0,0.0,,
0.00331194,8.47405e-08,236.681,520.838,1e-20,0.0,0.0,55.5826,0.0,0.0,0.0,0.0,813.102,1.00018,0.272984,-0.066268,-17.6834,0.0,0.0,0.0,0.0,0.0,,
0.00331398,8.55233e-08,236.712,520.807,1e-20,0.0,0.0,55.5831,0.0,0.0,0.0,0.0,813.102,1.00018,0.280234,-0.071655,-17.6722,0.0,0.0,0.0,0.0,0.0,,
0.00331595,8.97584e-08,236.705,520.816,1e-20,0.0,0.0,55.5812,0.0,0.0,0.0,0.0,813.102,1.00018,0.287694,-0.0777003,-17.6613,0.0,0.0,0.0,0.0,0.0,,
0.00331792,8.92432e-08,236.696,520.823,1e-20,0.0,0.0,55.5835,0.0,0.0,0.0,0.0,813.103,1.00018,0.295441,-0.0846961,-17.6504,0.0,0.0,0.0,0.0,0.0,,
0.00331997,8.89822e-08,236.657,520.856,1e-20,0.0,0.0,55.5897,0.0,0.0,0.0,0.0,813.103,1.00018,0.303673,-0.0931065,-17.639,0.0,0.0,0.0,0.0,0.0,,
0.003322,8.52152e-08,236.722,520.783,1e-20,0.0,0.0,55.5985,0.0,0.0,0.0,0.0,813.103,1.00018,0.311747,-0.102553,-17.6278,0.0,0.0,0.0,0.0,0.0,,
0.00332396,8.50751e-08,236.864,520.631,1e-20,0.0,0.0,55.6072,0.0,0.0,0.0,0.0,813.103,1.00018,0.319371,-0.112696,-17.6169,0.0,0.0,0.0,0.0,0.0,,
0.00332597,8.86567e-08,237.113,520.37,1e-20,0.0,0.0,55.6211,0.0,0.0,0.0,0.0,813.103,1.00018,0.326916,-0.12403,-17.6057,0.0,0.0,0.0,14116.0,0.0,,
0.00332792,8.85995e-08,237.389,520.074,1e-20,0.0,0.0,55.6403,0.0,0.0,0.0,0.0,813.104,1.00018,0.333822,-0.135758,-17.5949,0.0,0.0,0.0,0.0,0.0,,
0.00332999,8.48434e-08,237.586,519.859,1e-20,0.0,0.0,55.6593,0.0,0.0,0.0,0.0,813.104,1.00018,0.340584,-0.148876,-17.5833,0.0,0.0,0.0,0.0,0.0,,
0.00333195,8.57215e-08,237.622,519.807,1e-20,0.0,0.0,55.6748,0.0,0.0,0.0,0.0,813.104,1.00018,0.34629,-0.161831,-17.5724,0.0,0.0,0.0,0.0,0.0,,
0.00333394,8.6722e-08,237.564,519.851,1e-20,0.0,0.0,55.689,0.0,0.0,0.0,0.0,813.104,1.00018,0.351375,-0.17558,-17.5614,0.0,0.0,0.0,0.0,0.0,,
0.00333596,8.85492e-08,237.503,519.9,1e-20,0.0,0.0,55.7014,0.0,0.0,0.0,0.0,813.104,1.00018,0.355911,-0.190245,-17.5501,0.0,0.0,0.0,0.0,0.0,,
0.00333799,8.90199e-08,237.414,519.973,1e-20,0.0,0.0,55.7176,0.0,0.0,0.0,0.0,813.104,1.00018,0.359939,-0.205665,-17.5387,0.0,0.0,0.0,0.0,0.0,,
0.00333996,8.88912e-08,237.219,520.143,1e-20,0.0,0.0,55.7428,0.0,0.0,0.0,0.0,813.104,1.00018,0.363378,-0.220831,-17.5277,0.0,0.0,0.0,0.0,0.0,,
0.00334199,8.83784e-08,236.973,520.353,1e-20,0.0,0.0,55.7788,0.0,0.0,0.0,0.0,813.105,1.00018,0.366547,-0.236515,-17.5163,0.0,0.0,0.0,0.0,0.0,,
0.003344,8.33081e-08,236.653,520.63,1e-20,0.0,0.0,55.8215,0.0,0.0,0.0,0.0,813.104,1.00018,0.369277,-0.251446,-17.5051,0.0,0.0,0.0,0.0,0.0,,
0.003346,8.36412e-08,236.332,520.904,1e-20,0.0,0.0,55.8689,0.0,0.0,0.0,0.0,813.105,1.00018,0.371628,-0.265453,-17.4939,0.0,0.0,0.0,0.0,0.0,,
0.00334795,8.41756e-08,236.01,521.183,1e-20,0.0,0.0,55.9117,0.0,0.0,0.0,0.0,813.105,1.00018,0.373597,-0.278021,-17.4829,0.0,0.0,0.0,0.0,0.0,,
0.00334997,8.41296e-08,235.701,521.46,1e-20,0.0,0.0,55.944,0.0,0.0,0.0,0.0,813.105,1.00018,0.375358,-0.289882,-17.4715,0.0,0.0,0.0,0.0,0.0,,
0.00335199,8.44495e-08,235.628,521.51,1e-20,0.0,0.0,55.9671,0.0,0.0,0.0,0.0,813.105,1.00018,0.376905,-0.300644,-17.4602,0.0,0.0,0.0,0.0,0.0,,
0.00335394,8.47579e-08,235.744,521.372,1e-20,0.0,0.0,55.9883,0.0,0.0,0.0,0.0,813.105,1.00018,0.378276,-0.309947,-17.4492,0.0,0.0,0.0,0.0,0.0,,
0.00335597,8.93272e-08,236.151,520.941,1e-20,0.0,0.0,56.013,0.0,0.0,0.0,0.0,813.105,1.00018,0.379644,-0.318553,-17.4377,0.0,0.0,0.0,0.0,0.0,,
0.00335793,8.91389e-08,236.794,520.273,1e-20,0.0,0.0,56.0378,0.0,0.0,0.0,0.0,813.105,1.00018,0.380851,-0.325729,-17.4266,0.0,0.0,0.0,0.0,0.0,,
0.00335998,8.91242e-08,237.705,519.337,1e-20,0.0,0.0,56.063,0.0,0.0,0.0,0.0,813.105,1.00018,0.381849,-0.3319,-17.415,0.0,0.0,0.0,0.0,0.0,,
0.00336193,8.43537e-08,238.78,518.24,1e-20,0.0,0.0,56.0843,0.0,0.0,0.0,0.0,813.105,1.00018,0.382393,-0.336279,-17.404,0.0,0.0,0.0,0.0,0.0,,
0.00336396,8.45348e-08,239.972,517.026,1e-20,0.0,0.0,56.1068,0.0,0.0,0.0,0.0,813.105,1.00018,0.382395,-0.338983,-17.3925,0.0,0.0,0.0,0.0,0.0,,
0.00336599,8.48897e-08,241.221,515.738,1e-20,0.0,0.0,56.1454,0.0,0.0,0.0,0.0,813.105,1.00018,0.381659,-0.339505,-17.381,0.0,0.0,0.0,0.0,0.0,,
0.00336798,8.86957e-08,242.336,514.59,1e-20,0.0,0.0,56.1798,0.0,0.0,0.0,0.0,813.105,1.00018,0.380094,-0.337685,-17.3697,0.0,0.0,0.0,0.0,0.0,,
0.00336993,8.86183e-08,243.309,513.583,1e-20,0.0,0.0,56.2144,0.0,0.0,0.0,0.0,813.106,1.00018,0.377755,-0.333643,-17.3586,0.0,0.0,0.0,0.0,0.0,,
0.00337198,9.00308e-08,244.062,512.737,1e-20,0.0,0.0,56.3065,0.0,0.0,0.0,0.0,813.106,1.00018,0.374637,-0.327218,-17.3469,0.0,0.0,0.0,0.0,0.0,,
0.00337393,8.45501e-08,244.529,512.276,1e-20,0.0,0.0,56.3012,0.0,0.0,0.0,0.0,813.106,1.00018,0.371266,-0.319275,-17.3358,0.0,0.0,0.0,0.0,0.0,,
0.00337592,8.66786e-08,244.818,511.944,1e-20,0.0,0.0,56.3438,0.0,0.0,0.0,0.0,813.106,1.00018,0.36762,-0.309512,-17.3244,0.0,0.0,0.0,0.0,0.0,,
0.00337793,8.74195e-08,244.845,511.847,1e-20,0.0,0.0,56.4132,0.0,0.0,0.0,0.0,813.106,1.00018,0.363799,-0.297938,-17.3129,0.0,0.0,0.0,0.0,0.0,,
0.00337996,8.29979e-08,244.6,512.049,1e-20,0.0,0.0,56.4565,0.0,0.0,0.0,0.0,813.105,1.00018,0.359804,-0.284483,-17.3013,0.0,0.0,0.0,0.0,0.0,,
0.00338195,8.41178e-08,244.154,512.426,1e-20,0.0,0.0,56.5259,0.0,0.0,0.0,0.0,813.106,1.00018,0.355738,-0.269574,-17.2899,0.0,0.0,0.0,0.0,0.0,,
0.00338397,8.8807e-08,243.469,513.048,1e-20,0.0,0.0,56.5885,0.0,0.0,0.0,0.0,813.106,1.00018,0.351499,-0.252697,-17.2783,0.0,0.0,0.0,0.0,0.0,,
0.00338593,8.87681e-08,242.669,513.796,1e-20,0.0,0.0,56.6413,0.0,0.0,0.0,0.0,813.106,1.00018,0.34741,-0.234705,-17.2671,0.0,0.0,0.0,0.0,0.0,,
0.00338794,8.13527e-08,241.828,514.594,1e-20,0.0,0.0,56.6831,0.0,0.0,0.0,0.0,813.106,1.00018,0.343426,-0.214491,-17.2554,0.0,0.0,0.0,0.0,0.0,,
0.00338992,8.48094e-08,240.96,515.432,1e-20,0.0,0.0,56.7137,0.0,0.0,0.0,0.0,813.106,1.00018,0.339979,-0.193072,-17.244,0.0,0.0,0.0,0.0,0.0,,
0.00339193,8.93777e-08,240.026,516.339,1e-20,0.0,0.0,56.7413,0.0,0.0,0.0,0.0,813.106,1.00018,0.337097,-0.169826,-17.2325,0.0,0.0,0.0,0.0,0.0,,
0.00339398,8.86883e-08,239.097,517.239,1e-20,0.0,0.0,56.77,0.0,0.0,0.0,0.0,813.106,1.00018,0.334899,-0.144311,-17.2206,0.0,0.0,0.0,0.0,0.0,,
0.00339598,8.09486e-08,238.243,518.065,1e-20,0.0,0.0,56.7983,0.0,0.0,0.0,0.0,813.106,1.00018,0.33361,-0.11786,-17.209,0.0,0.0,0.0,0.0,0.0,,
0.00339796,8.48e-08,237.41,518.864,1e-20,0.0,0.0,56.8318,0.0,0.0,0.0,0.0,813.106,1.00018,0.333095,-0.0901846,-17.1976,0.0,0.0,0.0,0.0,0.0,,
0.00339993,8.71187e-08,236.486,519.752,1e-20,0.0,0.0,56.868,0.0,0.0,0.0,0.0,813.107,1.00018,0.333107,-0.0610575,-17.1861,0.0,0.0,0.0,0.0,0.0,,
0.00340196,8.79427e-08,235.571,520.629,1e-20,0.0,0.0,56.9065,0.0,0.0,0.0,0.0,813.107,1.00018,0.333358,-0.0297143,-17.1743,0.0,0.0,0.0,0.0,0.0,,
0.00340397,8.73565e-08,234.62,521.536,1e-20,0.0,0.0,56.9507,0.0,0.0,0.0,0.0,813.107,1.00018,0.333574,0.00255258,-17.1626,0.0,0.0,0.0,0.0,0.0,,
0.00340593,8.37001e-08,233.664,522.445,1e-20,0.0,0.0,56.9978,0.0,0.0,0.0,0.0,813.107,1.00018,0.333593,0.035381,-17.1512,0.0,0.0,0.0,0.0,0.0,,
0.00340796,8.41563e-08,232.689,523.37,1e-20,0.0,0.0,57.0475,0.0,0.0,0.0,0.0,813.107,1.00018,0.333381,0.0704327,-17.1393,0.0,0.0,0.0,0.0,0.0,,
0.00340992,8.6684e-08,231.783,524.231,1e-20,0.0,0.0,57.0934,0.0,0.0,0.0,0.0,813.107,1.00018,0.333107,0.105225,-17.1279,0.0,0.0,0.0,0.0,0.0,,
0.00341191,8.74252e-08,230.905,525.068,1e-20,0.0,0.0,57.135,0.0,0.0,0.0,0.0,813.107,1.00018,0.333043,0.141251,-17.1162,0.0,0.0,0.0,0.0,0.0,,
0.00341397,8.45867e-08,230.037,525.895,1e-20,0.0,0.0,57.175,0.0,0.0,0.0,0.0,813.107,1.00018,0.333422,0.179069,-17.1042,0.0,0.0,0.0,0.0,0.0,,
0.00341592,8.42465e-08,229.319,526.582,1e-20,0.0,0.0,57.2072,0.0,0.0,0.0,0.0,813.107,1.00018,0.334251,0.215153,-17.0927,0.0,0.0,0.0,0.0,0.0,,
0.00341798,8.74298e-08,228.671,527.209,1e-20,0.0,0.0,57.2281,0.0,0.0,0.0,0.0,813.108,1.00018,0.335555,0.252945,-17.0806,0.0,0.0,0.0,0.0,0.0,,
0.00341999,8.72498e-08,228.262,527.607,1e-20,0.0,0.0,57.2394,0.0,0.0,0.0,0.0,813.108,1.00018,0.337106,0.289189,-17.0688,0.0,0.0,0.0,0.0,0.0,,
0.00342196,8.35647e-08,228.151,527.712,1e-20,0.0,0.0,57.2456,0.0,0.0,0.0,0.0,813.108,1.00019,0.338692,0.323742,-17.0572,0.0,0.0,0.0,0.0,0.0,,
0.00342396,8.45488e-08,228.237,527.628,1e-20,0.0,0.0,57.2438,0.0,0.0,0.0,0.0,813.109,1.00019,0.340231,0.357777,-17.0453,0.0,0.0,0.0,0.0,0.0,,
0.00342593,8.67903e-08,228.477,527.396,1e-20,0.0,0.0,57.2364,0.0,0.0,0.0,0.0,813.109,1.00019,0.341647,0.38996,-17.0337,0.0,0.0,0.0,0.0,0.0,,
0.00342796,8.95905e-08,228.685,527.195,1e-20,0.0,0.0,57.2291,0.0,0.0,0.0,0.0,813.11,1.00019,0.34305,0.421793,-17.0216,0.0,0.0,0.0,0.0,0.0,,
0.00342999,8.54778e-08,228.762,527.118,1e-20,0.0,0.0,57.2301,0.0,0.0,0.0,0.0,813.11,1.00019,0.344353,0.451992,-17.0096,0.0,0.0,0.0,0.0,0.0,,
0.003432,7.94797e-08,228.804,527.067,1e-20,0.0,0.0,57.2396,0.0,0.0,0.0,0.0,813.11,1.00019,0.345403,0.480526,-16.9977,0.0,0.0,0.0,0.0,0.0,,
0.00343394,8.29586e-08,228.751,527.092,1e-20,0.0,0.0,57.2676,0.0,0.0,0.0,0.0,813.111,1.00019,0.346103,0.506901,-16.9861,0.0,0.0,0.0,0.0,0.0,,
0.00343592,8.77261e-08,228.545,527.203,1e-20,0.0,0.0,57.3627,0.0,0.0,0.0,0.0,813.111,1.00019,0.34655,0.532701,-16.9743,0.0,0.0,0.0,0.0,0.0,,
0.00343794,8.77488e-08,228.039,527.623,1e-20,0.0,0.0,57.4494,0.0,0.0,0.0,0.0,813.111,1.00019,0.346802,0.557985,-16.9622,0.0,0.0,0.0,0.0,0.0,,
0.00343992,8.16408e-08,227.368,528.215,1e-20,0.0,0.0,57.5282,0.0,0.0,0.0,0.0,813.112,1.00019,0.346826,0.581952,-16.9504,0.0,0.0,0.0,0.0,0.0,,
0.00344192,8.44076e-08,226.668,528.857,1e-20,0.0,0.0,57.5864,0.0,0.0,0.0,0.0,813.112,1.00019,0.346543,0.605355,-16.9384,0.0,0.0,0.0,0.0,0.0,,
0.00344396,8.88337e-08,225.885,529.595,1e-20,0.0,0.0,57.6318,0.0,0.0,0.0,0.0,813.112,1.00019,0.345882,0.628664,-16.9261,0.0,0.0,0.0,0.0,0.0,,
0.003446,8.82237e-08,225.133,530.305,1e-20,0.0,0.0,57.6754,0.0,0.0,0.0,0.0,813.113,1.00019,0.344793,0.651089,-16.9139,0.0,0.0,0.0,0.0,0.0,,
0.00344794,8.82757e-08,224.594,530.814,1e-20,0.0,0.0,57.706,0.0,0.0,0.0,0.0,813.114,1.00019,0.343314,0.67181,-16.9022,0.0,0.0,0.0,0.0,0.0,,
0.00344992,8.40896e-08,224.455,530.933,1e-20,0.0,0.0,57.7259,0.0,0.0,0.0,0.0,813.114,1.00019,0.341366,0.692105,-16.8903,0.0,0.0,0.0,0.0,0.0,,
0.00345195,8.47622e-08,224.855,530.518,1e-20,0.0,0.0,57.7412,0.0,0.0,0.0,0.0,813.114,1.00019,0.338954,0.711983,-16.878,0.0,0.0,0.0,0.0,0.0,,
0.00345393,8.88441e-08,225.594,529.765,1e-20,0.0,0.0,57.7557,0.0,0.0,0.0,0.0,813.115,1.00019,0.33624,0.730379,-16.8661,0.0,0.0,0.0,0.0,0.0,,
0.00345596,8.29045e-08,226.556,528.782,1e-20,0.0,0.0,57.7755,0.0,0.0,0.0,0.0,813.114,1.00019,0.332974,0.748482,-16.8537,0.0,0.0,0.0,0.0,0.0,,
0.00345795,8.24951e-08,227.558,527.76,1e-20,0.0,0.0,57.7974,0.0,0.0,0.0,0.0,813.115,1.00019,0.32926,0.765285,-16.8416,0.0,0.0,0.0,0.0,0.0,,
0.00345994,8.36811e-08,228.495,526.804,1e-20,0.0,0.0,57.8157,0.0,0.0,0.0,0.0,813.116,1.00019,0.325056,0.781223,-16.8296,0.0,0.0,0.0,0.0,0.0,,
0.00346191,8.95621e-08,229.214,526.072,1e-20,0.0,0.0,57.8305,0.0,0.0,0.0,0.0,813.116,1.00019,0.320504,0.796261,-16.8175,0.0,0.0,0.0,0.0,0.0,,
0.00346395,8.782e-08,229.59,525.68,1e-20,0.0,0.0,57.8467,0.0,0.0,0.0,0.0,813.116,1.00019,0.315516,0.811126,-16.8051,0.0,0.0,0.0,0.0,0.0,,
0.00346595,8.1133e-08,229.577,525.673,1e-20,0.0,0.0,57.8668,0.0,0.0,0.0,0.0,813.117,1.0002,0.310358,0.825234,-16.7929,0.0,0.0,0.0,0.0,0.0,,
0.00346798,8.22276e-08,229.239,525.988,1e-20,0.0,0.0,57.8905,0.0,0.0,0.0,0.0,813.117,1.0002,0.304779,0.839427,-16.7804,0.0,0.0,0.0,0.0,0.0,,
0.00346998,8.92264e-08,228.831,526.375,1e-20,0.0,0.0,57.9113,0.0,0.0,0.0,0.0,813.118,1.0002,0.299113,0.853186,-16.7682,0.0,0.0,0.0,0.0,0.0,,
0.00347195,8.93379e-08,228.655,526.53,1e-20,0.0,0.0,57.9332,0.0,0.0,0.0,0.0,813.118,1.0002,0.293537,0.866586,-16.7561,0.0,0.0,0.0,0.0,0.0,,
0.00347399,8.76177e-08,228.804,526.356,1e-20,0.0,0.0,57.9585,0.0,0.0,0.0,0.0,813.118,1.0002,0.287956,0.880308,-16.7435,0.0,0.0,0.0,0.0,0.0,,
0.00347595,8.14606e-08,229.226,525.91,1e-20,0.0,0.0,57.9823,0.0,0.0,0.0,0.0,813.118,1.0002,0.282939,0.893285,-16.7314,0.0,0.0,0.0,0.0,0.0,,
0.00347794,8.39123e-08,229.734,525.381,1e-20,0.0,0.0,58.0033,0.0,0.0,0.0,0.0,813.118,1.0002,0.278287,0.906057,-16.7192,0.0,0.0,0.0,0.0,0.0,,
0.00347993,9.04672e-08,230.154,524.946,1e-20,0.0,0.0,58.0184,0.0,0.0,0.0,0.0,813.119,1.0002,0.273949,0.918454,-16.7069,0.0,0.0,0.0,0.0,0.0,,
0.00348199,8.82935e-08,230.426,524.667,1e-20,0.0,0.0,58.0263,0.0,0.0,0.0,0.0,813.119,1.0002,0.269621,0.930707,-16.6941,0.0,0.0,0.0,0.0,0.0,,
0.00348392,8.6671e-08,230.458,524.633,1e-20,0.0,0.0,58.0285,0.0,0.0,0.0,0.0,813.119,1.0002,0.265534,0.94156,-16.6821,0.0,0.0,0.0,0.0,0.0,,
0.00348594,8.2543e-08,230.338,524.75,1e-20,0.0,0.0,58.0314,0.0,0.0,0.0,0.0,813.119,1.0002,0.260979,0.952304,-16.6695,0.0,0.0,0.0,0.0,0.0,,
0.00348798,8.37657e-08,230.073,525.009,1e-20,0.0,0.0,58.0371,0.0,0.0,0.0,0.0,813.119,1.0002,0.255759,0.962532,-16.6568,0.0,0.0,0.0,0.0,0.0,,
0.00348998,8.36222e-08,229.752,525.332,1e-20,0.0,0.0,58.0353,0.0,0.0,0.0,0.0,813.119,1.0002,0.249739,0.971909,-16.6443,0.0,0.0,0.0,0.0,0.0,,
0.00349198,8.25416e-08,229.358,525.723,1e-20,0.0,0.0,58.0384,0.0,0.0,0.0,0.0,813.119,1.0002,0.242724,0.980518,-16.6318,0.0,0.0,0.0,0.0,0.0,,
0.00349393,8.88408e-08,228.957,526.115,1e-20,0.0,0.0,58.0476,0.0,0.0,0.0,0.0,813.12,1.0002,0.235066,0.988183,-16.6197,0.0,0.0,0.0,0.0,0.0,,
0.00349598,8.93819e-08,228.695,526.363,1e-20,0.0,0.0,58.0615,0.0,0.0,0.0,0.0,813.12,1.0002,0.226445,0.995419,-16.6068,0.0,0.0,0.0,0.0,0.0,,
0.00349794,8.84732e-08,228.644,526.396,1e-20,0.0,0.0,58.0797,0.0,0.0,0.0,0.0,813.12,1.0002,0.218048,1.00139,-16.5945,0.0,0.0,0.0,0.0,0.0,,
0.00349997,8.16724e-08,228.81,526.206,1e-20,0.0,0.0,58.1037,0.0,0.0,0.0,0.0,813.12,1.0002,0.209556,1.00644,-16.5817,0.0,0.0,0.0,0.0,0.0,,
0.00350194,8.24292e-08,229.115,525.876,1e-20,0.0,0.0,58.1293,0.0,0.0,0.0,0.0,813.12,1.0002,0.201706,1.01024,-16.5693,0.0,0.0,0.0,0.0,0.0,,
0.00350396,8.91312e-08,229.471,525.491,1e-20,0.0,0.0,58.1585,0.0,0.0,0.0,0.0,813.12,1.0002,0.194011,1.01311,-16.5565,0.0,0.0,0.0,0.0,0.0,,
0.00350592,8.89794e-08,229.737,525.201,1e-20,0.0,0.0,58.1824,0.0,0.0,0.0,0.0,813.12,1.0002,0.186917,1.01494,-16.5441,0.0,0.0,0.0,0.0,0.0,,
0.00350796,8.84122e-08,229.776,525.139,1e-20,0.0,0.0,58.205,0.0,0.0,0.0,0.0,813.12,1.0002,0.18008,1.0158,-16.5312,0.0,0.0,0.0,0.0,0.0,,
0.00350993,8.24379e-08,229.479,525.413,1e-20,0.0,0.0,58.228,0.0,0.0,0.0,0.0,813.12,1.0002,0.174354,1.01543,-16.5187,0.0,0.0,0.0,0.0,0.0,,
0.003512,8.34269e-08,228.854,526.008,1e-20,0.0,0.0,58.2587,0.0,0.0,0.0,0.0,813.12,1.0002,0.169409,1.01357,-16.5056,0.0,0.0,0.0,0.0,0.0,,
0.00351396,8.83679e-08,228.046,526.786,1e-20,0.0,0.0,58.2883,0.0,0.0,0.0,0.0,813.121,1.0002,0.165749,1.01037,-16.4931,0.0,0.0,0.0,0.0,0.0,,
0.00351599,8.78597e-08,227.129,527.678,1e-20,0.0,0.0,58.3131,0.0,0.0,0.0,0.0,813.121,1.0002,0.162942,1.00582,-16.4801,0.0,0.0,0.0,0.0,0.0,,
0.00351792,8.67597e-08,226.298,528.487,1e-20,0.0,0.0,58.3352,0.0,0.0,0.0,0.0,813.121,1.0002,0.16119,1.00055,-16.4678,0.0,0.0,0.0,0.0,0.0,,
0.00351997,8.14916e-08,225.558,529.202,1e-20,0.0,0.0,58.3611,0.0,0.0,0.0,0.0,813.12,1.0002,0.16019,0.994076,-16.4547,0.0,0.0,0.0,0.0,0.0,,
0.00352194,8.28827e-08,225.096,529.629,1e-20,0.0,0.0,58.3958,0.0,0.0,0.0,0.0,813.121,1.0002,0.159781,0.987081,-16.442,0.0,0.0,0.0,14116.0,0.0,,
0.00352395,8.43812e-08,224.88,529.783,1e-20,0.0,0.0,58.4581,0.0,0.0,0.0,0.0,813.121,1.0002,0.159563,0.979201,-16.4291,0.0,0.0,0.0,0.0,0.0,,
0.00352598,8.38481e-08,224.969,529.645,1e-20,0.0,0.0,58.5068,0.0,0.0,0.0,0.0,813.121,1.0002,0.159299,0.970515,-16.4161,0.0,0.0,0.0,0.0,0.0,,
0.00352798,8.80421e-08,225.315,529.257,1e-20,0.0,0.0,58.5485,0.0,0.0,0.0,0.0,813.121,1.0002,0.158861,0.961188,-16.4032,0.0,0.0,0.0,0.0,0.0,,
0.00352995,8.93195e-08,225.854,528.693,1e-20,0.0,0.0,58.573,0.0,0.0,0.0,0.0,813.121,1.0002,0.158232,0.951167,-16.3906,0.0,0.0,0.0,0.0,0.0,,
0.00353192,8.94591e-08,226.542,527.99,1e-20,0.0,0.0,58.5884,0.0,0.0,0.0,0.0,813.121,1.0002,0.157422,0.940337,-16.3779,0.0,0.0,0.0,0.0,0.0,,
0.00353396,8.75698e-08,227.412,527.104,1e-20,0.0,0.0,58.6046,0.0,0.0,0.0,0.0,813.121,1.0002,0.156315,0.928459,-16.3647,0.0,0.0,0.0,0.0,0.0,,
0.00353594,8.13108e-08,228.393,526.104,1e-20,0.0,0.0,58.6227,0.0,0.0,0.0,0.0,813.12,1.0002,0.154994,0.916703,-16.352,0.0,0.0,0.0,0.0,0.0,,
0.00353799,8.2646e-08,229.463,524.986,1e-20,0.0,0.0,58.6714,0.0,0.0,0.0,0.0,813.12,1.0002,0.153385,0.904584,-16.3388,0.0,0.0,0.0,0.0,0.0,,
0.00353999,8.4744e-08,230.461,523.947,1e-20,0.0,0.0,58.713,0.0,0.0,0.0,0.0,813.121,1.0002,0.151467,0.893147,-16.3258,0.0,0.0,0.0,0.0,0.0,,
0.00354195,8.85759e-08,231.276,523.123,1e-20,0.0,0.0,58.7222,0.0,0.0,0.0,0.0,813.121,1.0002,0.149219,0.882723,-16.3132,0.0,0.0,0.0,0.0,0.0,,
0.00354397,8.70717e-08,231.765,522.638,1e-20,0.0,0.0,58.7179,0.0,0.0,0.0,0.0,813.121,1.0002,0.146625,0.872842,-16.3002,0.0,0.0,0.0,0.0,0.0,,
0.00354597,8.23834e-08,231.7,522.688,1e-20,0.0,0.0,58.7331,0.0,0.0,0.0,0.0,813.121,1.0002,0.144088,0.863992,-16.2872,0.0,0.0,0.0,0.0,0.0,,
0.00354798,8.4902e-08,231.079,523.295,1e-20,0.0,0.0,58.7477,0.0,0.0,0.0,0.0,813.121,1.0002,0.14187,0.856047,-16.2742,0.0,0.0,0.0,0.0,0.0,,
0.00354997,8.9522e-08,230.125,524.245,1e-20,0.0,0.0,58.7514,0.0,0.0,0.0,0.0,813.122,1.0002,0.140169,0.84895,-16.2614,0.0,0.0,0.0,0.0,0.0,,
0.00355193,8.86385e-08,228.989,525.381,1e-20,0.0,0.0,58.7519,0.0,0.0,0.0,0.0,813.122,1.0002,0.139074,0.842345,-16.2486,0.0,0.0,0.0,0.0,0.0,,
0.00355395,8.70086e-08,227.687,526.662,1e-20,0.0,0.0,58.7732,0.0,0.0,0.0,0.0,813.122,1.0002,0.138501,0.835725,-16.2355,0.0,0.0,0.0,0.0,0.0,,
0.00355592,8.20337e-08,226.411,527.934,1e-20,0.0,0.0,58.7778,0.0,0.0,0.0,0.0,813.122,1.0002,0.138245,0.829264,-16.2227,0.0,0.0,0.0,0.0,0.0,,
0.003558,8.42351e-08,225.16,529.184,1e-20,0.0,0.0,58.7791,0.0,0.0,0.0,0.0,813.123,1.0002,0.138083,0.822352,-16.2092,0.0,0.0,0.0,0.0,0.0,,
0.00355995,8.91326e-08,224.222,530.113,1e-20,0.0,0.0,58.7884,0.0,0.0,0.0,0.0,813.123,1.0002,0.137884,0.81567,-16.1965,0.0,0.0,0.0,0.0,0.0,,
0.00356197,8.64408e-08,223.57,530.749,1e-20,0.0,0.0,58.8047,0.0,0.0,0.0,0.0,813.123,1.0002,0.137473,0.808473,-16.1834,0.0,0.0,0.0,0.0,0.0,,
0.00356397,8.10161e-08,223.133,531.166,1e-20,0.0,0.0,58.8241,0.0,0.0,0.0,0.0,813.123,1.0002,0.136788,0.801058,-16.1703,0.0,0.0,0.0,0.0,0.0,,
0.00356594,8.39879e-08,222.775,531.499,1e-20,0.0,0.0,58.8493,0.0,0.0,0.0,0.0,813.123,1.0002,0.13588,0.793467,-16.1574,0.0,0.0,0.0,0.0,0.0,,
0.00356798,8.47607e-08,222.305,531.936,1e-20,0.0,0.0,58.8829,0.0,0.0,0.0,0.0,813.123,1.0002,0.134757,0.785253,-16.1441,0.0,0.0,0.0,0.0,0.0,,
0.00356992,8.76466e-08,221.794,532.418,1e-20,0.0,0.0,58.9121,0.0,0.0,0.0,0.0,813.124,1.0002,0.133547,0.776917,-16.1315,0.0,0.0,0.0,0.0,0.0,,
0.00357192,8.74392e-08,221.252,532.938,1e-20,0.0,0.0,58.9341,0.0,0.0,0.0,0.0,813.124,1.0002,0.13215,0.767441,-16.1184,0.0,0.0,0.0,0.0,0.0,,
0.00357393,8.47266e-08,220.761,533.415,1e-20,0.0,0.0,58.9478,0.0,0.0,0.0,0.0,813.124,1.0002,0.130551,0.756733,-16.1052,0.0,0.0,0.0,0.0,0.0,,
0.00357598,8.5903e-08,220.344,533.819,1e-20,0.0,0.0,58.9616,0.0,0.0,0.0,0.0,813.124,1.0002,0.128744,0.74447,-16.0918,0.0,0.0,0.0,0.0,0.0,,
0.00357794,8.89579e-08,220.031,534.098,1e-20,0.0,0.0,58.9955,0.0,0.0,0.0,0.0,813.124,1.0002,0.127044,0.73165,-16.079,0.0,0.0,0.0,0.0,0.0,,
0.00357996,8.73209e-08,219.781,534.28,1e-20,0.0,0.0,59.0634,0.0,0.0,0.0,0.0,813.124,1.0002,0.125517,0.717524,-16.0657,0.0,0.0,0.0,0.0,0.0,,
0.00358198,8.25554e-08,219.602,534.404,1e-20,0.0,0.0,59.1181,0.0,0.0,0.0,0.0,813.124,1.0002,0.124262,0.702769,-16.0524,0.0,0.0,0.0,0.0,0.0,,
0.00358399,8.44702e-08,219.442,534.526,1e-20,0.0,0.0,59.1564,0.0,0.0,0.0,0.0,813.124,1.0002,0.123167,0.687707,-16.0392,0.0,0.0,0.0,0.0,0.0,,
0.00358599,8.89015e-08,219.277,534.667,1e-20,0.0,0.0,59.1806,0.0,0.0,0.0,0.0,813.125,1.0002,0.122014,0.672352,-16.0261,0.0,0.0,0.0,0.0,0.0,,
0.00358793,8.69927e-08,219.08,534.853,1e-20,0.0,0.0,59.1916,0.0,0.0,0.0,0.0,813.125,1.00021,0.120691,0.657111,-16.0133,0.0,0.0,0.0,0.0,0.0,,
0.00358997,8.01773e-08,218.809,535.131,1e-20,0.0,0.0,59.1843,0.0,0.0,0.0,0.0,813.125,1.00021,0.119019,0.640759,-15.9998,0.0,0.0,0.0,0.0,0.0,,
0.00359199,8.21542e-08,218.55,535.405,1e-20,0.0,0.0,59.1706,0.0,0.0,0.0,0.0,813.125,1.00021,0.117029,0.624132,-15.9865,0.0,0.0,0.0,0.0,0.0,,
0.00359392,8.5013e-08,218.369,535.599,1e-20,0.0,0.0,59.1573,0.0,0.0,0.0,0.0,813.126,1.00021,0.114706,0.607956,-15.9737,0.0,0.0,0.0,0.0,0.0,,
0.00359593,8.8698e-08,218.344,535.634,1e-20,0.0,0.0,59.1477,0.0,0.0,0.0,0.0,813.126,1.00021,0.111653,0.590928,-15.9604,0.0,0.0,0.0,0.0,0.0,,
0.00359794,8.62209e-08,218.43,535.551,1e-20,0.0,0.0,59.1448,0.0,0.0,0.0,0.0,813.126,1.00021,0.107872,0.573968,-15.9471,0.0,0.0,0.0,0.0,0.0,,
0.00359996,8.23853e-08,218.666,535.314,1e-20,0.0,0.0,59.1458,0.0,0.0,0.0,0.0,813.126,1.00021,0.103307,0.556918,-15.9337,0.0,0.0,0.0,0.0,0.0,,
0.00360196,8.44981e-08,219.029,534.949,1e-20,0.0,0.0,59.1482,0.0,0.0,0.0,0.0,813.127,1.00021,0.0980249,0.54003,-15.9204,0.0,0.0,0.0,0.0,0.0,,
0.00360394,8.91729e-08,219.441,534.536,1e-20,0.0,0.0,59.1506,0.0,0.0,0.0,0.0,813.127,1.00021,0.0920176,0.523285,-15.9073,0.0,0.0,0.0,0.0,0.0,,
0.00360597,8.73438e-08,219.795,534.167,1e-20,0.0,0.0,59.1648,0.0,0.0,0.0,0.0,813.127,1.00021,0.0850864,0.506159,-15.8938,0.0,0.0,0.0,0.0,0.0,,
0.00360794,8.04653e-08,219.993,533.936,1e-20,0.0,0.0,59.198,0.0,0.0,0.0,0.0,813.127,1.00021,0.0776909,0.489786,-15.8807,0.0,0.0,0.0,0.0,0.0,,
0.00360994,8.04195e-08,220.103,533.828,1e-20,0.0,0.0,59.1965,0.0,0.0,0.0,0.0,813.127,1.00021,0.0694908,0.473391,-15.8673,0.0,0.0,0.0,0.0,0.0,,
0.00361194,8.791e-08,220.02,533.88,1e-20,0.0,0.0,59.2283,0.0,0.0,0.0,0.0,813.128,1.00021,0.0607688,0.457454,-15.854,0.0,0.0,0.0,0.0,0.0,,
0.00361397,8.83633e-08,219.765,534.099,1e-20,0.0,0.0,59.2635,0.0,0.0,0.0,0.0,813.128,1.00021,0.0513903,0.44147,-15.8404,0.0,0.0,0.0,0.0,0.0,,
0.00361593,8.16854e-08,219.414,534.434,1e-20,0.0,0.0,59.2801,0.0,0.0,0.0,0.0,813.128,1.00021,0.042035,0.426186,-15.8273,0.0,0.0,0.0,0.0,0.0,,
0.00361798,8.28082e-08,218.963,534.879,1e-20,0.0,0.0,59.2861,0.0,0.0,0.0,0.0,813.128,1.00021,0.0319918,0.410002,-15.8136,0.0,0.0,0.0,0.0,0.0,,
0.00361992,8.6409e-08,218.462,535.385,1e-20,0.0,0.0,59.2819,0.0,0.0,0.0,0.0,813.129,1.00021,0.0222064,0.394248,-15.8006,0.0,0.0,0.0,0.0,0.0,,
0.00362197,8.94521e-08,217.967,535.872,1e-20,0.0,0.0,59.2902,0.0,0.0,0.0,0.0,813.129,1.00021,0.0116218,0.377173,-15.7869,0.0,0.0,0.0,0.0,0.0,,
0.00362392,8.66916e-08,217.659,536.173,1e-20,0.0,0.0,59.2966,0.0,0.0,0.0,0.0,813.129,1.00021,0.00119148,0.360306,-15.7738,0.0,0.0,0.0,0.0,0.0,,
0.00362594,8.11235e-08,217.704,536.135,1e-20,0.0,0.0,59.2898,0.0,0.0,0.0,0.0,813.129,1.00021,-0.00986488,0.342255,-15.7602,0.0,0.0,0.0,0.0,0.0,,
0.003628,8.37231e-08,218.132,535.714,1e-20,0.0,0.0,59.2831,0.0,0.0,0.0,0.0,813.129,1.00021,-0.0211506,0.323363,-15.7463,0.0,0.0,0.0,0.0,0.0,,
0.00362996,8.96888e-08,218.771,535.073,1e-20,0.0,0.0,59.2849,0.0,0.0,0.0,0.0,813.129,1.00021,-0.0318014,0.304736,-15.7331,0.0,0.0,0.0,0.0,0.0,,
0.00363193,8.84656e-08,219.444,534.376,1e-20,0.0,0.0,59.3091,0.0,0.0,0.0,0.0,813.129,1.00021,-0.0423078,0.285322,-15.7198,0.0,0.0,0.0,0.0,0.0,,
0.00363394,8.17395e-08,219.924,533.855,1e-20,0.0,0.0,59.3503,0.0,0.0,0.0,0.0,813.128,1.00021,-0.0528458,0.264475,-15.7061,0.0,0.0,0.0,0.0,0.0,,
0.003636,8.37072e-08,220.119,533.603,1e-20,0.0,0.0,59.4062,0.0,0.0,0.0,0.0,813.128,1.00021,-0.0633775,0.242032,-15.6921,0.0,0.0,0.0,0.0,0.0,,
0.00363795,8.5329e-08,219.956,533.701,1e-20,0.0,0.0,59.4705,0.0,0.0,0.0,0.0,813.128,1.00021,-0.0729423,0.220084,-15.6789,0.0,0.0,0.0,0.0,0.0,,
0.00363998,8.94096e-08,219.507,534.071,1e-20,0.0,0.0,59.548,0.0,0.0,0.0,0.0,813.127,1.00021,-0.082346,0.196695,-15.665,0.0,0.0,0.0,0.0,0.0,,
0.00364192,8.7429e-08,218.801,534.68,1e-20,0.0,0.0,59.6444,0.0,0.0,0.0,0.0,813.126,1.00021,-0.0908502,0.173879,-15.6518,0.0,0.0,0.0,0.0,0.0,,
0.00364398,8.15425e-08,217.835,535.532,1e-20,0.0,0.0,59.7581,0.0,0.0,0.0,0.0,813.125,1.00021,-0.0996703,0.149128,-15.6377,0.0,0.0,0.0,0.0,0.0,,
0.00364594,8.21034e-08,216.868,536.429,1e-20,0.0,0.0,59.8276,0.0,0.0,0.0,0.0,813.125,1.00021,-0.108174,0.125209,-15.6243,0.0,0.0,0.0,0.0,0.0,,
0.00364792,8.31701e-08,215.915,537.334,1e-20,0.0,0.0,59.8756,0.0,0.0,0.0,0.0,813.125,1.00021,-0.116931,0.100781,-15.6108,0.0,0.0,0.0,0.0,0.0,,
0.00364995,8.88152e-08,215.021,538.183,1e-20,0.0,0.0,59.9209,0.0,0.0,0.0,0.0,813.125,1.00021,-0.125802,0.0754401,-15.5969,0.0,0.0,0.0,0.0,0.0,,
0.00365193,8.29666e-08,214.295,538.887,1e-20,0.0,0.0,59.9438,0.0,0.0,0.0,0.0,813.125,1.00021,-0.133933,0.0505136,-15.5835,0.0,0.0,0.0,0.0,0.0,,
0.00365392,8.30176e-08,213.731,539.425,1e-20,0.0,0.0,59.97,0.0,0.0,0.0,0.0,813.126,1.00021,-0.141508,0.0253188,-15.5699,0.0,0.0,0.0,0.0,0.0,,
0.00365596,8.95771e-08,213.251,539.879,1e-20,0.0,0.0,59.9957,0.0,0.0,0.0,0.0,813.126,1.00021,-0.148959,-0.000782925,-15.556,0.0,0.0,0.0,0.0,0.0,,
0.00365792,8.88913e-08,212.854,540.272,1e-20,0.0,0.0,60.0001,0.0,0.0,0.0,0.0,813.126,1.00021,-0.156047,-0.0263166,-15.5425,0.0,0.0,0.0,0.0,0.0,,
0.00365995,8.69585e-08,212.432,540.696,1e-20,0.0,0.0,59.999,0.0,0.0,0.0,0.0,813.127,1.00021,-0.163327,-0.0531518,-15.5286,0.0,0.0,0.0,14116.0,0.0,,
0.00366197,8.17751e-08,211.894,541.24,1e-20,0.0,0.0,59.9933,0.0,0.0,0.0,0.0,813.127,1.00021,-0.170676,-0.0804818,-15.5148,0.0,0.0,0.0,0.0,0.0,,
0.00366395,8.3797e-08,211.217,541.925,1e-20,0.0,0.0,59.9856,0.0,0.0,0.0,0.0,813.127,1.00021,-0.178214,-0.107657,-15.5012,0.0,0.0,0.0,0.0,0.0,,
0.003666,8.89591e-08,210.378,542.771,1e-20,0.0,0.0,59.9788,0.0,0.0,0.0,0.0,813.128,1.00021,-0.186433,-0.135845,-15.4871,0.0,0.0,0.0,0.0,0.0,,
0.00366794,8.75745e-08,209.547,543.601,1e-20,0.0,0.0,59.9805,0.0,0.0,0.0,0.0,813.128,1.00021,-0.19457,-0.162785,-15.4737,0.0,0.0,0.0,0.0,0.0,,
0.00366996,8.17115e-08,208.733,544.403,1e-20,0.0,0.0,59.9922,0.0,0.0,0.0,0.0,813.128,1.00021,-0.203097,-0.190809,-15.4598,0.0,0.0,0.0,0.0,0.0,,
0.00367194,8.36117e-08,207.873,545.235,1e-20,0.0,0.0,60.0202,0.0,0.0,0.0,0.0,813.128,1.00021,-0.211255,-0.218411,-15.4461,0.0,0.0,0.0,0.0,0.0,,
0.00367397,8.55147e-08,206.796,546.26,1e-20,0.0,0.0,60.072,0.0,0.0,0.0,0.0,813.128,1.00021,-0.219201,-0.24697,-15.432,0.0,0.0,0.0,0.0,0.0,,
0.00367592,8.88319e-08,205.6,547.322,1e-20,0.0,0.0,60.2036,0.0,0.0,0.0,0.0,813.126,1.00021,-0.226363,-0.274326,-15.4183,0.0,0.0,0.0,0.0,0.0,,
0.00367795,8.69104e-08,204.36,548.327,1e-20,0.0,0.0,60.4363,0.0,0.0,0.0,0.0,813.124,1.0002,-0.233241,-0.302438,-15.4041,0.0,0.0,0.0,0.0,0.0,,
0.00367993,8.61473e-08,203.395,549.107,1e-20,0.0,0.0,60.6206,0.0,0.0,0.0,0.0,813.122,1.0002,-0.238923,-0.32975,-15.3901,0.0,0.0,0.0,0.0,0.0,,
0.00368193,8.22909e-08,202.72,549.667,1e-20,0.0,0.0,60.735,0.0,0.0,0.0,0.0,813.122,1.0002,-0.243129,-0.357326,-15.3762,0.0,0.0,0.0,0.0,0.0,,
0.003684,8.30398e-08,202.193,550.113,1e-20,0.0,0.0,60.8153,0.0,0.0,0.0,0.0,813.121,1.0002,-0.245864,-0.386321,-15.3617,0.0,0.0,0.0,0.0,0.0,,
0.00368598,8.24568e-08,201.706,550.53,1e-20,0.0,0.0,60.8837,0.0,0.0,0.0,0.0,813.12,1.0002,-0.247387,-0.414582,-15.3477,0.0,0.0,0.0,0.0,0.0,,
0.00368797,8.78857e-08,201.189,550.964,1e-20,0.0,0.0,60.9663,0.0,0.0,0.0,0.0,813.119,1.0002,-0.248129,-0.443016,-15.3338,0.0,0.0,0.0,0.0,0.0,,
0.00368998,8.33887e-08,200.582,551.463,1e-20,0.0,0.0,61.0738,0.0,0.0,0.0,0.0,813.119,1.0002,-0.248002,-0.471593,-15.3196,0.0,0.0,0.0,0.0,0.0,,
0.00369198,8.29394e-08,199.846,552.079,1e-20,0.0,0.0,61.1928,0.0,0.0,0.0,0.0,813.118,1.0002,-0.24707,-0.499056,-15.3056,0.0,0.0,0.0,0.0,0.0,,
0.00369396,8.24591e-08,198.953,552.834,1e-20,0.0,0.0,61.3297,0.0,0.0,0.0,0.0,813.117,1.0002,-0.245278,-0.525389,-15.2916,0.0,0.0,0.0,0.0,0.0,,
0.00369595,8.83761e-08,197.911,553.683,1e-20,0.0,0.0,61.5196,0.0,0.0,0.0,0.0,813.114,1.00019,-0.242634,-0.550676,-15.2774,0.0,0.0,0.0,0.0,0.0,,
0.00369798,8.83652e-08,196.687,554.713,1e-20,0.0,0.0,61.7132,0.0,0.0,0.0,0.0,813.113,1.00019,-0.239458,-0.575392,-15.263,0.0,0.0,0.0,0.0,0.0,,
0.00369991,8.73503e-08,195.426,555.863,1e-20,0.0,0.0,61.8233,0.0,0.0,0.0,0.0,813.112,1.00019,-0.236382,-0.597979,-15.2494,0.0,0.0,0.0,0.0,0.0,,
0.00370196,8.16474e-08,194.064,557.168,1e-20,0.0,0.0,61.8819,0.0,0.0,0.0,0.0,813.114,1.00019,-0.23308,-0.621231,-15.2351,0.0,0.0,0.0,0.0,0.0,,
0.003704,8.20432e-08,192.71,558.493,1e-20,0.0,0.0,61.9111,0.0,0.0,0.0,0.0,813.114,1.00019,-0.229493,-0.644194,-15.2207,0.0,0.0,0.0,0.0,0.0,,
0.00370598,8.35112e-08,191.493,559.698,1e-20,0.0,0.0,61.9235,0.0,0.0,0.0,0.0,813.115,1.00019,-0.225505,-0.666114,-15.2068,0.0,0.0,0.0,0.0,0.0,,
0.00370792,8.49379e-08,190.439,560.758,1e-20,0.0,0.0,61.9182,0.0,0.0,0.0,0.0,813.115,1.00019,-0.221012,-0.686806,-15.1931,0.0,0.0,0.0,0.0,0.0,,
0.00370997,8.50739e-08,189.487,561.714,1e-20,0.0,0.0,61.9152,0.0,0.0,0.0,0.0,813.116,1.00019,-0.215709,-0.707473,-15.1788,0.0,0.0,0.0,0.0,0.0,,
0.00371197,8.84442e-08,188.681,562.511,1e-20,0.0,0.0,61.9245,0.0,0.0,0.0,0.0,813.116,1.00019,-0.210081,-0.726373,-15.1646,0.0,0.0,0.0,0.0,0.0,,
0.003714,8.82057e-08,187.972,563.216,1e-20,0.0,0.0,61.9287,0.0,0.0,0.0,0.0,813.117,1.0002,-0.204112,-0.74441,-15.1502,0.0,0.0,0.0,0.0,0.0,,
0.00371594,8.80215e-08,187.385,563.788,1e-20,0.0,0.0,61.9447,0.0,0.0,0.0,0.0,813.118,1.0002,-0.19826,-0.760807,-15.1365,0.0,0.0,0.0,0.0,0.0,,
0.00371796,8.82362e-08,186.924,564.214,1e-20,0.0,0.0,61.9802,0.0,0.0,0.0,0.0,813.118,1.0002,-0.192096,-0.777009,-15.1222,0.0,0.0,0.0,0.0,0.0,,
0.00371999,8.80802e-08,186.778,564.326,1e-20,0.0,0.0,62.0141,0.0,0.0,0.0,0.0,813.119,1.0002,-0.186297,-0.792142,-15.1077,0.0,0.0,0.0,0.0,0.0,,
0.00372192,8.68899e-08,186.979,564.101,1e-20,0.0,0.0,62.0392,0.0,0.0,0.0,0.0,813.119,1.0002,-0.181599,-0.805718,-15.094,0.0,0.0,0.0,0.0,0.0,,
0.00372399,8.63654e-08,187.42,563.617,1e-20,0.0,0.0,62.0827,0.0,0.0,0.0,0.0,813.12,1.0002,-0.177086,-0.819871,-15.0792,0.0,0.0,0.0,0.0,0.0,,
0.00372595,8.23536e-08,187.851,563.143,1e-20,0.0,0.0,62.1267,0.0,0.0,0.0,0.0,813.121,1.0002,-0.172739,-0.832921,-15.0652,0.0,0.0,0.0,0.0,0.0,,
0.00372794,8.29466e-08,188.246,562.744,1e-20,0.0,0.0,62.131,0.0,0.0,0.0,0.0,813.121,1.0002,-0.168009,-0.845997,-15.051,0.0,0.0,0.0,0.0,0.0,,
0.00372993,8.29283e-08,188.561,562.457,1e-20,0.0,0.0,62.1041,0.0,0.0,0.0,0.0,813.121,1.0002,-0.162933,-0.859105,-15.0368,0.0,0.0,0.0,0.0,0.0,,
0.00373195,8.8824e-08,188.738,562.306,1e-20,0.0,0.0,62.077,0.0,0.0,0.0,0.0,813.121,1.0002,-0.157485,-0.872326,-15.0223,0.0,0.0,0.0,0.0,0.0,,
0.00373399,8.83771e-08,188.713,562.347,1e-20,0.0,0.0,62.061,0.0,0.0,0.0,0.0,813.121,1.0002,-0.151847,-0.885276,-15.0076,0.0,0.0,0.0,0.0,0.0,,
0.00373593,8.80425e-08,188.531,562.549,1e-20,0.0,0.0,62.042,0.0,0.0,0.0,0.0,813.122,1.0002,-0.14649,-0.897058,-14.9937,0.0,0.0,0.0,0.0,0.0,,
0.00373794,8.68729e-08,188.293,562.817,1e-20,0.0,0.0,62.0122,0.0,0.0,0.0,0.0,813.122,1.0002,-0.140974,-0.908824,-14.9792,0.0,0.0,0.0,0.0,0.0,,
0.00373997,8.20859e-08,188.177,562.963,1e-20,0.0,0.0,61.9838,0.0,0.0,0.0,0.0,813.123,1.0002,-0.135363,-0.920374,-14.9646,0.0,0.0,0.0,0.0,0.0,,
0.00374196,8.36949e-08,188.2,562.96,1e-20,0.0,0.0,61.9632,0.0,0.0,0.0,0.0,813.123,1.0002,-0.129747,-0.93154,-14.9502,0.0,0.0,0.0,0.0,0.0,,
0.00374396,8.84495e-08,188.27,562.908,1e-20,0.0,0.0,61.9449,0.0,0.0,0.0,0.0,813.123,1.0002,-0.124128,-0.942665,-14.9357,0.0,0.0,0.0,0.0,0.0,,
0.00374598,8.71934e-08,188.268,562.922,1e-20,0.0,0.0,61.9341,0.0,0.0,0.0,0.0,813.124,1.0002,-0.118715,-0.953912,-14.921,0.0,0.0,0.0,0.0,0.0,,
0.00374798,8.74923e-08,188.171,563.016,1e-20,0.0,0.0,61.9377,0.0,0.0,0.0,0.0,813.124,1.0002,-0.113793,-0.965096,-14.9065,0.0,0.0,0.0,0.0,0.0,,
0.00374999,8.3007e-08,188.091,563.078,1e-20,0.0,0.0,61.9559,0.0,0.0,0.0,0.0,813.125,1.0002,-0.109562,-0.975987,-14.8919,0.0,0.0,0.0,0.0,0.0,,
0.00375199,8.3103e-08,188.005,563.125,1e-20,0.0,0.0,61.9946,0.0,0.0,0.0,0.0,813.124,1.0002,-0.106132,-0.986074,-14.8773,0.0,0.0,0.0,0.0,0.0,,
0.003754,8.74909e-08,187.782,563.269,1e-20,0.0,0.0,62.0724,0.0,0.0,0.0,0.0,813.124,1.0002,-0.103502,-0.995292,-14.8626,0.0,0.0,0.0,0.0,0.0,,
0.00375591,8.68312e-08,187.389,563.546,1e-20,0.0,0.0,62.1881,0.0,0.0,0.0,0.0,813.123,1.0002,-0.101684,-1.00331,-14.8486,0.0,0.0,0.0,14116.0,0.0,,
0.00375792,8.22918e-08,186.881,563.971,1e-20,0.0,0.0,62.2718,0.0,0.0,0.0,0.0,813.123,1.0002,-0.10036,-1.01124,-14.8339,0.0,0.0,0.0,0.0,0.0,,
0.00376,8.38601e-08,186.353,564.461,1e-20,0.0,0.0,62.3085,0.0,0.0,0.0,0.0,813.123,1.0002,-0.0996187,-1.01935,-14.8186,0.0,0.0,0.0,0.0,0.0,,
0.00376194,8.9426e-08,185.75,565.048,1e-20,0.0,0.0,62.3233,0.0,0.0,0.0,0.0,813.122,1.0002,-0.0997023,-1.02723,-14.8043,0.0,0.0,0.0,0.0,0.0,,
0.00376399,8.89787e-08,184.94,565.83,1e-20,0.0,0.0,62.3516,0.0,0.0,0.0,0.0,813.122,1.0002,-0.101097,-1.03608,-14.7892,0.0,0.0,0.0,0.0,0.0,,
0.003766,8.35403e-08,184.053,566.675,1e-20,0.0,0.0,62.3944,0.0,0.0,0.0,0.0,813.122,1.0002,-0.104077,-1.04516,-14.7745,0.0,0.0,0.0,0.0,0.0,,
0.00376792,8.36888e-08,183.173,567.531,1e-20,0.0,0.0,62.4188,0.0,0.0,0.0,0.0,813.122,1.0002,-0.108432,-1.05409,-14.7604,0.0,0.0,0.0,0.0,0.0,,
0.00376998,8.85477e-08,182.296,568.396,1e-20,0.0,0.0,62.4308,0.0,0.0,0.0,0.0,813.122,1.0002,-0.114367,-1.0637,-14.7452,0.0,0.0,0.0,0.0,0.0,,
0.00377192,8.79421e-08,181.617,569.061,1e-20,0.0,0.0,62.4445,0.0,0.0,0.0,0.0,813.123,1.0002,-0.120678,-1.07276,-14.7309,0.0,0.0,0.0,0.0,0.0,,
0.00377393,8.17794e-08,181.172,569.495,1e-20,0.0,0.0,62.4574,0.0,0.0,0.0,0.0,813.123,1.0002,-0.127593,-1.08205,-14.7161,0.0,0.0,0.0,0.0,0.0,,
0.00377598,8.26691e-08,180.91,569.755,1e-20,0.0,0.0,62.4594,0.0,0.0,0.0,0.0,813.124,1.0002,-0.135093,-1.09173,-14.7009,0.0,0.0,0.0,0.0,0.0,,
0.00377798,8.40257e-08,180.807,569.869,1e-20,0.0,0.0,62.4478,0.0,0.0,0.0,0.0,813.125,1.0002,-0.142733,-1.10165,-14.6861,0.0,0.0,0.0,0.0,0.0,,
0.00377998,8.76142e-08,180.91,569.784,1e-20,0.0,0.0,62.4312,0.0,0.0,0.0,0.0,813.125,1.00021,-0.150516,-1.1121,-14.6714,0.0,0.0,0.0,0.0,0.0,,
0.00378197,8.6167e-08,181.18,569.54,1e-20,0.0,0.0,62.4072,0.0,0.0,0.0,0.0,813.127,1.00021,-0.158415,-1.12299,-14.6567,0.0,0.0,0.0,0.0,0.0,,
0.00378396,8.21503e-08,181.477,569.275,1e-20,0.0,0.0,62.3758,0.0,0.0,0.0,0.0,813.128,1.00021,-0.166281,-1.13402,-14.6419,0.0,0.0,0.0,0.0,0.0,,
0.00378596,8.41897e-08,181.677,569.1,1e-20,0.0,0.0,62.3524,0.0,0.0,0.0,0.0,813.129,1.00021,-0.173957,-1.14506,-14.6271,0.0,0.0,0.0,0.0,0.0,,
0.00378791,8.74932e-08,181.727,569.064,1e-20,0.0,0.0,62.3396,0.0,0.0,0.0,0.0,813.13,1.00021,-0.181089,-1.15561,-14.6126,0.0,0.0,0.0,0.0,0.0,,
0.00378993,8.80092e-08,181.65,569.147,1e-20,0.0,0.0,62.334,0.0,0.0,0.0,0.0,813.131,1.00021,-0.188042,-1.16606,-14.5976,0.0,0.0,0.0,0.0,0.0,,
0.00379195,8.7635e-08,181.499,569.288,1e-20,0.0,0.0,62.3449,0.0,0.0,0.0,0.0,813.131,1.00021,-0.19472,-1.17592,-14.5825,0.0,0.0,0.0,0.0,0.0,,
0.00379394,8.35744e-08,181.345,569.418,1e-20,0.0,0.0,62.3687,0.0,0.0,0.0,0.0,813.132,1.00021,-0.201265,-1.18482,-14.5676,0.0,0.0,0.0,0.0,0.0,,
0.00379596,8.43649e-08,181.199,569.537,1e-20,0.0,0.0,62.3948,0.0,0.0,0.0,0.0,813.132,1.00021,-0.207976,-1.19269,-14.5524,0.0,0.0,0.0,0.0,0.0,,
0.003798,8.8157e-08,181.026,569.683,1e-20,0.0,0.0,62.4229,0.0,0.0,0.0,0.0,813.132,1.00021,-0.214896,-1.19919,-14.5372,0.0,0.0,0.0,0.0,0.0,,
0.00379992,8.69479e-08,180.808,569.874,1e-20,0.0,0.0,62.4488,0.0,0.0,0.0,0.0,813.132,1.00021,-0.221691,-1.20392,-14.5227,0.0,0.0,0.0,0.0,0.0,,
0.00380196,8.18998e-08,180.522,570.135,1e-20,0.0,0.0,62.4746,0.0,0.0,0.0,0.0,813.131,1.00021,-0.229144,-1.20741,-14.5073,0.0,0.0,0.0,0.0,0.0,,
0.00380393,8.21852e-08,180.198,570.427,1e-20,0.0,0.0,62.5056,0.0,0.0,0.0,0.0,813.131,1.00021,-0.236309,-1.20943,-14.4924,0.0,0.0,0.0,0.0,0.0,,
0.00380596,8.72656e-08,179.875,570.706,1e-20,0.0,0.0,62.5492,0.0,0.0,0.0,0.0,813.13,1.00021,-0.24348,-1.21041,-14.4771,0.0,0.0,0.0,0.0,0.0,,
0.00380797,8.70416e-08,179.589,570.933,1e-20,0.0,0.0,62.6068,0.0,0.0,0.0,0.0,813.129,1.00021,-0.250214,-1.21055,-14.4619,0.0,0.0,0.0,0.0,0.0,,
0.00380998,8.19553e-08,179.319,571.127,1e-20,0.0,0.0,62.6825,0.0,0.0,0.0,0.0,813.128,1.00021,-0.256543,-1.21005,-14.4466,0.0,0.0,0.0,0.0,0.0,,
0.00381196,8.34148e-08,178.992,571.357,1e-20,0.0,0.0,62.7776,0.0,0.0,0.0,0.0,813.127,1.00021,-0.262254,-1.20899,-14.4315,0.0,0.0,0.0,0.0,0.0,,
0.00381399,8.92612e-08,178.513,571.717,1e-20,0.0,0.0,62.8954,0.0,0.0,0.0,0.0,813.125,1.00021,-0.267509,-1.20717,-14.416,0.0,0.0,0.0,0.0,0.0,,
0.00381595,8.87416e-08,177.972,572.129,1e-20,0.0,0.0,63.0221,0.0,0.0,0.0,0.0,813.123,1.0002,-0.272114,-1.20431,-14.4009,0.0,0.0,0.0,0.0,0.0,,
0.00381797,8.70706e-08,177.472,572.498,1e-20,0.0,0.0,63.152,0.0,0.0,0.0,0.0,813.121,1.0002,-0.276417,-1.19992,-14.3855,0.0,0.0,0.0,0.0,0.0,,
0.00382,8.26444e-08,177.113,572.745,1e-20,0.0,0.0,63.2612,0.0,0.0,0.0,0.0,813.12,1.0002,-0.280316,-1.194,-14.37,0.0,0.0,0.0,0.0,0.0,,
0.00382199,8.36173e-08,176.968,572.818,1e-20,0.0,0.0,63.3338,0.0,0.0,0.0,0.0,813.119,1.0002,-0.283762,-1.18688,-14.3548,0.0,0.0,0.0,0.0,0.0,,
0.00382396,8.73288e-08,177.094,572.655,1e-20,0.0,0.0,63.3685,0.0,0.0,0.0,0.0,813.118,1.0002,-0.28669,-1.17896,-14.3397,0.0,0.0,0.0,0.0,0.0,,
0.00382595,8.552e-08,177.48,572.264,1e-20,0.0,0.0,63.3748,0.0,0.0,0.0,0.0,813.118,1.0002,-0.288983,-1.1704,-14.3245,0.0,0.0,0.0,0.0,0.0,,
0.00382799,8.15106e-08,178.063,571.692,1e-20,0.0,0.0,63.3644,0.0,0.0,0.0,0.0,813.12,1.0002,-0.290619,-1.16132,-14.309,0.0,0.0,0.0,0.0,0.0,,
0.00382996,8.3121e-08,178.706,571.061,1e-20,0.0,0.0,63.3535,0.0,0.0,0.0,0.0,813.12,1.0002,-0.291709,-1.15264,-14.2939,0.0,0.0,0.0,0.0,0.0,,
0.00383196,8.33742e-08,179.313,570.46,1e-20,0.0,0.0,63.3486,0.0,0.0,0.0,0.0,813.121,1.0002,-0.292364,-1.14426,-14.2786,0.0,0.0,0.0,0.0,0.0,,
0.00383396,8.82798e-08,179.8,569.97,1e-20,0.0,0.0,63.3515,0.0,0.0,0.0,0.0,813.122,1.0002,-0.292482,-1.13638,-14.2633,0.0,0.0,0.0,0.0,0.0,,
0.00383599,8.82914e-08,180.218,569.551,1e-20,0.0,0.0,63.3543,0.0,0.0,0.0,0.0,813.123,1.0002,-0.291984,-1.12913,-14.2478,0.0,0.0,0.0,0.0,0.0,,
0.00383792,8.31599e-08,180.643,569.133,1e-20,0.0,0.0,63.3486,0.0,0.0,0.0,0.0,813.124,1.0002,-0.290831,-1.1233,-14.233,0.0,0.0,0.0,0.0,0.0,,
0.00384,8.32382e-08,181.301,568.495,1e-20,0.0,0.0,63.3297,0.0,0.0,0.0,0.0,813.125,1.00021,-0.288808,-1.11834,-14.217,0.0,0.0,0.0,0.0,0.0,,
0.00384192,8.84589e-08,182.168,567.657,1e-20,0.0,0.0,63.3012,0.0,0.0,0.0,0.0,813.126,1.00021,-0.286352,-1.11497,-14.2022,0.0,0.0,0.0,0.0,0.0,,
0.00384395,8.8201e-08,183.254,566.611,1e-20,0.0,0.0,63.2628,0.0,0.0,0.0,0.0,813.128,1.00021,-0.283359,-1.11273,-14.1866,0.0,0.0,0.0,0.0,0.0,,
0.00384599,8.18607e-08,184.378,565.531,1e-20,0.0,0.0,63.2205,0.0,0.0,0.0,0.0,813.129,1.00021,-0.280128,-1.11178,-14.1709,0.0,0.0,0.0,0.0,0.0,,
0.00384796,8.21061e-08,185.431,564.511,1e-20,0.0,0.0,63.1877,0.0,0.0,0.0,0.0,813.13,1.00021,-0.276775,-1.11198,-14.1557,0.0,0.0,0.0,0.0,0.0,,
0.00384997,8.8277e-08,186.45,563.513,1e-20,0.0,0.0,63.1688,0.0,0.0,0.0,0.0,813.132,1.00021,-0.272933,-1.11324,-14.1402,0.0,0.0,0.0,0.0,0.0,,
0.00385191,8.83179e-08,187.305,562.666,1e-20,0.0,0.0,63.1618,0.0,0.0,0.0,0.0,813.133,1.00021,-0.26878,-1.11535,-14.1251,0.0,0.0,0.0,0.0,0.0,,
0.003854,8.28654e-08,188.021,561.95,1e-20,0.0,0.0,63.1622,0.0,0.0,0.0,0.0,813.134,1.00022,-0.263799,-1.11844,-14.109,0.0,0.0,0.0,0.0,0.0,,
0.00385599,8.36987e-08,188.455,561.512,1e-20,0.0,0.0,63.1676,0.0,0.0,0.0,0.0,813.134,1.00022,-0.258538,-1.12206,-14.0935,0.0,0.0,0.0,0.0,0.0,,
0.00385793,8.48832e-08,188.617,561.339,1e-20,0.0,0.0,63.1787,0.0,0.0,0.0,0.0,813.135,1.00022,-0.253105,-1.12611,-14.0784,0.0,0.0,0.0,0.0,0.0,,
0.00385997,8.86005e-08,188.512,561.423,1e-20,0.0,0.0,63.201,0.0,0.0,0.0,0.0,813.136,1.00022,-0.247386,-1.13086,-14.0626,0.0,0.0,0.0,0.0,0.0,,
0.00386199,8.70279e-08,188.136,561.761,1e-20,0.0,0.0,63.2399,0.0,0.0,0.0,0.0,813.137,1.00022,-0.241941,-1.13612,-14.0468,0.0,0.0,0.0,0.0,0.0,,
0.00386395,8.18804e-08,187.555,562.291,1e-20,0.0,0.0,63.2917,0.0,0.0,0.0,0.0,813.137,1.00022,-0.23706,-1.14182,-14.0315,0.0,0.0,0.0,0.0,0.0,,
0.00386593,8.28205e-08,186.777,562.999,1e-20,0.0,0.0,63.361,0.0,0.0,0.0,0.0,813.137,1.00022,-0.232622,-1.1481,-14.016,0.0,0.0,0.0,0.0,0.0,,
0.00386792,8.27323e-08,185.81,563.875,1e-20,0.0,0.0,63.4523,0.0,0.0,0.0,0.0,813.138,1.00022,-0.228661,-1.15483,-14.0004,0.0,0.0,0.0,0.0,0.0,,
0.00386998,8.69063e-08,184.632,564.945,1e-20,0.0,0.0,63.5611,0.0,0.0,0.0,0.0,813.138,1.00022,-0.225146,-1.1621,-13.9843,0.0,0.0,0.0,0.0,0.0,,
0.00387197,8.19675e-08,183.379,566.099,1e-20,0.0,0.0,63.6597,0.0,0.0,0.0,0.0,813.138,1.00022,-0.22242,-1.16928,-13.9686,0.0,0.0,0.0,0.0,0.0,,
0.00387395,8.26095e-08,182.076,567.301,1e-20,0.0,0.0,63.7612,0.0,0.0,0.0,0.0,813.138,1.00022,-0.220325,-1.17653,-13.9531,0.0,0.0,0.0,0.0,0.0,,
0.00387593,8.29626e-08,180.786,568.507,1e-20,0.0,0.0,63.8463,0.0,0.0,0.0,0.0,813.139,1.00022,-0.218676,-1.18392,-13.9375,0.0,0.0,0.0,0.0,0.0,,
0.00387795,8.8191e-08,179.647,569.589,1e-20,0.0,0.0,63.9032,0.0,0.0,0.0,0.0,813.139,1.00022,-0.217286,-1.19157,-13.9217,0.0,0.0,0.0,0.0,0.0,,
0.00387997,8.74241e-08,178.801,570.389,1e-20,0.0,0.0,63.95,0.0,0.0,0.0,0.0,813.14,1.00022,-0.216007,-1.19945,-13.9057,0.0,0.0,0.0,0.0,0.0,,
0.00388197,8.18408e-08,178.235,570.9,1e-20,0.0,0.0,64.0052,0.0,0.0,0.0,0.0,813.14,1.00022,-0.21471,-1.20744,-13.8899,0.0,0.0,0.0,0.0,0.0,,
0.00388396,8.77284e-08,177.851,571.227,1e-20,0.0,0.0,64.0629,0.0,0.0,0.0,0.0,813.141,1.00022,-0.213234,-1.21537,-13.8742,0.0,0.0,0.0,0.0,0.0,,
0.00388597,8.83547e-08,177.583,571.448,1e-20,0.0,0.0,64.1102,0.0,0.0,0.0,0.0,813.141,1.00023,-0.211425,-1.22324,-13.8584,0.0,0.0,0.0,0.0,0.0,,
0.00388797,8.29044e-08,177.378,571.605,1e-20,0.0,0.0,64.1582,0.0,0.0,0.0,0.0,813.141,1.00023,-0.209293,-1.23085,-13.8425,0.0,0.0,0.0,0.0,0.0,,
0.00388995,8.28223e-08,177.102,571.809,1e-20,0.0,0.0,64.2305,0.0,0.0,0.0,0.0,813.142,1.00023,-0.206845,-1.23821,-13.8268,0.0,0.0,0.0,0.0,0.0,,
0.00389192,8.87046e-08,176.577,572.261,1e-20,0.0,0.0,64.3041,0.0,0.0,0.0,0.0,813.142,1.00023,-0.204069,-1.24526,-13.8112,0.0,0.0,0.0,0.0,0.0,,
0.00389396,8.8587e-08,175.681,573.091,1e-20,0.0,0.0,64.3702,0.0,0.0,0.0,0.0,813.143,1.00023,-0.201209,-1.25215,-13.795,0.0,0.0,0.0,0.0,0.0,,
0.00389597,8.28241e-08,174.577,574.134,1e-20,0.0,0.0,64.4319,0.0,0.0,0.0,0.0,813.143,1.00023,-0.198434,-1.25847,-13.779,0.0,0.0,0.0,0.0,0.0,,
0.00389795,8.19827e-08,173.491,575.163,1e-20,0.0,0.0,64.4891,0.0,0.0,0.0,0.0,813.143,1.00023,-0.1957,-1.26428,-13.7633,0.0,0.0,0.0,0.0,0.0,,
0.00389995,8.74465e-08,172.517,576.088,1e-20,0.0,0.0,64.5387,0.0,0.0,0.0,0.0,813.144,1.00023,-0.192897,-1.26977,-13.7473,0.0,0.0,0.0,0.0,0.0,,
0.00390197,8.80327e-08,171.669,576.899,1e-20,0.0,0.0,64.5756,0.0,0.0,0.0,0.0,813.144,1.00023,-0.190173,-1.27488,-13.7312,0.0,0.0,0.0,0.0,0.0,,
0.00390394,8.22385e-08,170.938,577.583,1e-20,0.0,0.0,64.6228,0.0,0.0,0.0,0.0,813.144,1.00023,-0.18762,-1.27953,-13.7155,0.0,0.0,0.0,0.0,0.0,,
0.00390598,8.1469e-08,170.252,578.187,1e-20,0.0,0.0,64.7053,0.0,0.0,0.0,0.0,813.145,1.00023,-0.185149,-1.2841,-13.6991,0.0,0.0,0.0,0.0,0.0,,
0.00390795,8.75573e-08,169.812,578.624,1e-20,0.0,0.0,64.7091,0.0,0.0,0.0,0.0,813.145,1.00023,-0.182977,-1.28826,-13.6834,0.0,0.0,0.0,0.0,0.0,,
0.00390994,8.41355e-08,169.466,578.956,1e-20,0.0,0.0,64.7228,0.0,0.0,0.0,0.0,813.145,1.00023,-0.180803,-1.29214,-13.6674,0.0,0.0,0.0,0.0,0.0,,
0.00391197,8.39338e-08,169.112,579.311,1e-20,0.0,0.0,64.7225,0.0,0.0,0.0,0.0,813.145,1.00023,-0.17858,-1.29545,-13.6512,0.0,0.0,0.0,0.0,0.0,,
0.00391397,8.26838e-08,168.755,579.66,1e-20,0.0,0.0,64.7306,0.0,0.0,0.0,0.0,813.146,1.00023,-0.176454,-1.2979,-13.6352,0.0,0.0,0.0,0.0,0.0,,
0.00391595,8.71634e-08,168.423,579.978,1e-20,0.0,0.0,64.745,0.0,0.0,0.0,0.0,813.146,1.00023,-0.174549,-1.29932,-13.6193,0.0,0.0,0.0,0.0,0.0,,
0.00391796,8.75866e-08,168.135,580.246,1e-20,0.0,0.0,64.7652,0.0,0.0,0.0,0.0,813.146,1.00023,-0.172937,-1.29958,-13.6031,0.0,0.0,0.0,0.0,0.0,,
0.00391997,8.76698e-08,167.808,580.555,1e-20,0.0,0.0,64.7835,0.0,0.0,0.0,0.0,813.147,1.00023,-0.171772,-1.29874,-13.5869,0.0,0.0,0.0,0.0,0.0,,
0.00392198,8.66835e-08,167.412,580.93,1e-20,0.0,0.0,64.8047,0.0,0.0,0.0,0.0,813.147,1.00023,-0.171001,-1.29702,-13.5707,0.0,0.0,0.0,0.0,0.0,,
0.00392395,8.16591e-08,167.018,581.309,1e-20,0.0,0.0,64.8198,0.0,0.0,0.0,0.0,813.147,1.00023,-0.170511,-1.29456,-13.5548,0.0,0.0,0.0,0.0,0.0,,
0.00392592,8.23492e-08,166.691,581.622,1e-20,0.0,0.0,64.8339,0.0,0.0,0.0,0.0,813.147,1.00023,-0.170237,-1.29136,-13.5389,0.0,0.0,0.0,0.0,0.0,,
0.00392799,8.29303e-08,166.432,581.868,1e-20,0.0,0.0,64.8472,0.0,0.0,0.0,0.0,813.147,1.00023,-0.170026,-1.28717,-13.5222,0.0,0.0,0.0,0.0,0.0,,
0.00392998,8.30929e-08,166.144,582.148,1e-20,0.0,0.0,64.8551,0.0,0.0,0.0,0.0,813.148,1.00023,-0.169851,-1.28229,-13.5061,0.0,0.0,0.0,0.0,0.0,,
0.00393197,8.29403e-08,165.767,582.525,1e-20,0.0,0.0,64.8554,0.0,0.0,0.0,0.0,813.148,1.00023,-0.169655,-1.27651,-13.49,0.0,0.0,0.0,0.0,0.0,,
0.00393393,8.85815e-08,165.22,583.081,1e-20,0.0,0.0,64.847,0.0,0.0,0.0,0.0,813.148,1.00023,-0.169345,-1.26994,-13.4741,0.0,0.0,0.0,0.0,0.0,,
0.00393597,8.89107e-08,164.517,583.795,1e-20,0.0,0.0,64.836,0.0,0.0,0.0,0.0,813.149,1.00023,-0.168831,-1.26218,-13.4576,0.0,0.0,0.0,0.0,0.0,,
0.00393793,8.82546e-08,163.859,584.464,1e-20,0.0,0.0,64.8262,0.0,0.0,0.0,0.0,813.149,1.00024,-0.168275,-1.25392,-13.4417,0.0,0.0,0.0,0.0,0.0,,
0.00393998,8.15861e-08,163.279,585.053,1e-20,0.0,0.0,64.8168,0.0,0.0,0.0,0.0,813.149,1.00023,-0.167771,-1.24446,-13.425,0.0,0.0,0.0,0.0,0.0,,
0.00394193,8.16503e-08,162.857,585.482,1e-20,0.0,0.0,64.81,0.0,0.0,0.0,0.0,813.149,1.00024,-0.167559,-1.23477,-13.4092,0.0,0.0,0.0,0.0,0.0,,
0.00394397,8.78684e-08,162.516,585.826,1e-20,0.0,0.0,64.8069,0.0,0.0,0.0,0.0,813.15,1.00024,-0.167711,-1.22397,-13.3926,0.0,0.0,0.0,0.0,0.0,,
0.00394596,8.29881e-08,162.339,586.003,1e-20,0.0,0.0,64.8078,0.0,0.0,0.0,0.0,813.15,1.00024,-0.168175,-1.21275,-13.3764,0.0,0.0,0.0,0.0,0.0,,
0.00394795,8.22223e-08,162.322,586.018,1e-20,0.0,0.0,64.8105,0.0,0.0,0.0,0.0,813.15,1.00024,-0.168922,-1.20101,-13.3602,0.0,0.0,0.0,0.0,0.0,,
0.00395,8.20697e-08,162.487,585.849,1e-20,0.0,0.0,64.8134,0.0,0.0,0.0,0.0,813.15,1.00024,-0.170071,-1.18807,-13.3435,0.0,0.0,0.0,0.0,0.0,,
0.00395197,8.28404e-08,162.846,585.489,1e-20,0.0,0.0,64.8152,0.0,0.0,0.0,0.0,813.15,1.00024,-0.171618,-1.17452,-13.3273,0.0,0.0,0.0,0.0,0.0,,
0.00395397,8.35269e-08,163.357,584.976,1e-20,0.0,0.0,64.8169,0.0,0.0,0.0,0.0,813.151,1.00024,-0.173662,-1.15952,-13.311,0.0,0.0,0.0,0.0,0.0,,
0.00395596,8.77268e-08,163.94,584.39,1e-20,0.0,0.0,64.8209,0.0,0.0,0.0,0.0,813.151,1.00024,-0.176144,-1.14323,-13.2948,0.0,0.0,0.0,0.0,0.0,,
0.00395797,8.69428e-08,164.521,583.802,1e-20,0.0,0.0,64.8282,0.0,0.0,0.0,0.0,813.151,1.00024,-0.178939,-1.12542,-13.2783,0.0,0.0,0.0,0.0,0.0,,
0.00395997,8.69645e-08,164.972,583.34,1e-20,0.0,0.0,64.8395,0.0,0.0,0.0,0.0,813.152,1.00024,-0.181744,-1.10651,-13.262,0.0,0.0,0.0,0.0,0.0,,
0.00396196,8.2156e-08,165.091,583.201,1e-20,0.0,0.0,64.8595,0.0,0.0,0.0,0.0,813.152,1.00024,-0.184293,-1.08666,-13.2456,0.0,0.0,0.0,0.0,0.0,,
0.00396393,8.23118e-08,164.854,583.405,1e-20,0.0,0.0,64.8929,0.0,0.0,0.0,0.0,813.152,1.00024,-0.186387,-1.06598,-13.2294,0.0,0.0,0.0,0.0,0.0,,
0.00396599,8.23555e-08,164.323,583.892,1e-20,0.0,0.0,64.9372,0.0,0.0,0.0,0.0,813.152,1.00024,-0.188015,-1.04329,-13.2125,0.0,0.0,0.0,0.0,0.0,,
0.00396797,8.24373e-08,163.634,584.539,1e-20,0.0,0.0,64.9798,0.0,0.0,0.0,0.0,813.153,1.00024,-0.188976,-1.02033,-13.1963,0.0,0.0,0.0,0.0,0.0,,
0.00396995,8.31312e-08,162.773,585.359,1e-20,0.0,0.0,65.0212,0.0,0.0,0.0,0.0,813.153,1.00024,-0.189275,-0.996024,-13.18,0.0,0.0,0.0,0.0,0.0,,
0.00397191,8.87146e-08,161.783,586.308,1e-20,0.0,0.0,65.0619,0.0,0.0,0.0,0.0,813.153,1.00024,-0.188892,-0.970963,-13.1639,0.0,0.0,0.0,0.0,0.0,,
0.00397395,8.79765e-08,160.717,587.333,1e-20,0.0,0.0,65.1035,0.0,0.0,0.0,0.0,813.154,1.00024,-0.187864,-0.944221,-13.1471,0.0,0.0,0.0,0.0,0.0,,
0.00397596,8.69426e-08,159.753,588.261,1e-20,0.0,0.0,65.1403,0.0,0.0,0.0,0.0,813.154,1.00024,-0.186336,-0.917621,-13.1306,0.0,0.0,0.0,0.0,0.0,,
0.00397794,8.22353e-08,159.014,588.969,1e-20,0.0,0.0,65.1706,0.0,0.0,0.0,0.0,813.154,1.00024,-0.184428,-0.89164,-13.1142,0.0,0.0,0.0,0.0,0.0,,
0.00397992,8.33439e-08,158.502,589.455,1e-20,0.0,0.0,65.1961,0.0,0.0,0.0,0.0,813.154,1.00024,-0.182216,-0.865827,-13.0978,0.0,0.0,0.0,0.0,0.0,,
0.00398194,8.81308e-08,158.15,589.791,1e-20,0.0,0.0,65.214,0.0,0.0,0.0,0.0,813.154,1.00024,-0.179842,-0.839859,-13.0812,0.0,0.0,0.0,0.0,0.0,,
0.00398395,8.66634e-08,157.838,590.092,1e-20,0.0,0.0,65.2237,0.0,0.0,0.0,0.0,813.154,1.00024,-0.177526,-0.813808,-13.0646,0.0,0.0,0.0,0.0,0.0,,
0.00398599,8.21858e-08,157.451,590.472,1e-20,0.0,0.0,65.2307,0.0,0.0,0.0,0.0,813.154,1.00024,-0.175363,-0.786835,-13.0477,0.0,0.0,0.0,0.0,0.0,,
0.00398799,8.39248e-08,157.025,590.89,1e-20,0.0,0.0,65.2389,0.0,0.0,0.0,0.0,813.154,1.00024,-0.17349,-0.760047,-13.0312,0.0,0.0,0.0,0.0,0.0,,
0.00398997,8.85519e-08,156.642,591.265,1e-20,0.0,0.0,65.2474,0.0,0.0,0.0,0.0,813.155,1.00024,-0.171766,-0.732907,-13.0148,0.0,0.0,0.0,0.0,0.0,,
0.003992,8.73565e-08,156.309,591.588,1e-20,0.0,0.0,65.2577,0.0,0.0,0.0,0.0,813.155,1.00024,-0.169986,-0.7047,-12.998,0.0,0.0,0.0,0.0,0.0,,
0.003994,8.66106e-08,155.999,591.881,1e-20,0.0,0.0,65.2751,0.0,0.0,0.0,0.0,813.155,1.00024,-0.167981,-0.676663,-12.9814,0.0,0.0,0.0,0.0,0.0,,
0.00399599,8.2008e-08,155.653,592.201,1e-20,0.0,0.0,65.3002,0.0,0.0,0.0,0.0,813.155,1.00024,-0.16541,-0.648807,-12.9648,0.0,0.0,0.0,0.0,0.0,,
0.00399797,8.26125e-08,155.307,592.518,1e-20,0.0,0.0,65.3301,0.0,0.0,0.0,0.0,813.155,1.00024,-0.162339,-0.621894,-12.9484,0.0,0.0,0.0,0.0,0.0,,
0.00399991,8.78345e-08,154.986,592.81,1e-20,0.0,0.0,65.3591,0.0,0.0,0.0,0.0,813.155,1.00024,-0.15898,-0.596366,-12.9323,0.0,0.0,0.0,0.0,0.0,,
0.00400192,8.70392e-08,154.704,593.064,1e-20,0.0,0.0,65.3874,0.0,0.0,0.0,0.0,813.155,1.00024,-0.15543,-0.571049,-12.9156,0.0,0.0,0.0,0.0,0.0,,
0.00400395,8.17571e-08,154.399,593.341,1e-20,0.0,0.0,65.4154,0.0,0.0,0.0,0.0,813.155,1.00024,-0.151977,-0.546594,-12.8987,0.0,0.0,0.0,0.0,0.0,,
0.00400592,8.27925e-08,154.092,593.624,1e-20,0.0,0.0,65.4398,0.0,0.0,0.0,0.0,813.155,1.00024,-0.148509,-0.523776,-12.8823,0.0,0.0,0.0,0.0,0.0,,
0.00400792,8.33765e-08,153.806,593.895,1e-20,0.0,0.0,65.4537,0.0,0.0,0.0,0.0,813.155,1.00024,-0.144699,-0.501601,-12.8656,0.0,0.0,0.0,0.0,0.0,,
0.00400992,8.71234e-08,153.576,594.115,1e-20,0.0,0.0,65.464,0.0,0.0,0.0,0.0,813.155,1.00024,-0.140598,-0.480339,-12.849,0.0,0.0,0.0,0.0,0.0,,
0.00401192,8.71072e-08,153.377,594.3,1e-20,0.0,0.0,65.4789,0.0,0.0,0.0,0.0,813.156,1.00024,-0.136185,-0.459883,-12.8323,0.0,0.0,0.0,0.0,0.0,,
0.00401393,8.26204e-08,153.194,594.473,1e-20,0.0,0.0,65.4885,0.0,0.0,0.0,0.0,813.155,1.00024,-0.13147,-0.440313,-12.8155,0.0,0.0,0.0,0.0,0.0,,
0.00401592,8.31191e-08,153.111,594.545,1e-20,0.0,0.0,65.4994,0.0,0.0,0.0,0.0,813.155,1.00024,-0.126475,-0.421755,-12.7989,0.0,0.0,0.0,0.0,0.0,,
0.00401793,8.71066e-08,153.15,594.492,1e-20,0.0,0.0,65.5146,0.0,0.0,0.0,0.0,813.156,1.00024,-0.121141,-0.403867,-12.7821,0.0,0.0,0.0,0.0,0.0,,
0.00401992,8.59212e-08,153.283,594.339,1e-20,0.0,0.0,65.5333,0.0,0.0,0.0,0.0,813.156,1.00024,-0.115487,-0.387111,-12.7655,0.0,0.0,0.0,0.0,0.0,,
0.00402199,8.18627e-08,153.419,594.18,1e-20,0.0,0.0,65.5571,0.0,0.0,0.0,0.0,813.156,1.00024,-0.109117,-0.370577,-12.7482,0.0,0.0,0.0,0.0,0.0,,
0.00402398,8.36687e-08,153.534,594.039,1e-20,0.0,0.0,65.582,0.0,0.0,0.0,0.0,813.156,1.00024,-0.102672,-0.355425,-12.7316,0.0,0.0,0.0,0.0,0.0,,
0.00402593,8.86308e-08,153.625,593.927,1e-20,0.0,0.0,65.6036,0.0,0.0,0.0,0.0,813.156,1.00024,-0.0962428,-0.341072,-12.7152,0.0,0.0,0.0,0.0,0.0,,
0.00402795,8.70831e-08,153.661,593.873,1e-20,0.0,0.0,65.6217,0.0,0.0,0.0,0.0,813.156,1.00024,-0.0896681,-0.326697,-12.6983,0.0,0.0,0.0,0.0,0.0,,
0.00402994,8.1909e-08,153.594,593.926,1e-20,0.0,0.0,65.6354,0.0,0.0,0.0,0.0,813.155,1.00024,-0.0833659,-0.31298,-12.6816,0.0,0.0,0.0,0.0,0.0,,
0.004032,8.254e-08,153.359,594.151,1e-20,0.0,0.0,65.6445,0.0,0.0,0.0,0.0,813.155,1.00024,-0.0772192,-0.299339,-12.6643,0.0,0.0,0.0,0.0,0.0,,
0.00403398,8.24466e-08,153.002,594.505,1e-20,0.0,0.0,65.6478,0.0,0.0,0.0,0.0,813.155,1.00024,-0.0718474,-0.286575,-12.6477,0.0,0.0,0.0,0.0,0.0,,
0.00403597,8.69505e-08,152.478,595.028,1e-20,0.0,0.0,65.6502,0.0,0.0,0.0,0.0,813.156,1.00024,-0.0671984,-0.274057,-12.6311,0.0,0.0,0.0,0.0,0.0,,
0.00403796,8.69517e-08,151.802,595.697,1e-20,0.0,0.0,65.6569,0.0,0.0,0.0,0.0,813.156,1.00024,-0.063187,-0.261779,-12.6143,0.0,0.0,0.0,0.0,0.0,,
0.00403996,8.22612e-08,151.107,596.376,1e-20,0.0,0.0,65.672,0.0,0.0,0.0,0.0,813.156,1.00024,-0.0597006,-0.249992,-12.5975,0.0,0.0,0.0,0.0,0.0,,
0.00404195,8.34881e-08,150.498,596.963,1e-20,0.0,0.0,65.6955,0.0,0.0,0.0,0.0,813.156,1.00024,-0.056598,-0.238887,-12.5808,0.0,0.0,0.0,0.0,0.0,,
0.00404394,8.96066e-08,149.995,597.44,1e-20,0.0,0.0,65.7211,0.0,0.0,0.0,0.0,813.156,1.00024,-0.0536676,-0.22867,-12.564,0.0,0.0,0.0,0.0,0.0,,
0.00404599,8.8803e-08,149.556,597.857,1e-20,0.0,0.0,65.7433,0.0,0.0,0.0,0.0,813.156,1.00024,-0.0506816,-0.219378,-12.5468,0.0,0.0,0.0,0.0,0.0,,
0.00404793,8.28845e-08,149.191,598.183,1e-20,0.0,0.0,65.7824,0.0,0.0,0.0,0.0,813.156,1.00024,-0.0477972,-0.21189,-12.5305,0.0,0.0,0.0,0.0,0.0,,
0.00404992,8.33005e-08,148.856,598.506,1e-20,0.0,0.0,65.7951,0.0,0.0,0.0,0.0,813.157,1.00024,-0.0447365,-0.205441,-12.5137,0.0,0.0,0.0,0.0,0.0,,
0.00405194,8.86974e-08,148.496,598.838,1e-20,0.0,0.0,65.8223,0.0,0.0,0.0,0.0,813.157,1.00024,-0.0416062,-0.199968,-12.4967,0.0,0.0,0.0,0.0,0.0,,
0.00405396,8.70974e-08,148.184,599.138,1e-20,0.0,0.0,65.8358,0.0,0.0,0.0,0.0,813.157,1.00025,-0.0385452,-0.1953,-12.4796,0.0,0.0,0.0,0.0,0.0,,
0.00405595,8.62243e-08,147.934,599.378,1e-20,0.0,0.0,65.8457,0.0,0.0,0.0,0.0,813.157,1.00025,-0.0357505,-0.191236,-12.4628,0.0,0.0,0.0,0.0,0.0,,
0.00405793,8.19056e-08,147.799,599.496,1e-20,0.0,0.0,65.862,0.0,0.0,0.0,0.0,813.157,1.00025,-0.0333789,-0.187547,-12.4462,0.0,0.0,0.0,0.0,0.0,,
0.00405999,8.25764e-08,147.792,599.492,1e-20,0.0,0.0,65.8739,0.0,0.0,0.0,0.0,813.158,1.00025,-0.031506,-0.184031,-12.4288,0.0,0.0,0.0,0.0,0.0,,
0.00406193,8.7319e-08,147.805,599.47,1e-20,0.0,0.0,65.8835,0.0,0.0,0.0,0.0,813.158,1.00025,-0.030402,-0.181098,-12.4124,0.0,0.0,0.0,0.0,0.0,,
0.00406393,8.70719e-08,147.611,599.649,1e-20,0.0,0.0,65.8982,0.0,0.0,0.0,0.0,813.158,1.00025,-0.0300568,-0.178615,-12.3955,0.0,0.0,0.0,0.0,0.0,,
0.00406595,8.22236e-08,147.14,600.089,1e-20,0.0,0.0,65.9289,0.0,0.0,0.0,0.0,813.158,1.00025,-0.0305032,-0.176843,-12.3784,0.0,0.0,0.0,0.0,0.0,,
0.00406793,8.27094e-08,146.548,600.638,1e-20,0.0,0.0,65.972,0.0,0.0,0.0,0.0,813.158,1.00025,-0.0316686,-0.175975,-12.3617,0.0,0.0,0.0,0.0,0.0,,
0.00406993,8.88166e-08,145.971,601.169,1e-20,0.0,0.0,66.0181,0.0,0.0,0.0,0.0,813.159,1.00025,-0.0336099,-0.176061,-12.3448,0.0,0.0,0.0,0.0,0.0,,
0.00407198,8.88654e-08,145.475,601.623,1e-20,0.0,0.0,66.0607,0.0,0.0,0.0,0.0,813.159,1.00025,-0.0363915,-0.177255,-12.3275,0.0,0.0,0.0,0.0,0.0,,
0.00407391,8.71403e-08,145.044,602.02,1e-20,0.0,0.0,66.0944,0.0,0.0,0.0,0.0,813.159,1.00025,-0.039662,-0.179546,-12.3111,0.0,0.0,0.0,0.0,0.0,,
0.00407594,8.06436e-08,144.651,602.394,1e-20,0.0,0.0,66.1142,0.0,0.0,0.0,0.0,813.159,1.00025,-0.0436536,-0.183141,-12.2939,0.0,0.0,0.0,0.0,0.0,,
0.00407797,8.60121e-08,144.365,602.668,1e-20,0.0,0.0,66.1262,0.0,0.0,0.0,0.0,813.159,1.00025,-0.0482342,-0.187777,-12.2768,0.0,0.0,0.0,0.0,0.0,,
0.00407995,8.6526e-08,144.156,602.865,1e-20,0.0,0.0,66.1386,0.0,0.0,0.0,0.0,813.159,1.00025,-0.0531766,-0.193072,-12.2599,0.0,0.0,0.0,0.0,0.0,,
0.00408194,8.63111e-08,143.941,603.071,1e-20,0.0,0.0,66.1474,0.0,0.0,0.0,0.0,813.159,1.00025,-0.0584512,-0.198944,-12.2431,0.0,0.0,0.0,0.0,0.0,,
0.00408398,8.15103e-08,143.707,603.304,1e-20,0.0,0.0,66.1483,0.0,0.0,0.0,0.0,813.159,1.00025,-0.0641629,-0.205405,-12.2257,0.0,0.0,0.0,0.0,0.0,,
0.00408595,8.24615e-08,143.552,603.46,1e-20,0.0,0.0,66.1477,0.0,0.0,0.0,0.0,813.16,1.00025,-0.0698571,-0.211929,-12.2091,0.0,0.0,0.0,0.0,0.0,,
0.00408798,8.81168e-08,143.552,603.458,1e-20,0.0,0.0,66.1508,0.0,0.0,0.0,0.0,813.16,1.00025,-0.0756928,-0.218872,-12.1919,0.0,0.0,0.0,14116.0,0.0,,
0.00408992,8.79099e-08,143.726,603.277,1e-20,0.0,0.0,66.1577,0.0,0.0,0.0,0.0,813.16,1.00025,-0.0810001,-0.225564,-12.1754,0.0,0.0,0.0,0.0,0.0,,
0.00409196,8.28828e-08,144.035,602.957,1e-20,0.0,0.0,66.1683,0.0,0.0,0.0,0.0,813.161,1.00025,-0.0862777,-0.232494,-12.1581,0.0,0.0,0.0,0.0,0.0,,
0.00409398,8.81786e-08,144.417,602.564,1e-20,0.0,0.0,66.1794,0.0,0.0,0.0,0.0,813.161,1.00025,-0.0912631,-0.239094,-12.1409,0.0,0.0,0.0,0.0,0.0,,
0.00409592,8.76222e-08,144.852,602.118,1e-20,0.0,0.0,66.1917,0.0,0.0,0.0,0.0,813.161,1.00025,-0.0958984,-0.245119,-12.1245,0.0,0.0,0.0,0.0,0.0,,
0.00409792,8.66412e-08,145.321,601.605,1e-20,0.0,0.0,66.2354,0.0,0.0,0.0,0.0,813.162,1.00025,-0.100591,-0.250942,-12.1075,0.0,0.0,0.0,0.0,0.0,,
0.0041,8.15537e-08,145.778,601.1,1e-20,0.0,0.0,66.2841,0.0,0.0,0.0,0.0,813.162,1.00025,-0.105369,-0.256433,-12.0898,0.0,0.0,0.0,0.0,0.0,,
0.00410197,8.25464e-08,146.134,600.727,1e-20,0.0,0.0,66.3006,0.0,0.0,0.0,0.0,813.162,1.00025,-0.109862,-0.261212,-12.0731,0.0,0.0,0.0,0.0,0.0,,
0.00410396,8.34169e-08,146.395,600.474,1e-20,0.0,0.0,66.2939,0.0,0.0,0.0,0.0,813.162,1.00025,-0.114397,-0.2657,-12.0561,0.0,0.0,0.0,0.0,0.0,,
0.00410598,8.86054e-08,146.538,600.347,1e-20,0.0,0.0,66.2779,0.0,0.0,0.0,0.0,813.163,1.00025,-0.119019,-0.269794,-12.039,0.0,0.0,0.0,0.0,0.0,,
0.00410796,8.32352e-08,146.624,600.276,1e-20,0.0,0.0,66.2629,0.0,0.0,0.0,0.0,813.163,1.00025,-0.123586,-0.273195,-12.0221,0.0,0.0,0.0,0.0,0.0,,
0.00410996,8.30747e-08,146.654,600.245,1e-20,0.0,0.0,66.2639,0.0,0.0,0.0,0.0,813.163,1.00025,-0.128139,-0.275859,-12.0051,0.0,0.0,0.0,0.0,0.0,,
0.004112,8.85247e-08,146.539,600.343,1e-20,0.0,0.0,66.2821,0.0,0.0,0.0,0.0,813.164,1.00025,-0.132623,-0.277907,-11.9878,0.0,0.0,0.0,0.0,0.0,,
0.00411394,8.81573e-08,146.235,600.629,1e-20,0.0,0.0,66.3005,0.0,0.0,0.0,0.0,813.164,1.00025,-0.136622,-0.27948,-11.9712,0.0,0.0,0.0,0.0,0.0,,
0.00411596,8.6915e-08,145.813,601.039,1e-20,0.0,0.0,66.3124,0.0,0.0,0.0,0.0,813.165,1.00025,-0.140371,-0.280921,-11.954,0.0,0.0,0.0,0.0,0.0,,
0.00411799,8.11237e-08,145.414,601.413,1e-20,0.0,0.0,66.3371,0.0,0.0,0.0,0.0,813.165,1.00025,-0.143726,-0.282239,-11.9366,0.0,0.0,0.0,0.0,0.0,,
0.00411994,8.16178e-08,144.978,601.777,1e-20,0.0,0.0,66.4099,0.0,0.0,0.0,0.0,813.165,1.00025,-0.146653,-0.283248,-11.92,0.0,0.0,0.0,0.0,0.0,,
0.00412199,8.24271e-08,144.49,602.24,1e-20,0.0,0.0,66.4356,0.0,0.0,0.0,0.0,813.166,1.00026,-0.149633,-0.283849,-11.9024,0.0,0.0,0.0,0.0,0.0,,
0.00412397,8.27426e-08,144.022,602.707,1e-20,0.0,0.0,66.4375,0.0,0.0,0.0,0.0,813.166,1.00026,-0.152603,-0.283851,-11.8855,0.0,0.0,0.0,0.0,0.0,,
0.00412596,8.27308e-08,143.624,603.091,1e-20,0.0,0.0,66.452,0.0,0.0,0.0,0.0,813.166,1.00026,-0.155738,-0.283268,-11.8685,0.0,0.0,0.0,0.0,0.0,,
0.00412795,8.26988e-08,143.463,603.212,1e-20,0.0,0.0,66.4909,0.0,0.0,0.0,0.0,813.167,1.00026,-0.159078,-0.282142,-11.8514,0.0,0.0,0.0,0.0,0.0,,
0.00412996,8.73467e-08,143.572,603.059,1e-20,0.0,0.0,66.5361,0.0,0.0,0.0,0.0,813.167,1.00026,-0.162688,-0.280506,-11.8342,0.0,0.0,0.0,0.0,0.0,,
0.00413196,8.63985e-08,143.847,602.736,1e-20,0.0,0.0,66.5843,0.0,0.0,0.0,0.0,813.167,1.00026,-0.166253,-0.278491,-11.817,0.0,0.0,0.0,0.0,0.0,,
0.00413393,8.58199e-08,144.241,602.296,1e-20,0.0,0.0,66.631,0.0,0.0,0.0,0.0,813.168,1.00026,-0.169392,-0.276288,-11.8,0.0,0.0,0.0,0.0,0.0,,
0.00413594,8.08989e-08,144.817,601.678,1e-20,0.0,0.0,66.6726,0.0,0.0,0.0,0.0,813.168,1.00026,-0.171989,-0.27406,-11.7828,0.0,0.0,0.0,0.0,0.0,,
0.00413795,8.64214e-08,145.49,600.94,1e-20,0.0,0.0,66.7384,0.0,0.0,0.0,0.0,813.168,1.00026,-0.174,-0.271985,-11.7656,0.0,0.0,0.0,0.0,0.0,,
0.00413994,8.69958e-08,146.007,600.353,1e-20,0.0,0.0,66.8089,0.0,0.0,0.0,0.0,813.169,1.00026,-0.17553,-0.270069,-11.7484,0.0,0.0,0.0,0.0,0.0,,
0.00414198,8.24964e-08,146.248,600.053,1e-20,0.0,0.0,66.8686,0.0,0.0,0.0,0.0,813.169,1.00026,-0.176705,-0.268238,-11.7308,0.0,0.0,0.0,0.0,0.0,,
0.00414397,8.27874e-08,146.132,600.085,1e-20,0.0,0.0,66.9524,0.0,0.0,0.0,0.0,813.17,1.00026,-0.177506,-0.266669,-11.7137,0.0,0.0,0.0,0.0,0.0,,
0.00414596,8.36269e-08,145.814,600.317,1e-20,0.0,0.0,67.039,0.0,0.0,0.0,0.0,813.17,1.00026,-0.177926,-0.265412,-11.6965,0.0,0.0,0.0,0.0,0.0,,
0.004148,8.77049e-08,145.444,600.656,1e-20,0.0,0.0,67.0706,0.0,0.0,0.0,0.0,813.17,1.00026,-0.17784,-0.264502,-11.679,0.0,0.0,0.0,0.0,0.0,,
0.00414994,8.82296e-08,145.124,600.956,1e-20,0.0,0.0,67.0909,0.0,0.0,0.0,0.0,813.171,1.00026,-0.177153,-0.26393,-11.6622,0.0,0.0,0.0,0.0,0.0,,
0.00415196,8.16584e-08,144.808,601.257,1e-20,0.0,0.0,67.1056,0.0,0.0,0.0,0.0,813.171,1.00026,-0.175813,-0.263516,-11.6448,0.0,0.0,0.0,0.0,0.0,,
0.004154,8.16201e-08,144.608,601.455,1e-20,0.0,0.0,67.1082,0.0,0.0,0.0,0.0,813.171,1.00026,-0.173963,-0.263092,-11.6272,0.0,0.0,0.0,0.0,0.0,,
0.00415593,8.69899e-08,144.549,601.488,1e-20,0.0,0.0,67.1347,0.0,0.0,0.0,0.0,813.172,1.00026,-0.171763,-0.262498,-11.6105,0.0,0.0,0.0,0.0,0.0,,
0.00415792,8.61423e-08,144.631,601.393,1e-20,0.0,0.0,67.1485,0.0,0.0,0.0,0.0,813.172,1.00026,-0.168993,-0.261599,-11.5932,0.0,0.0,0.0,0.0,0.0,,
0.00415994,8.02652e-08,144.776,601.224,1e-20,0.0,0.0,67.1719,0.0,0.0,0.0,0.0,813.172,1.00026,-0.165644,-0.260457,-11.5757,0.0,0.0,0.0,0.0,0.0,,
0.00416195,8.0847e-08,144.774,601.221,1e-20,0.0,0.0,67.1764,0.0,0.0,0.0,0.0,813.172,1.00026,-0.161754,-0.259205,-11.5583,0.0,0.0,0.0,0.0,0.0,,
0.00416399,8.21753e-08,144.648,601.362,1e-20,0.0,0.0,67.1616,0.0,0.0,0.0,0.0,813.172,1.00026,-0.157346,-0.257893,-11.5406,0.0,0.0,0.0,0.0,0.0,,
0.00416597,8.28269e-08,144.396,601.625,1e-20,0.0,0.0,67.1508,0.0,0.0,0.0,0.0,813.173,1.00026,-0.15265,-0.256597,-11.5234,0.0,0.0,0.0,0.0,0.0,,
0.00416797,8.80019e-08,143.851,602.183,1e-20,0.0,0.0,67.1386,0.0,0.0,0.0,0.0,813.173,1.00026,-0.147407,-0.255385,-11.506,0.0,0.0,0.0,0.0,0.0,,
0.00417,8.81745e-08,142.979,603.066,1e-20,0.0,0.0,67.1288,0.0,0.0,0.0,0.0,813.173,1.00026,-0.141573,-0.254292,-11.4884,0.0,0.0,0.0,0.0,0.0,,
0.00417194,8.82622e-08,141.988,604.063,1e-20,0.0,0.0,67.1229,0.0,0.0,0.0,0.0,813.174,1.00027,-0.135591,-0.253385,-11.4715,0.0,0.0,0.0,0.0,0.0,,
0.00417397,8.78884e-08,140.961,605.096,1e-20,0.0,0.0,67.1167,0.0,0.0,0.0,0.0,813.174,1.00027,-0.129002,-0.2527,-11.4538,0.0,0.0,0.0,0.0,0.0,,
0.00417598,8.72254e-08,140.095,605.968,1e-20,0.0,0.0,67.1113,0.0,0.0,0.0,0.0,813.175,1.00027,-0.122074,-0.252439,-11.4363,0.0,0.0,0.0,0.0,0.0,,
0.00417794,8.14978e-08,139.47,606.597,1e-20,0.0,0.0,67.1076,0.0,0.0,0.0,0.0,813.175,1.00027,-0.115028,-0.252737,-11.4192,0.0,0.0,0.0,0.0,0.0,,
0.00417997,8.13536e-08,138.997,607.072,1e-20,0.0,0.0,67.1065,0.0,0.0,0.0,0.0,813.175,1.00027,-0.107335,-0.253757,-11.4015,0.0,0.0,0.0,0.0,0.0,,
0.00418193,8.23427e-08,138.717,607.352,1e-20,0.0,0.0,67.107,0.0,0.0,0.0,0.0,813.175,1.00027,-0.0995268,-0.255548,-11.3843,0.0,0.0,0.0,0.0,0.0,,
0.00418398,8.82492e-08,138.602,607.466,1e-20,0.0,0.0,67.1078,0.0,0.0,0.0,0.0,813.176,1.00027,-0.0909673,-0.258377,-11.3665,0.0,0.0,0.0,0.0,0.0,,
0.004186,8.74412e-08,138.609,607.455,1e-20,0.0,0.0,67.1118,0.0,0.0,0.0,0.0,813.176,1.00027,-0.0820993,-0.262153,-11.3488,0.0,0.0,0.0,0.0,0.0,,
0.00418791,8.68603e-08,138.542,607.513,1e-20,0.0,0.0,67.1208,0.0,0.0,0.0,0.0,813.176,1.00027,-0.0734384,-0.266605,-11.332,0.0,0.0,0.0,0.0,0.0,,
0.00418992,8.74194e-08,138.355,607.678,1e-20,0.0,0.0,67.1429,0.0,0.0,0.0,0.0,813.176,1.00027,-0.0641774,-0.272243,-11.3145,0.0,0.0,0.0,0.0,0.0,,
0.00419194,8.80929e-08,137.946,607.979,1e-20,0.0,0.0,67.2506,0.0,0.0,0.0,0.0,813.176,1.00027,-0.0545873,-0.279043,-11.2968,0.0,0.0,0.0,0.0,0.0,,
0.00419396,8.72891e-08,137.383,608.43,1e-20,0.0,0.0,67.3629,0.0,0.0,0.0,0.0,813.176,1.00027,-0.0448009,-0.287125,-11.2791,0.0,0.0,0.0,0.0,0.0,,
0.00419599,8.1353e-08,136.89,608.898,1e-20,0.0,0.0,67.3879,0.0,0.0,0.0,0.0,813.176,1.00027,-0.0348582,-0.296778,-11.2612,0.0,0.0,0.0,0.0,0.0,,
0.00419795,8.21512e-08,136.563,609.235,1e-20,0.0,0.0,67.3785,0.0,0.0,0.0,0.0,813.176,1.00027,-0.0253358,-0.307648,-11.244,0.0,0.0,0.0,0.0,0.0,,
0.00419994,8.33208e-08,136.362,609.451,1e-20,0.0,0.0,67.363,0.0,0.0,0.0,0.0,813.176,1.00027,-0.0157408,-0.320336,-11.2266,0.0,0.0,0.0,0.0,0.0,,
0.00420194,8.32852e-08,136.457,609.366,1e-20,0.0,0.0,67.3532,0.0,0.0,0.0,0.0,813.176,1.00027,-0.00612951,-0.334815,-11.209,0.0,0.0,0.0,0.0,0.0,,
0.00420395,8.77207e-08,136.855,608.961,1e-20,0.0,0.0,67.3604,0.0,0.0,0.0,0.0,813.177,1.00027,0.00330036,-0.351055,-11.1913,0.0,0.0,0.0,0.0,0.0,,
0.00420597,8.75488e-08,137.487,608.312,1e-20,0.0,0.0,67.3772,0.0,0.0,0.0,0.0,813.177,1.00027,0.0121164,-0.368737,-11.1736,0.0,0.0,0.0,0.0,0.0,,
0.00420792,8.23857e-08,138.13,607.648,1e-20,0.0,0.0,67.398,0.0,0.0,0.0,0.0,813.177,1.00027,0.0198214,-0.38694,-11.1564,0.0,0.0,0.0,0.0,0.0,,
0.00420998,8.20319e-08,138.726,607.029,1e-20,0.0,0.0,67.4219,0.0,0.0,0.0,0.0,813.177,1.00027,0.026961,-0.406947,-11.1384,0.0,0.0,0.0,0.0,0.0,,
0.00421197,8.62147e-08,139.109,606.619,1e-20,0.0,0.0,67.4493,0.0,0.0,0.0,0.0,813.177,1.00027,0.0329872,-0.426895,-11.1209,0.0,0.0,0.0,0.0,0.0,,
0.00421394,8.50393e-08,139.179,606.519,1e-20,0.0,0.0,67.4789,0.0,0.0,0.0,0.0,813.177,1.00027,0.0381304,-0.446873,-11.1035,0.0,0.0,0.0,0.0,0.0,,
0.00421598,7.98943e-08,138.854,606.814,1e-20,0.0,0.0,67.509,0.0,0.0,0.0,0.0,813.177,1.00027,0.0426396,-0.467458,-11.0856,0.0,0.0,0.0,0.0,0.0,,
0.00421799,8.10426e-08,138.112,607.528,1e-20,0.0,0.0,67.5372,0.0,0.0,0.0,0.0,813.177,1.00027,0.0464059,-0.487437,-11.0679,0.0,0.0,0.0,0.0,0.0,,
0.00421994,8.19054e-08,137.1,608.514,1e-20,0.0,0.0,67.563,0.0,0.0,0.0,0.0,813.177,1.00027,0.0495732,-0.506624,-11.0507,0.0,0.0,0.0,0.0,0.0,,
0.00422195,8.66286e-08,135.951,609.609,1e-20,0.0,0.0,67.6173,0.0,0.0,0.0,0.0,813.177,1.00027,0.0523691,-0.526249,-11.033,0.0,0.0,0.0,0.0,0.0,,
0.00422394,8.67525e-08,134.964,610.543,1e-20,0.0,0.0,67.6698,0.0,0.0,0.0,0.0,813.177,1.00027,0.0546966,-0.545977,-11.0154,0.0,0.0,0.0,0.0,0.0,,
0.00422598,8.2781e-08,134.132,611.309,1e-20,0.0,0.0,67.7357,0.0,0.0,0.0,0.0,813.177,1.00027,0.0565616,-0.56662,-10.9975,0.0,0.0,0.0,0.0,0.0,,
0.00422798,8.32487e-08,133.528,611.882,1e-20,0.0,0.0,67.7669,0.0,0.0,0.0,0.0,813.177,1.00027,0.0577385,-0.587144,-10.9799,0.0,0.0,0.0,0.0,0.0,,
0.00422992,8.75788e-08,133.188,612.233,1e-20,0.0,0.0,67.7562,0.0,0.0,0.0,0.0,813.177,1.00027,0.0582234,-0.607185,-10.9628,0.0,0.0,0.0,0.0,0.0,,
0.00423193,8.68178e-08,133.101,612.332,1e-20,0.0,0.0,67.7433,0.0,0.0,0.0,0.0,813.176,1.00027,0.058266,-0.627524,-10.9451,0.0,0.0,0.0,0.0,0.0,,
0.00423392,8.70225e-08,133.087,612.331,1e-20,0.0,0.0,67.7582,0.0,0.0,0.0,0.0,813.176,1.00027,0.0582503,-0.647112,-10.9275,0.0,0.0,0.0,0.0,0.0,,
0.00423593,8.18283e-08,133.167,612.231,1e-20,0.0,0.0,67.7781,0.0,0.0,0.0,0.0,813.176,1.00027,0.0585313,-0.665798,-10.9098,0.0,0.0,0.0,0.0,0.0,,
0.00423797,8.15413e-08,133.318,612.058,1e-20,0.0,0.0,67.7999,0.0,0.0,0.0,0.0,813.176,1.00027,0.0593966,-0.683757,-10.8919,0.0,0.0,0.0,0.0,0.0,,
0.00423995,8.69101e-08,133.554,611.804,1e-20,0.0,0.0,67.8182,0.0,0.0,0.0,0.0,813.176,1.00027,0.0610122,-0.700099,-10.8744,0.0,0.0,0.0,0.0,0.0,,
0.00424198,8.26421e-08,133.928,611.412,1e-20,0.0,0.0,67.8352,0.0,0.0,0.0,0.0,813.176,1.00027,0.0636032,-0.715851,-10.8565,0.0,0.0,0.0,0.0,0.0,,
0.00424397,8.34897e-08,134.29,611.031,1e-20,0.0,0.0,67.8542,0.0,0.0,0.0,0.0,813.176,1.00027,0.0671083,-0.730398,-10.839,0.0,0.0,0.0,0.0,0.0,,
0.00424598,8.41514e-08,134.56,610.747,1e-20,0.0,0.0,67.8681,0.0,0.0,0.0,0.0,813.176,1.00027,0.071587,-0.744232,-10.8212,0.0,0.0,0.0,0.0,0.0,,
0.004248,8.89034e-08,134.655,610.64,1e-20,0.0,0.0,67.8798,0.0,0.0,0.0,0.0,813.175,1.00027,0.0769851,-0.757215,-10.8034,0.0,0.0,0.0,0.0,0.0,,
0.00424994,8.78681e-08,134.679,610.607,1e-20,0.0,0.0,67.8891,0.0,0.0,0.0,0.0,813.175,1.00027,0.0829528,-0.768819,-10.7863,0.0,0.0,0.0,0.0,0.0,,
0.00425196,8.7668e-08,134.586,610.69,1e-20,0.0,0.0,67.8988,0.0,0.0,0.0,0.0,813.175,1.00027,0.0897153,-0.779937,-10.7685,0.0,0.0,0.0,0.0,0.0,,
0.00425397,8.2656e-08,134.442,610.815,1e-20,0.0,0.0,67.9187,0.0,0.0,0.0,0.0,813.175,1.00027,0.0967981,-0.790152,-10.7508,0.0,0.0,0.0,0.0,0.0,,
0.00425595,8.68002e-08,134.295,610.931,1e-20,0.0,0.0,67.9494,0.0,0.0,0.0,0.0,813.175,1.00027,0.103812,-0.799325,-10.7333,0.0,0.0,0.0,0.0,0.0,,
0.00425794,8.58391e-08,134.272,610.939,1e-20,0.0,0.0,67.9645,0.0,0.0,0.0,0.0,813.176,1.00027,0.110671,-0.807649,-10.7159,0.0,0.0,0.0,0.0,0.0,,
0.00425999,8.12209e-08,134.276,610.932,1e-20,0.0,0.0,67.968,0.0,0.0,0.0,0.0,813.176,1.00027,0.117443,-0.8153,-10.6978,0.0,0.0,0.0,0.0,0.0,,
0.00426195,8.21607e-08,134.258,610.95,1e-20,0.0,0.0,67.9675,0.0,0.0,0.0,0.0,813.176,1.00027,0.123515,-0.821602,-10.6805,0.0,0.0,0.0,0.0,0.0,,
0.00426393,8.26979e-08,134.115,611.088,1e-20,0.0,0.0,67.9732,0.0,0.0,0.0,0.0,813.176,1.00027,0.12926,-0.826704,-10.6631,0.0,0.0,0.0,0.0,0.0,,
0.00426595,8.76668e-08,133.962,611.234,1e-20,0.0,0.0,67.9797,0.0,0.0,0.0,0.0,813.176,1.00027,0.134818,-0.830133,-10.6452,0.0,0.0,0.0,0.0,0.0,,
0.00426797,8.73334e-08,134.006,611.18,1e-20,0.0,0.0,67.9904,0.0,0.0,0.0,0.0,813.176,1.00027,0.140125,-0.831262,-10.6275,0.0,0.0,0.0,0.0,0.0,,
0.00426994,8.18813e-08,134.415,610.752,1e-20,0.0,0.0,68.0089,0.0,0.0,0.0,0.0,813.176,1.00027,0.14524,-0.829907,-10.6101,0.0,0.0,0.0,0.0,0.0,,
0.00427198,8.13305e-08,134.961,610.175,1e-20,0.0,0.0,68.0395,0.0,0.0,0.0,0.0,813.176,1.00027,0.150592,-0.826077,-10.5921,0.0,0.0,0.0,0.0,0.0,,
0.00427395,8.63711e-08,135.3,609.803,1e-20,0.0,0.0,68.0728,0.0,0.0,0.0,0.0,813.175,1.00027,0.156047,-0.820471,-10.5747,0.0,0.0,0.0,0.0,0.0,,
0.00427594,8.70094e-08,135.276,609.778,1e-20,0.0,0.0,68.1214,0.0,0.0,0.0,0.0,813.175,1.00027,0.162027,-0.81338,-10.5571,0.0,0.0,0.0,0.0,0.0,,
0.00427797,8.22874e-08,134.907,610.07,1e-20,0.0,0.0,68.1979,0.0,0.0,0.0,0.0,813.175,1.00027,0.168606,-0.805088,-10.5392,0.0,0.0,0.0,0.0,0.0,,
0.00427994,8.25947e-08,134.34,610.557,1e-20,0.0,0.0,68.2778,0.0,0.0,0.0,0.0,813.174,1.00027,0.175469,-0.796004,-10.5218,0.0,0.0,0.0,0.0,0.0,,
0.00428196,8.81504e-08,133.659,611.161,1e-20,0.0,0.0,68.3543,0.0,0.0,0.0,0.0,813.174,1.00027,0.182842,-0.785683,-10.504,0.0,0.0,0.0,0.0,0.0,,
0.00428398,8.7792e-08,132.906,611.836,1e-20,0.0,0.0,68.4314,0.0,0.0,0.0,0.0,813.173,1.00026,0.190693,-0.774216,-10.4861,0.0,0.0,0.0,0.0,0.0,,
0.00428599,8.69412e-08,132.079,612.558,1e-20,0.0,0.0,68.5351,0.0,0.0,0.0,0.0,813.172,1.00026,0.199141,-0.761973,-10.4682,0.0,0.0,0.0,0.0,0.0,,
0.00428793,8.16377e-08,131.34,613.186,1e-20,0.0,0.0,68.645,0.0,0.0,0.0,0.0,813.171,1.00026,0.207996,-0.749663,-10.4511,0.0,0.0,0.0,0.0,0.0,,
0.00428998,8.66288e-08,130.689,613.735,1e-20,0.0,0.0,68.7467,0.0,0.0,0.0,0.0,813.17,1.00026,0.217976,-0.736292,-10.4328,0.0,0.0,0.0,0.0,0.0,,
0.00429197,8.5811e-08,130.208,614.136,1e-20,0.0,0.0,68.8253,0.0,0.0,0.0,0.0,813.169,1.00026,0.227801,-0.723262,-10.4152,0.0,0.0,0.0,0.0,0.0,,
0.00429393,8.49848e-08,129.769,614.517,1e-20,0.0,0.0,68.8828,0.0,0.0,0.0,0.0,813.169,1.00026,0.237402,-0.710362,-10.3979,0.0,0.0,0.0,0.0,0.0,,
0.00429594,8.03925e-08,129.354,614.894,1e-20,0.0,0.0,68.9206,0.0,0.0,0.0,0.0,813.169,1.00026,0.246892,-0.697156,-10.3802,0.0,0.0,0.0,0.0,0.0,,
0.00429796,8.16429e-08,128.961,615.265,1e-20,0.0,0.0,68.9415,0.0,0.0,0.0,0.0,813.168,1.00026,0.255951,-0.683817,-10.3623,0.0,0.0,0.0,0.0,0.0,,
0.00429993,8.23451e-08,128.639,615.571,1e-20,0.0,0.0,68.9586,0.0,0.0,0.0,0.0,813.168,1.00026,0.26406,-0.670903,-10.345,0.0,0.0,0.0,0.0,0.0,,
0.00430199,8.75382e-08,128.391,615.789,1e-20,0.0,0.0,68.9875,0.0,0.0,0.0,0.0,813.168,1.00026,0.271518,-0.65768,-10.3269,0.0,0.0,0.0,0.0,0.0,,
0.00430395,8.27295e-08,128.294,615.866,1e-20,0.0,0.0,69.0093,0.0,0.0,0.0,0.0,813.169,1.00026,0.277471,-0.645387,-10.3096,0.0,0.0,0.0,0.0,0.0,,
0.00430593,8.29945e-08,128.284,615.86,1e-20,0.0,0.0,69.0248,0.0,0.0,0.0,0.0,813.169,1.00026,0.282228,-0.633181,-10.2921,0.0,0.0,0.0,0.0,0.0,,
0.004308,8.12144e-08,128.274,615.802,1e-20,0.0,0.0,69.0919,0.0,0.0,0.0,0.0,813.168,1.00026,0.285779,-0.620625,-10.2739,0.0,0.0,0.0,0.0,0.0,,
0.00430996,8.37853e-08,128.188,615.846,1e-20,0.0,0.0,69.1335,0.0,0.0,0.0,0.0,813.168,1.00026,0.287894,-0.608576,-10.2566,0.0,0.0,0.0,0.0,0.0,,
0.00431199,8.63821e-08,128.001,616.047,1e-20,0.0,0.0,69.1204,0.0,0.0,0.0,0.0,813.168,1.00026,0.288846,-0.595996,-10.2386,0.0,0.0,0.0,0.0,0.0,,
0.00431397,8.35256e-08,127.696,616.334,1e-20,0.0,0.0,69.1377,0.0,0.0,0.0,0.0,813.168,1.00026,0.288812,-0.583985,-10.2213,0.0,0.0,0.0,0.0,0.0,,
0.00431597,8.32066e-08,127.271,616.733,1e-20,0.0,0.0,69.164,0.0,0.0,0.0,0.0,813.168,1.00026,0.288263,-0.572227,-10.2036,0.0,0.0,0.0,0.0,0.0,,
0.00431795,8.13732e-08,126.295,617.384,1e-20,0.0,0.0,69.4898,0.0,0.0,0.0,0.0,813.169,1.00026,0.287566,-0.561271,-10.1862,0.0,0.0,0.0,0.0,0.0,,
0.00431997,8.68485e-08,125.271,618.359,1e-20,0.0,0.0,69.5386,0.0,0.0,0.0,0.0,813.169,1.00026,0.286869,-0.55078,-10.1684,0.0,0.0,0.0,0.0,0.0,,
0.00432199,8.39392e-08,125.038,618.81,1e-20,0.0,0.0,69.3214,0.0,0.0,0.0,0.0,813.169,1.00026,0.28628,-0.540899,-10.1506,0.0,0.0,0.0,0.0,0.0,,
0.004324,8.26169e-08,124.746,619.176,1e-20,0.0,0.0,69.2482,0.0,0.0,0.0,0.0,813.169,1.00026,0.285822,-0.531279,-10.1329,0.0,0.0,0.0,0.0,0.0,,
0.00432595,8.579e-08,124.326,619.507,1e-20,0.0,0.0,69.3365,0.0,0.0,0.0,0.0,813.169,1.00026,0.285437,-0.521729,-10.1158,0.0,0.0,0.0,0.0,0.0,,
0.00432792,8.58063e-08,124.358,619.5,1e-20,0.0,0.0,69.311,0.0,0.0,0.0,0.0,813.169,1.00026,0.285005,-0.5117,-10.0984,0.0,0.0,0.0,0.0,0.0,,
0.00432995,8.07094e-08,124.777,619.115,1e-20,0.0,0.0,69.2783,0.0,0.0,0.0,0.0,813.17,1.00026,0.284389,-0.501036,-10.0805,0.0,0.0,0.0,0.0,0.0,,
0.00433196,8.05241e-08,125.434,618.468,1e-20,0.0,0.0,69.2686,0.0,0.0,0.0,0.0,813.17,1.00026,0.283564,-0.490419,-10.0628,0.0,0.0,0.0,0.0,0.0,,
0.00433393,8.6742e-08,125.749,618.114,1e-20,0.0,0.0,69.3079,0.0,0.0,0.0,0.0,813.17,1.00026,0.282621,-0.480301,-10.0454,0.0,0.0,0.0,0.0,0.0,,
0.00433594,8.7623e-08,126.152,617.674,1e-20,0.0,0.0,69.344,0.0,0.0,0.0,0.0,813.17,1.00026,0.281554,-0.470706,-10.0276,0.0,0.0,0.0,0.0,0.0,,
0.00433794,8.59114e-08,126.266,617.528,1e-20,0.0,0.0,69.3763,0.0,0.0,0.0,0.0,813.17,1.00026,0.280373,-0.462127,-10.01,0.0,0.0,0.0,0.0,0.0,,
0.00433996,8.03451e-08,126.568,617.196,1e-20,0.0,0.0,69.4063,0.0,0.0,0.0,0.0,813.17,1.00026,0.278936,-0.454433,-9.99221,0.0,0.0,0.0,0.0,0.0,,
0.004342,8.27045e-08,126.393,617.333,1e-20,0.0,0.0,69.444,0.0,0.0,0.0,0.0,813.17,1.00026,0.277028,-0.447464,-9.97425,0.0,0.0,0.0,0.0,0.0,,
0.00434397,8.89194e-08,126.416,617.237,1e-20,0.0,0.0,69.5162,0.0,0.0,0.0,0.0,813.17,1.00026,0.274595,-0.441058,-9.95675,0.0,0.0,0.0,0.0,0.0,,
0.00434597,8.17931e-08,126.247,617.333,1e-20,0.0,0.0,69.5897,0.0,0.0,0.0,0.0,813.17,1.00026,0.271619,-0.434533,-9.93911,0.0,0.0,0.0,0.0,0.0,,
0.00434795,8.55558e-08,126.272,617.246,1e-20,0.0,0.0,69.6524,0.0,0.0,0.0,0.0,813.17,1.00026,0.268398,-0.427793,-9.92167,0.0,0.0,0.0,0.0,0.0,,
0.00434992,8.13292e-08,126.173,617.286,1e-20,0.0,0.0,69.711,0.0,0.0,0.0,0.0,813.17,1.00026,0.265147,-0.420701,-9.90424,0.0,0.0,0.0,0.0,0.0,,
0.00435197,8.23006e-08,126.04,617.377,1e-20,0.0,0.0,69.7526,0.0,0.0,0.0,0.0,813.17,1.00026,0.262068,-0.413114,-9.88618,0.0,0.0,0.0,0.0,0.0,,
0.00435394,8.1743e-08,125.745,617.648,1e-20,0.0,0.0,69.7777,0.0,0.0,0.0,0.0,813.171,1.00026,0.259609,-0.405711,-9.86878,0.0,0.0,0.0,0.0,0.0,,
0.00435599,8.65614e-08,125.483,617.875,1e-20,0.0,0.0,69.8129,0.0,0.0,0.0,0.0,813.171,1.00026,0.257712,-0.397991,-9.85067,0.0,0.0,0.0,0.0,0.0,,
0.00435799,8.73894e-08,125.186,618.122,1e-20,0.0,0.0,69.8634,0.0,0.0,0.0,0.0,813.171,1.00026,0.256649,-0.390371,-9.833,0.0,0.0,0.0,0.0,0.0,,
0.00436,8.6708e-08,124.859,618.393,1e-20,0.0,0.0,69.9195,0.0,0.0,0.0,0.0,813.171,1.00026,0.256416,-0.38254,-9.81531,0.0,0.0,0.0,0.0,0.0,,
0.00436198,8.60202e-08,124.493,618.71,1e-20,0.0,0.0,69.9692,0.0,0.0,0.0,0.0,813.172,1.00026,0.256825,-0.374593,-9.79777,0.0,0.0,0.0,0.0,0.0,,
0.004364,8.13546e-08,124.064,619.088,1e-20,0.0,0.0,70.0197,0.0,0.0,0.0,0.0,813.172,1.00026,0.257595,-0.366569,-9.77999,0.0,0.0,0.0,0.0,0.0,,
0.00436597,8.34397e-08,123.597,619.508,1e-20,0.0,0.0,70.0668,0.0,0.0,0.0,0.0,813.172,1.00026,0.258452,-0.358737,-9.76254,0.0,0.0,0.0,0.0,0.0,,
0.00436799,8.41278e-08,122.824,620.234,1e-20,0.0,0.0,70.1142,0.0,0.0,0.0,0.0,813.172,1.00026,0.259281,-0.350396,-9.74475,0.0,0.0,0.0,0.0,0.0,,
0.00436992,8.88781e-08,121.943,621.062,1e-20,0.0,0.0,70.1662,0.0,0.0,0.0,0.0,813.172,1.00026,0.259989,-0.341629,-9.72771,0.0,0.0,0.0,0.0,0.0,,
0.00437195,8.7947e-08,120.784,622.136,1e-20,0.0,0.0,70.2523,0.0,0.0,0.0,0.0,813.173,1.00026,0.260688,-0.331289,-9.70976,0.0,0.0,0.0,0.0,0.0,,
0.00437396,8.20264e-08,119.697,623.058,1e-20,0.0,0.0,70.4173,0.0,0.0,0.0,0.0,813.173,1.00026,0.261465,-0.319807,-9.69199,0.0,0.0,0.0,0.0,0.0,,
0.00437593,8.21191e-08,118.577,624.005,1e-20,0.0,0.0,70.5913,0.0,0.0,0.0,0.0,813.173,1.00026,0.262433,-0.30736,-9.67458,0.0,0.0,0.0,0.0,0.0,,
0.00437793,8.71255e-08,117.718,624.715,1e-20,0.0,0.0,70.7395,0.0,0.0,0.0,0.0,813.173,1.00026,0.26367,-0.293583,-9.65687,0.0,0.0,0.0,0.0,0.0,,
0.00437993,8.63328e-08,116.941,625.322,1e-20,0.0,0.0,70.91,0.0,0.0,0.0,0.0,813.173,1.00027,0.2652,-0.278879,-9.63922,0.0,0.0,0.0,0.0,0.0,,
0.00438199,8.50663e-08,116.693,625.566,1e-20,0.0,0.0,70.9139,0.0,0.0,0.0,0.0,813.174,1.00027,0.267144,-0.262825,-9.62101,0.0,0.0,0.0,0.0,0.0,,
0.00438393,7.95973e-08,116.622,625.672,1e-20,0.0,0.0,70.8795,0.0,0.0,0.0,0.0,813.174,1.00027,0.269189,-0.246894,-9.60382,0.0,0.0,0.0,0.0,0.0,,
0.00438593,8.05034e-08,116.914,625.4,1e-20,0.0,0.0,70.8592,0.0,0.0,0.0,0.0,813.174,1.00027,0.271273,-0.229817,-9.58612,0.0,0.0,0.0,0.0,0.0,,
0.00438798,8.65881e-08,117.231,625.135,1e-20,0.0,0.0,70.8079,0.0,0.0,0.0,0.0,813.174,1.00027,0.27316,-0.21171,-9.568,0.0,0.0,0.0,0.0,0.0,,
0.00439,8.13732e-08,117.691,624.699,1e-20,0.0,0.0,70.7841,0.0,0.0,0.0,0.0,813.174,1.00027,0.274622,-0.19327,-9.55009,0.0,0.0,0.0,0.0,0.0,,
0.00439194,8.07208e-08,117.922,624.474,1e-20,0.0,0.0,70.7781,0.0,0.0,0.0,0.0,813.175,1.00027,0.275608,-0.175228,-9.53287,0.0,0.0,0.0,0.0,0.0,,
0.00439393,8.65131e-08,117.899,624.509,1e-20,0.0,0.0,70.7668,0.0,0.0,0.0,0.0,813.175,1.00027,0.276334,-0.156755,-9.51525,0.0,0.0,0.0,0.0,0.0,,
0.00439593,8.72913e-08,117.712,624.692,1e-20,0.0,0.0,70.7715,0.0,0.0,0.0,0.0,813.175,1.00027,0.277088,-0.138417,-9.49751,0.0,0.0,0.0,0.0,0.0,,
0.00439792,8.14141e-08,117.38,625.013,1e-20,0.0,0.0,70.7819,0.0,0.0,0.0,0.0,813.175,1.00027,0.278079,-0.120496,-9.47991,0.0,0.0,0.0,0.0,0.0,,
0.00439994,8.07639e-08,116.952,625.43,1e-20,0.0,0.0,70.7932,0.0,0.0,0.0,0.0,813.175,1.00027,0.279303,-0.10238,-9.46196,0.0,0.0,0.0,0.0,0.0,,
0.00440197,8.17646e-08,116.423,625.944,1e-20,0.0,0.0,70.8087,0.0,0.0,0.0,0.0,813.176,1.00027,0.280682,-0.0842777,-9.44396,0.0,0.0,0.0,0.0,0.0,,
0.00440396,8.71267e-08,115.852,626.508,1e-20,0.0,0.0,70.8166,0.0,0.0,0.0,0.0,813.176,1.00027,0.282233,-0.0666006,-9.42636,0.0,0.0,0.0,0.0,0.0,,
0.00440595,8.60968e-08,115.165,627.19,1e-20,0.0,0.0,70.8218,0.0,0.0,0.0,0.0,813.176,1.00027,0.284107,-0.0489321,-9.40867,0.0,0.0,0.0,0.0,0.0,,
0.00440792,8.55123e-08,114.487,627.856,1e-20,0.0,0.0,70.8335,0.0,0.0,0.0,0.0,813.176,1.00027,0.286419,-0.0316862,-9.39117,0.0,0.0,0.0,0.0,0.0,,
0.00440997,8.14304e-08,113.965,628.366,1e-20,0.0,0.0,70.8457,0.0,0.0,0.0,0.0,813.177,1.00027,0.289468,-0.0141257,-9.37299,0.0,0.0,0.0,0.0,0.0,,
0.00441193,8.21926e-08,113.854,628.476,1e-20,0.0,0.0,70.8472,0.0,0.0,0.0,0.0,813.177,1.00027,0.293117,0.00238644,-9.35553,0.0,0.0,0.0,0.0,0.0,,
0.00441392,8.66674e-08,113.958,628.387,1e-20,0.0,0.0,70.832,0.0,0.0,0.0,0.0,813.177,1.00027,0.297555,0.0186611,-9.33788,0.0,0.0,0.0,0.0,0.0,,
0.00441599,8.61018e-08,114.37,627.999,1e-20,0.0,0.0,70.8093,0.0,0.0,0.0,0.0,813.177,1.00027,0.303001,0.0350508,-9.31945,0.0,0.0,0.0,14116.0,0.0,,
0.00441798,8.13226e-08,114.873,627.513,1e-20,0.0,0.0,70.7912,0.0,0.0,0.0,0.0,813.177,1.00027,0.309027,0.0501567,-9.30177,0.0,0.0,0.0,0.0,0.0,,
0.00441994,8.18588e-08,115.432,626.962,1e-20,0.0,0.0,70.783,0.0,0.0,0.0,0.0,813.178,1.00027,0.31577,0.064536,-9.28435,0.0,0.0,0.0,0.0,0.0,,
0.00442197,8.69165e-08,115.83,626.567,1e-20,0.0,0.0,70.781,0.0,0.0,0.0,0.0,813.178,1.00027,0.323642,0.0791402,-9.26628,0.0,0.0,0.0,0.0,0.0,,
0.00442396,8.64485e-08,116.094,626.303,1e-20,0.0,0.0,70.7809,0.0,0.0,0.0,0.0,813.178,1.00027,0.332222,0.0935091,-9.24852,0.0,0.0,0.0,0.0,0.0,,
0.00442594,8.15647e-08,116.144,626.25,1e-20,0.0,0.0,70.7834,0.0,0.0,0.0,0.0,813.178,1.00027,0.34149,0.108209,-9.23092,0.0,0.0,0.0,0.0,0.0,,
0.00442799,8.22261e-08,116.074,626.317,1e-20,0.0,0.0,70.787,0.0,0.0,0.0,0.0,813.178,1.00027,0.351687,0.12442,-9.21267,0.0,0.0,0.0,0.0,0.0,,
0.00442996,8.26448e-08,115.847,626.54,1e-20,0.0,0.0,70.791,0.0,0.0,0.0,0.0,813.178,1.00027,0.361762,0.141409,-9.19502,0.0,0.0,0.0,0.0,0.0,,
0.00443199,8.75001e-08,115.483,626.89,1e-20,0.0,0.0,70.8052,0.0,0.0,0.0,0.0,813.178,1.00027,0.37199,0.160335,-9.17694,0.0,0.0,0.0,0.0,0.0,,
0.00443391,8.72177e-08,114.998,627.344,1e-20,0.0,0.0,70.8362,0.0,0.0,0.0,0.0,813.178,1.00027,0.381344,0.179696,-9.15978,0.0,0.0,0.0,0.0,0.0,,
0.00443599,8.20735e-08,114.449,627.84,1e-20,0.0,0.0,70.8889,0.0,0.0,0.0,0.0,813.178,1.00027,0.390809,0.202133,-9.14126,0.0,0.0,0.0,0.0,0.0,,
0.00443798,8.6869e-08,113.818,628.428,1e-20,0.0,0.0,70.9318,0.0,0.0,0.0,0.0,813.178,1.00027,0.399186,0.225192,-9.12342,0.0,0.0,0.0,0.0,0.0,,
0.00443998,8.67092e-08,113.102,629.109,1e-20,0.0,0.0,70.9666,0.0,0.0,0.0,0.0,813.178,1.00027,0.406712,0.249427,-9.10557,0.0,0.0,0.0,0.0,0.0,,
0.00444197,8.65489e-08,112.371,629.81,1e-20,0.0,0.0,70.997,0.0,0.0,0.0,0.0,813.178,1.00027,0.41326,0.274577,-9.08775,0.0,0.0,0.0,0.0,0.0,,
0.004444,8.12913e-08,111.684,630.467,1e-20,0.0,0.0,71.0268,0.0,0.0,0.0,0.0,813.178,1.00027,0.418895,0.300922,-9.06963,0.0,0.0,0.0,0.0,0.0,,
0.00444598,8.65499e-08,111.132,630.979,1e-20,0.0,0.0,71.0676,0.0,0.0,0.0,0.0,813.178,1.00027,0.423409,0.327404,-9.05189,0.0,0.0,0.0,0.0,0.0,,
0.00444798,8.70423e-08,110.626,631.427,1e-20,0.0,0.0,71.1249,0.0,0.0,0.0,0.0,813.178,1.00027,0.426918,0.354602,-9.03401,0.0,0.0,0.0,0.0,0.0,,
0.00444998,8.68101e-08,110.148,631.854,1e-20,0.0,0.0,71.1758,0.0,0.0,0.0,0.0,813.178,1.00027,0.429417,0.382159,-9.01609,0.0,0.0,0.0,0.0,0.0,,
0.00445198,8.16567e-08,109.798,632.159,1e-20,0.0,0.0,71.2219,0.0,0.0,0.0,0.0,813.178,1.00027,0.430853,0.409903,-8.99812,0.0,0.0,0.0,0.0,0.0,,
0.00445395,8.23133e-08,109.627,632.275,1e-20,0.0,0.0,71.2762,0.0,0.0,0.0,0.0,813.179,1.00027,0.43125,0.43724,-8.98049,0.0,0.0,0.0,0.0,0.0,,
0.00445599,8.74677e-08,109.448,632.386,1e-20,0.0,0.0,71.3449,0.0,0.0,0.0,0.0,813.179,1.00027,0.430526,0.465889,-8.96221,0.0,0.0,0.0,0.0,0.0,,
0.00445799,8.63078e-08,108.998,632.757,1e-20,0.0,0.0,71.4239,0.0,0.0,0.0,0.0,813.179,1.00027,0.428735,0.494322,-8.94426,0.0,0.0,0.0,0.0,0.0,,
0.00445999,8.04366e-08,108.152,633.529,1e-20,0.0,0.0,71.4988,0.0,0.0,0.0,0.0,813.179,1.00027,0.426076,0.523132,-8.92626,0.0,0.0,0.0,0.0,0.0,,
0.00446193,8.10026e-08,107.096,634.512,1e-20,0.0,0.0,71.5719,0.0,0.0,0.0,0.0,813.18,1.00027,0.42296,0.551068,-8.90892,0.0,0.0,0.0,0.0,0.0,,
0.00446397,8.28081e-08,105.796,635.746,1e-20,0.0,0.0,71.6371,0.0,0.0,0.0,0.0,813.18,1.00027,0.419575,0.580733,-8.89054,0.0,0.0,0.0,0.0,0.0,,
0.00446593,8.7987e-08,104.53,636.97,1e-20,0.0,0.0,71.6801,0.0,0.0,0.0,0.0,813.18,1.00027,0.416568,0.609015,-8.87299,0.0,0.0,0.0,0.0,0.0,,
0.00446794,8.65538e-08,103.21,638.249,1e-20,0.0,0.0,71.7222,0.0,0.0,0.0,0.0,813.181,1.00027,0.413796,0.637943,-8.85494,0.0,0.0,0.0,0.0,0.0,,
0.00446992,8.56195e-08,102.013,639.411,1e-20,0.0,0.0,71.7572,0.0,0.0,0.0,0.0,813.181,1.00027,0.411397,0.666328,-8.83715,0.0,0.0,0.0,0.0,0.0,,
0.00447198,8.11317e-08,100.913,640.486,1e-20,0.0,0.0,71.7825,0.0,0.0,0.0,0.0,813.181,1.00027,0.40909,0.695754,-8.8186,0.0,0.0,0.0,0.0,0.0,,
0.004474,8.04873e-08,100.088,641.263,1e-20,0.0,0.0,71.83,0.0,0.0,0.0,0.0,813.182,1.00028,0.406904,0.724419,-8.80039,0.0,0.0,0.0,14116.0,0.0,,
0.00447594,8.13613e-08,99.4958,641.871,1e-20,0.0,0.0,71.8151,0.0,0.0,0.0,0.0,813.182,1.00028,0.404929,0.751418,-8.78295,0.0,0.0,0.0,0.0,0.0,,
0.00447792,8.6257e-08,99.0596,642.285,1e-20,0.0,0.0,71.8379,0.0,0.0,0.0,0.0,813.182,1.00028,0.40312,0.778425,-8.76508,0.0,0.0,0.0,0.0,0.0,,
0.00447997,8.44274e-08,98.7525,642.572,1e-20,0.0,0.0,71.8581,0.0,0.0,0.0,0.0,813.182,1.00028,0.401565,0.805347,-8.74657,0.0,0.0,0.0,0.0,0.0,,
0.00448198,7.98005e-08,98.5636,642.734,1e-20,0.0,0.0,71.8846,0.0,0.0,0.0,0.0,813.182,1.00028,0.400287,0.830449,-8.72845,0.0,0.0,0.0,0.0,0.0,,
0.00448392,8.26653e-08,98.364,642.909,1e-20,0.0,0.0,71.9098,0.0,0.0,0.0,0.0,813.182,1.00028,0.399114,0.853558,-8.71094,0.0,0.0,0.0,0.0,0.0,,
0.00448599,8.94106e-08,97.9721,643.279,1e-20,0.0,0.0,71.9317,0.0,0.0,0.0,0.0,813.183,1.00028,0.397747,0.876837,-8.69236,0.0,0.0,0.0,0.0,0.0,,
0.00448793,8.60113e-08,97.4767,643.751,1e-20,0.0,0.0,71.955,0.0,0.0,0.0,0.0,813.183,1.00028,0.396257,0.897589,-8.67481,0.0,0.0,0.0,0.0,0.0,,
0.00448999,7.76219e-08,96.9583,644.241,1e-20,0.0,0.0,71.9838,0.0,0.0,0.0,0.0,813.183,1.00028,0.394396,0.918421,-8.65615,0.0,0.0,0.0,0.0,0.0,,
0.00449195,7.99488e-08,96.5766,644.599,1e-20,0.0,0.0,72.0081,0.0,0.0,0.0,0.0,813.183,1.00028,0.392417,0.936956,-8.63848,0.0,0.0,0.0,0.0,0.0,,
0.004494,8.38982e-08,96.3355,644.817,1e-20,0.0,0.0,72.0312,0.0,0.0,0.0,0.0,813.184,1.00028,0.390389,0.954921,-8.61996,0.0,0.0,0.0,0.0,0.0,,
0.00449594,8.69829e-08,96.2054,644.928,1e-20,0.0,0.0,72.0504,0.0,0.0,0.0,0.0,813.184,1.00028,0.388919,0.970263,-8.60244,0.0,0.0,0.0,0.0,0.0,,
0.00449798,8.39516e-08,96.0982,645.021,1e-20,0.0,0.0,72.0647,0.0,0.0,0.0,0.0,813.184,1.00028,0.388185,0.98458,-8.58394,0.0,0.0,0.0,0.0,0.0,,
0.00449994,8.10466e-08,95.938,645.173,1e-20,0.0,0.0,72.0729,0.0,0.0,0.0,0.0,813.184,1.00028,0.388318,0.996622,-8.56619,0.0,0.0,0.0,0.0,0.0,,
0.00450193,8.43884e-08,95.7893,645.317,1e-20,0.0,0.0,72.0786,0.0,0.0,0.0,0.0,813.185,1.00028,0.389085,1.00741,-8.54821,0.0,0.0,0.0,0.0,0.0,,
0.00450391,8.83764e-08,95.7161,645.382,1e-20,0.0,0.0,72.0871,0.0,0.0,0.0,0.0,813.185,1.00028,0.390231,1.01704,-8.53024,0.0,0.0,0.0,0.0,0.0,,
0.00450599,8.4944e-08,95.5913,645.497,1e-20,0.0,0.0,72.0972,0.0,0.0,0.0,0.0,813.185,1.00028,0.391661,1.02592,-8.5114,0.0,0.0,0.0,0.0,0.0,,
0.00450793,8.07229e-08,95.4296,645.652,1e-20,0.0,0.0,72.1029,0.0,0.0,0.0,0.0,813.185,1.00028,0.393134,1.03303,-8.49377,0.0,0.0,0.0,0.0,0.0,,
0.00450999,8.33726e-08,95.2203,645.859,1e-20,0.0,0.0,72.1063,0.0,0.0,0.0,0.0,813.185,1.00028,0.394744,1.03922,-8.47515,0.0,0.0,0.0,0.0,0.0,,
0.00451199,8.77479e-08,95.0545,646.023,1e-20,0.0,0.0,72.1083,0.0,0.0,0.0,0.0,813.185,1.00028,0.396147,1.04391,-8.457,0.0,0.0,0.0,0.0,0.0,,
0.00451398,8.55927e-08,94.9565,646.118,1e-20,0.0,0.0,72.1108,0.0,0.0,0.0,0.0,813.186,1.00028,0.397081,1.04738,-8.43894,0.0,0.0,0.0,0.0,0.0,,
0.00451594,8.47026e-08,95.0754,645.996,1e-20,0.0,0.0,72.1148,0.0,0.0,0.0,0.0,813.186,1.00028,0.397338,1.04962,-8.42115,0.0,0.0,0.0,0.0,0.0,,
0.00451795,7.97991e-08,95.455,645.612,1e-20,0.0,0.0,72.1189,0.0,0.0,0.0,0.0,813.186,1.00028,0.396746,1.05068,-8.40285,0.0,0.0,0.0,0.0,0.0,,
0.00451996,8.15787e-08,95.9964,645.066,1e-20,0.0,0.0,72.1234,0.0,0.0,0.0,0.0,813.186,1.00028,0.395114,1.05044,-8.38457,0.0,0.0,0.0,0.0,0.0,,
0.00452193,8.85227e-08,96.5857,644.466,1e-20,0.0,0.0,72.1346,0.0,0.0,0.0,0.0,813.186,1.00028,0.392424,1.04904,-8.36668,0.0,0.0,0.0,0.0,0.0,,
0.00452394,8.6749e-08,97.1448,643.884,1e-20,0.0,0.0,72.1571,0.0,0.0,0.0,0.0,813.186,1.00028,0.388606,1.04667,-8.34836,0.0,0.0,0.0,0.0,0.0,,
0.00452593,7.95721e-08,97.4733,643.528,1e-20,0.0,0.0,72.1851,0.0,0.0,0.0,0.0,813.186,1.00028,0.383937,1.04357,-8.33024,0.0,0.0,0.0,0.0,0.0,,
0.00452794,8.17391e-08,97.664,643.311,1e-20,0.0,0.0,72.2109,0.0,0.0,0.0,0.0,813.186,1.00028,0.378521,1.03979,-8.31197,0.0,0.0,0.0,0.0,0.0,,
0.00452999,8.88925e-08,97.7113,643.243,1e-20,0.0,0.0,72.2329,0.0,0.0,0.0,0.0,813.187,1.00028,0.372335,1.03553,-8.29331,0.0,0.0,0.0,0.0,0.0,,
0.00453193,8.63595e-08,97.6491,643.286,1e-20,0.0,0.0,72.2513,0.0,0.0,0.0,0.0,813.187,1.00028,0.365937,1.0314,-8.27566,0.0,0.0,0.0,0.0,0.0,,
0.00453396,8.3441e-08,97.4898,643.429,1e-20,0.0,0.0,72.2683,0.0,0.0,0.0,0.0,813.187,1.00028,0.358745,1.02708,-8.25716,0.0,0.0,0.0,0.0,0.0,,
0.00453595,8.09012e-08,97.2631,643.643,1e-20,0.0,0.0,72.2814,0.0,0.0,0.0,0.0,813.187,1.00028,0.351349,1.02267,-8.23899,0.0,0.0,0.0,0.0,0.0,,
0.00453792,8.29637e-08,97.058,643.837,1e-20,0.0,0.0,72.2924,0.0,0.0,0.0,0.0,813.187,1.00028,0.34387,1.018,-8.22104,0.0,0.0,0.0,0.0,0.0,,
0.00453998,8.66192e-08,96.9674,643.917,1e-20,0.0,0.0,72.3032,0.0,0.0,0.0,0.0,813.187,1.00028,0.336057,1.01288,-8.20236,0.0,0.0,0.0,0.0,0.0,,
0.00454193,8.01012e-08,97.0141,643.86,1e-20,0.0,0.0,72.3128,0.0,0.0,0.0,0.0,813.187,1.00028,0.328698,1.00799,-8.18454,0.0,0.0,0.0,0.0,0.0,,
0.00454394,8.08757e-08,97.1871,643.678,1e-20,0.0,0.0,72.3225,0.0,0.0,0.0,0.0,813.187,1.00028,0.321158,1.00331,-8.16623,0.0,0.0,0.0,0.0,0.0,,
0.00454597,8.18861e-08,97.4912,643.364,1e-20,0.0,0.0,72.3326,0.0,0.0,0.0,0.0,813.188,1.00028,0.313237,0.999346,-8.14764,0.0,0.0,0.0,0.0,0.0,,
0.004548,8.55905e-08,97.9256,642.918,1e-20,0.0,0.0,72.3437,0.0,0.0,0.0,0.0,813.188,1.00028,0.304702,0.996547,-8.12918,0.0,0.0,0.0,0.0,0.0,,
0.00454995,8.46077e-08,98.278,642.552,1e-20,0.0,0.0,72.3579,0.0,0.0,0.0,0.0,813.188,1.00028,0.295549,0.995027,-8.11131,0.0,0.0,0.0,0.0,0.0,,
0.00455198,7.95823e-08,98.3558,642.454,1e-20,0.0,0.0,72.3778,0.0,0.0,0.0,0.0,813.188,1.00028,0.285065,0.9945,-8.09282,0.0,0.0,0.0,0.0,0.0,,
0.00455398,8.08709e-08,98.1097,642.676,1e-20,0.0,0.0,72.4018,0.0,0.0,0.0,0.0,813.188,1.00028,0.273839,0.994724,-8.07453,0.0,0.0,0.0,0.0,0.0,,
0.004556,8.74342e-08,97.6677,643.091,1e-20,0.0,0.0,72.4289,0.0,0.0,0.0,0.0,813.188,1.00028,0.261929,0.995518,-8.05608,0.0,0.0,0.0,0.0,0.0,,
0.00455792,8.68927e-08,97.1208,643.614,1e-20,0.0,0.0,72.4536,0.0,0.0,0.0,0.0,813.188,1.00028,0.250185,0.996726,-8.03852,0.0,0.0,0.0,0.0,0.0,,
0.00455997,8.09474e-08,96.3092,644.404,1e-20,0.0,0.0,72.4745,0.0,0.0,0.0,0.0,813.188,1.00028,0.237238,0.998536,-8.01978,0.0,0.0,0.0,0.0,0.0,,
0.004562,8.17035e-08,95.3419,645.36,1e-20,0.0,0.0,72.4865,0.0,0.0,0.0,0.0,813.188,1.00028,0.224066,1.00092,-8.00124,0.0,0.0,0.0,0.0,0.0,,
0.00456398,8.3361e-08,94.349,646.35,1e-20,0.0,0.0,72.4891,0.0,0.0,0.0,0.0,813.188,1.00028,0.210981,1.00396,-7.98313,0.0,0.0,0.0,0.0,0.0,,
0.00456598,8.76186e-08,93.4232,647.278,1e-20,0.0,0.0,72.4875,0.0,0.0,0.0,0.0,813.189,1.00028,0.197632,1.00795,-7.96485,0.0,0.0,0.0,0.0,0.0,,
0.00456796,8.50085e-08,92.6105,648.091,1e-20,0.0,0.0,72.4869,0.0,0.0,0.0,0.0,813.189,1.00028,0.184287,1.01288,-7.94669,0.0,0.0,0.0,0.0,0.0,,
0.00456999,7.94839e-08,91.8909,648.809,1e-20,0.0,0.0,72.489,0.0,0.0,0.0,0.0,813.189,1.00028,0.170744,1.01875,-7.9282,0.0,0.0,0.0,0.0,0.0,,
0.004572,8.14789e-08,91.2468,649.449,1e-20,0.0,0.0,72.4933,0.0,0.0,0.0,0.0,813.189,1.00028,0.157462,1.02525,-7.90983,0.0,0.0,0.0,0.0,0.0,,
0.00457398,8.68913e-08,90.7033,649.987,1e-20,0.0,0.0,72.4989,0.0,0.0,0.0,0.0,813.189,1.00028,0.14461,1.03226,-7.89169,0.0,0.0,0.0,0.0,0.0,,
0.00457597,8.59009e-08,90.3195,650.363,1e-20,0.0,0.0,72.5067,0.0,0.0,0.0,0.0,813.189,1.00028,0.13213,1.03985,-7.87351,0.0,0.0,0.0,0.0,0.0,,
0.00457795,8.09934e-08,90.1534,650.519,1e-20,0.0,0.0,72.5169,0.0,0.0,0.0,0.0,813.189,1.00028,0.120216,1.04801,-7.85537,0.0,0.0,0.0,0.0,0.0,,
0.00457999,8.26324e-08,90.0876,650.574,1e-20,0.0,0.0,72.5275,0.0,0.0,0.0,0.0,813.189,1.00028,0.108645,1.05709,-7.83666,0.0,0.0,0.0,0.0,0.0,,
0.00458195,8.88253e-08,89.9742,650.678,1e-20,0.0,0.0,72.5375,0.0,0.0,0.0,0.0,813.19,1.00029,0.0984443,1.06649,-7.81871,0.0,0.0,0.0,0.0,0.0,,
0.00458398,8.75744e-08,89.7789,650.863,1e-20,0.0,0.0,72.5479,0.0,0.0,0.0,0.0,813.19,1.00029,0.0890813,1.07703,-7.8001,0.0,0.0,0.0,0.0,0.0,,
0.00458598,8.58437e-08,89.5504,651.082,1e-20,0.0,0.0,72.5577,0.0,0.0,0.0,0.0,813.19,1.00029,0.081296,1.08818,-7.78184,0.0,0.0,0.0,0.0,0.0,,
0.00458796,8.05349e-08,89.3251,651.298,1e-20,0.0,0.0,72.5665,0.0,0.0,0.0,0.0,813.19,1.00028,0.075023,1.09993,-7.76371,0.0,0.0,0.0,0.0,0.0,,
0.00458999,8.62046e-08,89.1994,651.416,1e-20,0.0,0.0,72.5739,0.0,0.0,0.0,0.0,813.19,1.00029,0.0700083,1.11253,-7.74509,0.0,0.0,0.0,0.0,0.0,,
0.00459198,8.6185e-08,89.0948,651.512,1e-20,0.0,0.0,72.5826,0.0,0.0,0.0,0.0,813.19,1.00029,0.0663284,1.12523,-7.72692,0.0,0.0,0.0,0.0,0.0,,
0.00459398,8.03719e-08,89.0584,651.535,1e-20,0.0,0.0,72.596,0.0,0.0,0.0,0.0,813.19,1.00029,0.0636994,1.13845,-7.7085,0.0,0.0,0.0,0.0,0.0,,
0.00459599,8.04985e-08,89.0194,651.555,1e-20,0.0,0.0,72.6156,0.0,0.0,0.0,0.0,813.19,1.00029,0.06209,1.15191,-7.69012,0.0,0.0,0.0,0.0,0.0,,
0.00459794,8.18993e-08,88.981,651.569,1e-20,0.0,0.0,72.6398,0.0,0.0,0.0,0.0,813.19,1.00029,0.0613866,1.16505,-7.67229,0.0,0.0,0.0,0.0,0.0,,
0.00459999,8.71702e-08,88.9164,651.605,1e-20,0.0,0.0,72.6689,0.0,0.0,0.0,0.0,813.19,1.00029,0.0614527,1.17876,-7.65347,0.0,0.0,0.0,0.0,0.0,,
0.00460198,8.51272e-08,88.9751,651.517,1e-20,0.0,0.0,72.6979,0.0,0.0,0.0,0.0,813.19,1.00029,0.0621374,1.19164,-7.6353,0.0,0.0,0.0,0.0,0.0,,
0.00460398,7.90008e-08,89.1086,651.357,1e-20,0.0,0.0,72.724,0.0,0.0,0.0,0.0,813.19,1.00029,0.0632041,1.20417,-7.61699,0.0,0.0,0.0,0.0,0.0,,
0.00460596,8.01096e-08,89.2071,651.239,1e-20,0.0,0.0,72.7441,0.0,0.0,0.0,0.0,813.19,1.00029,0.0644137,1.21613,-7.59882,0.0,0.0,0.0,0.0,0.0,,
0.00460799,8.6056e-08,89.2616,651.17,1e-20,0.0,0.0,72.7587,0.0,0.0,0.0,0.0,813.19,1.00029,0.0656624,1.22787,-7.58032,0.0,0.0,0.0,0.0,0.0,,
0.00460995,8.45966e-08,89.322,651.101,1e-20,0.0,0.0,72.768,0.0,0.0,0.0,0.0,813.191,1.00029,0.0668725,1.2389,-7.56234,0.0,0.0,0.0,0.0,0.0,,
0.00461197,8.36543e-08,89.4819,650.936,1e-20,0.0,0.0,72.7732,0.0,0.0,0.0,0.0,813.191,1.00029,0.0681333,1.24986,-7.54392,0.0,0.0,0.0,0.0,0.0,,
0.00461395,8.02668e-08,89.6533,650.757,1e-20,0.0,0.0,72.7807,0.0,0.0,0.0,0.0,813.191,1.00029,0.0694536,1.2604,-7.52574,0.0,0.0,0.0,0.0,0.0,,
0.00461599,8.22861e-08,89.8691,650.538,1e-20,0.0,0.0,72.7843,0.0,0.0,0.0,0.0,813.192,1.00029,0.0709819,1.27095,-7.50717,0.0,0.0,0.0,0.0,0.0,,
0.00461796,8.7464e-08,90.1066,650.308,1e-20,0.0,0.0,72.7777,0.0,0.0,0.0,0.0,813.192,1.00029,0.0726872,1.28117,-7.48914,0.0,0.0,0.0,0.0,0.0,,
0.00461996,8.59631e-08,90.4,650.018,1e-20,0.0,0.0,72.7746,0.0,0.0,0.0,0.0,813.192,1.00029,0.0745485,1.29163,-7.47092,0.0,0.0,0.0,0.0,0.0,,
0.00462196,8.10253e-08,90.6824,649.739,1e-20,0.0,0.0,72.7714,0.0,0.0,0.0,0.0,813.193,1.00029,0.0763453,1.30247,-7.45266,0.0,0.0,0.0,0.0,0.0,,
0.004624,8.24464e-08,91.0015,649.43,1e-20,0.0,0.0,72.7615,0.0,0.0,0.0,0.0,813.193,1.00029,0.0779136,1.31398,-7.43403,0.0,0.0,0.0,0.0,0.0,,
0.00462593,8.79405e-08,91.3397,649.107,1e-20,0.0,0.0,72.7476,0.0,0.0,0.0,0.0,813.194,1.00029,0.0790502,1.32522,-7.41639,0.0,0.0,0.0,0.0,0.0,,
0.00462794,8.64447e-08,91.7341,648.724,1e-20,0.0,0.0,72.7365,0.0,0.0,0.0,0.0,813.194,1.00029,0.079774,1.33696,-7.39807,0.0,0.0,0.0,0.0,0.0,,
0.00462997,7.98668e-08,92.0973,648.368,1e-20,0.0,0.0,72.7294,0.0,0.0,0.0,0.0,813.195,1.00029,0.0799613,1.34865,-7.37954,0.0,0.0,0.0,0.0,0.0,,
0.00463197,8.04127e-08,92.5054,647.964,1e-20,0.0,0.0,72.7257,0.0,0.0,0.0,0.0,813.195,1.00029,0.0795735,1.35984,-7.36133,0.0,0.0,0.0,0.0,0.0,,
0.00463392,8.21853e-08,92.9283,647.537,1e-20,0.0,0.0,72.7302,0.0,0.0,0.0,0.0,813.195,1.00029,0.0785975,1.37046,-7.34354,0.0,0.0,0.0,0.0,0.0,,
0.00463599,8.65386e-08,93.4274,647.026,1e-20,0.0,0.0,72.742,0.0,0.0,0.0,0.0,813.196,1.00029,0.0768778,1.38143,-7.32467,0.0,0.0,0.0,0.0,0.0,,
0.00463796,8.48472e-08,93.8527,646.594,1e-20,0.0,0.0,72.7495,0.0,0.0,0.0,0.0,813.196,1.00029,0.0745561,1.39156,-7.30673,0.0,0.0,0.0,0.0,0.0,,
0.00463997,8.114e-08,94.2543,646.183,1e-20,0.0,0.0,72.7592,0.0,0.0,0.0,0.0,813.196,1.00029,0.071553,1.40147,-7.28841,0.0,0.0,0.0,0.0,0.0,,
0.00464196,8.44098e-08,94.7431,645.685,1e-20,0.0,0.0,72.7684,0.0,0.0,0.0,0.0,813.197,1.00029,0.0680945,1.4105,-7.27034,0.0,0.0,0.0,0.0,0.0,,
0.00464395,8.85811e-08,95.3513,645.071,1e-20,0.0,0.0,72.7744,0.0,0.0,0.0,0.0,813.197,1.00029,0.0642366,1.41846,-7.25222,0.0,0.0,0.0,0.0,0.0,,
0.00464597,8.59387e-08,95.893,644.518,1e-20,0.0,0.0,72.7866,0.0,0.0,0.0,0.0,813.197,1.00029,0.0599423,1.42497,-7.23386,0.0,0.0,0.0,0.0,0.0,,
0.00464792,8.41308e-08,96.2322,644.159,1e-20,0.0,0.0,72.8065,0.0,0.0,0.0,0.0,813.198,1.00029,0.0554315,1.42938,-7.21612,0.0,0.0,0.0,0.0,0.0,,
0.00464995,8.03245e-08,96.3963,643.988,1e-20,0.0,0.0,72.8135,0.0,0.0,0.0,0.0,813.198,1.00029,0.0504487,1.4316,-7.19765,0.0,0.0,0.0,0.0,0.0,,
0.00465197,8.14295e-08,96.327,644.042,1e-20,0.0,0.0,72.8294,0.0,0.0,0.0,0.0,813.198,1.0003,0.0452312,1.43113,-7.17926,0.0,0.0,0.0,0.0,0.0,,
0.00465399,8.52011e-08,96.1238,644.231,1e-20,0.0,0.0,72.8434,0.0,0.0,0.0,0.0,813.198,1.0003,0.0397575,1.42789,-7.16093,0.0,0.0,0.0,0.0,0.0,,
0.00465593,8.41662e-08,95.8692,644.476,1e-20,0.0,0.0,72.8536,0.0,0.0,0.0,0.0,813.199,1.0003,0.0341461,1.42217,-7.14328,0.0,0.0,0.0,0.0,0.0,,
0.00465796,8.04846e-08,95.5299,644.809,1e-20,0.0,0.0,72.8598,0.0,0.0,0.0,0.0,813.199,1.0003,0.0277986,1.41364,-7.12493,0.0,0.0,0.0,0.0,0.0,,
0.00466,8.28898e-08,95.1478,645.185,1e-20,0.0,0.0,72.8665,0.0,0.0,0.0,0.0,813.199,1.0003,0.0206957,1.40265,-7.10644,0.0,0.0,0.0,0.0,0.0,,
0.00466196,8.87871e-08,94.9522,645.364,1e-20,0.0,0.0,72.883,0.0,0.0,0.0,0.0,813.2,1.0003,0.0131359,1.39015,-7.08864,0.0,0.0,0.0,0.0,0.0,,
0.00466398,8.62542e-08,94.9223,645.363,1e-20,0.0,0.0,72.9143,0.0,0.0,0.0,0.0,813.2,1.0003,0.00473095,1.3757,-7.07035,0.0,0.0,0.0,0.0,0.0,,
0.00466594,8.38448e-08,95.0332,645.218,1e-20,0.0,0.0,72.9489,0.0,0.0,0.0,0.0,813.2,1.0003,-0.00383832,1.36026,-7.05266,0.0,0.0,0.0,0.0,0.0,,
0.00466792,7.92967e-08,95.1673,645.057,1e-20,0.0,0.0,72.9755,0.0,0.0,0.0,0.0,813.2,1.0003,-0.0128296,1.34309,-7.03467,0.0,0.0,0.0,0.0,0.0,,
0.00466993,8.14257e-08,95.1943,645.0,1e-20,0.0,0.0,73.0064,0.0,0.0,0.0,0.0,813.201,1.0003,-0.0221871,1.3242,-7.01652,0.0,0.0,0.0,0.0,0.0,,
0.00467194,8.60949e-08,94.9396,645.229,1e-20,0.0,0.0,73.0323,0.0,0.0,0.0,0.0,813.201,1.0003,-0.0319059,1.30367,-6.99836,0.0,0.0,0.0,0.0,0.0,,
0.00467399,7.97791e-08,94.4319,645.717,1e-20,0.0,0.0,73.0527,0.0,0.0,0.0,0.0,813.202,1.0003,-0.0422812,1.28114,-6.9799,0.0,0.0,0.0,0.0,0.0,,
0.004676,8.14313e-08,93.7144,646.41,1e-20,0.0,0.0,73.0772,0.0,0.0,0.0,0.0,813.202,1.0003,-0.0530913,1.25743,-6.96176,0.0,0.0,0.0,0.0,0.0,,
0.00467798,8.34828e-08,92.9788,647.112,1e-20,0.0,0.0,73.111,0.0,0.0,0.0,0.0,813.202,1.0003,-0.0642756,1.23285,-6.94387,0.0,0.0,0.0,0.0,0.0,,
0.00467996,8.69223e-08,92.3404,647.715,1e-20,0.0,0.0,73.147,0.0,0.0,0.0,0.0,813.202,1.0003,-0.0758195,1.20745,-6.92604,0.0,0.0,0.0,0.0,0.0,,
0.00468192,8.38672e-08,91.8901,648.129,1e-20,0.0,0.0,73.1837,0.0,0.0,0.0,0.0,813.202,1.0003,-0.0875987,1.18157,-6.90833,0.0,0.0,0.0,0.0,0.0,,
0.00468399,7.83031e-08,91.5498,648.427,1e-20,0.0,0.0,73.226,0.0,0.0,0.0,0.0,813.202,1.0003,-0.10029,1.15356,-6.88965,0.0,0.0,0.0,0.0,0.0,,
0.00468596,7.96965e-08,91.1938,648.738,1e-20,0.0,0.0,73.2709,0.0,0.0,0.0,0.0,813.202,1.0003,-0.112495,1.1262,-6.8719,0.0,0.0,0.0,0.0,0.0,,
0.00468797,8.07586e-08,90.7224,649.148,1e-20,0.0,0.0,73.3319,0.0,0.0,0.0,0.0,813.203,1.0003,-0.125032,1.09754,-6.85383,0.0,0.0,0.0,0.0,0.0,,
0.00468993,8.49975e-08,90.2154,649.593,1e-20,0.0,0.0,73.3944,0.0,0.0,0.0,0.0,813.203,1.0003,-0.137238,1.06878,-6.8362,0.0,0.0,0.0,0.0,0.0,,
0.00469195,7.96655e-08,89.7399,650.005,1e-20,0.0,0.0,73.4573,0.0,0.0,0.0,0.0,813.203,1.0003,-0.149494,1.03824,-6.81807,0.0,0.0,0.0,0.0,0.0,,
0.00469396,8.14453e-08,89.326,650.366,1e-20,0.0,0.0,73.5107,0.0,0.0,0.0,0.0,813.203,1.0003,-0.161122,1.00672,-6.80006,0.0,0.0,0.0,0.0,0.0,,
0.00469595,8.47379e-08,88.9275,650.733,1e-20,0.0,0.0,73.5428,0.0,0.0,0.0,0.0,813.203,1.0003,-0.171958,0.974095,-6.78218,0.0,0.0,0.0,0.0,0.0,,
0.00469796,8.93754e-08,88.5215,651.114,1e-20,0.0,0.0,73.5678,0.0,0.0,0.0,0.0,813.203,1.0003,-0.18218,0.939777,-6.76413,0.0,0.0,0.0,0.0,0.0,,
0.00469998,8.55069e-08,88.2685,651.344,1e-20,0.0,0.0,73.5909,0.0,0.0,0.0,0.0,813.203,1.0003,-0.191739,0.904122,-6.74613,0.0,0.0,0.0,0.0,0.0,,
0.00470193,8.45442e-08,88.2226,651.366,1e-20,0.0,0.0,73.6141,0.0,0.0,0.0,0.0,813.203,1.0003,-0.200481,0.868312,-6.7287,0.0,0.0,0.0,0.0,0.0,,
0.00470395,8.10047e-08,88.2575,651.307,1e-20,0.0,0.0,73.6393,0.0,0.0,0.0,0.0,813.203,1.0003,-0.209169,0.83002,-6.71061,0.0,0.0,0.0,0.0,0.0,,
0.00470598,8.10919e-08,88.172,651.375,1e-20,0.0,0.0,73.6561,0.0,0.0,0.0,0.0,813.204,1.0003,-0.217588,0.790861,-6.69248,0.0,0.0,0.0,0.0,0.0,,
0.00470794,8.42466e-08,88.0294,651.511,1e-20,0.0,0.0,73.6634,0.0,0.0,0.0,0.0,813.204,1.0003,-0.225555,0.752811,-6.67507,0.0,0.0,0.0,0.0,0.0,,
0.00470995,8.41786e-08,87.8295,651.707,1e-20,0.0,0.0,73.6678,0.0,0.0,0.0,0.0,813.204,1.0003,-0.233836,0.713425,-6.65715,0.0,0.0,0.0,0.0,0.0,,
0.00471196,8.09296e-08,87.6587,651.874,1e-20,0.0,0.0,73.6715,0.0,0.0,0.0,0.0,813.205,1.0003,-0.242352,0.674182,-6.63933,0.0,0.0,0.0,0.0,0.0,,
0.004714,8.18603e-08,87.3657,652.16,1e-20,0.0,0.0,73.6794,0.0,0.0,0.0,0.0,813.205,1.0003,-0.251345,0.634323,-6.62125,0.0,0.0,0.0,0.0,0.0,,
0.00471593,8.70058e-08,86.9101,652.598,1e-20,0.0,0.0,73.6973,0.0,0.0,0.0,0.0,813.205,1.0003,-0.260154,0.596409,-6.60406,0.0,0.0,0.0,0.0,0.0,,
0.00471793,8.68883e-08,86.3181,653.156,1e-20,0.0,0.0,73.7319,0.0,0.0,0.0,0.0,813.206,1.0003,-0.269376,0.557213,-6.58632,0.0,0.0,0.0,0.0,0.0,,
0.00471997,8.12658e-08,85.675,653.755,1e-20,0.0,0.0,73.7759,0.0,0.0,0.0,0.0,813.206,1.0003,-0.278671,0.517401,-6.56823,0.0,0.0,0.0,0.0,0.0,,
0.00472199,8.05414e-08,85.201,654.181,1e-20,0.0,0.0,73.8242,0.0,0.0,0.0,0.0,813.206,1.00031,-0.287457,0.478238,-6.5503,0.0,0.0,0.0,0.0,0.0,,
0.00472395,8.51066e-08,84.8488,654.489,1e-20,0.0,0.0,73.8679,0.0,0.0,0.0,0.0,813.206,1.00031,-0.295255,0.440743,-6.53299,0.0,0.0,0.0,0.0,0.0,,
0.00472598,8.41174e-08,84.4579,654.844,1e-20,0.0,0.0,73.9041,0.0,0.0,0.0,0.0,813.206,1.00031,-0.302565,0.401888,-6.515,0.0,0.0,0.0,0.0,0.0,,
0.00472794,7.88311e-08,83.9401,655.335,1e-20,0.0,0.0,73.9315,0.0,0.0,0.0,0.0,813.206,1.00031,-0.308872,0.364266,-6.49765,0.0,0.0,0.0,0.0,0.0,,
0.00472993,8.07912e-08,83.3918,655.854,1e-20,0.0,0.0,73.96,0.0,0.0,0.0,0.0,813.206,1.00031,-0.31446,0.325843,-6.48008,0.0,0.0,0.0,0.0,0.0,,
0.00473199,8.44013e-08,82.8646,656.345,1e-20,0.0,0.0,73.9968,0.0,0.0,0.0,0.0,813.206,1.00031,-0.319325,0.285448,-6.46184,0.0,0.0,0.0,0.0,0.0,,
0.00473394,8.90133e-08,82.3605,656.81,1e-20,0.0,0.0,74.0355,0.0,0.0,0.0,0.0,813.206,1.00031,-0.323167,0.246902,-6.44463,0.0,0.0,0.0,0.0,0.0,,
0.00473597,8.68382e-08,81.8159,657.317,1e-20,0.0,0.0,74.074,0.0,0.0,0.0,0.0,813.207,1.00031,-0.326651,0.206653,-6.42676,0.0,0.0,0.0,0.0,0.0,,
0.00473793,8.10076e-08,81.3615,657.74,1e-20,0.0,0.0,74.1056,0.0,0.0,0.0,0.0,813.207,1.00031,-0.329628,0.168049,-6.40955,0.0,0.0,0.0,0.0,0.0,,
0.00473996,8.14931e-08,81.0433,658.035,1e-20,0.0,0.0,74.1289,0.0,0.0,0.0,0.0,813.207,1.00031,-0.332323,0.128679,-6.39171,0.0,0.0,0.0,0.0,0.0,,
0.00474194,8.56584e-08,80.8771,658.19,1e-20,0.0,0.0,74.1408,0.0,0.0,0.0,0.0,813.208,1.00031,-0.33454,0.0912249,-6.37437,0.0,0.0,0.0,0.0,0.0,,
0.00474397,8.38559e-08,80.7601,658.299,1e-20,0.0,0.0,74.149,0.0,0.0,0.0,0.0,813.208,1.00031,-0.336559,0.0536169,-6.35655,0.0,0.0,0.0,0.0,0.0,,
0.00474597,7.90988e-08,80.8044,658.247,1e-20,0.0,0.0,74.1573,0.0,0.0,0.0,0.0,813.209,1.00031,-0.338545,0.0179724,-6.33905,0.0,0.0,0.0,0.0,0.0,,
0.00474796,8.02813e-08,81.0598,657.983,1e-20,0.0,0.0,74.1665,0.0,0.0,0.0,0.0,813.209,1.00031,-0.34061,-0.0157752,-6.32161,0.0,0.0,0.0,0.0,0.0,,
0.00474998,8.08007e-08,81.4639,657.567,1e-20,0.0,0.0,74.178,0.0,0.0,0.0,0.0,813.209,1.00031,-0.342769,-0.0478533,-6.30399,0.0,0.0,0.0,0.0,0.0,,
0.00475199,8.54775e-08,81.8052,657.209,1e-20,0.0,0.0,74.195,0.0,0.0,0.0,0.0,813.21,1.00031,-0.345044,-0.0777561,-6.28636,0.0,0.0,0.0,0.0,0.0,,
0.00475395,8.50947e-08,82.0417,656.947,1e-20,0.0,0.0,74.2212,0.0,0.0,0.0,0.0,813.21,1.00031,-0.347415,-0.104745,-6.26921,0.0,0.0,0.0,0.0,0.0,,
0.00475599,8.01048e-08,82.152,656.8,1e-20,0.0,0.0,74.2583,0.0,0.0,0.0,0.0,813.21,1.00031,-0.350059,-0.130682,-6.25142,0.0,0.0,0.0,0.0,0.0,,
0.00475792,8.08773e-08,82.1056,656.793,1e-20,0.0,0.0,74.3114,0.0,0.0,0.0,0.0,813.21,1.00031,-0.352746,-0.153554,-6.23456,0.0,0.0,0.0,0.0,0.0,,
0.00475995,8.08372e-08,81.8678,656.99,1e-20,0.0,0.0,74.3525,0.0,0.0,0.0,0.0,813.21,1.00031,-0.355709,-0.176132,-6.21689,0.0,0.0,0.0,0.0,0.0,,
0.00476198,8.57242e-08,81.4661,657.372,1e-20,0.0,0.0,74.3722,0.0,0.0,0.0,0.0,813.21,1.00031,-0.358808,-0.197784,-6.19913,0.0,0.0,0.0,0.0,0.0,,
0.00476396,8.68353e-08,81.038,657.786,1e-20,0.0,0.0,74.386,0.0,0.0,0.0,0.0,813.21,1.00031,-0.362009,-0.218176,-6.18185,0.0,0.0,0.0,0.0,0.0,,
0.004766,8.18675e-08,80.6972,658.12,1e-20,0.0,0.0,74.393,0.0,0.0,0.0,0.0,813.21,1.00031,-0.365547,-0.238617,-6.16417,0.0,0.0,0.0,0.0,0.0,,
0.00476795,8.11589e-08,80.5856,658.231,1e-20,0.0,0.0,74.3937,0.0,0.0,0.0,0.0,813.21,1.00031,-0.369197,-0.25813,-6.14716,0.0,0.0,0.0,0.0,0.0,,
0.00476998,8.60888e-08,80.5945,658.225,1e-20,0.0,0.0,74.3909,0.0,0.0,0.0,0.0,813.21,1.00031,-0.373221,-0.278422,-6.12951,0.0,0.0,0.0,0.0,0.0,,
0.00477192,8.13961e-08,80.7315,658.092,1e-20,0.0,0.0,74.3872,0.0,0.0,0.0,0.0,813.21,1.00031,-0.377278,-0.297862,-6.11269,0.0,0.0,0.0,0.0,0.0,,
0.00477395,8.0833e-08,80.9815,657.849,1e-20,0.0,0.0,74.3803,0.0,0.0,0.0,0.0,813.211,1.00031,-0.381727,-0.318018,-6.09511,0.0,0.0,0.0,0.0,0.0,,
0.00477595,8.52784e-08,81.3504,657.491,1e-20,0.0,0.0,74.37,0.0,0.0,0.0,0.0,813.211,1.00031,-0.386189,-0.337316,-6.07786,0.0,0.0,0.0,0.0,0.0,,
0.004778,8.57413e-08,81.7339,657.117,1e-20,0.0,0.0,74.361,0.0,0.0,0.0,0.0,813.212,1.00031,-0.39074,-0.356616,-6.06013,0.0,0.0,0.0,0.0,0.0,,
0.00477993,8.07213e-08,82.1425,656.713,1e-20,0.0,0.0,74.3565,0.0,0.0,0.0,0.0,813.212,1.00031,-0.394863,-0.374295,-6.04347,0.0,0.0,0.0,0.0,0.0,,
0.00478194,8.03033e-08,82.6852,656.169,1e-20,0.0,0.0,74.3581,0.0,0.0,0.0,0.0,813.212,1.00031,-0.398767,-0.392243,-6.0261,0.0,0.0,0.0,0.0,0.0,,
0.00478396,8.56861e-08,83.3334,655.51,1e-20,0.0,0.0,74.3692,0.0,0.0,0.0,0.0,813.213,1.00031,-0.402076,-0.40965,-6.00867,0.0,0.0,0.0,0.0,0.0,,
0.00478593,8.55415e-08,83.9042,654.918,1e-20,0.0,0.0,74.3908,0.0,0.0,0.0,0.0,813.213,1.00031,-0.404636,-0.425845,-5.99165,0.0,0.0,0.0,0.0,0.0,,
0.00478795,7.94967e-08,84.285,654.505,1e-20,0.0,0.0,74.4231,0.0,0.0,0.0,0.0,813.214,1.00031,-0.406513,-0.4414,-5.97419,0.0,0.0,0.0,0.0,0.0,,
0.00478995,8.04172e-08,84.4411,654.31,1e-20,0.0,0.0,74.4627,0.0,0.0,0.0,0.0,813.214,1.00031,-0.40758,-0.455473,-5.95702,0.0,0.0,0.0,0.0,0.0,,
0.00479199,8.28261e-08,84.403,654.309,1e-20,0.0,0.0,74.502,0.0,0.0,0.0,0.0,813.214,1.00032,-0.407987,-0.468495,-5.93946,0.0,0.0,0.0,0.0,0.0,,
0.00479399,8.81035e-08,84.2744,654.405,1e-20,0.0,0.0,74.5349,0.0,0.0,0.0,0.0,813.215,1.00032,-0.407971,-0.479805,-5.92221,0.0,0.0,0.0,0.0,0.0,,
0.00479595,8.0732e-08,84.0779,654.576,1e-20,0.0,0.0,74.5607,0.0,0.0,0.0,0.0,813.215,1.00032,-0.407927,-0.489276,-5.90539,0.0,0.0,0.0,0.0,0.0,,
0.00479795,7.97868e-08,83.727,654.904,1e-20,0.0,0.0,74.5845,0.0,0.0,0.0,0.0,813.215,1.00032,-0.408245,-0.49731,-5.8882,0.0,0.0,0.0,0.0,0.0,,
0.00479998,8.61587e-08,83.2082,655.409,1e-20,0.0,0.0,74.598,0.0,0.0,0.0,0.0,813.216,1.00032,-0.409175,-0.503878,-5.8708,0.0,0.0,0.0,0.0,0.0,,
0.00480196,8.59209e-08,82.5685,656.039,1e-20,0.0,0.0,74.608,0.0,0.0,0.0,0.0,813.216,1.00032,-0.41072,-0.509073,-5.85377,0.0,0.0,0.0,0.0,0.0,,
0.00480392,8.40821e-08,81.8368,656.763,1e-20,0.0,0.0,74.6167,0.0,0.0,0.0,0.0,813.216,1.00032,-0.412815,-0.513412,-5.83701,0.0,0.0,0.0,0.0,0.0,,
0.004806,7.93648e-08,80.9991,657.593,1e-20,0.0,0.0,74.6243,0.0,0.0,0.0,0.0,813.216,1.00032,-0.415561,-0.517665,-5.8192,0.0,0.0,0.0,0.0,0.0,,
0.00480793,8.15502e-08,80.17,658.415,1e-20,0.0,0.0,74.6313,0.0,0.0,0.0,0.0,813.216,1.00032,-0.418458,-0.521559,-5.80269,0.0,0.0,0.0,0.0,0.0,,
0.00480993,8.72516e-08,79.2248,659.349,1e-20,0.0,0.0,74.6431,0.0,0.0,0.0,0.0,813.217,1.00032,-0.421771,-0.525475,-5.78559,0.0,0.0,0.0,0.0,0.0,,
0.00481191,8.53697e-08,78.1724,660.383,1e-20,0.0,0.0,74.6614,0.0,0.0,0.0,0.0,813.217,1.00032,-0.425339,-0.52889,-5.7686,0.0,0.0,0.0,0.0,0.0,,
0.00481395,8.45753e-08,77.1331,661.403,1e-20,0.0,0.0,74.6807,0.0,0.0,0.0,0.0,813.217,1.00032,-0.429177,-0.531633,-5.75121,0.0,0.0,0.0,0.0,0.0,,
0.00481599,8.07944e-08,76.2317,662.286,1e-20,0.0,0.0,74.6993,0.0,0.0,0.0,0.0,813.217,1.00032,-0.433123,-0.533601,-5.73379,0.0,0.0,0.0,0.0,0.0,,
0.00481794,8.15162e-08,75.6304,662.869,1e-20,0.0,0.0,74.7183,0.0,0.0,0.0,0.0,813.218,1.00032,-0.436914,-0.534923,-5.71713,0.0,0.0,0.0,0.0,0.0,,
0.00481997,8.55571e-08,75.2248,663.254,1e-20,0.0,0.0,74.739,0.0,0.0,0.0,0.0,813.218,1.00032,-0.440748,-0.535985,-5.69979,0.0,0.0,0.0,0.0,0.0,,
0.00482193,8.48765e-08,75.0095,663.45,1e-20,0.0,0.0,74.759,0.0,0.0,0.0,0.0,813.218,1.00032,-0.444137,-0.536946,-5.68308,0.0,0.0,0.0,0.0,0.0,,
0.00482396,8.07514e-08,74.8344,663.6,1e-20,0.0,0.0,74.7839,0.0,0.0,0.0,0.0,813.218,1.00032,-0.447186,-0.537989,-5.66571,0.0,0.0,0.0,0.0,0.0,,
0.00482592,8.24506e-08,74.6826,663.723,1e-20,0.0,0.0,74.8127,0.0,0.0,0.0,0.0,813.218,1.00032,-0.449669,-0.538924,-5.64902,0.0,0.0,0.0,0.0,0.0,,
0.00482794,8.82622e-08,74.4711,663.904,1e-20,0.0,0.0,74.8429,0.0,0.0,0.0,0.0,813.218,1.00032,-0.451867,-0.5396,-5.63185,0.0,0.0,0.0,0.0,0.0,,
0.00482996,8.70884e-08,74.1586,664.18,1e-20,0.0,0.0,74.8804,0.0,0.0,0.0,0.0,813.219,1.00032,-0.453917,-0.539858,-5.61463,0.0,0.0,0.0,0.0,0.0,,
0.00483194,8.01363e-08,73.7799,664.521,1e-20,0.0,0.0,74.9182,0.0,0.0,0.0,0.0,813.219,1.00032,-0.45597,-0.539792,-5.59777,0.0,0.0,0.0,0.0,0.0,,
0.00483393,7.99223e-08,73.3871,664.882,1e-20,0.0,0.0,74.9501,0.0,0.0,0.0,0.0,813.219,1.00032,-0.458246,-0.539611,-5.58077,0.0,0.0,0.0,0.0,0.0,,
0.00483596,8.68459e-08,73.1179,665.123,1e-20,0.0,0.0,74.9778,0.0,0.0,0.0,0.0,813.219,1.00032,-0.460855,-0.539453,-5.56353,0.0,0.0,0.0,0.0,0.0,,
0.00483797,8.67909e-08,73.1205,665.098,1e-20,0.0,0.0,75.001,0.0,0.0,0.0,0.0,813.219,1.00032,-0.463767,-0.539356,-5.54649,0.0,0.0,0.0,0.0,0.0,,
0.00483994,8.46569e-08,73.4922,664.706,1e-20,0.0,0.0,75.0207,0.0,0.0,0.0,0.0,813.219,1.00032,-0.466923,-0.539257,-5.52971,0.0,0.0,0.0,0.0,0.0,,
0.00484196,7.95211e-08,74.2172,663.96,1e-20,0.0,0.0,75.0418,0.0,0.0,0.0,0.0,813.219,1.00032,-0.470415,-0.539069,-5.5125,0.0,0.0,0.0,0.0,0.0,,
0.00484397,8.17683e-08,75.2255,662.93,1e-20,0.0,0.0,75.0634,0.0,0.0,0.0,0.0,813.219,1.00032,-0.474135,-0.538729,-5.4954,0.0,0.0,0.0,0.0,0.0,,
0.00484599,8.72726e-08,76.3706,661.76,1e-20,0.0,0.0,75.0879,0.0,0.0,0.0,0.0,813.219,1.00032,-0.478032,-0.538206,-5.47833,0.0,0.0,0.0,0.0,0.0,,
0.00484797,8.48128e-08,77.4223,660.673,1e-20,0.0,0.0,75.1232,0.0,0.0,0.0,0.0,813.218,1.00032,-0.482029,-0.537504,-5.46148,0.0,0.0,0.0,0.0,0.0,,
0.00484997,7.85157e-08,78.216,659.826,1e-20,0.0,0.0,75.176,0.0,0.0,0.0,0.0,813.218,1.00032,-0.486148,-0.536659,-5.44448,0.0,0.0,0.0,0.0,0.0,,
0.00485194,7.99756e-08,78.8071,659.164,1e-20,0.0,0.0,75.2467,0.0,0.0,0.0,0.0,813.218,1.00032,-0.490291,-0.535709,-5.42767,0.0,0.0,0.0,0.0,0.0,,
0.00485397,8.17303e-08,79.2797,658.591,1e-20,0.0,0.0,75.3463,0.0,0.0,0.0,0.0,813.217,1.00032,-0.494628,-0.534495,-5.41043,0.0,0.0,0.0,0.0,0.0,,
0.00485592,8.57917e-08,79.6742,658.083,1e-20,0.0,0.0,75.459,0.0,0.0,0.0,0.0,813.217,1.00032,-0.498863,-0.532946,-5.39382,0.0,0.0,0.0,0.0,0.0,,
0.00485796,8.45525e-08,80.0348,657.617,1e-20,0.0,0.0,75.5641,0.0,0.0,0.0,0.0,813.216,1.00032,-0.503441,-0.530857,-5.37648,0.0,0.0,0.0,0.0,0.0,,
0.00485999,8.05304e-08,80.3929,657.175,1e-20,0.0,0.0,75.6479,0.0,0.0,0.0,0.0,813.216,1.00032,-0.50841,-0.528165,-5.35925,0.0,0.0,0.0,0.0,0.0,,
0.00486194,8.2262e-08,80.7422,656.741,1e-20,0.0,0.0,75.7329,0.0,0.0,0.0,0.0,813.216,1.00032,-0.513782,-0.524908,-5.34268,0.0,0.0,0.0,0.0,0.0,,
0.00486397,8.74877e-08,81.1505,656.249,1e-20,0.0,0.0,75.8154,0.0,0.0,0.0,0.0,813.215,1.00032,-0.519946,-0.521008,-5.32548,0.0,0.0,0.0,0.0,0.0,,
0.00486596,8.55908e-08,81.6603,655.69,1e-20,0.0,0.0,75.8645,0.0,0.0,0.0,0.0,813.215,1.00032,-0.526522,-0.51698,-5.30863,0.0,0.0,0.0,0.0,0.0,,
0.004868,8.40651e-08,82.2713,655.061,1e-20,0.0,0.0,75.8825,0.0,0.0,0.0,0.0,813.215,1.00032,-0.533673,-0.512884,-5.29147,0.0,0.0,0.0,0.0,0.0,,
0.00486992,7.9683e-08,82.8723,654.468,1e-20,0.0,0.0,75.875,0.0,0.0,0.0,0.0,813.215,1.00032,-0.540633,-0.509033,-5.27524,0.0,0.0,0.0,0.0,0.0,,
0.00487193,8.10842e-08,83.3581,654.003,1e-20,0.0,0.0,75.8542,0.0,0.0,0.0,0.0,813.216,1.00032,-0.547732,-0.504904,-5.25829,0.0,0.0,0.0,0.0,0.0,,
0.00487399,8.55237e-08,83.5987,653.774,1e-20,0.0,0.0,75.8429,0.0,0.0,0.0,0.0,813.216,1.00032,-0.554433,-0.500346,-5.24097,0.0,0.0,0.0,0.0,0.0,,
0.00487592,7.93458e-08,83.5124,653.884,1e-20,0.0,0.0,75.82,0.0,0.0,0.0,0.0,813.216,1.00032,-0.559925,-0.495738,-5.2247,0.0,0.0,0.0,0.0,0.0,,
0.00487799,8.04375e-08,83.1447,654.276,1e-20,0.0,0.0,75.7961,0.0,0.0,0.0,0.0,813.217,1.00032,-0.564674,-0.490656,-5.20727,0.0,0.0,0.0,0.0,0.0,,
0.00487995,8.28347e-08,82.543,654.888,1e-20,0.0,0.0,75.7864,0.0,0.0,0.0,0.0,813.217,1.00032,-0.568139,-0.485677,-5.19078,0.0,0.0,0.0,0.0,0.0,,
0.00488199,8.77668e-08,81.7824,655.628,1e-20,0.0,0.0,75.8067,0.0,0.0,0.0,0.0,813.217,1.00032,-0.570802,-0.480272,-5.17365,0.0,0.0,0.0,0.0,0.0,,
0.00488398,8.55745e-08,81.0498,656.32,1e-20,0.0,0.0,75.8477,0.0,0.0,0.0,0.0,813.218,1.00032,-0.572547,-0.474655,-5.15688,0.0,0.0,0.0,0.0,0.0,,
0.00488599,8.01461e-08,80.4939,656.857,1e-20,0.0,0.0,75.8665,0.0,0.0,0.0,0.0,813.218,1.00032,-0.573564,-0.468656,-5.13996,0.0,0.0,0.0,0.0,0.0,,
0.00488793,8.16995e-08,80.1561,657.19,1e-20,0.0,0.0,75.8723,0.0,0.0,0.0,0.0,813.218,1.00032,-0.573944,-0.46267,-5.12365,0.0,0.0,0.0,0.0,0.0,,
0.00489,8.7405e-08,79.8878,657.47,1e-20,0.0,0.0,75.8605,0.0,0.0,0.0,0.0,813.218,1.00032,-0.573888,-0.45621,-5.10628,0.0,0.0,0.0,0.0,0.0,,
0.00489199,8.56989e-08,79.6113,657.747,1e-20,0.0,0.0,75.8597,0.0,0.0,0.0,0.0,813.218,1.00032,-0.573585,-0.450046,-5.08952,0.0,0.0,0.0,0.0,0.0,,
0.00489395,8.45329e-08,79.2802,658.07,1e-20,0.0,0.0,75.8681,0.0,0.0,0.0,0.0,813.218,1.00032,-0.573067,-0.444218,-5.07306,0.0,0.0,0.0,0.0,0.0,,
0.00489598,7.99936e-08,78.9457,658.389,1e-20,0.0,0.0,75.884,0.0,0.0,0.0,0.0,813.219,1.00032,-0.572086,-0.438517,-5.05596,0.0,0.0,0.0,0.0,0.0,,
0.004898,8.15621e-08,78.7721,658.533,1e-20,0.0,0.0,75.9133,0.0,0.0,0.0,0.0,813.219,1.00032,-0.570455,-0.433325,-5.03896,0.0,0.0,0.0,0.0,0.0,,
0.00489993,8.65594e-08,78.812,658.454,1e-20,0.0,0.0,75.9528,0.0,0.0,0.0,0.0,813.219,1.00032,-0.568201,-0.428883,-5.02265,0.0,0.0,0.0,0.0,0.0,,
0.00490199,8.44669e-08,79.0701,658.147,1e-20,0.0,0.0,76.0015,0.0,0.0,0.0,0.0,813.219,1.00032,-0.565124,-0.424759,-5.00535,0.0,0.0,0.0,0.0,0.0,,
0.00490396,7.86198e-08,79.4382,657.729,1e-20,0.0,0.0,76.0518,0.0,0.0,0.0,0.0,813.219,1.00032,-0.561545,-0.421311,-4.98874,0.0,0.0,0.0,0.0,0.0,,
0.00490594,8.0032e-08,79.9139,657.205,1e-20,0.0,0.0,76.0996,0.0,0.0,0.0,0.0,813.219,1.00032,-0.557378,-0.418292,-4.9721,0.0,0.0,0.0,0.0,0.0,,
0.00490796,8.17144e-08,80.4586,656.614,1e-20,0.0,0.0,76.1462,0.0,0.0,0.0,0.0,813.219,1.00032,-0.55255,-0.415577,-4.95507,0.0,0.0,0.0,0.0,0.0,,
0.00490992,8.59383e-08,81.015,656.016,1e-20,0.0,0.0,76.1885,0.0,0.0,0.0,0.0,813.219,1.00032,-0.547458,-0.413187,-4.93859,0.0,0.0,0.0,0.0,0.0,,
0.00491197,8.50664e-08,81.5459,655.444,1e-20,0.0,0.0,76.2298,0.0,0.0,0.0,0.0,813.219,1.00032,-0.541826,-0.410805,-4.92137,0.0,0.0,0.0,0.0,0.0,,
0.00491395,8.134e-08,81.8612,655.086,1e-20,0.0,0.0,76.2721,0.0,0.0,0.0,0.0,813.22,1.00032,-0.536002,-0.408571,-4.90478,0.0,0.0,0.0,14116.0,0.0,,
0.004916,8.26361e-08,81.8495,655.056,1e-20,0.0,0.0,76.3145,0.0,0.0,0.0,0.0,813.22,1.00032,-0.529317,-0.40627,-4.88753,0.0,0.0,0.0,0.0,0.0,,
0.00491795,8.64946e-08,81.4739,655.395,1e-20,0.0,0.0,76.3514,0.0,0.0,0.0,0.0,813.22,1.00032,-0.522256,-0.403996,-4.87112,0.0,0.0,0.0,0.0,0.0,,
0.00491992,8.46859e-08,80.8999,655.926,1e-20,0.0,0.0,76.3945,0.0,0.0,0.0,0.0,813.22,1.00032,-0.514414,-0.401544,-4.8546,0.0,0.0,0.0,0.0,0.0,,
0.00492195,7.98627e-08,80.2284,656.561,1e-20,0.0,0.0,76.4314,0.0,0.0,0.0,0.0,813.221,1.00032,-0.505518,-0.398771,-4.83756,0.0,0.0,0.0,0.0,0.0,,
0.00492396,8.10349e-08,79.6535,657.11,1e-20,0.0,0.0,76.4572,0.0,0.0,0.0,0.0,813.221,1.00032,-0.495956,-0.395633,-4.82066,0.0,0.0,0.0,0.0,0.0,,
0.00492599,8.0899e-08,79.1762,657.554,1e-20,0.0,0.0,76.4901,0.0,0.0,0.0,0.0,813.221,1.00032,-0.485781,-0.391884,-4.80362,0.0,0.0,0.0,0.0,0.0,,
0.00492793,8.49745e-08,78.7486,657.935,1e-20,0.0,0.0,76.5373,0.0,0.0,0.0,0.0,813.221,1.00032,-0.475753,-0.387487,-4.78729,0.0,0.0,0.0,0.0,0.0,,
0.00492995,8.03392e-08,78.2855,658.353,1e-20,0.0,0.0,76.5818,0.0,0.0,0.0,0.0,813.221,1.00032,-0.465366,-0.381868,-4.77031,0.0,0.0,0.0,0.0,0.0,,
0.00493197,8.14738e-08,77.8115,658.791,1e-20,0.0,0.0,76.6179,0.0,0.0,0.0,0.0,813.221,1.00032,-0.455322,-0.375047,-4.75333,0.0,0.0,0.0,0.0,0.0,,
0.00493394,8.22988e-08,77.3675,659.203,1e-20,0.0,0.0,76.6504,0.0,0.0,0.0,0.0,813.221,1.00032,-0.446016,-0.367345,-4.73681,0.0,0.0,0.0,0.0,0.0,,
0.004936,8.71797e-08,76.9026,659.646,1e-20,0.0,0.0,76.6721,0.0,0.0,0.0,0.0,813.221,1.00032,-0.436771,-0.358478,-4.71954,0.0,0.0,0.0,0.0,0.0,,
0.00493799,8.62088e-08,76.5182,660.019,1e-20,0.0,0.0,76.684,0.0,0.0,0.0,0.0,813.221,1.00032,-0.428225,-0.349411,-4.70278,0.0,0.0,0.0,0.0,0.0,,
0.00493994,8.02775e-08,76.2324,660.283,1e-20,0.0,0.0,76.7061,0.0,0.0,0.0,0.0,813.221,1.00032,-0.420273,-0.340295,-4.68639,0.0,0.0,0.0,0.0,0.0,,
0.00494195,8.02801e-08,76.0089,660.454,1e-20,0.0,0.0,76.7579,0.0,0.0,0.0,0.0,813.221,1.00032,-0.412552,-0.330696,-4.66955,0.0,0.0,0.0,0.0,0.0,,
0.00494392,8.54154e-08,75.8505,660.557,1e-20,0.0,0.0,76.8136,0.0,0.0,0.0,0.0,813.221,1.00032,-0.405386,-0.32094,-4.65297,0.0,0.0,0.0,0.0,0.0,,
0.00494596,8.46711e-08,75.7516,660.584,1e-20,0.0,0.0,76.8853,0.0,0.0,0.0,0.0,813.221,1.00032,-0.398395,-0.310393,-4.63582,0.0,0.0,0.0,0.0,0.0,,
0.00494794,7.92761e-08,75.7357,660.541,1e-20,0.0,0.0,76.9446,0.0,0.0,0.0,0.0,813.221,1.00032,-0.391975,-0.29962,-4.6192,0.0,0.0,0.0,0.0,0.0,,
0.00494994,8.03647e-08,75.7907,660.447,1e-20,0.0,0.0,76.9836,0.0,0.0,0.0,0.0,813.222,1.00032,-0.38587,-0.28817,-4.60249,0.0,0.0,0.0,0.0,0.0,,
0.00495197,8.18187e-08,75.8546,660.356,1e-20,0.0,0.0,77.0108,0.0,0.0,0.0,0.0,813.222,1.00032,-0.380119,-0.275823,-4.58547,0.0,0.0,0.0,0.0,0.0,,
0.00495393,8.65406e-08,75.8322,660.366,1e-20,0.0,0.0,77.0235,0.0,0.0,0.0,0.0,813.222,1.00032,-0.375183,-0.263212,-4.569,0.0,0.0,0.0,0.0,0.0,,
0.00495599,8.56145e-08,75.697,660.495,1e-20,0.0,0.0,77.0299,0.0,0.0,0.0,0.0,813.222,1.00032,-0.370824,-0.249288,-4.5517,0.0,0.0,0.0,0.0,0.0,,
0.00495796,8.59393e-08,75.5358,660.658,1e-20,0.0,0.0,77.029,0.0,0.0,0.0,0.0,813.222,1.00033,-0.367552,-0.235329,-4.53518,0.0,0.0,0.0,0.0,0.0,,
0.00495995,8.64612e-08,75.4232,660.771,1e-20,0.0,0.0,77.0286,0.0,0.0,0.0,0.0,813.223,1.00033,-0.365114,-0.220646,-4.51855,0.0,0.0,0.0,0.0,0.0,,
0.00496193,8.57059e-08,75.3636,660.824,1e-20,0.0,0.0,77.0352,0.0,0.0,0.0,0.0,813.223,1.00033,-0.363373,-0.205313,-4.50193,0.0,0.0,0.0,0.0,0.0,,
0.00496397,8.48091e-08,75.3051,660.871,1e-20,0.0,0.0,77.0471,0.0,0.0,0.0,0.0,813.223,1.00033,-0.362186,-0.188722,-4.4848,0.0,0.0,0.0,0.0,0.0,,
0.00496599,8.02451e-08,75.3181,660.845,1e-20,0.0,0.0,77.0603,0.0,0.0,0.0,0.0,813.224,1.00033,-0.361595,-0.171593,-4.46788,0.0,0.0,0.0,0.0,0.0,,
0.00496793,8.09203e-08,75.4287,660.723,1e-20,0.0,0.0,77.0725,0.0,0.0,0.0,0.0,813.224,1.00033,-0.361595,-0.154592,-4.45167,0.0,0.0,0.0,0.0,0.0,,
0.00496996,8.60665e-08,75.6181,660.525,1e-20,0.0,0.0,77.0806,0.0,0.0,0.0,0.0,813.224,1.00033,-0.362275,-0.136252,-4.4346,0.0,0.0,0.0,0.0,0.0,,
0.00497194,8.56966e-08,75.7582,660.38,1e-20,0.0,0.0,77.0866,0.0,0.0,0.0,0.0,813.224,1.00033,-0.363579,-0.118169,-4.41804,0.0,0.0,0.0,0.0,0.0,,
0.00497395,8.05575e-08,75.7243,660.393,1e-20,0.0,0.0,77.1074,0.0,0.0,0.0,0.0,813.224,1.00033,-0.365447,-0.0995505,-4.40117,0.0,0.0,0.0,0.0,0.0,,
0.00497596,8.08719e-08,75.358,660.683,1e-20,0.0,0.0,77.1839,0.0,0.0,0.0,0.0,813.225,1.00033,-0.367795,-0.0808318,-4.38425,0.0,0.0,0.0,0.0,0.0,,
0.00497792,8.63985e-08,74.7624,661.222,1e-20,0.0,0.0,77.2399,0.0,0.0,0.0,0.0,813.225,1.00033,-0.370432,-0.0629256,-4.36788,0.0,0.0,0.0,0.0,0.0,,
0.00497999,8.63207e-08,74.1054,661.859,1e-20,0.0,0.0,77.2605,0.0,0.0,0.0,0.0,813.225,1.00033,-0.373418,-0.0441768,-4.35048,0.0,0.0,0.0,0.0,0.0,,
0.00498195,8.07792e-08,73.4655,662.504,1e-20,0.0,0.0,77.2557,0.0,0.0,0.0,0.0,813.225,1.00033,-0.37624,-0.026561,-4.33403,0.0,0.0,0.0,0.0,0.0,,
0.00498397,8.0483e-08,72.6756,663.318,1e-20,0.0,0.0,77.2312,0.0,0.0,0.0,0.0,813.225,1.00033,-0.379034,-0.00834276,-4.31713,0.0,0.0,0.0,0.0,0.0,,
0.00498593,8.57212e-08,71.7608,664.209,1e-20,0.0,0.0,77.2551,0.0,0.0,0.0,0.0,813.225,1.00033,-0.38156,0.00959304,-4.30063,0.0,0.0,0.0,0.0,0.0,,
0.00498799,8.54823e-08,70.7187,665.133,1e-20,0.0,0.0,77.3732,0.0,0.0,0.0,0.0,813.225,1.00033,-0.38384,0.0283374,-4.28338,0.0,0.0,0.0,0.0,0.0,,
0.00498999,7.9711e-08,69.8932,665.905,1e-20,0.0,0.0,77.4273,0.0,0.0,0.0,0.0,813.225,1.00033,-0.385494,0.0464717,-4.26656,0.0,0.0,0.0,0.0,0.0,,
0.00499199,7.9965e-08,69.2959,666.486,1e-20,0.0,0.0,77.4436,0.0,0.0,0.0,0.0,813.225,1.00033,-0.386496,0.0643642,-4.24985,0.0,0.0,0.0,0.0,0.0,,
0.00499392,8.62074e-08,68.7258,667.021,1e-20,0.0,0.0,77.4787,0.0,0.0,0.0,0.0,813.225,1.00033,-0.386999,0.0815873,-4.23363,0.0,0.0,0.0,0.0,0.0,,
0.00499599,8.62354e-08,68.1231,667.6,1e-20,0.0,0.0,77.5019,0.0,0.0,0.0,0.0,813.225,1.00033,-0.387119,0.0999994,-4.21624,0.0,0.0,0.0,0.0,0.0,,
0.00499796,8.47874e-08,67.6018,668.14,1e-20,0.0,0.0,77.4834,0.0,0.0,0.0,0.0,813.225,1.00033,-0.386723,0.117621,-4.19972,0.0,0.0,0.0,0.0,0.0,,
0.00499997,7.9564e-08,66.9347,668.814,1e-20,0.0,0.0,77.4765,0.0,0.0,0.0,0.0,813.225,1.00033,-0.385671,0.135964,-4.18279,0.0,0.0,0.0,0.0,0.0,,
0.00500198,8.07795e-08,66.131,669.603,1e-20,0.0,0.0,77.4909,0.0,0.0,0.0,0.0,813.225,1.00033,-0.383959,0.154574,-4.16598,0.0,0.0,0.0,0.0,0.0,,
0.00500396,8.6345e-08,65.4473,670.27,1e-20,0.0,0.0,77.5077,0.0,0.0,0.0,0.0,813.225,1.00033,-0.381586,0.173204,-4.1493,0.0,0.0,0.0,0.0,0.0,,
0.00500595,8.58481e-08,65.0547,670.65,1e-20,0.0,0.0,77.5205,0.0,0.0,0.0,0.0,813.225,1.00033,-0.378387,0.191553,-4.13267,0.0,0.0,0.0,0.0,0.0,,
0.00500796,8.09027e-08,64.9993,670.691,1e-20,0.0,0.0,77.5353,0.0,0.0,0.0,0.0,813.226,1.00033,-0.374055,0.209752,-4.11572,0.0,0.0,0.0,0.0,0.0,,
0.00500999,8.10585e-08,65.051,670.596,1e-20,0.0,0.0,77.5786,0.0,0.0,0.0,0.0,813.226,1.00033,-0.368564,0.227434,-4.09872,0.0,0.0,0.0,0.0,0.0,,
0.00501191,8.60506e-08,65.1018,670.517,1e-20,0.0,0.0,77.607,0.0,0.0,0.0,0.0,813.226,1.00033,-0.362381,0.243769,-4.08259,0.0,0.0,0.0,0.0,0.0,,
0.00501397,8.45254e-08,65.0985,670.508,1e-20,0.0,0.0,77.6204,0.0,0.0,0.0,0.0,813.227,1.00033,-0.35494,0.260964,-4.06538,0.0,0.0,0.0,0.0,0.0,,
0.00501595,7.92645e-08,65.0549,670.55,1e-20,0.0,0.0,77.6218,0.0,0.0,0.0,0.0,813.227,1.00033,-0.347084,0.27773,-4.0487,0.0,0.0,0.0,0.0,0.0,,
0.00501796,8.14406e-08,65.089,670.517,1e-20,0.0,0.0,77.621,0.0,0.0,0.0,0.0,813.227,1.00033,-0.33856,0.295057,-4.03188,0.0,0.0,0.0,0.0,0.0,,
0.00501993,8.18376e-08,65.2514,670.358,1e-20,0.0,0.0,77.6181,0.0,0.0,0.0,0.0,813.228,1.00033,-0.329588,0.312535,-4.01542,0.0,0.0,0.0,0.0,0.0,,
0.00502194,8.56828e-08,65.4842,670.112,1e-20,0.0,0.0,77.6324,0.0,0.0,0.0,0.0,813.228,1.00033,-0.319698,0.331141,-3.99853,0.0,0.0,0.0,0.0,0.0,,
0.00502399,8.53634e-08,65.6393,669.875,1e-20,0.0,0.0,77.7147,0.0,0.0,0.0,0.0,813.229,1.00033,-0.308973,0.350837,-3.98136,0.0,0.0,0.0,0.0,0.0,,
0.00502599,8.12467e-08,65.5931,669.765,1e-20,0.0,0.0,77.8711,0.0,0.0,0.0,0.0,813.229,1.00033,-0.297873,0.370973,-3.96458,0.0,0.0,0.0,0.0,0.0,,
0.00502794,8.11067e-08,65.3074,669.9,1e-20,0.0,0.0,78.0217,0.0,0.0,0.0,0.0,813.229,1.00033,-0.286565,0.39147,-3.94822,0.0,0.0,0.0,0.0,0.0,,
0.00502996,8.57156e-08,65.0287,670.086,1e-20,0.0,0.0,78.1141,0.0,0.0,0.0,0.0,813.229,1.00033,-0.274568,0.413438,-3.93128,0.0,0.0,0.0,0.0,0.0,,
0.00503193,8.56498e-08,64.986,670.132,1e-20,0.0,0.0,78.1112,0.0,0.0,0.0,0.0,813.229,1.00033,-0.262799,0.435278,-3.91475,0.0,0.0,0.0,0.0,0.0,,
0.00503394,8.00505e-08,65.261,669.878,1e-20,0.0,0.0,78.0904,0.0,0.0,0.0,0.0,813.229,1.00033,-0.250803,0.457597,-3.89787,0.0,0.0,0.0,0.0,0.0,,
0.00503594,7.96174e-08,65.9043,669.234,1e-20,0.0,0.0,78.0907,0.0,0.0,0.0,0.0,813.229,1.00033,-0.23891,0.479393,-3.88114,0.0,0.0,0.0,0.0,0.0,,
0.00503793,8.03165e-08,66.7144,668.393,1e-20,0.0,0.0,78.1224,0.0,0.0,0.0,0.0,813.229,1.00033,-0.226919,0.500686,-3.8644,0.0,0.0,0.0,0.0,0.0,,
0.00503998,8.66221e-08,67.4314,667.614,1e-20,0.0,0.0,78.1841,0.0,0.0,0.0,0.0,813.229,1.00033,-0.214473,0.521957,-3.84724,0.0,0.0,0.0,0.0,0.0,,
0.00504198,8.09635e-08,67.7869,667.168,1e-20,0.0,0.0,78.2746,0.0,0.0,0.0,0.0,813.229,1.00033,-0.202199,0.542166,-3.83045,0.0,0.0,0.0,0.0,0.0,,
0.00504399,7.9761e-08,67.8985,666.963,1e-20,0.0,0.0,78.3679,0.0,0.0,0.0,0.0,813.229,1.00033,-0.189829,0.561837,-3.81362,0.0,0.0,0.0,0.0,0.0,,
0.00504595,8.52173e-08,67.9282,666.858,1e-20,0.0,0.0,78.4431,0.0,0.0,0.0,0.0,813.229,1.00033,-0.177718,0.580595,-3.79718,0.0,0.0,0.0,0.0,0.0,,
0.00504792,8.59578e-08,67.7979,666.91,1e-20,0.0,0.0,78.5214,0.0,0.0,0.0,0.0,813.229,1.00033,-0.165645,0.599201,-3.78067,0.0,0.0,0.0,0.0,0.0,,
0.00504994,8.04247e-08,67.3662,667.253,1e-20,0.0,0.0,78.61,0.0,0.0,0.0,0.0,813.229,1.00033,-0.153497,0.618256,-3.76372,0.0,0.0,0.0,0.0,0.0,,
0.00505194,8.00195e-08,66.7608,667.765,1e-20,0.0,0.0,78.7032,0.0,0.0,0.0,0.0,813.229,1.00033,-0.141809,0.637255,-3.74692,0.0,0.0,0.0,0.0,0.0,,
0.00505395,8.51271e-08,66.2043,668.22,1e-20,0.0,0.0,78.8053,0.0,0.0,0.0,0.0,813.229,1.00033,-0.130709,0.656416,-3.73009,0.0,0.0,0.0,0.0,0.0,,
0.00505599,8.4852e-08,65.8555,668.456,1e-20,0.0,0.0,78.9177,0.0,0.0,0.0,0.0,813.229,1.00033,-0.120409,0.676103,-3.71296,0.0,0.0,0.0,0.0,0.0,,
0.00505793,8.4064e-08,65.7285,668.49,1e-20,0.0,0.0,79.0111,0.0,0.0,0.0,0.0,813.229,1.00033,-0.111691,0.695165,-3.69665,0.0,0.0,0.0,0.0,0.0,,
0.00505994,7.93005e-08,65.7131,668.433,1e-20,0.0,0.0,79.0833,0.0,0.0,0.0,0.0,813.229,1.00033,-0.103633,0.715379,-3.67982,0.0,0.0,0.0,0.0,0.0,,
0.00506194,8.04235e-08,65.7012,668.328,1e-20,0.0,0.0,79.2004,0.0,0.0,0.0,0.0,813.229,1.00033,-0.0963393,0.736114,-3.66308,0.0,0.0,0.0,0.0,0.0,,
0.00506395,8.05874e-08,65.8503,668.075,1e-20,0.0,0.0,79.3037,0.0,0.0,0.0,0.0,813.229,1.00033,-0.0895463,0.757708,-3.64619,0.0,0.0,0.0,0.0,0.0,,
0.00506596,8.05346e-08,66.0966,667.797,1e-20,0.0,0.0,79.3358,0.0,0.0,0.0,0.0,813.229,1.00033,-0.0832441,0.779839,-3.62931,0.0,0.0,0.0,0.0,0.0,,
0.00506794,8.55203e-08,66.2534,667.639,1e-20,0.0,0.0,79.3361,0.0,0.0,0.0,0.0,813.229,1.00033,-0.0775812,0.801819,-3.61277,0.0,0.0,0.0,0.0,0.0,,
0.00506997,8.09862e-08,66.046,667.818,1e-20,0.0,0.0,79.3651,0.0,0.0,0.0,0.0,813.229,1.00033,-0.0723343,0.824544,-3.59573,0.0,0.0,0.0,0.0,0.0,,
0.00507192,8.14613e-08,65.7311,668.08,1e-20,0.0,0.0,79.4175,0.0,0.0,0.0,0.0,813.229,1.00033,-0.0678443,0.846269,-3.57939,0.0,0.0,0.0,0.0,0.0,,
0.00507396,8.68119e-08,65.307,668.418,1e-20,0.0,0.0,79.5031,0.0,0.0,0.0,0.0,813.228,1.00033,-0.0638251,0.868821,-3.56229,0.0,0.0,0.0,0.0,0.0,,
0.00507595,8.62975e-08,64.7724,668.86,1e-20,0.0,0.0,79.5962,0.0,0.0,0.0,0.0,813.228,1.00033,-0.0605772,0.890724,-3.54558,0.0,0.0,0.0,0.0,0.0,,
0.00507796,7.94818e-08,64.1346,669.404,1e-20,0.0,0.0,79.6894,0.0,0.0,0.0,0.0,813.228,1.00033,-0.0577323,0.912718,-3.52874,0.0,0.0,0.0,0.0,0.0,,
0.00507994,7.92631e-08,63.6267,669.828,1e-20,0.0,0.0,79.7735,0.0,0.0,0.0,0.0,813.228,1.00033,-0.0550781,0.934172,-3.51217,0.0,0.0,0.0,0.0,0.0,,
0.00508196,8.07467e-08,63.3623,670.007,1e-20,0.0,0.0,79.8591,0.0,0.0,0.0,0.0,813.228,1.00033,-0.0520139,0.95579,-3.49526,0.0,0.0,0.0,0.0,0.0,,
0.00508392,8.61627e-08,63.2745,670.015,1e-20,0.0,0.0,79.9391,0.0,0.0,0.0,0.0,813.228,1.00033,-0.048364,0.976446,-3.47888,0.0,0.0,0.0,0.0,0.0,,
0.00508598,8.56289e-08,63.3248,669.898,1e-20,0.0,0.0,80.0049,0.0,0.0,0.0,0.0,813.228,1.00033,-0.043756,0.997734,-3.46162,0.0,0.0,0.0,0.0,0.0,,
0.00508794,8.51446e-08,63.3271,669.836,1e-20,0.0,0.0,80.0645,0.0,0.0,0.0,0.0,813.228,1.00033,-0.0387028,1.01723,-3.4452,0.0,0.0,0.0,0.0,0.0,,
0.00508995,8.05212e-08,63.1349,669.969,1e-20,0.0,0.0,80.1241,0.0,0.0,0.0,0.0,813.228,1.00033,-0.0329674,1.03623,-3.42841,0.0,0.0,0.0,0.0,0.0,,
0.00509196,8.0129e-08,62.8626,670.201,1e-20,0.0,0.0,80.1643,0.0,0.0,0.0,0.0,813.228,1.00033,-0.0266289,1.05423,-3.4116,0.0,0.0,0.0,0.0,0.0,,
0.00509393,8.44603e-08,62.7451,670.301,1e-20,0.0,0.0,80.1813,0.0,0.0,0.0,0.0,813.228,1.00033,-0.0197739,1.07077,-3.39513,0.0,0.0,0.0,0.0,0.0,,
0.00509596,7.98656e-08,62.5191,670.507,1e-20,0.0,0.0,80.2018,0.0,0.0,0.0,0.0,813.228,1.00033,-0.0122308,1.08639,-3.37819,0.0,0.0,0.0,0.0,0.0,,
0.00509796,8.03885e-08,61.9631,671.035,1e-20,0.0,0.0,80.2299,0.0,0.0,0.0,0.0,813.228,1.00033,-0.00458603,1.10024,-3.36145,0.0,0.0,0.0,0.0,0.0,,
0.00509998,8.12647e-08,61.1895,671.78,1e-20,0.0,0.0,80.2581,0.0,0.0,0.0,0.0,813.228,1.00033,0.00321615,1.11261,-3.34458,0.0,0.0,0.0,0.0,0.0,,
0.00510194,8.67545e-08,60.6431,672.304,1e-20,0.0,0.0,80.2813,0.0,0.0,0.0,0.0,813.228,1.00033,0.0109182,1.12305,-3.32819,0.0,0.0,0.0,0.0,0.0,,
0.00510393,8.61671e-08,60.3462,672.573,1e-20,0.0,0.0,80.3086,0.0,0.0,0.0,0.0,813.228,1.00033,0.0189142,1.13215,-3.31157,0.0,0.0,0.0,0.0,0.0,,
0.00510599,8.52614e-08,60.0327,672.851,1e-20,0.0,0.0,80.3446,0.0,0.0,0.0,0.0,813.228,1.00033,0.0272779,1.14014,-3.2944,0.0,0.0,0.0,0.0,0.0,,
0.00510795,8.52741e-08,59.599,673.251,1e-20,0.0,0.0,80.3785,0.0,0.0,0.0,0.0,813.228,1.00033,0.0351976,1.1465,-3.27805,0.0,0.0,0.0,0.0,0.0,,
0.00510997,8.05557e-08,59.2137,673.605,1e-20,0.0,0.0,80.4095,0.0,0.0,0.0,0.0,813.228,1.00033,0.0433905,1.15169,-3.26117,0.0,0.0,0.0,0.0,0.0,,
0.00511199,8.47995e-08,59.124,673.673,1e-20,0.0,0.0,80.4319,0.0,0.0,0.0,0.0,813.228,1.00033,0.0517428,1.15535,-3.24435,0.0,0.0,0.0,0.0,0.0,,
0.00511393,8.408e-08,59.2158,673.568,1e-20,0.0,0.0,80.4447,0.0,0.0,0.0,0.0,813.229,1.00033,0.060032,1.15748,-3.22817,0.0,0.0,0.0,0.0,0.0,,
0.00511596,7.94965e-08,59.4418,673.338,1e-20,0.0,0.0,80.4489,0.0,0.0,0.0,0.0,813.229,1.00033,0.0691288,1.1584,-3.21121,0.0,0.0,0.0,0.0,0.0,,
0.00511797,8.08521e-08,59.7485,673.037,1e-20,0.0,0.0,80.4442,0.0,0.0,0.0,0.0,813.229,1.00033,0.0785321,1.15814,-3.19453,0.0,0.0,0.0,0.0,0.0,,
0.00512,8.1527e-08,60.2036,672.591,1e-20,0.0,0.0,80.4343,0.0,0.0,0.0,0.0,813.229,1.00033,0.0886426,1.15687,-3.17758,0.0,0.0,0.0,0.0,0.0,,
0.00512193,8.5876e-08,60.5584,672.243,1e-20,0.0,0.0,80.4286,0.0,0.0,0.0,0.0,813.23,1.00033,0.0989006,1.15501,-3.16146,0.0,0.0,0.0,0.0,0.0,,
0.00512399,8.55201e-08,60.7347,672.063,1e-20,0.0,0.0,80.4318,0.0,0.0,0.0,0.0,813.23,1.00033,0.110492,1.15263,-3.14432,0.0,0.0,0.0,0.0,0.0,,
0.005126,8.13658e-08,60.6409,672.15,1e-20,0.0,0.0,80.4394,0.0,0.0,0.0,0.0,813.23,1.00033,0.122508,1.15016,-3.12755,0.0,0.0,0.0,0.0,0.0,,
0.00512796,8.19526e-08,60.4824,672.294,1e-20,0.0,0.0,80.4532,0.0,0.0,0.0,0.0,813.23,1.00033,0.135,1.14772,-3.11118,0.0,0.0,0.0,0.0,0.0,,
0.00512995,8.63196e-08,60.3726,672.374,1e-20,0.0,0.0,80.4837,0.0,0.0,0.0,0.0,813.23,1.00033,0.148491,1.14534,-3.09458,0.0,0.0,0.0,0.0,0.0,,
0.00513193,8.54868e-08,60.4606,672.256,1e-20,0.0,0.0,80.5132,0.0,0.0,0.0,0.0,813.23,1.00033,0.162671,1.14312,-3.07811,0.0,0.0,0.0,0.0,0.0,,
0.00513397,8.50679e-08,60.8322,671.865,1e-20,0.0,0.0,80.5335,0.0,0.0,0.0,0.0,813.23,1.00034,0.178091,1.14088,-3.06105,0.0,0.0,0.0,0.0,0.0,,
0.00513599,7.98914e-08,61.4885,671.192,1e-20,0.0,0.0,80.5503,0.0,0.0,0.0,0.0,813.23,1.00034,0.193893,1.13868,-3.04424,0.0,0.0,0.0,0.0,0.0,,
0.00513792,8.47975e-08,62.2737,670.39,1e-20,0.0,0.0,80.5671,0.0,0.0,0.0,0.0,813.231,1.00034,0.209473,1.13658,-3.02819,0.0,0.0,0.0,0.0,0.0,,
0.00513995,8.48258e-08,63.1534,669.486,1e-20,0.0,0.0,80.5914,0.0,0.0,0.0,0.0,813.231,1.00034,0.226193,1.13445,-3.01121,0.0,0.0,0.0,0.0,0.0,,
0.00514198,8.45236e-08,63.9748,668.626,1e-20,0.0,0.0,80.6294,0.0,0.0,0.0,0.0,813.231,1.00034,0.242831,1.13264,-2.99427,0.0,0.0,0.0,0.0,0.0,,
0.005144,7.9392e-08,64.4703,668.086,1e-20,0.0,0.0,80.6741,0.0,0.0,0.0,0.0,813.231,1.00034,0.259071,1.13128,-2.97751,0.0,0.0,0.0,0.0,0.0,,
0.00514598,7.97867e-08,64.5779,667.918,1e-20,0.0,0.0,80.7354,0.0,0.0,0.0,0.0,813.231,1.00034,0.274856,1.13029,-2.96095,0.0,0.0,0.0,0.0,0.0,,
0.005148,8.55263e-08,64.4832,667.981,1e-20,0.0,0.0,80.7666,0.0,0.0,0.0,0.0,813.231,1.00034,0.290642,1.12961,-2.94419,0.0,0.0,0.0,0.0,0.0,,
0.00514997,8.5831e-08,64.5441,667.918,1e-20,0.0,0.0,80.7693,0.0,0.0,0.0,0.0,813.231,1.00034,0.305954,1.12923,-2.92778,0.0,0.0,0.0,0.0,0.0,,
0.00515194,8.56378e-08,64.7084,667.753,1e-20,0.0,0.0,80.7702,0.0,0.0,0.0,0.0,813.232,1.00034,0.321021,1.12901,-2.91138,0.0,0.0,0.0,0.0,0.0,,
0.00515398,8.0817e-08,64.9165,667.539,1e-20,0.0,0.0,80.7764,0.0,0.0,0.0,0.0,813.232,1.00034,0.336177,1.12881,-2.89437,0.0,0.0,0.0,0.0,0.0,,
0.00515592,8.06026e-08,65.118,667.326,1e-20,0.0,0.0,80.7879,0.0,0.0,0.0,0.0,813.232,1.00034,0.349992,1.12854,-2.87824,0.0,0.0,0.0,0.0,0.0,,
0.00515797,8.56059e-08,65.3449,667.086,1e-20,0.0,0.0,80.8012,0.0,0.0,0.0,0.0,813.232,1.00034,0.363917,1.12794,-2.86124,0.0,0.0,0.0,0.0,0.0,,
0.00515994,8.58601e-08,65.5023,666.916,1e-20,0.0,0.0,80.8138,0.0,0.0,0.0,0.0,813.232,1.00034,0.376574,1.12691,-2.84483,0.0,0.0,0.0,0.0,0.0,,
0.00516199,8.08752e-08,65.5503,666.855,1e-20,0.0,0.0,80.8271,0.0,0.0,0.0,0.0,813.232,1.00034,0.388731,1.12532,-2.82769,0.0,0.0,0.0,0.0,0.0,,
0.00516397,8.58438e-08,65.496,666.894,1e-20,0.0,0.0,80.8425,0.0,0.0,0.0,0.0,813.232,1.00034,0.399236,1.12344,-2.8113,0.0,0.0,0.0,0.0,0.0,,
0.00516594,8.5541e-08,65.3684,667.001,1e-20,0.0,0.0,80.8624,0.0,0.0,0.0,0.0,813.232,1.00034,0.408579,1.12143,-2.79489,0.0,0.0,0.0,0.0,0.0,,
0.00516798,8.49155e-08,65.3328,667.015,1e-20,0.0,0.0,80.8843,0.0,0.0,0.0,0.0,813.232,1.00034,0.416969,1.11941,-2.77785,0.0,0.0,0.0,0.0,0.0,,
0.00516993,7.91323e-08,65.4246,666.905,1e-20,0.0,0.0,80.9031,0.0,0.0,0.0,0.0,813.232,1.00034,0.423767,1.11766,-2.76169,0.0,0.0,0.0,0.0,0.0,,
0.00517198,7.93522e-08,65.5413,666.769,1e-20,0.0,0.0,80.9221,0.0,0.0,0.0,0.0,813.232,1.00034,0.430027,1.1158,-2.74456,0.0,0.0,0.0,0.0,0.0,,
0.00517398,8.03034e-08,65.4728,666.817,1e-20,0.0,0.0,80.943,0.0,0.0,0.0,0.0,813.232,1.00034,0.435514,1.11372,-2.72796,0.0,0.0,0.0,0.0,0.0,,
0.00517593,8.62145e-08,65.2596,667.011,1e-20,0.0,0.0,80.9622,0.0,0.0,0.0,0.0,813.232,1.00034,0.440507,1.11119,-2.71176,0.0,0.0,0.0,0.0,0.0,,
0.005178,8.09904e-08,64.966,667.286,1e-20,0.0,0.0,80.981,0.0,0.0,0.0,0.0,813.233,1.00034,0.4454,1.10784,-2.69455,0.0,0.0,0.0,0.0,0.0,,
0.00517993,8.01801e-08,64.7429,667.49,1e-20,0.0,0.0,81.0,0.0,0.0,0.0,0.0,813.233,1.00034,0.449478,1.10411,-2.67843,0.0,0.0,0.0,0.0,0.0,,
0.00518193,7.97349e-08,64.5205,667.687,1e-20,0.0,0.0,81.0249,0.0,0.0,0.0,0.0,813.233,1.00034,0.453007,1.09966,-2.66181,0.0,0.0,0.0,0.0,0.0,,
0.005184,8.46084e-08,64.2527,667.926,1e-20,0.0,0.0,81.0541,0.0,0.0,0.0,0.0,813.233,1.00034,0.455699,1.09425,-2.64461,0.0,0.0,0.0,0.0,0.0,,
0.00518593,7.91321e-08,64.0259,668.119,1e-20,0.0,0.0,81.0878,0.0,0.0,0.0,0.0,813.233,1.00034,0.457191,1.08843,-2.6285,0.0,0.0,0.0,0.0,0.0,,
0.00518798,7.90519e-08,63.8919,668.217,1e-20,0.0,0.0,81.1241,0.0,0.0,0.0,0.0,813.233,1.00034,0.45769,1.08164,-2.61139,0.0,0.0,0.0,0.0,0.0,,
0.00518998,8.01424e-08,63.7567,668.324,1e-20,0.0,0.0,81.1516,0.0,0.0,0.0,0.0,813.233,1.00034,0.457153,1.07462,-2.59475,0.0,0.0,0.0,0.0,0.0,,
0.005192,8.12581e-08,63.4654,668.589,1e-20,0.0,0.0,81.1783,0.0,0.0,0.0,0.0,813.233,1.00034,0.455704,1.06718,-2.57792,0.0,0.0,0.0,0.0,0.0,,
0.00519393,8.62011e-08,63.073,668.959,1e-20,0.0,0.0,81.2011,0.0,0.0,0.0,0.0,813.233,1.00034,0.453702,1.0597,-2.56179,0.0,0.0,0.0,0.0,0.0,,
0.00519599,8.528e-08,62.5619,669.448,1e-20,0.0,0.0,81.2233,0.0,0.0,0.0,0.0,813.233,1.00034,0.451181,1.05134,-2.54462,0.0,0.0,0.0,0.0,0.0,,
0.00519794,8.45508e-08,62.1246,669.863,1e-20,0.0,0.0,81.2449,0.0,0.0,0.0,0.0,813.233,1.00034,0.448614,1.04307,-2.52835,0.0,0.0,0.0,0.0,0.0,,
0.00519997,8.42314e-08,61.7582,670.205,1e-20,0.0,0.0,81.2695,0.0,0.0,0.0,0.0,813.233,1.00034,0.446019,1.03401,-2.51147,0.0,0.0,0.0,0.0,0.0,,
0.00520192,7.87539e-08,61.5516,670.391,1e-20,0.0,0.0,81.2907,0.0,0.0,0.0,0.0,813.233,1.00034,0.44368,1.02458,-2.49522,0.0,0.0,0.0,0.0,0.0,,
0.00520397,7.86052e-08,61.3884,670.538,1e-20,0.0,0.0,81.3067,0.0,0.0,0.0,0.0,813.233,1.00034,0.441313,1.01403,-2.47822,0.0,0.0,0.0,0.0,0.0,,
0.00520597,7.90827e-08,61.3242,670.594,1e-20,0.0,0.0,81.3158,0.0,0.0,0.0,0.0,813.234,1.00034,0.438939,1.00322,-2.46158,0.0,0.0,0.0,0.0,0.0,,
0.00520795,7.96164e-08,61.3577,670.556,1e-20,0.0,0.0,81.3201,0.0,0.0,0.0,0.0,813.234,1.00034,0.436417,0.992115,-2.44509,0.0,0.0,0.0,0.0,0.0,,
0.00520995,8.07698e-08,61.4342,670.476,1e-20,0.0,0.0,81.3243,0.0,0.0,0.0,0.0,813.234,1.00034,0.433739,0.980342,-2.42843,0.0,0.0,0.0,0.0,0.0,,
0.00521199,8.19417e-08,61.485,670.419,1e-20,0.0,0.0,81.3308,0.0,0.0,0.0,0.0,813.234,1.00034,0.431006,0.967528,-2.4115,0.0,0.0,0.0,0.0,0.0,,
0.00521394,8.70087e-08,61.3852,670.516,1e-20,0.0,0.0,81.3333,0.0,0.0,0.0,0.0,813.234,1.00034,0.428499,0.95416,-2.39526,0.0,0.0,0.0,0.0,0.0,,
0.00521593,8.59986e-08,61.2629,670.643,1e-20,0.0,0.0,81.3289,0.0,0.0,0.0,0.0,813.235,1.00034,0.426174,0.939318,-2.37869,0.0,0.0,0.0,0.0,0.0,,
0.00521799,8.54725e-08,61.127,670.784,1e-20,0.0,0.0,81.3242,0.0,0.0,0.0,0.0,813.235,1.00034,0.424205,0.92263,-2.36158,0.0,0.0,0.0,0.0,0.0,,
0.00521995,8.57305e-08,60.9481,670.965,1e-20,0.0,0.0,81.3221,0.0,0.0,0.0,0.0,813.235,1.00034,0.422981,0.905419,-2.34519,0.0,0.0,0.0,0.0,0.0,,
0.00522192,8.54747e-08,60.4945,671.42,1e-20,0.0,0.0,81.3206,0.0,0.0,0.0,0.0,813.235,1.00034,0.422541,0.887106,-2.32877,0.0,0.0,0.0,0.0,0.0,,
0.00522396,8.42151e-08,59.7171,672.198,1e-20,0.0,0.0,81.3202,0.0,0.0,0.0,0.0,813.235,1.00034,0.422823,0.867142,-2.31179,0.0,0.0,0.0,0.0,0.0,,
0.00522597,8.37185e-08,58.7959,673.116,1e-20,0.0,0.0,81.323,0.0,0.0,0.0,0.0,813.235,1.00034,0.423623,0.846369,-2.29503,0.0,0.0,0.0,14116.0,0.0,,
0.00522797,7.98329e-08,57.9596,673.945,1e-20,0.0,0.0,81.3307,0.0,0.0,0.0,0.0,813.235,1.00034,0.424649,0.824698,-2.27839,0.0,0.0,0.0,0.0,0.0,,
0.00522998,8.1191e-08,57.2586,674.63,1e-20,0.0,0.0,81.3466,0.0,0.0,0.0,0.0,813.236,1.00034,0.425648,0.801735,-2.2616,0.0,0.0,0.0,0.0,0.0,,
0.00523194,8.15472e-08,56.5936,675.271,1e-20,0.0,0.0,81.3706,0.0,0.0,0.0,0.0,813.236,1.00034,0.426494,0.778412,-2.24529,0.0,0.0,0.0,0.0,0.0,,
0.00523391,8.66839e-08,55.9091,675.929,1e-20,0.0,0.0,81.3981,0.0,0.0,0.0,0.0,813.236,1.00034,0.427182,0.753772,-2.2288,0.0,0.0,0.0,0.0,0.0,,
0.00523599,8.15536e-08,55.3201,676.49,1e-20,0.0,0.0,81.426,0.0,0.0,0.0,0.0,813.236,1.00034,0.427724,0.726845,-2.21149,0.0,0.0,0.0,0.0,0.0,,
0.00523793,8.07739e-08,54.9625,676.824,1e-20,0.0,0.0,81.4493,0.0,0.0,0.0,0.0,813.236,1.00034,0.428132,0.7004,-2.1952,0.0,0.0,0.0,0.0,0.0,,
0.00523999,8.50934e-08,54.6037,677.157,1e-20,0.0,0.0,81.4756,0.0,0.0,0.0,0.0,813.236,1.00034,0.428558,0.671228,-2.17802,0.0,0.0,0.0,0.0,0.0,,
0.00524194,8.48034e-08,54.1596,677.573,1e-20,0.0,0.0,81.5031,0.0,0.0,0.0,0.0,813.236,1.00034,0.429018,0.642285,-2.16168,0.0,0.0,0.0,0.0,0.0,,
0.00524397,7.93432e-08,53.5597,678.142,1e-20,0.0,0.0,81.5344,0.0,0.0,0.0,0.0,813.236,1.00034,0.429708,0.611135,-2.14471,0.0,0.0,0.0,0.0,0.0,,
0.00524595,7.90663e-08,52.9969,678.677,1e-20,0.0,0.0,81.562,0.0,0.0,0.0,0.0,813.236,1.00034,0.430842,0.57962,-2.12815,0.0,0.0,0.0,0.0,0.0,,
0.00524794,8.00075e-08,52.3995,679.248,1e-20,0.0,0.0,81.5882,0.0,0.0,0.0,0.0,813.236,1.00034,0.432686,0.546784,-2.11154,0.0,0.0,0.0,0.0,0.0,,
0.00524997,8.56419e-08,51.7268,679.894,1e-20,0.0,0.0,81.6156,0.0,0.0,0.0,0.0,813.236,1.00034,0.435477,0.511962,-2.09451,0.0,0.0,0.0,0.0,0.0,,
0.00525194,8.52202e-08,51.0677,680.538,1e-20,0.0,0.0,81.6305,0.0,0.0,0.0,0.0,813.236,1.00034,0.439027,0.477508,-2.07807,0.0,0.0,0.0,0.0,0.0,,
0.00525399,8.05384e-08,50.5984,681.002,1e-20,0.0,0.0,81.6361,0.0,0.0,0.0,0.0,813.236,1.00034,0.443525,0.440955,-2.0609,0.0,0.0,0.0,0.0,0.0,,
0.00525594,8.15779e-08,50.3489,681.245,1e-20,0.0,0.0,81.6431,0.0,0.0,0.0,0.0,813.237,1.00034,0.44836,0.405942,-2.04462,0.0,0.0,0.0,0.0,0.0,,
0.00525796,8.619e-08,50.1132,681.463,1e-20,0.0,0.0,81.6602,0.0,0.0,0.0,0.0,813.237,1.00034,0.453808,0.369154,-2.02765,0.0,0.0,0.0,0.0,0.0,,
0.00525993,8.44601e-08,49.95,681.592,1e-20,0.0,0.0,81.6953,0.0,0.0,0.0,0.0,813.237,1.00034,0.459284,0.333173,-2.0112,0.0,0.0,0.0,0.0,0.0,,
0.00526194,8.39486e-08,50.0108,681.496,1e-20,0.0,0.0,81.7303,0.0,0.0,0.0,0.0,813.237,1.00034,0.464953,0.295686,-1.99428,0.0,0.0,0.0,0.0,0.0,,
0.00526394,8.0073e-08,50.4291,681.057,1e-20,0.0,0.0,81.7512,0.0,0.0,0.0,0.0,813.237,1.00034,0.470638,0.258071,-1.97752,0.0,0.0,0.0,0.0,0.0,,
0.00526596,8.11609e-08,51.1594,680.31,1e-20,0.0,0.0,81.7681,0.0,0.0,0.0,0.0,813.238,1.00034,0.476548,0.21983,-1.9606,0.0,0.0,0.0,0.0,0.0,,
0.00526797,8.60273e-08,52.0708,679.377,1e-20,0.0,0.0,81.79,0.0,0.0,0.0,0.0,813.238,1.00034,0.482641,0.181816,-1.94369,0.0,0.0,0.0,0.0,0.0,,
0.00526994,8.4789e-08,52.9614,678.464,1e-20,0.0,0.0,81.8133,0.0,0.0,0.0,0.0,813.238,1.00034,0.488643,0.145337,-1.92717,0.0,0.0,0.0,0.0,0.0,,
0.00527196,8.42797e-08,53.7637,677.637,1e-20,0.0,0.0,81.8375,0.0,0.0,0.0,0.0,813.239,1.00035,0.494646,0.108519,-1.91014,0.0,0.0,0.0,0.0,0.0,,
0.005274,8.46617e-08,54.5032,676.879,1e-20,0.0,0.0,81.8569,0.0,0.0,0.0,0.0,813.239,1.00035,0.50025,0.0720698,-1.89302,0.0,0.0,0.0,0.0,0.0,,
0.00527599,8.05063e-08,55.0862,676.289,1e-20,0.0,0.0,81.8637,0.0,0.0,0.0,0.0,813.239,1.00035,0.505167,0.0365397,-1.87626,0.0,0.0,0.0,0.0,0.0,,
0.00527797,7.8551e-08,55.4034,675.967,1e-20,0.0,0.0,81.8684,0.0,0.0,0.0,0.0,813.239,1.00035,0.509466,0.000796525,-1.8595,0.0,0.0,0.0,0.0,0.0,,
0.00527993,7.84141e-08,55.4706,675.892,1e-20,0.0,0.0,81.8765,0.0,0.0,0.0,0.0,813.239,1.00035,0.51304,-0.0345684,-1.843,0.0,0.0,0.0,0.0,0.0,,
0.00528192,8.5282e-08,55.4482,675.893,1e-20,0.0,0.0,81.8983,0.0,0.0,0.0,0.0,813.239,1.00035,0.515919,-0.0704501,-1.82622,0.0,0.0,0.0,0.0,0.0,,
0.00528397,8.00624e-08,55.4903,675.815,1e-20,0.0,0.0,81.9338,0.0,0.0,0.0,0.0,813.239,1.00035,0.517949,-0.106717,-1.80891,0.0,0.0,0.0,0.0,0.0,,
0.00528595,7.88134e-08,55.5617,675.708,1e-20,0.0,0.0,81.9698,0.0,0.0,0.0,0.0,813.239,1.00035,0.519058,-0.140851,-1.79213,0.0,0.0,0.0,0.0,0.0,,
0.00528796,8.54715e-08,55.6212,675.613,1e-20,0.0,0.0,82.0049,0.0,0.0,0.0,0.0,813.239,1.00035,0.519637,-0.174095,-1.77517,0.0,0.0,0.0,0.0,0.0,,
0.00528998,8.17497e-08,55.6482,675.546,1e-20,0.0,0.0,82.0455,0.0,0.0,0.0,0.0,813.239,1.00035,0.52003,-0.206417,-1.75795,0.0,0.0,0.0,0.0,0.0,,
0.00529193,8.04095e-08,55.718,675.43,1e-20,0.0,0.0,82.0911,0.0,0.0,0.0,0.0,813.239,1.00035,0.520377,-0.236368,-1.7414,0.0,0.0,0.0,0.0,0.0,,
0.00529395,8.46766e-08,55.7531,675.338,1e-20,0.0,0.0,82.1482,0.0,0.0,0.0,0.0,813.239,1.00035,0.520684,-0.266416,-1.72424,0.0,0.0,0.0,0.0,0.0,,
0.00529599,8.56634e-08,55.6822,675.343,1e-20,0.0,0.0,82.2137,0.0,0.0,0.0,0.0,813.239,1.00035,0.520928,-0.295911,-1.70684,0.0,0.0,0.0,0.0,0.0,,
0.00529796,8.50241e-08,55.4411,675.527,1e-20,0.0,0.0,82.2709,0.0,0.0,0.0,0.0,813.239,1.00035,0.521095,-0.323509,-1.69008,0.0,0.0,0.0,0.0,0.0,,
0.00529998,8.3251e-08,55.0651,675.855,1e-20,0.0,0.0,82.3191,0.0,0.0,0.0,0.0,813.239,1.00035,0.521108,-0.351068,-1.67291,0.0,0.0,0.0,0.0,0.0,,
0.00530198,8.42409e-08,54.6106,676.266,1e-20,0.0,0.0,82.3623,0.0,0.0,0.0,0.0,813.239,1.00035,0.520781,-0.377899,-1.65584,0.0,0.0,0.0,0.0,0.0,,
0.00530399,8.03969e-08,54.1102,676.725,1e-20,0.0,0.0,82.4041,0.0,0.0,0.0,0.0,813.239,1.00035,0.520058,-0.404385,-1.63872,0.0,0.0,0.0,0.0,0.0,,
0.00530599,7.93945e-08,53.6315,677.172,1e-20,0.0,0.0,82.436,0.0,0.0,0.0,0.0,813.239,1.00035,0.518939,-0.430441,-1.62169,0.0,0.0,0.0,0.0,0.0,,
0.00530798,8.40358e-08,53.269,677.517,1e-20,0.0,0.0,82.4529,0.0,0.0,0.0,0.0,813.239,1.00035,0.517346,-0.456168,-1.6047,0.0,0.0,0.0,0.0,0.0,,
0.00530993,8.57266e-08,53.0596,677.719,1e-20,0.0,0.0,82.4612,0.0,0.0,0.0,0.0,813.239,1.00035,0.51513,-0.48103,-1.58808,0.0,0.0,0.0,0.0,0.0,,
0.00531195,8.13854e-08,52.9525,677.822,1e-20,0.0,0.0,82.4653,0.0,0.0,0.0,0.0,813.24,1.00035,0.51204,-0.506286,-1.57089,0.0,0.0,0.0,0.0,0.0,,
0.00531397,8.00354e-08,52.9472,677.816,1e-20,0.0,0.0,82.4765,0.0,0.0,0.0,0.0,813.24,1.00035,0.508222,-0.531067,-1.55366,0.0,0.0,0.0,0.0,0.0,,
0.00531599,8.46219e-08,52.9283,677.801,1e-20,0.0,0.0,82.511,0.0,0.0,0.0,0.0,813.24,1.00035,0.503897,-0.555341,-1.53642,0.0,0.0,0.0,0.0,0.0,,
0.00531794,8.54218e-08,52.8641,677.857,1e-20,0.0,0.0,82.5189,0.0,0.0,0.0,0.0,813.24,1.00035,0.499436,-0.578413,-1.51972,0.0,0.0,0.0,0.0,0.0,,
0.00531996,8.003e-08,52.7319,677.995,1e-20,0.0,0.0,82.5141,0.0,0.0,0.0,0.0,813.241,1.00035,0.494549,-0.601754,-1.50248,0.0,0.0,0.0,0.0,0.0,,
0.00532195,7.93939e-08,52.4795,678.26,1e-20,0.0,0.0,82.5013,0.0,0.0,0.0,0.0,813.241,1.00035,0.489302,-0.6242,-1.48546,0.0,0.0,0.0,0.0,0.0,,
0.00532392,8.55453e-08,52.0569,678.697,1e-20,0.0,0.0,82.487,0.0,0.0,0.0,0.0,813.241,1.00035,0.483874,-0.645943,-1.4686,0.0,0.0,0.0,0.0,0.0,,
0.00532599,8.62581e-08,51.5178,679.241,1e-20,0.0,0.0,82.4831,0.0,0.0,0.0,0.0,813.241,1.00035,0.478409,-0.668414,-1.4509,0.0,0.0,0.0,0.0,0.0,,
0.00532798,8.02612e-08,50.9985,679.756,1e-20,0.0,0.0,82.4868,0.0,0.0,0.0,0.0,813.242,1.00035,0.473644,-0.689843,-1.43376,0.0,0.0,0.0,0.0,0.0,,
0.00532992,8.45799e-08,50.5273,680.223,1e-20,0.0,0.0,82.4919,0.0,0.0,0.0,0.0,813.242,1.00035,0.469555,-0.710328,-1.41712,0.0,0.0,0.0,0.0,0.0,,
0.00533196,8.53439e-08,50.0622,680.682,1e-20,0.0,0.0,82.4977,0.0,0.0,0.0,0.0,813.242,1.00035,0.465724,-0.731481,-1.39959,0.0,0.0,0.0,0.0,0.0,,
0.00533392,8.51651e-08,49.6474,681.094,1e-20,0.0,0.0,82.5011,0.0,0.0,0.0,0.0,813.242,1.00035,0.462364,-0.751413,-1.38267,0.0,0.0,0.0,14116.0,0.0,,
0.00533597,8.46684e-08,49.2977,681.447,1e-20,0.0,0.0,82.4981,0.0,0.0,0.0,0.0,813.242,1.00035,0.459071,-0.771733,-1.36501,0.0,0.0,0.0,0.0,0.0,,
0.00533794,8.03884e-08,49.0887,681.663,1e-20,0.0,0.0,82.4914,0.0,0.0,0.0,0.0,813.243,1.00035,0.455958,-0.790931,-1.34796,0.0,0.0,0.0,0.0,0.0,,
0.00533996,8.08058e-08,49.0231,681.727,1e-20,0.0,0.0,82.4927,0.0,0.0,0.0,0.0,813.243,1.00035,0.452679,-0.81012,-1.33053,0.0,0.0,0.0,0.0,0.0,,
0.00534198,8.56642e-08,48.9706,681.782,1e-20,0.0,0.0,82.4906,0.0,0.0,0.0,0.0,813.243,1.00035,0.449205,-0.828837,-1.31303,0.0,0.0,0.0,0.0,0.0,,
0.00534395,8.55138e-08,48.8232,681.919,1e-20,0.0,0.0,82.5012,0.0,0.0,0.0,0.0,813.244,1.00035,0.44566,-0.846317,-1.29598,0.0,0.0,0.0,0.0,0.0,,
0.00534599,8.07888e-08,48.4923,682.241,1e-20,0.0,0.0,82.5106,0.0,0.0,0.0,0.0,813.244,1.00035,0.441804,-0.863464,-1.27825,0.0,0.0,0.0,0.0,0.0,,
0.00534793,8.01454e-08,48.0818,682.636,1e-20,0.0,0.0,82.5265,0.0,0.0,0.0,0.0,813.244,1.00035,0.437858,-0.87854,-1.26144,0.0,0.0,0.0,0.0,0.0,,
0.00534995,8.42489e-08,47.6023,683.099,1e-20,0.0,0.0,82.5432,0.0,0.0,0.0,0.0,813.244,1.00035,0.43325,-0.892976,-1.24383,0.0,0.0,0.0,0.0,0.0,,
0.00535198,8.44884e-08,47.1935,683.49,1e-20,0.0,0.0,82.5608,0.0,0.0,0.0,0.0,813.245,1.00035,0.428059,-0.906017,-1.2262,0.0,0.0,0.0,0.0,0.0,,
0.00535394,7.99989e-08,46.9078,683.761,1e-20,0.0,0.0,82.5756,0.0,0.0,0.0,0.0,813.245,1.00035,0.422494,-0.917446,-1.20905,0.0,0.0,0.0,0.0,0.0,,
0.00535594,8.03307e-08,46.7095,683.948,1e-20,0.0,0.0,82.5869,0.0,0.0,0.0,0.0,813.245,1.00035,0.416403,-0.927949,-1.19155,0.0,0.0,0.0,0.0,0.0,,
0.00535798,8.56289e-08,46.5108,684.141,1e-20,0.0,0.0,82.5934,0.0,0.0,0.0,0.0,813.245,1.00035,0.409847,-0.937562,-1.1738,0.0,0.0,0.0,0.0,0.0,,
0.00535995,8.5614e-08,46.2704,684.38,1e-20,0.0,0.0,82.5952,0.0,0.0,0.0,0.0,813.245,1.00035,0.403104,-0.946115,-1.15655,0.0,0.0,0.0,0.0,0.0,,
0.00536199,8.47305e-08,46.0175,684.634,1e-20,0.0,0.0,82.5936,0.0,0.0,0.0,0.0,813.245,1.00035,0.39561,-0.954455,-1.1386,0.0,0.0,0.0,0.0,0.0,,
0.00536393,8.38422e-08,45.8387,684.817,1e-20,0.0,0.0,82.5895,0.0,0.0,0.0,0.0,813.246,1.00035,0.387955,-0.962018,-1.12159,0.0,0.0,0.0,0.0,0.0,,
0.00536592,7.90216e-08,45.7785,684.882,1e-20,0.0,0.0,82.5848,0.0,0.0,0.0,0.0,813.246,1.00035,0.379465,-0.969575,-1.10405,0.0,0.0,0.0,0.0,0.0,,
0.00536798,7.92886e-08,45.9188,684.746,1e-20,0.0,0.0,82.5814,0.0,0.0,0.0,0.0,813.246,1.00035,0.37004,-0.977233,-1.08592,0.0,0.0,0.0,0.0,0.0,,
0.00536996,7.90227e-08,46.3175,684.348,1e-20,0.0,0.0,82.5808,0.0,0.0,0.0,0.0,813.246,1.00035,0.360393,-0.984445,-1.06846,0.0,0.0,0.0,0.0,0.0,,
0.00537193,7.87609e-08,46.9316,683.732,1e-20,0.0,0.0,82.5825,0.0,0.0,0.0,0.0,813.246,1.00035,0.35023,-0.991324,-1.05105,0.0,0.0,0.0,0.0,0.0,,
0.00537398,7.8771e-08,47.6233,683.037,1e-20,0.0,0.0,82.5859,0.0,0.0,0.0,0.0,813.246,1.00035,0.339105,-0.997934,-1.03294,0.0,0.0,0.0,0.0,0.0,,
0.00537595,7.93368e-08,48.2142,682.441,1e-20,0.0,0.0,82.5914,0.0,0.0,0.0,0.0,813.246,1.00035,0.32793,-1.00365,-1.01546,0.0,0.0,0.0,0.0,0.0,,
0.00537795,8.05341e-08,48.7751,681.873,1e-20,0.0,0.0,82.5985,0.0,0.0,0.0,0.0,813.246,1.00035,0.316399,-1.00873,-0.997758,0.0,0.0,0.0,0.0,0.0,,
0.00537998,8.1606e-08,49.2934,681.346,1e-20,0.0,0.0,82.607,0.0,0.0,0.0,0.0,813.246,1.00035,0.304642,-1.01329,-0.979764,0.0,0.0,0.0,0.0,0.0,,
0.00538194,8.16193e-08,49.6663,680.962,1e-20,0.0,0.0,82.6187,0.0,0.0,0.0,0.0,813.247,1.00036,0.293416,-1.01735,-0.962331,0.0,0.0,0.0,0.0,0.0,,
0.00538392,8.55912e-08,49.9193,680.687,1e-20,0.0,0.0,82.64,0.0,0.0,0.0,0.0,813.247,1.00036,0.282374,-1.02125,-0.944738,0.0,0.0,0.0,0.0,0.0,,
0.00538596,8.50186e-08,50.139,680.432,1e-20,0.0,0.0,82.6755,0.0,0.0,0.0,0.0,813.247,1.00036,0.271241,-1.02522,-0.926483,0.0,0.0,0.0,0.0,0.0,,
0.00538792,8.49947e-08,50.3579,680.17,1e-20,0.0,0.0,82.7193,0.0,0.0,0.0,0.0,813.247,1.00036,0.260799,-1.02901,-0.909007,0.0,0.0,0.0,0.0,0.0,,
0.00538995,8.43564e-08,50.5108,679.968,1e-20,0.0,0.0,82.7688,0.0,0.0,0.0,0.0,813.247,1.00036,0.250077,-1.03307,-0.8908,0.0,0.0,0.0,0.0,0.0,,
0.00539197,8.36167e-08,50.5679,679.864,1e-20,0.0,0.0,82.816,0.0,0.0,0.0,0.0,813.248,1.00036,0.239644,-1.0373,-0.872742,0.0,0.0,0.0,0.0,0.0,,
0.00539397,8.38037e-08,50.5753,679.817,1e-20,0.0,0.0,82.8555,0.0,0.0,0.0,0.0,813.248,1.00036,0.229596,-1.04164,-0.854736,0.0,0.0,0.0,0.0,0.0,,
0.00539595,7.93298e-08,50.6164,679.747,1e-20,0.0,0.0,82.8848,0.0,0.0,0.0,0.0,813.248,1.00036,0.22025,-1.04615,-0.837008,0.0,0.0,0.0,0.0,0.0,,
0.00539793,7.92547e-08,50.649,679.691,1e-20,0.0,0.0,82.9081,0.0,0.0,0.0,0.0,813.249,1.00036,0.211513,-1.05105,-0.819181,0.0,0.0,0.0,0.0,0.0,,
0.0054,7.98581e-08,50.5649,679.752,1e-20,0.0,0.0,82.9323,0.0,0.0,0.0,0.0,813.249,1.00036,0.203138,-1.05657,-0.800578,0.0,0.0,0.0,0.0,0.0,,
0.00540197,8.60817e-08,50.4691,679.818,1e-20,0.0,0.0,82.9623,0.0,0.0,0.0,0.0,813.249,1.00036,0.195751,-1.06207,-0.782794,0.0,0.0,0.0,0.0,0.0,,
0.00540396,8.10745e-08,50.5056,679.741,1e-20,0.0,0.0,83.0028,0.0,0.0,0.0,0.0,813.249,1.00036,0.188786,-1.06759,-0.764765,0.0,0.0,0.0,0.0,0.0,,
0.00540598,7.99737e-08,50.7582,679.435,1e-20,0.0,0.0,83.0559,0.0,0.0,0.0,0.0,813.249,1.00036,0.182284,-1.07282,-0.746531,0.0,0.0,0.0,0.0,0.0,,
0.00540794,8.43388e-08,51.2014,678.94,1e-20,0.0,0.0,83.1079,0.0,0.0,0.0,0.0,813.249,1.00036,0.176494,-1.07741,-0.728727,0.0,0.0,0.0,0.0,0.0,,
0.00540996,8.43387e-08,51.8502,678.257,1e-20,0.0,0.0,83.1422,0.0,0.0,0.0,0.0,813.249,1.00036,0.170999,-1.08151,-0.71039,0.0,0.0,0.0,0.0,0.0,,
0.00541199,8.40067e-08,52.5271,677.561,1e-20,0.0,0.0,83.1613,0.0,0.0,0.0,0.0,813.25,1.00036,0.165872,-1.08476,-0.692083,0.0,0.0,0.0,0.0,0.0,,
0.00541396,7.90571e-08,53.0537,677.021,1e-20,0.0,0.0,83.1746,0.0,0.0,0.0,0.0,813.25,1.00036,0.160959,-1.08696,-0.674224,0.0,0.0,0.0,0.0,0.0,,
0.00541594,7.94879e-08,53.3319,676.735,1e-20,0.0,0.0,83.1829,0.0,0.0,0.0,0.0,813.25,1.00036,0.155913,-1.08811,-0.656238,0.0,0.0,0.0,0.0,0.0,,
0.00541792,8.47385e-08,53.3723,676.681,1e-20,0.0,0.0,83.1972,0.0,0.0,0.0,0.0,813.25,1.00036,0.150884,-1.08826,-0.63818,0.0,0.0,0.0,0.0,0.0,,
0.00541996,8.46689e-08,53.2598,676.784,1e-20,0.0,0.0,83.2066,0.0,0.0,0.0,0.0,813.251,1.00036,0.146112,-1.0876,-0.619656,0.0,0.0,0.0,0.0,0.0,,
0.00542199,8.46823e-08,53.074,676.952,1e-20,0.0,0.0,83.2256,0.0,0.0,0.0,0.0,813.251,1.00036,0.142013,-1.08636,-0.601112,0.0,0.0,0.0,0.0,0.0,,
0.00542393,7.9837e-08,52.8156,677.179,1e-20,0.0,0.0,83.2573,0.0,0.0,0.0,0.0,813.252,1.00036,0.138847,-1.08473,-0.583339,0.0,0.0,0.0,0.0,0.0,,
0.00542598,8.43757e-08,52.3598,677.592,1e-20,0.0,0.0,83.3002,0.0,0.0,0.0,0.0,813.252,1.00036,0.136338,-1.08269,-0.564594,0.0,0.0,0.0,0.0,0.0,,
0.005428,8.37931e-08,51.7007,678.211,1e-20,0.0,0.0,83.3407,0.0,0.0,0.0,0.0,813.252,1.00036,0.134662,-1.08055,-0.546101,0.0,0.0,0.0,0.0,0.0,,
0.00542999,7.89981e-08,50.865,679.021,1e-20,0.0,0.0,83.3672,0.0,0.0,0.0,0.0,813.253,1.00036,0.133605,-1.07861,-0.527839,0.0,0.0,0.0,0.0,0.0,,
0.00543197,7.96504e-08,50.0305,679.839,1e-20,0.0,0.0,83.3833,0.0,0.0,0.0,0.0,813.253,1.00036,0.13275,-1.07688,-0.50964,0.0,0.0,0.0,0.0,0.0,,
0.00543397,8.04345e-08,49.451,680.407,1e-20,0.0,0.0,83.3954,0.0,0.0,0.0,0.0,813.254,1.00036,0.131773,-1.0751,-0.491248,0.0,0.0,0.0,0.0,0.0,,
0.00543599,8.09664e-08,49.2343,680.615,1e-20,0.0,0.0,83.4048,0.0,0.0,0.0,0.0,813.254,1.00036,0.130616,-1.07309,-0.472685,0.0,0.0,0.0,0.0,0.0,,
0.00543796,8.627e-08,49.2091,680.638,1e-20,0.0,0.0,83.4074,0.0,0.0,0.0,0.0,813.254,1.00036,0.12949,-1.07094,-0.45449,0.0,0.0,0.0,0.0,0.0,,
0.00543995,8.61054e-08,49.3209,680.53,1e-20,0.0,0.0,83.4036,0.0,0.0,0.0,0.0,813.255,1.00037,0.128537,-1.06876,-0.436214,0.0,0.0,0.0,0.0,0.0,,
0.00544197,8.04333e-08,49.5955,680.261,1e-20,0.0,0.0,83.3982,0.0,0.0,0.0,0.0,813.255,1.00037,0.127908,-1.06673,-0.417546,0.0,0.0,0.0,0.0,0.0,,
0.00544396,8.53608e-08,49.9643,679.894,1e-20,0.0,0.0,83.397,0.0,0.0,0.0,0.0,813.255,1.00037,0.127727,-1.06512,-0.399142,0.0,0.0,0.0,0.0,0.0,,
0.00544593,8.57358e-08,50.2232,679.632,1e-20,0.0,0.0,83.4004,0.0,0.0,0.0,0.0,813.256,1.00037,0.127899,-1.06388,-0.380946,0.0,0.0,0.0,0.0,0.0,,
0.00544799,8.54913e-08,50.2166,679.633,1e-20,0.0,0.0,83.4067,0.0,0.0,0.0,0.0,813.256,1.00037,0.128298,-1.06279,-0.361906,0.0,0.0,0.0,0.0,0.0,,
0.00544993,7.98421e-08,50.0356,679.809,1e-20,0.0,0.0,83.4121,0.0,0.0,0.0,0.0,813.256,1.00037,0.128798,-1.06192,-0.343873,0.0,0.0,0.0,0.0,0.0,,
0.00545193,8.45598e-08,49.8504,679.992,1e-20,0.0,0.0,83.4143,0.0,0.0,0.0,0.0,813.257,1.00037,0.129409,-1.06147,-0.325336,0.0,0.0,0.0,0.0,0.0,,
0.00545397,8.51214e-08,49.8507,679.988,1e-20,0.0,0.0,83.4192,0.0,0.0,0.0,0.0,813.257,1.00037,0.130206,-1.0618,-0.306422,0.0,0.0,0.0,0.0,0.0,,
0.00545594,8.04198e-08,49.9308,679.895,1e-20,0.0,0.0,83.4322,0.0,0.0,0.0,0.0,813.258,1.00037,0.131159,-1.06299,-0.28805,0.0,0.0,0.0,0.0,0.0,,
0.00545795,8.00598e-08,49.9926,679.819,1e-20,0.0,0.0,83.4468,0.0,0.0,0.0,0.0,813.258,1.00037,0.132226,-1.06506,-0.269348,0.0,0.0,0.0,0.0,0.0,,
0.00545995,8.47118e-08,50.0684,679.732,1e-20,0.0,0.0,83.4582,0.0,0.0,0.0,0.0,813.259,1.00037,0.133322,-1.06802,-0.250663,0.0,0.0,0.0,0.0,0.0,,
0.00546198,8.43388e-08,50.2202,679.568,1e-20,0.0,0.0,83.4713,0.0,0.0,0.0,0.0,813.259,1.00037,0.134391,-1.07205,-0.231686,0.0,0.0,0.0,0.0,0.0,,
0.00546399,8.32873e-08,50.2955,679.476,1e-20,0.0,0.0,83.4886,0.0,0.0,0.0,0.0,813.26,1.00037,0.135265,-1.07719,-0.212834,0.0,0.0,0.0,0.0,0.0,,
0.00546598,8.23502e-08,50.1761,679.572,1e-20,0.0,0.0,83.5125,0.0,0.0,0.0,0.0,813.26,1.00037,0.135785,-1.08325,-0.194198,0.0,0.0,0.0,0.0,0.0,,
0.00546795,7.75905e-08,49.8988,679.821,1e-20,0.0,0.0,83.5413,0.0,0.0,0.0,0.0,813.261,1.00037,0.135833,-1.09001,-0.175657,0.0,0.0,0.0,0.0,0.0,,
0.00546998,7.82261e-08,49.5736,680.11,1e-20,0.0,0.0,83.5779,0.0,0.0,0.0,0.0,813.261,1.00037,0.13531,-1.09743,-0.1566,0.0,0.0,0.0,0.0,0.0,,
0.00547194,7.83565e-08,49.3333,680.303,1e-20,0.0,0.0,83.6254,0.0,0.0,0.0,0.0,813.262,1.00037,0.134128,-1.10473,-0.138137,0.0,0.0,0.0,0.0,0.0,,
0.00547396,8.25625e-08,49.1684,680.401,1e-20,0.0,0.0,83.6925,0.0,0.0,0.0,0.0,813.262,1.00037,0.132105,-1.11204,-0.119054,0.0,0.0,0.0,0.0,0.0,,
0.00547597,8.50248e-08,49.0865,680.47,1e-20,0.0,0.0,83.7055,0.0,0.0,0.0,0.0,813.262,1.00037,0.129377,-1.1189,-0.100127,0.0,0.0,0.0,0.0,0.0,,
0.00547794,8.59062e-08,48.9694,680.555,1e-20,0.0,0.0,83.7383,0.0,0.0,0.0,0.0,813.263,1.00037,0.126204,-1.12525,-0.0814572,0.0,0.0,0.0,0.0,0.0,,
0.00547993,8.64593e-08,48.8361,680.654,1e-20,0.0,0.0,83.7733,0.0,0.0,0.0,0.0,813.263,1.00038,0.122746,-1.13123,-0.0626441,0.0,0.0,0.0,0.0,0.0,,
0.00548199,8.48279e-08,48.6092,680.842,1e-20,0.0,0.0,83.813,0.0,0.0,0.0,0.0,813.264,1.00038,0.119122,-1.13691,-0.0431446,0.0,0.0,0.0,0.0,0.0,,
0.00548393,8.38382e-08,48.2729,681.13,1e-20,0.0,0.0,83.8613,0.0,0.0,0.0,0.0,813.264,1.00038,0.115738,-1.14164,-0.0247724,0.0,0.0,0.0,0.0,0.0,,
0.00548599,7.82876e-08,47.7804,681.568,1e-20,0.0,0.0,83.916,0.0,0.0,0.0,0.0,813.265,1.00038,0.112094,-1.14588,-0.00518668,0.0,0.0,0.0,0.0,0.0,,
0.005488,7.64489e-08,47.3556,681.954,1e-20,0.0,0.0,83.955,0.0,0.0,0.0,0.0,813.265,1.00038,0.108469,-1.14912,0.0138997,0.0,0.0,0.0,0.0,0.0,,
0.00548993,7.87833e-08,47.1196,682.162,1e-20,0.0,0.0,83.9832,0.0,0.0,0.0,0.0,813.265,1.00038,0.104924,-1.15135,0.0322502,0.0,0.0,0.0,0.0,0.0,,
0.00549196,8.75357e-08,47.0948,682.165,1e-20,0.0,0.0,84.0055,0.0,0.0,0.0,0.0,813.266,1.00038,0.101079,-1.15275,0.0515385,0.0,0.0,0.0,0.0,0.0,,
0.00549396,8.63142e-08,47.2599,681.984,1e-20,0.0,0.0,84.0217,0.0,0.0,0.0,0.0,813.266,1.00038,0.0970375,-1.15323,0.0706553,0.0,0.0,0.0,0.0,0.0,,
0.005496,8.35246e-08,47.4251,681.804,1e-20,0.0,0.0,84.037,0.0,0.0,0.0,0.0,813.266,1.00038,0.0926392,-1.15299,0.0900205,0.0,0.0,0.0,0.0,0.0,,
0.00549793,8.49464e-08,47.5318,681.679,1e-20,0.0,0.0,84.0556,0.0,0.0,0.0,0.0,813.267,1.00038,0.0881529,-1.15222,0.108428,0.0,0.0,0.0,0.0,0.0,,
0.00549993,8.11373e-08,47.6434,681.555,1e-20,0.0,0.0,84.0687,0.0,0.0,0.0,0.0,813.267,1.00038,0.0832822,-1.15101,0.127513,0.0,0.0,0.0,0.0,0.0,,
0.00550196,8.34592e-08,47.8376,681.374,1e-20,0.0,0.0,84.056,0.0,0.0,0.0,0.0,813.268,1.00038,0.0782708,-1.14943,0.146914,0.0,0.0,0.0,0.0,0.0,,
0.00550394,8.20888e-08,48.0575,681.177,1e-20,0.0,0.0,84.0333,0.0,0.0,0.0,0.0,813.268,1.00038,0.0734578,-1.14754,0.16584,0.0,0.0,0.0,0.0,0.0,,
0.00550599,7.9326e-08,48.2373,681.018,1e-20,0.0,0.0,84.0133,0.0,0.0,0.0,0.0,813.268,1.00038,0.0686825,-1.14511,0.185475,0.0,0.0,0.0,0.0,0.0,,
0.00550799,8.05116e-08,48.3735,680.897,1e-20,0.0,0.0,83.9978,0.0,0.0,0.0,0.0,813.268,1.00038,0.0643748,-1.14225,0.20466,0.0,0.0,0.0,0.0,0.0,,
0.00550999,7.95558e-08,48.5255,680.758,1e-20,0.0,0.0,83.9855,0.0,0.0,0.0,0.0,813.269,1.00038,0.0604951,-1.13887,0.223882,0.0,0.0,0.0,0.0,0.0,,
0.00551198,8.43143e-08,48.8585,680.437,1e-20,0.0,0.0,83.9734,0.0,0.0,0.0,0.0,813.269,1.00038,0.057055,-1.13496,0.24295,0.0,0.0,0.0,0.0,0.0,,
0.00551393,8.55039e-08,49.3098,679.999,1e-20,0.0,0.0,83.9605,0.0,0.0,0.0,0.0,813.269,1.00038,0.0540087,-1.13056,0.261729,0.0,0.0,0.0,0.0,0.0,,
0.00551595,8.04182e-08,49.6915,679.631,1e-20,0.0,0.0,83.9466,0.0,0.0,0.0,0.0,813.27,1.00038,0.0511234,-1.12541,0.281183,0.0,0.0,0.0,0.0,0.0,,
0.00551797,8.51865e-08,49.8455,679.489,1e-20,0.0,0.0,83.9349,0.0,0.0,0.0,0.0,813.27,1.00038,0.0483874,-1.11968,0.300664,0.0,0.0,0.0,0.0,0.0,,
0.00551993,8.4652e-08,49.8511,679.489,1e-20,0.0,0.0,83.9304,0.0,0.0,0.0,0.0,813.27,1.00038,0.0457675,-1.11366,0.319532,0.0,0.0,0.0,0.0,0.0,,
0.00552194,8.30324e-08,49.8003,679.542,1e-20,0.0,0.0,83.9286,0.0,0.0,0.0,0.0,813.27,1.00038,0.0430267,-1.10703,0.339,0.0,0.0,0.0,0.0,0.0,,
0.00552394,7.68582e-08,49.8175,679.531,1e-20,0.0,0.0,83.9221,0.0,0.0,0.0,0.0,813.271,1.00038,0.0402574,-1.10015,0.358374,0.0,0.0,0.0,0.0,0.0,,
0.00552596,7.83935e-08,49.9827,679.377,1e-20,0.0,0.0,83.9113,0.0,0.0,0.0,0.0,813.271,1.00039,0.0374186,-1.09303,0.37784,0.0,0.0,0.0,0.0,0.0,,
0.00552796,8.44523e-08,50.3026,679.068,1e-20,0.0,0.0,83.9008,0.0,0.0,0.0,0.0,813.272,1.00039,0.0344618,-1.08578,0.397267,0.0,0.0,0.0,0.0,0.0,,
0.00552996,7.84655e-08,50.741,678.636,1e-20,0.0,0.0,83.8956,0.0,0.0,0.0,0.0,813.272,1.00039,0.0312879,-1.0785,0.416601,0.0,0.0,0.0,0.0,0.0,,
0.00553199,7.80427e-08,51.2553,678.12,1e-20,0.0,0.0,83.8969,0.0,0.0,0.0,0.0,813.273,1.00039,0.0276779,-1.07114,0.436298,0.0,0.0,0.0,14116.0,0.0,,
0.00553395,8.51303e-08,51.6902,677.681,1e-20,0.0,0.0,83.9014,0.0,0.0,0.0,0.0,813.273,1.00039,0.0237226,-1.06429,0.455342,0.0,0.0,0.0,0.0,0.0,,
0.00553594,8.11473e-08,51.9009,677.464,1e-20,0.0,0.0,83.9081,0.0,0.0,0.0,0.0,813.273,1.00039,0.0192247,-1.05786,0.474692,0.0,0.0,0.0,0.0,0.0,,
0.005538,8.45109e-08,51.8371,677.521,1e-20,0.0,0.0,83.9162,0.0,0.0,0.0,0.0,813.274,1.00039,0.0141451,-1.05188,0.49474,0.0,0.0,0.0,0.0,0.0,,
0.00553993,8.4306e-08,51.5819,677.771,1e-20,0.0,0.0,83.9215,0.0,0.0,0.0,0.0,813.274,1.00039,0.00917658,-1.04688,0.513607,0.0,0.0,0.0,0.0,0.0,,
0.00554198,8.05735e-08,51.2218,678.129,1e-20,0.0,0.0,83.9235,0.0,0.0,0.0,0.0,813.275,1.00039,0.00393468,-1.0422,0.533541,0.0,0.0,0.0,0.0,0.0,,
0.00554399,8.03026e-08,50.8622,678.487,1e-20,0.0,0.0,83.9253,0.0,0.0,0.0,0.0,813.275,1.00039,-0.00109722,-1.0382,0.553215,0.0,0.0,0.0,0.0,0.0,,
0.00554592,8.43416e-08,50.5842,678.766,1e-20,0.0,0.0,83.9248,0.0,0.0,0.0,0.0,813.275,1.00039,-0.00571339,-1.03502,0.572013,0.0,0.0,0.0,0.0,0.0,,
0.00554795,8.52131e-08,50.4239,678.928,1e-20,0.0,0.0,83.9231,0.0,0.0,0.0,0.0,813.275,1.00039,-0.0104036,-1.03233,0.591868,0.0,0.0,0.0,0.0,0.0,,
0.00555,8.08047e-08,50.3768,678.979,1e-20,0.0,0.0,83.9202,0.0,0.0,0.0,0.0,813.276,1.00039,-0.014967,-1.03018,0.611954,0.0,0.0,0.0,0.0,0.0,,
0.00555192,7.95291e-08,50.4256,678.933,1e-20,0.0,0.0,83.9179,0.0,0.0,0.0,0.0,813.276,1.00039,-0.0190766,-1.02858,0.630833,0.0,0.0,0.0,0.0,0.0,,
0.00555399,8.34863e-08,50.5211,678.835,1e-20,0.0,0.0,83.9199,0.0,0.0,0.0,0.0,813.276,1.00039,-0.0233729,-1.0272,0.651101,0.0,0.0,0.0,0.0,0.0,,
0.00555599,8.29057e-08,50.6134,678.736,1e-20,0.0,0.0,83.9275,0.0,0.0,0.0,0.0,813.277,1.00039,-0.0275683,-1.02613,0.670719,0.0,0.0,0.0,0.0,0.0,,
0.00555793,7.73762e-08,50.7145,678.625,1e-20,0.0,0.0,83.9373,0.0,0.0,0.0,0.0,813.277,1.00039,-0.0317679,-1.02533,0.689774,0.0,0.0,0.0,0.0,0.0,,
0.00555994,7.77412e-08,50.8713,678.459,1e-20,0.0,0.0,83.9467,0.0,0.0,0.0,0.0,813.277,1.00039,-0.0362714,-1.02476,0.709562,0.0,0.0,0.0,0.0,0.0,,
0.00556198,7.95262e-08,51.0465,678.276,1e-20,0.0,0.0,83.9548,0.0,0.0,0.0,0.0,813.277,1.00039,-0.0409516,-1.02431,0.729657,0.0,0.0,0.0,0.0,0.0,,
0.00556398,8.0015e-08,51.1886,678.127,1e-20,0.0,0.0,83.9622,0.0,0.0,0.0,0.0,813.277,1.00039,-0.0456113,-1.02384,0.749346,0.0,0.0,0.0,0.0,0.0,,
0.00556597,7.90695e-08,51.3398,677.969,1e-20,0.0,0.0,83.9686,0.0,0.0,0.0,0.0,813.278,1.00039,-0.0503261,-1.02317,0.76895,0.0,0.0,0.0,0.0,0.0,,
0.00556797,7.90994e-08,51.5611,677.743,1e-20,0.0,0.0,83.974,0.0,0.0,0.0,0.0,813.278,1.00039,-0.0551311,-1.02214,0.788666,0.0,0.0,0.0,0.0,0.0,,
0.00556995,7.99604e-08,51.8097,677.49,1e-20,0.0,0.0,83.978,0.0,0.0,0.0,0.0,813.278,1.00039,-0.0599197,-1.02068,0.808288,0.0,0.0,0.0,0.0,0.0,,
0.00557196,8.00744e-08,52.0316,677.267,1e-20,0.0,0.0,83.9803,0.0,0.0,0.0,0.0,813.278,1.00039,-0.0646577,-1.0188,0.828079,0.0,0.0,0.0,0.0,0.0,,
0.00557396,8.48412e-08,52.2021,677.096,1e-20,0.0,0.0,83.9809,0.0,0.0,0.0,0.0,813.279,1.00039,-0.0691708,-1.01663,0.847827,0.0,0.0,0.0,0.0,0.0,,
0.00557599,8.48876e-08,52.3727,676.927,1e-20,0.0,0.0,83.9793,0.0,0.0,0.0,0.0,813.279,1.00039,-0.0734077,-1.0142,0.867994,0.0,0.0,0.0,0.0,0.0,,
0.00557794,8.4341e-08,52.623,676.68,1e-20,0.0,0.0,83.9765,0.0,0.0,0.0,0.0,813.279,1.0004,-0.077047,-1.0117,0.887303,0.0,0.0,0.0,0.0,0.0,,
0.00557995,8.34057e-08,52.9283,676.376,1e-20,0.0,0.0,83.9752,0.0,0.0,0.0,0.0,813.28,1.0004,-0.0804198,-1.00893,0.90728,0.0,0.0,0.0,0.0,0.0,,
0.00558195,8.3287e-08,53.1874,676.112,1e-20,0.0,0.0,83.981,0.0,0.0,0.0,0.0,813.28,1.0004,-0.0834011,-1.00605,0.927133,0.0,0.0,0.0,0.0,0.0,,
0.00558396,8.38486e-08,53.3658,675.917,1e-20,0.0,0.0,83.9976,0.0,0.0,0.0,0.0,813.28,1.0004,-0.0860117,-1.00312,0.947071,0.0,0.0,0.0,0.0,0.0,,
0.00558596,7.89941e-08,53.5491,675.708,1e-20,0.0,0.0,84.0236,0.0,0.0,0.0,0.0,813.281,1.0004,-0.0882957,-1.00019,0.966968,0.0,0.0,0.0,0.0,0.0,,
0.00558794,7.9415e-08,53.7386,675.498,1e-20,0.0,0.0,84.0449,0.0,0.0,0.0,0.0,813.281,1.0004,-0.0903816,-0.997145,0.986645,0.0,0.0,0.0,0.0,0.0,,
0.00558993,8.0129e-08,53.8846,675.345,1e-20,0.0,0.0,84.0521,0.0,0.0,0.0,0.0,813.281,1.0004,-0.0924629,-0.993744,1.00648,0.0,0.0,0.0,0.0,0.0,,
0.00559194,8.05709e-08,53.927,675.301,1e-20,0.0,0.0,84.0537,0.0,0.0,0.0,0.0,813.282,1.0004,-0.0946241,-0.989918,1.02649,0.0,0.0,0.0,0.0,0.0,,
0.00559395,8.02137e-08,53.8871,675.337,1e-20,0.0,0.0,84.0583,0.0,0.0,0.0,0.0,813.282,1.0004,-0.0968247,-0.9857,1.04653,0.0,0.0,0.0,0.0,0.0,,
0.00559592,8.44561e-08,53.8562,675.359,1e-20,0.0,0.0,84.0672,0.0,0.0,0.0,0.0,813.282,1.0004,-0.0988807,-0.981277,1.06614,0.0,0.0,0.0,0.0,0.0,,
0.00559793,8.34687e-08,53.7992,675.403,1e-20,0.0,0.0,84.0801,0.0,0.0,0.0,0.0,813.283,1.0004,-0.10068,-0.976546,1.08628,0.0,0.0,0.0,0.0,0.0,,
0.00559992,8.24002e-08,53.6891,675.493,1e-20,0.0,0.0,84.1009,0.0,0.0,0.0,0.0,813.283,1.0004,-0.101984,-0.971739,1.10618,0.0,0.0,0.0,0.0,0.0,,
0.00560194,7.7621e-08,53.5251,675.629,1e-20,0.0,0.0,84.1291,0.0,0.0,0.0,0.0,813.283,1.0004,-0.102814,-0.966679,1.12638,0.0,0.0,0.0,0.0,0.0,,
0.00560398,7.94613e-08,53.3359,675.789,1e-20,0.0,0.0,84.1591,0.0,0.0,0.0,0.0,813.284,1.0004,-0.103345,-0.961222,1.14677,0.0,0.0,0.0,0.0,0.0,,
0.005606,8.62141e-08,53.1213,675.977,1e-20,0.0,0.0,84.1856,0.0,0.0,0.0,0.0,813.284,1.0004,-0.103827,-0.955314,1.16693,0.0,0.0,0.0,0.0,0.0,,
0.00560798,8.56963e-08,52.8936,676.18,1e-20,0.0,0.0,84.2099,0.0,0.0,0.0,0.0,813.284,1.0004,-0.104394,-0.948957,1.18676,0.0,0.0,0.0,0.0,0.0,,
0.00560993,8.42681e-08,52.6295,676.418,1e-20,0.0,0.0,84.2372,0.0,0.0,0.0,0.0,813.284,1.0004,-0.105044,-0.942198,1.20633,0.0,0.0,0.0,0.0,0.0,,
0.00561195,8.35852e-08,52.2664,676.751,1e-20,0.0,0.0,84.2666,0.0,0.0,0.0,0.0,813.284,1.0004,-0.105795,-0.934711,1.22649,0.0,0.0,0.0,0.0,0.0,,
0.00561396,7.82974e-08,51.8197,677.173,1e-20,0.0,0.0,84.2921,0.0,0.0,0.0,0.0,813.285,1.0004,-0.106667,-0.926579,1.24671,0.0,0.0,0.0,0.0,0.0,,
0.00561593,8.28671e-08,51.3927,677.581,1e-20,0.0,0.0,84.3111,0.0,0.0,0.0,0.0,813.285,1.0004,-0.107611,-0.917953,1.26643,0.0,0.0,0.0,0.0,0.0,,
0.005618,7.83909e-08,51.0278,677.933,1e-20,0.0,0.0,84.3239,0.0,0.0,0.0,0.0,813.285,1.0004,-0.10863,-0.90816,1.28719,0.0,0.0,0.0,0.0,0.0,,
0.00561997,7.91077e-08,50.8298,678.127,1e-20,0.0,0.0,84.3282,0.0,0.0,0.0,0.0,813.285,1.0004,-0.109562,-0.8983,1.30693,0.0,0.0,0.0,0.0,0.0,,
0.00562195,7.95096e-08,50.787,678.171,1e-20,0.0,0.0,84.328,0.0,0.0,0.0,0.0,813.286,1.0004,-0.110373,-0.887978,1.32683,0.0,0.0,0.0,0.0,0.0,,
0.00562396,8.47355e-08,50.8388,678.118,1e-20,0.0,0.0,84.3287,0.0,0.0,0.0,0.0,813.286,1.0004,-0.110933,-0.877125,1.347,0.0,0.0,0.0,0.0,0.0,,
0.005626,8.4891e-08,50.959,677.995,1e-20,0.0,0.0,84.3321,0.0,0.0,0.0,0.0,813.286,1.0004,-0.111023,-0.865672,1.36745,0.0,0.0,0.0,0.0,0.0,,
0.00562795,8.4599e-08,51.1169,677.834,1e-20,0.0,0.0,84.3347,0.0,0.0,0.0,0.0,813.286,1.0004,-0.110591,-0.854319,1.38705,0.0,0.0,0.0,0.0,0.0,,
0.00562994,7.92051e-08,51.2599,677.691,1e-20,0.0,0.0,84.3357,0.0,0.0,0.0,0.0,813.286,1.0004,-0.109782,-0.842423,1.40708,0.0,0.0,0.0,0.0,0.0,,
0.00563192,8.41957e-08,51.3151,677.637,1e-20,0.0,0.0,84.3348,0.0,0.0,0.0,0.0,813.286,1.0004,-0.108879,-0.83031,1.42702,0.0,0.0,0.0,0.0,0.0,,
0.00563394,8.39761e-08,51.3802,677.574,1e-20,0.0,0.0,84.3328,0.0,0.0,0.0,0.0,813.287,1.0004,-0.108166,-0.817853,1.44734,0.0,0.0,0.0,0.0,0.0,,
0.00563595,7.85481e-08,51.5942,677.361,1e-20,0.0,0.0,84.3318,0.0,0.0,0.0,0.0,813.287,1.0004,-0.107904,-0.805486,1.46757,0.0,0.0,0.0,0.0,0.0,,
0.005638,7.91538e-08,52.0519,676.902,1e-20,0.0,0.0,84.333,0.0,0.0,0.0,0.0,813.287,1.0004,-0.108272,-0.793004,1.48818,0.0,0.0,0.0,0.0,0.0,,
0.00563999,8.53716e-08,52.7512,676.201,1e-20,0.0,0.0,84.3352,0.0,0.0,0.0,0.0,813.288,1.00041,-0.109199,-0.781026,1.50827,0.0,0.0,0.0,0.0,0.0,,
0.00564196,8.56538e-08,53.663,675.285,1e-20,0.0,0.0,84.339,0.0,0.0,0.0,0.0,813.287,1.00041,-0.110425,-0.769463,1.52811,0.0,0.0,0.0,0.0,0.0,,
0.00564392,8.48993e-08,54.8012,674.142,1e-20,0.0,0.0,84.3442,0.0,0.0,0.0,0.0,813.288,1.00041,-0.111701,-0.758223,1.54789,0.0,0.0,0.0,0.0,0.0,,
0.00564596,7.99066e-08,56.1531,672.784,1e-20,0.0,0.0,84.3512,0.0,0.0,0.0,0.0,813.288,1.00041,-0.112987,-0.746744,1.56844,0.0,0.0,0.0,0.0,0.0,,
0.00564796,8.02118e-08,57.5151,671.415,1e-20,0.0,0.0,84.358,0.0,0.0,0.0,0.0,813.288,1.00041,-0.114321,-0.735435,1.58863,0.0,0.0,0.0,0.0,0.0,,
0.00564992,8.48437e-08,58.7136,670.213,1e-20,0.0,0.0,84.3622,0.0,0.0,0.0,0.0,813.288,1.00041,-0.11588,-0.724154,1.60841,0.0,0.0,0.0,0.0,0.0,,
0.00565195,8.38159e-08,59.6941,669.231,1e-20,0.0,0.0,84.3634,0.0,0.0,0.0,0.0,813.289,1.00041,-0.117905,-0.71218,1.62884,0.0,0.0,0.0,0.0,0.0,,
0.00565395,8.30238e-08,60.4049,668.521,1e-20,0.0,0.0,84.3632,0.0,0.0,0.0,0.0,813.289,1.00041,-0.120392,-0.700013,1.64902,0.0,0.0,0.0,0.0,0.0,,
0.005656,7.81305e-08,60.8414,668.084,1e-20,0.0,0.0,84.3635,0.0,0.0,0.0,0.0,813.289,1.00041,-0.123404,-0.687343,1.66972,0.0,0.0,0.0,0.0,0.0,,
0.00565796,7.87947e-08,60.8911,668.034,1e-20,0.0,0.0,84.3642,0.0,0.0,0.0,0.0,813.289,1.00041,-0.126698,-0.675123,1.6895,0.0,0.0,0.0,0.0,0.0,,
0.00565993,8.44861e-08,60.5321,668.391,1e-20,0.0,0.0,84.3663,0.0,0.0,0.0,0.0,813.289,1.00041,-0.130387,-0.662842,1.70935,0.0,0.0,0.0,0.0,0.0,,
0.00566196,8.46944e-08,59.8341,669.082,1e-20,0.0,0.0,84.3733,0.0,0.0,0.0,0.0,813.29,1.00041,-0.134534,-0.650287,1.72986,0.0,0.0,0.0,0.0,0.0,,
0.00566397,7.94945e-08,59.0438,669.861,1e-20,0.0,0.0,84.3849,0.0,0.0,0.0,0.0,813.29,1.00041,-0.138903,-0.638141,1.75017,0.0,0.0,0.0,0.0,0.0,,
0.00566596,7.95423e-08,58.3574,670.533,1e-20,0.0,0.0,84.3991,0.0,0.0,0.0,0.0,813.29,1.00041,-0.14341,-0.626533,1.77022,0.0,0.0,0.0,0.0,0.0,,
0.00566793,8.45523e-08,57.8497,671.026,1e-20,0.0,0.0,84.4138,0.0,0.0,0.0,0.0,813.29,1.00041,-0.147946,-0.615442,1.79008,0.0,0.0,0.0,0.0,0.0,,
0.00566995,8.40364e-08,57.5491,671.316,1e-20,0.0,0.0,84.4251,0.0,0.0,0.0,0.0,813.29,1.00041,-0.152478,-0.604393,1.8105,0.0,0.0,0.0,0.0,0.0,,
0.00567193,7.87729e-08,57.5075,671.351,1e-20,0.0,0.0,84.4319,0.0,0.0,0.0,0.0,813.29,1.00041,-0.156617,-0.593718,1.83051,0.0,0.0,0.0,0.0,0.0,,
0.00567399,7.94459e-08,57.7566,671.096,1e-20,0.0,0.0,84.4375,0.0,0.0,0.0,0.0,813.29,1.00041,-0.160484,-0.582613,1.85124,0.0,0.0,0.0,0.0,0.0,,
0.00567598,8.00522e-08,58.2166,670.63,1e-20,0.0,0.0,84.443,0.0,0.0,0.0,0.0,813.29,1.00041,-0.163808,-0.571705,1.87137,0.0,0.0,0.0,0.0,0.0,,
0.00567792,8.46173e-08,58.7099,670.108,1e-20,0.0,0.0,84.4724,0.0,0.0,0.0,0.0,813.29,1.00041,-0.166712,-0.561048,1.8909,0.0,0.0,0.0,0.0,0.0,,
0.00567994,7.89135e-08,59.1718,669.607,1e-20,0.0,0.0,84.5109,0.0,0.0,0.0,0.0,813.29,1.00041,-0.169523,-0.550065,1.91129,0.0,0.0,0.0,0.0,0.0,,
0.00568199,7.89071e-08,59.6097,669.144,1e-20,0.0,0.0,84.5365,0.0,0.0,0.0,0.0,813.29,1.00041,-0.172171,-0.539326,1.93198,0.0,0.0,0.0,0.0,0.0,,
0.00568397,7.95454e-08,60.0417,668.725,1e-20,0.0,0.0,84.5231,0.0,0.0,0.0,0.0,813.29,1.00041,-0.17455,-0.529623,1.95195,0.0,0.0,0.0,0.0,0.0,,
0.00568592,8.48529e-08,60.3287,668.441,1e-20,0.0,0.0,84.5201,0.0,0.0,0.0,0.0,813.29,1.00041,-0.176789,-0.520937,1.97154,0.0,0.0,0.0,0.0,0.0,,
0.00568795,8.44368e-08,60.3969,668.366,1e-20,0.0,0.0,84.5279,0.0,0.0,0.0,0.0,813.29,1.00041,-0.179099,-0.512869,1.99203,0.0,0.0,0.0,0.0,0.0,,
0.00568996,7.89875e-08,60.1972,668.559,1e-20,0.0,0.0,84.5346,0.0,0.0,0.0,0.0,813.291,1.00041,-0.181386,-0.505943,2.01235,0.0,0.0,0.0,0.0,0.0,,
0.00569194,7.9065e-08,59.9037,668.845,1e-20,0.0,0.0,84.5416,0.0,0.0,0.0,0.0,813.291,1.00041,-0.183618,-0.500149,2.03224,0.0,0.0,0.0,0.0,0.0,,
0.00569392,8.48257e-08,59.6504,669.088,1e-20,0.0,0.0,84.5518,0.0,0.0,0.0,0.0,813.291,1.00041,-0.18581,-0.495322,2.05225,0.0,0.0,0.0,0.0,0.0,,
0.00569597,8.51724e-08,59.4671,669.255,1e-20,0.0,0.0,84.5685,0.0,0.0,0.0,0.0,813.291,1.00041,-0.187952,-0.491606,2.07281,0.0,0.0,0.0,0.0,0.0,,
0.00569792,8.44616e-08,59.3295,669.368,1e-20,0.0,0.0,84.5942,0.0,0.0,0.0,0.0,813.291,1.00041,-0.189933,-0.489412,2.09249,0.0,0.0,0.0,0.0,0.0,,
0.00569994,8.41711e-08,59.1605,669.501,1e-20,0.0,0.0,84.6298,0.0,0.0,0.0,0.0,813.291,1.00041,-0.191982,-0.488587,2.11287,0.0,0.0,0.0,0.0,0.0,,
0.00570195,7.97825e-08,58.9565,669.662,1e-20,0.0,0.0,84.6732,0.0,0.0,0.0,0.0,813.292,1.00041,-0.194064,-0.489143,2.13311,0.0,0.0,0.0,0.0,0.0,,
0.00570394,7.98997e-08,58.7676,669.8,1e-20,0.0,0.0,84.7242,0.0,0.0,0.0,0.0,813.292,1.00041,-0.196287,-0.490768,2.15324,0.0,0.0,0.0,0.0,0.0,,
0.00570597,8.42335e-08,58.606,669.881,1e-20,0.0,0.0,84.806,0.0,0.0,0.0,0.0,813.293,1.00041,-0.198779,-0.493025,2.17368,0.0,0.0,0.0,0.0,0.0,,
0.00570799,8.40362e-08,58.3786,670.023,1e-20,0.0,0.0,84.8916,0.0,0.0,0.0,0.0,813.293,1.00041,-0.201381,-0.495561,2.19399,0.0,0.0,0.0,0.0,0.0,,
0.00570993,8.4287e-08,58.1836,670.181,1e-20,0.0,0.0,84.928,0.0,0.0,0.0,0.0,813.293,1.00041,-0.203835,-0.498235,2.21345,0.0,0.0,0.0,0.0,0.0,,
0.00571197,7.90804e-08,58.0761,670.276,1e-20,0.0,0.0,84.9414,0.0,0.0,0.0,0.0,813.293,1.00041,-0.206266,-0.501446,2.23396,0.0,0.0,0.0,0.0,0.0,,
0.00571394,7.85659e-08,57.9472,670.393,1e-20,0.0,0.0,84.9529,0.0,0.0,0.0,0.0,813.293,1.00041,-0.208498,-0.505128,2.25375,0.0,0.0,0.0,14116.0,0.0,,
0.00571598,7.85643e-08,57.611,670.717,1e-20,0.0,0.0,84.9655,0.0,0.0,0.0,0.0,813.294,1.00041,-0.210884,-0.509716,2.27424,0.0,0.0,0.0,0.0,0.0,,
0.00571795,7.87931e-08,57.0417,671.264,1e-20,0.0,0.0,84.9882,0.0,0.0,0.0,0.0,813.294,1.00041,-0.213469,-0.5149,2.29397,0.0,0.0,0.0,0.0,0.0,,
0.00572,7.8994e-08,56.3119,671.96,1e-20,0.0,0.0,85.022,0.0,0.0,0.0,0.0,813.294,1.00041,-0.216621,-0.520967,2.31454,0.0,0.0,0.0,0.0,0.0,,
0.00572194,8.3947e-08,55.5976,672.639,1e-20,0.0,0.0,85.0579,0.0,0.0,0.0,0.0,813.294,1.00041,-0.219996,-0.527171,2.33405,0.0,0.0,0.0,0.0,0.0,,
0.00572394,7.90277e-08,54.8471,673.357,1e-20,0.0,0.0,85.0902,0.0,0.0,0.0,0.0,813.294,1.00041,-0.223606,-0.533843,2.35406,0.0,0.0,0.0,0.0,0.0,,
0.005726,7.9036e-08,54.077,674.105,1e-20,0.0,0.0,85.1129,0.0,0.0,0.0,0.0,813.294,1.00041,-0.227325,-0.54081,2.37461,0.0,0.0,0.0,0.0,0.0,,
0.00572798,7.94638e-08,53.4057,674.764,1e-20,0.0,0.0,85.1251,0.0,0.0,0.0,0.0,813.295,1.00041,-0.230909,-0.547541,2.39438,0.0,0.0,0.0,0.0,0.0,,
0.00573,8.46512e-08,52.95,675.213,1e-20,0.0,0.0,85.132,0.0,0.0,0.0,0.0,813.295,1.00041,-0.234443,-0.554532,2.41454,0.0,0.0,0.0,0.0,0.0,,
0.00573194,8.39182e-08,52.7854,675.372,1e-20,0.0,0.0,85.1377,0.0,0.0,0.0,0.0,813.295,1.00041,-0.237716,-0.561448,2.43387,0.0,0.0,0.0,0.0,0.0,,
0.00573394,8.26161e-08,52.8289,675.311,1e-20,0.0,0.0,85.1549,0.0,0.0,0.0,0.0,813.295,1.00041,-0.240905,-0.568706,2.45377,0.0,0.0,0.0,0.0,0.0,,
0.00573594,7.75067e-08,52.944,675.163,1e-20,0.0,0.0,85.1885,0.0,0.0,0.0,0.0,813.295,1.00041,-0.243816,-0.576108,2.4737,0.0,0.0,0.0,0.0,0.0,,
0.00573797,7.83936e-08,53.1253,674.942,1e-20,0.0,0.0,85.228,0.0,0.0,0.0,0.0,813.295,1.00041,-0.246456,-0.583585,2.49381,0.0,0.0,0.0,0.0,0.0,,
0.00573994,7.9282e-08,53.4033,674.632,1e-20,0.0,0.0,85.2598,0.0,0.0,0.0,0.0,813.295,1.00041,-0.24873,-0.590657,2.51337,0.0,0.0,0.0,0.0,0.0,,
0.00574193,8.44628e-08,53.7799,674.241,1e-20,0.0,0.0,85.2749,0.0,0.0,0.0,0.0,813.296,1.00042,-0.250795,-0.597448,2.53306,0.0,0.0,0.0,0.0,0.0,,
0.00574396,8.49597e-08,54.1528,673.863,1e-20,0.0,0.0,85.2798,0.0,0.0,0.0,0.0,813.295,1.00041,-0.252792,-0.604066,2.55315,0.0,0.0,0.0,0.0,0.0,,
0.00574598,8.08342e-08,54.3556,673.656,1e-20,0.0,0.0,85.2837,0.0,0.0,0.0,0.0,813.295,1.00042,-0.254671,-0.610398,2.57318,0.0,0.0,0.0,0.0,0.0,,
0.00574793,8.08585e-08,54.3573,673.652,1e-20,0.0,0.0,85.286,0.0,0.0,0.0,0.0,813.296,1.00042,-0.256336,-0.616212,2.59238,0.0,0.0,0.0,0.0,0.0,,
0.00574995,8.49567e-08,54.2288,673.777,1e-20,0.0,0.0,85.2903,0.0,0.0,0.0,0.0,813.296,1.00042,-0.257997,-0.622008,2.61241,0.0,0.0,0.0,0.0,0.0,,
0.00575198,8.44385e-08,54.0112,673.984,1e-20,0.0,0.0,85.3008,0.0,0.0,0.0,0.0,813.296,1.00042,-0.259661,-0.627612,2.63247,0.0,0.0,0.0,0.0,0.0,,
0.00575392,8.43817e-08,53.6307,674.345,1e-20,0.0,0.0,85.3207,0.0,0.0,0.0,0.0,813.296,1.00042,-0.261162,-0.632784,2.65165,0.0,0.0,0.0,0.0,0.0,,
0.00575597,7.89773e-08,53.0524,674.888,1e-20,0.0,0.0,85.3554,0.0,0.0,0.0,0.0,813.296,1.00042,-0.262489,-0.637927,2.6718,0.0,0.0,0.0,0.0,0.0,,
0.00575799,8.30499e-08,52.4339,675.457,1e-20,0.0,0.0,85.4051,0.0,0.0,0.0,0.0,813.296,1.00042,-0.263405,-0.642602,2.69182,0.0,0.0,0.0,0.0,0.0,,
0.00575998,8.28754e-08,51.9608,675.869,1e-20,0.0,0.0,85.4672,0.0,0.0,0.0,0.0,813.297,1.00042,-0.263782,-0.646697,2.71145,0.0,0.0,0.0,0.0,0.0,,
0.00576198,7.8762e-08,51.7418,676.008,1e-20,0.0,0.0,85.5467,0.0,0.0,0.0,0.0,813.297,1.00042,-0.263509,-0.650232,2.7311,0.0,0.0,0.0,14116.0,0.0,,
0.00576396,7.99738e-08,51.7369,675.915,1e-20,0.0,0.0,85.6449,0.0,0.0,0.0,0.0,813.297,1.00042,-0.262497,-0.653218,2.75065,0.0,0.0,0.0,0.0,0.0,,
0.00576597,8.1209e-08,51.8297,675.719,1e-20,0.0,0.0,85.7487,0.0,0.0,0.0,0.0,813.297,1.00042,-0.260842,-0.655758,2.7705,0.0,0.0,0.0,0.0,0.0,,
0.00576798,8.60073e-08,51.9198,675.536,1e-20,0.0,0.0,85.8417,0.0,0.0,0.0,0.0,813.298,1.00042,-0.258833,-0.65782,2.79023,0.0,0.0,0.0,0.0,0.0,,
0.00576994,8.45238e-08,51.9963,675.381,1e-20,0.0,0.0,85.9201,0.0,0.0,0.0,0.0,813.298,1.00042,-0.25668,-0.659396,2.80946,0.0,0.0,0.0,0.0,0.0,,
0.00577195,8.33018e-08,52.1121,675.197,1e-20,0.0,0.0,85.9888,0.0,0.0,0.0,0.0,813.298,1.00042,-0.254366,-0.660526,2.82915,0.0,0.0,0.0,0.0,0.0,,
0.00577395,8.28756e-08,52.2645,674.981,1e-20,0.0,0.0,86.0524,0.0,0.0,0.0,0.0,813.298,1.00042,-0.252037,-0.661097,2.84861,0.0,0.0,0.0,0.0,0.0,,
0.00577593,8.23634e-08,52.4839,674.723,1e-20,0.0,0.0,86.0914,0.0,0.0,0.0,0.0,813.298,1.00042,-0.249839,-0.661095,2.86794,0.0,0.0,0.0,0.0,0.0,,
0.00577798,8.15611e-08,52.7469,674.418,1e-20,0.0,0.0,86.1335,0.0,0.0,0.0,0.0,813.298,1.00042,-0.247992,-0.660543,2.88788,0.0,0.0,0.0,0.0,0.0,,
0.00577994,8.1609e-08,52.9924,674.083,1e-20,0.0,0.0,86.2228,0.0,0.0,0.0,0.0,813.298,1.00042,-0.246798,-0.659538,2.90689,0.0,0.0,0.0,0.0,0.0,,
0.00578196,7.77269e-08,53.305,673.739,1e-20,0.0,0.0,86.254,0.0,0.0,0.0,0.0,813.298,1.00042,-0.245992,-0.658043,2.92651,0.0,0.0,0.0,0.0,0.0,,
0.00578399,7.87591e-08,53.6732,673.383,1e-20,0.0,0.0,86.2415,0.0,0.0,0.0,0.0,813.298,1.00042,-0.245362,-0.656204,2.94624,0.0,0.0,0.0,0.0,0.0,,
0.00578597,7.94755e-08,53.9333,673.129,1e-20,0.0,0.0,86.2363,0.0,0.0,0.0,0.0,813.298,1.00042,-0.244845,-0.654279,2.96541,0.0,0.0,0.0,0.0,0.0,,
0.00578797,8.00605e-08,54.0265,673.018,1e-20,0.0,0.0,86.254,0.0,0.0,0.0,0.0,813.298,1.00042,-0.244468,-0.652219,2.98471,0.0,0.0,0.0,0.0,0.0,,
0.00578997,8.01721e-08,53.9549,673.065,1e-20,0.0,0.0,86.2785,0.0,0.0,0.0,0.0,813.298,1.00042,-0.244194,-0.649829,3.00408,0.0,0.0,0.0,0.0,0.0,,
0.00579194,8.4342e-08,53.674,673.329,1e-20,0.0,0.0,86.2946,0.0,0.0,0.0,0.0,813.298,1.00042,-0.244147,-0.646993,3.02312,0.0,0.0,0.0,0.0,0.0,,
0.00579395,8.32333e-08,53.2402,673.751,1e-20,0.0,0.0,86.3068,0.0,0.0,0.0,0.0,813.298,1.00042,-0.244474,-0.643558,3.04249,0.0,0.0,0.0,0.0,0.0,,
0.00579594,8.28771e-08,52.7216,674.248,1e-20,0.0,0.0,86.3278,0.0,0.0,0.0,0.0,813.298,1.00042,-0.245141,-0.639655,3.06165,0.0,0.0,0.0,0.0,0.0,,
0.00579793,7.85828e-08,52.2483,674.701,1e-20,0.0,0.0,86.3482,0.0,0.0,0.0,0.0,813.298,1.00042,-0.246091,-0.63537,3.08073,0.0,0.0,0.0,0.0,0.0,,
0.00579998,7.93132e-08,51.7853,675.146,1e-20,0.0,0.0,86.3667,0.0,0.0,0.0,0.0,813.298,1.00042,-0.247265,-0.630759,3.10043,0.0,0.0,0.0,0.0,0.0,,
0.00580193,8.42456e-08,51.3842,675.542,1e-20,0.0,0.0,86.3717,0.0,0.0,0.0,0.0,813.298,1.00042,-0.248488,-0.626427,3.11908,0.0,0.0,0.0,0.0,0.0,,
0.00580394,8.36495e-08,50.9911,675.932,1e-20,0.0,0.0,86.3742,0.0,0.0,0.0,0.0,813.297,1.00042,-0.249895,-0.621997,3.13835,0.0,0.0,0.0,0.0,0.0,,
0.00580599,7.87579e-08,50.6787,676.226,1e-20,0.0,0.0,86.3926,0.0,0.0,0.0,0.0,813.297,1.00042,-0.25148,-0.617533,3.15793,0.0,0.0,0.0,0.0,0.0,,
0.00580797,7.94439e-08,50.6109,676.257,1e-20,0.0,0.0,86.4288,0.0,0.0,0.0,0.0,813.297,1.00042,-0.253193,-0.613286,3.1768,0.0,0.0,0.0,0.0,0.0,,
0.00580996,8.46009e-08,50.8547,675.965,1e-20,0.0,0.0,86.4775,0.0,0.0,0.0,0.0,813.297,1.00042,-0.255128,-0.609031,3.1958,0.0,0.0,0.0,0.0,0.0,,
0.00581198,8.37673e-08,51.3202,675.445,1e-20,0.0,0.0,86.532,0.0,0.0,0.0,0.0,813.297,1.00042,-0.257275,-0.604737,3.21505,0.0,0.0,0.0,0.0,0.0,,
0.00581398,8.32084e-08,51.7809,674.932,1e-20,0.0,0.0,86.5843,0.0,0.0,0.0,0.0,813.297,1.00042,-0.259491,-0.600489,3.23411,0.0,0.0,0.0,0.0,0.0,,
0.00581592,7.87446e-08,52.1688,674.506,1e-20,0.0,0.0,86.6219,0.0,0.0,0.0,0.0,813.297,1.00042,-0.261617,-0.596355,3.25252,0.0,0.0,0.0,0.0,0.0,,
0.00581798,7.92094e-08,52.6006,674.057,1e-20,0.0,0.0,86.6399,0.0,0.0,0.0,0.0,813.297,1.00042,-0.26384,-0.591886,3.27201,0.0,0.0,0.0,0.0,0.0,,
0.00581996,7.94787e-08,53.1019,673.55,1e-20,0.0,0.0,86.6454,0.0,0.0,0.0,0.0,813.297,1.00042,-0.266075,-0.587371,3.29081,0.0,0.0,0.0,0.0,0.0,,
0.00582195,8.00198e-08,53.5773,673.072,1e-20,0.0,0.0,86.6479,0.0,0.0,0.0,0.0,813.297,1.00042,-0.268458,-0.582569,3.30967,0.0,0.0,0.0,0.0,0.0,,
0.00582396,8.04361e-08,53.9264,672.719,1e-20,0.0,0.0,86.6514,0.0,0.0,0.0,0.0,813.297,1.00042,-0.271071,-0.577355,3.32863,0.0,0.0,0.0,0.0,0.0,,
0.00582592,8.49115e-08,54.0601,672.577,1e-20,0.0,0.0,86.6601,0.0,0.0,0.0,0.0,813.297,1.00042,-0.274002,-0.571725,3.34715,0.0,0.0,0.0,0.0,0.0,,
0.00582795,8.38039e-08,54.0759,672.551,1e-20,0.0,0.0,86.6708,0.0,0.0,0.0,0.0,813.297,1.00042,-0.277551,-0.565337,3.36624,0.0,0.0,0.0,0.0,0.0,,
0.00582995,8.30807e-08,54.0826,672.538,1e-20,0.0,0.0,86.677,0.0,0.0,0.0,0.0,813.297,1.00042,-0.281485,-0.558763,3.38508,0.0,0.0,0.0,0.0,0.0,,
0.005832,7.80914e-08,54.2175,672.398,1e-20,0.0,0.0,86.6822,0.0,0.0,0.0,0.0,813.297,1.00042,-0.285667,-0.552182,3.40434,0.0,0.0,0.0,0.0,0.0,,
0.00583396,7.87494e-08,54.3825,672.23,1e-20,0.0,0.0,86.685,0.0,0.0,0.0,0.0,813.297,1.00042,-0.289816,-0.546298,3.42271,0.0,0.0,0.0,0.0,0.0,,
0.00583594,7.96443e-08,54.437,672.172,1e-20,0.0,0.0,86.6882,0.0,0.0,0.0,0.0,813.297,1.00042,-0.294215,-0.540791,3.44125,0.0,0.0,0.0,0.0,0.0,,
0.00583795,8.47233e-08,54.2975,672.306,1e-20,0.0,0.0,86.6935,0.0,0.0,0.0,0.0,813.297,1.00042,-0.298931,-0.535495,3.46012,0.0,0.0,0.0,0.0,0.0,,
0.00583998,7.97973e-08,54.0452,672.548,1e-20,0.0,0.0,86.7033,0.0,0.0,0.0,0.0,813.297,1.00042,-0.303955,-0.530345,3.47901,0.0,0.0,0.0,0.0,0.0,,
0.00584198,8.06625e-08,53.8854,672.696,1e-20,0.0,0.0,86.7153,0.0,0.0,0.0,0.0,813.297,1.00042,-0.30934,-0.5252,3.4977,0.0,0.0,0.0,0.0,0.0,,
0.00584393,8.13533e-08,53.8589,672.711,1e-20,0.0,0.0,86.7268,0.0,0.0,0.0,0.0,813.297,1.00042,-0.314977,-0.520003,3.51583,0.0,0.0,0.0,0.0,0.0,,
0.00584597,8.51537e-08,53.9343,672.622,1e-20,0.0,0.0,86.7401,0.0,0.0,0.0,0.0,813.297,1.00042,-0.32123,-0.514352,3.53483,0.0,0.0,0.0,0.0,0.0,,
0.00584799,8.31163e-08,53.9659,672.574,1e-20,0.0,0.0,86.7564,0.0,0.0,0.0,0.0,813.297,1.00042,-0.32754,-0.508746,3.5536,0.0,0.0,0.0,0.0,0.0,,
0.00584997,8.17868e-08,53.8849,672.638,1e-20,0.0,0.0,86.7736,0.0,0.0,0.0,0.0,813.297,1.00042,-0.333562,-0.503324,3.57194,0.0,0.0,0.0,0.0,0.0,,
0.00585192,7.65922e-08,53.7133,672.792,1e-20,0.0,0.0,86.7911,0.0,0.0,0.0,0.0,813.297,1.00042,-0.339114,-0.497943,3.59008,0.0,0.0,0.0,0.0,0.0,,
0.00585399,7.68993e-08,53.5214,672.967,1e-20,0.0,0.0,86.808,0.0,0.0,0.0,0.0,813.297,1.00042,-0.344412,-0.491996,3.60923,0.0,0.0,0.0,0.0,0.0,,
0.00585593,7.78539e-08,53.3525,673.118,1e-20,0.0,0.0,86.8263,0.0,0.0,0.0,0.0,813.297,1.00042,-0.348857,-0.486009,3.62709,0.0,0.0,0.0,0.0,0.0,,
0.00585796,7.88019e-08,53.1505,673.31,1e-20,0.0,0.0,86.8362,0.0,0.0,0.0,0.0,813.297,1.00042,-0.353038,-0.479256,3.64587,0.0,0.0,0.0,0.0,0.0,,
0.00585994,7.94744e-08,52.8249,673.635,1e-20,0.0,0.0,86.8372,0.0,0.0,0.0,0.0,813.297,1.00042,-0.356539,-0.472336,3.66409,0.0,0.0,0.0,0.0,0.0,,
0.00586194,8.50353e-08,52.4024,674.055,1e-20,0.0,0.0,86.8397,0.0,0.0,0.0,0.0,813.297,1.00042,-0.359581,-0.465009,3.68246,0.0,0.0,0.0,0.0,0.0,,
0.00586399,8.50894e-08,52.081,674.375,1e-20,0.0,0.0,86.8408,0.0,0.0,0.0,0.0,813.297,1.00042,-0.362318,-0.457252,3.70121,0.0,0.0,0.0,0.0,0.0,,
0.00586594,8.4284e-08,51.9742,674.473,1e-20,0.0,0.0,86.8502,0.0,0.0,0.0,0.0,813.297,1.00042,-0.364605,-0.449573,3.71909,0.0,0.0,0.0,0.0,0.0,,
0.00586795,8.32434e-08,52.0128,674.415,1e-20,0.0,0.0,86.8693,0.0,0.0,0.0,0.0,813.297,1.00042,-0.366552,-0.441265,3.7375,0.0,0.0,0.0,0.0,0.0,,
0.00586994,8.27798e-08,52.1501,674.264,1e-20,0.0,0.0,86.8828,0.0,0.0,0.0,0.0,813.297,1.00042,-0.367942,-0.432513,3.75571,0.0,0.0,0.0,0.0,0.0,,
0.00587192,8.2263e-08,52.3757,674.028,1e-20,0.0,0.0,86.8941,0.0,0.0,0.0,0.0,813.298,1.00042,-0.368649,-0.423239,3.77382,0.0,0.0,0.0,0.0,0.0,,
0.00587399,7.6968e-08,52.7392,673.649,1e-20,0.0,0.0,86.9094,0.0,0.0,0.0,0.0,813.298,1.00042,-0.368569,-0.413067,3.79275,0.0,0.0,0.0,0.0,0.0,,
0.00587592,7.7794e-08,53.2578,673.115,1e-20,0.0,0.0,86.9251,0.0,0.0,0.0,0.0,813.298,1.00042,-0.367752,-0.403401,3.81033,0.0,0.0,0.0,0.0,0.0,,
0.00587797,8.01844e-08,53.9531,672.407,1e-20,0.0,0.0,86.9383,0.0,0.0,0.0,0.0,813.298,1.00042,-0.366223,-0.393139,3.82896,0.0,0.0,0.0,0.0,0.0,,
0.00588,8.1604e-08,54.6396,671.714,1e-20,0.0,0.0,86.9444,0.0,0.0,0.0,0.0,813.298,1.00042,-0.364255,-0.383074,3.84734,0.0,0.0,0.0,0.0,0.0,,
0.00588195,8.57794e-08,55.2009,671.154,1e-20,0.0,0.0,86.9429,0.0,0.0,0.0,0.0,813.298,1.00042,-0.362112,-0.373329,3.865,0.0,0.0,0.0,0.0,0.0,,
0.00588399,8.43687e-08,55.7085,670.655,1e-20,0.0,0.0,86.9347,0.0,0.0,0.0,0.0,813.298,1.00042,-0.359678,-0.362857,3.88346,0.0,0.0,0.0,0.0,0.0,,
0.00588592,8.3727e-08,56.1197,670.253,1e-20,0.0,0.0,86.9256,0.0,0.0,0.0,0.0,813.298,1.00042,-0.357198,-0.352596,3.9009,0.0,0.0,0.0,0.0,0.0,,
0.00588793,8.31878e-08,56.4289,669.95,1e-20,0.0,0.0,86.9186,0.0,0.0,0.0,0.0,813.298,1.00042,-0.354421,-0.341827,3.91896,0.0,0.0,0.0,0.0,0.0,,
0.00588992,8.28144e-08,56.5114,669.871,1e-20,0.0,0.0,86.9152,0.0,0.0,0.0,0.0,813.298,1.00042,-0.351371,-0.331323,3.93688,0.0,0.0,0.0,0.0,0.0,,
0.00589198,7.8435e-08,56.4451,669.939,1e-20,0.0,0.0,86.9146,0.0,0.0,0.0,0.0,813.298,1.00042,-0.347825,-0.320924,3.95546,0.0,0.0,0.0,0.0,0.0,,
0.00589395,7.90018e-08,56.394,669.986,1e-20,0.0,0.0,86.9185,0.0,0.0,0.0,0.0,813.298,1.00042,-0.344032,-0.311653,3.97312,0.0,0.0,0.0,14116.0,0.0,,
0.00589593,7.93381e-08,56.3204,669.986,1e-20,0.0,0.0,86.9916,0.0,0.0,0.0,0.0,813.298,1.00042,-0.339781,-0.302983,3.99085,0.0,0.0,0.0,0.0,0.0,,
0.00589793,8.47443e-08,56.1641,670.091,1e-20,0.0,0.0,87.0429,0.0,0.0,0.0,0.0,813.298,1.00042,-0.334984,-0.294645,4.00872,0.0,0.0,0.0,0.0,0.0,,
0.00589997,8.49197e-08,56.0658,670.208,1e-20,0.0,0.0,87.0245,0.0,0.0,0.0,0.0,813.298,1.00042,-0.329569,-0.286196,4.02692,0.0,0.0,0.0,0.0,0.0,,
0.00590197,7.94281e-08,56.0276,670.279,1e-20,0.0,0.0,86.9916,0.0,0.0,0.0,0.0,813.298,1.00042,-0.323919,-0.277697,4.04477,0.0,0.0,0.0,0.0,0.0,,
0.00590394,7.88829e-08,56.0302,670.281,1e-20,0.0,0.0,86.9869,0.0,0.0,0.0,0.0,813.298,1.00042,-0.318231,-0.269013,4.06239,0.0,0.0,0.0,0.0,0.0,,
0.00590593,8.36771e-08,56.1097,670.198,1e-20,0.0,0.0,86.9907,0.0,0.0,0.0,0.0,813.298,1.00042,-0.312566,-0.260007,4.08002,0.0,0.0,0.0,0.0,0.0,,
0.00590793,8.31074e-08,56.2355,670.066,1e-20,0.0,0.0,86.9971,0.0,0.0,0.0,0.0,813.298,1.00042,-0.306992,-0.250561,4.09781,0.0,0.0,0.0,0.0,0.0,,
0.00591,8.2025e-08,56.382,669.913,1e-20,0.0,0.0,87.0031,0.0,0.0,0.0,0.0,813.299,1.00042,-0.301501,-0.240488,4.11611,0.0,0.0,0.0,0.0,0.0,,
0.00591193,7.73463e-08,56.4776,669.813,1e-20,0.0,0.0,87.0084,0.0,0.0,0.0,0.0,813.299,1.00042,-0.296641,-0.23081,4.13328,0.0,0.0,0.0,0.0,0.0,,
0.00591396,7.87576e-08,56.5726,669.71,1e-20,0.0,0.0,87.0159,0.0,0.0,0.0,0.0,813.299,1.00042,-0.291831,-0.220526,4.15119,0.0,0.0,0.0,0.0,0.0,,
0.005916,8.41658e-08,56.7841,669.489,1e-20,0.0,0.0,87.0255,0.0,0.0,0.0,0.0,813.299,1.00042,-0.287136,-0.209997,4.16915,0.0,0.0,0.0,0.0,0.0,,
0.00591793,8.3162e-08,57.0819,669.174,1e-20,0.0,0.0,87.0427,0.0,0.0,0.0,0.0,813.299,1.00042,-0.282698,-0.199788,4.18611,0.0,0.0,0.0,0.0,0.0,,
0.00592,8.28286e-08,57.4199,668.793,1e-20,0.0,0.0,87.0862,0.0,0.0,0.0,0.0,813.299,1.00042,-0.277798,-0.188317,4.20433,0.0,0.0,0.0,0.0,0.0,,
0.00592199,7.89239e-08,57.7095,668.478,1e-20,0.0,0.0,87.1116,0.0,0.0,0.0,0.0,813.299,1.00042,-0.272852,-0.176539,4.22185,0.0,0.0,0.0,0.0,0.0,,
0.00592397,7.94343e-08,57.9437,668.225,1e-20,0.0,0.0,87.1307,0.0,0.0,0.0,0.0,813.299,1.00042,-0.267652,-0.163886,4.23922,0.0,0.0,0.0,0.0,0.0,,
0.00592594,8.3713e-08,58.1352,668.014,1e-20,0.0,0.0,87.1498,0.0,0.0,0.0,0.0,813.299,1.00042,-0.262181,-0.150157,4.25644,0.0,0.0,0.0,0.0,0.0,,
0.00592794,8.31488e-08,58.4355,667.703,1e-20,0.0,0.0,87.1609,0.0,0.0,0.0,0.0,813.299,1.00042,-0.256361,-0.134863,4.27392,0.0,0.0,0.0,0.0,0.0,,
0.00592994,7.84039e-08,58.8984,667.235,1e-20,0.0,0.0,87.1654,0.0,0.0,0.0,0.0,813.299,1.00042,-0.250435,-0.118202,4.29137,0.0,0.0,0.0,0.0,0.0,,
0.00593199,7.89211e-08,59.4216,666.718,1e-20,0.0,0.0,87.1592,0.0,0.0,0.0,0.0,813.299,1.00042,-0.244467,-0.0998895,4.30915,0.0,0.0,0.0,0.0,0.0,,
0.00593397,7.95968e-08,59.9737,666.176,1e-20,0.0,0.0,87.1495,0.0,0.0,0.0,0.0,813.299,1.00042,-0.23892,-0.0809796,4.32635,0.0,0.0,0.0,0.0,0.0,,
0.00593597,7.99617e-08,60.4957,665.661,1e-20,0.0,0.0,87.1422,0.0,0.0,0.0,0.0,813.299,1.00042,-0.233739,-0.0608694,4.34364,0.0,0.0,0.0,0.0,0.0,,
0.00593796,7.96694e-08,60.9501,665.211,1e-20,0.0,0.0,87.1377,0.0,0.0,0.0,0.0,813.299,1.00042,-0.229148,-0.0398747,4.36091,0.0,0.0,0.0,0.0,0.0,,
0.00593996,8.4007e-08,61.3579,664.805,1e-20,0.0,0.0,87.1358,0.0,0.0,0.0,0.0,813.299,1.00042,-0.225219,-0.0181766,4.37817,0.0,0.0,0.0,0.0,0.0,,
0.00594197,8.34014e-08,61.7258,664.436,1e-20,0.0,0.0,87.1371,0.0,0.0,0.0,0.0,813.299,1.00042,-0.221881,0.00424502,4.3955,0.0,0.0,0.0,0.0,0.0,,
0.00594396,8.25056e-08,62.0495,664.109,1e-20,0.0,0.0,87.1404,0.0,0.0,0.0,0.0,813.299,1.00042,-0.219095,0.0271843,4.41265,0.0,0.0,0.0,0.0,0.0,,
0.00594593,7.70286e-08,62.2913,663.861,1e-20,0.0,0.0,87.1469,0.0,0.0,0.0,0.0,813.299,1.00042,-0.216804,0.050634,4.42958,0.0,0.0,0.0,0.0,0.0,,
0.00594794,7.70173e-08,62.3807,663.751,1e-20,0.0,0.0,87.1672,0.0,0.0,0.0,0.0,813.299,1.00042,-0.214887,0.0752377,4.44676,0.0,0.0,0.0,0.0,0.0,,
0.00594995,7.82828e-08,62.2499,663.864,1e-20,0.0,0.0,87.1855,0.0,0.0,0.0,0.0,813.299,1.00042,-0.213347,0.10069,4.46402,0.0,0.0,0.0,0.0,0.0,,
0.00595198,8.51242e-08,61.8795,664.213,1e-20,0.0,0.0,87.2066,0.0,0.0,0.0,0.0,813.299,1.00042,-0.21222,0.126981,4.48138,0.0,0.0,0.0,0.0,0.0,,
0.00595396,8.60751e-08,61.3505,664.721,1e-20,0.0,0.0,87.2278,0.0,0.0,0.0,0.0,813.299,1.00042,-0.211606,0.152973,4.4982,0.0,0.0,0.0,0.0,0.0,,
0.00595599,8.07489e-08,60.7881,665.269,1e-20,0.0,0.0,87.2414,0.0,0.0,0.0,0.0,813.299,1.00042,-0.211493,0.180198,4.51551,0.0,0.0,0.0,0.0,0.0,,
0.00595799,7.96533e-08,60.3762,665.671,1e-20,0.0,0.0,87.2512,0.0,0.0,0.0,0.0,813.299,1.00042,-0.211873,0.207599,4.53256,0.0,0.0,0.0,0.0,0.0,,
0.00595996,8.47292e-08,60.1831,665.851,1e-20,0.0,0.0,87.2646,0.0,0.0,0.0,0.0,813.299,1.00042,-0.212664,0.234993,4.54921,0.0,0.0,0.0,0.0,0.0,,
0.00596199,8.48063e-08,60.2356,665.787,1e-20,0.0,0.0,87.2756,0.0,0.0,0.0,0.0,813.299,1.00042,-0.213731,0.264001,4.56649,0.0,0.0,0.0,0.0,0.0,,
0.00596393,8.289e-08,60.5064,665.512,1e-20,0.0,0.0,87.2801,0.0,0.0,0.0,0.0,813.299,1.00042,-0.214654,0.29188,4.58283,0.0,0.0,0.0,0.0,0.0,,
0.00596597,7.70002e-08,60.9971,665.016,1e-20,0.0,0.0,87.2853,0.0,0.0,0.0,0.0,813.299,1.00042,-0.215169,0.321477,4.60012,0.0,0.0,0.0,0.0,0.0,,
0.00596799,7.85174e-08,61.6417,664.373,1e-20,0.0,0.0,87.2837,0.0,0.0,0.0,0.0,813.299,1.00042,-0.214957,0.350319,4.61711,0.0,0.0,0.0,0.0,0.0,,
0.00596997,7.95923e-08,62.3691,663.65,1e-20,0.0,0.0,87.2799,0.0,0.0,0.0,0.0,813.299,1.00042,-0.213994,0.377906,4.63377,0.0,0.0,0.0,0.0,0.0,,
0.00597195,7.85632e-08,63.098,662.926,1e-20,0.0,0.0,87.2747,0.0,0.0,0.0,0.0,813.299,1.00042,-0.212358,0.404503,4.65039,0.0,0.0,0.0,0.0,0.0,,
0.00597392,8.30644e-08,63.6714,662.358,1e-20,0.0,0.0,87.2694,0.0,0.0,0.0,0.0,813.298,1.00042,-0.210157,0.429887,4.66688,0.0,0.0,0.0,0.0,0.0,,
0.00597592,8.43588e-08,63.9959,662.037,1e-20,0.0,0.0,87.2656,0.0,0.0,0.0,0.0,813.298,1.00042,-0.207345,0.454668,4.68368,0.0,0.0,0.0,0.0,0.0,,
0.00597794,8.44431e-08,64.0698,661.966,1e-20,0.0,0.0,87.2625,0.0,0.0,0.0,0.0,813.299,1.00042,-0.203955,0.478591,4.70048,0.0,0.0,0.0,0.0,0.0,,
0.00597994,8.25571e-08,63.9538,662.082,1e-20,0.0,0.0,87.2629,0.0,0.0,0.0,0.0,813.299,1.00042,-0.200066,0.50175,4.71721,0.0,0.0,0.0,0.0,0.0,,
0.00598199,8.17947e-08,63.7011,662.33,1e-20,0.0,0.0,87.2673,0.0,0.0,0.0,0.0,813.299,1.00042,-0.195667,0.524801,4.73427,0.0,0.0,0.0,0.0,0.0,,
0.00598397,7.82119e-08,63.4113,662.614,1e-20,0.0,0.0,87.2732,0.0,0.0,0.0,0.0,813.299,1.00042,-0.191089,0.546488,4.75074,0.0,0.0,0.0,0.0,0.0,,
0.00598594,7.85695e-08,63.1127,662.906,1e-20,0.0,0.0,87.2805,0.0,0.0,0.0,0.0,813.299,1.00042,-0.186227,0.567307,4.76701,0.0,0.0,0.0,0.0,0.0,,
0.00598795,8.29395e-08,62.7643,663.244,1e-20,0.0,0.0,87.2904,0.0,0.0,0.0,0.0,813.299,1.00042,-0.180781,0.587889,4.78365,0.0,0.0,0.0,0.0,0.0,,
0.00598994,8.30687e-08,62.2792,663.719,1e-20,0.0,0.0,87.301,0.0,0.0,0.0,0.0,813.299,1.00042,-0.174832,0.607391,4.80009,0.0,0.0,0.0,0.0,0.0,,
0.00599195,7.92031e-08,61.6744,664.313,1e-20,0.0,0.0,87.3113,0.0,0.0,0.0,0.0,813.299,1.00042,-0.168221,0.626186,4.81672,0.0,0.0,0.0,0.0,0.0,,
0.00599394,8.00616e-08,61.1424,664.833,1e-20,0.0,0.0,87.3238,0.0,0.0,0.0,0.0,813.299,1.00042,-0.161179,0.643786,4.8331,0.0,0.0,0.0,0.0,0.0,,
0.00599599,8.53324e-08,60.8521,665.106,1e-20,0.0,0.0,87.3412,0.0,0.0,0.0,0.0,813.299,1.00042,-0.153514,0.660865,4.84986,0.0,0.0,0.0,0.0,0.0,,
0.00599794,8.41811e-08,60.8586,665.087,1e-20,0.0,0.0,87.3531,0.0,0.0,0.0,0.0,813.299,1.00042,-0.145809,0.676326,4.86587,0.0,0.0,0.0,0.0,0.0,,
0.00599994,8.23066e-08,61.028,664.909,1e-20,0.0,0.0,87.3625,0.0,0.0,0.0,0.0,813.299,1.00042,-0.137659,0.691225,4.88222,0.0,0.0,0.0,14116.0,0.0,,
0.00600199,8.22101e-08,61.2542,664.671,1e-20,0.0,0.0,87.3737,0.0,0.0,0.0,0.0,813.299,1.00042,-0.129188,0.705547,4.89898,0.0,0.0,0.0,0.0,0.0,,
0.00600397,7.81699e-08,61.4506,664.463,1e-20,0.0,0.0,87.3856,0.0,0.0,0.0,0.0,813.299,1.00042,-0.121103,0.71847,4.91512,0.0,0.0,0.0,0.0,0.0,,
0.00600592,7.80138e-08,61.5527,664.353,1e-20,0.0,0.0,87.3938,0.0,0.0,0.0,0.0,813.299,1.00042,-0.11331,0.730571,4.93102,0.0,0.0,0.0,0.0,0.0,,
0.00600794,7.72341e-08,61.5307,664.373,1e-20,0.0,0.0,87.3951,0.0,0.0,0.0,0.0,813.299,1.00042,-0.105558,0.742611,4.9474,0.0,0.0,0.0,0.0,0.0,,
0.00600995,7.8028e-08,61.4087,664.497,1e-20,0.0,0.0,87.3933,0.0,0.0,0.0,0.0,813.299,1.00042,-0.0981252,0.754413,4.96371,0.0,0.0,0.0,0.0,0.0,,
0.00601192,7.93861e-08,61.2867,664.619,1e-20,0.0,0.0,87.3939,0.0,0.0,0.0,0.0,813.299,1.00042,-0.0910666,0.765952,4.97963,0.0,0.0,0.0,0.0,0.0,,
0.00601399,7.96373e-08,61.2071,664.694,1e-20,0.0,0.0,87.3981,0.0,0.0,0.0,0.0,813.299,1.00042,-0.0837038,0.778289,4.99634,0.0,0.0,0.0,0.0,0.0,,
0.00601599,8.45626e-08,61.2005,664.694,1e-20,0.0,0.0,87.4049,0.0,0.0,0.0,0.0,813.299,1.00042,-0.0764889,0.790514,5.01243,0.0,0.0,0.0,0.0,0.0,,
0.00601794,8.48795e-08,61.2767,664.606,1e-20,0.0,0.0,87.4159,0.0,0.0,0.0,0.0,813.299,1.00042,-0.0693003,0.802682,5.0281,0.0,0.0,0.0,0.0,0.0,,
0.00601994,7.95412e-08,61.3608,664.503,1e-20,0.0,0.0,87.4355,0.0,0.0,0.0,0.0,813.299,1.00042,-0.0617756,0.815292,5.04417,0.0,0.0,0.0,0.0,0.0,,
0.00602193,8.34116e-08,61.4525,664.393,1e-20,0.0,0.0,87.4533,0.0,0.0,0.0,0.0,813.299,1.00042,-0.0541611,0.827821,5.06012,0.0,0.0,0.0,0.0,0.0,,
0.00602393,8.30638e-08,61.6836,664.143,1e-20,0.0,0.0,87.4729,0.0,0.0,0.0,0.0,813.299,1.00042,-0.0464799,0.840315,5.07608,0.0,0.0,0.0,0.0,0.0,,
0.00602592,8.30184e-08,62.1608,663.647,1e-20,0.0,0.0,87.4919,0.0,0.0,0.0,0.0,813.299,1.00042,-0.0389068,0.85276,5.09199,0.0,0.0,0.0,0.0,0.0,,
0.00602797,7.79365e-08,62.793,662.999,1e-20,0.0,0.0,87.5074,0.0,0.0,0.0,0.0,813.3,1.00042,-0.0314464,0.865587,5.10832,0.0,0.0,0.0,0.0,0.0,,
0.00602992,7.84392e-08,63.375,662.401,1e-20,0.0,0.0,87.5239,0.0,0.0,0.0,0.0,813.3,1.00042,-0.0247584,0.877933,5.12384,0.0,0.0,0.0,0.0,0.0,,
0.00603197,8.39875e-08,63.8758,661.879,1e-20,0.0,0.0,87.5446,0.0,0.0,0.0,0.0,813.3,1.00042,-0.0181468,0.891145,5.14012,0.0,0.0,0.0,0.0,0.0,,
0.00603399,8.36974e-08,64.232,661.501,1e-20,0.0,0.0,87.5668,0.0,0.0,0.0,0.0,813.3,1.00042,-0.0120248,0.904553,5.15609,0.0,0.0,0.0,0.0,0.0,,
0.00603592,8.32023e-08,64.4907,661.218,1e-20,0.0,0.0,87.5911,0.0,0.0,0.0,0.0,813.3,1.00042,-0.0065619,0.918013,5.17135,0.0,0.0,0.0,0.0,0.0,,
0.00603792,8.39369e-08,64.6889,660.988,1e-20,0.0,0.0,87.6231,0.0,0.0,0.0,0.0,813.3,1.00042,-0.0013806,0.932817,5.18718,0.0,0.0,0.0,0.0,0.0,,
0.00603994,8.41672e-08,64.8156,660.824,1e-20,0.0,0.0,87.6611,0.0,0.0,0.0,0.0,813.3,1.00042,0.00328794,0.948689,5.2031,0.0,0.0,0.0,0.0,0.0,,
0.00604197,7.80336e-08,64.8581,660.744,1e-20,0.0,0.0,87.6981,0.0,0.0,0.0,0.0,813.301,1.00042,0.00736745,0.965644,5.21906,0.0,0.0,0.0,0.0,0.0,,
0.00604398,7.72604e-08,64.7942,660.764,1e-20,0.0,0.0,87.743,0.0,0.0,0.0,0.0,813.301,1.00042,0.0108423,0.983516,5.23489,0.0,0.0,0.0,0.0,0.0,,
0.00604592,7.8178e-08,64.6015,660.896,1e-20,0.0,0.0,87.8032,0.0,0.0,0.0,0.0,813.301,1.00042,0.0137581,1.00153,5.25009,0.0,0.0,0.0,0.0,0.0,,
0.00604797,7.89887e-08,64.2406,661.185,1e-20,0.0,0.0,87.8758,0.0,0.0,0.0,0.0,813.301,1.00042,0.0164683,1.02122,5.2661,0.0,0.0,0.0,0.0,0.0,,
0.00604994,8.36346e-08,63.8532,661.509,1e-20,0.0,0.0,87.9386,0.0,0.0,0.0,0.0,813.301,1.00042,0.018752,1.04067,5.2815,0.0,0.0,0.0,0.0,0.0,,
0.00605195,8.42936e-08,63.5099,661.8,1e-20,0.0,0.0,87.9913,0.0,0.0,0.0,0.0,813.302,1.00042,0.0207772,1.06058,5.29716,0.0,0.0,0.0,0.0,0.0,,
0.00605396,8.03812e-08,63.1774,662.085,1e-20,0.0,0.0,88.0396,0.0,0.0,0.0,0.0,813.302,1.00042,0.0226398,1.0802,5.31277,0.0,0.0,0.0,0.0,0.0,,
0.00605597,8.01734e-08,62.7821,662.448,1e-20,0.0,0.0,88.0721,0.0,0.0,0.0,0.0,813.302,1.00042,0.0246544,1.09937,5.32837,0.0,0.0,0.0,0.0,0.0,,
0.00605796,8.38656e-08,62.3246,662.884,1e-20,0.0,0.0,88.0929,0.0,0.0,0.0,0.0,813.302,1.00042,0.0269248,1.11782,5.34377,0.0,0.0,0.0,0.0,0.0,,
0.00605996,8.28122e-08,61.9211,663.272,1e-20,0.0,0.0,88.1084,0.0,0.0,0.0,0.0,813.302,1.00042,0.0294292,1.13592,5.35922,0.0,0.0,0.0,0.0,0.0,,
0.00606194,8.18173e-08,61.643,663.538,1e-20,0.0,0.0,88.1211,0.0,0.0,0.0,0.0,813.302,1.00042,0.0320975,1.15352,5.37445,0.0,0.0,0.0,0.0,0.0,,
0.00606394,7.66108e-08,61.4151,663.752,1e-20,0.0,0.0,88.1352,0.0,0.0,0.0,0.0,813.302,1.00042,0.0349401,1.17123,5.38985,0.0,0.0,0.0,0.0,0.0,,
0.00606594,7.7265e-08,61.1683,663.98,1e-20,0.0,0.0,88.1535,0.0,0.0,0.0,0.0,813.302,1.00042,0.037917,1.18904,5.40521,0.0,0.0,0.0,0.0,0.0,,
0.00606796,7.82056e-08,60.95,664.165,1e-20,0.0,0.0,88.1872,0.0,0.0,0.0,0.0,813.302,1.00042,0.041119,1.2072,5.42073,0.0,0.0,0.0,0.0,0.0,,
0.00607,7.8515e-08,60.8274,664.22,1e-20,0.0,0.0,88.2542,0.0,0.0,0.0,0.0,813.302,1.00042,0.0446472,1.22556,5.43636,0.0,0.0,0.0,0.0,0.0,,
0.00607197,7.92721e-08,60.7904,664.237,1e-20,0.0,0.0,88.2745,0.0,0.0,0.0,0.0,813.302,1.00042,0.0484571,1.24326,5.45147,0.0,0.0,0.0,0.0,0.0,,
0.00607397,8.53849e-08,60.7248,664.267,1e-20,0.0,0.0,88.3107,0.0,0.0,0.0,0.0,813.303,1.00042,0.0528765,1.26133,5.46687,0.0,0.0,0.0,0.0,0.0,,
0.00607593,8.48432e-08,60.6272,664.324,1e-20,0.0,0.0,88.3521,0.0,0.0,0.0,0.0,813.303,1.00042,0.057703,1.27916,5.48194,0.0,0.0,0.0,0.0,0.0,,
0.00607795,8.27948e-08,60.5418,664.359,1e-20,0.0,0.0,88.4031,0.0,0.0,0.0,0.0,813.304,1.00043,0.0630237,1.29759,5.49737,0.0,0.0,0.0,0.0,0.0,,
0.00607992,8.2103e-08,60.4883,664.365,1e-20,0.0,0.0,88.4514,0.0,0.0,0.0,0.0,813.305,1.00043,0.0685007,1.31563,5.51246,0.0,0.0,0.0,0.0,0.0,,
0.00608198,7.8543e-08,60.3955,664.416,1e-20,0.0,0.0,88.4938,0.0,0.0,0.0,0.0,813.305,1.00043,0.0744546,1.33412,5.52815,0.0,0.0,0.0,0.0,0.0,,
0.00608396,7.95206e-08,60.1854,664.555,1e-20,0.0,0.0,88.5652,0.0,0.0,0.0,0.0,813.305,1.00043,0.0803859,1.35123,5.5432,0.0,0.0,0.0,0.0,0.0,,
0.00608595,7.96235e-08,59.8473,664.832,1e-20,0.0,0.0,88.6266,0.0,0.0,0.0,0.0,813.306,1.00043,0.0863994,1.36741,5.5583,0.0,0.0,0.0,0.0,0.0,,
0.00608795,7.98769e-08,59.5301,665.12,1e-20,0.0,0.0,88.656,0.0,0.0,0.0,0.0,813.306,1.00043,0.0925031,1.38275,5.57352,0.0,0.0,0.0,0.0,0.0,,
0.00608996,8.02184e-08,59.2265,665.416,1e-20,0.0,0.0,88.6637,0.0,0.0,0.0,0.0,813.306,1.00043,0.0988447,1.3973,5.58868,0.0,0.0,0.0,0.0,0.0,,
0.00609193,8.47717e-08,58.8291,665.781,1e-20,0.0,0.0,88.6955,0.0,0.0,0.0,0.0,813.306,1.00043,0.105264,1.41091,5.60363,0.0,0.0,0.0,0.0,0.0,,
0.00609395,8.34928e-08,58.4512,666.083,1e-20,0.0,0.0,88.7719,0.0,0.0,0.0,0.0,813.306,1.00043,0.111909,1.42408,5.61894,0.0,0.0,0.0,0.0,0.0,,
0.00609593,8.20161e-08,58.2068,666.208,1e-20,0.0,0.0,88.8913,0.0,0.0,0.0,0.0,813.307,1.00043,0.118482,1.43652,5.63398,0.0,0.0,0.0,0.0,0.0,,
0.00609793,7.62659e-08,58.0963,666.239,1e-20,0.0,0.0,88.9714,0.0,0.0,0.0,0.0,813.307,1.00043,0.125139,1.44884,5.64909,0.0,0.0,0.0,0.0,0.0,,
0.00609999,7.59912e-08,58.0607,666.245,1e-20,0.0,0.0,89.001,0.0,0.0,0.0,0.0,813.307,1.00043,0.132121,1.46144,5.66461,0.0,0.0,0.0,0.0,0.0,,
0.00610197,7.64089e-08,58.0412,666.254,1e-20,0.0,0.0,89.0117,0.0,0.0,0.0,0.0,813.307,1.00043,0.139153,1.47349,5.67956,0.0,0.0,0.0,0.0,0.0,,
0.00610396,7.73005e-08,58.0314,666.215,1e-20,0.0,0.0,89.0614,0.0,0.0,0.0,0.0,813.308,1.00043,0.146641,1.48549,5.69464,0.0,0.0,0.0,0.0,0.0,,
0.00610599,7.8362e-08,58.1028,666.084,1e-20,0.0,0.0,89.1208,0.0,0.0,0.0,0.0,813.308,1.00043,0.154648,1.49738,5.70991,0.0,0.0,0.0,0.0,0.0,,
0.00610796,7.96291e-08,58.2066,665.917,1e-20,0.0,0.0,89.1853,0.0,0.0,0.0,0.0,813.308,1.00043,0.162959,1.50867,5.72482,0.0,0.0,0.0,0.0,0.0,,
0.00610997,8.53789e-08,58.2188,665.789,1e-20,0.0,0.0,89.3016,0.0,0.0,0.0,0.0,813.309,1.00043,0.172081,1.51975,5.73998,0.0,0.0,0.0,0.0,0.0,,
0.00611193,8.47031e-08,58.1702,665.759,1e-20,0.0,0.0,89.3802,0.0,0.0,0.0,0.0,813.31,1.00043,0.181713,1.5301,5.75474,0.0,0.0,0.0,0.0,0.0,,
0.00611394,8.33888e-08,58.2174,665.677,1e-20,0.0,0.0,89.4159,0.0,0.0,0.0,0.0,813.31,1.00043,0.192353,1.54026,5.76993,0.0,0.0,0.0,0.0,0.0,,
0.00611594,8.27396e-08,58.3148,665.561,1e-20,0.0,0.0,89.4339,0.0,0.0,0.0,0.0,813.31,1.00043,0.203336,1.54982,5.78492,0.0,0.0,0.0,0.0,0.0,,
0.00611792,8.25571e-08,58.3652,665.438,1e-20,0.0,0.0,89.5068,0.0,0.0,0.0,0.0,813.31,1.00043,0.214441,1.55881,5.79984,0.0,0.0,0.0,0.0,0.0,,
0.00611998,8.17209e-08,58.5238,665.195,1e-20,0.0,0.0,89.5923,0.0,0.0,0.0,0.0,813.311,1.00043,0.225989,1.56751,5.8153,0.0,0.0,0.0,0.0,0.0,,
0.00612193,8.1086e-08,58.8025,664.84,1e-20,0.0,0.0,89.6687,0.0,0.0,0.0,0.0,813.311,1.00043,0.23686,1.57507,5.83,0.0,0.0,0.0,0.0,0.0,,
0.00612394,7.69089e-08,59.315,664.21,1e-20,0.0,0.0,89.7866,0.0,0.0,0.0,0.0,813.312,1.00044,0.247718,1.58217,5.84511,0.0,0.0,0.0,0.0,0.0,,
0.00612595,7.85002e-08,59.9958,663.405,1e-20,0.0,0.0,89.9118,0.0,0.0,0.0,0.0,813.312,1.00044,0.258135,1.58874,5.86031,0.0,0.0,0.0,0.0,0.0,,
0.00612794,8.01231e-08,60.7956,662.542,1e-20,0.0,0.0,89.9756,0.0,0.0,0.0,0.0,813.313,1.00044,0.267745,1.59477,5.87523,0.0,0.0,0.0,0.0,0.0,,
0.00612992,8.56166e-08,61.4046,661.893,1e-20,0.0,0.0,90.0164,0.0,0.0,0.0,0.0,813.314,1.00044,0.27665,1.60038,5.89018,0.0,0.0,0.0,0.0,0.0,,
0.00613197,8.5136e-08,61.655,661.604,1e-20,0.0,0.0,90.0546,0.0,0.0,0.0,0.0,813.314,1.00044,0.285047,1.60568,5.90555,0.0,0.0,0.0,0.0,0.0,,
0.00613397,7.95012e-08,61.6523,661.582,1e-20,0.0,0.0,90.0796,0.0,0.0,0.0,0.0,813.314,1.00044,0.292531,1.61036,5.92048,0.0,0.0,0.0,0.0,0.0,,
0.00613599,8.41098e-08,61.519,661.699,1e-20,0.0,0.0,90.0963,0.0,0.0,0.0,0.0,813.314,1.00044,0.299594,1.61467,5.9356,0.0,0.0,0.0,0.0,0.0,,
0.00613792,8.38076e-08,61.5072,661.697,1e-20,0.0,0.0,90.1101,0.0,0.0,0.0,0.0,813.314,1.00044,0.306194,1.61844,5.95003,0.0,0.0,0.0,0.0,0.0,,
0.00613993,8.30855e-08,61.5509,661.642,1e-20,0.0,0.0,90.1211,0.0,0.0,0.0,0.0,813.315,1.00044,0.313103,1.62194,5.96497,0.0,0.0,0.0,0.0,0.0,,
0.00614195,7.77535e-08,61.6298,661.555,1e-20,0.0,0.0,90.1297,0.0,0.0,0.0,0.0,813.314,1.00044,0.320201,1.62502,5.98003,0.0,0.0,0.0,0.0,0.0,,
0.00614398,7.81629e-08,61.8841,661.294,1e-20,0.0,0.0,90.1361,0.0,0.0,0.0,0.0,813.314,1.00044,0.327374,1.62764,5.99511,0.0,0.0,0.0,0.0,0.0,,
0.00614594,7.87201e-08,62.4479,660.733,1e-20,0.0,0.0,90.1332,0.0,0.0,0.0,0.0,813.314,1.00044,0.334415,1.62985,6.0097,0.0,0.0,0.0,0.0,0.0,,
0.00614795,8.34908e-08,63.2621,659.946,1e-20,0.0,0.0,90.1063,0.0,0.0,0.0,0.0,813.314,1.00044,0.341754,1.6319,6.02466,0.0,0.0,0.0,0.0,0.0,,
0.00614995,8.32547e-08,64.1727,659.082,1e-20,0.0,0.0,90.0595,0.0,0.0,0.0,0.0,813.314,1.00044,0.349027,1.63368,6.03949,0.0,0.0,0.0,0.0,0.0,,
0.00615195,8.33133e-08,65.0476,658.258,1e-20,0.0,0.0,90.0087,0.0,0.0,0.0,0.0,813.314,1.00044,0.355987,1.63516,6.05429,0.0,0.0,0.0,0.0,0.0,,
0.00615395,8.32972e-08,65.7099,657.638,1e-20,0.0,0.0,89.9654,0.0,0.0,0.0,0.0,813.314,1.00044,0.362485,1.63641,6.06911,0.0,0.0,0.0,0.0,0.0,,
0.00615594,8.25301e-08,66.1037,657.277,1e-20,0.0,0.0,89.9327,0.0,0.0,0.0,0.0,813.314,1.00044,0.368463,1.6376,6.08387,0.0,0.0,0.0,0.0,0.0,,
0.006158,8.17286e-08,66.2076,657.198,1e-20,0.0,0.0,89.9086,0.0,0.0,0.0,0.0,813.314,1.00044,0.37406,1.63888,6.09909,0.0,0.0,0.0,0.0,0.0,,
0.00615997,7.71196e-08,66.0771,657.345,1e-20,0.0,0.0,89.8913,0.0,0.0,0.0,0.0,813.314,1.00044,0.378876,1.64015,6.11371,0.0,0.0,0.0,0.0,0.0,,
0.00616199,7.85586e-08,65.8018,657.634,1e-20,0.0,0.0,89.8778,0.0,0.0,0.0,0.0,813.314,1.00044,0.383241,1.64143,6.1287,0.0,0.0,0.0,0.0,0.0,,
0.00616397,8.00975e-08,65.6385,657.805,1e-20,0.0,0.0,89.8706,0.0,0.0,0.0,0.0,813.314,1.00044,0.386903,1.64264,6.14342,0.0,0.0,0.0,0.0,0.0,,
0.00616594,8.52777e-08,65.6407,657.804,1e-20,0.0,0.0,89.8698,0.0,0.0,0.0,0.0,813.314,1.00044,0.389827,1.64383,6.15805,0.0,0.0,0.0,0.0,0.0,,
0.00616798,8.42596e-08,65.8602,657.58,1e-20,0.0,0.0,89.874,0.0,0.0,0.0,0.0,813.315,1.00044,0.392051,1.64501,6.17314,0.0,0.0,0.0,0.0,0.0,,
0.00616999,8.33072e-08,66.1963,657.236,1e-20,0.0,0.0,89.8823,0.0,0.0,0.0,0.0,813.315,1.00044,0.393565,1.64597,6.18804,0.0,0.0,0.0,0.0,0.0,,
0.00617198,8.29523e-08,66.6074,656.813,1e-20,0.0,0.0,89.8953,0.0,0.0,0.0,0.0,813.315,1.00044,0.394491,1.64646,6.20283,0.0,0.0,0.0,0.0,0.0,,
0.00617397,8.26857e-08,66.9714,656.431,1e-20,0.0,0.0,89.9136,0.0,0.0,0.0,0.0,813.316,1.00044,0.394807,1.64633,6.21757,0.0,0.0,0.0,0.0,0.0,,
0.00617595,8.21776e-08,67.2569,656.122,1e-20,0.0,0.0,89.9371,0.0,0.0,0.0,0.0,813.316,1.00044,0.394373,1.64566,6.23224,0.0,0.0,0.0,0.0,0.0,,
0.00617793,7.72563e-08,67.4527,655.899,1e-20,0.0,0.0,89.9646,0.0,0.0,0.0,0.0,813.316,1.00044,0.393074,1.64458,6.24687,0.0,0.0,0.0,0.0,0.0,,
0.00617994,7.81051e-08,67.5767,655.745,1e-20,0.0,0.0,89.9953,0.0,0.0,0.0,0.0,813.317,1.00044,0.390786,1.64302,6.26182,0.0,0.0,0.0,0.0,0.0,,
0.00618199,7.94327e-08,67.7881,655.504,1e-20,0.0,0.0,90.0251,0.0,0.0,0.0,0.0,813.317,1.00044,0.387487,1.64087,6.27699,0.0,0.0,0.0,14116.0,0.0,,
0.00618392,8.48718e-08,68.0137,655.255,1e-20,0.0,0.0,90.0484,0.0,0.0,0.0,0.0,813.317,1.00044,0.383596,1.63829,6.29123,0.0,0.0,0.0,0.0,0.0,,
0.00618595,8.46869e-08,68.201,655.049,1e-20,0.0,0.0,90.0672,0.0,0.0,0.0,0.0,813.317,1.00044,0.378852,1.63501,6.30629,0.0,0.0,0.0,0.0,0.0,,
0.00618798,8.43096e-08,68.2334,655.003,1e-20,0.0,0.0,90.0808,0.0,0.0,0.0,0.0,813.318,1.00044,0.373863,1.63122,6.32129,0.0,0.0,0.0,0.0,0.0,,
0.00619,8.35869e-08,68.2747,654.954,1e-20,0.0,0.0,90.0891,0.0,0.0,0.0,0.0,813.318,1.00044,0.369068,1.62681,6.33618,0.0,0.0,0.0,0.0,0.0,,
0.00619199,8.22602e-08,68.2899,654.933,1e-20,0.0,0.0,90.0953,0.0,0.0,0.0,0.0,813.318,1.00044,0.364774,1.6215,6.35087,0.0,0.0,0.0,0.0,0.0,,
0.00619395,7.49112e-08,68.1995,654.992,1e-20,0.0,0.0,90.1268,0.0,0.0,0.0,0.0,813.318,1.00044,0.361077,1.61529,6.3653,0.0,0.0,0.0,0.0,0.0,,
0.00619596,7.95478e-08,68.0555,655.16,1e-20,0.0,0.0,90.103,0.0,0.0,0.0,0.0,813.318,1.00044,0.357736,1.60795,6.38016,0.0,0.0,0.0,0.0,0.0,,
0.00619793,7.803e-08,67.8465,655.381,1e-20,0.0,0.0,90.091,0.0,0.0,0.0,0.0,813.318,1.00044,0.354819,1.59991,6.39461,0.0,0.0,0.0,0.0,0.0,,
0.00619992,8.09369e-08,67.7278,655.508,1e-20,0.0,0.0,90.0828,0.0,0.0,0.0,0.0,813.318,1.00044,0.352108,1.59085,6.40926,0.0,0.0,0.0,0.0,0.0,,
0.00620194,7.98001e-08,67.8578,655.39,1e-20,0.0,0.0,90.0707,0.0,0.0,0.0,0.0,813.318,1.00044,0.349591,1.58082,6.42409,0.0,0.0,0.0,0.0,0.0,,
0.006204,8.19184e-08,68.299,654.955,1e-20,0.0,0.0,90.0643,0.0,0.0,0.0,0.0,813.318,1.00044,0.347232,1.56978,6.43923,0.0,0.0,0.0,0.0,0.0,,
0.00620596,8.2448e-08,68.8096,654.443,1e-20,0.0,0.0,90.0663,0.0,0.0,0.0,0.0,813.318,1.00044,0.345107,1.55866,6.45369,0.0,0.0,0.0,0.0,0.0,,
0.00620796,7.90745e-08,69.2826,653.959,1e-20,0.0,0.0,90.077,0.0,0.0,0.0,0.0,813.319,1.00044,0.342992,1.54695,6.46836,0.0,0.0,0.0,0.0,0.0,,
0.00620994,7.92456e-08,69.6606,653.582,1e-20,0.0,0.0,90.0757,0.0,0.0,0.0,0.0,813.319,1.00044,0.340858,1.53509,6.48291,0.0,0.0,0.0,0.0,0.0,,
0.00621199,8.41896e-08,70.0655,653.175,1e-20,0.0,0.0,90.0778,0.0,0.0,0.0,0.0,813.319,1.00044,0.338556,1.52266,6.49801,0.0,0.0,0.0,0.0,0.0,,
0.00621392,8.32465e-08,70.4543,652.783,1e-20,0.0,0.0,90.0812,0.0,0.0,0.0,0.0,813.319,1.00044,0.336277,1.51102,6.51218,0.0,0.0,0.0,0.0,0.0,,
0.00621594,7.66975e-08,70.8734,652.36,1e-20,0.0,0.0,90.0858,0.0,0.0,0.0,0.0,813.319,1.00044,0.333681,1.49887,6.52703,0.0,0.0,0.0,0.0,0.0,,
0.00621794,7.72809e-08,71.2391,651.989,1e-20,0.0,0.0,90.091,0.0,0.0,0.0,0.0,813.319,1.00044,0.330866,1.48689,6.54166,0.0,0.0,0.0,0.0,0.0,,
0.00621998,8.01968e-08,71.5506,651.67,1e-20,0.0,0.0,90.0982,0.0,0.0,0.0,0.0,813.319,1.00044,0.32767,1.4745,6.55667,0.0,0.0,0.0,0.0,0.0,,
0.00622194,8.52537e-08,71.7223,651.49,1e-20,0.0,0.0,90.1065,0.0,0.0,0.0,0.0,813.319,1.00044,0.324321,1.46255,6.57098,0.0,0.0,0.0,0.0,0.0,,
0.00622395,8.27348e-08,71.6588,651.545,1e-20,0.0,0.0,90.1151,0.0,0.0,0.0,0.0,813.319,1.00044,0.320593,1.45011,6.58578,0.0,0.0,0.0,0.0,0.0,,
0.00622597,7.7668e-08,71.3142,651.883,1e-20,0.0,0.0,90.1221,0.0,0.0,0.0,0.0,813.319,1.00044,0.316667,1.43762,6.60059,0.0,0.0,0.0,0.0,0.0,,
0.00622793,7.93344e-08,70.7804,652.413,1e-20,0.0,0.0,90.1264,0.0,0.0,0.0,0.0,813.32,1.00044,0.312761,1.4254,6.61497,0.0,0.0,0.0,0.0,0.0,,
0.00622997,8.3713e-08,70.1755,653.014,1e-20,0.0,0.0,90.1299,0.0,0.0,0.0,0.0,813.32,1.00044,0.308725,1.41247,6.62987,0.0,0.0,0.0,0.0,0.0,,
0.00623195,8.11899e-08,69.6108,653.574,1e-20,0.0,0.0,90.1349,0.0,0.0,0.0,0.0,813.32,1.00044,0.304926,1.39943,6.64437,0.0,0.0,0.0,0.0,0.0,,
0.00623397,8.15614e-08,69.1796,653.999,1e-20,0.0,0.0,90.1413,0.0,0.0,0.0,0.0,813.32,1.00045,0.301222,1.38534,6.65922,0.0,0.0,0.0,0.0,0.0,,
0.00623596,7.77025e-08,68.9742,654.199,1e-20,0.0,0.0,90.147,0.0,0.0,0.0,0.0,813.32,1.00045,0.297795,1.3707,6.67374,0.0,0.0,0.0,0.0,0.0,,
0.00623798,7.81541e-08,68.967,654.2,1e-20,0.0,0.0,90.153,0.0,0.0,0.0,0.0,813.32,1.00045,0.294494,1.35488,6.68858,0.0,0.0,0.0,0.0,0.0,,
0.00623999,8.32221e-08,69.0939,654.066,1e-20,0.0,0.0,90.1601,0.0,0.0,0.0,0.0,813.32,1.00045,0.291476,1.3385,6.7033,0.0,0.0,0.0,0.0,0.0,,
0.00624192,8.39932e-08,69.2788,653.875,1e-20,0.0,0.0,90.1667,0.0,0.0,0.0,0.0,813.32,1.00045,0.288888,1.32239,6.71737,0.0,0.0,0.0,0.0,0.0,,
0.00624392,8.01608e-08,69.4702,653.677,1e-20,0.0,0.0,90.1731,0.0,0.0,0.0,0.0,813.321,1.00045,0.286496,1.30522,6.73203,0.0,0.0,0.0,0.0,0.0,,
0.00624593,8.44265e-08,69.5587,653.581,1e-20,0.0,0.0,90.1808,0.0,0.0,0.0,0.0,813.321,1.00045,0.284357,1.28765,6.74669,0.0,0.0,0.0,0.0,0.0,,
0.00624794,8.32565e-08,69.4677,653.662,1e-20,0.0,0.0,90.1913,0.0,0.0,0.0,0.0,813.321,1.00045,0.282456,1.26968,6.76142,0.0,0.0,0.0,0.0,0.0,,
0.00624992,8.15554e-08,69.1476,653.969,1e-20,0.0,0.0,90.2043,0.0,0.0,0.0,0.0,813.321,1.00045,0.280815,1.25187,6.77587,0.0,0.0,0.0,0.0,0.0,,
0.00625197,7.64827e-08,68.6393,654.463,1e-20,0.0,0.0,90.2192,0.0,0.0,0.0,0.0,813.322,1.00045,0.279255,1.23335,6.79084,0.0,0.0,0.0,0.0,0.0,,
0.00625397,7.76661e-08,68.137,654.951,1e-20,0.0,0.0,90.234,0.0,0.0,0.0,0.0,813.322,1.00045,0.277749,1.2152,6.80544,0.0,0.0,0.0,0.0,0.0,,
0.00625597,8.43824e-08,67.7981,655.276,1e-20,0.0,0.0,90.2477,0.0,0.0,0.0,0.0,813.322,1.00045,0.276151,1.19685,6.82002,0.0,0.0,0.0,0.0,0.0,,
0.00625799,8.35781e-08,67.5771,655.487,1e-20,0.0,0.0,90.258,0.0,0.0,0.0,0.0,813.322,1.00045,0.274439,1.17786,6.83477,0.0,0.0,0.0,0.0,0.0,,
0.00625998,8.25488e-08,67.3874,655.669,1e-20,0.0,0.0,90.2655,0.0,0.0,0.0,0.0,813.322,1.00045,0.272771,1.15864,6.8493,0.0,0.0,0.0,0.0,0.0,,
0.00626196,7.8501e-08,67.2206,655.83,1e-20,0.0,0.0,90.2722,0.0,0.0,0.0,0.0,813.322,1.00045,0.271278,1.13923,6.86374,0.0,0.0,0.0,0.0,0.0,,
0.00626394,7.97065e-08,67.1748,655.869,1e-20,0.0,0.0,90.2788,0.0,0.0,0.0,0.0,813.323,1.00045,0.27002,1.11986,6.87816,0.0,0.0,0.0,0.0,0.0,,
0.00626593,8.41907e-08,67.282,655.756,1e-20,0.0,0.0,90.2848,0.0,0.0,0.0,0.0,813.323,1.00045,0.268942,1.10072,6.89267,0.0,0.0,0.0,0.0,0.0,,
0.00626794,8.32569e-08,67.4893,655.543,1e-20,0.0,0.0,90.2905,0.0,0.0,0.0,0.0,813.323,1.00045,0.267893,1.08202,6.9073,0.0,0.0,0.0,0.0,0.0,,
0.00626993,7.81756e-08,67.8019,655.217,1e-20,0.0,0.0,90.3038,0.0,0.0,0.0,0.0,813.323,1.00045,0.266679,1.06416,6.92183,0.0,0.0,0.0,0.0,0.0,,
0.00627194,7.63006e-08,68.2694,654.742,1e-20,0.0,0.0,90.3124,0.0,0.0,0.0,0.0,813.323,1.00045,0.265078,1.04688,6.93651,0.0,0.0,0.0,0.0,0.0,,
0.00627392,8.07815e-08,68.8033,654.214,1e-20,0.0,0.0,90.3064,0.0,0.0,0.0,0.0,813.324,1.00045,0.263012,1.03048,6.95091,0.0,0.0,0.0,0.0,0.0,,
0.00627596,8.17497e-08,69.28,653.726,1e-20,0.0,0.0,90.3183,0.0,0.0,0.0,0.0,813.324,1.00045,0.260291,1.014,6.96578,0.0,0.0,0.0,0.0,0.0,,
0.00627794,7.82237e-08,69.6318,653.363,1e-20,0.0,0.0,90.3288,0.0,0.0,0.0,0.0,813.324,1.00045,0.257079,0.998283,6.98021,0.0,0.0,0.0,0.0,0.0,,
0.00627997,7.80241e-08,69.8095,653.177,1e-20,0.0,0.0,90.3378,0.0,0.0,0.0,0.0,813.324,1.00045,0.253287,0.982294,6.99498,0.0,0.0,0.0,0.0,0.0,,
0.00628198,8.43815e-08,69.8057,653.174,1e-20,0.0,0.0,90.3445,0.0,0.0,0.0,0.0,813.324,1.00045,0.249121,0.966523,7.00956,0.0,0.0,0.0,0.0,0.0,,
0.00628393,8.01474e-08,69.664,653.309,1e-20,0.0,0.0,90.3518,0.0,0.0,0.0,0.0,813.324,1.00045,0.244719,0.951265,7.02375,0.0,0.0,0.0,0.0,0.0,,
0.00628598,7.74988e-08,69.4404,653.531,1e-20,0.0,0.0,90.353,0.0,0.0,0.0,0.0,813.325,1.00045,0.23983,0.935344,7.03866,0.0,0.0,0.0,0.0,0.0,,
0.00628799,8.26957e-08,69.2235,653.749,1e-20,0.0,0.0,90.3523,0.0,0.0,0.0,0.0,813.325,1.00045,0.234948,0.919884,7.05327,0.0,0.0,0.0,0.0,0.0,,
0.00628992,8.50993e-08,69.0159,653.951,1e-20,0.0,0.0,90.3577,0.0,0.0,0.0,0.0,813.325,1.00045,0.230323,0.905321,7.06727,0.0,0.0,0.0,0.0,0.0,,
0.00629196,8.39669e-08,68.6903,654.268,1e-20,0.0,0.0,90.3669,0.0,0.0,0.0,0.0,813.325,1.00045,0.225632,0.890159,7.08207,0.0,0.0,0.0,0.0,0.0,,
0.00629393,8.03862e-08,68.2767,654.674,1e-20,0.0,0.0,90.375,0.0,0.0,0.0,0.0,813.325,1.00045,0.22148,0.875487,7.0964,0.0,0.0,0.0,0.0,0.0,,
0.00629594,8.09657e-08,67.8692,655.077,1e-20,0.0,0.0,90.3789,0.0,0.0,0.0,0.0,813.326,1.00045,0.217909,0.860368,7.11098,0.0,0.0,0.0,0.0,0.0,,
0.00629794,7.89363e-08,67.6076,655.338,1e-20,0.0,0.0,90.3808,0.0,0.0,0.0,0.0,813.326,1.00045,0.215185,0.844973,7.12554,0.0,0.0,0.0,0.0,0.0,,
0.0063,7.85311e-08,67.6398,655.303,1e-20,0.0,0.0,90.3835,0.0,0.0,0.0,0.0,813.326,1.00045,0.213269,0.828831,7.14044,0.0,0.0,0.0,0.0,0.0,,
0.00630195,7.79306e-08,67.9564,654.985,1e-20,0.0,0.0,90.3853,0.0,0.0,0.0,0.0,813.326,1.00045,0.212142,0.813077,7.1546,0.0,0.0,0.0,0.0,0.0,,
0.00630398,8.45024e-08,68.4721,654.469,1e-20,0.0,0.0,90.3851,0.0,0.0,0.0,0.0,813.326,1.00045,0.211421,0.796161,7.16932,0.0,0.0,0.0,0.0,0.0,,
0.00630598,8.00434e-08,69.1027,653.841,1e-20,0.0,0.0,90.383,0.0,0.0,0.0,0.0,813.326,1.00045,0.210868,0.778931,7.1838,0.0,0.0,0.0,0.0,0.0,,
0.00630795,8.2081e-08,69.8026,653.142,1e-20,0.0,0.0,90.3824,0.0,0.0,0.0,0.0,813.327,1.00045,0.210188,0.761295,7.19807,0.0,0.0,0.0,0.0,0.0,,
0.00630998,8.16208e-08,70.5716,652.37,1e-20,0.0,0.0,90.385,0.0,0.0,0.0,0.0,813.327,1.00045,0.209076,0.742462,7.2128,0.0,0.0,0.0,0.0,0.0,,
0.00631197,8.3657e-08,71.3009,651.633,1e-20,0.0,0.0,90.3931,0.0,0.0,0.0,0.0,813.327,1.00045,0.207365,0.723579,7.22715,0.0,0.0,0.0,0.0,0.0,,
0.00631396,7.83121e-08,71.9703,650.949,1e-20,0.0,0.0,90.4074,0.0,0.0,0.0,0.0,813.327,1.00045,0.204859,0.704072,7.24157,0.0,0.0,0.0,0.0,0.0,,
0.00631596,8.12759e-08,72.5403,650.362,1e-20,0.0,0.0,90.4243,0.0,0.0,0.0,0.0,813.327,1.00045,0.201482,0.683875,7.25604,0.0,0.0,0.0,0.0,0.0,,
0.00631799,8.14856e-08,72.9424,649.944,1e-20,0.0,0.0,90.4404,0.0,0.0,0.0,0.0,813.327,1.00045,0.197177,0.66285,7.27072,0.0,0.0,0.0,0.0,0.0,,
0.00631999,7.8342e-08,73.1097,649.762,1e-20,0.0,0.0,90.4558,0.0,0.0,0.0,0.0,813.327,1.00045,0.192102,0.641564,7.28524,0.0,0.0,0.0,0.0,0.0,,
0.00632196,7.90961e-08,73.0656,649.789,1e-20,0.0,0.0,90.4726,0.0,0.0,0.0,0.0,813.327,1.00045,0.186445,0.620201,7.29947,0.0,0.0,0.0,0.0,0.0,,
0.00632395,8.47753e-08,72.9029,649.935,1e-20,0.0,0.0,90.4894,0.0,0.0,0.0,0.0,813.327,1.00045,0.180188,0.598126,7.31386,0.0,0.0,0.0,0.0,0.0,,
0.00632598,8.405e-08,72.6526,650.169,1e-20,0.0,0.0,90.5054,0.0,0.0,0.0,0.0,813.327,1.00045,0.173432,0.575336,7.32853,0.0,0.0,0.0,0.0,0.0,,
0.00632798,8.24845e-08,72.3748,650.429,1e-20,0.0,0.0,90.5237,0.0,0.0,0.0,0.0,813.327,1.00045,0.166605,0.552871,7.343,0.0,0.0,0.0,0.0,0.0,,
0.00633,7.61538e-08,72.1526,650.637,1e-20,0.0,0.0,90.5379,0.0,0.0,0.0,0.0,813.328,1.00045,0.159758,0.530466,7.35759,0.0,0.0,0.0,0.0,0.0,,
0.00633192,8.21007e-08,72.1164,650.661,1e-20,0.0,0.0,90.5501,0.0,0.0,0.0,0.0,813.328,1.00045,0.1534,0.509487,7.37146,0.0,0.0,0.0,0.0,0.0,,
0.006334,8.37587e-08,72.3116,650.451,1e-20,0.0,0.0,90.5647,0.0,0.0,0.0,0.0,813.328,1.00045,0.146838,0.487338,7.38647,0.0,0.0,0.0,0.0,0.0,,
0.00633592,8.28625e-08,72.6583,650.1,1e-20,0.0,0.0,90.5693,0.0,0.0,0.0,0.0,813.328,1.00046,0.141122,0.467438,7.40034,0.0,0.0,0.0,0.0,0.0,,
0.00633796,7.75097e-08,73.0791,649.678,1e-20,0.0,0.0,90.5707,0.0,0.0,0.0,0.0,813.328,1.00046,0.13535,0.446926,7.41508,0.0,0.0,0.0,0.0,0.0,,
0.00633999,7.89817e-08,73.4524,649.299,1e-20,0.0,0.0,90.5771,0.0,0.0,0.0,0.0,813.329,1.00046,0.12984,0.427117,7.42975,0.0,0.0,0.0,0.0,0.0,,
0.00634198,7.99913e-08,73.8032,648.935,1e-20,0.0,0.0,90.5907,0.0,0.0,0.0,0.0,813.329,1.00046,0.124654,0.408219,7.44413,0.0,0.0,0.0,0.0,0.0,,
0.006344,8.39833e-08,74.1775,648.541,1e-20,0.0,0.0,90.6105,0.0,0.0,0.0,0.0,813.329,1.00046,0.119476,0.389369,7.45872,0.0,0.0,0.0,0.0,0.0,,
0.00634592,8.31131e-08,74.4823,648.208,1e-20,0.0,0.0,90.6389,0.0,0.0,0.0,0.0,813.329,1.00046,0.11455,0.371593,7.4726,0.0,0.0,0.0,0.0,0.0,,
0.00634797,7.80906e-08,74.596,648.059,1e-20,0.0,0.0,90.6745,0.0,0.0,0.0,0.0,813.33,1.00046,0.10924,0.352633,7.48743,0.0,0.0,0.0,0.0,0.0,,
0.00634999,7.7658e-08,74.4684,648.159,1e-20,0.0,0.0,90.703,0.0,0.0,0.0,0.0,813.33,1.00046,0.103922,0.333918,7.50206,0.0,0.0,0.0,0.0,0.0,,
0.00635196,8.15348e-08,74.2035,648.401,1e-20,0.0,0.0,90.7261,0.0,0.0,0.0,0.0,813.331,1.00046,0.0987084,0.315836,7.51623,0.0,0.0,0.0,0.0,0.0,,
0.00635398,7.60978e-08,73.9957,648.585,1e-20,0.0,0.0,90.7502,0.0,0.0,0.0,0.0,813.331,1.00046,0.0933328,0.297346,7.53083,0.0,0.0,0.0,0.0,0.0,,
0.00635596,7.65964e-08,74.0289,648.532,1e-20,0.0,0.0,90.77,0.0,0.0,0.0,0.0,813.331,1.00046,0.0882189,0.279469,7.54512,0.0,0.0,0.0,0.0,0.0,,
0.00635798,7.88083e-08,74.3991,648.146,1e-20,0.0,0.0,90.7867,0.0,0.0,0.0,0.0,813.331,1.00046,0.0832084,0.261497,7.55966,0.0,0.0,0.0,0.0,0.0,,
0.00636,8.52425e-08,75.0239,647.506,1e-20,0.0,0.0,90.802,0.0,0.0,0.0,0.0,813.332,1.00046,0.0783548,0.243632,7.5742,0.0,0.0,0.0,0.0,0.0,,
0.00636195,8.39345e-08,75.7665,646.755,1e-20,0.0,0.0,90.8109,0.0,0.0,0.0,0.0,813.332,1.00046,0.0737702,0.226437,7.58825,0.0,0.0,0.0,14116.0,0.0,,
0.00636394,8.19358e-08,76.6046,645.909,1e-20,0.0,0.0,90.8192,0.0,0.0,0.0,0.0,813.332,1.00046,0.0690783,0.208894,7.60259,0.0,0.0,0.0,0.0,0.0,,
0.00636597,7.6436e-08,77.4195,645.08,1e-20,0.0,0.0,90.8327,0.0,0.0,0.0,0.0,813.333,1.00046,0.064209,0.191004,7.61725,0.0,0.0,0.0,0.0,0.0,,
0.00636793,8.19708e-08,78.0495,644.432,1e-20,0.0,0.0,90.8517,0.0,0.0,0.0,0.0,813.333,1.00046,0.0594965,0.174012,7.6313,0.0,0.0,0.0,0.0,0.0,,
0.00636998,8.17191e-08,78.4962,643.972,1e-20,0.0,0.0,90.8647,0.0,0.0,0.0,0.0,813.333,1.00046,0.0545399,0.156572,7.64606,0.0,0.0,0.0,0.0,0.0,,
0.006372,8.00688e-08,78.7858,643.669,1e-20,0.0,0.0,90.8779,0.0,0.0,0.0,0.0,813.333,1.00046,0.049656,0.140013,7.66061,0.0,0.0,0.0,0.0,0.0,,
0.00637394,7.58013e-08,79.0833,643.355,1e-20,0.0,0.0,90.8955,0.0,0.0,0.0,0.0,813.333,1.00046,0.0449034,0.124766,7.67453,0.0,0.0,0.0,0.0,0.0,,
0.00637593,7.80651e-08,79.4967,642.92,1e-20,0.0,0.0,90.9166,0.0,0.0,0.0,0.0,813.333,1.00046,0.0399268,0.109658,7.68889,0.0,0.0,0.0,0.0,0.0,,
0.00637799,7.98624e-08,79.9772,642.418,1e-20,0.0,0.0,90.9381,0.0,0.0,0.0,0.0,813.333,1.00046,0.0348418,0.0947839,7.70367,0.0,0.0,0.0,0.0,0.0,,
0.00637993,8.45382e-08,80.3554,642.017,1e-20,0.0,0.0,90.9613,0.0,0.0,0.0,0.0,813.333,1.00046,0.0300863,0.0814966,7.71763,0.0,0.0,0.0,0.0,0.0,,
0.00638196,8.42563e-08,80.6584,641.683,1e-20,0.0,0.0,90.9919,0.0,0.0,0.0,0.0,813.334,1.00046,0.0251639,0.068481,7.73217,0.0,0.0,0.0,0.0,0.0,,
0.00638399,7.92452e-08,80.8867,641.421,1e-20,0.0,0.0,91.0263,0.0,0.0,0.0,0.0,813.334,1.00046,0.0202126,0.0561254,7.74677,0.0,0.0,0.0,0.0,0.0,,
0.00638594,8.38091e-08,81.0978,641.17,1e-20,0.0,0.0,91.0655,0.0,0.0,0.0,0.0,813.334,1.00046,0.0155903,0.0449333,7.76079,0.0,0.0,0.0,0.0,0.0,,
0.00638795,8.28801e-08,81.3557,640.872,1e-20,0.0,0.0,91.1066,0.0,0.0,0.0,0.0,813.334,1.00046,0.0111758,0.0343424,7.77517,0.0,0.0,0.0,0.0,0.0,,
0.00638992,8.19447e-08,81.5936,640.595,1e-20,0.0,0.0,91.1456,0.0,0.0,0.0,0.0,813.334,1.00046,0.00732444,0.0248212,7.78938,0.0,0.0,0.0,0.0,0.0,,
0.00639198,7.66636e-08,81.8202,640.327,1e-20,0.0,0.0,91.1874,0.0,0.0,0.0,0.0,813.334,1.00046,0.00395315,0.0159059,7.80414,0.0,0.0,0.0,0.0,0.0,,
0.00639398,7.72503e-08,82.1501,639.957,1e-20,0.0,0.0,91.2277,0.0,0.0,0.0,0.0,813.335,1.00046,0.00128721,0.00804051,7.8185,0.0,0.0,0.0,0.0,0.0,,
0.00639595,8.32498e-08,82.6556,639.41,1e-20,0.0,0.0,91.2688,0.0,0.0,0.0,0.0,813.335,1.00046,-0.00075463,0.000869816,7.83264,0.0,0.0,0.0,0.0,0.0,,
0.00639795,8.32788e-08,83.2791,638.749,1e-20,0.0,0.0,91.307,0.0,0.0,0.0,0.0,813.335,1.00046,-0.00221401,-0.00585591,7.84699,0.0,0.0,0.0,0.0,0.0,,
0.00639994,7.80501e-08,83.8389,638.16,1e-20,0.0,0.0,91.3363,0.0,0.0,0.0,0.0,813.335,1.00046,-0.00313557,-0.0118776,7.86124,0.0,0.0,0.0,0.0,0.0,,
0.00640197,7.89442e-08,84.1938,637.78,1e-20,0.0,0.0,91.3606,0.0,0.0,0.0,0.0,813.335,1.00046,-0.00361749,-0.0172183,7.87582,0.0,0.0,0.0,0.0,0.0,,
0.00640394,8.46103e-08,84.3597,637.59,1e-20,0.0,0.0,91.3855,0.0,0.0,0.0,0.0,813.335,1.00046,-0.00367495,-0.0216373,7.88988,0.0,0.0,0.0,0.0,0.0,,
0.00640597,8.44224e-08,84.4451,637.475,1e-20,0.0,0.0,91.4147,0.0,0.0,0.0,0.0,813.335,1.00046,-0.00340821,-0.0256389,7.90445,0.0,0.0,0.0,0.0,0.0,,
0.00640796,8.10915e-08,84.4022,637.485,1e-20,0.0,0.0,91.4476,0.0,0.0,0.0,0.0,813.335,1.00046,-0.0029363,-0.029161,7.91867,0.0,0.0,0.0,0.0,0.0,,
0.00640995,7.53823e-08,84.0919,637.753,1e-20,0.0,0.0,91.4904,0.0,0.0,0.0,0.0,813.335,1.00046,-0.00227034,-0.032491,7.9329,0.0,0.0,0.0,0.0,0.0,,
0.006412,7.69225e-08,83.5262,638.27,1e-20,0.0,0.0,91.5389,0.0,0.0,0.0,0.0,813.335,1.00046,-0.00134402,-0.0358507,7.94759,0.0,0.0,0.0,0.0,0.0,,
0.00641394,7.77993e-08,82.8892,638.865,1e-20,0.0,0.0,91.5813,0.0,0.0,0.0,0.0,813.335,1.00046,-0.000403937,-0.0390168,7.96146,0.0,0.0,0.0,0.0,0.0,,
0.00641595,7.71292e-08,82.2554,639.459,1e-20,0.0,0.0,91.6209,0.0,0.0,0.0,0.0,813.335,1.00046,0.000414164,-0.0424401,7.97588,0.0,0.0,0.0,0.0,0.0,,
0.00641796,7.7222e-08,81.7043,639.978,1e-20,0.0,0.0,91.6526,0.0,0.0,0.0,0.0,813.335,1.00046,0.000913864,-0.0461424,7.99021,0.0,0.0,0.0,0.0,0.0,,
0.00641998,7.85375e-08,81.2937,640.367,1e-20,0.0,0.0,91.6752,0.0,0.0,0.0,0.0,813.335,1.00046,0.000971255,-0.0503539,8.00468,0.0,0.0,0.0,0.0,0.0,,
0.00642195,7.93875e-08,81.1837,640.458,1e-20,0.0,0.0,91.6936,0.0,0.0,0.0,0.0,813.336,1.00046,0.000491316,-0.0549529,8.01882,0.0,0.0,0.0,0.0,0.0,,
0.00642396,8.33413e-08,81.3964,640.23,1e-20,0.0,0.0,91.7093,0.0,0.0,0.0,0.0,813.336,1.00046,-0.000597222,-0.0598938,8.03321,0.0,0.0,0.0,0.0,0.0,,
0.00642595,8.25717e-08,81.8322,639.778,1e-20,0.0,0.0,91.7253,0.0,0.0,0.0,0.0,813.336,1.00046,-0.00223189,-0.0646847,8.04744,0.0,0.0,0.0,0.0,0.0,,
0.00642793,8.25078e-08,82.2991,639.297,1e-20,0.0,0.0,91.74,0.0,0.0,0.0,0.0,813.336,1.00047,-0.0043146,-0.0691478,8.0616,0.0,0.0,0.0,0.0,0.0,,
0.00642995,8.25271e-08,82.7367,638.848,1e-20,0.0,0.0,91.7512,0.0,0.0,0.0,0.0,813.336,1.00047,-0.00676743,-0.0733404,8.07604,0.0,0.0,0.0,0.0,0.0,,
0.00643193,8.21401e-08,83.1706,638.407,1e-20,0.0,0.0,91.7584,0.0,0.0,0.0,0.0,813.336,1.00047,-0.00937255,-0.0771431,8.09015,0.0,0.0,0.0,0.0,0.0,,
0.00643398,8.17957e-08,83.714,637.859,1e-20,0.0,0.0,91.7635,0.0,0.0,0.0,0.0,813.336,1.00047,-0.0121248,-0.0808495,8.10477,0.0,0.0,0.0,0.0,0.0,,
0.00643592,7.76378e-08,84.2454,637.321,1e-20,0.0,0.0,91.7697,0.0,0.0,0.0,0.0,813.336,1.00047,-0.0145677,-0.0842214,8.11864,0.0,0.0,0.0,0.0,0.0,,
0.00643796,7.90647e-08,84.707,636.843,1e-20,0.0,0.0,91.7866,0.0,0.0,0.0,0.0,813.337,1.00047,-0.0166797,-0.087735,8.13319,0.0,0.0,0.0,0.0,0.0,,
0.00643997,8.48975e-08,85.1465,636.369,1e-20,0.0,0.0,91.8213,0.0,0.0,0.0,0.0,813.337,1.00047,-0.0182286,-0.0912254,8.14754,0.0,0.0,0.0,0.0,0.0,,
0.00644199,8.34019e-08,85.7,635.764,1e-20,0.0,0.0,91.8733,0.0,0.0,0.0,0.0,813.337,1.00047,-0.0194246,-0.0946789,8.16203,0.0,0.0,0.0,0.0,0.0,,
0.00644397,8.14262e-08,86.291,635.105,1e-20,0.0,0.0,91.9417,0.0,0.0,0.0,0.0,813.338,1.00047,-0.0204335,-0.0978769,8.17616,0.0,0.0,0.0,0.0,0.0,,
0.00644595,7.67848e-08,86.7717,634.546,1e-20,0.0,0.0,92.0203,0.0,0.0,0.0,0.0,813.338,1.00047,-0.0213389,-0.100773,8.19034,0.0,0.0,0.0,0.0,0.0,,
0.00644797,7.82925e-08,87.1082,634.132,1e-20,0.0,0.0,92.0986,0.0,0.0,0.0,0.0,813.339,1.00047,-0.0221853,-0.103182,8.20476,0.0,0.0,0.0,0.0,0.0,,
0.00644993,7.87656e-08,87.3588,633.802,1e-20,0.0,0.0,92.1784,0.0,0.0,0.0,0.0,813.339,1.00047,-0.0231666,-0.104836,8.21884,0.0,0.0,0.0,0.0,0.0,,
0.00645197,8.20695e-08,87.6919,633.388,1e-20,0.0,0.0,92.2598,0.0,0.0,0.0,0.0,813.34,1.00047,-0.0246651,-0.10571,8.23344,0.0,0.0,0.0,0.0,0.0,,
0.00645392,7.68643e-08,88.1125,632.905,1e-20,0.0,0.0,92.3219,0.0,0.0,0.0,0.0,813.34,1.00047,-0.026632,-0.105769,8.24732,0.0,0.0,0.0,0.0,0.0,,
0.00645594,7.82143e-08,88.644,632.335,1e-20,0.0,0.0,92.361,0.0,0.0,0.0,0.0,813.34,1.00047,-0.0290953,-0.105227,8.26166,0.0,0.0,0.0,0.0,0.0,,
0.00645799,7.93751e-08,89.1872,631.776,1e-20,0.0,0.0,92.3769,0.0,0.0,0.0,0.0,813.34,1.00047,-0.0318981,-0.104288,8.27625,0.0,0.0,0.0,0.0,0.0,,
0.00645994,8.32602e-08,89.6504,631.312,1e-20,0.0,0.0,92.3777,0.0,0.0,0.0,0.0,813.34,1.00047,-0.0346791,-0.103131,8.29013,0.0,0.0,0.0,0.0,0.0,,
0.00646192,8.19163e-08,90.0883,630.884,1e-20,0.0,0.0,92.3669,0.0,0.0,0.0,0.0,813.339,1.00047,-0.0375688,-0.101551,8.30416,0.0,0.0,0.0,0.0,0.0,,
0.00646396,8.16251e-08,90.43,630.563,1e-20,0.0,0.0,92.3457,0.0,0.0,0.0,0.0,813.339,1.00047,-0.0405236,-0.0993073,8.31864,0.0,0.0,0.0,0.0,0.0,,
0.00646599,7.66977e-08,90.604,630.415,1e-20,0.0,0.0,92.3197,0.0,0.0,0.0,0.0,813.339,1.00047,-0.0431066,-0.0964652,8.33296,0.0,0.0,0.0,14116.0,0.0,,
0.00646798,7.67019e-08,90.6841,630.359,1e-20,0.0,0.0,92.2952,0.0,0.0,0.0,0.0,813.338,1.00047,-0.0450564,-0.0931451,8.34708,0.0,0.0,0.0,0.0,0.0,,
0.00646998,8.19054e-08,90.8249,630.235,1e-20,0.0,0.0,92.2787,0.0,0.0,0.0,0.0,813.338,1.00047,-0.0463882,-0.0893203,8.36125,0.0,0.0,0.0,0.0,0.0,,
0.00647192,7.80348e-08,91.0,630.063,1e-20,0.0,0.0,92.2747,0.0,0.0,0.0,0.0,813.338,1.00047,-0.0471788,-0.0851919,8.375,0.0,0.0,0.0,0.0,0.0,,
0.00647396,7.84863e-08,91.1351,629.923,1e-20,0.0,0.0,92.2798,0.0,0.0,0.0,0.0,813.338,1.00047,-0.0475516,-0.0806351,8.38942,0.0,0.0,0.0,0.0,0.0,,
0.00647592,7.86377e-08,91.1511,629.888,1e-20,0.0,0.0,92.2986,0.0,0.0,0.0,0.0,813.338,1.00047,-0.0475452,-0.0761272,8.40335,0.0,0.0,0.0,0.0,0.0,,
0.00647798,8.3076e-08,91.0951,629.903,1e-20,0.0,0.0,92.3396,0.0,0.0,0.0,0.0,813.338,1.00047,-0.0474513,-0.0712728,8.41797,0.0,0.0,0.0,0.0,0.0,,
0.00647997,8.28951e-08,91.0252,629.932,1e-20,0.0,0.0,92.3808,0.0,0.0,0.0,0.0,813.338,1.00047,-0.0475766,-0.0664368,8.43206,0.0,0.0,0.0,0.0,0.0,,
0.00648197,7.84254e-08,90.9734,629.958,1e-20,0.0,0.0,92.4064,0.0,0.0,0.0,0.0,813.337,1.00047,-0.0479617,-0.0614833,8.44614,0.0,0.0,0.0,0.0,0.0,,
0.00648393,7.87641e-08,90.9676,629.959,1e-20,0.0,0.0,92.4108,0.0,0.0,0.0,0.0,813.337,1.00047,-0.0485223,-0.0566332,8.46002,0.0,0.0,0.0,0.0,0.0,,
0.00648592,8.28763e-08,90.989,629.93,1e-20,0.0,0.0,92.4176,0.0,0.0,0.0,0.0,813.337,1.00047,-0.0491997,-0.0520719,8.47408,0.0,0.0,0.0,0.0,0.0,,
0.00648797,8.1106e-08,90.9656,629.93,1e-20,0.0,0.0,92.4412,0.0,0.0,0.0,0.0,813.336,1.00047,-0.0499075,-0.0479512,8.48856,0.0,0.0,0.0,0.0,0.0,,
0.00648999,8.0343e-08,90.8805,629.993,1e-20,0.0,0.0,92.4632,0.0,0.0,0.0,0.0,813.336,1.00047,-0.0504953,-0.0442563,8.50278,0.0,0.0,0.0,0.0,0.0,,
0.00649197,7.64936e-08,90.7986,630.055,1e-20,0.0,0.0,92.4822,0.0,0.0,0.0,0.0,813.336,1.00047,-0.0508441,-0.0405725,8.51681,0.0,0.0,0.0,0.0,0.0,,
0.00649398,7.76342e-08,90.7599,630.07,1e-20,0.0,0.0,92.5063,0.0,0.0,0.0,0.0,813.336,1.00047,-0.0509068,-0.0365053,8.53098,0.0,0.0,0.0,0.0,0.0,,
0.00649592,7.79092e-08,90.7645,630.037,1e-20,0.0,0.0,92.5343,0.0,0.0,0.0,0.0,813.336,1.00047,-0.050743,-0.0320874,8.54475,0.0,0.0,0.0,0.0,0.0,,
0.00649799,8.28465e-08,90.6754,630.099,1e-20,0.0,0.0,92.5617,0.0,0.0,0.0,0.0,813.336,1.00047,-0.0504378,-0.0268609,8.55937,0.0,0.0,0.0,0.0,0.0,,
0.00649998,7.87641e-08,90.46,630.294,1e-20,0.0,0.0,92.5823,0.0,0.0,0.0,0.0,813.336,1.00047,-0.0501038,-0.0214084,8.57343,0.0,0.0,0.0,0.0,0.0,,
0.00650196,7.92362e-08,90.1635,630.575,1e-20,0.0,0.0,92.5972,0.0,0.0,0.0,0.0,813.336,1.00047,-0.0496887,-0.0156935,8.58738,0.0,0.0,0.0,0.0,0.0,,
0.00650392,8.39427e-08,89.8215,630.905,1e-20,0.0,0.0,92.6097,0.0,0.0,0.0,0.0,813.336,1.00047,-0.0490678,-0.00981079,8.60123,0.0,0.0,0.0,0.0,0.0,,
0.00650593,8.3546e-08,89.4197,631.292,1e-20,0.0,0.0,92.6239,0.0,0.0,0.0,0.0,813.336,1.00047,-0.0481063,-0.00359429,8.61541,0.0,0.0,0.0,0.0,0.0,,
0.00650793,8.29414e-08,88.9296,631.76,1e-20,0.0,0.0,92.6466,0.0,0.0,0.0,0.0,813.336,1.00047,-0.0468246,0.00282543,8.62951,0.0,0.0,0.0,0.0,0.0,,
0.00650999,8.23751e-08,88.2583,632.371,1e-20,0.0,0.0,92.7074,0.0,0.0,0.0,0.0,813.336,1.00047,-0.045212,0.00973878,8.64406,0.0,0.0,0.0,0.0,0.0,,
0.00651196,8.18255e-08,87.4826,633.081,1e-20,0.0,0.0,92.7731,0.0,0.0,0.0,0.0,813.336,1.00047,-0.0434171,0.01668,8.65798,0.0,0.0,0.0,0.0,0.0,,
0.00651392,8.17291e-08,86.7089,633.794,1e-20,0.0,0.0,92.834,0.0,0.0,0.0,0.0,813.337,1.00047,-0.0414766,0.0239882,8.67183,0.0,0.0,0.0,0.0,0.0,,
0.00651594,7.77345e-08,86.0564,634.382,1e-20,0.0,0.0,92.899,0.0,0.0,0.0,0.0,813.337,1.00047,-0.0394003,0.0318804,8.68609,0.0,0.0,0.0,0.0,0.0,,
0.00651798,7.87915e-08,85.5877,634.794,1e-20,0.0,0.0,92.9558,0.0,0.0,0.0,0.0,813.337,1.00047,-0.0373562,0.0401686,8.70044,0.0,0.0,0.0,0.0,0.0,,
0.00651997,8.35948e-08,85.308,635.052,1e-20,0.0,0.0,92.9769,0.0,0.0,0.0,0.0,813.337,1.00047,-0.035612,0.0486235,8.71447,0.0,0.0,0.0,0.0,0.0,,
0.00652196,8.26252e-08,85.2112,635.149,1e-20,0.0,0.0,92.9775,0.0,0.0,0.0,0.0,813.337,1.00047,-0.034276,0.0575463,8.72854,0.0,0.0,0.0,0.0,0.0,,
0.00652394,8.21121e-08,85.2962,635.072,1e-20,0.0,0.0,92.9688,0.0,0.0,0.0,0.0,813.337,1.00047,-0.03339,0.0669718,8.74246,0.0,0.0,0.0,0.0,0.0,,
0.00652592,7.77111e-08,85.5677,634.82,1e-20,0.0,0.0,92.9496,0.0,0.0,0.0,0.0,813.338,1.00047,-0.0328782,0.077072,8.75645,0.0,0.0,0.0,0.0,0.0,,
0.00652795,7.82819e-08,85.9715,634.423,1e-20,0.0,0.0,92.9436,0.0,0.0,0.0,0.0,813.338,1.00047,-0.0326574,0.0879007,8.77073,0.0,0.0,0.0,0.0,0.0,,
0.00653,8.31344e-08,86.507,633.887,1e-20,0.0,0.0,92.9435,0.0,0.0,0.0,0.0,813.338,1.00047,-0.0326859,0.0991753,8.78513,0.0,0.0,0.0,0.0,0.0,,
0.00653199,8.23456e-08,87.0763,633.318,1e-20,0.0,0.0,92.9433,0.0,0.0,0.0,0.0,813.338,1.00047,-0.0329823,0.110302,8.79912,0.0,0.0,0.0,0.0,0.0,,
0.00653397,7.70108e-08,87.553,632.833,1e-20,0.0,0.0,92.952,0.0,0.0,0.0,0.0,813.338,1.00047,-0.0335758,0.121423,8.8131,0.0,0.0,0.0,0.0,0.0,,
0.00653598,7.7716e-08,87.841,632.528,1e-20,0.0,0.0,92.9687,0.0,0.0,0.0,0.0,813.338,1.00047,-0.0344857,0.132566,8.82723,0.0,0.0,0.0,0.0,0.0,,
0.00653793,8.35527e-08,88.0097,632.341,1e-20,0.0,0.0,92.9876,0.0,0.0,0.0,0.0,813.338,1.00047,-0.0356507,0.143184,8.84098,0.0,0.0,0.0,0.0,0.0,,
0.00653994,8.38013e-08,88.2042,632.125,1e-20,0.0,0.0,93.0085,0.0,0.0,0.0,0.0,813.338,1.00047,-0.0370825,0.153749,8.85509,0.0,0.0,0.0,0.0,0.0,,
0.00654195,7.84814e-08,88.4755,631.836,1e-20,0.0,0.0,93.0265,0.0,0.0,0.0,0.0,813.338,1.00047,-0.0387139,0.163917,8.86921,0.0,0.0,0.0,14116.0,0.0,,
0.00654399,7.82594e-08,88.753,631.54,1e-20,0.0,0.0,93.0456,0.0,0.0,0.0,0.0,813.338,1.00047,-0.0405444,0.173841,8.88352,0.0,0.0,0.0,0.0,0.0,,
0.00654592,8.30119e-08,88.9462,631.331,1e-20,0.0,0.0,93.0614,0.0,0.0,0.0,0.0,813.338,1.00047,-0.042442,0.182908,8.89707,0.0,0.0,0.0,0.0,0.0,,
0.00654798,8.20741e-08,89.0748,631.19,1e-20,0.0,0.0,93.0732,0.0,0.0,0.0,0.0,813.338,1.00047,-0.0446577,0.192425,8.91158,0.0,0.0,0.0,0.0,0.0,,
0.00654994,8.12057e-08,89.1469,631.105,1e-20,0.0,0.0,93.0861,0.0,0.0,0.0,0.0,813.338,1.00047,-0.0468728,0.201564,8.92533,0.0,0.0,0.0,0.0,0.0,,
0.00655199,7.67663e-08,89.1294,631.107,1e-20,0.0,0.0,93.1023,0.0,0.0,0.0,0.0,813.339,1.00047,-0.0492526,0.211597,8.93971,0.0,0.0,0.0,0.0,0.0,,
0.00655399,7.73112e-08,89.037,631.184,1e-20,0.0,0.0,93.1179,0.0,0.0,0.0,0.0,813.339,1.00047,-0.0517026,0.222158,8.95377,0.0,0.0,0.0,0.0,0.0,,
0.00655593,7.74417e-08,88.9329,631.275,1e-20,0.0,0.0,93.1312,0.0,0.0,0.0,0.0,813.339,1.00047,-0.0542323,0.233134,8.96736,0.0,0.0,0.0,0.0,0.0,,
0.00655794,7.72969e-08,88.8429,631.357,1e-20,0.0,0.0,93.1394,0.0,0.0,0.0,0.0,813.339,1.00047,-0.0570397,0.245285,8.98147,0.0,0.0,0.0,0.0,0.0,,
0.00655995,7.76755e-08,88.7822,631.419,1e-20,0.0,0.0,93.1378,0.0,0.0,0.0,0.0,813.339,1.00047,-0.0600551,0.258118,8.9956,0.0,0.0,0.0,0.0,0.0,,
0.00656198,7.81774e-08,88.7578,631.454,1e-20,0.0,0.0,93.1275,0.0,0.0,0.0,0.0,813.339,1.00047,-0.0632758,0.27158,9.00981,0.0,0.0,0.0,14116.0,0.0,,
0.00656399,8.29737e-08,88.7649,631.46,1e-20,0.0,0.0,93.1144,0.0,0.0,0.0,0.0,813.339,1.00047,-0.0665664,0.285354,9.02388,0.0,0.0,0.0,0.0,0.0,,
0.00656597,8.20912e-08,88.7563,631.48,1e-20,0.0,0.0,93.1031,0.0,0.0,0.0,0.0,813.339,1.00047,-0.0697796,0.299255,9.03778,0.0,0.0,0.0,0.0,0.0,,
0.00656793,8.09553e-08,88.7447,631.5,1e-20,0.0,0.0,93.0951,0.0,0.0,0.0,0.0,813.34,1.00047,-0.0727775,0.313123,9.05149,0.0,0.0,0.0,0.0,0.0,,
0.00656998,7.59826e-08,88.775,631.472,1e-20,0.0,0.0,93.0925,0.0,0.0,0.0,0.0,813.34,1.00047,-0.0756226,0.327705,9.06592,0.0,0.0,0.0,0.0,0.0,,
0.00657196,7.64614e-08,88.9157,631.33,1e-20,0.0,0.0,93.0947,0.0,0.0,0.0,0.0,813.34,1.00047,-0.0780151,0.341654,9.07979,0.0,0.0,0.0,14116.0,0.0,,
0.00657396,7.69806e-08,89.1286,631.113,1e-20,0.0,0.0,93.0987,0.0,0.0,0.0,0.0,813.34,1.00047,-0.0800564,0.355515,9.09376,0.0,0.0,0.0,0.0,0.0,,
0.00657596,7.71752e-08,89.3337,630.9,1e-20,0.0,0.0,93.1064,0.0,0.0,0.0,0.0,813.34,1.00047,-0.0817113,0.369119,9.10779,0.0,0.0,0.0,0.0,0.0,,
0.00657797,7.75534e-08,89.4619,630.758,1e-20,0.0,0.0,93.1201,0.0,0.0,0.0,0.0,813.34,1.00047,-0.082943,0.382286,9.12186,0.0,0.0,0.0,0.0,0.0,,
0.00657992,7.84495e-08,89.5047,630.697,1e-20,0.0,0.0,93.1387,0.0,0.0,0.0,0.0,813.34,1.00047,-0.0837153,0.394599,9.13549,0.0,0.0,0.0,0.0,0.0,,
0.00658197,8.38738e-08,89.472,630.707,1e-20,0.0,0.0,93.1612,0.0,0.0,0.0,0.0,813.34,1.00047,-0.0841636,0.407233,9.14976,0.0,0.0,0.0,0.0,0.0,,
0.00658398,8.35026e-08,89.3846,630.772,1e-20,0.0,0.0,93.1838,0.0,0.0,0.0,0.0,813.341,1.00047,-0.0844234,0.419738,9.16382,0.0,0.0,0.0,0.0,0.0,,
0.00658597,8.30224e-08,89.2854,630.849,1e-20,0.0,0.0,93.2064,0.0,0.0,0.0,0.0,813.341,1.00047,-0.0846805,0.432613,9.1778,0.0,0.0,0.0,0.0,0.0,,
0.00658796,7.80941e-08,89.2362,630.878,1e-20,0.0,0.0,93.2266,0.0,0.0,0.0,0.0,813.341,1.00047,-0.085016,0.446083,9.19167,0.0,0.0,0.0,0.0,0.0,,
0.00658993,8.25839e-08,89.3137,630.786,1e-20,0.0,0.0,93.2414,0.0,0.0,0.0,0.0,813.341,1.00047,-0.0853996,0.460226,9.20545,0.0,0.0,0.0,0.0,0.0,,
0.00659199,8.21704e-08,89.5224,630.565,1e-20,0.0,0.0,93.2542,0.0,0.0,0.0,0.0,813.341,1.00047,-0.0858101,0.475602,9.21984,0.0,0.0,0.0,0.0,0.0,,
0.00659393,7.74872e-08,89.8049,630.276,1e-20,0.0,0.0,93.2605,0.0,0.0,0.0,0.0,813.341,1.00047,-0.0861493,0.490518,9.23344,0.0,0.0,0.0,0.0,0.0,,
0.00659595,7.78056e-08,90.0458,630.031,1e-20,0.0,0.0,93.2651,0.0,0.0,0.0,0.0,813.342,1.00047,-0.0863312,0.50638,9.24753,0.0,0.0,0.0,0.0,0.0,,
0.00659798,7.81905e-08,90.1337,629.937,1e-20,0.0,0.0,93.2711,0.0,0.0,0.0,0.0,813.342,1.00047,-0.08628,0.522863,9.26168,0.0,0.0,0.0,0.0,0.0,,
0.00659992,8.32322e-08,90.0831,629.972,1e-20,0.0,0.0,93.2867,0.0,0.0,0.0,0.0,813.342,1.00047,-0.0860289,0.539367,9.27525,0.0,0.0,0.0,0.0,0.0,,
0.00660192,8.30049e-08,90.0214,630.014,1e-20,0.0,0.0,93.3065,0.0,0.0,0.0,0.0,813.342,1.00047,-0.0856153,0.557006,9.28918,0.0,0.0,0.0,0.0,0.0,,
0.00660399,7.7856e-08,90.0015,630.021,1e-20,0.0,0.0,93.3191,0.0,0.0,0.0,0.0,813.342,1.00047,-0.0850786,0.576039,9.30365,0.0,0.0,0.0,0.0,0.0,,
0.00660594,7.82449e-08,89.9606,630.059,1e-20,0.0,0.0,93.323,0.0,0.0,0.0,0.0,813.342,1.00047,-0.0844485,0.59463,9.31725,0.0,0.0,0.0,0.0,0.0,,
0.00660792,8.35551e-08,89.8755,630.142,1e-20,0.0,0.0,93.3246,0.0,0.0,0.0,0.0,813.342,1.00047,-0.0835977,0.614212,9.33105,0.0,0.0,0.0,0.0,0.0,,
0.00660992,8.29192e-08,89.7762,630.239,1e-20,0.0,0.0,93.3267,0.0,0.0,0.0,0.0,813.342,1.00047,-0.0825067,0.634659,9.345,0.0,0.0,0.0,0.0,0.0,,
0.00661198,8.15332e-08,89.7194,630.284,1e-20,0.0,0.0,93.3386,0.0,0.0,0.0,0.0,813.342,1.00047,-0.0812569,0.656237,9.35934,0.0,0.0,0.0,0.0,0.0,,
0.00661393,7.65961e-08,89.6972,630.27,1e-20,0.0,0.0,93.3756,0.0,0.0,0.0,0.0,813.343,1.00047,-0.0801242,0.677113,9.37296,0.0,0.0,0.0,0.0,0.0,,
0.00661593,7.74592e-08,89.7227,630.188,1e-20,0.0,0.0,93.4317,0.0,0.0,0.0,0.0,813.343,1.00047,-0.0791818,0.698732,9.3869,0.0,0.0,0.0,0.0,0.0,,
0.00661796,7.80196e-08,89.8515,630.015,1e-20,0.0,0.0,93.4762,0.0,0.0,0.0,0.0,813.343,1.00047,-0.0785673,0.720604,9.40099,0.0,0.0,0.0,0.0,0.0,,
0.00661998,7.79521e-08,90.1215,629.711,1e-20,0.0,0.0,93.5106,0.0,0.0,0.0,0.0,813.343,1.00047,-0.0783525,0.742419,9.41512,0.0,0.0,0.0,0.0,0.0,,
0.00662193,7.7845e-08,90.4239,629.38,1e-20,0.0,0.0,93.5392,0.0,0.0,0.0,0.0,813.343,1.00047,-0.078482,0.763221,9.42867,0.0,0.0,0.0,0.0,0.0,,
0.00662395,7.77868e-08,90.7277,629.046,1e-20,0.0,0.0,93.569,0.0,0.0,0.0,0.0,813.343,1.00047,-0.0789206,0.784841,9.44276,0.0,0.0,0.0,0.0,0.0,,
0.00662599,8.18987e-08,90.9939,628.753,1e-20,0.0,0.0,93.5956,0.0,0.0,0.0,0.0,813.342,1.00047,-0.0796959,0.80684,9.45694,0.0,0.0,0.0,0.0,0.0,,
0.00662795,8.10887e-08,91.202,628.523,1e-20,0.0,0.0,93.6178,0.0,0.0,0.0,0.0,813.342,1.00047,-0.0807191,0.828293,9.47055,0.0,0.0,0.0,0.0,0.0,,
0.00662997,7.59296e-08,91.3364,628.373,1e-20,0.0,0.0,93.6333,0.0,0.0,0.0,0.0,813.343,1.00047,-0.0819611,0.85074,9.4846,0.0,0.0,0.0,0.0,0.0,,
0.00663194,7.61626e-08,91.3675,628.33,1e-20,0.0,0.0,93.6458,0.0,0.0,0.0,0.0,813.343,1.00047,-0.0832175,0.87295,9.49834,0.0,0.0,0.0,0.0,0.0,,
0.00663393,7.74111e-08,91.2986,628.381,1e-20,0.0,0.0,93.6628,0.0,0.0,0.0,0.0,813.343,1.00047,-0.0844107,0.895415,9.51221,0.0,0.0,0.0,0.0,0.0,,
0.00663598,8.32482e-08,91.0935,628.566,1e-20,0.0,0.0,93.6832,0.0,0.0,0.0,0.0,813.343,1.00047,-0.0855932,0.918194,9.52638,0.0,0.0,0.0,0.0,0.0,,
0.00663793,7.8262e-08,90.8533,628.788,1e-20,0.0,0.0,93.7012,0.0,0.0,0.0,0.0,813.343,1.00047,-0.0867525,0.939617,9.53996,0.0,0.0,0.0,0.0,0.0,,
0.00663997,8.23212e-08,90.6679,628.992,1e-20,0.0,0.0,93.6825,0.0,0.0,0.0,0.0,813.343,1.00047,-0.088011,0.96176,9.55417,0.0,0.0,0.0,0.0,0.0,,
0.00664197,8.41424e-08,90.5189,629.139,1e-20,0.0,0.0,93.6847,0.0,0.0,0.0,0.0,813.343,1.00047,-0.0893184,0.983145,9.56805,0.0,0.0,0.0,0.0,0.0,,
0.00664399,8.44289e-08,90.3707,629.266,1e-20,0.0,0.0,93.7065,0.0,0.0,0.0,0.0,813.343,1.00047,-0.0908105,1.00448,9.58207,0.0,0.0,0.0,0.0,0.0,,
0.006646,8.25191e-08,90.2659,629.348,1e-20,0.0,0.0,93.7295,0.0,0.0,0.0,0.0,813.343,1.00047,-0.0925,1.02525,9.59602,0.0,0.0,0.0,0.0,0.0,,
0.00664795,8.08492e-08,90.2438,629.352,1e-20,0.0,0.0,93.7474,0.0,0.0,0.0,0.0,813.343,1.00047,-0.0942908,1.04478,9.60964,0.0,0.0,0.0,0.0,0.0,,
0.00664998,8.15199e-08,90.2382,629.343,1e-20,0.0,0.0,93.7617,0.0,0.0,0.0,0.0,813.343,1.00047,-0.0962018,1.06377,9.62369,0.0,0.0,0.0,0.0,0.0,,
0.00665197,7.81595e-08,90.2158,629.353,1e-20,0.0,0.0,93.7744,0.0,0.0,0.0,0.0,813.343,1.00047,-0.0980803,1.08085,9.63752,0.0,0.0,0.0,0.0,0.0,,
0.00665392,7.80754e-08,90.2452,629.313,1e-20,0.0,0.0,93.7851,0.0,0.0,0.0,0.0,813.343,1.00047,-0.099903,1.09589,9.65108,0.0,0.0,0.0,0.0,0.0,,
0.00665595,7.82177e-08,90.4051,629.146,1e-20,0.0,0.0,93.792,0.0,0.0,0.0,0.0,813.343,1.00047,-0.101782,1.10976,9.66517,0.0,0.0,0.0,0.0,0.0,,
0.00665799,8.36038e-08,90.7326,628.816,1e-20,0.0,0.0,93.7941,0.0,0.0,0.0,0.0,813.343,1.00047,-0.103678,1.12212,9.67931,0.0,0.0,0.0,0.0,0.0,,
0.00666,8.32192e-08,91.1984,628.354,1e-20,0.0,0.0,93.7903,0.0,0.0,0.0,0.0,813.343,1.00047,-0.105576,1.133,9.69322,0.0,0.0,0.0,0.0,0.0,,
0.00666198,8.20645e-08,91.7452,627.814,1e-20,0.0,0.0,93.7838,0.0,0.0,0.0,0.0,813.343,1.00047,-0.107492,1.1427,9.70698,0.0,0.0,0.0,0.0,0.0,,
0.00666395,8.20275e-08,92.3264,627.238,1e-20,0.0,0.0,93.7795,0.0,0.0,0.0,0.0,813.343,1.00047,-0.10948,1.15134,9.72062,0.0,0.0,0.0,0.0,0.0,,
0.00666592,8.23456e-08,92.9119,626.649,1e-20,0.0,0.0,93.7829,0.0,0.0,0.0,0.0,813.343,1.00047,-0.111627,1.15907,9.73431,0.0,0.0,0.0,0.0,0.0,,
0.00666797,8.17055e-08,93.4803,626.069,1e-20,0.0,0.0,93.7941,0.0,0.0,0.0,0.0,813.344,1.00047,-0.11394,1.16611,9.74855,0.0,0.0,0.0,0.0,0.0,,
0.00667,7.63338e-08,93.9976,625.541,1e-20,0.0,0.0,93.8047,0.0,0.0,0.0,0.0,813.344,1.00047,-0.116174,1.17213,9.7626,0.0,0.0,0.0,0.0,0.0,,
0.00667199,7.70003e-08,94.4996,625.03,1e-20,0.0,0.0,93.8139,0.0,0.0,0.0,0.0,813.344,1.00047,-0.11831,1.17722,9.7764,0.0,0.0,0.0,0.0,0.0,,
0.00667393,7.82471e-08,94.9493,624.573,1e-20,0.0,0.0,93.8216,0.0,0.0,0.0,0.0,813.344,1.00047,-0.120302,1.18142,9.78984,0.0,0.0,0.0,0.0,0.0,,
0.00667597,7.88316e-08,95.3421,624.168,1e-20,0.0,0.0,93.8337,0.0,0.0,0.0,0.0,813.344,1.00047,-0.122229,1.18505,9.80402,0.0,0.0,0.0,0.0,0.0,,
0.00667794,8.37245e-08,95.6496,623.839,1e-20,0.0,0.0,93.8551,0.0,0.0,0.0,0.0,813.344,1.00048,-0.123893,1.1878,9.81764,0.0,0.0,0.0,0.0,0.0,,
0.00667994,8.28929e-08,95.963,623.501,1e-20,0.0,0.0,93.8805,0.0,0.0,0.0,0.0,813.344,1.00048,-0.125404,1.18985,9.83152,0.0,0.0,0.0,0.0,0.0,,
0.006682,8.17125e-08,96.429,623.016,1e-20,0.0,0.0,93.8992,0.0,0.0,0.0,0.0,813.344,1.00048,-0.126771,1.19103,9.84577,0.0,0.0,0.0,0.0,0.0,,
0.00668395,8.10313e-08,96.9467,622.48,1e-20,0.0,0.0,93.9173,0.0,0.0,0.0,0.0,813.344,1.00048,-0.127831,1.19108,9.85929,0.0,0.0,0.0,0.0,0.0,,
0.00668597,8.10137e-08,97.4303,621.971,1e-20,0.0,0.0,93.9432,0.0,0.0,0.0,0.0,813.344,1.00048,-0.12861,1.18997,9.8733,0.0,0.0,0.0,0.0,0.0,,
0.00668798,7.6587e-08,97.7951,621.575,1e-20,0.0,0.0,93.9747,0.0,0.0,0.0,0.0,813.344,1.00048,-0.129045,1.1877,9.88719,0.0,0.0,0.0,0.0,0.0,,
0.00668997,7.64969e-08,98.0809,621.258,1e-20,0.0,0.0,94.0058,0.0,0.0,0.0,0.0,813.344,1.00048,-0.129206,1.18433,9.90095,0.0,0.0,0.0,0.0,0.0,,
0.00669197,7.75822e-08,98.3263,620.978,1e-20,0.0,0.0,94.0403,0.0,0.0,0.0,0.0,813.344,1.00048,-0.129242,1.17999,9.91478,0.0,0.0,0.0,0.0,0.0,,
0.00669393,7.90437e-08,98.4913,620.783,1e-20,0.0,0.0,94.0701,0.0,0.0,0.0,0.0,813.344,1.00047,-0.129294,1.17503,9.92832,0.0,0.0,0.0,0.0,0.0,,
0.006696,7.98301e-08,98.5377,620.712,1e-20,0.0,0.0,94.0941,0.0,0.0,0.0,0.0,813.344,1.00047,-0.129499,1.1693,9.94262,0.0,0.0,0.0,0.0,0.0,,
0.00669798,7.88644e-08,98.4269,620.807,1e-20,0.0,0.0,94.1101,0.0,0.0,0.0,0.0,813.344,1.00048,-0.129905,1.16348,9.95637,0.0,0.0,0.0,0.0,0.0,,
0.00669993,8.23941e-08,98.2505,620.973,1e-20,0.0,0.0,94.1204,0.0,0.0,0.0,0.0,813.344,1.00047,-0.130479,1.1575,9.9698,0.0,0.0,0.0,0.0,0.0,,
0.00670198,8.16033e-08,98.0658,621.141,1e-20,0.0,0.0,94.1373,0.0,0.0,0.0,0.0,813.344,1.00047,-0.13117,1.15077,9.98398,0.0,0.0,0.0,0.0,0.0,,
0.00670393,8.11502e-08,97.9267,621.253,1e-20,0.0,0.0,94.1647,0.0,0.0,0.0,0.0,813.344,1.00048,-0.131748,1.14374,9.99748,0.0,0.0,0.0,0.0,0.0,,
0.00670598,7.66277e-08,97.7996,621.348,1e-20,0.0,0.0,94.1969,0.0,0.0,0.0,0.0,813.344,1.00048,-0.132014,1.13553,10.0117,0.0,0.0,0.0,0.0,0.0,,
0.00670798,7.72836e-08,97.6439,621.461,1e-20,0.0,0.0,94.2397,0.0,0.0,0.0,0.0,813.345,1.00048,-0.131697,1.12663,10.0255,0.0,0.0,0.0,0.0,0.0,,
0.00670994,8.21309e-08,97.4474,621.612,1e-20,0.0,0.0,94.2854,0.0,0.0,0.0,0.0,813.345,1.00048,-0.130685,1.11718,10.0391,0.0,0.0,0.0,0.0,0.0,,
0.00671195,7.76055e-08,97.1897,621.831,1e-20,0.0,0.0,94.324,0.0,0.0,0.0,0.0,813.345,1.00048,-0.128874,1.10691,10.053,0.0,0.0,0.0,0.0,0.0,,
0.00671397,7.82556e-08,96.953,622.043,1e-20,0.0,0.0,94.3498,0.0,0.0,0.0,0.0,813.345,1.00048,-0.126337,1.09613,10.067,0.0,0.0,0.0,0.0,0.0,,
0.00671594,7.88352e-08,96.8367,622.143,1e-20,0.0,0.0,94.3655,0.0,0.0,0.0,0.0,813.346,1.00048,-0.123372,1.08533,10.0806,0.0,0.0,0.0,0.0,0.0,,
0.00671793,8.34201e-08,96.9204,622.047,1e-20,0.0,0.0,94.3787,0.0,0.0,0.0,0.0,813.346,1.00048,-0.120176,1.07427,10.0943,0.0,0.0,0.0,0.0,0.0,,
0.00671992,8.26981e-08,97.2217,621.734,1e-20,0.0,0.0,94.3899,0.0,0.0,0.0,0.0,813.346,1.00048,-0.116994,1.06317,10.1081,0.0,0.0,0.0,0.0,0.0,,
0.00672196,7.68503e-08,97.7238,621.216,1e-20,0.0,0.0,94.4064,0.0,0.0,0.0,0.0,813.346,1.00048,-0.113887,1.05188,10.1222,0.0,0.0,0.0,0.0,0.0,,
0.00672394,7.6034e-08,98.3866,620.533,1e-20,0.0,0.0,94.4265,0.0,0.0,0.0,0.0,813.346,1.00048,-0.110979,1.04092,10.1359,0.0,0.0,0.0,0.0,0.0,,
0.00672599,7.59111e-08,99.2342,619.667,1e-20,0.0,0.0,94.4456,0.0,0.0,0.0,0.0,813.346,1.00048,-0.108075,1.02969,10.1501,0.0,0.0,0.0,0.0,0.0,,
0.00672798,7.69627e-08,100.112,618.776,1e-20,0.0,0.0,94.4584,0.0,0.0,0.0,0.0,813.346,1.00048,-0.105373,1.01882,10.1638,0.0,0.0,0.0,0.0,0.0,,
0.00672999,7.77672e-08,100.9,617.98,1e-20,0.0,0.0,94.466,0.0,0.0,0.0,0.0,813.346,1.00048,-0.102804,1.00783,10.1777,0.0,0.0,0.0,0.0,0.0,,
0.00673194,7.83047e-08,101.479,617.399,1e-20,0.0,0.0,94.4685,0.0,0.0,0.0,0.0,813.346,1.00048,-0.100508,0.997271,10.1911,0.0,0.0,0.0,0.0,0.0,,
0.00673399,7.88868e-08,101.899,616.978,1e-20,0.0,0.0,94.4687,0.0,0.0,0.0,0.0,813.346,1.00048,-0.0983524,0.986417,10.2052,0.0,0.0,0.0,0.0,0.0,,
0.00673599,8.34748e-08,102.192,616.68,1e-20,0.0,0.0,94.4743,0.0,0.0,0.0,0.0,813.346,1.00048,-0.0964757,0.976081,10.219,0.0,0.0,0.0,0.0,0.0,,
0.00673798,8.21374e-08,102.394,616.462,1e-20,0.0,0.0,94.4901,0.0,0.0,0.0,0.0,813.346,1.00048,-0.094828,0.966271,10.2328,0.0,0.0,0.0,0.0,0.0,,
0.00673994,8.10393e-08,102.515,616.314,1e-20,0.0,0.0,94.5173,0.0,0.0,0.0,0.0,813.346,1.00048,-0.0934988,0.957266,10.2463,0.0,0.0,0.0,0.0,0.0,,
0.00674196,8.08297e-08,102.567,616.222,1e-20,0.0,0.0,94.5578,0.0,0.0,0.0,0.0,813.347,1.00048,-0.0925117,0.948787,10.2602,0.0,0.0,0.0,0.0,0.0,,
0.00674398,8.07003e-08,102.593,616.16,1e-20,0.0,0.0,94.5938,0.0,0.0,0.0,0.0,813.347,1.00048,-0.0919146,0.941146,10.2742,0.0,0.0,0.0,0.0,0.0,,
0.00674596,7.57294e-08,102.654,616.077,1e-20,0.0,0.0,94.6167,0.0,0.0,0.0,0.0,813.347,1.00048,-0.0916098,0.934327,10.2878,0.0,0.0,0.0,0.0,0.0,,
0.00674793,7.62951e-08,102.817,615.9,1e-20,0.0,0.0,94.6305,0.0,0.0,0.0,0.0,813.347,1.00048,-0.091551,0.927956,10.3014,0.0,0.0,0.0,0.0,0.0,,
0.00674993,7.74946e-08,103.059,615.641,1e-20,0.0,0.0,94.6465,0.0,0.0,0.0,0.0,813.347,1.00048,-0.0917848,0.921864,10.3152,0.0,0.0,0.0,0.0,0.0,,
0.00675196,7.84176e-08,103.343,615.334,1e-20,0.0,0.0,94.6701,0.0,0.0,0.0,0.0,813.347,1.00048,-0.0923301,0.916139,10.3292,0.0,0.0,0.0,0.0,0.0,,
0.00675392,7.87892e-08,103.618,615.032,1e-20,0.0,0.0,94.6969,0.0,0.0,0.0,0.0,813.347,1.00048,-0.0931507,0.911168,10.3427,0.0,0.0,0.0,0.0,0.0,,
0.00675597,7.87928e-08,103.894,614.732,1e-20,0.0,0.0,94.721,0.0,0.0,0.0,0.0,813.347,1.00048,-0.0943381,0.906664,10.3569,0.0,0.0,0.0,0.0,0.0,,
0.00675797,8.32513e-08,104.112,614.498,1e-20,0.0,0.0,94.7379,0.0,0.0,0.0,0.0,813.347,1.00048,-0.0957874,0.902857,10.3706,0.0,0.0,0.0,0.0,0.0,,
0.00675996,8.19639e-08,104.243,614.356,1e-20,0.0,0.0,94.7485,0.0,0.0,0.0,0.0,813.348,1.00048,-0.0973182,0.899491,10.3843,0.0,0.0,0.0,0.0,0.0,,
0.00676199,8.11117e-08,104.288,614.305,1e-20,0.0,0.0,94.755,0.0,0.0,0.0,0.0,813.348,1.00048,-0.0987923,0.896266,10.3984,0.0,0.0,0.0,0.0,0.0,,
0.00676394,7.67535e-08,104.225,614.364,1e-20,0.0,0.0,94.7589,0.0,0.0,0.0,0.0,813.348,1.00048,-0.100107,0.893308,10.4118,0.0,0.0,0.0,0.0,0.0,,
0.00676595,7.74162e-08,104.069,614.518,1e-20,0.0,0.0,94.7614,0.0,0.0,0.0,0.0,813.348,1.00048,-0.101448,0.89044,10.4256,0.0,0.0,0.0,0.0,0.0,,
0.00676796,7.76594e-08,103.874,614.71,1e-20,0.0,0.0,94.7645,0.0,0.0,0.0,0.0,813.348,1.00048,-0.102884,0.887875,10.4395,0.0,0.0,0.0,0.0,0.0,,
0.00676999,7.82723e-08,103.682,614.894,1e-20,0.0,0.0,94.7726,0.0,0.0,0.0,0.0,813.349,1.00048,-0.104567,0.885694,10.4534,0.0,0.0,0.0,0.0,0.0,,
0.006772,7.91838e-08,103.482,615.079,1e-20,0.0,0.0,94.7883,0.0,0.0,0.0,0.0,813.349,1.00048,-0.106603,0.883825,10.4673,0.0,0.0,0.0,0.0,0.0,,
0.00677398,7.93039e-08,103.26,615.283,1e-20,0.0,0.0,94.8062,0.0,0.0,0.0,0.0,813.349,1.00048,-0.108969,0.882066,10.481,0.0,0.0,0.0,0.0,0.0,,
0.00677592,8.33894e-08,103.005,615.522,1e-20,0.0,0.0,94.822,0.0,0.0,0.0,0.0,813.349,1.00048,-0.111545,0.880265,10.4943,0.0,0.0,0.0,0.0,0.0,,
0.00677799,8.22844e-08,102.701,615.809,1e-20,0.0,0.0,94.839,0.0,0.0,0.0,0.0,813.35,1.00048,-0.114549,0.878175,10.5085,0.0,0.0,0.0,0.0,0.0,,
0.00677995,8.13378e-08,102.44,616.053,1e-20,0.0,0.0,94.8564,0.0,0.0,0.0,0.0,813.35,1.00048,-0.11758,0.876029,10.5221,0.0,0.0,0.0,0.0,0.0,,
0.00678193,7.5909e-08,102.258,616.216,1e-20,0.0,0.0,94.8764,0.0,0.0,0.0,0.0,813.35,1.00048,-0.12074,0.873687,10.5357,0.0,0.0,0.0,0.0,0.0,,
0.00678398,7.57291e-08,102.162,616.28,1e-20,0.0,0.0,94.9082,0.0,0.0,0.0,0.0,813.35,1.00048,-0.124038,0.871085,10.5498,0.0,0.0,0.0,0.0,0.0,,
0.00678596,7.67126e-08,102.144,616.268,1e-20,0.0,0.0,94.9383,0.0,0.0,0.0,0.0,813.351,1.00048,-0.12725,0.868353,10.5634,0.0,0.0,0.0,0.0,0.0,,
0.00678797,7.81499e-08,102.221,616.17,1e-20,0.0,0.0,94.96,0.0,0.0,0.0,0.0,813.351,1.00048,-0.130522,0.865272,10.5773,0.0,0.0,0.0,0.0,0.0,,
0.00678993,7.88626e-08,102.364,616.011,1e-20,0.0,0.0,94.9767,0.0,0.0,0.0,0.0,813.351,1.00048,-0.133783,0.861817,10.5908,0.0,0.0,0.0,0.0,0.0,,
0.00679198,7.87336e-08,102.486,615.864,1e-20,0.0,0.0,95.0014,0.0,0.0,0.0,0.0,813.352,1.00048,-0.13733,0.857609,10.6049,0.0,0.0,0.0,0.0,0.0,,
0.00679396,8.34161e-08,102.53,615.788,1e-20,0.0,0.0,95.0341,0.0,0.0,0.0,0.0,813.352,1.00048,-0.140914,0.852969,10.6185,0.0,0.0,0.0,0.0,0.0,,
0.00679596,8.26722e-08,102.545,615.742,1e-20,0.0,0.0,95.0653,0.0,0.0,0.0,0.0,813.352,1.00049,-0.144607,0.847645,10.6323,0.0,0.0,0.0,0.0,0.0,,
0.00679793,8.1528e-08,102.575,615.682,1e-20,0.0,0.0,95.0956,0.0,0.0,0.0,0.0,813.353,1.00049,-0.14809,0.841676,10.6458,0.0,0.0,0.0,0.0,0.0,,
0.00679995,8.09112e-08,102.616,615.616,1e-20,0.0,0.0,95.1215,0.0,0.0,0.0,0.0,813.353,1.00049,-0.151266,0.834832,10.6598,0.0,0.0,0.0,0.0,0.0,,
0.00680194,7.64436e-08,102.615,615.597,1e-20,0.0,0.0,95.1416,0.0,0.0,0.0,0.0,813.354,1.00049,-0.153903,0.827553,10.6735,0.0,0.0,0.0,0.0,0.0,,
0.00680393,7.67565e-08,102.543,615.653,1e-20,0.0,0.0,95.1577,0.0,0.0,0.0,0.0,813.354,1.00049,-0.156097,0.819713,10.6872,0.0,0.0,0.0,0.0,0.0,,
0.00680593,7.68746e-08,102.446,615.736,1e-20,0.0,0.0,95.1718,0.0,0.0,0.0,0.0,813.354,1.00049,-0.158014,0.811262,10.7009,0.0,0.0,0.0,0.0,0.0,,
0.00680794,7.76702e-08,102.351,615.818,1e-20,0.0,0.0,95.1858,0.0,0.0,0.0,0.0,813.355,1.00049,-0.15967,0.802143,10.7147,0.0,0.0,0.0,0.0,0.0,,
0.00680997,7.85109e-08,102.204,615.95,1e-20,0.0,0.0,95.201,0.0,0.0,0.0,0.0,813.355,1.00049,-0.160947,0.792352,10.7286,0.0,0.0,0.0,0.0,0.0,,
0.00681195,8.38064e-08,101.985,616.158,1e-20,0.0,0.0,95.2121,0.0,0.0,0.0,0.0,813.355,1.00049,-0.161771,0.782292,10.7422,0.0,0.0,0.0,0.0,0.0,,
0.00681396,8.32986e-08,101.723,616.415,1e-20,0.0,0.0,95.2169,0.0,0.0,0.0,0.0,813.355,1.00049,-0.162219,0.771712,10.756,0.0,0.0,0.0,0.0,0.0,,
0.00681595,8.25637e-08,101.51,616.627,1e-20,0.0,0.0,95.2177,0.0,0.0,0.0,0.0,813.354,1.00049,-0.162359,0.760874,10.7696,0.0,0.0,0.0,0.0,0.0,,
0.00681798,7.7298e-08,101.431,616.703,1e-20,0.0,0.0,95.2197,0.0,0.0,0.0,0.0,813.354,1.00049,-0.162256,0.749453,10.7836,0.0,0.0,0.0,0.0,0.0,,
0.00681995,8.17977e-08,101.532,616.599,1e-20,0.0,0.0,95.2228,0.0,0.0,0.0,0.0,813.354,1.00049,-0.161978,0.737819,10.797,0.0,0.0,0.0,0.0,0.0,,
0.006822,8.20322e-08,101.766,616.358,1e-20,0.0,0.0,95.2294,0.0,0.0,0.0,0.0,813.354,1.00049,-0.161222,0.724911,10.8111,0.0,0.0,0.0,0.0,0.0,,
0.00682397,7.74441e-08,102.057,616.056,1e-20,0.0,0.0,95.241,0.0,0.0,0.0,0.0,813.354,1.00049,-0.159822,0.711713,10.8246,0.0,0.0,0.0,0.0,0.0,,
0.00682598,7.74012e-08,102.391,615.699,1e-20,0.0,0.0,95.2637,0.0,0.0,0.0,0.0,813.354,1.00049,-0.157708,0.697384,10.8384,0.0,0.0,0.0,0.0,0.0,,
0.00682799,7.72819e-08,102.772,615.29,1e-20,0.0,0.0,95.2915,0.0,0.0,0.0,0.0,813.354,1.00049,-0.155028,0.682145,10.8522,0.0,0.0,0.0,0.0,0.0,,
0.00682995,8.22801e-08,103.215,614.825,1e-20,0.0,0.0,95.3136,0.0,0.0,0.0,0.0,813.354,1.00049,-0.151979,0.666381,10.8655,0.0,0.0,0.0,0.0,0.0,,
0.00683192,8.22742e-08,103.702,614.324,1e-20,0.0,0.0,95.3289,0.0,0.0,0.0,0.0,813.354,1.00049,-0.148541,0.649387,10.8791,0.0,0.0,0.0,0.0,0.0,,
0.00683399,7.69044e-08,104.191,613.822,1e-20,0.0,0.0,95.3407,0.0,0.0,0.0,0.0,813.354,1.00049,-0.144643,0.630557,10.8933,0.0,0.0,0.0,0.0,0.0,,
0.00683598,7.65614e-08,104.603,613.402,1e-20,0.0,0.0,95.3504,0.0,0.0,0.0,0.0,813.355,1.00049,-0.14064,0.611429,10.907,0.0,0.0,0.0,0.0,0.0,,
0.006838,8.13978e-08,104.95,613.05,1e-20,0.0,0.0,95.3549,0.0,0.0,0.0,0.0,813.355,1.00049,-0.136332,0.591325,10.9208,0.0,0.0,0.0,0.0,0.0,,
0.00683995,8.17973e-08,105.253,612.745,1e-20,0.0,0.0,95.3567,0.0,0.0,0.0,0.0,813.355,1.00049,-0.131863,0.571152,10.9342,0.0,0.0,0.0,0.0,0.0,,
0.00684196,7.71031e-08,105.609,612.387,1e-20,0.0,0.0,95.3593,0.0,0.0,0.0,0.0,813.356,1.00049,-0.12686,0.549836,10.948,0.0,0.0,0.0,0.0,0.0,,
0.00684397,7.74513e-08,106.048,611.944,1e-20,0.0,0.0,95.3645,0.0,0.0,0.0,0.0,813.356,1.00049,-0.121238,0.52773,10.9618,0.0,0.0,0.0,0.0,0.0,,
0.00684599,7.82442e-08,106.534,611.449,1e-20,0.0,0.0,95.3735,0.0,0.0,0.0,0.0,813.356,1.00049,-0.114889,0.504533,10.9756,0.0,0.0,0.0,0.0,0.0,,
0.00684797,8.32325e-08,106.908,611.061,1e-20,0.0,0.0,95.3869,0.0,0.0,0.0,0.0,813.356,1.00049,-0.108109,0.481182,10.9891,0.0,0.0,0.0,0.0,0.0,,
0.00684996,8.24668e-08,107.088,610.865,1e-20,0.0,0.0,95.4031,0.0,0.0,0.0,0.0,813.356,1.00049,-0.100727,0.456946,11.0028,0.0,0.0,0.0,0.0,0.0,,
0.00685193,8.19707e-08,107.112,610.828,1e-20,0.0,0.0,95.417,0.0,0.0,0.0,0.0,813.357,1.00049,-0.0930227,0.432338,11.0163,0.0,0.0,0.0,0.0,0.0,,
0.00685398,8.24863e-08,107.103,610.827,1e-20,0.0,0.0,95.4266,0.0,0.0,0.0,0.0,813.357,1.00049,-0.084916,0.40615,11.0303,0.0,0.0,0.0,0.0,0.0,,
0.00685597,8.28505e-08,107.128,610.795,1e-20,0.0,0.0,95.4336,0.0,0.0,0.0,0.0,813.357,1.00049,-0.0772523,0.380388,11.0439,0.0,0.0,0.0,0.0,0.0,,
0.00685796,8.28539e-08,107.215,610.702,1e-20,0.0,0.0,95.4397,0.0,0.0,0.0,0.0,813.357,1.00049,-0.069889,0.35428,11.0575,0.0,0.0,0.0,0.0,0.0,,
0.00686,7.76132e-08,107.409,610.503,1e-20,0.0,0.0,95.4444,0.0,0.0,0.0,0.0,813.357,1.00049,-0.0626505,0.327381,11.0715,0.0,0.0,0.0,0.0,0.0,,
0.00686193,7.71907e-08,107.649,610.261,1e-20,0.0,0.0,95.4476,0.0,0.0,0.0,0.0,813.357,1.00049,-0.0560454,0.301887,11.0847,0.0,0.0,0.0,0.0,0.0,,
0.00686394,7.71844e-08,107.82,610.082,1e-20,0.0,0.0,95.4557,0.0,0.0,0.0,0.0,813.357,1.00049,-0.0494878,0.275453,11.0985,0.0,0.0,0.0,0.0,0.0,,
0.00686595,7.75245e-08,107.829,610.052,1e-20,0.0,0.0,95.477,0.0,0.0,0.0,0.0,813.358,1.00049,-0.0433037,0.24899,11.1123,0.0,0.0,0.0,0.0,0.0,,
0.00686797,7.76815e-08,107.751,610.093,1e-20,0.0,0.0,95.5145,0.0,0.0,0.0,0.0,813.359,1.00049,-0.0375554,0.222623,11.1261,0.0,0.0,0.0,0.0,0.0,,
0.00686999,7.76398e-08,107.685,610.116,1e-20,0.0,0.0,95.5595,0.0,0.0,0.0,0.0,813.36,1.00049,-0.0322319,0.196602,11.14,0.0,0.0,0.0,0.0,0.0,,
0.00687193,7.78473e-08,107.639,610.121,1e-20,0.0,0.0,95.6006,0.0,0.0,0.0,0.0,813.361,1.0005,-0.0274992,0.171819,11.1533,0.0,0.0,0.0,0.0,0.0,,
0.00687396,7.79949e-08,107.546,610.176,1e-20,0.0,0.0,95.6389,0.0,0.0,0.0,0.0,813.362,1.0005,-0.0231429,0.145854,11.1672,0.0,0.0,0.0,0.0,0.0,,
0.00687593,8.26091e-08,107.367,610.322,1e-20,0.0,0.0,95.6725,0.0,0.0,0.0,0.0,813.362,1.0005,-0.0196784,0.120312,11.1808,0.0,0.0,0.0,0.0,0.0,,
0.00687799,8.17219e-08,107.124,610.537,1e-20,0.0,0.0,95.7011,0.0,0.0,0.0,0.0,813.362,1.0005,-0.0168484,0.0937705,11.1948,0.0,0.0,0.0,0.0,0.0,,
0.00687994,8.09819e-08,106.941,610.704,1e-20,0.0,0.0,95.7176,0.0,0.0,0.0,0.0,813.362,1.0005,-0.0148607,0.0687129,11.2081,0.0,0.0,0.0,0.0,0.0,,
0.00688196,8.08144e-08,106.857,610.784,1e-20,0.0,0.0,95.7207,0.0,0.0,0.0,0.0,813.362,1.0005,-0.0136041,0.0429251,11.2219,0.0,0.0,0.0,0.0,0.0,,
0.00688396,7.61619e-08,106.87,610.779,1e-20,0.0,0.0,95.7128,0.0,0.0,0.0,0.0,813.362,1.0005,-0.013342,0.0176656,11.2355,0.0,0.0,0.0,0.0,0.0,,
0.00688594,7.62337e-08,106.961,610.701,1e-20,0.0,0.0,95.6993,0.0,0.0,0.0,0.0,813.361,1.0005,-0.0141235,-0.00709402,11.249,0.0,0.0,0.0,0.0,0.0,,
0.00688793,7.66118e-08,107.091,610.587,1e-20,0.0,0.0,95.6839,0.0,0.0,0.0,0.0,813.361,1.0005,-0.0159461,-0.0314283,11.2625,0.0,0.0,0.0,0.0,0.0,,
0.00688993,7.73514e-08,107.229,610.461,1e-20,0.0,0.0,95.6698,0.0,0.0,0.0,0.0,813.361,1.0005,-0.0187852,-0.0552017,11.2761,0.0,0.0,0.0,0.0,0.0,,
0.00689195,7.78803e-08,107.322,610.382,1e-20,0.0,0.0,95.6569,0.0,0.0,0.0,0.0,813.36,1.0005,-0.022562,-0.0783175,11.2899,0.0,0.0,0.0,0.0,0.0,,
0.00689398,8.27756e-08,107.34,610.377,1e-20,0.0,0.0,95.6429,0.0,0.0,0.0,0.0,813.36,1.00049,-0.0271504,-0.100786,11.3037,0.0,0.0,0.0,0.0,0.0,,
0.00689596,8.24651e-08,107.328,610.403,1e-20,0.0,0.0,95.6289,0.0,0.0,0.0,0.0,813.36,1.00049,-0.0321961,-0.1221,11.3172,0.0,0.0,0.0,0.0,0.0,,
0.00689794,8.2209e-08,107.349,610.394,1e-20,0.0,0.0,95.6168,0.0,0.0,0.0,0.0,813.36,1.00049,-0.0375699,-0.142842,11.3306,0.0,0.0,0.0,0.0,0.0,,
0.00689999,7.75789e-08,107.492,610.26,1e-20,0.0,0.0,95.6085,0.0,0.0,0.0,0.0,813.36,1.00049,-0.0433675,-0.164001,11.3446,0.0,0.0,0.0,0.0,0.0,,
0.00690193,7.76583e-08,107.8,609.95,1e-20,0.0,0.0,95.6103,0.0,0.0,0.0,0.0,813.36,1.00049,-0.0489772,-0.183817,11.3579,0.0,0.0,0.0,0.0,0.0,,
0.00690395,8.22431e-08,108.279,609.458,1e-20,0.0,0.0,95.6233,0.0,0.0,0.0,0.0,813.361,1.0005,-0.0547773,-0.204289,11.3716,0.0,0.0,0.0,0.0,0.0,,
0.006906,8.18066e-08,108.853,608.865,1e-20,0.0,0.0,95.6429,0.0,0.0,0.0,0.0,813.361,1.0005,-0.0604678,-0.225054,11.3856,0.0,0.0,0.0,0.0,0.0,,
0.00690793,7.69702e-08,109.432,608.266,1e-20,0.0,0.0,95.6635,0.0,0.0,0.0,0.0,813.362,1.0005,-0.0656216,-0.244759,11.3988,0.0,0.0,0.0,0.0,0.0,,
0.00690994,7.74614e-08,110.062,607.616,1e-20,0.0,0.0,95.6844,0.0,0.0,0.0,0.0,813.362,1.0005,-0.0708586,-0.265434,11.4125,0.0,0.0,0.0,0.0,0.0,,
0.00691199,8.27791e-08,110.717,606.944,1e-20,0.0,0.0,95.7024,0.0,0.0,0.0,0.0,813.362,1.0005,-0.076235,-0.286728,11.4265,0.0,0.0,0.0,0.0,0.0,,
0.00691398,8.26987e-08,111.286,606.363,1e-20,0.0,0.0,95.7139,0.0,0.0,0.0,0.0,813.363,1.0005,-0.0815724,-0.307273,11.4401,0.0,0.0,0.0,0.0,0.0,,
0.00691596,7.75653e-08,111.725,605.914,1e-20,0.0,0.0,95.7232,0.0,0.0,0.0,0.0,813.363,1.0005,-0.0871674,-0.327556,11.4536,0.0,0.0,0.0,0.0,0.0,,
0.00691798,7.76917e-08,112.081,605.551,1e-20,0.0,0.0,95.7309,0.0,0.0,0.0,0.0,813.363,1.0005,-0.0931947,-0.348031,11.4673,0.0,0.0,0.0,0.0,0.0,,
0.00691992,7.7832e-08,112.423,605.2,1e-20,0.0,0.0,95.7404,0.0,0.0,0.0,0.0,813.363,1.0005,-0.0992548,-0.367658,11.4805,0.0,0.0,0.0,0.0,0.0,,
0.00692199,8.25333e-08,112.848,604.76,1e-20,0.0,0.0,95.755,0.0,0.0,0.0,0.0,813.363,1.0005,-0.105971,-0.388636,11.4946,0.0,0.0,0.0,0.0,0.0,,
0.00692397,8.23927e-08,113.309,604.287,1e-20,0.0,0.0,95.7676,0.0,0.0,0.0,0.0,813.364,1.0005,-0.112653,-0.40915,11.5081,0.0,0.0,0.0,0.0,0.0,,
0.00692594,8.22391e-08,113.759,603.829,1e-20,0.0,0.0,95.7771,0.0,0.0,0.0,0.0,813.364,1.0005,-0.119493,-0.430164,11.5215,0.0,0.0,0.0,0.0,0.0,,
0.00692797,7.71669e-08,114.16,603.418,1e-20,0.0,0.0,95.7861,0.0,0.0,0.0,0.0,813.365,1.0005,-0.126529,-0.452076,11.5353,0.0,0.0,0.0,0.0,0.0,,
0.00692997,7.68555e-08,114.506,603.062,1e-20,0.0,0.0,95.7981,0.0,0.0,0.0,0.0,813.365,1.0005,-0.133255,-0.473819,11.549,0.0,0.0,0.0,0.0,0.0,,
0.00693196,8.14989e-08,114.807,602.742,1e-20,0.0,0.0,95.817,0.0,0.0,0.0,0.0,813.366,1.0005,-0.139459,-0.495247,11.5625,0.0,0.0,0.0,0.0,0.0,,
0.00693393,7.6908e-08,115.061,602.463,1e-20,0.0,0.0,95.8426,0.0,0.0,0.0,0.0,813.367,1.0005,-0.14511,-0.516322,11.5759,0.0,0.0,0.0,0.0,0.0,,
0.00693593,7.71643e-08,115.259,602.235,1e-20,0.0,0.0,95.8729,0.0,0.0,0.0,0.0,813.367,1.0005,-0.150313,-0.537396,11.5896,0.0,0.0,0.0,0.0,0.0,,
0.00693794,8.22648e-08,115.401,602.062,1e-20,0.0,0.0,95.9052,0.0,0.0,0.0,0.0,813.368,1.0005,-0.154991,-0.558101,11.6032,0.0,0.0,0.0,0.0,0.0,,
0.00693992,8.23913e-08,115.51,601.926,1e-20,0.0,0.0,95.9326,0.0,0.0,0.0,0.0,813.368,1.0005,-0.15917,-0.577821,11.6167,0.0,0.0,0.0,0.0,0.0,,
0.00694198,8.23826e-08,115.653,601.765,1e-20,0.0,0.0,95.9506,0.0,0.0,0.0,0.0,813.368,1.0005,-0.163099,-0.597559,11.6306,0.0,0.0,0.0,0.0,0.0,,
0.00694397,7.76119e-08,115.854,601.553,1e-20,0.0,0.0,95.961,0.0,0.0,0.0,0.0,813.368,1.0005,-0.166429,-0.615826,11.6441,0.0,0.0,0.0,0.0,0.0,,
0.00694599,7.79242e-08,116.1,601.298,1e-20,0.0,0.0,95.9698,0.0,0.0,0.0,0.0,813.368,1.0005,-0.169431,-0.633804,11.6578,0.0,0.0,0.0,0.0,0.0,,
0.00694796,8.26591e-08,116.361,601.027,1e-20,0.0,0.0,95.9798,0.0,0.0,0.0,0.0,813.368,1.0005,-0.172048,-0.650903,11.6712,0.0,0.0,0.0,0.0,0.0,,
0.00694994,8.19329e-08,116.616,600.761,1e-20,0.0,0.0,95.9906,0.0,0.0,0.0,0.0,813.368,1.0005,-0.174456,-0.667752,11.6845,0.0,0.0,0.0,0.0,0.0,,
0.00695198,8.14268e-08,116.837,600.531,1e-20,0.0,0.0,95.9998,0.0,0.0,0.0,0.0,813.368,1.0005,-0.176771,-0.684972,11.6984,0.0,0.0,0.0,0.0,0.0,,
0.00695399,7.68289e-08,117.029,600.337,1e-20,0.0,0.0,96.0015,0.0,0.0,0.0,0.0,813.367,1.0005,-0.178871,-0.701775,11.712,0.0,0.0,0.0,0.0,0.0,,
0.006956,7.71312e-08,117.287,600.08,1e-20,0.0,0.0,96.0002,0.0,0.0,0.0,0.0,813.367,1.0005,-0.180804,-0.718049,11.7256,0.0,0.0,0.0,0.0,0.0,,
0.00695799,8.22482e-08,117.713,599.648,1e-20,0.0,0.0,96.0061,0.0,0.0,0.0,0.0,813.367,1.0005,-0.182614,-0.733649,11.7391,0.0,0.0,0.0,0.0,0.0,,
0.00695997,8.26759e-08,118.332,599.014,1e-20,0.0,0.0,96.0214,0.0,0.0,0.0,0.0,813.368,1.0005,-0.184309,-0.748296,11.7525,0.0,0.0,0.0,0.0,0.0,,
0.00696195,8.25028e-08,119.073,598.255,1e-20,0.0,0.0,96.0397,0.0,0.0,0.0,0.0,813.368,1.0005,-0.185974,-0.761964,11.7659,0.0,0.0,0.0,0.0,0.0,,
0.00696398,7.69739e-08,119.833,597.478,1e-20,0.0,0.0,96.0568,0.0,0.0,0.0,0.0,813.368,1.0005,-0.187769,-0.774857,11.7796,0.0,0.0,0.0,0.0,0.0,,
0.00696597,7.64399e-08,120.547,596.753,1e-20,0.0,0.0,96.0684,0.0,0.0,0.0,0.0,813.368,1.0005,-0.189674,-0.786627,11.7931,0.0,0.0,0.0,0.0,0.0,,
0.00696796,7.694e-08,121.223,596.071,1e-20,0.0,0.0,96.073,0.0,0.0,0.0,0.0,813.368,1.0005,-0.191539,-0.797686,11.8066,0.0,0.0,0.0,0.0,0.0,,
0.00696998,7.77268e-08,121.855,595.44,1e-20,0.0,0.0,96.0737,0.0,0.0,0.0,0.0,813.368,1.0005,-0.193053,-0.808351,11.8202,0.0,0.0,0.0,0.0,0.0,,
0.00697192,8.23412e-08,122.379,594.915,1e-20,0.0,0.0,96.0739,0.0,0.0,0.0,0.0,813.368,1.0005,-0.193933,-0.818416,11.8333,0.0,0.0,0.0,0.0,0.0,,
0.00697397,8.1718e-08,122.786,594.506,1e-20,0.0,0.0,96.075,0.0,0.0,0.0,0.0,813.368,1.0005,-0.194119,-0.828937,11.8472,0.0,0.0,0.0,0.0,0.0,,
0.00697593,8.17001e-08,123.018,594.272,1e-20,0.0,0.0,96.0777,0.0,0.0,0.0,0.0,813.368,1.0005,-0.193515,-0.839074,11.8604,0.0,0.0,0.0,0.0,0.0,,
0.00697792,7.72869e-08,123.142,594.141,1e-20,0.0,0.0,96.0844,0.0,0.0,0.0,0.0,813.368,1.0005,-0.192095,-0.849514,11.8738,0.0,0.0,0.0,0.0,0.0,,
0.00697993,7.71555e-08,123.191,594.079,1e-20,0.0,0.0,96.0969,0.0,0.0,0.0,0.0,813.368,1.0005,-0.1899,-0.860192,11.8874,0.0,0.0,0.0,0.0,0.0,,
0.00698196,8.17183e-08,123.184,594.069,1e-20,0.0,0.0,96.1146,0.0,0.0,0.0,0.0,813.368,1.0005,-0.187034,-0.871088,11.9011,0.0,0.0,0.0,0.0,0.0,,
0.00698392,8.19952e-08,123.131,594.108,1e-20,0.0,0.0,96.1288,0.0,0.0,0.0,0.0,813.368,1.0005,-0.183768,-0.881865,11.9143,0.0,0.0,0.0,0.0,0.0,,
0.00698595,7.73822e-08,123.06,594.17,1e-20,0.0,0.0,96.1378,0.0,0.0,0.0,0.0,813.368,1.0005,-0.180078,-0.893332,11.928,0.0,0.0,0.0,0.0,0.0,,
0.00698797,7.76102e-08,123.02,594.199,1e-20,0.0,0.0,96.1495,0.0,0.0,0.0,0.0,813.368,1.0005,-0.176292,-0.905026,11.9416,0.0,0.0,0.0,0.0,0.0,,
0.00698999,7.77767e-08,122.98,594.223,1e-20,0.0,0.0,96.1652,0.0,0.0,0.0,0.0,813.368,1.0005,-0.17251,-0.916914,11.9552,0.0,0.0,0.0,0.0,0.0,,
0.00699195,8.26114e-08,122.884,594.306,1e-20,0.0,0.0,96.178,0.0,0.0,0.0,0.0,813.368,1.0005,-0.168943,-0.928417,11.9684,0.0,0.0,0.0,0.0,0.0,,
0.00699393,8.23104e-08,122.74,594.444,1e-20,0.0,0.0,96.1844,0.0,0.0,0.0,0.0,813.368,1.0005,-0.165482,-0.939755,11.9818,0.0,0.0,0.0,0.0,0.0,,
0.00699598,8.18272e-08,122.644,594.54,1e-20,0.0,0.0,96.1849,0.0,0.0,0.0,0.0,813.368,1.0005,-0.162021,-0.951127,11.9956,0.0,0.0,0.0,0.0,0.0,,
0.00699794,8.09563e-08,122.663,594.522,1e-20,0.0,0.0,96.183,0.0,0.0,0.0,0.0,813.368,1.0005,-0.158856,-0.961611,12.0087,0.0,0.0,0.0,0.0,0.0,,
0.00699995,8.02645e-08,122.704,594.484,1e-20,0.0,0.0,96.1799,0.0,0.0,0.0,0.0,813.368,1.0005,-0.155833,-0.972169,12.0223,0.0,0.0,0.0,0.0,0.0,,
0.00700196,7.61405e-08,122.638,594.555,1e-20,0.0,0.0,96.1755,0.0,0.0,0.0,0.0,813.368,1.0005,-0.153183,-0.98261,12.0358,0.0,0.0,0.0,0.0,0.0,,
0.00700396,7.75987e-08,122.445,594.751,1e-20,0.0,0.0,96.1725,0.0,0.0,0.0,0.0,813.368,1.0005,-0.150964,-0.992916,12.0492,0.0,0.0,0.0,0.0,0.0,,
0.00700599,7.8512e-08,122.19,595.008,1e-20,0.0,0.0,96.1707,0.0,0.0,0.0,0.0,813.368,1.0005,-0.149099,-1.00336,12.0629,0.0,0.0,0.0,0.0,0.0,,
0.00700794,8.27803e-08,121.941,595.258,1e-20,0.0,0.0,96.1692,0.0,0.0,0.0,0.0,813.368,1.0005,-0.147602,-1.01341,12.076,0.0,0.0,0.0,0.0,0.0,,
0.00700992,8.22246e-08,121.684,595.515,1e-20,0.0,0.0,96.1693,0.0,0.0,0.0,0.0,813.368,1.0005,-0.146268,-1.02368,12.0893,0.0,0.0,0.0,0.0,0.0,,
0.00701194,7.76679e-08,121.409,595.787,1e-20,0.0,0.0,96.1724,0.0,0.0,0.0,0.0,813.369,1.00051,-0.144886,-1.03435,12.1028,0.0,0.0,0.0,0.0,0.0,,
0.00701396,7.7918e-08,121.094,596.097,1e-20,0.0,0.0,96.1782,0.0,0.0,0.0,0.0,813.369,1.00051,-0.143264,-1.04544,12.1164,0.0,0.0,0.0,0.0,0.0,,
0.00701598,8.23182e-08,120.739,596.445,1e-20,0.0,0.0,96.1849,0.0,0.0,0.0,0.0,813.369,1.00051,-0.141256,-1.05705,12.1299,0.0,0.0,0.0,0.0,0.0,,
0.00701794,8.17846e-08,120.388,596.789,1e-20,0.0,0.0,96.1914,0.0,0.0,0.0,0.0,813.369,1.00051,-0.138866,-1.06904,12.1431,0.0,0.0,0.0,0.0,0.0,,
0.00701996,7.69395e-08,120.056,597.114,1e-20,0.0,0.0,96.1992,0.0,0.0,0.0,0.0,813.369,1.00051,-0.136087,-1.08196,12.1566,0.0,0.0,0.0,0.0,0.0,,
0.00702196,7.70451e-08,119.808,597.35,1e-20,0.0,0.0,96.2112,0.0,0.0,0.0,0.0,813.369,1.00051,-0.133264,-1.09529,12.1701,0.0,0.0,0.0,0.0,0.0,,
0.00702397,7.73115e-08,119.732,597.412,1e-20,0.0,0.0,96.2261,0.0,0.0,0.0,0.0,813.369,1.00051,-0.130709,-1.10891,12.1835,0.0,0.0,0.0,0.0,0.0,,
0.00702592,8.20682e-08,119.864,597.266,1e-20,0.0,0.0,96.2392,0.0,0.0,0.0,0.0,813.37,1.00051,-0.128709,-1.12216,12.1966,0.0,0.0,0.0,0.0,0.0,,
0.00702794,7.73161e-08,120.142,596.977,1e-20,0.0,0.0,96.2514,0.0,0.0,0.0,0.0,813.37,1.00051,-0.127203,-1.13574,12.2102,0.0,0.0,0.0,0.0,0.0,,
0.00702995,7.75617e-08,120.433,596.674,1e-20,0.0,0.0,96.2635,0.0,0.0,0.0,0.0,813.37,1.00051,-0.126168,-1.149,12.2237,0.0,0.0,0.0,0.0,0.0,,
0.00703197,7.78295e-08,120.649,596.446,1e-20,0.0,0.0,96.2754,0.0,0.0,0.0,0.0,813.37,1.00051,-0.125429,-1.16206,12.2372,0.0,0.0,0.0,0.0,0.0,,
0.00703395,8.23404e-08,120.811,596.274,1e-20,0.0,0.0,96.2852,0.0,0.0,0.0,0.0,813.371,1.00051,-0.124906,-1.17459,12.2504,0.0,0.0,0.0,0.0,0.0,,
0.007036,8.18583e-08,121.014,596.062,1e-20,0.0,0.0,96.2949,0.0,0.0,0.0,0.0,813.371,1.00051,-0.124542,-1.1875,12.2641,0.0,0.0,0.0,0.0,0.0,,
0.00703794,7.71376e-08,121.241,595.824,1e-20,0.0,0.0,96.3061,0.0,0.0,0.0,0.0,813.372,1.00051,-0.124358,-1.1995,12.2771,0.0,0.0,0.0,0.0,0.0,,
0.00703995,7.72298e-08,121.442,595.611,1e-20,0.0,0.0,96.3189,0.0,0.0,0.0,0.0,813.372,1.00051,-0.124244,-1.21155,12.2905,0.0,0.0,0.0,0.0,0.0,,
0.00704198,8.16932e-08,121.615,595.425,1e-20,0.0,0.0,96.3315,0.0,0.0,0.0,0.0,813.372,1.00051,-0.124111,-1.22331,12.3041,0.0,0.0,0.0,0.0,0.0,,
0.00704393,8.09551e-08,121.83,595.197,1e-20,0.0,0.0,96.3449,0.0,0.0,0.0,0.0,813.372,1.00051,-0.123921,-1.23422,12.3172,0.0,0.0,0.0,0.0,0.0,,
0.00704598,7.62293e-08,122.141,594.868,1e-20,0.0,0.0,96.3628,0.0,0.0,0.0,0.0,813.372,1.00051,-0.123604,-1.24548,12.3308,0.0,0.0,0.0,0.0,0.0,,
0.00704797,7.7107e-08,122.472,594.517,1e-20,0.0,0.0,96.3829,0.0,0.0,0.0,0.0,813.372,1.00051,-0.123109,-1.25635,12.3441,0.0,0.0,0.0,0.0,0.0,,
0.00704999,7.79259e-08,122.791,594.175,1e-20,0.0,0.0,96.4066,0.0,0.0,0.0,0.0,813.372,1.00051,-0.122404,-1.2673,12.3576,0.0,0.0,0.0,0.0,0.0,,
0.00705193,8.29082e-08,123.1,593.841,1e-20,0.0,0.0,96.4303,0.0,0.0,0.0,0.0,813.372,1.00051,-0.121609,-1.27764,12.3705,0.0,0.0,0.0,0.0,0.0,,
0.007054,8.23902e-08,123.455,593.466,1e-20,0.0,0.0,96.451,0.0,0.0,0.0,0.0,813.372,1.00051,-0.120752,-1.28821,12.3843,0.0,0.0,0.0,0.0,0.0,,
0.007056,7.71129e-08,123.84,593.068,1e-20,0.0,0.0,96.4647,0.0,0.0,0.0,0.0,813.373,1.00051,-0.119984,-1.29784,12.3976,0.0,0.0,0.0,0.0,0.0,,
0.00705793,8.18638e-08,124.26,592.641,1e-20,0.0,0.0,96.4723,0.0,0.0,0.0,0.0,813.373,1.00051,-0.119361,-1.3065,12.4105,0.0,0.0,0.0,0.0,0.0,,
0.00705998,8.21538e-08,124.739,592.158,1e-20,0.0,0.0,96.4756,0.0,0.0,0.0,0.0,813.373,1.00051,-0.118805,-1.31494,12.4241,0.0,0.0,0.0,0.0,0.0,,
0.00706195,8.20312e-08,125.211,591.682,1e-20,0.0,0.0,96.4794,0.0,0.0,0.0,0.0,813.373,1.00051,-0.118281,-1.32229,12.4372,0.0,0.0,0.0,0.0,0.0,,
0.00706396,7.69537e-08,125.709,591.175,1e-20,0.0,0.0,96.4884,0.0,0.0,0.0,0.0,813.373,1.00051,-0.117586,-1.32893,12.4506,0.0,0.0,0.0,0.0,0.0,,
0.00706596,7.73013e-08,126.209,590.663,1e-20,0.0,0.0,96.5018,0.0,0.0,0.0,0.0,813.373,1.00051,-0.116602,-1.33458,12.4639,0.0,0.0,0.0,0.0,0.0,,
0.00706793,8.26024e-08,126.628,590.228,1e-20,0.0,0.0,96.5171,0.0,0.0,0.0,0.0,813.374,1.00051,-0.115241,-1.33913,12.477,0.0,0.0,0.0,0.0,0.0,,
0.00706999,8.23868e-08,126.921,589.919,1e-20,0.0,0.0,96.5334,0.0,0.0,0.0,0.0,813.374,1.00051,-0.113347,-1.34283,12.4907,0.0,0.0,0.0,0.0,0.0,,
0.00707194,7.72913e-08,127.065,589.761,1e-20,0.0,0.0,96.5478,0.0,0.0,0.0,0.0,813.374,1.00051,-0.11113,-1.34542,12.5037,0.0,0.0,0.0,0.0,0.0,,
0.00707396,7.76091e-08,127.149,589.664,1e-20,0.0,0.0,96.5612,0.0,0.0,0.0,0.0,813.374,1.00051,-0.108447,-1.34735,12.5171,0.0,0.0,0.0,0.0,0.0,,
0.00707595,8.26248e-08,127.234,589.567,1e-20,0.0,0.0,96.5738,0.0,0.0,0.0,0.0,813.374,1.00051,-0.105474,-1.34872,12.5303,0.0,0.0,0.0,14116.0,0.0,,
0.00707793,8.19456e-08,127.293,589.458,1e-20,0.0,0.0,96.6238,0.0,0.0,0.0,0.0,813.375,1.00051,-0.102355,-1.34969,12.5434,0.0,0.0,0.0,0.0,0.0,,
0.00707996,8.11785e-08,127.25,589.365,1e-20,0.0,0.0,96.7593,0.0,0.0,0.0,0.0,813.375,1.00051,-0.0990515,-1.35032,12.5569,0.0,0.0,0.0,0.0,0.0,,
0.00708198,7.65755e-08,127.362,589.227,1e-20,0.0,0.0,96.7855,0.0,0.0,0.0,0.0,813.375,1.00051,-0.0956146,-1.35053,12.5702,0.0,0.0,0.0,0.0,0.0,,
0.00708398,7.73067e-08,127.727,588.926,1e-20,0.0,0.0,96.7225,0.0,0.0,0.0,0.0,813.375,1.00051,-0.0918764,-1.35018,12.5834,0.0,0.0,0.0,0.0,0.0,,
0.00708594,8.23614e-08,128.085,588.616,1e-20,0.0,0.0,96.6735,0.0,0.0,0.0,0.0,813.374,1.00051,-0.0877457,-1.34917,12.5963,0.0,0.0,0.0,0.0,0.0,,
0.00708799,8.18625e-08,128.414,588.311,1e-20,0.0,0.0,96.6504,0.0,0.0,0.0,0.0,813.374,1.00051,-0.0827721,-1.34724,12.6099,0.0,0.0,0.0,0.0,0.0,,
0.00708995,7.65813e-08,128.623,588.104,1e-20,0.0,0.0,96.6481,0.0,0.0,0.0,0.0,813.375,1.00051,-0.0773429,-1.34452,12.6229,0.0,0.0,0.0,0.0,0.0,,
0.00709194,7.67259e-08,128.694,588.022,1e-20,0.0,0.0,96.6584,0.0,0.0,0.0,0.0,813.375,1.00051,-0.0711124,-1.34092,12.636,0.0,0.0,0.0,0.0,0.0,,
0.00709394,7.74629e-08,128.643,588.057,1e-20,0.0,0.0,96.6747,0.0,0.0,0.0,0.0,813.375,1.00051,-0.064204,-1.3365,12.6493,0.0,0.0,0.0,0.0,0.0,,
0.00709598,8.26069e-08,128.484,588.199,1e-20,0.0,0.0,96.6923,0.0,0.0,0.0,0.0,813.375,1.00051,-0.0566801,-1.33128,12.6627,0.0,0.0,0.0,0.0,0.0,,
0.00709796,8.231e-08,128.361,588.315,1e-20,0.0,0.0,96.6994,0.0,0.0,0.0,0.0,813.376,1.00051,-0.0490692,-1.32564,12.6757,0.0,0.0,0.0,0.0,0.0,,
0.0071,7.73119e-08,128.255,588.418,1e-20,0.0,0.0,96.7031,0.0,0.0,0.0,0.0,813.376,1.00051,-0.041159,-1.31943,12.6892,0.0,0.0,0.0,0.0,0.0,,
0.00710195,8.23886e-08,128.141,588.522,1e-20,0.0,0.0,96.7121,0.0,0.0,0.0,0.0,813.376,1.00051,-0.0336683,-1.31325,12.7021,0.0,0.0,0.0,0.0,0.0,,
0.00710393,8.26342e-08,127.921,588.715,1e-20,0.0,0.0,96.74,0.0,0.0,0.0,0.0,813.376,1.00051,-0.0262174,-1.30685,12.7151,0.0,0.0,0.0,0.0,0.0,,
0.00710599,8.22459e-08,127.621,588.96,1e-20,0.0,0.0,96.7957,0.0,0.0,0.0,0.0,813.376,1.00051,-0.0185819,-1.30012,12.7287,0.0,0.0,0.0,0.0,0.0,,
0.00710795,7.67905e-08,127.408,589.162,1e-20,0.0,0.0,96.8057,0.0,0.0,0.0,0.0,813.376,1.00051,-0.0114218,-1.29375,12.7416,0.0,0.0,0.0,0.0,0.0,,
0.00710994,7.66305e-08,127.392,589.198,1e-20,0.0,0.0,96.7867,0.0,0.0,0.0,0.0,813.377,1.00051,-0.00422747,-1.28737,12.7547,0.0,0.0,0.0,0.0,0.0,,
0.00711194,7.6933e-08,127.496,589.113,1e-20,0.0,0.0,96.7678,0.0,0.0,0.0,0.0,813.377,1.00052,0.00280205,-1.28102,12.7678,0.0,0.0,0.0,0.0,0.0,,
0.00711395,8.16478e-08,127.695,588.923,1e-20,0.0,0.0,96.7592,0.0,0.0,0.0,0.0,813.377,1.00052,0.00956892,-1.27449,12.781,0.0,0.0,0.0,0.0,0.0,,
0.00711599,7.67493e-08,127.986,588.634,1e-20,0.0,0.0,96.7573,0.0,0.0,0.0,0.0,813.377,1.00052,0.0161299,-1.26746,12.7944,0.0,0.0,0.0,0.0,0.0,,
0.00711799,7.72159e-08,128.348,588.276,1e-20,0.0,0.0,96.7538,0.0,0.0,0.0,0.0,813.378,1.00052,0.0222615,-1.26009,12.8076,0.0,0.0,0.0,0.0,0.0,,
0.00711993,7.79667e-08,128.81,587.816,1e-20,0.0,0.0,96.7514,0.0,0.0,0.0,0.0,813.378,1.00052,0.0279813,-1.25244,12.8203,0.0,0.0,0.0,0.0,0.0,,
0.00712193,8.28571e-08,129.298,587.323,1e-20,0.0,0.0,96.7568,0.0,0.0,0.0,0.0,813.378,1.00052,0.0336784,-1.24403,12.8334,0.0,0.0,0.0,0.0,0.0,,
0.007124,8.21781e-08,129.799,586.81,1e-20,0.0,0.0,96.7693,0.0,0.0,0.0,0.0,813.378,1.00052,0.0393271,-1.23492,12.847,0.0,0.0,0.0,0.0,0.0,,
0.00712596,8.1767e-08,130.224,586.374,1e-20,0.0,0.0,96.7811,0.0,0.0,0.0,0.0,813.378,1.00052,0.0445976,-1.22583,12.8598,0.0,0.0,0.0,0.0,0.0,,
0.00712793,8.17707e-08,130.634,585.951,1e-20,0.0,0.0,96.7936,0.0,0.0,0.0,0.0,813.379,1.00052,0.0498671,-1.21639,12.8727,0.0,0.0,0.0,0.0,0.0,,
0.00712997,8.17275e-08,130.987,585.584,1e-20,0.0,0.0,96.8081,0.0,0.0,0.0,0.0,813.379,1.00052,0.0553922,-1.20609,12.886,0.0,0.0,0.0,0.0,0.0,,
0.00713193,7.64847e-08,131.172,585.386,1e-20,0.0,0.0,96.8208,0.0,0.0,0.0,0.0,813.379,1.00052,0.0607427,-1.19586,12.8988,0.0,0.0,0.0,0.0,0.0,,
0.00713399,7.60008e-08,131.112,585.438,1e-20,0.0,0.0,96.8294,0.0,0.0,0.0,0.0,813.379,1.00052,0.0664363,-1.18497,12.9123,0.0,0.0,0.0,0.0,0.0,,
0.00713596,7.62946e-08,130.869,585.656,1e-20,0.0,0.0,96.8538,0.0,0.0,0.0,0.0,813.379,1.00052,0.0719265,-1.17454,12.9252,0.0,0.0,0.0,14116.0,0.0,,
0.00713796,7.71263e-08,130.531,585.934,1e-20,0.0,0.0,96.9132,0.0,0.0,0.0,0.0,813.379,1.00052,0.0774054,-1.16414,12.9382,0.0,0.0,0.0,0.0,0.0,,
0.00713997,7.78316e-08,130.3,586.171,1e-20,0.0,0.0,96.9075,0.0,0.0,0.0,0.0,813.379,1.00052,0.0828191,-1.1538,12.9513,0.0,0.0,0.0,0.0,0.0,,
0.00714193,8.2724e-08,130.257,586.232,1e-20,0.0,0.0,96.889,0.0,0.0,0.0,0.0,813.379,1.00052,0.0879294,-1.14394,12.964,0.0,0.0,0.0,0.0,0.0,,
0.00714399,8.23883e-08,130.405,586.085,1e-20,0.0,0.0,96.8886,0.0,0.0,0.0,0.0,813.379,1.00052,0.0931431,-1.13363,12.9775,0.0,0.0,0.0,0.0,0.0,,
0.00714597,8.20583e-08,130.704,585.787,1e-20,0.0,0.0,96.8878,0.0,0.0,0.0,0.0,813.379,1.00052,0.0979656,-1.12362,12.9903,0.0,0.0,0.0,0.0,0.0,,
0.00714793,8.18366e-08,131.154,585.335,1e-20,0.0,0.0,96.8899,0.0,0.0,0.0,0.0,813.379,1.00052,0.102658,-1.11335,13.0031,0.0,0.0,0.0,0.0,0.0,,
0.00715,7.69037e-08,131.759,584.723,1e-20,0.0,0.0,96.8967,0.0,0.0,0.0,0.0,813.379,1.00052,0.107523,-1.10217,13.0165,0.0,0.0,0.0,0.0,0.0,,
0.007152,8.18404e-08,132.319,584.148,1e-20,0.0,0.0,96.913,0.0,0.0,0.0,0.0,813.379,1.00052,0.112244,-1.09094,13.0295,0.0,0.0,0.0,0.0,0.0,,
0.00715396,7.80886e-08,132.705,583.726,1e-20,0.0,0.0,96.9482,0.0,0.0,0.0,0.0,813.379,1.00052,0.116916,-1.07969,13.0423,0.0,0.0,0.0,0.0,0.0,,
0.00715592,7.8316e-08,132.964,583.457,1e-20,0.0,0.0,96.9579,0.0,0.0,0.0,0.0,813.38,1.00052,0.121606,-1.06848,13.055,0.0,0.0,0.0,0.0,0.0,,
0.00715797,8.13642e-08,133.114,583.3,1e-20,0.0,0.0,96.966,0.0,0.0,0.0,0.0,813.38,1.00052,0.126578,-1.05707,13.0682,0.0,0.0,0.0,0.0,0.0,,
0.00715998,8.04996e-08,133.178,583.218,1e-20,0.0,0.0,96.9852,0.0,0.0,0.0,0.0,813.38,1.00052,0.131658,-1.04639,13.0813,0.0,0.0,0.0,0.0,0.0,,
0.00716192,7.71059e-08,133.242,583.129,1e-20,0.0,0.0,97.0098,0.0,0.0,0.0,0.0,813.381,1.00052,0.136793,-1.0369,13.0939,0.0,0.0,0.0,0.0,0.0,,
0.00716394,7.76369e-08,133.324,583.017,1e-20,0.0,0.0,97.041,0.0,0.0,0.0,0.0,813.382,1.00052,0.142412,-1.02801,13.107,0.0,0.0,0.0,0.0,0.0,,
0.00716596,8.22368e-08,133.457,582.852,1e-20,0.0,0.0,97.0733,0.0,0.0,0.0,0.0,813.383,1.00052,0.148315,-1.02002,13.1201,0.0,0.0,0.0,0.0,0.0,,
0.00716794,8.20898e-08,133.71,582.572,1e-20,0.0,0.0,97.1023,0.0,0.0,0.0,0.0,813.383,1.00052,0.154198,-1.01287,13.1329,0.0,0.0,0.0,0.0,0.0,,
0.00716998,8.11634e-08,133.971,582.283,1e-20,0.0,0.0,97.1301,0.0,0.0,0.0,0.0,813.384,1.00052,0.160393,-1.00587,13.1461,0.0,0.0,0.0,0.0,0.0,,
0.00717197,7.56164e-08,134.168,582.067,1e-20,0.0,0.0,97.15,0.0,0.0,0.0,0.0,813.385,1.00052,0.166437,-0.999286,13.159,0.0,0.0,0.0,14116.0,0.0,,
0.00717395,7.66391e-08,134.341,581.879,1e-20,0.0,0.0,97.1649,0.0,0.0,0.0,0.0,813.385,1.00053,0.172234,-0.992891,13.1717,0.0,0.0,0.0,0.0,0.0,,
0.00717597,8.28274e-08,134.531,581.674,1e-20,0.0,0.0,97.181,0.0,0.0,0.0,0.0,813.386,1.00053,0.177804,-0.986344,13.1848,0.0,0.0,0.0,14116.0,0.0,,
0.00717796,8.20699e-08,134.733,581.452,1e-20,0.0,0.0,97.2016,0.0,0.0,0.0,0.0,813.386,1.00053,0.182839,-0.979928,13.1976,0.0,0.0,0.0,0.0,0.0,,
0.00717996,7.61447e-08,134.943,581.215,1e-20,0.0,0.0,97.2279,0.0,0.0,0.0,0.0,813.386,1.00053,0.187451,-0.973534,13.2105,0.0,0.0,0.0,0.0,0.0,,
0.00718195,7.72311e-08,135.22,580.915,1e-20,0.0,0.0,97.2517,0.0,0.0,0.0,0.0,813.387,1.00053,0.191392,-0.967387,13.2233,0.0,0.0,0.0,0.0,0.0,,
0.00718394,8.35694e-08,135.514,580.608,1e-20,0.0,0.0,97.2653,0.0,0.0,0.0,0.0,813.387,1.00053,0.194598,-0.961429,13.2361,0.0,0.0,0.0,0.0,0.0,,
0.00718594,8.25894e-08,135.779,580.328,1e-20,0.0,0.0,97.2795,0.0,0.0,0.0,0.0,813.387,1.00053,0.19715,-0.955565,13.2489,0.0,0.0,0.0,0.0,0.0,,
0.00718798,8.14401e-08,136.01,580.071,1e-20,0.0,0.0,97.3067,0.0,0.0,0.0,0.0,813.387,1.00053,0.19923,-0.949617,13.2621,0.0,0.0,0.0,0.0,0.0,,
0.00718992,7.72645e-08,136.225,579.835,1e-20,0.0,0.0,97.3269,0.0,0.0,0.0,0.0,813.387,1.00053,0.200794,-0.943965,13.2745,0.0,0.0,0.0,0.0,0.0,,
0.00719193,7.70165e-08,136.437,579.612,1e-20,0.0,0.0,97.3389,0.0,0.0,0.0,0.0,813.387,1.00053,0.202001,-0.938097,13.2874,0.0,0.0,0.0,0.0,0.0,,
0.00719393,8.07547e-08,136.698,579.341,1e-20,0.0,0.0,97.3476,0.0,0.0,0.0,0.0,813.387,1.00053,0.20281,-0.93226,13.3001,0.0,0.0,0.0,0.0,0.0,,
0.00719595,8.07058e-08,137.111,578.92,1e-20,0.0,0.0,97.3554,0.0,0.0,0.0,0.0,813.387,1.00053,0.203122,-0.926463,13.313,0.0,0.0,0.0,0.0,0.0,,
0.00719793,7.7132e-08,137.648,578.38,1e-20,0.0,0.0,97.359,0.0,0.0,0.0,0.0,813.387,1.00053,0.202825,-0.920928,13.3257,0.0,0.0,0.0,0.0,0.0,,
0.00719995,7.76563e-08,138.184,577.842,1e-20,0.0,0.0,97.3606,0.0,0.0,0.0,0.0,813.386,1.00053,0.201925,-0.915376,13.3385,0.0,0.0,0.0,0.0,0.0,,
0.00720196,8.22291e-08,138.576,577.459,1e-20,0.0,0.0,97.3515,0.0,0.0,0.0,0.0,813.386,1.00053,0.200442,-0.909689,13.3513,0.0,0.0,0.0,0.0,0.0,,
0.00720393,8.21237e-08,138.778,577.265,1e-20,0.0,0.0,97.3435,0.0,0.0,0.0,0.0,813.386,1.00053,0.198666,-0.90386,13.3639,0.0,0.0,0.0,0.0,0.0,,
0.00720598,8.18165e-08,138.951,577.094,1e-20,0.0,0.0,97.3408,0.0,0.0,0.0,0.0,813.386,1.00053,0.196783,-0.897556,13.3769,0.0,0.0,0.0,0.0,0.0,,
0.00720793,7.69895e-08,139.194,576.848,1e-20,0.0,0.0,97.3432,0.0,0.0,0.0,0.0,813.385,1.00053,0.195164,-0.89132,13.3893,0.0,0.0,0.0,0.0,0.0,,
0.00720993,8.24135e-08,139.544,576.489,1e-20,0.0,0.0,97.3529,0.0,0.0,0.0,0.0,813.386,1.00053,0.193829,-0.884561,13.402,0.0,0.0,0.0,0.0,0.0,,
0.00721192,8.32041e-08,139.997,576.016,1e-20,0.0,0.0,97.3721,0.0,0.0,0.0,0.0,813.385,1.00053,0.192983,-0.877522,13.4147,0.0,0.0,0.0,0.0,0.0,,
0.00721396,7.75026e-08,140.48,575.51,1e-20,0.0,0.0,97.3965,0.0,0.0,0.0,0.0,813.386,1.00053,0.192604,-0.869947,13.4276,0.0,0.0,0.0,0.0,0.0,,
0.00721596,7.63943e-08,140.865,575.099,1e-20,0.0,0.0,97.4212,0.0,0.0,0.0,0.0,813.386,1.00053,0.19265,-0.862208,13.4403,0.0,0.0,0.0,0.0,0.0,,
0.00721794,8.14316e-08,141.148,574.791,1e-20,0.0,0.0,97.4469,0.0,0.0,0.0,0.0,813.386,1.00053,0.193051,-0.854386,13.4529,0.0,0.0,0.0,0.0,0.0,,
0.00721999,8.20566e-08,141.374,574.539,1e-20,0.0,0.0,97.4733,0.0,0.0,0.0,0.0,813.386,1.00053,0.193761,-0.846368,13.4658,0.0,0.0,0.0,0.0,0.0,,
0.00722195,8.13459e-08,141.589,574.301,1e-20,0.0,0.0,97.4969,0.0,0.0,0.0,0.0,813.387,1.00053,0.194672,-0.838803,13.4783,0.0,0.0,0.0,0.0,0.0,,
0.00722395,7.58228e-08,141.906,573.963,1e-20,0.0,0.0,97.5174,0.0,0.0,0.0,0.0,813.387,1.00053,0.195738,-0.831335,13.4909,0.0,0.0,0.0,0.0,0.0,,
0.00722596,8.08454e-08,142.362,573.49,1e-20,0.0,0.0,97.5343,0.0,0.0,0.0,0.0,813.387,1.00053,0.19685,-0.82412,13.5036,0.0,0.0,0.0,0.0,0.0,,
0.00722799,8.14285e-08,142.925,572.915,1e-20,0.0,0.0,97.5473,0.0,0.0,0.0,0.0,813.387,1.00053,0.19801,-0.817085,13.5164,0.0,0.0,0.0,0.0,0.0,,
0.00722994,8.17317e-08,143.497,572.334,1e-20,0.0,0.0,97.5557,0.0,0.0,0.0,0.0,813.387,1.00053,0.199144,-0.81055,13.5287,0.0,0.0,0.0,0.0,0.0,,
0.00723197,7.7379e-08,144.015,571.81,1e-20,0.0,0.0,97.5618,0.0,0.0,0.0,0.0,813.387,1.00053,0.200403,-0.804055,13.5415,0.0,0.0,0.0,0.0,0.0,,
0.00723399,7.78035e-08,144.494,571.327,1e-20,0.0,0.0,97.566,0.0,0.0,0.0,0.0,813.387,1.00053,0.201872,-0.797922,13.5542,0.0,0.0,0.0,0.0,0.0,,
0.00723593,8.25301e-08,144.938,570.886,1e-20,0.0,0.0,97.5624,0.0,0.0,0.0,0.0,813.387,1.00053,0.203525,-0.79231,13.5664,0.0,0.0,0.0,0.0,0.0,,
0.00723798,8.2007e-08,145.413,570.421,1e-20,0.0,0.0,97.5527,0.0,0.0,0.0,0.0,813.386,1.00053,0.205475,-0.786562,13.5793,0.0,0.0,0.0,0.0,0.0,,
0.00723993,7.70434e-08,145.837,569.998,1e-20,0.0,0.0,97.5514,0.0,0.0,0.0,0.0,813.387,1.00053,0.207532,-0.781153,13.5915,0.0,0.0,0.0,0.0,0.0,,
0.00724194,7.70211e-08,146.222,569.594,1e-20,0.0,0.0,97.5703,0.0,0.0,0.0,0.0,813.387,1.00053,0.20983,-0.775394,13.6041,0.0,0.0,0.0,0.0,0.0,,
0.00724394,8.21087e-08,146.467,569.295,1e-20,0.0,0.0,97.6242,0.0,0.0,0.0,0.0,813.387,1.00053,0.212185,-0.76946,13.6167,0.0,0.0,0.0,0.0,0.0,,
0.007246,8.22533e-08,146.557,569.182,1e-20,0.0,0.0,97.6475,0.0,0.0,0.0,0.0,813.387,1.00053,0.214536,-0.763439,13.6295,0.0,0.0,0.0,0.0,0.0,,
0.00724797,8.17321e-08,146.543,569.205,1e-20,0.0,0.0,97.6385,0.0,0.0,0.0,0.0,813.387,1.00053,0.216628,-0.757911,13.6418,0.0,0.0,0.0,0.0,0.0,,
0.00724993,7.63462e-08,146.424,569.35,1e-20,0.0,0.0,97.6135,0.0,0.0,0.0,0.0,813.387,1.00053,0.218539,-0.752819,13.6541,0.0,0.0,0.0,0.0,0.0,,
0.00725194,8.09958e-08,146.262,569.532,1e-20,0.0,0.0,97.5931,0.0,0.0,0.0,0.0,813.387,1.00053,0.220392,-0.74826,13.6666,0.0,0.0,0.0,0.0,0.0,,
0.00725397,8.15422e-08,146.103,569.707,1e-20,0.0,0.0,97.5768,0.0,0.0,0.0,0.0,813.387,1.00053,0.222287,-0.744428,13.6793,0.0,0.0,0.0,0.0,0.0,,
0.00725596,7.6831e-08,146.018,569.797,1e-20,0.0,0.0,97.5717,0.0,0.0,0.0,0.0,813.387,1.00053,0.224293,-0.741378,13.6917,0.0,0.0,0.0,0.0,0.0,,
0.00725796,7.67101e-08,146.051,569.758,1e-20,0.0,0.0,97.578,0.0,0.0,0.0,0.0,813.387,1.00053,0.226575,-0.738857,13.7042,0.0,0.0,0.0,0.0,0.0,,
0.00725995,7.70238e-08,146.142,569.655,1e-20,0.0,0.0,97.5903,0.0,0.0,0.0,0.0,813.387,1.00053,0.229219,-0.736661,13.7166,0.0,0.0,0.0,0.0,0.0,,
0.00726197,8.20836e-08,146.228,569.548,1e-20,0.0,0.0,97.6117,0.0,0.0,0.0,0.0,813.388,1.00053,0.232362,-0.734625,13.7292,0.0,0.0,0.0,0.0,0.0,,
0.00726394,8.18771e-08,146.333,569.411,1e-20,0.0,0.0,97.6445,0.0,0.0,0.0,0.0,813.388,1.00053,0.235912,-0.732804,13.7414,0.0,0.0,0.0,0.0,0.0,,
0.00726595,7.67835e-08,146.493,569.213,1e-20,0.0,0.0,97.6831,0.0,0.0,0.0,0.0,813.388,1.00053,0.239954,-0.73118,13.7539,0.0,0.0,0.0,0.0,0.0,,
0.00726795,7.66821e-08,146.642,569.028,1e-20,0.0,0.0,97.7178,0.0,0.0,0.0,0.0,813.389,1.00053,0.24424,-0.729862,13.7663,0.0,0.0,0.0,0.0,0.0,,
0.00727,8.08486e-08,146.73,568.919,1e-20,0.0,0.0,97.7395,0.0,0.0,0.0,0.0,813.389,1.00053,0.248781,-0.72889,13.779,0.0,0.0,0.0,0.0,0.0,,
0.00727193,8.03032e-08,146.738,568.902,1e-20,0.0,0.0,97.749,0.0,0.0,0.0,0.0,813.389,1.00053,0.252983,-0.72838,13.7909,0.0,0.0,0.0,0.0,0.0,,
0.00727394,7.58589e-08,146.776,568.859,1e-20,0.0,0.0,97.7548,0.0,0.0,0.0,0.0,813.389,1.00053,0.257111,-0.72819,13.8034,0.0,0.0,0.0,0.0,0.0,,
0.00727593,7.67679e-08,146.876,568.752,1e-20,0.0,0.0,97.7604,0.0,0.0,0.0,0.0,813.389,1.00053,0.260881,-0.728184,13.8156,0.0,0.0,0.0,0.0,0.0,,
0.00727794,7.77576e-08,147.043,568.58,1e-20,0.0,0.0,97.7662,0.0,0.0,0.0,0.0,813.389,1.00053,0.26441,-0.728109,13.828,0.0,0.0,0.0,0.0,0.0,,
0.00727995,8.28234e-08,147.16,568.455,1e-20,0.0,0.0,97.7746,0.0,0.0,0.0,0.0,813.389,1.00053,0.267674,-0.727795,13.8404,0.0,0.0,0.0,0.0,0.0,,
0.00728193,8.22764e-08,147.126,568.477,1e-20,0.0,0.0,97.7871,0.0,0.0,0.0,0.0,813.389,1.00053,0.270627,-0.727238,13.8526,0.0,0.0,0.0,0.0,0.0,,
0.00728398,7.65655e-08,146.858,568.727,1e-20,0.0,0.0,97.805,0.0,0.0,0.0,0.0,813.39,1.00053,0.273422,-0.726371,13.8652,0.0,0.0,0.0,0.0,0.0,,
0.00728599,8.08467e-08,146.395,569.168,1e-20,0.0,0.0,97.8271,0.0,0.0,0.0,0.0,813.39,1.00053,0.275997,-0.725112,13.8775,0.0,0.0,0.0,0.0,0.0,,
0.00728793,8.09368e-08,145.82,569.718,1e-20,0.0,0.0,97.8514,0.0,0.0,0.0,0.0,813.39,1.00053,0.278475,-0.723386,13.8894,0.0,0.0,0.0,0.0,0.0,,
0.00728995,8.07255e-08,145.138,570.371,1e-20,0.0,0.0,97.8804,0.0,0.0,0.0,0.0,813.39,1.00053,0.281173,-0.721041,13.9018,0.0,0.0,0.0,0.0,0.0,,
0.00729193,7.56424e-08,144.498,570.981,1e-20,0.0,0.0,97.9116,0.0,0.0,0.0,0.0,813.39,1.00053,0.284025,-0.718258,13.9139,0.0,0.0,0.0,0.0,0.0,,
0.00729397,7.61847e-08,143.926,571.518,1e-20,0.0,0.0,97.9461,0.0,0.0,0.0,0.0,813.39,1.00053,0.287279,-0.714949,13.9265,0.0,0.0,0.0,0.0,0.0,,
0.00729597,7.78228e-08,143.619,571.792,1e-20,0.0,0.0,97.9789,0.0,0.0,0.0,0.0,813.39,1.00053,0.29074,-0.711414,13.9387,0.0,0.0,0.0,0.0,0.0,,
0.00729793,7.87279e-08,143.667,571.717,1e-20,0.0,0.0,98.0063,0.0,0.0,0.0,0.0,813.391,1.00053,0.294342,-0.707772,13.9507,0.0,0.0,0.0,0.0,0.0,,
0.00729998,7.84819e-08,144.101,571.26,1e-20,0.0,0.0,98.0298,0.0,0.0,0.0,0.0,813.391,1.00053,0.298251,-0.70383,13.9631,0.0,0.0,0.0,0.0,0.0,,
0.00730193,7.79938e-08,144.738,570.604,1e-20,0.0,0.0,98.0488,0.0,0.0,0.0,0.0,813.391,1.00053,0.302035,-0.699919,13.9751,0.0,0.0,0.0,0.0,0.0,,
0.00730396,7.78843e-08,145.481,569.847,1e-20,0.0,0.0,98.0627,0.0,0.0,0.0,0.0,813.391,1.00053,0.305881,-0.695708,13.9874,0.0,0.0,0.0,0.0,0.0,,
0.00730595,8.22272e-08,146.187,569.134,1e-20,0.0,0.0,98.0691,0.0,0.0,0.0,0.0,813.391,1.00053,0.30947,-0.69141,13.9995,0.0,0.0,0.0,0.0,0.0,,
0.007308,8.13181e-08,146.786,568.535,1e-20,0.0,0.0,98.0701,0.0,0.0,0.0,0.0,813.391,1.00053,0.31281,-0.68681,14.012,0.0,0.0,0.0,0.0,0.0,,
0.00730994,8.04396e-08,147.151,568.169,1e-20,0.0,0.0,98.0705,0.0,0.0,0.0,0.0,813.391,1.00053,0.315566,-0.682166,14.0237,0.0,0.0,0.0,0.0,0.0,,
0.00731196,7.53455e-08,147.234,568.078,1e-20,0.0,0.0,98.0791,0.0,0.0,0.0,0.0,813.391,1.00053,0.317983,-0.67695,14.036,0.0,0.0,0.0,0.0,0.0,,
0.00731393,7.60664e-08,147.066,568.232,1e-20,0.0,0.0,98.0929,0.0,0.0,0.0,0.0,813.391,1.00053,0.319999,-0.671501,14.0479,0.0,0.0,0.0,0.0,0.0,,
0.00731599,7.66281e-08,146.725,568.57,1e-20,0.0,0.0,98.0956,0.0,0.0,0.0,0.0,813.391,1.00053,0.32181,-0.66556,14.0603,0.0,0.0,0.0,0.0,0.0,,
0.00731798,7.65525e-08,146.39,568.91,1e-20,0.0,0.0,98.0908,0.0,0.0,0.0,0.0,813.391,1.00053,0.323298,-0.659764,14.0724,0.0,0.0,0.0,0.0,0.0,,
0.00731997,7.66243e-08,146.064,569.239,1e-20,0.0,0.0,98.0886,0.0,0.0,0.0,0.0,813.391,1.00053,0.324576,-0.654026,14.0844,0.0,0.0,0.0,0.0,0.0,,
0.00732197,7.73545e-08,145.765,569.532,1e-20,0.0,0.0,98.0934,0.0,0.0,0.0,0.0,813.391,1.00053,0.325718,-0.648426,14.0965,0.0,0.0,0.0,0.0,0.0,,
0.007324,8.242e-08,145.552,569.735,1e-20,0.0,0.0,98.1039,0.0,0.0,0.0,0.0,813.391,1.00053,0.326793,-0.643046,14.1087,0.0,0.0,0.0,0.0,0.0,,
0.00732596,8.13156e-08,145.54,569.735,1e-20,0.0,0.0,98.1166,0.0,0.0,0.0,0.0,813.392,1.00053,0.327787,-0.638167,14.1205,0.0,0.0,0.0,0.0,0.0,,
0.00732798,8.0251e-08,145.712,569.546,1e-20,0.0,0.0,98.1342,0.0,0.0,0.0,0.0,813.392,1.00053,0.328731,-0.63347,14.1327,0.0,0.0,0.0,0.0,0.0,,
0.00732998,7.60133e-08,146.021,569.219,1e-20,0.0,0.0,98.1522,0.0,0.0,0.0,0.0,813.392,1.00053,0.329559,-0.629018,14.1446,0.0,0.0,0.0,0.0,0.0,,
0.00733197,7.73212e-08,146.416,568.809,1e-20,0.0,0.0,98.1679,0.0,0.0,0.0,0.0,813.392,1.00053,0.330267,-0.624696,14.1566,0.0,0.0,0.0,0.0,0.0,,
0.00733399,7.80057e-08,146.87,568.338,1e-20,0.0,0.0,98.1842,0.0,0.0,0.0,0.0,813.393,1.00053,0.330859,-0.62044,14.1687,0.0,0.0,0.0,0.0,0.0,,
0.00733594,8.27188e-08,147.352,567.836,1e-20,0.0,0.0,98.2041,0.0,0.0,0.0,0.0,813.393,1.00053,0.331263,-0.616456,14.1804,0.0,0.0,0.0,0.0,0.0,,
0.00733792,8.23387e-08,147.814,567.349,1e-20,0.0,0.0,98.2298,0.0,0.0,0.0,0.0,813.393,1.00054,0.331469,-0.612544,14.1922,0.0,0.0,0.0,0.0,0.0,,
0.00733993,7.72685e-08,148.209,566.928,1e-20,0.0,0.0,98.2568,0.0,0.0,0.0,0.0,813.393,1.00054,0.331527,-0.608822,14.2043,0.0,0.0,0.0,0.0,0.0,,
0.00734194,7.732e-08,148.522,566.59,1e-20,0.0,0.0,98.2812,0.0,0.0,0.0,0.0,813.394,1.00054,0.331539,-0.605541,14.2163,0.0,0.0,0.0,0.0,0.0,,
0.00734399,8.20627e-08,148.779,566.318,1e-20,0.0,0.0,98.2975,0.0,0.0,0.0,0.0,813.394,1.00054,0.331514,-0.602772,14.2285,0.0,0.0,0.0,0.0,0.0,,
0.00734595,8.13815e-08,148.96,566.129,1e-20,0.0,0.0,98.3038,0.0,0.0,0.0,0.0,813.394,1.00054,0.331417,-0.600742,14.2401,0.0,0.0,0.0,0.0,0.0,,
0.00734798,8.05569e-08,149.096,565.992,1e-20,0.0,0.0,98.3055,0.0,0.0,0.0,0.0,813.394,1.00054,0.331249,-0.599381,14.2522,0.0,0.0,0.0,0.0,0.0,,
0.00734997,7.60226e-08,149.196,565.889,1e-20,0.0,0.0,98.3077,0.0,0.0,0.0,0.0,813.394,1.00054,0.331023,-0.598772,14.264,0.0,0.0,0.0,0.0,0.0,,
0.00735195,7.62707e-08,149.302,565.777,1e-20,0.0,0.0,98.3151,0.0,0.0,0.0,0.0,813.393,1.00054,0.330723,-0.598729,14.2757,0.0,0.0,0.0,0.0,0.0,,
0.00735393,7.60137e-08,149.451,565.619,1e-20,0.0,0.0,98.323,0.0,0.0,0.0,0.0,813.393,1.00054,0.330322,-0.59899,14.2874,0.0,0.0,0.0,0.0,0.0,,
0.00735599,7.59953e-08,149.653,565.413,1e-20,0.0,0.0,98.3274,0.0,0.0,0.0,0.0,813.393,1.00054,0.329719,-0.599321,14.2996,0.0,0.0,0.0,0.0,0.0,,
0.00735797,7.66427e-08,149.846,565.218,1e-20,0.0,0.0,98.3295,0.0,0.0,0.0,0.0,813.393,1.00054,0.32884,-0.599553,14.3113,0.0,0.0,0.0,0.0,0.0,,
0.00735997,7.73597e-08,149.988,565.072,1e-20,0.0,0.0,98.3336,0.0,0.0,0.0,0.0,813.393,1.00053,0.327574,-0.599712,14.3231,0.0,0.0,0.0,0.0,0.0,,
0.00736193,8.17832e-08,150.009,565.041,1e-20,0.0,0.0,98.3432,0.0,0.0,0.0,0.0,813.393,1.00053,0.32589,-0.599939,14.3346,0.0,0.0,0.0,0.0,0.0,,
0.00736397,8.13548e-08,149.895,565.142,1e-20,0.0,0.0,98.3553,0.0,0.0,0.0,0.0,813.392,1.00053,0.323681,-0.600543,14.3466,0.0,0.0,0.0,0.0,0.0,,
0.007366,7.71493e-08,149.701,565.325,1e-20,0.0,0.0,98.3661,0.0,0.0,0.0,0.0,813.392,1.00053,0.321229,-0.60182,14.3585,0.0,0.0,0.0,0.0,0.0,,
0.00736793,7.76969e-08,149.503,565.514,1e-20,0.0,0.0,98.375,0.0,0.0,0.0,0.0,813.392,1.00053,0.318835,-0.603872,14.3699,0.0,0.0,0.0,0.0,0.0,,
0.00736995,8.21067e-08,149.367,565.643,1e-20,0.0,0.0,98.382,0.0,0.0,0.0,0.0,813.392,1.00053,0.316332,-0.606936,14.3817,0.0,0.0,0.0,0.0,0.0,,
0.00737199,8.11336e-08,149.343,565.663,1e-20,0.0,0.0,98.3865,0.0,0.0,0.0,0.0,813.392,1.00053,0.313754,-0.610934,14.3936,0.0,0.0,0.0,0.0,0.0,,
0.00737393,8.06533e-08,149.388,565.614,1e-20,0.0,0.0,98.3906,0.0,0.0,0.0,0.0,813.392,1.00053,0.31115,-0.615473,14.405,0.0,0.0,0.0,0.0,0.0,,
0.00737598,7.59035e-08,149.445,565.551,1e-20,0.0,0.0,98.3967,0.0,0.0,0.0,0.0,813.392,1.00053,0.308147,-0.620944,14.4169,0.0,0.0,0.0,0.0,0.0,,
0.00737795,7.63778e-08,149.462,565.524,1e-20,0.0,0.0,98.4069,0.0,0.0,0.0,0.0,813.392,1.00053,0.305041,-0.626929,14.4285,0.0,0.0,0.0,0.0,0.0,,
0.00737992,8.12668e-08,149.401,565.573,1e-20,0.0,0.0,98.4173,0.0,0.0,0.0,0.0,813.392,1.00053,0.30186,-0.633609,14.44,0.0,0.0,0.0,0.0,0.0,,
0.00738195,8.08899e-08,149.226,565.738,1e-20,0.0,0.0,98.4277,0.0,0.0,0.0,0.0,813.392,1.00053,0.298556,-0.641185,14.4518,0.0,0.0,0.0,0.0,0.0,,
0.00738397,8.0921e-08,148.958,566.0,1e-20,0.0,0.0,98.434,0.0,0.0,0.0,0.0,813.392,1.00053,0.295276,-0.649279,14.4635,0.0,0.0,0.0,0.0,0.0,,
0.00738596,7.65993e-08,148.669,566.286,1e-20,0.0,0.0,98.4367,0.0,0.0,0.0,0.0,813.392,1.00053,0.292039,-0.657495,14.4751,0.0,0.0,0.0,0.0,0.0,,
0.00738796,7.69142e-08,148.446,566.507,1e-20,0.0,0.0,98.4398,0.0,0.0,0.0,0.0,813.392,1.00053,0.288766,-0.66561,14.4867,0.0,0.0,0.0,0.0,0.0,,
0.00738994,8.16645e-08,148.328,566.621,1e-20,0.0,0.0,98.4429,0.0,0.0,0.0,0.0,813.392,1.00053,0.285585,-0.673271,14.4981,0.0,0.0,0.0,0.0,0.0,,
0.00739193,7.70122e-08,148.327,566.62,1e-20,0.0,0.0,98.446,0.0,0.0,0.0,0.0,813.392,1.00053,0.282563,-0.680543,14.5097,0.0,0.0,0.0,0.0,0.0,,
0.00739394,7.72753e-08,148.508,566.436,1e-20,0.0,0.0,98.449,0.0,0.0,0.0,0.0,813.392,1.00053,0.279867,-0.68741,14.5213,0.0,0.0,0.0,0.0,0.0,,
0.00739595,7.73304e-08,148.852,566.088,1e-20,0.0,0.0,98.4529,0.0,0.0,0.0,0.0,813.393,1.00053,0.277667,-0.69403,14.5329,0.0,0.0,0.0,14116.0,0.0,,
0.00739794,8.17481e-08,149.259,565.677,1e-20,0.0,0.0,98.4565,0.0,0.0,0.0,0.0,813.393,1.00053,0.276046,-0.700611,14.5444,0.0,0.0,0.0,0.0,0.0,,
0.00739998,8.14231e-08,149.61,565.325,1e-20,0.0,0.0,98.4576,0.0,0.0,0.0,0.0,813.393,1.00053,0.27495,-0.707497,14.5561,0.0,0.0,0.0,0.0,0.0,,
0.00740198,7.67801e-08,149.824,565.112,1e-20,0.0,0.0,98.4565,0.0,0.0,0.0,0.0,813.393,1.00053,0.27435,-0.714413,14.5676,0.0,0.0,0.0,0.0,0.0,,
0.00740398,7.67581e-08,149.929,565.008,1e-20,0.0,0.0,98.4566,0.0,0.0,0.0,0.0,813.393,1.00053,0.274127,-0.721387,14.5791,0.0,0.0,0.0,0.0,0.0,,
0.00740596,8.1084e-08,149.971,564.962,1e-20,0.0,0.0,98.4591,0.0,0.0,0.0,0.0,813.393,1.00053,0.274153,-0.728244,14.5905,0.0,0.0,0.0,0.0,0.0,,
0.00740798,8.08134e-08,149.951,564.977,1e-20,0.0,0.0,98.4649,0.0,0.0,0.0,0.0,813.393,1.00054,0.274251,-0.735064,14.6021,0.0,0.0,0.0,0.0,0.0,,
0.00740999,7.62333e-08,149.876,565.043,1e-20,0.0,0.0,98.4744,0.0,0.0,0.0,0.0,813.393,1.00054,0.274216,-0.741548,14.6136,0.0,0.0,0.0,0.0,0.0,,
0.00741197,7.63628e-08,149.795,565.11,1e-20,0.0,0.0,98.4884,0.0,0.0,0.0,0.0,813.393,1.00054,0.273876,-0.747571,14.6249,0.0,0.0,0.0,0.0,0.0,,
0.00741393,8.11363e-08,149.75,565.135,1e-20,0.0,0.0,98.5081,0.0,0.0,0.0,0.0,813.394,1.00054,0.273118,-0.75302,14.6361,0.0,0.0,0.0,0.0,0.0,,
0.00741596,8.0965e-08,149.801,565.06,1e-20,0.0,0.0,98.5328,0.0,0.0,0.0,0.0,813.394,1.00054,0.271796,-0.757935,14.6477,0.0,0.0,0.0,0.0,0.0,,
0.00741794,7.61756e-08,149.932,564.906,1e-20,0.0,0.0,98.5562,0.0,0.0,0.0,0.0,813.394,1.00054,0.269948,-0.7618,14.659,0.0,0.0,0.0,0.0,0.0,,
0.00741993,7.66462e-08,150.103,564.717,1e-20,0.0,0.0,98.5756,0.0,0.0,0.0,0.0,813.395,1.00054,0.267553,-0.764654,14.6703,0.0,0.0,0.0,0.0,0.0,,
0.00742193,7.72155e-08,150.301,564.505,1e-20,0.0,0.0,98.5893,0.0,0.0,0.0,0.0,813.395,1.00054,0.264605,-0.76657,14.6817,0.0,0.0,0.0,0.0,0.0,,
0.007424,8.22266e-08,150.585,564.211,1e-20,0.0,0.0,98.5987,0.0,0.0,0.0,0.0,813.395,1.00054,0.261068,-0.767602,14.6935,0.0,0.0,0.0,0.0,0.0,,
0.00742596,8.1745e-08,150.988,563.801,1e-20,0.0,0.0,98.6059,0.0,0.0,0.0,0.0,813.395,1.00054,0.257376,-0.767695,14.7046,0.0,0.0,0.0,0.0,0.0,,
0.00742792,8.14764e-08,151.513,563.268,1e-20,0.0,0.0,98.6143,0.0,0.0,0.0,0.0,813.396,1.00054,0.253527,-0.766894,14.7157,0.0,0.0,0.0,0.0,0.0,,
0.00742993,7.70945e-08,152.066,562.704,1e-20,0.0,0.0,98.626,0.0,0.0,0.0,0.0,813.396,1.00054,0.249486,-0.765113,14.7271,0.0,0.0,0.0,0.0,0.0,,
0.00743196,8.21454e-08,152.562,562.191,1e-20,0.0,0.0,98.6426,0.0,0.0,0.0,0.0,813.396,1.00054,0.245347,-0.762344,14.7385,0.0,0.0,0.0,0.0,0.0,,
0.00743393,8.20192e-08,152.963,561.774,1e-20,0.0,0.0,98.6591,0.0,0.0,0.0,0.0,813.396,1.00054,0.241289,-0.758776,14.7497,0.0,0.0,0.0,0.0,0.0,,
0.00743598,8.19666e-08,153.302,561.421,1e-20,0.0,0.0,98.673,0.0,0.0,0.0,0.0,813.396,1.00054,0.237038,-0.754232,14.7612,0.0,0.0,0.0,0.0,0.0,,
0.00743796,8.22659e-08,153.556,561.156,1e-20,0.0,0.0,98.6849,0.0,0.0,0.0,0.0,813.397,1.00054,0.232872,-0.749061,14.7724,0.0,0.0,0.0,0.0,0.0,,
0.00743993,8.18962e-08,153.748,560.954,1e-20,0.0,0.0,98.6947,0.0,0.0,0.0,0.0,813.397,1.00054,0.228672,-0.743097,14.7835,0.0,0.0,0.0,0.0,0.0,,
0.00744197,8.09246e-08,153.929,560.764,1e-20,0.0,0.0,98.7046,0.0,0.0,0.0,0.0,813.397,1.00054,0.224298,-0.735982,14.7949,0.0,0.0,0.0,0.0,0.0,,
0.00744398,8.05929e-08,154.104,560.578,1e-20,0.0,0.0,98.7155,0.0,0.0,0.0,0.0,813.398,1.00054,0.219915,-0.72791,14.8062,0.0,0.0,0.0,0.0,0.0,,
0.00744598,7.62023e-08,154.294,560.379,1e-20,0.0,0.0,98.7245,0.0,0.0,0.0,0.0,813.398,1.00054,0.215526,-0.718964,14.8173,0.0,0.0,0.0,0.0,0.0,,
0.00744796,7.64409e-08,154.485,560.176,1e-20,0.0,0.0,98.7356,0.0,0.0,0.0,0.0,813.398,1.00054,0.211145,-0.709224,14.8284,0.0,0.0,0.0,0.0,0.0,,
0.00744997,8.10081e-08,154.672,559.972,1e-20,0.0,0.0,98.7541,0.0,0.0,0.0,0.0,813.398,1.00054,0.206812,-0.698675,14.8396,0.0,0.0,0.0,0.0,0.0,,
0.00745199,8.08897e-08,154.857,559.771,1e-20,0.0,0.0,98.7693,0.0,0.0,0.0,0.0,813.398,1.00054,0.202616,-0.687427,14.8509,0.0,0.0,0.0,0.0,0.0,,
0.00745393,7.63647e-08,155.08,559.531,1e-20,0.0,0.0,98.7875,0.0,0.0,0.0,0.0,813.398,1.00054,0.198723,-0.676129,14.8617,0.0,0.0,0.0,0.0,0.0,,
0.007456,7.64439e-08,155.465,559.123,1e-20,0.0,0.0,98.8105,0.0,0.0,0.0,0.0,813.399,1.00054,0.194628,-0.663568,14.8732,0.0,0.0,0.0,0.0,0.0,,
0.00745798,7.58562e-08,155.988,558.569,1e-20,0.0,0.0,98.8415,0.0,0.0,0.0,0.0,813.399,1.00054,0.190621,-0.651008,14.8842,0.0,0.0,0.0,0.0,0.0,,
0.00745998,8.07342e-08,156.64,557.912,1e-20,0.0,0.0,98.8473,0.0,0.0,0.0,0.0,813.4,1.00054,0.186366,-0.637916,14.8953,0.0,0.0,0.0,0.0,0.0,,
0.00746193,8.20174e-08,157.279,557.267,1e-20,0.0,0.0,98.8535,0.0,0.0,0.0,0.0,813.4,1.00054,0.181937,-0.624944,14.9061,0.0,0.0,0.0,0.0,0.0,,
0.00746398,7.77072e-08,157.827,556.714,1e-20,0.0,0.0,98.859,0.0,0.0,0.0,0.0,813.399,1.00054,0.176931,-0.61136,14.9175,0.0,0.0,0.0,0.0,0.0,,
0.00746598,8.17508e-08,158.127,556.409,1e-20,0.0,0.0,98.8632,0.0,0.0,0.0,0.0,813.399,1.00054,0.171629,-0.598544,14.9285,0.0,0.0,0.0,0.0,0.0,,
0.00746793,8.08257e-08,158.193,556.338,1e-20,0.0,0.0,98.8673,0.0,0.0,0.0,0.0,813.399,1.00054,0.166062,-0.586527,14.9392,0.0,0.0,0.0,0.0,0.0,,
0.00746994,7.62131e-08,158.042,556.484,1e-20,0.0,0.0,98.8722,0.0,0.0,0.0,0.0,813.399,1.00054,0.160224,-0.574747,14.9503,0.0,0.0,0.0,0.0,0.0,,
0.007472,7.61917e-08,157.764,556.757,1e-20,0.0,0.0,98.8786,0.0,0.0,0.0,0.0,813.399,1.00054,0.154416,-0.563258,14.9616,0.0,0.0,0.0,0.0,0.0,,
0.00747398,7.64813e-08,157.518,556.994,1e-20,0.0,0.0,98.8865,0.0,0.0,0.0,0.0,813.399,1.00054,0.149039,-0.552627,14.9725,0.0,0.0,0.0,0.0,0.0,,
0.007476,8.17248e-08,157.442,557.061,1e-20,0.0,0.0,98.8965,0.0,0.0,0.0,0.0,813.399,1.00054,0.143763,-0.542218,14.9835,0.0,0.0,0.0,0.0,0.0,,
0.00747796,7.69453e-08,157.593,556.898,1e-20,0.0,0.0,98.9079,0.0,0.0,0.0,0.0,813.399,1.00054,0.138801,-0.532521,14.9943,0.0,0.0,0.0,0.0,0.0,,
0.00747995,7.65995e-08,157.903,556.562,1e-20,0.0,0.0,98.934,0.0,0.0,0.0,0.0,813.399,1.00054,0.133867,-0.523124,15.0052,0.0,0.0,0.0,0.0,0.0,,
0.00748195,7.736e-08,158.227,556.214,1e-20,0.0,0.0,98.9572,0.0,0.0,0.0,0.0,813.399,1.00054,0.129045,-0.514262,15.0161,0.0,0.0,0.0,0.0,0.0,,
0.007484,8.32029e-08,158.528,555.907,1e-20,0.0,0.0,98.9634,0.0,0.0,0.0,0.0,813.399,1.00054,0.124343,-0.50581,15.0272,0.0,0.0,0.0,0.0,0.0,,
0.00748598,8.18101e-08,158.885,555.56,1e-20,0.0,0.0,98.9532,0.0,0.0,0.0,0.0,813.398,1.00054,0.120038,-0.498248,15.038,0.0,0.0,0.0,0.0,0.0,,
0.00748797,7.51869e-08,159.321,555.136,1e-20,0.0,0.0,98.9405,0.0,0.0,0.0,0.0,813.398,1.00054,0.115937,-0.491332,15.0488,0.0,0.0,0.0,0.0,0.0,,
0.00749,7.5434e-08,159.819,554.645,1e-20,0.0,0.0,98.9339,0.0,0.0,0.0,0.0,813.398,1.00054,0.111864,-0.484857,15.0599,0.0,0.0,0.0,0.0,0.0,,
0.00749198,7.69196e-08,160.328,554.138,1e-20,0.0,0.0,98.932,0.0,0.0,0.0,0.0,813.398,1.00054,0.107876,-0.478965,15.0706,0.0,0.0,0.0,0.0,0.0,,
0.00749398,7.69585e-08,160.889,553.576,1e-20,0.0,0.0,98.9334,0.0,0.0,0.0,0.0,813.398,1.00054,0.103818,-0.473243,15.0814,0.0,0.0,0.0,0.0,0.0,,
0.00749593,8.12189e-08,161.446,553.007,1e-20,0.0,0.0,98.9445,0.0,0.0,0.0,0.0,813.398,1.00054,0.0999491,-0.467708,15.092,0.0,0.0,0.0,0.0,0.0,,
0.00749796,8.15462e-08,161.976,552.465,1e-20,0.0,0.0,98.9567,0.0,0.0,0.0,0.0,813.397,1.00054,0.0960783,-0.461699,15.1029,0.0,0.0,0.0,0.0,0.0,,
0.00749994,8.15939e-08,162.386,552.044,1e-20,0.0,0.0,98.9675,0.0,0.0,0.0,0.0,813.397,1.00054,0.0924979,-0.45544,15.1136,0.0,0.0,0.0,0.0,0.0,,
0.00750197,8.11834e-08,162.683,551.734,1e-20,0.0,0.0,98.9801,0.0,0.0,0.0,0.0,813.398,1.00054,0.0889509,-0.448457,15.1246,0.0,0.0,0.0,0.0,0.0,,
0.007504,8.0559e-08,162.86,551.54,1e-20,0.0,0.0,98.9975,0.0,0.0,0.0,0.0,813.398,1.00054,0.0854577,-0.441039,15.1355,0.0,0.0,0.0,0.0,0.0,,
0.007506,7.59545e-08,162.887,551.487,1e-20,0.0,0.0,99.0241,0.0,0.0,0.0,0.0,813.398,1.00054,0.0818946,-0.433378,15.1463,0.0,0.0,0.0,0.0,0.0,,
0.00750798,7.65313e-08,162.778,551.567,1e-20,0.0,0.0,99.0537,0.0,0.0,0.0,0.0,813.398,1.00054,0.0782346,-0.425542,15.1569,0.0,0.0,0.0,0.0,0.0,,
0.00750997,8.1406e-08,162.609,551.712,1e-20,0.0,0.0,99.0783,0.0,0.0,0.0,0.0,813.399,1.00054,0.0744711,-0.417324,15.1676,0.0,0.0,0.0,0.0,0.0,,
0.00751193,8.11382e-08,162.504,551.796,1e-20,0.0,0.0,99.0993,0.0,0.0,0.0,0.0,813.399,1.00054,0.0707693,-0.408894,15.1781,0.0,0.0,0.0,0.0,0.0,,
0.00751396,7.62253e-08,162.517,551.76,1e-20,0.0,0.0,99.1226,0.0,0.0,0.0,0.0,813.4,1.00054,0.0669451,-0.399788,15.189,0.0,0.0,0.0,0.0,0.0,,
0.00751595,7.6575e-08,162.6,551.653,1e-20,0.0,0.0,99.1466,0.0,0.0,0.0,0.0,813.4,1.00054,0.06326,-0.39076,15.1997,0.0,0.0,0.0,0.0,0.0,,
0.00751795,8.1844e-08,162.657,551.575,1e-20,0.0,0.0,99.1698,0.0,0.0,0.0,0.0,813.401,1.00054,0.0594349,-0.381653,15.2104,0.0,0.0,0.0,0.0,0.0,,
0.00751992,8.18967e-08,162.623,551.587,1e-20,0.0,0.0,99.1909,0.0,0.0,0.0,0.0,813.402,1.00055,0.0553856,-0.37286,15.2209,0.0,0.0,0.0,0.0,0.0,,
0.00752196,8.1322e-08,162.545,551.644,1e-20,0.0,0.0,99.2135,0.0,0.0,0.0,0.0,813.402,1.00055,0.0507887,-0.363917,15.2318,0.0,0.0,0.0,0.0,0.0,,
0.00752397,7.64093e-08,162.542,551.622,1e-20,0.0,0.0,99.239,0.0,0.0,0.0,0.0,813.403,1.00055,0.0459381,-0.355396,15.2425,0.0,0.0,0.0,0.0,0.0,,
0.00752596,7.70336e-08,162.665,551.472,1e-20,0.0,0.0,99.2663,0.0,0.0,0.0,0.0,813.403,1.00055,0.0409322,-0.347314,15.2531,0.0,0.0,0.0,0.0,0.0,,
0.00752794,8.18608e-08,162.873,551.238,1e-20,0.0,0.0,99.2928,0.0,0.0,0.0,0.0,813.403,1.00055,0.0359647,-0.339767,15.2636,0.0,0.0,0.0,0.0,0.0,,
0.00752998,8.12011e-08,163.113,550.97,1e-20,0.0,0.0,99.3204,0.0,0.0,0.0,0.0,813.403,1.00055,0.0309102,-0.332405,15.2744,0.0,0.0,0.0,0.0,0.0,,
0.007532,8.05591e-08,163.33,550.727,1e-20,0.0,0.0,99.3469,0.0,0.0,0.0,0.0,813.403,1.00055,0.0258493,-0.325279,15.2851,0.0,0.0,0.0,0.0,0.0,,
0.00753393,7.60292e-08,163.488,550.547,1e-20,0.0,0.0,99.3681,0.0,0.0,0.0,0.0,813.403,1.00055,0.0207625,-0.318331,15.2952,0.0,0.0,0.0,0.0,0.0,,
0.00753599,7.63033e-08,163.53,550.489,1e-20,0.0,0.0,99.3842,0.0,0.0,0.0,0.0,813.403,1.00055,0.0149531,-0.310624,15.3061,0.0,0.0,0.0,0.0,0.0,,
0.00753797,7.64434e-08,163.458,550.549,1e-20,0.0,0.0,99.3955,0.0,0.0,0.0,0.0,813.403,1.00055,0.00892429,-0.302798,15.3165,0.0,0.0,0.0,0.0,0.0,,
0.00753996,7.65805e-08,163.374,550.622,1e-20,0.0,0.0,99.4056,0.0,0.0,0.0,0.0,813.402,1.00055,0.00243291,-0.294534,15.3269,0.0,0.0,0.0,0.0,0.0,,
0.00754196,7.67696e-08,163.369,550.613,1e-20,0.0,0.0,99.4198,0.0,0.0,0.0,0.0,813.402,1.00055,-0.0045715,-0.285863,15.3374,0.0,0.0,0.0,0.0,0.0,,
0.00754396,8.19877e-08,163.48,550.491,1e-20,0.0,0.0,99.4305,0.0,0.0,0.0,0.0,813.402,1.00055,-0.0119236,-0.276856,15.3479,0.0,0.0,0.0,0.0,0.0,,
0.00754593,8.21441e-08,163.698,550.269,1e-20,0.0,0.0,99.4346,0.0,0.0,0.0,0.0,813.401,1.00055,-0.0192784,-0.267802,15.3581,0.0,0.0,0.0,0.0,0.0,,
0.00754799,8.19652e-08,164.02,549.942,1e-20,0.0,0.0,99.4383,0.0,0.0,0.0,0.0,813.401,1.00054,-0.0271068,-0.258268,15.3688,0.0,0.0,0.0,0.0,0.0,,
0.00754995,7.69091e-08,164.374,549.583,1e-20,0.0,0.0,99.4434,0.0,0.0,0.0,0.0,813.401,1.00054,-0.0347456,-0.249114,15.3791,0.0,0.0,0.0,0.0,0.0,,
0.00755195,7.69762e-08,164.733,549.218,1e-20,0.0,0.0,99.4498,0.0,0.0,0.0,0.0,813.401,1.00054,-0.0425101,-0.239843,15.3895,0.0,0.0,0.0,14116.0,0.0,,
0.00755395,8.19286e-08,165.037,548.903,1e-20,0.0,0.0,99.4609,0.0,0.0,0.0,0.0,813.4,1.00054,-0.0501045,-0.230652,15.3999,0.0,0.0,0.0,0.0,0.0,,
0.00755599,8.11356e-08,165.248,548.68,1e-20,0.0,0.0,99.4727,0.0,0.0,0.0,0.0,813.4,1.00054,-0.0575726,-0.22135,15.4105,0.0,0.0,0.0,0.0,0.0,,
0.00755792,7.98839e-08,165.362,548.555,1e-20,0.0,0.0,99.4833,0.0,0.0,0.0,0.0,813.401,1.00054,-0.0642817,-0.212601,15.4205,0.0,0.0,0.0,0.0,0.0,,
0.00755998,7.50714e-08,165.405,548.503,1e-20,0.0,0.0,99.4928,0.0,0.0,0.0,0.0,813.401,1.00054,-0.0709622,-0.203379,15.4312,0.0,0.0,0.0,0.0,0.0,,
0.00756195,7.63245e-08,165.396,548.5,1e-20,0.0,0.0,99.5048,0.0,0.0,0.0,0.0,813.401,1.00055,-0.0767918,-0.194899,15.4414,0.0,0.0,0.0,0.0,0.0,,
0.00756395,7.70765e-08,165.401,548.478,1e-20,0.0,0.0,99.5225,0.0,0.0,0.0,0.0,813.402,1.00055,-0.0820466,-0.186738,15.4518,0.0,0.0,0.0,0.0,0.0,,
0.00756595,7.66763e-08,165.457,548.401,1e-20,0.0,0.0,99.5441,0.0,0.0,0.0,0.0,813.402,1.00055,-0.086529,-0.178921,15.4621,0.0,0.0,0.0,0.0,0.0,,
0.00756794,7.6768e-08,165.538,548.296,1e-20,0.0,0.0,99.5686,0.0,0.0,0.0,0.0,813.402,1.00055,-0.0902072,-0.171265,15.4724,0.0,0.0,0.0,0.0,0.0,,
0.00756995,7.76847e-08,165.618,548.191,1e-20,0.0,0.0,99.5934,0.0,0.0,0.0,0.0,813.403,1.00055,-0.0932024,-0.163541,15.4828,0.0,0.0,0.0,0.0,0.0,,
0.00757197,7.80131e-08,165.729,548.056,1e-20,0.0,0.0,99.6178,0.0,0.0,0.0,0.0,813.403,1.00055,-0.095691,-0.155813,15.4932,0.0,0.0,0.0,0.0,0.0,,
0.00757396,8.17909e-08,165.908,547.854,1e-20,0.0,0.0,99.6411,0.0,0.0,0.0,0.0,813.403,1.00055,-0.0979423,-0.148579,15.5034,0.0,0.0,0.0,0.0,0.0,,
0.00757599,8.10437e-08,166.163,547.577,1e-20,0.0,0.0,99.6639,0.0,0.0,0.0,0.0,813.403,1.00055,-0.100424,-0.141819,15.5138,0.0,0.0,0.0,0.0,0.0,,
0.00757794,8.08999e-08,166.462,547.257,1e-20,0.0,0.0,99.6848,0.0,0.0,0.0,0.0,813.404,1.00055,-0.103161,-0.136239,15.5238,0.0,0.0,0.0,0.0,0.0,,
0.00757997,7.59099e-08,166.808,546.89,1e-20,0.0,0.0,99.7051,0.0,0.0,0.0,0.0,813.404,1.00055,-0.106536,-0.131416,15.5342,0.0,0.0,0.0,0.0,0.0,,
0.00758192,8.04465e-08,167.127,546.55,1e-20,0.0,0.0,99.7272,0.0,0.0,0.0,0.0,813.404,1.00055,-0.110332,-0.127592,15.5442,0.0,0.0,0.0,0.0,0.0,,
0.00758394,8.07247e-08,167.416,546.232,1e-20,0.0,0.0,99.757,0.0,0.0,0.0,0.0,813.405,1.00055,-0.114769,-0.124204,15.5545,0.0,0.0,0.0,0.0,0.0,,
0.00758596,7.64027e-08,167.596,546.014,1e-20,0.0,0.0,99.7954,0.0,0.0,0.0,0.0,813.406,1.00055,-0.119534,-0.121123,15.5648,0.0,0.0,0.0,0.0,0.0,,
0.00758795,7.66841e-08,167.641,545.914,1e-20,0.0,0.0,99.8508,0.0,0.0,0.0,0.0,813.406,1.00055,-0.124243,-0.118152,15.575,0.0,0.0,0.0,0.0,0.0,,
0.00758995,7.72877e-08,167.573,545.917,1e-20,0.0,0.0,99.9165,0.0,0.0,0.0,0.0,813.407,1.00055,-0.128725,-0.115032,15.5851,0.0,0.0,0.0,0.0,0.0,,
0.00759197,8.2275e-08,167.486,545.974,1e-20,0.0,0.0,99.9464,0.0,0.0,0.0,0.0,813.407,1.00055,-0.132837,-0.111544,15.5955,0.0,0.0,0.0,0.0,0.0,,
0.00759394,8.15829e-08,167.392,546.056,1e-20,0.0,0.0,99.9598,0.0,0.0,0.0,0.0,813.407,1.00055,-0.136295,-0.107681,15.6054,0.0,0.0,0.0,0.0,0.0,,
0.00759596,7.65339e-08,167.202,546.227,1e-20,0.0,0.0,99.9786,0.0,0.0,0.0,0.0,813.407,1.00055,-0.139313,-0.103155,15.6156,0.0,0.0,0.0,0.0,0.0,,
0.00759796,7.71241e-08,166.866,546.518,1e-20,0.0,0.0,100.023,0.0,0.0,0.0,0.0,813.407,1.00055,-0.141902,-0.0981037,15.6257,0.0,0.0,0.0,0.0,0.0,,
0.00759995,8.19496e-08,166.44,546.89,1e-20,0.0,0.0,100.077,0.0,0.0,0.0,0.0,813.408,1.00055,-0.144217,-0.0924764,15.6358,0.0,0.0,0.0,0.0,0.0,,
0.00760198,8.07891e-08,166.09,547.201,1e-20,0.0,0.0,100.117,0.0,0.0,0.0,0.0,813.408,1.00055,-0.146367,-0.086061,15.646,0.0,0.0,0.0,0.0,0.0,,
0.00760399,8.02294e-08,165.835,547.407,1e-20,0.0,0.0,100.166,0.0,0.0,0.0,0.0,813.408,1.00055,-0.148325,-0.0789822,15.6561,0.0,0.0,0.0,0.0,0.0,,
0.00760594,7.61857e-08,165.766,547.489,1e-20,0.0,0.0,100.153,0.0,0.0,0.0,0.0,813.408,1.00055,-0.150201,-0.0713747,15.6659,0.0,0.0,0.0,0.0,0.0,,
0.00760793,7.70122e-08,165.777,547.518,1e-20,0.0,0.0,100.113,0.0,0.0,0.0,0.0,813.408,1.00055,-0.152275,-0.0627654,15.6759,0.0,0.0,0.0,0.0,0.0,,
0.00760993,7.70851e-08,165.773,547.543,1e-20,0.0,0.0,100.092,0.0,0.0,0.0,0.0,813.408,1.00055,-0.154481,-0.0531501,15.6859,0.0,0.0,0.0,0.0,0.0,,
0.00761196,8.16736e-08,165.692,547.628,1e-20,0.0,0.0,100.088,0.0,0.0,0.0,0.0,813.408,1.00055,-0.156698,-0.0422445,15.696,0.0,0.0,0.0,0.0,0.0,,
0.00761392,8.19285e-08,165.622,547.694,1e-20,0.0,0.0,100.092,0.0,0.0,0.0,0.0,813.408,1.00055,-0.158722,-0.0303509,15.7058,0.0,0.0,0.0,0.0,0.0,,
0.00761599,7.69198e-08,165.57,547.732,1e-20,0.0,0.0,100.106,0.0,0.0,0.0,0.0,813.407,1.00055,-0.160597,-0.016377,15.7162,0.0,0.0,0.0,0.0,0.0,,
0.00761798,8.12735e-08,165.594,547.691,1e-20,0.0,0.0,100.123,0.0,0.0,0.0,0.0,813.408,1.00055,-0.162095,-0.00167416,15.726,0.0,0.0,0.0,0.0,0.0,,
0.00761992,8.11658e-08,165.681,547.587,1e-20,0.0,0.0,100.14,0.0,0.0,0.0,0.0,813.408,1.00055,-0.163225,0.0138828,15.7357,0.0,0.0,0.0,0.0,0.0,,
0.00762194,7.67022e-08,165.845,547.407,1e-20,0.0,0.0,100.156,0.0,0.0,0.0,0.0,813.407,1.00055,-0.163948,0.0309356,15.7457,0.0,0.0,0.0,0.0,0.0,,
0.00762393,7.66624e-08,166.064,547.174,1e-20,0.0,0.0,100.169,0.0,0.0,0.0,0.0,813.407,1.00055,-0.164199,0.0486827,15.7556,0.0,0.0,0.0,0.0,0.0,,
0.00762593,7.67862e-08,166.301,546.928,1e-20,0.0,0.0,100.178,0.0,0.0,0.0,0.0,813.407,1.00055,-0.16406,0.0672167,15.7655,0.0,0.0,0.0,0.0,0.0,,
0.00762794,8.17265e-08,166.523,546.698,1e-20,0.0,0.0,100.186,0.0,0.0,0.0,0.0,813.407,1.00055,-0.163587,0.0866058,15.7754,0.0,0.0,0.0,0.0,0.0,,
0.00762998,8.13103e-08,166.721,546.49,1e-20,0.0,0.0,100.196,0.0,0.0,0.0,0.0,813.407,1.00055,-0.162806,0.106747,15.7855,0.0,0.0,0.0,0.0,0.0,,
0.00763199,7.62426e-08,166.917,546.284,1e-20,0.0,0.0,100.206,0.0,0.0,0.0,0.0,813.407,1.00055,-0.161725,0.126933,15.7954,0.0,0.0,0.0,0.0,0.0,,
0.00763397,7.63331e-08,167.202,545.985,1e-20,0.0,0.0,100.219,0.0,0.0,0.0,0.0,813.406,1.00055,-0.160361,0.146869,15.8052,0.0,0.0,0.0,0.0,0.0,,
0.00763593,8.10528e-08,167.583,545.591,1e-20,0.0,0.0,100.232,0.0,0.0,0.0,0.0,813.406,1.00055,-0.158736,0.166431,15.8148,0.0,0.0,0.0,14116.0,0.0,,
0.00763795,8.04128e-08,168.02,545.14,1e-20,0.0,0.0,100.246,0.0,0.0,0.0,0.0,813.406,1.00055,-0.156777,0.186487,15.8247,0.0,0.0,0.0,0.0,0.0,,
0.00763993,7.5435e-08,168.476,544.67,1e-20,0.0,0.0,100.26,0.0,0.0,0.0,0.0,813.406,1.00055,-0.154608,0.206078,15.8344,0.0,0.0,0.0,0.0,0.0,,
0.00764197,7.61284e-08,168.945,544.185,1e-20,0.0,0.0,100.276,0.0,0.0,0.0,0.0,813.406,1.00055,-0.15222,0.226406,15.8444,0.0,0.0,0.0,0.0,0.0,,
0.00764396,7.69249e-08,169.369,543.74,1e-20,0.0,0.0,100.297,0.0,0.0,0.0,0.0,813.406,1.00055,-0.149951,0.246349,15.8541,0.0,0.0,0.0,0.0,0.0,,
0.00764597,8.14786e-08,169.79,543.296,1e-20,0.0,0.0,100.321,0.0,0.0,0.0,0.0,813.406,1.00055,-0.147843,0.266717,15.864,0.0,0.0,0.0,0.0,0.0,,
0.007648,8.07346e-08,170.178,542.889,1e-20,0.0,0.0,100.339,0.0,0.0,0.0,0.0,813.406,1.00055,-0.145992,0.287651,15.8739,0.0,0.0,0.0,0.0,0.0,,
0.00764993,8.0786e-08,170.49,542.563,1e-20,0.0,0.0,100.354,0.0,0.0,0.0,0.0,813.406,1.00055,-0.144495,0.308118,15.8833,0.0,0.0,0.0,0.0,0.0,,
0.007652,7.644e-08,170.789,542.228,1e-20,0.0,0.0,100.39,0.0,0.0,0.0,0.0,813.406,1.00055,-0.1432,0.330238,15.8933,0.0,0.0,0.0,0.0,0.0,,
0.00765399,7.67739e-08,171.161,541.832,1e-20,0.0,0.0,100.413,0.0,0.0,0.0,0.0,813.406,1.00055,-0.142258,0.351642,15.903,0.0,0.0,0.0,0.0,0.0,,
0.007656,8.17513e-08,171.692,541.311,1e-20,0.0,0.0,100.403,0.0,0.0,0.0,0.0,813.406,1.00055,-0.141545,0.373061,15.9127,0.0,0.0,0.0,0.0,0.0,,
0.00765796,8.16841e-08,172.294,540.727,1e-20,0.0,0.0,100.384,0.0,0.0,0.0,0.0,813.406,1.00055,-0.141015,0.393628,15.9222,0.0,0.0,0.0,0.0,0.0,,
0.00766,8.14217e-08,172.87,540.166,1e-20,0.0,0.0,100.37,0.0,0.0,0.0,0.0,813.406,1.00055,-0.140621,0.414482,15.9321,0.0,0.0,0.0,0.0,0.0,,
0.00766195,8.12099e-08,173.241,539.806,1e-20,0.0,0.0,100.36,0.0,0.0,0.0,0.0,813.406,1.00055,-0.140429,0.433837,15.9415,0.0,0.0,0.0,0.0,0.0,,
0.00766398,8.12965e-08,173.422,539.634,1e-20,0.0,0.0,100.35,0.0,0.0,0.0,0.0,813.406,1.00055,-0.14048,0.453264,15.9513,0.0,0.0,0.0,0.0,0.0,,
0.00766594,7.65667e-08,173.411,539.652,1e-20,0.0,0.0,100.344,0.0,0.0,0.0,0.0,813.406,1.00055,-0.140795,0.471268,15.9608,0.0,0.0,0.0,0.0,0.0,,
0.00766793,7.66092e-08,173.327,539.738,1e-20,0.0,0.0,100.341,0.0,0.0,0.0,0.0,813.407,1.00055,-0.14135,0.488926,15.9704,0.0,0.0,0.0,0.0,0.0,,
0.00767,7.66745e-08,173.213,539.853,1e-20,0.0,0.0,100.341,0.0,0.0,0.0,0.0,813.407,1.00055,-0.142164,0.506682,15.9803,0.0,0.0,0.0,0.0,0.0,,
0.00767196,8.16192e-08,173.191,539.873,1e-20,0.0,0.0,100.342,0.0,0.0,0.0,0.0,813.407,1.00055,-0.1432,0.52309,15.9897,0.0,0.0,0.0,0.0,0.0,,
0.00767395,7.69276e-08,173.274,539.787,1e-20,0.0,0.0,100.346,0.0,0.0,0.0,0.0,813.407,1.00055,-0.144543,0.539451,15.9993,0.0,0.0,0.0,0.0,0.0,,
0.00767595,7.69735e-08,173.478,539.579,1e-20,0.0,0.0,100.351,0.0,0.0,0.0,0.0,813.407,1.00055,-0.146225,0.555693,16.0089,0.0,0.0,0.0,0.0,0.0,,
0.00767796,7.73778e-08,173.728,539.323,1e-20,0.0,0.0,100.356,0.0,0.0,0.0,0.0,813.407,1.00055,-0.148293,0.571727,16.0185,0.0,0.0,0.0,0.0,0.0,,
0.00767992,8.22044e-08,174.02,539.025,1e-20,0.0,0.0,100.362,0.0,0.0,0.0,0.0,813.407,1.00055,-0.150725,0.587063,16.0278,0.0,0.0,0.0,0.0,0.0,,
0.00768197,8.15355e-08,174.345,538.692,1e-20,0.0,0.0,100.37,0.0,0.0,0.0,0.0,813.407,1.00055,-0.153748,0.602642,16.0376,0.0,0.0,0.0,0.0,0.0,,
0.007684,8.09286e-08,174.71,538.317,1e-20,0.0,0.0,100.381,0.0,0.0,0.0,0.0,813.407,1.00055,-0.157275,0.617727,16.0473,0.0,0.0,0.0,0.0,0.0,,
0.00768594,8.08655e-08,175.093,537.915,1e-20,0.0,0.0,100.399,0.0,0.0,0.0,0.0,813.407,1.00055,-0.161155,0.63185,16.0565,0.0,0.0,0.0,0.0,0.0,,
0.00768797,7.6053e-08,175.501,537.479,1e-20,0.0,0.0,100.428,0.0,0.0,0.0,0.0,813.408,1.00055,-0.165743,0.646338,16.0662,0.0,0.0,0.0,0.0,0.0,,
0.00768995,7.60008e-08,175.898,537.058,1e-20,0.0,0.0,100.452,0.0,0.0,0.0,0.0,813.408,1.00055,-0.17063,0.660034,16.0756,0.0,0.0,0.0,0.0,0.0,,
0.00769193,7.63016e-08,176.283,536.667,1e-20,0.0,0.0,100.458,0.0,0.0,0.0,0.0,813.408,1.00055,-0.175806,0.673261,16.085,0.0,0.0,0.0,0.0,0.0,,
0.00769399,7.65075e-08,176.661,536.288,1e-20,0.0,0.0,100.459,0.0,0.0,0.0,0.0,813.408,1.00055,-0.181299,0.686325,16.0947,0.0,0.0,0.0,0.0,0.0,,
0.00769592,8.11979e-08,176.933,536.01,1e-20,0.0,0.0,100.466,0.0,0.0,0.0,0.0,813.408,1.00055,-0.186463,0.697743,16.1039,0.0,0.0,0.0,0.0,0.0,,
0.00769796,8.13084e-08,177.164,535.767,1e-20,0.0,0.0,100.478,0.0,0.0,0.0,0.0,813.408,1.00055,-0.191972,0.708893,16.1134,0.0,0.0,0.0,0.0,0.0,,
0.00769998,7.69611e-08,177.341,535.578,1e-20,0.0,0.0,100.49,0.0,0.0,0.0,0.0,813.409,1.00055,-0.197602,0.719309,16.123,0.0,0.0,0.0,0.0,0.0,,
0.00770198,7.7049e-08,177.464,535.443,1e-20,0.0,0.0,100.502,0.0,0.0,0.0,0.0,813.409,1.00055,-0.203325,0.729281,16.1324,0.0,0.0,0.0,0.0,0.0,,
0.00770393,8.13585e-08,177.524,535.374,1e-20,0.0,0.0,100.511,0.0,0.0,0.0,0.0,813.409,1.00055,-0.209004,0.738997,16.1415,0.0,0.0,0.0,0.0,0.0,,
0.00770596,8.09066e-08,177.566,535.323,1e-20,0.0,0.0,100.52,0.0,0.0,0.0,0.0,813.409,1.00055,-0.215012,0.749407,16.1511,0.0,0.0,0.0,0.0,0.0,,
0.00770798,8.09434e-08,177.54,535.34,1e-20,0.0,0.0,100.529,0.0,0.0,0.0,0.0,813.409,1.00055,-0.22101,0.760154,16.1605,0.0,0.0,0.0,0.0,0.0,,
0.00770995,7.64186e-08,177.431,535.442,1e-20,0.0,0.0,100.537,0.0,0.0,0.0,0.0,813.409,1.00056,-0.226703,0.770892,16.1698,0.0,0.0,0.0,0.0,0.0,,
0.00771194,7.65339e-08,177.212,535.651,1e-20,0.0,0.0,100.547,0.0,0.0,0.0,0.0,813.41,1.00056,-0.231969,0.781705,16.1791,0.0,0.0,0.0,0.0,0.0,,
0.00771394,8.15177e-08,176.951,535.903,1e-20,0.0,0.0,100.555,0.0,0.0,0.0,0.0,813.409,1.00056,-0.236476,0.792299,16.1884,0.0,0.0,0.0,0.0,0.0,,
0.00771598,7.68647e-08,176.73,536.118,1e-20,0.0,0.0,100.562,0.0,0.0,0.0,0.0,813.41,1.00056,-0.240073,0.802516,16.1979,0.0,0.0,0.0,0.0,0.0,,
0.00771798,7.67801e-08,176.598,536.249,1e-20,0.0,0.0,100.564,0.0,0.0,0.0,0.0,813.41,1.00056,-0.242649,0.811812,16.2072,0.0,0.0,0.0,0.0,0.0,,
0.00771998,7.68832e-08,176.599,536.251,1e-20,0.0,0.0,100.56,0.0,0.0,0.0,0.0,813.41,1.00056,-0.244432,0.820307,16.2165,0.0,0.0,0.0,0.0,0.0,,
0.00772199,8.17705e-08,176.708,536.148,1e-20,0.0,0.0,100.553,0.0,0.0,0.0,0.0,813.41,1.00056,-0.245607,0.828019,16.2258,0.0,0.0,0.0,0.0,0.0,,
0.00772395,8.14769e-08,176.952,535.91,1e-20,0.0,0.0,100.548,0.0,0.0,0.0,0.0,813.41,1.00056,-0.246301,0.834768,16.2349,0.0,0.0,0.0,0.0,0.0,,
0.00772598,8.08347e-08,177.379,535.481,1e-20,0.0,0.0,100.549,0.0,0.0,0.0,0.0,813.41,1.00056,-0.246727,0.8411,16.2443,0.0,0.0,0.0,0.0,0.0,,
0.00772796,7.57748e-08,177.981,534.873,1e-20,0.0,0.0,100.556,0.0,0.0,0.0,0.0,813.41,1.00056,-0.247003,0.846851,16.2535,0.0,0.0,0.0,0.0,0.0,,
0.00772993,7.5744e-08,178.7,534.144,1e-20,0.0,0.0,100.566,0.0,0.0,0.0,0.0,813.41,1.00056,-0.247181,0.852276,16.2626,0.0,0.0,0.0,0.0,0.0,,
0.00773198,7.58872e-08,179.523,533.311,1e-20,0.0,0.0,100.577,0.0,0.0,0.0,0.0,813.41,1.00056,-0.247212,0.857706,16.272,0.0,0.0,0.0,0.0,0.0,,
0.00773395,7.60225e-08,180.288,532.535,1e-20,0.0,0.0,100.587,0.0,0.0,0.0,0.0,813.41,1.00056,-0.247013,0.862698,16.2811,0.0,0.0,0.0,0.0,0.0,,
0.00773593,7.61831e-08,180.968,531.846,1e-20,0.0,0.0,100.596,0.0,0.0,0.0,0.0,813.411,1.00056,-0.246561,0.867334,16.2902,0.0,0.0,0.0,0.0,0.0,,
0.00773799,7.65435e-08,181.593,531.217,1e-20,0.0,0.0,100.6,0.0,0.0,0.0,0.0,813.411,1.00056,-0.245856,0.871663,16.2997,0.0,0.0,0.0,0.0,0.0,,
0.00773996,8.15386e-08,182.119,530.691,1e-20,0.0,0.0,100.601,0.0,0.0,0.0,0.0,813.41,1.00056,-0.244958,0.87528,16.3087,0.0,0.0,0.0,0.0,0.0,,
0.00774192,8.14933e-08,182.524,530.284,1e-20,0.0,0.0,100.603,0.0,0.0,0.0,0.0,813.411,1.00056,-0.243747,0.878348,16.3177,0.0,0.0,0.0,0.0,0.0,,
0.00774395,8.12645e-08,182.789,530.014,1e-20,0.0,0.0,100.608,0.0,0.0,0.0,0.0,813.411,1.00056,-0.241976,0.880897,16.327,0.0,0.0,0.0,0.0,0.0,,
0.00774598,8.1066e-08,182.89,529.906,1e-20,0.0,0.0,100.615,0.0,0.0,0.0,0.0,813.411,1.00056,-0.239538,0.882655,16.3362,0.0,0.0,0.0,0.0,0.0,,
0.00774793,8.09926e-08,182.87,529.918,1e-20,0.0,0.0,100.623,0.0,0.0,0.0,0.0,813.411,1.00056,-0.236518,0.883531,16.3451,0.0,0.0,0.0,0.0,0.0,,
0.00774995,8.08037e-08,182.818,529.963,1e-20,0.0,0.0,100.63,0.0,0.0,0.0,0.0,813.411,1.00056,-0.232748,0.883632,16.3543,0.0,0.0,0.0,0.0,0.0,,
0.00775197,8.07459e-08,182.843,529.929,1e-20,0.0,0.0,100.639,0.0,0.0,0.0,0.0,813.411,1.00056,-0.22855,0.88302,16.3635,0.0,0.0,0.0,0.0,0.0,,
0.00775396,7.62366e-08,182.96,529.803,1e-20,0.0,0.0,100.648,0.0,0.0,0.0,0.0,813.411,1.00056,-0.224207,0.881836,16.3726,0.0,0.0,0.0,0.0,0.0,,
0.00775594,7.65953e-08,183.106,529.644,1e-20,0.0,0.0,100.661,0.0,0.0,0.0,0.0,813.411,1.00056,-0.219838,0.880169,16.3816,0.0,0.0,0.0,0.0,0.0,,
0.00775794,7.68331e-08,183.244,529.491,1e-20,0.0,0.0,100.676,0.0,0.0,0.0,0.0,813.412,1.00056,-0.215554,0.878122,16.3906,0.0,0.0,0.0,0.0,0.0,,
0.00775997,8.16073e-08,183.413,529.308,1e-20,0.0,0.0,100.69,0.0,0.0,0.0,0.0,813.411,1.00056,-0.211428,0.875806,16.3998,0.0,0.0,0.0,0.0,0.0,,
0.00776192,7.67748e-08,183.636,529.075,1e-20,0.0,0.0,100.7,0.0,0.0,0.0,0.0,813.412,1.00056,-0.207836,0.873547,16.4086,0.0,0.0,0.0,0.0,0.0,,
0.00776392,8.14202e-08,183.845,528.859,1e-20,0.0,0.0,100.708,0.0,0.0,0.0,0.0,813.411,1.00056,-0.204614,0.871372,16.4177,0.0,0.0,0.0,0.0,0.0,,
0.00776596,8.13899e-08,183.956,528.744,1e-20,0.0,0.0,100.711,0.0,0.0,0.0,0.0,813.411,1.00056,-0.201862,0.869441,16.4268,0.0,0.0,0.0,0.0,0.0,,
0.00776799,8.13164e-08,183.924,528.776,1e-20,0.0,0.0,100.712,0.0,0.0,0.0,0.0,813.412,1.00056,-0.199613,0.867793,16.436,0.0,0.0,0.0,0.0,0.0,,
0.00777,7.65445e-08,183.841,528.859,1e-20,0.0,0.0,100.712,0.0,0.0,0.0,0.0,813.412,1.00056,-0.197815,0.866311,16.445,0.0,0.0,0.0,0.0,0.0,,
0.00777199,7.66877e-08,183.802,528.898,1e-20,0.0,0.0,100.712,0.0,0.0,0.0,0.0,813.412,1.00056,-0.196394,0.86482,16.4539,0.0,0.0,0.0,0.0,0.0,,
0.00777393,8.17136e-08,183.826,528.873,1e-20,0.0,0.0,100.713,0.0,0.0,0.0,0.0,813.412,1.00056,-0.195352,0.86328,16.4627,0.0,0.0,0.0,0.0,0.0,,
0.00777597,8.15082e-08,183.811,528.883,1e-20,0.0,0.0,100.717,0.0,0.0,0.0,0.0,813.412,1.00056,-0.194613,0.861624,16.4718,0.0,0.0,0.0,0.0,0.0,,
0.00777792,8.08148e-08,183.715,528.975,1e-20,0.0,0.0,100.722,0.0,0.0,0.0,0.0,813.412,1.00056,-0.194168,0.860145,16.4805,0.0,0.0,0.0,0.0,0.0,,
0.00777998,7.56519e-08,183.594,529.093,1e-20,0.0,0.0,100.725,0.0,0.0,0.0,0.0,813.412,1.00056,-0.193836,0.858864,16.4897,0.0,0.0,0.0,0.0,0.0,,
0.00778195,7.57718e-08,183.539,529.146,1e-20,0.0,0.0,100.727,0.0,0.0,0.0,0.0,813.412,1.00056,-0.193534,0.858039,16.4985,0.0,0.0,0.0,0.0,0.0,,
0.007784,7.60496e-08,183.584,529.1,1e-20,0.0,0.0,100.728,0.0,0.0,0.0,0.0,813.412,1.00056,-0.193158,0.857574,16.5076,0.0,0.0,0.0,0.0,0.0,,
0.00778596,8.0717e-08,183.749,528.932,1e-20,0.0,0.0,100.732,0.0,0.0,0.0,0.0,813.412,1.00056,-0.19272,0.857293,16.5163,0.0,0.0,0.0,0.0,0.0,,
0.00778795,7.60545e-08,184.01,528.665,1e-20,0.0,0.0,100.738,0.0,0.0,0.0,0.0,813.412,1.00056,-0.19224,0.856891,16.5252,0.0,0.0,0.0,0.0,0.0,,
0.00778993,7.64828e-08,184.298,528.368,1e-20,0.0,0.0,100.746,0.0,0.0,0.0,0.0,813.412,1.00056,-0.191828,0.856164,16.534,0.0,0.0,0.0,0.0,0.0,,
0.00779193,7.70709e-08,184.591,528.069,1e-20,0.0,0.0,100.752,0.0,0.0,0.0,0.0,813.412,1.00056,-0.191633,0.855049,16.5428,0.0,0.0,0.0,0.0,0.0,,
0.00779392,8.18515e-08,184.84,527.817,1e-20,0.0,0.0,100.755,0.0,0.0,0.0,0.0,813.412,1.00056,-0.191788,0.85366,16.5516,0.0,0.0,0.0,0.0,0.0,,
0.00779596,8.12891e-08,185.025,527.633,1e-20,0.0,0.0,100.754,0.0,0.0,0.0,0.0,813.412,1.00056,-0.192377,0.852174,16.5606,0.0,0.0,0.0,0.0,0.0,,
0.00779799,8.09057e-08,185.164,527.497,1e-20,0.0,0.0,100.751,0.0,0.0,0.0,0.0,813.413,1.00056,-0.193395,0.850902,16.5696,0.0,0.0,0.0,0.0,0.0,,
0.00779993,8.08509e-08,185.281,527.383,1e-20,0.0,0.0,100.749,0.0,0.0,0.0,0.0,813.413,1.00056,-0.194711,0.85009,16.5781,0.0,0.0,0.0,0.0,0.0,,
0.00780196,7.63364e-08,185.393,527.273,1e-20,0.0,0.0,100.747,0.0,0.0,0.0,0.0,813.413,1.00056,-0.196366,0.849754,16.5871,0.0,0.0,0.0,0.0,0.0,,
0.00780395,7.63977e-08,185.485,527.181,1e-20,0.0,0.0,100.747,0.0,0.0,0.0,0.0,813.413,1.00056,-0.198173,0.84987,16.5958,0.0,0.0,0.0,0.0,0.0,,
0.00780594,7.64e-08,185.573,527.09,1e-20,0.0,0.0,100.75,0.0,0.0,0.0,0.0,813.413,1.00056,-0.200123,0.850224,16.6046,0.0,0.0,0.0,0.0,0.0,,
0.00780792,7.6513e-08,185.637,527.023,1e-20,0.0,0.0,100.754,0.0,0.0,0.0,0.0,813.413,1.00056,-0.202214,0.850569,16.6133,0.0,0.0,0.0,0.0,0.0,,
0.00780999,7.66844e-08,185.695,526.957,1e-20,0.0,0.0,100.762,0.0,0.0,0.0,0.0,813.413,1.00056,-0.204561,0.850713,16.6223,0.0,0.0,0.0,0.0,0.0,,
0.00781199,7.66776e-08,185.786,526.853,1e-20,0.0,0.0,100.774,0.0,0.0,0.0,0.0,813.414,1.00056,-0.206959,0.850515,16.631,0.0,0.0,0.0,0.0,0.0,,
0.00781398,8.11317e-08,185.902,526.728,1e-20,0.0,0.0,100.783,0.0,0.0,0.0,0.0,813.413,1.00056,-0.209392,0.849896,16.6397,0.0,0.0,0.0,0.0,0.0,,
0.00781593,8.10532e-08,186.001,526.626,1e-20,0.0,0.0,100.786,0.0,0.0,0.0,0.0,813.414,1.00056,-0.21167,0.848795,16.6482,0.0,0.0,0.0,0.0,0.0,,
0.00781799,7.64204e-08,186.099,526.529,1e-20,0.0,0.0,100.786,0.0,0.0,0.0,0.0,813.414,1.00056,-0.213849,0.846948,16.6572,0.0,0.0,0.0,0.0,0.0,,
0.00781998,7.6463e-08,186.201,526.428,1e-20,0.0,0.0,100.786,0.0,0.0,0.0,0.0,813.414,1.00056,-0.215618,0.844354,16.6659,0.0,0.0,0.0,0.0,0.0,,
0.00782197,8.10252e-08,186.318,526.308,1e-20,0.0,0.0,100.788,0.0,0.0,0.0,0.0,813.414,1.00056,-0.217035,0.840805,16.6745,0.0,0.0,0.0,0.0,0.0,,
0.00782399,8.07841e-08,186.399,526.223,1e-20,0.0,0.0,100.793,0.0,0.0,0.0,0.0,813.415,1.00056,-0.21814,0.836145,16.6833,0.0,0.0,0.0,0.0,0.0,,
0.00782593,8.08395e-08,186.376,526.239,1e-20,0.0,0.0,100.8,0.0,0.0,0.0,0.0,813.415,1.00056,-0.218916,0.830766,16.6917,0.0,0.0,0.0,0.0,0.0,,
0.00782795,8.10278e-08,186.252,526.352,1e-20,0.0,0.0,100.811,0.0,0.0,0.0,0.0,813.415,1.00056,-0.219459,0.824453,16.7005,0.0,0.0,0.0,0.0,0.0,,
0.00783,8.09814e-08,186.1,526.49,1e-20,0.0,0.0,100.825,0.0,0.0,0.0,0.0,813.416,1.00056,-0.21978,0.817634,16.7093,0.0,0.0,0.0,0.0,0.0,,
0.00783194,8.0706e-08,186.032,526.543,1e-20,0.0,0.0,100.841,0.0,0.0,0.0,0.0,813.416,1.00056,-0.219945,0.810998,16.7177,0.0,0.0,0.0,0.0,0.0,,
0.00783395,8.05793e-08,186.048,526.513,1e-20,0.0,0.0,100.855,0.0,0.0,0.0,0.0,813.417,1.00056,-0.220053,0.804131,16.7264,0.0,0.0,0.0,0.0,0.0,,
0.00783597,7.60422e-08,186.153,526.401,1e-20,0.0,0.0,100.864,0.0,0.0,0.0,0.0,813.417,1.00056,-0.220216,0.797405,16.7351,0.0,0.0,0.0,0.0,0.0,,
0.00783795,7.64504e-08,186.267,526.283,1e-20,0.0,0.0,100.867,0.0,0.0,0.0,0.0,813.417,1.00056,-0.220553,0.790981,16.7436,0.0,0.0,0.0,0.0,0.0,,
0.00783995,7.67202e-08,186.365,526.185,1e-20,0.0,0.0,100.867,0.0,0.0,0.0,0.0,813.417,1.00056,-0.221134,0.784707,16.7522,0.0,0.0,0.0,0.0,0.0,,
0.00784196,8.15426e-08,186.432,526.119,1e-20,0.0,0.0,100.866,0.0,0.0,0.0,0.0,813.417,1.00056,-0.221917,0.778478,16.7608,0.0,0.0,0.0,0.0,0.0,,
0.007844,8.16937e-08,186.496,526.048,1e-20,0.0,0.0,100.873,0.0,0.0,0.0,0.0,813.417,1.00056,-0.222756,0.772092,16.7695,0.0,0.0,0.0,0.0,0.0,,
0.00784596,8.1778e-08,186.598,525.929,1e-20,0.0,0.0,100.89,0.0,0.0,0.0,0.0,813.417,1.00056,-0.223426,0.765658,16.7779,0.0,0.0,0.0,0.0,0.0,,
0.007848,8.15553e-08,186.794,525.732,1e-20,0.0,0.0,100.891,0.0,0.0,0.0,0.0,813.417,1.00056,-0.223847,0.75839,16.7866,0.0,0.0,0.0,0.0,0.0,,
0.00784995,8.10552e-08,187.08,525.451,1e-20,0.0,0.0,100.886,0.0,0.0,0.0,0.0,813.417,1.00056,-0.223875,0.750728,16.7949,0.0,0.0,0.0,0.0,0.0,,
0.00785197,8.05894e-08,187.43,525.107,1e-20,0.0,0.0,100.881,0.0,0.0,0.0,0.0,813.417,1.00056,-0.223433,0.741972,16.8035,0.0,0.0,0.0,0.0,0.0,,
0.00785396,7.56581e-08,187.82,524.717,1e-20,0.0,0.0,100.881,0.0,0.0,0.0,0.0,813.418,1.00057,-0.222461,0.732557,16.812,0.0,0.0,0.0,0.0,0.0,,
0.007856,7.569e-08,188.245,524.285,1e-20,0.0,0.0,100.887,0.0,0.0,0.0,0.0,813.418,1.00057,-0.220868,0.722096,16.8207,0.0,0.0,0.0,14116.0,0.0,,
0.00785797,7.59308e-08,188.697,523.821,1e-20,0.0,0.0,100.9,0.0,0.0,0.0,0.0,813.418,1.00057,-0.218799,0.711376,16.8291,0.0,0.0,0.0,0.0,0.0,,
0.00785995,7.63745e-08,189.177,523.325,1e-20,0.0,0.0,100.917,0.0,0.0,0.0,0.0,813.419,1.00057,-0.216311,0.700092,16.8375,0.0,0.0,0.0,0.0,0.0,,
0.00786194,7.70968e-08,189.638,522.849,1e-20,0.0,0.0,100.932,0.0,0.0,0.0,0.0,813.419,1.00057,-0.213537,0.688316,16.8459,0.0,0.0,0.0,0.0,0.0,,
0.00786395,7.76998e-08,190.001,522.472,1e-20,0.0,0.0,100.947,0.0,0.0,0.0,0.0,813.42,1.00057,-0.210562,0.676167,16.8544,0.0,0.0,0.0,0.0,0.0,,
0.00786599,8.25485e-08,190.227,522.233,1e-20,0.0,0.0,100.96,0.0,0.0,0.0,0.0,813.42,1.00057,-0.207402,0.663761,16.863,0.0,0.0,0.0,0.0,0.0,,
0.00786796,8.20985e-08,190.305,522.146,1e-20,0.0,0.0,100.97,0.0,0.0,0.0,0.0,813.42,1.00057,-0.204143,0.651649,16.8714,0.0,0.0,0.0,0.0,0.0,,
0.00786993,8.15476e-08,190.286,522.157,1e-20,0.0,0.0,100.977,0.0,0.0,0.0,0.0,813.42,1.00057,-0.200631,0.639641,16.8796,0.0,0.0,0.0,0.0,0.0,,
0.00787196,8.09958e-08,190.247,522.192,1e-20,0.0,0.0,100.982,0.0,0.0,0.0,0.0,813.42,1.00057,-0.196653,0.627291,16.8882,0.0,0.0,0.0,0.0,0.0,,
0.00787398,8.05744e-08,190.259,522.179,1e-20,0.0,0.0,100.983,0.0,0.0,0.0,0.0,813.42,1.00057,-0.19244,0.615068,16.8966,0.0,0.0,0.0,0.0,0.0,,
0.00787599,8.02628e-08,190.376,522.066,1e-20,0.0,0.0,100.978,0.0,0.0,0.0,0.0,813.42,1.00057,-0.188139,0.602943,16.9051,0.0,0.0,0.0,0.0,0.0,,
0.00787799,8.00475e-08,190.577,521.872,1e-20,0.0,0.0,100.971,0.0,0.0,0.0,0.0,813.42,1.00057,-0.183818,0.590912,16.9134,0.0,0.0,0.0,0.0,0.0,,
0.00787997,7.56036e-08,190.844,521.61,1e-20,0.0,0.0,100.965,0.0,0.0,0.0,0.0,813.42,1.00057,-0.179529,0.579063,16.9217,0.0,0.0,0.0,0.0,0.0,,
0.00788194,7.61411e-08,191.093,521.367,1e-20,0.0,0.0,100.96,0.0,0.0,0.0,0.0,813.42,1.00057,-0.175224,0.567163,16.9299,0.0,0.0,0.0,0.0,0.0,,
0.00788393,7.65555e-08,191.258,521.205,1e-20,0.0,0.0,100.957,0.0,0.0,0.0,0.0,813.419,1.00057,-0.170895,0.554976,16.9382,0.0,0.0,0.0,0.0,0.0,,
0.007886,8.12505e-08,191.258,521.205,1e-20,0.0,0.0,100.956,0.0,0.0,0.0,0.0,813.419,1.00057,-0.166489,0.541898,16.9468,0.0,0.0,0.0,0.0,0.0,,
0.00788794,8.10167e-08,191.162,521.299,1e-20,0.0,0.0,100.959,0.0,0.0,0.0,0.0,813.419,1.00057,-0.162609,0.529226,16.9549,0.0,0.0,0.0,0.0,0.0,,
0.00788997,8.09608e-08,191.026,521.411,1e-20,0.0,0.0,100.983,0.0,0.0,0.0,0.0,813.419,1.00057,-0.15901,0.515732,16.9633,0.0,0.0,0.0,0.0,0.0,,
0.00789199,7.61915e-08,190.826,521.545,1e-20,0.0,0.0,101.049,0.0,0.0,0.0,0.0,813.42,1.00057,-0.155949,0.501991,16.9718,0.0,0.0,0.0,0.0,0.0,,
0.00789397,7.59361e-08,190.686,521.666,1e-20,0.0,0.0,101.068,0.0,0.0,0.0,0.0,813.42,1.00057,-0.153521,0.488359,16.98,0.0,0.0,0.0,0.0,0.0,,
0.00789594,7.55898e-08,190.686,521.66,1e-20,0.0,0.0,101.074,0.0,0.0,0.0,0.0,813.421,1.00057,-0.151584,0.474617,16.9882,0.0,0.0,0.0,0.0,0.0,,
0.00789795,8.04454e-08,190.829,521.529,1e-20,0.0,0.0,101.063,0.0,0.0,0.0,0.0,813.421,1.00057,-0.149932,0.4605,16.9965,0.0,0.0,0.0,0.0,0.0,,
0.00789997,8.09226e-08,191.067,521.305,1e-20,0.0,0.0,101.049,0.0,0.0,0.0,0.0,813.421,1.00057,-0.148418,0.44626,17.0048,0.0,0.0,0.0,14116.0,0.0,,
0.00790195,7.63821e-08,191.375,521.003,1e-20,0.0,0.0,101.044,0.0,0.0,0.0,0.0,813.421,1.00057,-0.14691,0.432271,17.013,0.0,0.0,0.0,0.0,0.0,,
0.00790394,7.64207e-08,191.66,520.712,1e-20,0.0,0.0,101.049,0.0,0.0,0.0,0.0,813.422,1.00057,-0.145292,0.418303,17.0212,0.0,0.0,0.0,0.0,0.0,,
0.00790592,7.65241e-08,191.874,520.492,1e-20,0.0,0.0,101.056,0.0,0.0,0.0,0.0,813.422,1.00057,-0.143561,0.404348,17.0294,0.0,0.0,0.0,0.0,0.0,,
0.00790799,7.66634e-08,191.95,520.406,1e-20,0.0,0.0,101.065,0.0,0.0,0.0,0.0,813.422,1.00057,-0.14169,0.389856,17.0379,0.0,0.0,0.0,0.0,0.0,,
0.00790999,7.65513e-08,191.957,520.389,1e-20,0.0,0.0,101.076,0.0,0.0,0.0,0.0,813.422,1.00057,-0.139786,0.375855,17.0461,0.0,0.0,0.0,0.0,0.0,,
0.00791197,7.63615e-08,191.963,520.371,1e-20,0.0,0.0,101.088,0.0,0.0,0.0,0.0,813.422,1.00057,-0.137717,0.361859,17.0542,0.0,0.0,0.0,0.0,0.0,,
0.00791396,8.11809e-08,192.015,520.308,1e-20,0.0,0.0,101.1,0.0,0.0,0.0,0.0,813.422,1.00057,-0.135491,0.34792,17.0624,0.0,0.0,0.0,0.0,0.0,,
0.00791599,8.12011e-08,192.107,520.203,1e-20,0.0,0.0,101.112,0.0,0.0,0.0,0.0,813.422,1.00057,-0.133136,0.333814,17.0707,0.0,0.0,0.0,0.0,0.0,,
0.00791793,8.08908e-08,192.308,519.991,1e-20,0.0,0.0,101.124,0.0,0.0,0.0,0.0,813.422,1.00057,-0.130924,0.320554,17.0786,0.0,0.0,0.0,0.0,0.0,,
0.00791995,8.07726e-08,192.672,519.608,1e-20,0.0,0.0,101.143,0.0,0.0,0.0,0.0,813.422,1.00057,-0.128776,0.307158,17.0869,0.0,0.0,0.0,0.0,0.0,,
0.00792196,7.63646e-08,193.095,519.159,1e-20,0.0,0.0,101.169,0.0,0.0,0.0,0.0,813.422,1.00057,-0.126876,0.294347,17.095,0.0,0.0,0.0,0.0,0.0,,
0.00792395,7.65237e-08,193.48,518.741,1e-20,0.0,0.0,101.202,0.0,0.0,0.0,0.0,813.423,1.00057,-0.125315,0.282219,17.1031,0.0,0.0,0.0,0.0,0.0,,
0.00792599,8.11229e-08,193.795,518.402,1e-20,0.0,0.0,101.226,0.0,0.0,0.0,0.0,813.423,1.00057,-0.124166,0.270425,17.1114,0.0,0.0,0.0,0.0,0.0,,
0.00792793,7.62632e-08,194.049,518.138,1e-20,0.0,0.0,101.236,0.0,0.0,0.0,0.0,813.423,1.00057,-0.123546,0.259804,17.1193,0.0,0.0,0.0,0.0,0.0,,
0.00792999,7.62661e-08,194.269,517.907,1e-20,0.0,0.0,101.247,0.0,0.0,0.0,0.0,813.423,1.00057,-0.123402,0.249182,17.1277,0.0,0.0,0.0,0.0,0.0,,
0.00793197,7.64409e-08,194.455,517.707,1e-20,0.0,0.0,101.261,0.0,0.0,0.0,0.0,813.424,1.00057,-0.123757,0.239511,17.1358,0.0,0.0,0.0,0.0,0.0,,
0.00793397,8.12479e-08,194.585,517.563,1e-20,0.0,0.0,101.276,0.0,0.0,0.0,0.0,813.424,1.00057,-0.124527,0.230275,17.1439,0.0,0.0,0.0,0.0,0.0,,
0.00793592,8.10104e-08,194.685,517.447,1e-20,0.0,0.0,101.292,0.0,0.0,0.0,0.0,813.424,1.00057,-0.125595,0.221736,17.1518,0.0,0.0,0.0,0.0,0.0,,
0.00793794,8.07109e-08,194.833,517.282,1e-20,0.0,0.0,101.31,0.0,0.0,0.0,0.0,813.425,1.00057,-0.127012,0.213399,17.1599,0.0,0.0,0.0,0.0,0.0,,
0.00793993,7.62364e-08,195.048,517.05,1e-20,0.0,0.0,101.327,0.0,0.0,0.0,0.0,813.425,1.00057,-0.128729,0.205751,17.168,0.0,0.0,0.0,0.0,0.0,,
0.00794199,7.6761e-08,195.271,516.813,1e-20,0.0,0.0,101.342,0.0,0.0,0.0,0.0,813.425,1.00057,-0.130833,0.198413,17.1763,0.0,0.0,0.0,0.0,0.0,,
0.00794398,8.15439e-08,195.379,516.697,1e-20,0.0,0.0,101.35,0.0,0.0,0.0,0.0,813.425,1.00058,-0.133086,0.192022,17.1843,0.0,0.0,0.0,0.0,0.0,,
0.00794593,8.10128e-08,195.422,516.649,1e-20,0.0,0.0,101.355,0.0,0.0,0.0,0.0,813.426,1.00058,-0.135395,0.186507,17.1921,0.0,0.0,0.0,0.0,0.0,,
0.00794795,8.05047e-08,195.484,516.585,1e-20,0.0,0.0,101.357,0.0,0.0,0.0,0.0,813.426,1.00058,-0.137739,0.181689,17.2002,0.0,0.0,0.0,0.0,0.0,,
0.00794993,7.57144e-08,195.652,516.418,1e-20,0.0,0.0,101.356,0.0,0.0,0.0,0.0,813.426,1.00058,-0.139865,0.177856,17.2081,0.0,0.0,0.0,0.0,0.0,,
0.00795197,7.564e-08,195.888,516.166,1e-20,0.0,0.0,101.371,0.0,0.0,0.0,0.0,813.426,1.00058,-0.141818,0.17479,17.2163,0.0,0.0,0.0,0.0,0.0,,
0.00795399,7.56641e-08,196.094,515.926,1e-20,0.0,0.0,101.406,0.0,0.0,0.0,0.0,813.426,1.00058,-0.143478,0.172666,17.2244,0.0,0.0,0.0,0.0,0.0,,
0.00795596,7.60326e-08,196.258,515.723,1e-20,0.0,0.0,101.445,0.0,0.0,0.0,0.0,813.426,1.00058,-0.1448,0.171456,17.2323,0.0,0.0,0.0,0.0,0.0,,
0.00795794,7.66472e-08,196.448,515.512,1e-20,0.0,0.0,101.467,0.0,0.0,0.0,0.0,813.426,1.00058,-0.145767,0.171064,17.2402,0.0,0.0,0.0,0.0,0.0,,
0.00795994,7.70167e-08,196.581,515.364,1e-20,0.0,0.0,101.481,0.0,0.0,0.0,0.0,813.426,1.00058,-0.146283,0.171385,17.2481,0.0,0.0,0.0,0.0,0.0,,
0.00796194,8.16845e-08,196.624,515.31,1e-20,0.0,0.0,101.493,0.0,0.0,0.0,0.0,813.427,1.00058,-0.14621,0.172267,17.2561,0.0,0.0,0.0,0.0,0.0,,
0.00796398,8.13246e-08,196.664,515.252,1e-20,0.0,0.0,101.511,0.0,0.0,0.0,0.0,813.427,1.00058,-0.145409,0.173653,17.2642,0.0,0.0,0.0,0.0,0.0,,
0.00796592,8.08954e-08,196.862,515.028,1e-20,0.0,0.0,101.537,0.0,0.0,0.0,0.0,813.427,1.00058,-0.143959,0.17547,17.2719,0.0,0.0,0.0,0.0,0.0,,
0.007968,7.6175e-08,197.352,514.495,1e-20,0.0,0.0,101.581,0.0,0.0,0.0,0.0,813.428,1.00058,-0.141852,0.178021,17.2802,0.0,0.0,0.0,0.0,0.0,,
0.00796998,8.1185e-08,198.034,513.754,1e-20,0.0,0.0,101.641,0.0,0.0,0.0,0.0,813.429,1.00058,-0.139446,0.181089,17.2881,0.0,0.0,0.0,0.0,0.0,,
0.00797192,8.12056e-08,198.727,513.006,1e-20,0.0,0.0,101.697,0.0,0.0,0.0,0.0,813.43,1.00058,-0.13678,0.184695,17.2958,0.0,0.0,0.0,0.0,0.0,,
0.00797394,7.62283e-08,199.244,512.448,1e-20,0.0,0.0,101.738,0.0,0.0,0.0,0.0,813.43,1.00058,-0.133829,0.188855,17.3038,0.0,0.0,0.0,0.0,0.0,,
0.00797599,7.62433e-08,199.518,512.145,1e-20,0.0,0.0,101.767,0.0,0.0,0.0,0.0,813.431,1.00058,-0.130713,0.193408,17.3119,0.0,0.0,0.0,0.0,0.0,,
0.00797798,7.6523e-08,199.573,512.076,1e-20,0.0,0.0,101.782,0.0,0.0,0.0,0.0,813.431,1.00058,-0.127676,0.198018,17.3198,0.0,0.0,0.0,0.0,0.0,,
0.00798,8.11731e-08,199.47,512.178,1e-20,0.0,0.0,101.785,0.0,0.0,0.0,0.0,813.432,1.00058,-0.124574,0.202896,17.3278,0.0,0.0,0.0,0.0,0.0,,
0.00798193,7.617e-08,199.252,512.393,1e-20,0.0,0.0,101.787,0.0,0.0,0.0,0.0,813.432,1.00058,-0.121557,0.207797,17.3354,0.0,0.0,0.0,0.0,0.0,,
0.00798399,7.61543e-08,198.943,512.701,1e-20,0.0,0.0,101.788,0.0,0.0,0.0,0.0,813.432,1.00058,-0.118229,0.213197,17.3434,0.0,0.0,0.0,0.0,0.0,,
0.00798597,7.64154e-08,198.653,512.992,1e-20,0.0,0.0,101.788,0.0,0.0,0.0,0.0,813.432,1.00058,-0.114831,0.218448,17.3512,0.0,0.0,0.0,0.0,0.0,,
0.00798796,7.64044e-08,198.446,513.199,1e-20,0.0,0.0,101.787,0.0,0.0,0.0,0.0,813.432,1.00058,-0.11126,0.223567,17.359,0.0,0.0,0.0,0.0,0.0,,
0.00798999,8.07719e-08,198.393,513.251,1e-20,0.0,0.0,101.788,0.0,0.0,0.0,0.0,813.432,1.00058,-0.107477,0.22842,17.367,0.0,0.0,0.0,0.0,0.0,,
0.00799192,8.05468e-08,198.517,513.126,1e-20,0.0,0.0,101.789,0.0,0.0,0.0,0.0,813.432,1.00058,-0.103678,0.232502,17.3745,0.0,0.0,0.0,0.0,0.0,,
0.00799392,7.58848e-08,198.828,512.817,1e-20,0.0,0.0,101.787,0.0,0.0,0.0,0.0,813.432,1.00058,-0.0994382,0.23601,17.3823,0.0,0.0,0.0,0.0,0.0,,
0.00799595,8.06754e-08,199.3,512.351,1e-20,0.0,0.0,101.78,0.0,0.0,0.0,0.0,813.432,1.00058,-0.0947329,0.238642,17.3902,0.0,0.0,0.0,0.0,0.0,,
0.00799796,8.06785e-08,199.888,511.773,1e-20,0.0,0.0,101.77,0.0,0.0,0.0,0.0,813.431,1.00058,-0.0895637,0.240302,17.398,0.0,0.0,0.0,0.0,0.0,,
0.00799998,8.07487e-08,200.498,511.175,1e-20,0.0,0.0,101.757,0.0,0.0,0.0,0.0,813.43,1.00058,-0.0839762,0.241125,17.4058,0.0,0.0,0.0,0.0,0.0,,
