series,Time (ms),Energy (J)
Kinetic Energy,0.0,812.983
Kinetic Energy,0.00198,812.983
Kinetic Energy,0.0119695,779.433
Kinetic Energy,0.0139473,772.876
Kinetic Energy,0.0259764,745.691
Kinetic Energy,0.0279564,741.275
Kinetic Energy,0.0399218,708.995
Kinetic Energy,0.041991099999999996,704.761
Kinetic Energy,0.0519394,682.065
Kinetic Energy,0.0539837,677.788
Kinetic Energy,0.065941,659.784
Kinetic Energy,0.0679144,656.301
Kinetic Energy,0.0799562,642.969
Kinetic Energy,0.083943,642.3
Kinetic Energy,0.0919373,646.252
Kinetic Energy,0.09397559999999999,647.799
Kinetic Energy,0.10595399999999999,663.987
Kinetic Energy,0.107917,666.052
Kinetic Energy,0.119959,680.608
Kinetic Energy,0.121987,683.024
Kinetic Energy,0.13195099999999998,692.707
Kinetic Energy,0.13399899999999998,694.552
Kinetic Energy,0.145961,698.974
Kinetic Energy,0.147922,699.158
Kinetic Energy,0.159926,698.771
Kinetic Energy,0.161965,698.254
Kinetic Energy,0.171935,687.758
Kinetic Energy,0.173974,684.865
Kinetic Energy,0.185958,670.036
Kinetic Energy,0.187999,668.301
Kinetic Energy,0.199988,657.518
Kinetic Energy,0.201941,655.748
Kinetic Energy,0.211982,649.223
Kinetic Energy,0.215969,648.739
Kinetic Energy,0.225971,654.218
Kinetic Energy,0.227927,655.95
Kinetic Energy,0.239928,662.649
Kinetic Energy,0.24197500000000002,663.362
Kinetic Energy,0.251997,666.917
Kinetic Energy,0.255973,667.651
Kinetic Energy,0.265959,661.268
Kinetic Energy,0.267988,659.256
Kinetic Energy,0.27997900000000003,649.208
Kinetic Energy,0.281916,647.817
Kinetic Energy,0.291935,640.58
Kinetic Energy,0.29395400000000005,639.122
Kinetic Energy,0.305935,629.184
Kinetic Energy,0.307946,627.981
Kinetic Energy,0.319933,624.392
Kinetic Energy,0.327964,623.271
Kinetic Energy,0.331932,624.357
Kinetic Energy,0.333967,625.628
Kinetic Energy,0.345995,633.076
Kinetic Energy,0.347939,632.944
Kinetic Energy,0.35798399999999997,630.147
Kinetic Energy,0.361937,630.75
Kinetic Energy,0.371962,634.746
Kinetic Energy,0.37794700000000003,636.01
Kinetic Energy,0.385972,634.687
Kinetic Energy,0.387993,634.313
Kinetic Energy,0.39991899999999997,632.41
Kinetic Energy,0.401965,632.193
Kinetic Energy,0.407972,631.234
Kinetic Energy,0.413979,632.375
Kinetic Energy,0.425965,637.481
Kinetic Energy,0.427976,637.823
Kinetic Energy,0.43392000000000003,638.254
Kinetic Energy,0.441925,638.116
Kinetic Energy,0.451978,639.553
Kinetic Energy,0.45392499999999997,639.838
Kinetic Energy,0.46597,643.855
Kinetic Energy,0.467994,644.844
Kinetic Energy,0.47592,646.733
Kinetic Energy,0.481934,645.983
Kinetic Energy,0.493924,644.108
Kinetic Energy,0.49594699999999997,643.693
Kinetic Energy,0.5059119999999999,642.857
Kinetic Energy,0.509992,642.709
Kinetic Energy,0.519967,645.805
Kinetic Energy,0.5219159999999999,646.793
Kinetic Energy,0.533941,651.714
Kinetic Energy,0.5399499999999999,651.536
Kinetic Energy,0.545952,652.348
Kinetic Energy,0.5479849999999999,653.129
Kinetic Energy,0.5599230000000001,659.266
Kinetic Energy,0.5639930000000001,659.616
Kinetic Energy,0.573963,659.023
Kinetic Energy,0.575998,659.092
Kinetic Energy,0.5819300000000001,659.58
Kinetic Energy,0.5879610000000001,658.619
Kinetic Energy,0.5999310000000001,652.557
Kinetic Energy,0.601974,651.797
Kinetic Energy,0.61392,650.964
Kinetic Energy,0.615958,650.538
Kinetic Energy,0.625964,647.701
Kinetic Energy,0.633949,646.461
Kinetic Energy,0.639953,647.481
Kinetic Energy,0.641986,647.711
Kinetic Energy,0.653952,645.029
Kinetic Energy,0.655986,644.395
Kinetic Energy,0.665952,641.006
Kinetic Energy,0.667975,640.377
Kinetic Energy,0.67993,634.32
Kinetic Energy,0.681951,632.684
Kinetic Energy,0.693955,620.504
Kinetic Energy,0.6959559999999999,618.456
Kinetic Energy,0.7059650000000001,607.298
Kinetic Energy,0.707922,605.163
Kinetic Energy,0.71995,594.992
Kinetic Energy,0.721981,593.904
Kinetic Energy,0.731927,591.962
Kinetic Energy,0.735957,592.128
Kinetic Energy,0.745921,593.81
Kinetic Energy,0.747934,594.485
Kinetic Energy,0.759997,597.643
Kinetic Energy,0.76192,597.621
Kinetic Energy,0.773977,593.075
Kinetic Energy,0.775992,591.942
Kinetic Energy,0.7859510000000001,586.912
Kinetic Energy,0.787957,585.606
Kinetic Energy,0.79999,577.139
Kinetic Energy,0.8019379999999999,575.983
Kinetic Energy,0.813995,568.074
Kinetic Energy,0.815951,566.999
Kinetic Energy,0.823939,565.282
Kinetic Energy,0.827996,565.726
Kinetic Energy,0.839961,567.492
Kinetic Energy,0.841981,567.844
Kinetic Energy,0.853955,573.82
Kinetic Energy,0.855947,574.85
Kinetic Energy,0.86199,576.208
Kinetic Energy,0.867914,574.908
Kinetic Energy,0.879967,572.417
Kinetic Energy,0.8819910000000001,572.365
Kinetic Energy,0.893978,568.578
Kinetic Energy,0.895995,567.424
Kinetic Energy,0.905953,563.139
Kinetic Energy,0.9079360000000001,562.697
Kinetic Energy,0.919923,560.866
Kinetic Energy,0.925984,560.597
Kinetic Energy,0.933982,562.012
Kinetic Energy,0.935975,562.794
Kinetic Energy,0.947981,569.338
Kinetic Energy,0.949924,570.256
Kinetic Energy,0.959918,574.335
Kinetic Energy,0.961953,575.061
Kinetic Energy,0.971921,576.871
Kinetic Energy,0.97598,575.996
Kinetic Energy,0.987971,570.353
Kinetic Energy,0.989993,569.577
Kinetic Energy,0.9999340000000001,568.216
Kinetic Energy,1.0019600000000002,568.248
Kinetic Energy,1.01394,569.179
Kinetic Energy,1.01597,569.664
Kinetic Energy,1.02797,574.612
Kinetic Energy,1.02999,575.316
Kinetic Energy,1.03996,577.292
Kinetic Energy,1.04591,577.128
Kinetic Energy,1.05396,578.173
Kinetic Energy,1.05598,578.628
Kinetic Energy,1.06196,579.253
Kinetic Energy,1.0699699999999999,578.396
Kinetic Energy,1.0799699999999999,576.372
Kinetic Energy,1.0859400000000001,575.832
Kinetic Energy,1.09392,576.54
Kinetic Energy,1.0999899999999998,577.245
Kinetic Energy,1.10795,576.646
Kinetic Energy,1.1099700000000001,576.528
Kinetic Energy,1.11992,577.469
Kinetic Energy,1.12795,578.014
Kinetic Energy,1.13396,577.607
Kinetic Energy,1.13596,577.379
Kinetic Energy,1.1459199999999998,576.191
Kinetic Energy,1.14997,576.417
Kinetic Energy,1.15999,577.09
Kinetic Energy,1.16192,577.044
Kinetic Energy,1.17398,573.462
Kinetic Energy,1.17592,572.608
Kinetic Energy,1.1879600000000001,569.702
Kinetic Energy,1.1899499999999998,569.396
Kinetic Energy,1.19999,564.959
Kinetic Energy,1.20199,563.586
Kinetic Energy,1.21395,555.827
Kinetic Energy,1.2159600000000002,554.929
Kinetic Energy,1.22794,549.766
Kinetic Energy,1.22995,548.788
Kinetic Energy,1.2399900000000001,546.444
Kinetic Energy,1.242,546.324
Kinetic Energy,1.25392,542.013
Kinetic Energy,1.25594,540.753
Kinetic Energy,1.26795,534.739
Kinetic Energy,1.26999,534.197
Kinetic Energy,1.27994,530.946
Kinetic Energy,1.28196,529.637
Kinetic Energy,1.2939399999999999,522.311
Kinetic Energy,1.29594,521.22
Kinetic Energy,1.30792,515.441
Kinetic Energy,1.30994,514.461
Kinetic Energy,1.3199500000000002,510.328
Kinetic Energy,1.32198,509.961
Kinetic Energy,1.33399,507.481
Kinetic Energy,1.3359299999999998,506.976
Kinetic Energy,1.34796,504.897
Kinetic Energy,1.35,504.291
Kinetic Energy,1.35998,500.182
Kinetic Energy,1.36593,499.351
Kinetic Energy,1.37398,500.008
Kinetic Energy,1.3760000000000001,500.18
Kinetic Energy,1.38792,501.647
Kinetic Energy,1.3899400000000002,502.003
Kinetic Energy,1.3959599999999999,502.454
Kinetic Energy,1.40197,501.999
Kinetic Energy,1.41391,501.057
Kinetic Energy,1.4219199999999999,501.154
Kinetic Energy,1.42799,500.279
Kinetic Energy,1.42992,499.741
Kinetic Energy,1.4419700000000002,495.703
Kinetic Energy,1.44398,495.197
Kinetic Energy,1.4539799999999998,493.928
Kinetic Energy,1.45799,493.651
Kinetic Energy,1.46794,495.719
Kinetic Energy,1.46994,496.148
Kinetic Energy,1.48197,498.15
Kinetic Energy,1.48399,498.652
Kinetic Energy,1.49395,500.07
Kinetic Energy,1.4959699999999998,500.028
Kinetic Energy,1.50592,499.34
Kinetic Energy,1.50997,500.075
Kinetic Energy,1.52196,505.677
Kinetic Energy,1.5239699999999998,506.157
Kinetic Energy,1.53391,506.873
Kinetic Energy,1.5359200000000002,507.077
Kinetic Energy,1.54795,511.142
Kinetic Energy,1.5519699999999998,511.734
Kinetic Energy,1.56198,509.989
Kinetic Energy,1.56598,509.88
Kinetic Energy,1.57191,509.913
Kinetic Energy,1.5759400000000001,509.844
Kinetic Energy,1.58794,508.09
Kinetic Energy,1.59199,507.817
Kinetic Energy,1.6019999999999999,508.918
Kinetic Energy,1.60392,508.888
Kinetic Energy,1.61399,504.69
Kinetic Energy,1.61798,504.336
Kinetic Energy,1.62391,504.695
Kinetic Energy,1.62992,503.901
Kinetic Energy,1.64192,501.25
Kinetic Energy,1.6439300000000001,500.617
Kinetic Energy,1.6539899999999998,499.501
Kinetic Energy,1.65594,499.435
Kinetic Energy,1.66793,501.186
Kinetic Energy,1.67392,501.709
Kinetic Energy,1.68198,499.683
Kinetic Energy,1.68399,498.928
Kinetic Energy,1.69394,495.594
Kinetic Energy,1.69595,494.837
Kinetic Energy,1.70797,491.037
Kinetic Energy,1.70999,490.613
Kinetic Energy,1.7219200000000001,487.725
Kinetic Energy,1.72596,487.31
Kinetic Energy,1.7319900000000001,487.583
Kinetic Energy,1.73599,487.219
Kinetic Energy,1.74796,485.625
Kinetic Energy,1.74997,485.332
Kinetic Energy,1.76197,482.75
Kinetic Energy,1.76399,481.635
Kinetic Energy,1.7739800000000001,473.409
Kinetic Energy,1.77597,472.15
Kinetic Energy,1.788,466.427
Kinetic Energy,1.78999,465.76
Kinetic Energy,1.80193,459.817
Kinetic Energy,1.80393,458.312
Kinetic Energy,1.81395,450.359
Kinetic Energy,1.81598,449.038
Kinetic Energy,1.8279699999999999,442.932
Kinetic Energy,1.82999,442.026
Kinetic Energy,1.84197,439.002
Kinetic Energy,1.8439699999999999,438.753
Kinetic Energy,1.85396,436.842
Kinetic Energy,1.85598,436.084
Kinetic Energy,1.868,432.058
Kinetic Energy,1.86998,431.596
Kinetic Energy,1.88196,429.151
Kinetic Energy,1.88395,428.607
Kinetic Energy,1.8959700000000002,425.374
Kinetic Energy,1.89792,424.847
Kinetic Energy,1.90792,421.939
Kinetic Energy,1.90994,421.4
Kinetic Energy,1.9220000000000002,417.067
Kinetic Energy,1.92797,416.152
Kinetic Energy,1.93599,417.649
Kinetic Energy,1.93797,418.375
Kinetic Energy,1.9479499999999998,421.952
Kinetic Energy,1.95196,422.419
Kinetic Energy,1.9619799999999998,421.137
Kinetic Energy,1.9639900000000001,420.773
Kinetic Energy,1.97599,419.278
Kinetic Energy,1.97797,418.999
Kinetic Energy,1.98795,417.757
Kinetic Energy,1.9899599999999997,417.647
Kinetic Energy,2.00198,420.917
Kinetic Energy,2.0039900000000004,421.668
Kinetic Energy,2.0159800000000003,425.252
Kinetic Energy,2.01798,426.083
Kinetic Energy,2.02798,430.318
Kinetic Energy,2.02997,431.174
Kinetic Energy,2.04197,436.018
Kinetic Energy,2.0479399999999996,436.853
Kinetic Energy,2.05596,436.134
Kinetic Energy,2.05797,435.69
Kinetic Energy,2.06799,433.953
Kinetic Energy,2.07,433.67
Kinetic Energy,2.0819300000000003,430.552
Kinetic Energy,2.08793,429.73
Kinetic Energy,2.09594,430.509
Kinetic Energy,2.1039600000000003,430.269
Kinetic Energy,2.10798,430.587
Kinetic Energy,2.10999,430.909
Kinetic Energy,2.11998,432.09
Kinetic Energy,2.12595,431.93
Kinetic Energy,2.1359999999999997,433.485
Kinetic Energy,2.1379200000000003,433.842
Kinetic Energy,2.14395,434.886
Kinetic Energy,2.14994,434.056
Kinetic Energy,2.16193,428.471
Kinetic Energy,2.16393,427.543
Kinetic Energy,2.176,425.221
Kinetic Energy,2.17796,424.94
Kinetic Energy,2.1879299999999997,423.564
Kinetic Energy,2.18994,423.309
Kinetic Energy,2.202,421.432
Kinetic Energy,2.2039999999999997,421.006
Kinetic Energy,2.21593,418.762
Kinetic Energy,2.21794,418.368
Kinetic Energy,2.22797,417.004
Kinetic Energy,2.22998,417.076
Kinetic Energy,2.24199,420.048
Kinetic Energy,2.2479299999999998,421.168
Kinetic Energy,2.25597,419.829
Kinetic Energy,2.2579700000000003,419.274
Kinetic Energy,2.26794,417.473
Kinetic Energy,2.26995,417.029
Kinetic Energy,2.28193,413.076
Kinetic Energy,2.28395,412.408
Kinetic Energy,2.29596,408.248
Kinetic Energy,2.29799,407.088
Kinetic Energy,2.3080000000000003,400.896
Kinetic Energy,2.30999,400.072
Kinetic Energy,2.32197,397.88
Kinetic Energy,2.3239699999999996,397.446
Kinetic Energy,2.33598,395.026
Kinetic Energy,2.3379999999999996,394.695
Kinetic Energy,2.3479799999999997,392.714
Kinetic Energy,2.34999,392.128
Kinetic Energy,2.3619499999999998,388.114
Kinetic Energy,2.3639300000000003,387.68
Kinetic Energy,2.37593,386.536
Kinetic Energy,2.3779399999999997,386.411
Kinetic Energy,2.39,384.488
Kinetic Energy,2.3919900000000003,383.987
Kinetic Energy,2.40195,380.19
Kinetic Energy,2.40396,379.326
Kinetic Energy,2.41592,375.56
Kinetic Energy,2.41793,374.877
Kinetic Energy,2.42992,371.771
Kinetic Energy,2.4319200000000003,371.286
Kinetic Energy,2.44194,368.833
Kinetic Energy,2.44394,368.316
Kinetic Energy,2.45595,367.586
Kinetic Energy,2.45793,367.397
Kinetic Energy,2.46997,366.932
Kinetic Energy,2.47197,366.678
Kinetic Energy,2.48196,363.67
Kinetic Energy,2.4839800000000003,363.098
Kinetic Energy,2.48993,362.356
Kinetic Energy,2.49798,362.867
Kinetic Energy,2.50998,366.59
Kinetic Energy,2.5139400000000003,367.337
Kinetic Energy,2.52194,365.611
Kinetic Energy,2.52395,364.92
Kinetic Energy,2.536,362.836
Kinetic Energy,2.5379899999999997,362.859
Kinetic Energy,2.5459699999999996,363.142
Kinetic Energy,2.5519700000000003,362.974
Kinetic Energy,2.55795,362.602
Kinetic Energy,2.56392,362.969
Kinetic Energy,2.57595,364.68
Kinetic Energy,2.5839399999999997,364.524
Kinetic Energy,2.58995,364.96
Kinetic Energy,2.59197,365.287
Kinetic Energy,2.6019699999999997,367.389
Kinetic Energy,2.6039600000000003,368.191
Kinetic Energy,2.61594,374.961
Kinetic Energy,2.61795,376.126
Kinetic Energy,2.62993,381.599
Kinetic Energy,2.63194,382.348
Kinetic Energy,2.6399399999999997,383.979
Kinetic Energy,2.64398,383.632
Kinetic Energy,2.6559399999999997,380.705
Kinetic Energy,2.65995,380.514
Kinetic Energy,2.6699900000000003,381.665
Kinetic Energy,2.67192,381.532
Kinetic Energy,2.68192,376.154
Kinetic Energy,2.68394,374.542
Kinetic Energy,2.69592,365.548
Kinetic Energy,2.69794,364.077
Kinetic Energy,2.70994,357.116
Kinetic Energy,2.71196,356.065
Kinetic Energy,2.72194,349.812
Kinetic Energy,2.7239299999999997,348.731
Kinetic Energy,2.73596,345.328
Kinetic Energy,2.7379700000000002,344.249
Kinetic Energy,2.74995,339.94
Kinetic Energy,2.75398,339.465
Kinetic Energy,2.76197,340.572
Kinetic Energy,2.76592,341.227
Kinetic Energy,2.7759199999999997,338.916
Kinetic Energy,2.77793,337.962
Kinetic Energy,2.78594,335.513
Kinetic Energy,2.7919199999999997,336.16
Kinetic Energy,2.80192,338.17
Kinetic Energy,2.80595,338.366
Kinetic Energy,2.81594,336.623
Kinetic Energy,2.81796,335.911
Kinetic Energy,2.82394,334.709
Kinetic Energy,2.83797,335.912
Kinetic Energy,2.84394,335.339
Kinetic Energy,2.84998,334.845
Kinetic Energy,2.85596,335.247
Kinetic Energy,2.8619600000000003,335.873
Kinetic Energy,2.86996,333.657
Kinetic Energy,2.87198,332.615
Kinetic Energy,2.88399,324.851
Kinetic Energy,2.88598,323.459
Kinetic Energy,2.8959699999999997,317.711
Kinetic Energy,2.89797,316.823
Kinetic Energy,2.90994,312.379
Kinetic Energy,2.9119200000000003,311.818
Kinetic Energy,2.9239800000000002,307.011
Kinetic Energy,2.9279699999999997,306.65
Kinetic Energy,2.93598,307.524
Kinetic Energy,2.93999,307.861
Kinetic Energy,2.94992,306.991
Kinetic Energy,2.954,307.071
Kinetic Energy,2.96394,304.767
Kinetic Energy,2.9659500000000003,304.098
Kinetic Energy,2.976,300.928
Kinetic Energy,2.9819400000000003,300.021
Kinetic Energy,2.98999,300.787
Kinetic Energy,2.99191,301.02
Kinetic Energy,2.99795,301.486
Kinetic Energy,3.00595,300.879
Kinetic Energy,3.01594,299.606
Kinetic Energy,3.01793,299.289
Kinetic Energy,3.0299799999999997,297.298
Kinetic Energy,3.03192,296.913
Kinetic Energy,3.04399,292.552
Kinetic Energy,3.04599,291.794
Kinetic Energy,3.05598,288.502
Kinetic Energy,3.058,287.812
Kinetic Energy,3.0699199999999998,284.184
Kinetic Energy,3.07193,283.255
Kinetic Energy,3.0819300000000003,279.173
Kinetic Energy,3.0859199999999998,279.748
Kinetic Energy,3.09595,282.72
Kinetic Energy,3.10592,282.855
Kinetic Energy,3.10994,282.499
Kinetic Energy,3.11194,281.884
Kinetic Energy,3.1219799999999998,278.943
Kinetic Energy,3.12598,279.136
Kinetic Energy,3.13199,279.625
Kinetic Energy,3.13794,278.92
Kinetic Energy,3.14997,274.976
Kinetic Energy,3.15197,274.018
Kinetic Energy,3.16396,266.967
Kinetic Energy,3.16595,266.125
Kinetic Energy,3.17598,262.702
Kinetic Energy,3.17799,261.968
Kinetic Energy,3.1899900000000003,255.586
Kinetic Energy,3.19199,254.659
Kinetic Energy,3.20396,250.041
Kinetic Energy,3.20797,249.733
Kinetic Energy,3.2159400000000002,250.4
Kinetic Energy,3.21797,250.473
Kinetic Energy,3.22994,252.16
Kinetic Energy,3.23193,252.617
Kinetic Energy,3.24194,253.91
Kinetic Energy,3.24597,253.694
Kinetic Energy,3.25595,253.177
Kinetic Energy,3.25794,252.89
Kinetic Energy,3.27,247.59
Kinetic Energy,3.2720000000000002,246.82
Kinetic Energy,3.28392,243.877
Kinetic Energy,3.28596,242.939
Kinetic Energy,3.29797,236.394
Kinetic Energy,3.29997,235.224
Kinetic Energy,3.30992,231.931
Kinetic Energy,3.31195,232.236
Kinetic Energy,3.3239799999999997,234.862
Kinetic Energy,3.3259700000000003,234.692
Kinetic Energy,3.33794,230.97
Kinetic Energy,3.33996,230.961
Kinetic Energy,3.34997,232.946
Kinetic Energy,3.35196,233.59
Kinetic Energy,3.36396,239.489
Kinetic Energy,3.36598,240.176
Kinetic Energy,3.37399,241.445
Kinetic Energy,3.37992,240.853
Kinetic Energy,3.38991,238.708
Kinetic Energy,3.39191,237.886
Kinetic Energy,3.40393,233.423
Kinetic Energy,3.40593,232.827
Kinetic Energy,3.41799,228.514
Kinetic Energy,3.41997,228.019
Kinetic Energy,3.4279699999999997,227.285
Kinetic Energy,3.43392,227.646
Kinetic Energy,3.44393,226.111
Kinetic Energy,3.44592,226.152
Kinetic Energy,3.45792,227.739
Kinetic Energy,3.45993,227.795
Kinetic Energy,3.46796,227.442
Kinetic Energy,3.472,227.611
Kinetic Energy,3.48397,229.593
Kinetic Energy,3.48595,230.176
Kinetic Energy,3.4939400000000003,231.606
Kinetic Energy,3.50191,231.568
Kinetic Energy,3.50992,230.542
Kinetic Energy,3.51193,229.799
Kinetic Energy,3.5239999999999996,225.406
Kinetic Energy,3.52592,225.331
Kinetic Energy,3.53797,228.901
Kinetic Energy,3.54398,230.51
Kinetic Energy,3.5499400000000003,229.5
Kinetic Energy,3.55196,228.734
Kinetic Energy,3.56393,223.127
Kinetic Energy,3.56594,222.476
Kinetic Energy,3.57798,220.22
Kinetic Energy,3.57999,219.967
Kinetic Energy,3.5899199999999998,218.762
Kinetic Energy,3.59193,218.311
Kinetic Energy,3.6039399999999997,215.535
Kinetic Energy,3.60595,215.187
Kinetic Energy,3.6179900000000003,214.574
Kinetic Energy,3.61993,214.576
Kinetic Energy,3.62994,216.525
Kinetic Energy,3.63396,217.006
Kinetic Energy,3.64398,215.543
Kinetic Energy,3.646,215.235
Kinetic Energy,3.65795,213.064
Kinetic Energy,3.65995,212.325
Kinetic Energy,3.66994,206.032
Kinetic Energy,3.6719500000000003,204.506
Kinetic Energy,3.68394,197.424
Kinetic Energy,3.68593,196.755
Kinetic Energy,3.698,191.917
Kinetic Energy,3.69997,191.062
Kinetic Energy,3.70993,188.581
Kinetic Energy,3.71794,188.438
Kinetic Energy,3.72398,187.746
Kinetic Energy,3.72795,187.475
Kinetic Energy,3.7379700000000002,188.297
Kinetic Energy,3.7399999999999998,188.13
Kinetic Energy,3.75,185.648
Kinetic Energy,3.75196,185.317
Kinetic Energy,3.76394,183.07
Kinetic Energy,3.76597,182.76
Kinetic Energy,3.77797,182.198
Kinetic Energy,3.78198,182.34
Kinetic Energy,3.7919899999999997,181.707
Kinetic Energy,3.7939599999999998,181.717
Kinetic Energy,3.80394,182.41
Kinetic Energy,3.80599,182.387
Kinetic Energy,3.81796,178.573
Kinetic Energy,3.8199699999999996,177.966
Kinetic Energy,3.8279099999999997,177.029
Kinetic Energy,3.83394,177.733
Kinetic Energy,3.84397,180.372
Kinetic Energy,3.84599,181.152
Kinetic Energy,3.85393,183.598
Kinetic Energy,3.8599300000000003,183.028
Kinetic Energy,3.87193,180.381
Kinetic Energy,3.87394,179.498
Kinetic Energy,3.88393,176.419
Kinetic Energy,3.88599,175.772
Kinetic Energy,3.8979399999999997,169.554
Kinetic Energy,3.89994,168.156
Kinetic Energy,3.9119200000000003,163.818
Kinetic Energy,3.91394,163.598
Kinetic Energy,3.9239699999999997,162.422
Kinetic Energy,3.92593,162.054
Kinetic Energy,3.932,161.412
Kinetic Energy,3.9399800000000003,161.873
Kinetic Energy,3.9519200000000003,162.315
Kinetic Energy,3.9539500000000003,162.315
Kinetic Energy,3.96395,160.437
Kinetic Energy,3.96593,159.687
Kinetic Energy,3.97194,158.129
Kinetic Energy,3.9799400000000005,159.165
Kinetic Energy,3.9919200000000004,154.841
Kinetic Energy,3.9939299999999998,154.239
Kinetic Energy,4.00399,152.961
Kinetic Energy,4.00596,152.813
Kinetic Energy,4.01796,151.248
Kinetic Energy,4.01994,151.002
Kinetic Energy,4.03198,147.62
Kinetic Energy,4.03395,147.024
Kinetic Energy,4.0399199999999995,146.01
Kinetic Energy,4.045929999999999,146.463
Kinetic Energy,4.057930000000001,147.807
Kinetic Energy,4.05993,147.849
Kinetic Energy,4.071960000000001,146.177
Kinetic Energy,4.07397,145.856
Kinetic Energy,4.08399,143.695
Kinetic Energy,4.08594,143.462
Kinetic Energy,4.09598,142.604
Kinetic Energy,4.09994,143.104
Kinetic Energy,4.10795,144.278
Kinetic Energy,4.11394,143.561
Kinetic Energy,4.12399,141.754
Kinetic Energy,4.12597,141.822
Kinetic Energy,4.13793,143.578
Kinetic Energy,4.13992,143.537
Kinetic Energy,4.15194,140.216
Kinetic Energy,4.15394,139.567
Kinetic Energy,4.157959999999999,139.054
Kinetic Energy,4.17197,139.021
Kinetic Energy,4.17795,139.614
Kinetic Energy,4.17993,139.836
Kinetic Energy,4.19195,141.413
Kinetic Energy,4.19792,141.888
Kinetic Energy,4.2039800000000005,141.701
Kinetic Energy,4.20595,141.608
Kinetic Energy,4.21793,136.929
Kinetic Energy,4.21997,135.871
Kinetic Energy,4.231920000000001,132.574
Kinetic Energy,4.23994,131.982
Kinetic Energy,4.24598,133.113
Kinetic Energy,4.25199,133.972
Kinetic Energy,4.25796,133.389
Kinetic Energy,4.25992,133.06
Kinetic Energy,4.26992,132.24
Kinetic Energy,4.273960000000001,132.265
Kinetic Energy,4.27797,132.174
Kinetic Energy,4.2879499999999995,131.928
Kinetic Energy,4.29796,128.382
Kinetic Energy,4.2999600000000004,127.735
Kinetic Energy,4.311920000000001,125.036
Kinetic Energy,4.31399,124.904
Kinetic Energy,4.32397,124.555
Kinetic Energy,4.33195,125.019
Kinetic Energy,4.33795,123.942
Kinetic Energy,4.3399600000000005,123.12
Kinetic Energy,4.35198,120.765
Kinetic Energy,4.35996,120.918
Kinetic Energy,4.36593,120.315
Kinetic Energy,4.3679499999999996,119.647
Kinetic Energy,4.378,116.598
Kinetic Energy,4.38195,116.575
Kinetic Energy,4.391940000000001,115.987
Kinetic Energy,4.393949999999999,115.631
Kinetic Energy,4.40599,112.071
Kinetic Energy,4.4079999999999995,112.019
Kinetic Energy,4.417940000000001,112.626
Kinetic Energy,4.42795,112.968
Kinetic Energy,4.43192,112.383
Kinetic Energy,4.4339699999999995,111.925
Kinetic Energy,4.44599,107.633
Kinetic Energy,4.44796,106.907
Kinetic Energy,4.457929999999999,104.694
Kinetic Energy,4.45998,104.487
Kinetic Energy,4.47194,102.526
Kinetic Energy,4.473920000000001,102.164
Kinetic Energy,4.48597,98.7085
Kinetic Energy,4.48792,97.9251
Kinetic Energy,4.49794,94.47
Kinetic Energy,4.49998,94.2763
Kinetic Energy,4.51199,95.6505
Kinetic Energy,4.51397,95.9571
Kinetic Energy,4.51795,96.2508
Kinetic Energy,4.52796,96.21
Kinetic Energy,4.53797,97.0158
Kinetic Energy,4.53997,97.0523
Kinetic Energy,4.54993,97.4393
Kinetic Energy,4.55396,96.8703
Kinetic Energy,4.56598,90.2239
Kinetic Energy,4.56798,89.6849
Kinetic Energy,4.57594,88.3894
Kinetic Energy,4.57998,88.7267
Kinetic Energy,4.59197,90.4978
Kinetic Energy,4.59393,90.6535
Kinetic Energy,4.6039699999999995,91.0965
Kinetic Energy,4.60796,90.6303
Kinetic Energy,4.61798,89.9937
Kinetic Energy,4.61999,90.0359
Kinetic Energy,4.63194,91.0243
Kinetic Energy,4.633929999999999,91.2068
Kinetic Energy,4.64194,91.8288
Kinetic Energy,4.64799,91.3321
Kinetic Energy,4.65794,90.1268
Kinetic Energy,4.66193,90.13
Kinetic Energy,4.67199,89.1848
Kinetic Energy,4.67399,89.0806
Kinetic Energy,4.685919999999999,87.8147
Kinetic Energy,4.68798,87.1924
Kinetic Energy,4.69595,86.1648
Kinetic Energy,4.70392,86.7686
Kinetic Energy,4.71193,85.932
Kinetic Energy,4.7139299999999995,85.4804
Kinetic Energy,4.725949999999999,82.3702
Kinetic Energy,4.727989999999999,81.7651
Kinetic Energy,4.73993,80.5406
Kinetic Energy,4.74194,80.1394
Kinetic Energy,4.752,79.1623
Kinetic Energy,4.75392,79.0549
Kinetic Energy,4.76596,78.6857
Kinetic Energy,4.76795,78.6765
Kinetic Energy,4.776,79.3519
Kinetic Energy,4.7859799999999995,78.6793
Kinetic Energy,4.79195,79.7799
Kinetic Energy,4.79395,80.7369
Kinetic Energy,4.80192,83.4252
Kinetic Energy,4.80793,81.5011
Kinetic Energy,4.8199499999999995,76.2337
Kinetic Energy,4.821940000000001,75.5726
Kinetic Energy,4.83197,73.3677
Kinetic Energy,4.83796,73.0271
Kinetic Energy,4.8459200000000004,73.4743
Kinetic Energy,4.84799,73.745
Kinetic Energy,4.85999,76.4847
Kinetic Energy,4.86197,77.3115
Kinetic Energy,4.87193,81.5629
Kinetic Energy,4.87793,81.7229
Kinetic Energy,4.886,82.219
Kinetic Energy,4.88797,82.2365
Kinetic Energy,4.89997,79.6982
Kinetic Energy,4.9019900000000005,79.4707
Kinetic Energy,4.91197,79.0698
Kinetic Energy,4.91395,79.0647
Kinetic Energy,4.92397,77.9511
Kinetic Energy,4.9279399999999995,78.0432
Kinetic Energy,4.93994,76.7832
Kinetic Energy,4.9419900000000005,76.4827
Kinetic Energy,4.951910000000001,75.4207
Kinetic Energy,4.95393,75.1503
Kinetic Energy,4.96596,72.1965
Kinetic Energy,4.9759899999999995,72.5304
Kinetic Energy,4.97997,71.6826
Kinetic Energy,4.981979999999999,70.9294
Kinetic Energy,4.992,67.7695
Kinetic Energy,4.99392,67.2686
Kinetic Energy,5.0059700000000005,64.7939
Kinetic Energy,5.00999,64.3012
Kinetic Energy,5.01995,65.1663
Kinetic Energy,5.02196,65.5446
Kinetic Energy,5.0319199999999995,67.5542
Kinetic Energy,5.03993,69.0594
Kinetic Energy,5.0459700000000005,67.877
Kinetic Energy,5.04795,67.0447
Kinetic Energy,5.05995,63.5773
Kinetic Energy,5.06198,62.9517
Kinetic Energy,5.06995,61.7018
Kinetic Energy,5.07996,62.5192
Kinetic Energy,5.0859499999999995,61.6192
Kinetic Energy,5.08794,61.4163
Kinetic Energy,5.09997,60.2275
Kinetic Energy,5.10195,59.6727
Kinetic Energy,5.10998,57.8701
Kinetic Energy,5.11395,58.5326
Kinetic Energy,5.12594,60.3087
Kinetic Energy,5.12795,60.6587
Kinetic Energy,5.13994,63.2863
Kinetic Energy,5.1419500000000005,63.2345
Kinetic Energy,5.15198,62.0244
Kinetic Energy,5.1579299999999995,60.6425
Kinetic Energy,5.16595,62.2883
Kinetic Energy,5.172000000000001,63.3419
Kinetic Energy,5.17996,62.2262
Kinetic Energy,5.18194,61.7856
Kinetic Energy,5.19396,58.0371
Kinetic Energy,5.195939999999999,57.5435
Kinetic Energy,5.203939999999999,56.5155
Kinetic Energy,5.20798,56.5848
Kinetic Energy,5.21798,57.0869
Kinetic Energy,5.2219500000000005,56.5142
Kinetic Energy,5.23397,53.6468
Kinetic Energy,5.2359800000000005,52.91
Kinetic Energy,5.24593,50.088
Kinetic Energy,5.24993,49.946
Kinetic Energy,5.25992,52.7566
Kinetic Energy,5.26792,53.8857
Kinetic Energy,5.27395,53.2727
Kinetic Energy,5.275939999999999,52.8756
Kinetic Energy,5.28599,51.9426
Kinetic Energy,5.287990000000001,51.8034
Kinetic Energy,5.29798,50.7947
Kinetic Energy,5.30399,51.0839
Kinetic Energy,5.31398,49.8423
Kinetic Energy,5.31596,49.5793
Kinetic Energy,5.326,48.4113
Kinetic Energy,5.32796,48.2656
Kinetic Energy,5.339950000000001,47.1026
Kinetic Energy,5.34195,47.1423
Kinetic Energy,5.35398,48.2121
Kinetic Energy,5.35596,48.0752
Kinetic Energy,5.365950000000001,47.0229
Kinetic Energy,5.367979999999999,46.99
Kinetic Energy,5.37999,48.7784
Kinetic Energy,5.38192,49.1869
Kinetic Energy,5.39198,50.2832
Kinetic Energy,5.39594,50.1452
Kinetic Energy,5.405959999999999,49.0927
Kinetic Energy,5.41199,49.4575
Kinetic Energy,5.41996,48.8427
Kinetic Energy,5.42194,48.4856
Kinetic Energy,5.42992,47.7477
Kinetic Energy,5.43598,48.2665
Kinetic Energy,5.44594,48.927
Kinetic Energy,5.44792,49.1453
Kinetic Energy,5.45994,51.2718
Kinetic Energy,5.46396,51.4345
Kinetic Energy,5.47393,49.9406
Kinetic Energy,5.47593,49.2751
Kinetic Energy,5.48593,45.7042
Kinetic Energy,5.48799,45.6563
Kinetic Energy,5.49994,49.09
Kinetic Energy,5.503959999999999,49.3515
Kinetic Energy,5.51195,49.0965
Kinetic Energy,5.5159400000000005,49.0928
Kinetic Energy,5.52593,48.1682
Kinetic Energy,5.527920000000001,48.1503
Kinetic Energy,5.53993,49.6542
Kinetic Energy,5.54193,49.9042
Kinetic Energy,5.5479199999999995,50.317
Kinetic Energy,5.55792,49.9215
Kinetic Energy,5.56599,50.6674
Kinetic Energy,5.56798,51.0661
Kinetic Energy,5.57999,52.5561
Kinetic Energy,5.58195,52.7831
Kinetic Energy,5.59197,53.8068
Kinetic Energy,5.5959699999999994,53.3369
Kinetic Energy,5.60593,50.4613
Kinetic Energy,5.6139600000000005,48.9072
Kinetic Energy,5.61993,49.8428
Kinetic Energy,5.62193,50.3816
Kinetic Energy,5.63392,51.8095
Kinetic Energy,5.6359699999999995,51.8825
Kinetic Energy,5.648000000000001,53.4664
Kinetic Energy,5.64994,53.4998
Kinetic Energy,5.65796,52.7797
Kinetic Energy,5.662000000000001,53.0979
Kinetic Energy,5.6739299999999995,54.5792
Kinetic Energy,5.67598,55.1977
Kinetic Energy,5.6859399999999996,57.6504
Kinetic Energy,5.6899999999999995,57.0353
Kinetic Energy,5.699949999999999,55.6105
Kinetic Energy,5.70196,55.4153
Kinetic Energy,5.7139299999999995,52.2146
Kinetic Energy,5.71593,52.0419
Kinetic Energy,5.72794,50.3108
Kinetic Energy,5.72997,50.2748
Kinetic Energy,5.73997,52.6891
Kinetic Energy,5.74192,53.2069
Kinetic Energy,5.74998,54.7071
Kinetic Energy,5.75593,53.9144
Kinetic Energy,5.76398,52.2169
Kinetic Energy,5.76998,52.1427
Kinetic Energy,5.7799499999999995,49.9242
Kinetic Energy,5.78197,49.4461
Kinetic Energy,5.78798,48.8671
Kinetic Energy,5.79998,49.3179
Kinetic Energy,5.80793,50.9225
Kinetic Energy,5.80999,51.5258
Kinetic Energy,5.8199499999999995,53.696
Kinetic Energy,5.8219899999999996,53.847
Kinetic Energy,5.83396,54.2819
Kinetic Energy,5.83599,54.3687
Kinetic Energy,5.843990000000001,54.8391
Kinetic Energy,5.84998,54.2715
Kinetic Energy,5.85996,53.5202
Kinetic Energy,5.86595,53.3284
Kinetic Energy,5.87394,53.9772
Kinetic Energy,5.87592,54.0746
Kinetic Energy,5.8879600000000005,52.6518
Kinetic Energy,5.89198,52.4704
Kinetic Energy,5.89996,52.8305
Kinetic Energy,5.901960000000001,53.051
Kinetic Energy,5.91399,55.6972
Kinetic Energy,5.915959999999999,56.0408
Kinetic Energy,5.92795,57.3957
Kinetic Energy,5.929989999999999,57.4611
Kinetic Energy,5.93997,56.4159
Kinetic Energy,5.94193,56.2985
Kinetic Energy,5.95397,60.2822
Kinetic Energy,5.95596,60.8959
Kinetic Energy,5.96797,62.1845
Kinetic Energy,5.96995,62.1889
Kinetic Energy,5.97994,60.8177
Kinetic Energy,5.98194,60.6008
Kinetic Energy,5.98792,60.38
Kinetic Energy,5.99593,60.6448
Kinetic Energy,6.00798,60.022
Kinetic Energy,6.00997,59.912
Kinetic Energy,6.01596,59.5581
Kinetic Energy,6.02197,60.0792
Kinetic Energy,6.0319400000000005,61.1657
Kinetic Energy,6.0359799999999995,60.81
Kinetic Energy,6.043950000000001,60.0781
Kinetic Energy,6.04998,60.7342
Kinetic Energy,6.05994,58.8843
Kinetic Energy,6.06192,58.6369
Kinetic Energy,6.074000000000001,57.5231
Kinetic Energy,6.07596,57.6419
Kinetic Energy,6.08799,59.4094
Kinetic Energy,6.0899600000000005,59.3423
Kinetic Energy,6.09995,58.0922
Kinetic Energy,6.10196,58.2081
Kinetic Energy,6.11395,59.7552
Kinetic Energy,6.11599,59.9962
Kinetic Energy,6.12793,61.4192
Kinetic Energy,6.12997,61.1442
Kinetic Energy,6.13999,58.7931
Kinetic Energy,6.14398,59.2114
Kinetic Energy,6.15393,61.2975
Kinetic Energy,6.15592,61.8799
Kinetic Energy,6.16796,64.0497
Kinetic Energy,6.1699399999999995,63.979
Kinetic Energy,6.18199,65.0374
Kinetic Energy,6.18595,65.3264
Kinetic Energy,6.1939400000000004,64.682
Kinetic Energy,6.1979299999999995,64.3974
Kinetic Energy,6.20792,65.7144
Kinetic Energy,6.20991,66.0963
Kinetic Energy,6.221970000000001,67.7762
Kinetic Energy,6.22392,67.9248
Kinetic Energy,6.23398,68.7304
Kinetic Energy,6.23597,68.8294
Kinetic Energy,6.2479700000000005,67.6941
Kinetic Energy,6.24994,67.2116
Kinetic Energy,6.25995,64.5891
Kinetic Energy,6.26393,64.8316
Kinetic Energy,6.2739199999999995,67.1677
Kinetic Energy,6.27593,67.6329
Kinetic Energy,6.2879499999999995,72.0524
Kinetic Energy,6.28994,72.6989
Kinetic Energy,6.29593,73.2592
Kinetic Energy,6.30796,72.2014
Kinetic Energy,6.31397,72.5448
Kinetic Energy,6.31597,72.5878
Kinetic Energy,6.32794,70.9346
Kinetic Energy,6.332,70.623
Kinetic Energy,6.34199,72.4987
Kinetic Energy,6.34394,73.0501
Kinetic Energy,6.352,74.1811
Kinetic Energy,6.35798,73.954
Kinetic Energy,6.36796,75.7765
Kinetic Energy,6.36994,76.1427
Kinetic Energy,6.38195,76.9803
Kinetic Energy,6.38397,77.3296
Kinetic Energy,6.394,78.801
Kinetic Energy,6.396,79.097
Kinetic Energy,6.40595,80.6276
Kinetic Energy,6.40996,80.5623
Kinetic Energy,6.42199,81.7514
Kinetic Energy,6.42999,81.6601
Kinetic Energy,6.43395,82.5513
Kinetic Energy,6.43592,83.1369
Kinetic Energy,6.4479999999999995,85.7624
Kinetic Energy,6.44996,85.9245
Kinetic Energy,6.46196,87.9545
Kinetic Energy,6.4639299999999995,88.3155
Kinetic Energy,6.4719299999999995,89.889
Kinetic Energy,6.47593,89.33
Kinetic Energy,6.48793,86.7085
Kinetic Energy,6.48995,86.5368
Kinetic Energy,6.50194,85.3818
Kinetic Energy,6.503959999999999,85.0345
Kinetic Energy,6.51196,84.785
Kinetic Energy,6.51597,85.2224
Kinetic Energy,6.527920000000001,87.1
Kinetic Energy,6.53195,86.8372
Kinetic Energy,6.54199,88.7056
Kinetic Energy,6.54596,88.9984
Kinetic Energy,6.5519300000000005,88.6975
Kinetic Energy,6.5599300000000005,88.5467
Kinetic Energy,6.567950000000001,89.424
Kinetic Energy,6.57194,89.5888
Kinetic Energy,6.5819399999999995,87.7515
Kinetic Energy,6.58397,87.2917
Kinetic Energy,6.5919799999999995,86.4526
Kinetic Energy,6.59794,86.62
Kinetic Energy,6.607939999999999,86.9121
Kinetic Energy,6.609979999999999,87.0902
Kinetic Energy,6.6219399999999995,89.6577
Kinetic Energy,6.62393,90.0395
Kinetic Energy,6.63598,90.8535
Kinetic Energy,6.6419299999999994,91.0609
Kinetic Energy,6.64793,90.4283
Kinetic Energy,6.64999,90.2003
Kinetic Energy,6.65597,89.7842
Kinetic Energy,6.66394,90.0785
Kinetic Energy,6.671950000000001,90.8424
Kinetic Energy,6.67797,90.4717
Kinetic Energy,6.68798,91.794
Kinetic Energy,6.68998,92.3129
Kinetic Energy,6.70194,94.568
Kinetic Energy,6.70392,94.993
Kinetic Energy,6.71595,97.1423
Kinetic Energy,6.719939999999999,97.3495
Kinetic Energy,6.72396,97.222
Kinetic Energy,6.73196,97.2054
Kinetic Energy,6.74198,97.6502
Kinetic Energy,6.743919999999999,97.8388
Kinetic Energy,6.75596,99.3732
Kinetic Energy,6.75794,99.6053
Kinetic Energy,6.76797,100.463
Kinetic Energy,6.77196,100.593
Kinetic Energy,6.78193,99.7497
Kinetic Energy,6.78399,99.8505
Kinetic Energy,6.7959700000000005,100.921
Kinetic Energy,6.7979199999999995,101.17
Kinetic Energy,6.80798,101.837
Kinetic Energy,6.8119499999999995,101.922
Kinetic Energy,6.81992,101.562
Kinetic Energy,6.82592,101.557
Kinetic Energy,6.83599,102.818
Kinetic Energy,6.84197,103.167
Kinetic Energy,6.84794,102.411
Kinetic Energy,6.84996,102.298
Kinetic Energy,6.86198,103.858
Kinetic Energy,6.86395,104.174
Kinetic Energy,6.86992,104.817
Kinetic Energy,6.87798,104.464
Kinetic Energy,6.88797,105.739
Kinetic Energy,6.88992,106.351
Kinetic Energy,6.90193,110.696
Kinetic Energy,6.90599,111.119
Kinetic Energy,6.91598,110.23
Kinetic Energy,6.9179699999999995,110.262
Kinetic Energy,6.927960000000001,111.078
Kinetic Energy,6.92995,111.388
Kinetic Energy,6.94193,112.897
Kinetic Energy,6.94396,113.048
Kinetic Energy,6.9559299999999995,113.918
Kinetic Energy,6.95798,114.269
Kinetic Energy,6.9679199999999994,116.936
Kinetic Energy,6.9699599999999995,117.025
Kinetic Energy,6.982,118.341
Kinetic Energy,6.9839899999999995,118.902
Kinetic Energy,6.99198,120.008
Kinetic Energy,6.997920000000001,119.83
Kinetic Energy,7.00796,119.526
Kinetic Energy,7.01397,119.331
Kinetic Energy,7.02198,119.871
Kinetic Energy,7.02395,120.191
Kinetic Energy,7.03596,121.634
Kinetic Energy,7.0399199999999995,121.531
Kinetic Energy,7.04793,122.247
Kinetic Energy,7.04999,122.783
Kinetic Energy,7.06194,125.609
Kinetic Energy,7.0719199999999995,125.585
Kinetic Energy,7.0759300000000005,125.753
Kinetic Energy,7.07792,125.95
Kinetic Energy,7.08997,127.448
Kinetic Energy,7.09198,127.485
Kinetic Energy,7.10198,127.325
Kinetic Energy,7.10395,127.291
Kinetic Energy,7.11594,128.893
Kinetic Energy,7.11796,129.264
Kinetic Energy,7.12994,130.496
Kinetic Energy,7.13397,130.429
Kinetic Energy,7.14196,131.508
Kinetic Energy,7.14795,132.23
Kinetic Energy,7.15596,131.732
Kinetic Energy,7.163939999999999,130.987
Kinetic Energy,7.16997,132.298
Kinetic Energy,7.17198,133.06
Kinetic Energy,7.18196,136.393
Kinetic Energy,7.18392,136.819
Kinetic Energy,7.18597,137.007
Kinetic Energy,7.19997,136.8
Kinetic Energy,7.21,138.091
Kinetic Energy,7.212,138.656
Kinetic Energy,7.2219299999999995,140.963
Kinetic Energy,7.22399,141.378
Kinetic Energy,7.235939999999999,143.202
Kinetic Energy,7.23793,143.48
Kinetic Energy,7.24998,145.664
Kinetic Energy,7.2559499999999995,146.701
Kinetic Energy,7.26199,145.902
Kinetic Energy,7.26396,145.281
Kinetic Energy,7.27394,143.121
Kinetic Energy,7.2779300000000005,143.272
Kinetic Energy,7.28998,143.933
Kinetic Energy,7.29393,144.002
Kinetic Energy,7.30192,144.632
Kinetic Energy,7.30398,144.803
Kinetic Energy,7.31594,145.824
Kinetic Energy,7.31796,146.008
Kinetic Energy,7.32995,148.874
Kinetic Energy,7.33599,149.514
Kinetic Energy,7.342,148.006
Kinetic Energy,7.34395,147.305
Kinetic Energy,7.35392,145.629
Kinetic Energy,7.35799,145.943
Kinetic Energy,7.36996,147.594
Kinetic Energy,7.37193,147.592
Kinetic Energy,7.38199,146.827
Kinetic Energy,7.38394,146.703
Kinetic Energy,7.3919299999999994,146.125
Kinetic Energy,7.39797,146.069
Kinetic Energy,7.40996,148.195
Kinetic Energy,7.41195,148.537
Kinetic Energy,7.42195,149.088
Kinetic Energy,7.42392,149.395
Kinetic Energy,7.43593,151.763
Kinetic Energy,7.43999,152.003
Kinetic Energy,7.44594,151.636
Kinetic Energy,7.45193,152.021
Kinetic Energy,7.461930000000001,153.953
Kinetic Energy,7.46392,154.231
Kinetic Energy,7.476,155.156
Kinetic Energy,7.478000000000001,155.49
Kinetic Energy,7.4899700000000005,156.993
Kinetic Energy,7.49198,157.354
Kinetic Energy,7.50194,159.783
Kinetic Energy,7.50593,159.912
Kinetic Energy,7.51398,159.38
Kinetic Energy,7.51794,159.531
Kinetic Energy,7.529929999999999,162.067
Kinetic Energy,7.53395,162.38
Kinetic Energy,7.543990000000001,161.799
Kinetic Energy,7.54992,162.139
Kinetic Energy,7.5559199999999995,161.875
Kinetic Energy,7.559950000000001,161.789
Kinetic Energy,7.56993,162.467
Kinetic Energy,7.57195,162.856
Kinetic Energy,7.58197,164.214
Kinetic Energy,7.58597,163.995
Kinetic Energy,7.59199,163.175
Kinetic Energy,7.598,163.882
Kinetic Energy,7.60999,165.402
Kinetic Energy,7.617999999999999,165.408
Kinetic Energy,7.62397,165.814
Kinetic Energy,7.62592,166.14
Kinetic Energy,7.63592,167.485
Kinetic Energy,7.63992,167.396
Kinetic Energy,7.64997,168.793
Kinetic Energy,7.65395,169.094
Kinetic Energy,7.66394,168.8
Kinetic Energy,7.665970000000001,168.862
Kinetic Energy,7.67593,170.416
Kinetic Energy,7.67793,170.967
Kinetic Energy,7.68994,174.906
Kinetic Energy,7.69198,175.262
Kinetic Energy,7.70392,175.978
Kinetic Energy,7.70599,176.056
Kinetic Energy,7.71599,176.937
Kinetic Energy,7.71799,177.036
Kinetic Energy,7.72994,177.264
Kinetic Energy,7.731990000000001,177.319
Kinetic Energy,7.74399,178.494
Kinetic Energy,7.7459299999999995,178.837
Kinetic Energy,7.75595,179.875
Kinetic Energy,7.757960000000001,180.306
Kinetic Energy,7.76996,182.892
Kinetic Energy,7.7719499999999995,183.084
Kinetic Energy,7.78392,184.497
Kinetic Energy,7.7859799999999995,184.978
Kinetic Energy,7.79396,185.636
Kinetic Energy,7.79994,185.31
Kinetic Energy,7.80993,185.699
Kinetic Energy,7.811979999999999,185.814
Kinetic Energy,7.82398,186.543
Kinetic Energy,7.82596,186.635
Kinetic Energy,7.835959999999999,187.069
Kinetic Energy,7.83796,187.101
Kinetic Energy,7.84992,188.605
Kinetic Energy,7.851979999999999,188.976
Kinetic Energy,7.863969999999999,190.102
Kinetic Energy,7.87199,189.763
Kinetic Energy,7.87599,190.073
Kinetic Energy,7.8779200000000005,190.402
Kinetic Energy,7.885970000000001,191.122
Kinetic Energy,7.895980000000001,190.349
Kinetic Energy,7.90395,191.231
Kinetic Energy,7.90597,191.377
Kinetic Energy,7.91596,191.567
Kinetic Energy,7.9179200000000005,191.642
Kinetic Energy,7.92992,193.775
Kinetic Energy,7.93199,194.225
Kinetic Energy,7.94393,196.694
Kinetic Energy,7.94595,196.632
Kinetic Energy,7.95395,195.96
Kinetic Energy,7.95793,196.172
Kinetic Energy,7.96995,197.257
Kinetic Energy,7.9779800000000005,196.96
Kinetic Energy,7.9839400000000005,197.646
Kinetic Energy,7.985930000000001,198.086
Kinetic Energy,7.99795,199.788
Kinetic Energy,7.99998,199.912
Internal Energy,0.0,2e-20
Internal Energy,0.00198,2e-20
Internal Energy,0.0119695,24.5474
Internal Energy,0.0139473,31.6219
Internal Energy,0.0259764,59.8099
Internal Energy,0.0279564,64.4645
Internal Energy,0.0399218,95.6959
Internal Energy,0.041991099999999996,99.468
Internal Energy,0.0519394,120.712
Internal Energy,0.0539837,124.622
Internal Energy,0.065941,140.061
Internal Energy,0.0679144,143.551
Internal Energy,0.0799562,156.755
Internal Energy,0.0819965,157.144
Internal Energy,0.0919373,152.01
Internal Energy,0.09397559999999999,150.311
Internal Energy,0.10595399999999999,134.44
Internal Energy,0.107917,132.459
Internal Energy,0.119959,118.004
Internal Energy,0.121987,115.455
Internal Energy,0.13195099999999998,105.438
Internal Energy,0.13399899999999998,103.668
Internal Energy,0.145961,100.068
Internal Energy,0.147922,100.039
Internal Energy,0.159926,101.107
Internal Energy,0.161965,101.71
Internal Energy,0.171935,112.366
Internal Energy,0.173974,115.271
Internal Energy,0.185958,130.004
Internal Energy,0.187999,131.724
Internal Energy,0.199988,142.334
Internal Energy,0.201941,144.068
Internal Energy,0.211982,150.442
Internal Energy,0.215969,150.888
Internal Energy,0.225971,145.236
Internal Energy,0.227927,143.461
Internal Energy,0.239928,136.459
Internal Energy,0.24197500000000002,135.702
Internal Energy,0.251997,131.828
Internal Energy,0.255973,130.887
Internal Energy,0.265959,136.606
Internal Energy,0.267988,138.575
Internal Energy,0.27997900000000003,148.308
Internal Energy,0.281916,149.623
Internal Energy,0.291935,156.476
Internal Energy,0.29395400000000005,157.867
Internal Energy,0.305935,167.384
Internal Energy,0.307946,168.524
Internal Energy,0.319933,171.732
Internal Energy,0.325937,172.631
Internal Energy,0.331932,171.478
Internal Energy,0.333967,170.181
Internal Energy,0.345995,162.462
Internal Energy,0.347939,162.519
Internal Energy,0.35798399999999997,165.016
Internal Energy,0.361937,164.347
Internal Energy,0.371962,160.129
Internal Energy,0.379979,158.682
Internal Energy,0.385972,159.794
Internal Energy,0.387993,160.113
Internal Energy,0.39991899999999997,161.786
Internal Energy,0.401965,161.909
Internal Energy,0.407972,162.596
Internal Energy,0.413979,161.517
Internal Energy,0.425965,156.534
Internal Energy,0.427976,156.171
Internal Energy,0.435936,155.693
Internal Energy,0.441925,155.818
Internal Energy,0.451978,154.353
Internal Energy,0.45392499999999997,154.056
Internal Energy,0.46597,149.8
Internal Energy,0.467994,148.816
Internal Energy,0.47592,146.956
Internal Energy,0.481934,147.719
Internal Energy,0.493924,149.482
Internal Energy,0.49594699999999997,149.878
Internal Energy,0.5059119999999999,150.676
Internal Energy,0.509992,150.821
Internal Energy,0.519967,147.717
Internal Energy,0.5219159999999999,146.724
Internal Energy,0.533941,141.698
Internal Energy,0.5399499999999999,141.768
Internal Energy,0.545952,140.851
Internal Energy,0.5479849999999999,140.036
Internal Energy,0.5599230000000001,133.721
Internal Energy,0.5639930000000001,133.37
Internal Energy,0.573963,133.99
Internal Energy,0.575998,133.912
Internal Energy,0.5819300000000001,133.404
Internal Energy,0.5879610000000001,134.338
Internal Energy,0.5999310000000001,140.262
Internal Energy,0.601974,140.994
Internal Energy,0.61392,141.709
Internal Energy,0.615958,142.11
Internal Energy,0.625964,144.774
Internal Energy,0.633949,145.904
Internal Energy,0.639953,144.823
Internal Energy,0.641986,144.571
Internal Energy,0.653952,147.094
Internal Energy,0.655986,147.69
Internal Energy,0.665952,150.839
Internal Energy,0.667975,151.413
Internal Energy,0.67993,157.155
Internal Energy,0.681951,158.745
Internal Energy,0.693955,170.534
Internal Energy,0.6959559999999999,172.502
Internal Energy,0.7059650000000001,183.408
Internal Energy,0.707922,185.548
Internal Energy,0.71995,195.772
Internal Energy,0.721981,196.86
Internal Energy,0.731927,198.76
Internal Energy,0.735957,198.587
Internal Energy,0.745921,196.917
Internal Energy,0.747934,196.242
Internal Energy,0.759997,193.032
Internal Energy,0.76192,193.042
Internal Energy,0.773977,197.208
Internal Energy,0.775992,198.276
Internal Energy,0.7859510000000001,203.159
Internal Energy,0.787957,204.443
Internal Energy,0.79999,212.802
Internal Energy,0.8019379999999999,213.951
Internal Energy,0.813995,221.767
Internal Energy,0.815951,222.82
Internal Energy,0.823939,224.46
Internal Energy,0.827996,223.99
Internal Energy,0.839961,222.082
Internal Energy,0.841981,221.69
Internal Energy,0.853955,215.547
Internal Energy,0.855947,214.49
Internal Energy,0.86199,213.018
Internal Energy,0.867914,214.247
Internal Energy,0.879967,216.754
Internal Energy,0.8819910000000001,216.806
Internal Energy,0.893978,220.521
Internal Energy,0.895995,221.653
Internal Energy,0.905953,225.775
Internal Energy,0.9079360000000001,226.181
Internal Energy,0.919923,227.66
Internal Energy,0.9239930000000001,227.785
Internal Energy,0.933982,226.229
Internal Energy,0.935975,225.434
Internal Energy,0.947981,218.888
Internal Energy,0.949924,217.972
Internal Energy,0.959918,213.884
Internal Energy,0.961953,213.151
Internal Energy,0.971921,211.339
Internal Energy,0.97598,212.223
Internal Energy,0.987971,217.887
Internal Energy,0.989993,218.661
Internal Energy,0.9999340000000001,219.963
Internal Energy,1.0019600000000002,219.909
Internal Energy,1.01394,218.814
Internal Energy,1.01597,218.3
Internal Energy,1.02797,213.14
Internal Energy,1.02999,212.399
Internal Energy,1.03996,210.183
Internal Energy,1.04399,210.164
Internal Energy,1.05396,208.848
Internal Energy,1.05598,208.361
Internal Energy,1.06196,207.692
Internal Energy,1.0699699999999999,208.515
Internal Energy,1.0799699999999999,210.49
Internal Energy,1.0859400000000001,211.021
Internal Energy,1.09392,210.293
Internal Energy,1.1019999999999999,209.559
Internal Energy,1.10795,210.113
Internal Energy,1.1099700000000001,210.232
Internal Energy,1.11992,209.226
Internal Energy,1.12795,208.644
Internal Energy,1.13396,209.04
Internal Energy,1.13596,209.263
Internal Energy,1.1459199999999998,210.45
Internal Energy,1.14997,210.225
Internal Energy,1.15999,209.548
Internal Energy,1.16192,209.591
Internal Energy,1.17398,213.056
Internal Energy,1.17592,213.872
Internal Energy,1.1879600000000001,216.519
Internal Energy,1.1899499999999998,216.795
Internal Energy,1.19999,220.968
Internal Energy,1.20199,222.268
Internal Energy,1.21395,229.706
Internal Energy,1.2159600000000002,230.542
Internal Energy,1.22794,235.418
Internal Energy,1.22995,236.338
Internal Energy,1.2399900000000001,238.407
Internal Energy,1.242,238.493
Internal Energy,1.25392,242.596
Internal Energy,1.25594,243.818
Internal Energy,1.26795,249.656
Internal Energy,1.26999,250.173
Internal Energy,1.27994,253.31
Internal Energy,1.28196,254.593
Internal Energy,1.2939399999999999,261.713
Internal Energy,1.29594,262.774
Internal Energy,1.30792,268.502
Internal Energy,1.30994,269.487
Internal Energy,1.3199500000000002,273.603
Internal Energy,1.32198,273.963
Internal Energy,1.33399,276.38
Internal Energy,1.3359299999999998,276.854
Internal Energy,1.34796,278.694
Internal Energy,1.35,279.261
Internal Energy,1.35998,283.222
Internal Energy,1.36593,284.023
Internal Energy,1.37398,283.277
Internal Energy,1.3760000000000001,283.078
Internal Energy,1.38792,281.434
Internal Energy,1.3899400000000002,281.042
Internal Energy,1.3959599999999999,280.442
Internal Energy,1.40197,280.738
Internal Energy,1.41391,281.473
Internal Energy,1.4219199999999999,281.263
Internal Energy,1.42799,282.053
Internal Energy,1.42992,282.57
Internal Energy,1.4419700000000002,286.519
Internal Energy,1.44398,287.0
Internal Energy,1.4539799999999998,288.117
Internal Energy,1.45799,288.312
Internal Energy,1.46794,286.026
Internal Energy,1.46994,285.565
Internal Energy,1.48197,283.351
Internal Energy,1.48399,282.822
Internal Energy,1.49395,281.288
Internal Energy,1.4959699999999998,281.313
Internal Energy,1.50592,281.909
Internal Energy,1.50997,281.149
Internal Energy,1.52196,275.492
Internal Energy,1.5239699999999998,274.991
Internal Energy,1.53391,274.188
Internal Energy,1.5359200000000002,273.974
Internal Energy,1.54795,269.876
Internal Energy,1.5519699999999998,269.282
Internal Energy,1.56198,270.957
Internal Energy,1.56398,271.033
Internal Energy,1.57392,270.932
Internal Energy,1.5759400000000001,270.987
Internal Energy,1.58794,272.693
Internal Energy,1.59199,272.954
Internal Energy,1.6019999999999999,271.78
Internal Energy,1.60392,271.714
Internal Energy,1.61399,275.155
Internal Energy,1.62391,275.283
Internal Energy,1.62792,275.603
Internal Energy,1.62992,276.045
Internal Energy,1.64192,278.523
Internal Energy,1.6439300000000001,279.134
Internal Energy,1.6539899999999998,280.107
Internal Energy,1.65594,280.122
Internal Energy,1.66793,278.146
Internal Energy,1.67392,277.564
Internal Energy,1.68198,279.511
Internal Energy,1.68399,280.225
Internal Energy,1.69394,283.224
Internal Energy,1.69595,283.969
Internal Energy,1.70797,287.82
Internal Energy,1.70999,288.239
Internal Energy,1.7219200000000001,291.068
Internal Energy,1.72596,291.436
Internal Energy,1.7319900000000001,291.078
Internal Energy,1.73599,291.366
Internal Energy,1.74796,292.606
Internal Energy,1.74997,292.833
Internal Energy,1.76197,294.871
Internal Energy,1.76399,295.924
Internal Energy,1.7739800000000001,303.661
Internal Energy,1.77597,304.821
Internal Energy,1.788,310.284
Internal Energy,1.78999,310.94
Internal Energy,1.80193,316.824
Internal Energy,1.80393,318.307
Internal Energy,1.81395,326.152
Internal Energy,1.81598,327.464
Internal Energy,1.8279699999999999,333.487
Internal Energy,1.82999,334.364
Internal Energy,1.84197,337.251
Internal Energy,1.8439699999999999,337.479
Internal Energy,1.85396,339.239
Internal Energy,1.85598,339.961
Internal Energy,1.868,343.694
Internal Energy,1.86998,344.091
Internal Energy,1.88196,346.061
Internal Energy,1.88395,346.54
Internal Energy,1.8959700000000002,349.354
Internal Energy,1.89792,349.767
Internal Energy,1.90792,352.281
Internal Energy,1.90994,352.783
Internal Energy,1.9220000000000002,356.972
Internal Energy,1.92797,357.892
Internal Energy,1.93599,356.385
Internal Energy,1.93797,355.656
Internal Energy,1.9479499999999998,352.028
Internal Energy,1.95196,351.537
Internal Energy,1.9619799999999998,352.797
Internal Energy,1.9639900000000001,353.156
Internal Energy,1.97599,354.647
Internal Energy,1.97797,354.928
Internal Energy,1.98795,356.125
Internal Energy,1.9899599999999997,356.229
Internal Energy,2.00198,352.928
Internal Energy,2.0039900000000004,352.16
Internal Energy,2.0159800000000003,348.394
Internal Energy,2.01798,347.51
Internal Energy,2.02798,343.09
Internal Energy,2.02997,342.215
Internal Energy,2.04197,337.311
Internal Energy,2.0479399999999996,336.475
Internal Energy,2.05596,337.179
Internal Energy,2.05797,337.624
Internal Energy,2.06799,339.361
Internal Energy,2.07,339.641
Internal Energy,2.0819300000000003,342.638
Internal Energy,2.08793,343.476
Internal Energy,2.09594,342.631
Internal Energy,2.10196,342.83
Internal Energy,2.10798,342.479
Internal Energy,2.10999,342.141
Internal Energy,2.12199,340.727
Internal Energy,2.12595,340.753
Internal Energy,2.1359999999999997,339.135
Internal Energy,2.1379200000000003,338.754
Internal Energy,2.14598,337.607
Internal Energy,2.14994,338.391
Internal Energy,2.16193,343.969
Internal Energy,2.16393,344.889
Internal Energy,2.176,347.153
Internal Energy,2.17796,347.417
Internal Energy,2.1879299999999997,348.771
Internal Energy,2.18994,349.019
Internal Energy,2.202,350.877
Internal Energy,2.2039999999999997,351.292
Internal Energy,2.21593,353.445
Internal Energy,2.21794,353.823
Internal Energy,2.22797,355.151
Internal Energy,2.22998,355.081
Internal Energy,2.24199,352.099
Internal Energy,2.2479299999999998,350.979
Internal Energy,2.25597,352.299
Internal Energy,2.2579700000000003,352.841
Internal Energy,2.26794,354.58
Internal Energy,2.26995,355.011
Internal Energy,2.28193,358.767
Internal Energy,2.28395,359.398
Internal Energy,2.29596,363.293
Internal Energy,2.29799,364.404
Internal Energy,2.3080000000000003,370.377
Internal Energy,2.30999,371.158
Internal Energy,2.32197,373.077
Internal Energy,2.3239699999999996,373.473
Internal Energy,2.33598,375.65
Internal Energy,2.3379999999999996,375.956
Internal Energy,2.3479799999999997,377.782
Internal Energy,2.34999,378.329
Internal Energy,2.3619499999999998,382.132
Internal Energy,2.3639300000000003,382.518
Internal Energy,2.37593,383.473
Internal Energy,2.3779399999999997,383.567
Internal Energy,2.39,385.333
Internal Energy,2.3919900000000003,385.802
Internal Energy,2.40195,389.451
Internal Energy,2.40396,390.295
Internal Energy,2.41592,393.72
Internal Energy,2.41793,394.335
Internal Energy,2.42992,397.221
Internal Energy,2.4319200000000003,397.649
Internal Energy,2.44194,399.799
Internal Energy,2.44394,400.25
Internal Energy,2.45595,400.726
Internal Energy,2.45793,400.897
Internal Energy,2.46997,401.099
Internal Energy,2.47197,401.305
Internal Energy,2.48196,404.079
Internal Energy,2.4839800000000003,404.616
Internal Energy,2.48993,405.306
Internal Energy,2.49798,404.754
Internal Energy,2.50998,400.928
Internal Energy,2.5139400000000003,400.111
Internal Energy,2.52194,401.738
Internal Energy,2.52395,402.421
Internal Energy,2.536,404.465
Internal Energy,2.5379899999999997,404.425
Internal Energy,2.5479700000000003,404.056
Internal Energy,2.5519700000000003,404.193
Internal Energy,2.55795,404.495
Internal Energy,2.56392,404.098
Internal Energy,2.57595,402.287
Internal Energy,2.5839399999999997,402.405
Internal Energy,2.58995,401.948
Internal Energy,2.59197,401.624
Internal Energy,2.6019699999999997,399.524
Internal Energy,2.6039600000000003,398.721
Internal Energy,2.61594,391.93
Internal Energy,2.61795,390.763
Internal Energy,2.62993,385.271
Internal Energy,2.63194,384.52
Internal Energy,2.6399399999999997,382.866
Internal Energy,2.64398,383.18
Internal Energy,2.6559399999999997,385.999
Internal Energy,2.65995,386.166
Internal Energy,2.6699900000000003,384.687
Internal Energy,2.67192,384.48
Internal Energy,2.68192,388.116
Internal Energy,2.68394,389.467
Internal Energy,2.69592,397.88
Internal Energy,2.69794,399.415
Internal Energy,2.70994,406.329
Internal Energy,2.71196,407.359
Internal Energy,2.72194,413.468
Internal Energy,2.7239299999999997,414.445
Internal Energy,2.73596,416.799
Internal Energy,2.7379700000000002,417.754
Internal Energy,2.74995,421.879
Internal Energy,2.75398,422.306
Internal Energy,2.76197,421.003
Internal Energy,2.76592,420.266
Internal Energy,2.7759199999999997,422.443
Internal Energy,2.77793,423.408
Internal Energy,2.78594,425.912
Internal Energy,2.7919199999999997,425.243
Internal Energy,2.80192,423.161
Internal Energy,2.80595,422.888
Internal Energy,2.81594,424.442
Internal Energy,2.81796,425.117
Internal Energy,2.82394,426.309
Internal Energy,2.83195,425.511
Internal Energy,2.83797,424.964
Internal Energy,2.84998,425.968
Internal Energy,2.85596,425.524
Internal Energy,2.8619600000000003,424.799
Internal Energy,2.86996,426.869
Internal Energy,2.87198,427.869
Internal Energy,2.88399,435.462
Internal Energy,2.88598,436.839
Internal Energy,2.8959699999999997,442.546
Internal Energy,2.89797,443.437
Internal Energy,2.90994,447.901
Internal Energy,2.9119200000000003,448.507
Internal Energy,2.9239800000000002,453.242
Internal Energy,2.9279699999999997,453.572
Internal Energy,2.93598,452.653
Internal Energy,2.93999,452.294
Internal Energy,2.94992,453.114
Internal Energy,2.954,452.994
Internal Energy,2.96394,454.981
Internal Energy,2.9659500000000003,455.601
Internal Energy,2.976,458.594
Internal Energy,2.9819400000000003,459.45
Internal Energy,2.98999,458.679
Internal Energy,2.99191,458.442
Internal Energy,2.99795,457.957
Internal Energy,3.00595,458.56
Internal Energy,3.01594,459.795
Internal Energy,3.01793,460.105
Internal Energy,3.0299799999999997,462.028
Internal Energy,3.03192,462.403
Internal Energy,3.04399,466.527
Internal Energy,3.04599,467.214
Internal Energy,3.05598,470.26
Internal Energy,3.058,470.891
Internal Energy,3.0699199999999998,474.113
Internal Energy,3.07193,474.993
Internal Energy,3.0819300000000003,478.858
Internal Energy,3.0859199999999998,478.167
Internal Energy,3.09595,475.151
Internal Energy,3.1019200000000002,475.351
Internal Energy,3.10794,474.979
Internal Energy,3.11194,475.812
Internal Energy,3.1219799999999998,478.554
Internal Energy,3.12598,478.264
Internal Energy,3.13199,477.663
Internal Energy,3.13794,478.333
Internal Energy,3.14997,482.227
Internal Energy,3.15197,483.177
Internal Energy,3.16396,490.201
Internal Energy,3.16595,491.043
Internal Energy,3.17598,494.473
Internal Energy,3.17799,495.205
Internal Energy,3.1899900000000003,501.564
Internal Energy,3.19199,502.481
Internal Energy,3.20396,507.027
Internal Energy,3.20797,507.313
Internal Energy,3.2159400000000002,506.547
Internal Energy,3.21797,506.451
Internal Energy,3.22994,504.68
Internal Energy,3.23193,504.201
Internal Energy,3.24194,502.805
Internal Energy,3.24597,502.994
Internal Energy,3.25595,503.387
Internal Energy,3.25794,503.66
Internal Energy,3.27,508.81
Internal Energy,3.2720000000000002,509.542
Internal Energy,3.28392,511.955
Internal Energy,3.28596,512.754
Internal Energy,3.29797,518.654
Internal Energy,3.29997,519.748
Internal Energy,3.30992,522.961
Internal Energy,3.31195,522.661
Internal Energy,3.3239799999999997,520.02
Internal Energy,3.3259700000000003,520.165
Internal Energy,3.33794,523.813
Internal Energy,3.33996,523.802
Internal Energy,3.34997,521.697
Internal Energy,3.35196,521.033
Internal Energy,3.36396,515.02
Internal Energy,3.36598,514.307
Internal Energy,3.37399,512.879
Internal Energy,3.37992,513.355
Internal Energy,3.38991,515.34
Internal Energy,3.39191,516.127
Internal Energy,3.40393,520.417
Internal Energy,3.40593,520.998
Internal Energy,3.41799,525.137
Internal Energy,3.41997,525.638
Internal Energy,3.4279699999999997,526.349
Internal Energy,3.43392,525.953
Internal Energy,3.44393,527.372
Internal Energy,3.44592,527.307
Internal Energy,3.45792,525.536
Internal Energy,3.45993,525.464
Internal Energy,3.46796,525.784
Internal Energy,3.472,525.594
Internal Energy,3.48397,523.568
Internal Energy,3.48595,522.984
Internal Energy,3.4959700000000002,521.489
Internal Energy,3.50398,521.386
Internal Energy,3.50992,522.336
Internal Energy,3.51193,523.068
Internal Energy,3.5239999999999996,527.249
Internal Energy,3.52592,527.285
Internal Energy,3.53797,523.612
Internal Energy,3.54398,521.997
Internal Energy,3.5499400000000003,522.974
Internal Energy,3.55196,523.729
Internal Energy,3.56393,529.168
Internal Energy,3.56594,529.783
Internal Energy,3.57798,531.787
Internal Energy,3.57999,532.02
Internal Energy,3.5899199999999998,533.23
Internal Energy,3.59193,533.675
Internal Energy,3.6039399999999997,536.33
Internal Energy,3.60595,536.669
Internal Energy,3.6179900000000003,537.115
Internal Energy,3.61993,537.114
Internal Energy,3.62994,535.213
Internal Energy,3.63396,534.707
Internal Energy,3.64398,535.946
Internal Energy,3.646,536.18
Internal Energy,3.65795,538.189
Internal Energy,3.65995,538.925
Internal Energy,3.66994,544.729
Internal Energy,3.6719500000000003,546.114
Internal Energy,3.68394,552.167
Internal Energy,3.68593,552.79
Internal Energy,3.698,557.609
Internal Energy,3.69997,558.454
Internal Energy,3.70993,560.748
Internal Energy,3.71794,560.809
Internal Energy,3.72398,561.418
Internal Energy,3.72795,561.648
Internal Energy,3.7379700000000002,560.755
Internal Energy,3.7399999999999998,560.898
Internal Energy,3.75,563.17
Internal Energy,3.75196,563.478
Internal Energy,3.76394,565.695
Internal Energy,3.76597,565.991
Internal Energy,3.77797,566.477
Internal Energy,3.78198,566.34
Internal Energy,3.7919899999999997,567.011
Internal Energy,3.7939599999999998,566.998
Internal Energy,3.80394,566.13
Internal Energy,3.80599,566.059
Internal Energy,3.81796,569.287
Internal Energy,3.8199699999999996,569.817
Internal Energy,3.8279099999999997,570.617
Internal Energy,3.83394,569.893
Internal Energy,3.84397,567.257
Internal Energy,3.84599,566.481
Internal Energy,3.85594,563.946
Internal Energy,3.8599300000000003,564.364
Internal Energy,3.87193,566.736
Internal Energy,3.87394,567.578
Internal Energy,3.88393,570.3
Internal Energy,3.88599,570.898
Internal Energy,3.8979399999999997,576.843
Internal Energy,3.89994,578.189
Internal Energy,3.9119200000000003,582.294
Internal Energy,3.91394,582.499
Internal Energy,3.9239699999999997,583.619
Internal Energy,3.92593,583.982
Internal Energy,3.932,584.62
Internal Energy,3.9399800000000003,584.162
Internal Energy,3.9519200000000003,583.63
Internal Energy,3.9539500000000003,583.595
Internal Energy,3.96395,585.327
Internal Energy,3.96593,586.085
Internal Energy,3.97194,587.64
Internal Energy,3.9799400000000005,586.501
Internal Energy,3.9919200000000004,590.557
Internal Energy,3.9939299999999998,591.109
Internal Energy,4.00399,592.238
Internal Energy,4.00596,592.36
Internal Energy,4.01796,593.797
Internal Energy,4.01994,594.039
Internal Energy,4.03198,597.35
Internal Energy,4.03395,597.928
Internal Energy,4.0399199999999995,598.904
Internal Energy,4.045929999999999,598.371
Internal Energy,4.057930000000001,596.905
Internal Energy,4.05993,596.838
Internal Energy,4.071960000000001,598.382
Internal Energy,4.07397,598.677
Internal Energy,4.08399,600.748
Internal Energy,4.08594,600.975
Internal Energy,4.093979999999999,601.813
Internal Energy,4.09994,601.234
Internal Energy,4.10795,600.042
Internal Energy,4.11394,600.748
Internal Energy,4.12399,602.493
Internal Energy,4.12597,602.397
Internal Energy,4.13793,600.359
Internal Energy,4.13992,600.369
Internal Energy,4.15194,603.619
Internal Energy,4.15394,604.273
Internal Energy,4.157959999999999,604.779
Internal Energy,4.16993,604.64
Internal Energy,4.17795,603.931
Internal Energy,4.17993,603.723
Internal Energy,4.19195,602.167
Internal Energy,4.19792,601.704
Internal Energy,4.2039800000000005,601.888
Internal Energy,4.20595,601.979
Internal Energy,4.21793,606.568
Internal Energy,4.21997,607.613
Internal Energy,4.231920000000001,610.775
Internal Energy,4.23799,611.247
Internal Energy,4.24598,609.939
Internal Energy,4.25199,608.936
Internal Energy,4.25796,609.455
Internal Energy,4.25992,609.778
Internal Energy,4.26992,610.544
Internal Energy,4.27797,610.527
Internal Energy,4.28395,610.32
Internal Energy,4.2879499999999995,610.595
Internal Energy,4.29796,613.93
Internal Energy,4.2999600000000004,614.533
Internal Energy,4.311920000000001,616.871
Internal Energy,4.31399,616.971
Internal Energy,4.32397,617.292
Internal Energy,4.33195,616.805
Internal Energy,4.33795,617.759
Internal Energy,4.3399600000000005,618.515
Internal Energy,4.35198,620.687
Internal Energy,4.35398,620.655
Internal Energy,4.36196,620.071
Internal Energy,4.3679499999999996,621.088
Internal Energy,4.378,623.806
Internal Energy,4.38394,623.722
Internal Energy,4.391940000000001,624.237
Internal Energy,4.393949999999999,624.586
Internal Energy,4.40599,628.141
Internal Energy,4.4079999999999995,628.189
Internal Energy,4.417940000000001,627.544
Internal Energy,4.42795,627.155
Internal Energy,4.43192,627.696
Internal Energy,4.4339699999999995,628.134
Internal Energy,4.44599,632.309
Internal Energy,4.44796,633.013
Internal Energy,4.457929999999999,634.998
Internal Energy,4.45998,635.144
Internal Energy,4.47194,636.676
Internal Energy,4.473920000000001,636.979
Internal Energy,4.48597,640.272
Internal Energy,4.48792,641.053
Internal Energy,4.49794,644.487
Internal Energy,4.49998,644.676
Internal Energy,4.51199,643.226
Internal Energy,4.51397,642.9
Internal Energy,4.51795,642.573
Internal Energy,4.52796,642.575
Internal Energy,4.53797,641.72
Internal Energy,4.53997,641.676
Internal Energy,4.54993,641.271
Internal Energy,4.55396,641.826
Internal Energy,4.56598,648.391
Internal Energy,4.56798,648.911
Internal Energy,4.57594,650.115
Internal Energy,4.57998,649.746
Internal Energy,4.59197,647.961
Internal Energy,4.59393,647.791
Internal Energy,4.60198,647.377
Internal Energy,4.60796,647.846
Internal Energy,4.61798,648.448
Internal Energy,4.61999,648.399
Internal Energy,4.63194,647.377
Internal Energy,4.633929999999999,647.181
Internal Energy,4.64194,646.516
Internal Energy,4.64799,646.967
Internal Energy,4.65794,648.044
Internal Energy,4.66399,647.963
Internal Energy,4.67199,648.615
Internal Energy,4.67794,648.653
Internal Energy,4.685919999999999,649.643
Internal Energy,4.68798,650.179
Internal Energy,4.69595,651.061
Internal Energy,4.70599,650.415
Internal Energy,4.71193,651.107
Internal Energy,4.7139299999999995,651.53
Internal Energy,4.725949999999999,654.415
Internal Energy,4.727989999999999,654.993
Internal Energy,4.73993,656.09
Internal Energy,4.74194,656.47
Internal Energy,4.752,657.448
Internal Energy,4.75392,657.568
Internal Energy,4.760000000000001,657.901
Internal Energy,4.76795,657.875
Internal Energy,4.776,657.164
Internal Energy,4.7859799999999995,657.764
Internal Energy,4.79195,656.565
Internal Energy,4.79395,655.579
Internal Energy,4.80192,652.82
Internal Energy,4.80793,654.686
Internal Energy,4.8199499999999995,659.751
Internal Energy,4.821940000000001,660.367
Internal Energy,4.83197,662.398
Internal Energy,4.83796,662.634
Internal Energy,4.8459200000000004,661.923
Internal Energy,4.84799,661.533
Internal Energy,4.85999,658.375
Internal Energy,4.86197,657.52
Internal Energy,4.87193,653.323
Internal Energy,4.87793,653.17
Internal Energy,4.886,652.582
Internal Energy,4.88797,652.533
Internal Energy,4.89997,654.781
Internal Energy,4.9019900000000005,654.954
Internal Energy,4.90798,655.152
Internal Energy,4.915959999999999,655.053
Internal Energy,4.92397,655.963
Internal Energy,4.9279399999999995,655.816
Internal Energy,4.93994,657.071
Internal Energy,4.9419900000000005,657.339
Internal Energy,4.951910000000001,658.069
Internal Energy,4.95393,658.308
Internal Energy,4.96596,661.124
Internal Energy,4.9759899999999995,660.559
Internal Energy,4.97997,661.288
Internal Energy,4.981979999999999,661.951
Internal Energy,4.992,664.807
Internal Energy,4.99392,665.311
Internal Energy,5.0059700000000005,667.728
Internal Energy,5.00999,668.19
Internal Energy,5.01995,667.077
Internal Energy,5.02196,666.627
Internal Energy,5.0319199999999995,664.509
Internal Energy,5.0339599999999995,664.072
Internal Energy,5.04192,662.775
Internal Energy,5.04795,664.586
Internal Energy,5.05995,667.849
Internal Energy,5.06198,668.404
Internal Energy,5.06995,669.402
Internal Energy,5.07996,668.327
Internal Energy,5.0859499999999995,669.048
Internal Energy,5.08794,669.181
Internal Energy,5.09997,669.982
Internal Energy,5.10195,670.471
Internal Energy,5.10998,672.021
Internal Energy,5.11395,671.309
Internal Energy,5.12594,669.537
Internal Energy,5.12795,669.18
Internal Energy,5.13994,666.4
Internal Energy,5.1419500000000005,666.428
Internal Energy,5.15198,667.513
Internal Energy,5.1579299999999995,668.834
Internal Energy,5.16595,667.126
Internal Energy,5.172000000000001,666.001
Internal Energy,5.17996,667.031
Internal Energy,5.18194,667.433
Internal Energy,5.19396,670.911
Internal Energy,5.195939999999999,671.383
Internal Energy,5.203939999999999,672.328
Internal Energy,5.20798,672.22
Internal Energy,5.21798,671.627
Internal Energy,5.2219500000000005,672.154
Internal Energy,5.23397,674.819
Internal Energy,5.2359800000000005,675.527
Internal Energy,5.24593,678.275
Internal Energy,5.24993,678.413
Internal Energy,5.25992,675.579
Internal Energy,5.26192,675.035
Internal Energy,5.26792,674.394
Internal Energy,5.275939999999999,675.344
Internal Energy,5.28599,676.123
Internal Energy,5.287990000000001,676.225
Internal Energy,5.29798,677.198
Internal Energy,5.30399,676.891
Internal Energy,5.31398,678.039
Internal Energy,5.31596,678.296
Internal Energy,5.326,679.428
Internal Energy,5.32796,679.574
Internal Energy,5.339950000000001,680.693
Internal Energy,5.34195,680.635
Internal Energy,5.35398,679.531
Internal Energy,5.35596,679.679
Internal Energy,5.365950000000001,680.717
Internal Energy,5.367979999999999,680.741
Internal Energy,5.37999,678.878
Internal Energy,5.38192,678.457
Internal Energy,5.39198,677.227
Internal Energy,5.39594,677.334
Internal Energy,5.405959999999999,678.225
Internal Energy,5.413989999999999,677.666
Internal Energy,5.41996,678.139
Internal Energy,5.42194,678.458
Internal Energy,5.42992,679.07
Internal Energy,5.43598,678.485
Internal Energy,5.44594,677.754
Internal Energy,5.44792,677.477
Internal Energy,5.45994,675.374
Internal Energy,5.46396,675.222
Internal Energy,5.47393,676.692
Internal Energy,5.47593,677.347
Internal Energy,5.48593,680.851
Internal Energy,5.48799,680.88
Internal Energy,5.49994,677.334
Internal Energy,5.503959999999999,677.073
Internal Energy,5.51195,677.275
Internal Energy,5.5159400000000005,677.261
Internal Energy,5.52593,678.085
Internal Energy,5.527920000000001,678.085
Internal Energy,5.53993,676.505
Internal Energy,5.54193,676.223
Internal Energy,5.5479199999999995,675.698
Internal Energy,5.55792,676.076
Internal Energy,5.56599,675.306
Internal Energy,5.56798,674.898
Internal Energy,5.57999,673.375
Internal Energy,5.58195,673.159
Internal Energy,5.59197,672.15
Internal Energy,5.5959699999999994,672.602
Internal Energy,5.60593,675.443
Internal Energy,5.6139600000000005,676.98
Internal Energy,5.61993,676.032
Internal Energy,5.62193,675.485
Internal Energy,5.63392,674.015
Internal Energy,5.6359699999999995,673.943
Internal Energy,5.648000000000001,672.365
Internal Energy,5.64994,672.329
Internal Energy,5.65796,672.989
Internal Energy,5.662000000000001,672.629
Internal Energy,5.6739299999999995,671.128
Internal Energy,5.67598,670.501
Internal Energy,5.6859399999999996,667.986
Internal Energy,5.6899999999999995,668.568
Internal Energy,5.699949999999999,669.808
Internal Energy,5.70196,669.987
Internal Energy,5.7139299999999995,673.063
Internal Energy,5.71593,673.227
Internal Energy,5.72794,674.831
Internal Energy,5.72997,674.846
Internal Energy,5.73997,672.416
Internal Energy,5.74192,671.892
Internal Energy,5.74998,670.3
Internal Energy,5.75593,670.878
Internal Energy,5.76398,672.257
Internal Energy,5.76998,672.201
Internal Energy,5.7799499999999995,674.227
Internal Energy,5.78197,674.686
Internal Energy,5.78798,675.215
Internal Energy,5.79998,674.677
Internal Energy,5.80793,672.917
Internal Energy,5.80999,672.285
Internal Energy,5.8199499999999995,670.016
Internal Energy,5.8219899999999996,669.832
Internal Energy,5.83396,669.342
Internal Energy,5.83599,669.258
Internal Energy,5.843990000000001,668.825
Internal Energy,5.84998,669.403
Internal Energy,5.85996,670.138
Internal Energy,5.86595,670.3
Internal Energy,5.87394,669.606
Internal Energy,5.87796,669.489
Internal Energy,5.8879600000000005,670.875
Internal Energy,5.89198,671.06
Internal Energy,5.89996,670.582
Internal Energy,5.901960000000001,670.387
Internal Energy,5.91399,667.806
Internal Energy,5.915959999999999,667.456
Internal Energy,5.92795,666.037
Internal Energy,5.929989999999999,665.961
Internal Energy,5.93997,666.912
Internal Energy,5.94193,667.025
Internal Energy,5.95397,663.047
Internal Energy,5.95596,662.421
Internal Energy,5.96797,661.072
Internal Energy,5.96995,661.057
Internal Energy,5.97994,662.398
Internal Energy,5.98599,662.758
Internal Energy,5.993939999999999,662.447
Internal Energy,5.99593,662.367
Internal Energy,6.00798,662.951
Internal Energy,6.00997,663.038
Internal Energy,6.01596,663.319
Internal Energy,6.02197,662.831
Internal Energy,6.03393,661.366
Internal Energy,6.0359799999999995,661.676
Internal Energy,6.043950000000001,662.247
Internal Energy,6.04998,661.461
Internal Energy,6.05994,663.167
Internal Energy,6.06192,663.397
Internal Energy,6.07193,664.397
Internal Energy,6.07596,664.249
Internal Energy,6.08799,662.237
Internal Energy,6.0899600000000005,662.24
Internal Energy,6.09799,663.184
Internal Energy,6.10196,662.985
Internal Energy,6.11395,661.213
Internal Energy,6.11599,660.93
Internal Energy,6.12793,659.348
Internal Energy,6.12997,659.586
Internal Energy,6.13999,661.806
Internal Energy,6.14398,661.354
Internal Energy,6.15393,659.167
Internal Energy,6.15592,658.577
Internal Energy,6.16796,656.345
Internal Energy,6.1699399999999995,656.392
Internal Energy,6.18199,655.159
Internal Energy,6.18595,654.808
Internal Energy,6.1939400000000004,655.378
Internal Energy,6.1979299999999995,655.65
Internal Energy,6.20792,654.367
Internal Energy,6.20991,653.992
Internal Energy,6.221970000000001,652.298
Internal Energy,6.22392,652.144
Internal Energy,6.23398,651.267
Internal Energy,6.23796,651.13
Internal Energy,6.2479700000000005,652.19
Internal Energy,6.24994,652.66
Internal Energy,6.25995,655.218
Internal Energy,6.26393,654.961
Internal Energy,6.2739199999999995,652.59
Internal Energy,6.27593,652.107
Internal Energy,6.2879499999999995,647.648
Internal Energy,6.28994,647.001
Internal Energy,6.29593,646.433
Internal Energy,6.30796,647.359
Internal Energy,6.31397,647.014
Internal Energy,6.31597,646.956
Internal Energy,6.32794,648.512
Internal Energy,6.332,648.756
Internal Energy,6.34199,646.773
Internal Energy,6.34394,646.205
Internal Energy,6.352,644.968
Internal Energy,6.35798,645.135
Internal Energy,6.36796,643.273
Internal Energy,6.36994,642.909
Internal Energy,6.38195,641.974
Internal Energy,6.38397,641.587
Internal Energy,6.394,639.994
Internal Energy,6.396,639.692
Internal Energy,6.40595,638.124
Internal Energy,6.40996,638.165
Internal Energy,6.42199,636.841
Internal Energy,6.42999,636.909
Internal Energy,6.43395,636.007
Internal Energy,6.43592,635.417
Internal Energy,6.4479999999999995,632.673
Internal Energy,6.44996,632.491
Internal Energy,6.46196,630.334
Internal Energy,6.4639299999999995,629.952
Internal Energy,6.4719299999999995,628.351
Internal Energy,6.47593,628.885
Internal Energy,6.48793,631.185
Internal Energy,6.48995,631.323
Internal Energy,6.50194,632.216
Internal Energy,6.503959999999999,632.532
Internal Energy,6.50798,632.725
Internal Energy,6.51597,632.239
Internal Energy,6.527920000000001,630.268
Internal Energy,6.53195,630.504
Internal Energy,6.54199,628.532
Internal Energy,6.54596,628.195
Internal Energy,6.5519300000000005,628.46
Internal Energy,6.5599300000000005,628.557
Internal Energy,6.567950000000001,627.645
Internal Energy,6.57194,627.467
Internal Energy,6.5819399999999995,629.208
Internal Energy,6.58397,629.624
Internal Energy,6.5919799999999995,630.37
Internal Energy,6.59794,630.17
Internal Energy,6.607939999999999,629.825
Internal Energy,6.609979999999999,629.622
Internal Energy,6.6219399999999995,626.899
Internal Energy,6.62393,626.497
Internal Energy,6.63598,625.57
Internal Energy,6.6419299999999994,625.297
Internal Energy,6.64793,625.902
Internal Energy,6.64999,626.124
Internal Energy,6.65597,626.522
Internal Energy,6.66394,626.173
Internal Energy,6.671950000000001,625.234
Internal Energy,6.67797,625.457
Internal Energy,6.68798,623.91
Internal Energy,6.68998,623.369
Internal Energy,6.70194,621.129
Internal Energy,6.70392,620.692
Internal Energy,6.71595,618.445
Internal Energy,6.72396,618.298
Internal Energy,6.72798,618.195
Internal Energy,6.72998,618.214
Internal Energy,6.74198,617.603
Internal Energy,6.743919999999999,617.402
Internal Energy,6.75596,615.728
Internal Energy,6.75794,615.484
Internal Energy,6.76797,614.554
Internal Energy,6.77196,614.4
Internal Energy,6.78193,615.152
Internal Energy,6.78399,615.029
Internal Energy,6.7959700000000005,613.909
Internal Energy,6.7979199999999995,613.662
Internal Energy,6.80798,612.969
Internal Energy,6.8119499999999995,612.836
Internal Energy,6.81992,613.18
Internal Energy,6.82592,613.202
Internal Energy,6.83599,611.888
Internal Energy,6.84197,611.495
Internal Energy,6.84794,612.233
Internal Energy,6.84996,612.349
Internal Energy,6.86198,610.754
Internal Energy,6.86395,610.413
Internal Energy,6.86992,609.718
Internal Energy,6.87798,610.054
Internal Energy,6.88797,608.712
Internal Energy,6.88992,608.092
Internal Energy,6.90193,603.745
Internal Energy,6.90599,603.295
Internal Energy,6.91598,604.168
Internal Energy,6.9179699999999995,604.13
Internal Energy,6.927960000000001,603.318
Internal Energy,6.92995,603.009
Internal Energy,6.94193,601.475
Internal Energy,6.94396,601.32
Internal Energy,6.9559299999999995,600.402
Internal Energy,6.95798,600.037
Internal Energy,6.9679199999999994,597.296
Internal Energy,6.9699599999999995,597.193
Internal Energy,6.982,595.708
Internal Energy,6.9839899999999995,595.143
Internal Energy,6.99198,594.044
Internal Energy,6.997920000000001,594.237
Internal Energy,7.00796,594.537
Internal Energy,7.01397,594.728
Internal Energy,7.02198,594.084
Internal Energy,7.02395,593.716
Internal Energy,7.03596,592.079
Internal Energy,7.0399199999999995,592.156
Internal Energy,7.04793,591.432
Internal Energy,7.04999,590.892
Internal Energy,7.06194,588.025
Internal Energy,7.0719199999999995,588.026
Internal Energy,7.0759300000000005,587.828
Internal Energy,7.07792,587.621
Internal Energy,7.08997,586.123
Internal Energy,7.09198,586.093
Internal Energy,7.10198,586.274
Internal Energy,7.10395,586.309
Internal Energy,7.11594,584.695
Internal Energy,7.11796,584.321
Internal Energy,7.12994,582.994
Internal Energy,7.13199,583.021
Internal Energy,7.14196,581.887
Internal Energy,7.14795,581.129
Internal Energy,7.15596,581.575
Internal Energy,7.163939999999999,582.277
Internal Energy,7.16997,580.906
Internal Energy,7.17198,580.123
Internal Energy,7.18196,576.738
Internal Energy,7.18392,576.297
Internal Energy,7.19592,575.978
Internal Energy,7.19997,576.074
Internal Energy,7.21,574.662
Internal Energy,7.212,574.076
Internal Energy,7.2219299999999995,571.618
Internal Energy,7.22399,571.178
Internal Energy,7.235939999999999,569.243
Internal Energy,7.23793,568.979
Internal Energy,7.24998,566.766
Internal Energy,7.2559499999999995,565.705
Internal Energy,7.26199,566.465
Internal Energy,7.26396,567.075
Internal Energy,7.27394,569.201
Internal Energy,7.2779300000000005,569.031
Internal Energy,7.28998,568.242
Internal Energy,7.29194,568.153
Internal Energy,7.30192,567.446
Internal Energy,7.30398,567.255
Internal Energy,7.31594,566.181
Internal Energy,7.31796,565.989
Internal Energy,7.32995,563.125
Internal Energy,7.33599,562.457
Internal Energy,7.342,563.877
Internal Energy,7.34395,564.536
Internal Energy,7.35392,566.104
Internal Energy,7.35799,565.777
Internal Energy,7.36996,564.067
Internal Energy,7.37394,564.052
Internal Energy,7.38199,564.784
Internal Energy,7.38394,564.903
Internal Energy,7.3919299999999994,565.432
Internal Energy,7.39797,565.42
Internal Energy,7.40996,563.231
Internal Energy,7.41195,562.884
Internal Energy,7.42195,562.374
Internal Energy,7.42392,562.057
Internal Energy,7.43593,559.497
Internal Energy,7.43999,559.17
Internal Energy,7.44594,559.46
Internal Energy,7.45193,559.045
Internal Energy,7.461930000000001,557.061
Internal Energy,7.46392,556.775
Internal Energy,7.476,555.802
Internal Energy,7.478000000000001,555.455
Internal Energy,7.4899700000000005,553.807
Internal Energy,7.49198,553.417
Internal Energy,7.50194,550.956
Internal Energy,7.50593,550.802
Internal Energy,7.51398,551.283
Internal Energy,7.51794,551.1
Internal Energy,7.529929999999999,548.522
Internal Energy,7.53395,548.146
Internal Energy,7.543990000000001,548.544
Internal Energy,7.54595,548.376
Internal Energy,7.54992,548.14
Internal Energy,7.55796,548.36
Internal Energy,7.56993,547.575
Internal Energy,7.57195,547.16
Internal Energy,7.58197,545.735
Internal Energy,7.58597,545.944
Internal Energy,7.59199,546.752
Internal Energy,7.598,546.055
Internal Energy,7.60999,544.516
Internal Energy,7.61198,544.456
Internal Energy,7.62397,544.008
Internal Energy,7.62592,543.678
Internal Energy,7.63592,542.273
Internal Energy,7.63992,542.368
Internal Energy,7.64997,540.986
Internal Energy,7.65395,540.685
Internal Energy,7.66394,540.958
Internal Energy,7.665970000000001,540.891
Internal Energy,7.67593,539.313
Internal Energy,7.67793,538.758
Internal Energy,7.68994,534.815
Internal Energy,7.69198,534.449
Internal Energy,7.70392,533.596
Internal Energy,7.70599,533.501
Internal Energy,7.71599,532.619
Internal Energy,7.7239700000000004,532.542
Internal Energy,7.72994,532.324
Internal Energy,7.731990000000001,532.268
Internal Energy,7.74399,531.099
Internal Energy,7.7459299999999995,530.756
Internal Energy,7.75595,529.721
Internal Energy,7.757960000000001,529.291
Internal Energy,7.76996,526.708
Internal Energy,7.7719499999999995,526.516
Internal Energy,7.78392,525.099
Internal Energy,7.7859799999999995,524.618
Internal Energy,7.79396,523.958
Internal Energy,7.79994,524.273
Internal Energy,7.80993,523.867
Internal Energy,7.811979999999999,523.743
Internal Energy,7.82398,522.955
Internal Energy,7.82596,522.861
Internal Energy,7.835959999999999,522.42
Internal Energy,7.83796,522.386
Internal Energy,7.84992,520.888
Internal Energy,7.851979999999999,520.516
Internal Energy,7.863969999999999,519.341
Internal Energy,7.87199,519.634
Internal Energy,7.87599,519.308
Internal Energy,7.8779200000000005,518.971
Internal Energy,7.885970000000001,518.239
Internal Energy,7.895980000000001,518.997
Internal Energy,7.90395,518.113
Internal Energy,7.90597,517.959
Internal Energy,7.91596,517.723
Internal Energy,7.9179200000000005,517.63
Internal Energy,7.92992,515.314
Internal Energy,7.93199,514.838
Internal Energy,7.94393,512.176
Internal Energy,7.94595,512.204
Internal Energy,7.951949999999999,512.786
Internal Energy,7.95793,512.531
Internal Energy,7.96995,511.454
Internal Energy,7.9779800000000005,511.74
Internal Energy,7.9839400000000005,511.041
Internal Energy,7.985930000000001,510.596
Internal Energy,7.99795,508.909
Internal Energy,7.99998,508.793
Hourglass Energy,0.0,0.0
Hourglass Energy,0.00198,0.0
Hourglass Energy,0.0139473,0.0
Hourglass Energy,0.0279564,0.0
Hourglass Energy,0.041991099999999996,0.0
Hourglass Energy,0.0539837,0.0
Hourglass Energy,0.0679144,0.0
Hourglass Energy,0.0819965,0.0
Hourglass Energy,0.09397559999999999,0.0
Hourglass Energy,0.107917,0.0
Hourglass Energy,0.121987,0.0
Hourglass Energy,0.13399899999999998,0.0
Hourglass Energy,0.147922,0.0
Hourglass Energy,0.161965,0.0
Hourglass Energy,0.173974,0.0
Hourglass Energy,0.187999,0.0
Hourglass Energy,0.201941,0.0
Hourglass Energy,0.213932,0.0
Hourglass Energy,0.227927,0.0
Hourglass Energy,0.24197500000000002,0.0
Hourglass Energy,0.253942,0.0
Hourglass Energy,0.267988,0.0
Hourglass Energy,0.281916,0.0
Hourglass Energy,0.29395400000000005,0.0
Hourglass Energy,0.307946,0.0
Hourglass Energy,0.321964,0.0
Hourglass Energy,0.333967,0.0
Hourglass Energy,0.347939,0.0
Hourglass Energy,0.361937,0.0
Hourglass Energy,0.37398200000000004,0.0
Hourglass Energy,0.387993,0.0
Hourglass Energy,0.401965,0.0
Hourglass Energy,0.413979,0.0
Hourglass Energy,0.427976,0.0
Hourglass Energy,0.441925,0.0
Hourglass Energy,0.45392499999999997,0.0
Hourglass Energy,0.467994,0.0
Hourglass Energy,0.481934,0.0
Hourglass Energy,0.49594699999999997,0.0
Hourglass Energy,0.507953,0.0
Hourglass Energy,0.5219159999999999,0.0
Hourglass Energy,0.535976,0.0
Hourglass Energy,0.5479849999999999,0.0
Hourglass Energy,0.5619540000000001,0.0
Hourglass Energy,0.575998,0.0
Hourglass Energy,0.5879610000000001,0.0
Hourglass Energy,0.601974,0.0
Hourglass Energy,0.615958,0.0
Hourglass Energy,0.62792,0.0
Hourglass Energy,0.641986,0.0
Hourglass Energy,0.655986,0.0
Hourglass Energy,0.667975,0.0
Hourglass Energy,0.681951,0.0
Hourglass Energy,0.6959559999999999,0.0
Hourglass Energy,0.707922,0.0
Hourglass Energy,0.721981,0.0
Hourglass Energy,0.735957,0.0
Hourglass Energy,0.747934,0.0
Hourglass Energy,0.76192,0.0
Hourglass Energy,0.775992,0.0
Hourglass Energy,0.787957,0.0
Hourglass Energy,0.8019379999999999,0.0
Hourglass Energy,0.815951,0.0
Hourglass Energy,0.827996,0.0
Hourglass Energy,0.841981,0.0
Hourglass Energy,0.855947,0.0
Hourglass Energy,0.867914,0.0
Hourglass Energy,0.8819910000000001,0.0
Hourglass Energy,0.895995,0.0
Hourglass Energy,0.9079360000000001,0.0
Hourglass Energy,0.921955,0.0
Hourglass Energy,0.935975,0.0
Hourglass Energy,0.949924,0.0
Hourglass Energy,0.961953,0.0
Hourglass Energy,0.97598,0.0
Hourglass Energy,0.989993,0.0
Hourglass Energy,1.0019600000000002,0.0
Hourglass Energy,1.01597,0.0
Hourglass Energy,1.02999,0.0
Hourglass Energy,1.0419800000000001,0.0
Hourglass Energy,1.05598,0.0
Hourglass Energy,1.0699699999999999,0.0
Hourglass Energy,1.08191,0.0
Hourglass Energy,1.09595,0.0
Hourglass Energy,1.1099700000000001,0.0
Hourglass Energy,1.1219299999999999,0.0
Hourglass Energy,1.13596,0.0
Hourglass Energy,1.14997,0.0
Hourglass Energy,1.16192,0.0
Hourglass Energy,1.17592,0.0
Hourglass Energy,1.1899499999999998,0.0
Hourglass Energy,1.20199,0.0
Hourglass Energy,1.2159600000000002,0.0
Hourglass Energy,1.22995,0.0
Hourglass Energy,1.242,0.0
Hourglass Energy,1.25594,0.0
Hourglass Energy,1.26999,0.0
Hourglass Energy,1.28196,0.0
Hourglass Energy,1.29594,0.0
Hourglass Energy,1.30994,0.0
Hourglass Energy,1.32198,0.0
Hourglass Energy,1.3359299999999998,0.0
Hourglass Energy,1.35,0.0
Hourglass Energy,1.36198,0.0
Hourglass Energy,1.3760000000000001,0.0
Hourglass Energy,1.3899400000000002,0.0
Hourglass Energy,1.40197,0.0
Hourglass Energy,1.41594,0.0
Hourglass Energy,1.42992,0.0
Hourglass Energy,1.44398,0.0
Hourglass Energy,1.4559900000000001,0.0
Hourglass Energy,1.46994,0.0
Hourglass Energy,1.48399,0.0
Hourglass Energy,1.4959699999999998,0.0
Hourglass Energy,1.50997,0.0
Hourglass Energy,1.5239699999999998,0.0
Hourglass Energy,1.5359200000000002,0.0
Hourglass Energy,1.54992,0.0
Hourglass Energy,1.56398,0.0
Hourglass Energy,1.5759400000000001,0.0
Hourglass Energy,1.58996,0.0
Hourglass Energy,1.60392,0.0
Hourglass Energy,1.61599,0.0
Hourglass Energy,1.62992,0.0
Hourglass Energy,1.6439300000000001,0.0
Hourglass Energy,1.65594,0.0
Hourglass Energy,1.66996,0.0
Hourglass Energy,1.68399,0.0
Hourglass Energy,1.69595,0.0
Hourglass Energy,1.70999,0.0
Hourglass Energy,1.72394,0.0
Hourglass Energy,1.73599,0.0
Hourglass Energy,1.74997,0.0
Hourglass Energy,1.76399,0.0
Hourglass Energy,1.77597,0.0
Hourglass Energy,1.78999,0.0
Hourglass Energy,1.80393,0.0
Hourglass Energy,1.81598,0.0
Hourglass Energy,1.82999,0.0
Hourglass Energy,1.8439699999999999,0.0
Hourglass Energy,1.85598,0.0
Hourglass Energy,1.86998,0.0
Hourglass Energy,1.88395,0.0
Hourglass Energy,1.89792,0.0
Hourglass Energy,1.90994,0.0
Hourglass Energy,1.92393,0.0
Hourglass Energy,1.93797,0.0
Hourglass Energy,1.9499199999999999,0.0
Hourglass Energy,1.9639900000000001,0.0
Hourglass Energy,1.97797,0.0
Hourglass Energy,1.9899599999999997,0.0
Hourglass Energy,2.0039900000000004,0.0
Hourglass Energy,2.01798,0.0
Hourglass Energy,2.02997,0.0
Hourglass Energy,2.04399,0.0
Hourglass Energy,2.05797,0.0
Hourglass Energy,2.07,0.0
Hourglass Energy,2.08393,0.0
Hourglass Energy,2.09795,0.0
Hourglass Energy,2.10999,0.0
Hourglass Energy,2.12392,0.0
Hourglass Energy,2.1379200000000003,0.0
Hourglass Energy,2.14994,0.0
Hourglass Energy,2.16393,0.0
Hourglass Energy,2.17796,0.0
Hourglass Energy,2.18994,0.0
Hourglass Energy,2.2039999999999997,0.0
Hourglass Energy,2.21794,0.0
Hourglass Energy,2.22998,0.0
Hourglass Energy,2.24396,0.0
Hourglass Energy,2.2579700000000003,0.0
Hourglass Energy,2.26995,0.0
Hourglass Energy,2.28395,0.0
Hourglass Energy,2.29799,0.0
Hourglass Energy,2.30999,0.0
Hourglass Energy,2.3239699999999996,0.0
Hourglass Energy,2.3379999999999996,0.0
Hourglass Energy,2.34999,0.0
Hourglass Energy,2.3639300000000003,0.0
Hourglass Energy,2.3779399999999997,0.0
Hourglass Energy,2.3919900000000003,0.0
Hourglass Energy,2.40396,0.0
Hourglass Energy,2.41793,0.0
Hourglass Energy,2.4319200000000003,0.0
Hourglass Energy,2.44394,0.0
Hourglass Energy,2.45793,0.0
Hourglass Energy,2.47197,0.0
Hourglass Energy,2.4839800000000003,0.0
Hourglass Energy,2.49798,0.0
Hourglass Energy,2.51192,0.0
Hourglass Energy,2.52395,0.0
Hourglass Energy,2.5379899999999997,0.0
Hourglass Energy,2.5519700000000003,0.0
Hourglass Energy,2.56392,0.0
Hourglass Energy,2.57797,0.0
Hourglass Energy,2.59197,0.0
Hourglass Energy,2.6039600000000003,0.0
Hourglass Energy,2.61795,0.0
Hourglass Energy,2.63194,0.0
Hourglass Energy,2.64398,0.0
Hourglass Energy,2.65794,0.0
Hourglass Energy,2.67192,0.0
Hourglass Energy,2.68394,0.0
Hourglass Energy,2.69794,0.0
Hourglass Energy,2.71196,0.0
Hourglass Energy,2.7239299999999997,0.0
Hourglass Energy,2.7379700000000002,0.0
Hourglass Energy,2.75197,0.0
Hourglass Energy,2.76399,0.0
Hourglass Energy,2.77793,0.0
Hourglass Energy,2.7919199999999997,0.0
Hourglass Energy,2.80394,0.0
Hourglass Energy,2.81796,0.0
Hourglass Energy,2.83195,0.0
Hourglass Energy,2.84594,0.0
Hourglass Energy,2.8579600000000003,0.0
Hourglass Energy,2.87198,0.0
Hourglass Energy,2.88598,0.0
Hourglass Energy,2.89797,0.0
Hourglass Energy,2.9119200000000003,0.0
Hourglass Energy,2.92597,0.0
Hourglass Energy,2.93799,0.0
Hourglass Energy,2.95194,0.0
Hourglass Energy,2.9659500000000003,0.0
Hourglass Energy,2.9779199999999997,0.0
Hourglass Energy,2.99191,0.0
Hourglass Energy,3.00595,0.0
Hourglass Energy,3.01793,0.0
Hourglass Energy,3.03192,0.0
Hourglass Energy,3.04599,0.0
Hourglass Energy,3.058,0.0
Hourglass Energy,3.07193,0.0
Hourglass Energy,3.0859199999999998,0.0
Hourglass Energy,3.09793,0.0
Hourglass Energy,3.11194,0.0
Hourglass Energy,3.12598,0.0
Hourglass Energy,3.13794,0.0
Hourglass Energy,3.15197,0.0
Hourglass Energy,3.16595,0.0
Hourglass Energy,3.17799,0.0
Hourglass Energy,3.19199,0.0
Hourglass Energy,3.2059699999999998,0.0
Hourglass Energy,3.21797,0.0
Hourglass Energy,3.23193,0.0
Hourglass Energy,3.24597,0.0
Hourglass Energy,3.25794,0.0
Hourglass Energy,3.2720000000000002,0.0
Hourglass Energy,3.28596,0.0
Hourglass Energy,3.29997,0.0
Hourglass Energy,3.31195,0.0
Hourglass Energy,3.3259700000000003,0.0
Hourglass Energy,3.33996,0.0
Hourglass Energy,3.35196,0.0
Hourglass Energy,3.36598,0.0
Hourglass Energy,3.37992,0.0
Hourglass Energy,3.39191,0.0
Hourglass Energy,3.40593,0.0
Hourglass Energy,3.41997,0.0
Hourglass Energy,3.43193,0.0
Hourglass Energy,3.44592,0.0
Hourglass Energy,3.45993,0.0
Hourglass Energy,3.472,0.0
Hourglass Energy,3.48595,0.0
Hourglass Energy,3.49997,0.0
Hourglass Energy,3.51193,0.0
Hourglass Energy,3.52592,0.0
Hourglass Energy,3.53999,0.0
Hourglass Energy,3.55196,0.0
Hourglass Energy,3.56594,0.0
Hourglass Energy,3.57999,0.0
Hourglass Energy,3.59193,0.0
Hourglass Energy,3.60595,0.0
Hourglass Energy,3.61993,0.0
Hourglass Energy,3.63194,0.0
Hourglass Energy,3.646,0.0
Hourglass Energy,3.65995,0.0
Hourglass Energy,3.6719500000000003,0.0
Hourglass Energy,3.68593,0.0
Hourglass Energy,3.69997,0.0
Hourglass Energy,3.71195,0.0
Hourglass Energy,3.72595,0.0
Hourglass Energy,3.7399999999999998,0.0
Hourglass Energy,3.75196,0.0
Hourglass Energy,3.76597,0.0
Hourglass Energy,3.77996,0.0
Hourglass Energy,3.7939599999999998,0.0
Hourglass Energy,3.80599,0.0
Hourglass Energy,3.8199699999999996,0.0
Hourglass Energy,3.83394,0.0
Hourglass Energy,3.84599,0.0
Hourglass Energy,3.8599300000000003,0.0
Hourglass Energy,3.87394,0.0
Hourglass Energy,3.88599,0.0
Hourglass Energy,3.89994,0.0
Hourglass Energy,3.91394,0.0
Hourglass Energy,3.92593,0.0
Hourglass Energy,3.9399800000000003,0.0
Hourglass Energy,3.9539500000000003,0.0
Hourglass Energy,3.96593,0.0
Hourglass Energy,3.9799400000000005,0.0
Hourglass Energy,3.9939299999999998,0.0
Hourglass Energy,4.00596,0.0
Hourglass Energy,4.01994,0.0
Hourglass Energy,4.03395,0.0
Hourglass Energy,4.045929999999999,0.0
Hourglass Energy,4.05993,0.0
Hourglass Energy,4.07397,0.0
Hourglass Energy,4.08594,0.0
Hourglass Energy,4.09994,0.0
Hourglass Energy,4.11394,0.0
Hourglass Energy,4.12597,0.0
Hourglass Energy,4.13992,0.0
Hourglass Energy,4.15394,0.0
Hourglass Energy,4.16593,0.0
Hourglass Energy,4.17993,0.0
Hourglass Energy,4.19395,0.0
Hourglass Energy,4.20595,0.0
Hourglass Energy,4.21997,0.0
Hourglass Energy,4.23393,0.0
Hourglass Energy,4.248,0.0
Hourglass Energy,4.25992,0.0
Hourglass Energy,4.273960000000001,0.0
Hourglass Energy,4.2879499999999995,0.0
Hourglass Energy,4.2999600000000004,0.0
Hourglass Energy,4.31399,0.0
Hourglass Energy,4.3279700000000005,0.0
Hourglass Energy,4.3399600000000005,0.0
Hourglass Energy,4.35398,0.0
Hourglass Energy,4.3679499999999996,0.0
Hourglass Energy,4.37992,0.0
Hourglass Energy,4.393949999999999,0.0
Hourglass Energy,4.4079999999999995,0.0
Hourglass Energy,4.41996,0.0
Hourglass Energy,4.4339699999999995,0.0
Hourglass Energy,4.44796,0.0
Hourglass Energy,4.45998,0.0
Hourglass Energy,4.473920000000001,0.0
Hourglass Energy,4.48792,0.0
Hourglass Energy,4.49998,0.0
Hourglass Energy,4.51397,0.0
Hourglass Energy,4.52796,0.0
Hourglass Energy,4.53997,0.0
Hourglass Energy,4.55396,0.0
Hourglass Energy,4.56798,0.0
Hourglass Energy,4.57998,0.0
Hourglass Energy,4.59393,0.0
Hourglass Energy,4.60796,0.0
Hourglass Energy,4.61999,0.0
Hourglass Energy,4.633929999999999,0.0
Hourglass Energy,4.64799,0.0
Hourglass Energy,4.65992,0.0
Hourglass Energy,4.67399,0.0
Hourglass Energy,4.68798,0.0
Hourglass Energy,4.69994,0.0
Hourglass Energy,4.7139299999999995,0.0
Hourglass Energy,4.727989999999999,0.0
Hourglass Energy,4.74194,0.0
Hourglass Energy,4.75392,0.0
Hourglass Energy,4.76795,0.0
Hourglass Energy,4.78197,0.0
Hourglass Energy,4.79395,0.0
Hourglass Energy,4.80793,0.0
Hourglass Energy,4.821940000000001,0.0
Hourglass Energy,4.83396,0.0
Hourglass Energy,4.84799,0.0
Hourglass Energy,4.86197,0.0
Hourglass Energy,4.87395,0.0
Hourglass Energy,4.88797,0.0
Hourglass Energy,4.9019900000000005,0.0
Hourglass Energy,4.91395,0.0
Hourglass Energy,4.9279399999999995,0.0
Hourglass Energy,4.9419900000000005,0.0
Hourglass Energy,4.95393,0.0
Hourglass Energy,4.96799,0.0
Hourglass Energy,4.981979999999999,0.0
Hourglass Energy,4.99392,0.0
Hourglass Energy,5.00795,0.0
Hourglass Energy,5.02196,0.0
Hourglass Energy,5.0339599999999995,0.0
Hourglass Energy,5.04795,0.0
Hourglass Energy,5.06198,0.0
Hourglass Energy,5.07395,0.0
Hourglass Energy,5.08794,0.0
Hourglass Energy,5.10195,0.0
Hourglass Energy,5.11395,0.0
Hourglass Energy,5.12795,0.0
Hourglass Energy,5.1419500000000005,0.0
Hourglass Energy,5.154,0.0
Hourglass Energy,5.16795,0.0
Hourglass Energy,5.18194,0.0
Hourglass Energy,5.195939999999999,0.0
Hourglass Energy,5.20798,0.0
Hourglass Energy,5.2219500000000005,0.0
Hourglass Energy,5.2359800000000005,0.0
Hourglass Energy,5.248,0.0
Hourglass Energy,5.26192,0.0
Hourglass Energy,5.275939999999999,0.0
Hourglass Energy,5.287990000000001,0.0
Hourglass Energy,5.30197,0.0
Hourglass Energy,5.31596,0.0
Hourglass Energy,5.32796,0.0
Hourglass Energy,5.34195,0.0
Hourglass Energy,5.35596,0.0
Hourglass Energy,5.367979999999999,0.0
Hourglass Energy,5.38192,0.0
Hourglass Energy,5.39594,0.0
Hourglass Energy,5.40796,0.0
Hourglass Energy,5.42194,0.0
Hourglass Energy,5.43598,0.0
Hourglass Energy,5.44792,0.0
Hourglass Energy,5.46199,0.0
Hourglass Energy,5.47593,0.0
Hourglass Energy,5.48799,0.0
Hourglass Energy,5.50197,0.0
Hourglass Energy,5.5159400000000005,0.0
Hourglass Energy,5.527920000000001,0.0
Hourglass Energy,5.54193,0.0
Hourglass Energy,5.5559199999999995,0.0
Hourglass Energy,5.56798,0.0
Hourglass Energy,5.58195,0.0
Hourglass Energy,5.5959699999999994,0.0
Hourglass Energy,5.60798,0.0
Hourglass Energy,5.62193,0.0
Hourglass Energy,5.6359699999999995,0.0
Hourglass Energy,5.64994,0.0
Hourglass Energy,5.662000000000001,0.0
Hourglass Energy,5.67598,0.0
Hourglass Energy,5.6899999999999995,0.0
Hourglass Energy,5.70196,0.0
Hourglass Energy,5.71593,0.0
Hourglass Energy,5.72997,0.0
Hourglass Energy,5.74192,0.0
Hourglass Energy,5.75593,0.0
Hourglass Energy,5.76998,0.0
Hourglass Energy,5.78197,0.0
Hourglass Energy,5.796,0.0
Hourglass Energy,5.80999,0.0
Hourglass Energy,5.8219899999999996,0.0
Hourglass Energy,5.83599,0.0
Hourglass Energy,5.84998,0.0
Hourglass Energy,5.861940000000001,0.0
Hourglass Energy,5.87592,0.0
Hourglass Energy,5.88997,0.0
Hourglass Energy,5.901960000000001,0.0
Hourglass Energy,5.915959999999999,0.0
Hourglass Energy,5.929989999999999,0.0
Hourglass Energy,5.94193,0.0
Hourglass Energy,5.95596,0.0
Hourglass Energy,5.96995,0.0
Hourglass Energy,5.98194,0.0
Hourglass Energy,5.99593,0.0
Hourglass Energy,6.00997,0.0
Hourglass Energy,6.02197,0.0
Hourglass Energy,6.0359799999999995,0.0
Hourglass Energy,6.04998,0.0
Hourglass Energy,6.06192,0.0
Hourglass Energy,6.07596,0.0
Hourglass Energy,6.0899600000000005,0.0
Hourglass Energy,6.10196,0.0
Hourglass Energy,6.11599,0.0
Hourglass Energy,6.12997,0.0
Hourglass Energy,6.14398,0.0
Hourglass Energy,6.15592,0.0
Hourglass Energy,6.1699399999999995,0.0
Hourglass Energy,6.18396,0.0
Hourglass Energy,6.19593,0.0
Hourglass Energy,6.20991,0.0
Hourglass Energy,6.22392,0.0
Hourglass Energy,6.23597,0.0
Hourglass Energy,6.24994,0.0
Hourglass Energy,6.26393,0.0
Hourglass Energy,6.27593,0.0
Hourglass Energy,6.28994,0.0
Hourglass Energy,6.30395,0.0
Hourglass Energy,6.31597,0.0
Hourglass Energy,6.32999,0.0
Hourglass Energy,6.34394,0.0
Hourglass Energy,6.35595,0.0
Hourglass Energy,6.36994,0.0
Hourglass Energy,6.38397,0.0
Hourglass Energy,6.396,0.0
Hourglass Energy,6.40996,0.0
Hourglass Energy,6.4239500000000005,0.0
Hourglass Energy,6.43592,0.0
Hourglass Energy,6.44996,0.0
Hourglass Energy,6.4639299999999995,0.0
Hourglass Energy,6.47593,0.0
Hourglass Energy,6.48995,0.0
Hourglass Energy,6.503959999999999,0.0
Hourglass Energy,6.51597,0.0
Hourglass Energy,6.52994,0.0
Hourglass Energy,6.54397,0.0
Hourglass Energy,6.55598,0.0
Hourglass Energy,6.56997,0.0
Hourglass Energy,6.58397,0.0
Hourglass Energy,6.59794,0.0
Hourglass Energy,6.609979999999999,0.0
Hourglass Energy,6.62393,0.0
Hourglass Energy,6.63794,0.0
Hourglass Energy,6.64999,0.0
Hourglass Energy,6.66394,0.0
Hourglass Energy,6.67797,0.0
Hourglass Energy,6.68998,0.0
Hourglass Energy,6.70392,0.0
Hourglass Energy,6.717960000000001,0.0
Hourglass Energy,6.72998,0.0
Hourglass Energy,6.743919999999999,0.0
Hourglass Energy,6.75794,0.0
Hourglass Energy,6.76996,0.0
Hourglass Energy,6.78399,0.0
Hourglass Energy,6.7979199999999995,0.0
Hourglass Energy,6.80998,0.0
Hourglass Energy,6.82395,0.0
Hourglass Energy,6.83796,0.0
Hourglass Energy,6.84996,0.0
Hourglass Energy,6.86395,0.0
Hourglass Energy,6.87798,0.0
Hourglass Energy,6.88992,0.0
Hourglass Energy,6.90392,0.0
Hourglass Energy,6.9179699999999995,0.0
Hourglass Energy,6.92995,0.0
Hourglass Energy,6.94396,0.0
Hourglass Energy,6.95798,0.0
Hourglass Energy,6.9699599999999995,0.0
Hourglass Energy,6.9839899999999995,0.0
Hourglass Energy,6.997920000000001,0.0
Hourglass Energy,7.00993,0.0
Hourglass Energy,7.02395,0.0
Hourglass Energy,7.03798,0.0
Hourglass Energy,7.04999,0.0
Hourglass Energy,7.06397,0.0
Hourglass Energy,7.07792,0.0
Hourglass Energy,7.09198,0.0
Hourglass Energy,7.10395,0.0
Hourglass Energy,7.11796,0.0
Hourglass Energy,7.13199,0.0
Hourglass Energy,7.144,0.0
Hourglass Energy,7.158,0.0
Hourglass Energy,7.17198,0.0
Hourglass Energy,7.18392,0.0
Hourglass Energy,7.19794,0.0
Hourglass Energy,7.212,0.0
Hourglass Energy,7.22399,0.0
Hourglass Energy,7.23793,0.0
Hourglass Energy,7.25192,0.0
Hourglass Energy,7.26396,0.0
Hourglass Energy,7.2779300000000005,0.0
Hourglass Energy,7.29194,0.0
Hourglass Energy,7.30398,0.0
Hourglass Energy,7.31796,0.0
Hourglass Energy,7.33195,0.0
Hourglass Energy,7.34395,0.0
Hourglass Energy,7.35799,0.0
Hourglass Energy,7.37193,0.0
Hourglass Energy,7.38394,0.0
Hourglass Energy,7.39797,0.0
Hourglass Energy,7.41195,0.0
Hourglass Energy,7.42392,0.0
Hourglass Energy,7.43799,0.0
Hourglass Energy,7.45193,0.0
Hourglass Energy,7.46392,0.0
Hourglass Energy,7.478000000000001,0.0
Hourglass Energy,7.49198,0.0
Hourglass Energy,7.50395,0.0
Hourglass Energy,7.51794,0.0
Hourglass Energy,7.53194,0.0
Hourglass Energy,7.54595,0.0
Hourglass Energy,7.55796,0.0
Hourglass Energy,7.57195,0.0
Hourglass Energy,7.58597,0.0
Hourglass Energy,7.598,0.0
Hourglass Energy,7.61198,0.0
Hourglass Energy,7.62592,0.0
Hourglass Energy,7.63797,0.0
Hourglass Energy,7.65193,0.0
Hourglass Energy,7.665970000000001,0.0
Hourglass Energy,7.67793,0.0
Hourglass Energy,7.69198,0.0
Hourglass Energy,7.70599,0.0
Hourglass Energy,7.71799,0.0
Hourglass Energy,7.731990000000001,0.0
Hourglass Energy,7.7459299999999995,0.0
Hourglass Energy,7.757960000000001,0.0
Hourglass Energy,7.7719499999999995,0.0
Hourglass Energy,7.7859799999999995,0.0
Hourglass Energy,7.79799,0.0
Hourglass Energy,7.811979999999999,0.0
Hourglass Energy,7.82596,0.0
Hourglass Energy,7.83796,0.0
Hourglass Energy,7.851979999999999,0.0
Hourglass Energy,7.8659300000000005,0.0
Hourglass Energy,7.8779200000000005,0.0
Hourglass Energy,7.89199,0.0
Hourglass Energy,7.90597,0.0
Hourglass Energy,7.9179200000000005,0.0
Hourglass Energy,7.93199,0.0
Hourglass Energy,7.94595,0.0
Hourglass Energy,7.95793,0.0
Hourglass Energy,7.97199,0.0
Hourglass Energy,7.985930000000001,0.0
Hourglass Energy,7.99998,0.0
Sliding Interface Energy,0.0,0.0
Sliding Interface Energy,0.00198,0.0
Sliding Interface Energy,0.009989959999999999,9.08407
Sliding Interface Energy,0.0139473,8.4494
Sliding Interface Energy,0.0259764,7.42817
Sliding Interface Energy,0.031916,6.98585
Sliding Interface Energy,0.0399218,8.23974
Sliding Interface Energy,0.041991099999999996,8.6983
Sliding Interface Energy,0.0519394,10.1357
Sliding Interface Energy,0.0539837,10.4953
Sliding Interface Energy,0.065941,13.0157
Sliding Interface Energy,0.0739977,12.7091
Sliding Interface Energy,0.0799562,13.153
Sliding Interface Energy,0.0819965,13.3497
Sliding Interface Energy,0.0919373,14.5903
Sliding Interface Energy,0.0959272,14.7671
Sliding Interface Energy,0.10595399999999999,14.434
Sliding Interface Energy,0.107917,14.3548
Sliding Interface Energy,0.115984,14.1795
Sliding Interface Energy,0.121987,14.399
Sliding Interface Energy,0.12998099999999999,14.7535
Sliding Interface Energy,0.13399899999999998,14.6553
Sliding Interface Energy,0.145961,13.8663
Sliding Interface Energy,0.147922,13.7171
Sliding Interface Energy,0.159926,13.0752
Sliding Interface Energy,0.161965,12.9932
Sliding Interface Energy,0.171935,12.8471
Sliding Interface Energy,0.173974,12.837
Sliding Interface Energy,0.185958,12.9406
Sliding Interface Energy,0.187999,12.9567
Sliding Interface Energy,0.199988,13.1335
Sliding Interface Energy,0.201941,13.1695
Sliding Interface Energy,0.211982,13.3199
Sliding Interface Energy,0.213932,13.3391
Sliding Interface Energy,0.225971,13.5307
Sliding Interface Energy,0.227927,13.5728
Sliding Interface Energy,0.239928,13.8751
Sliding Interface Energy,0.24197500000000002,13.9191
Sliding Interface Energy,0.251997,14.2374
Sliding Interface Energy,0.253942,14.3239
Sliding Interface Energy,0.265959,15.108
Sliding Interface Energy,0.267988,15.1503
Sliding Interface Energy,0.27997900000000003,15.4644
Sliding Interface Energy,0.281916,15.5405
Sliding Interface Energy,0.291935,15.9232
Sliding Interface Energy,0.29395400000000005,15.9905
Sliding Interface Energy,0.305935,16.4103
Sliding Interface Energy,0.307946,16.4739
Sliding Interface Energy,0.319933,16.853
Sliding Interface Energy,0.321964,16.919
Sliding Interface Energy,0.331932,17.1416
Sliding Interface Energy,0.333967,17.1684
Sliding Interface Energy,0.345995,17.4393
Sliding Interface Energy,0.347939,17.514
Sliding Interface Energy,0.35992100000000005,17.8494
Sliding Interface Energy,0.361937,17.8803
Sliding Interface Energy,0.371962,18.1023
Sliding Interface Energy,0.37398200000000004,18.1546
Sliding Interface Energy,0.385972,18.4959
Sliding Interface Energy,0.387993,18.5524
Sliding Interface Energy,0.39991899999999997,18.7824
Sliding Interface Energy,0.401965,18.8769
Sliding Interface Energy,0.409988,19.1715
Sliding Interface Energy,0.413979,19.0864
Sliding Interface Energy,0.419986,18.9215
Sliding Interface Energy,0.427976,18.986
Sliding Interface Energy,0.439914,19.0404
Sliding Interface Energy,0.441925,19.0458
Sliding Interface Energy,0.451978,19.0752
Sliding Interface Energy,0.45392499999999997,19.0863
Sliding Interface Energy,0.46597,19.3258
Sliding Interface Energy,0.46993,19.3236
Sliding Interface Energy,0.479986,19.2767
Sliding Interface Energy,0.481934,19.279
Sliding Interface Energy,0.493924,19.3912
Sliding Interface Energy,0.49594699999999997,19.4093
Sliding Interface Energy,0.5059119999999999,19.4462
Sliding Interface Energy,0.507953,19.4483
Sliding Interface Energy,0.519967,19.4564
Sliding Interface Energy,0.5219159999999999,19.4617
Sliding Interface Energy,0.533941,19.5666
Sliding Interface Energy,0.535976,19.6046
Sliding Interface Energy,0.545952,19.7804
Sliding Interface Energy,0.5479849999999999,19.8146
Sliding Interface Energy,0.5599230000000001,19.9923
Sliding Interface Energy,0.5619540000000001,20.0006
Sliding Interface Energy,0.5719339999999999,19.9621
Sliding Interface Energy,0.575998,19.9757
Sliding Interface Energy,0.585925,20.0125
Sliding Interface Energy,0.5879610000000001,20.0239
Sliding Interface Energy,0.5999310000000001,20.1616
Sliding Interface Energy,0.601974,20.1893
Sliding Interface Energy,0.61392,20.3083
Sliding Interface Energy,0.615958,20.3331
Sliding Interface Energy,0.625964,20.5065
Sliding Interface Energy,0.62792,20.5384
Sliding Interface Energy,0.639953,20.6773
Sliding Interface Energy,0.641986,20.6995
Sliding Interface Energy,0.653952,20.8592
Sliding Interface Energy,0.655986,20.8962
Sliding Interface Energy,0.665952,21.1385
Sliding Interface Energy,0.667975,21.1929
Sliding Interface Energy,0.67993,21.5086
Sliding Interface Energy,0.681951,21.5554
Sliding Interface Energy,0.693955,21.9472
Sliding Interface Energy,0.6959559999999999,22.0279
Sliding Interface Energy,0.7059650000000001,22.2817
Sliding Interface Energy,0.707922,22.2761
Sliding Interface Energy,0.71995,22.2245
Sliding Interface Energy,0.721981,22.2243
Sliding Interface Energy,0.733944,22.2718
Sliding Interface Energy,0.735957,22.2749
Sliding Interface Energy,0.745921,22.2631
Sliding Interface Energy,0.747934,22.2646
Sliding Interface Energy,0.759997,22.317
Sliding Interface Energy,0.76192,22.3296
Sliding Interface Energy,0.773977,22.7111
Sliding Interface Energy,0.775992,22.7762
Sliding Interface Energy,0.7859510000000001,22.9239
Sliding Interface Energy,0.787957,22.9459
Sliding Interface Energy,0.79999,23.0544
Sliding Interface Energy,0.8019379999999999,23.062
Sliding Interface Energy,0.813995,23.1555
Sliding Interface Energy,0.815951,23.1784
Sliding Interface Energy,0.82596,23.27
Sliding Interface Energy,0.827996,23.2812
Sliding Interface Energy,0.839961,23.4237
Sliding Interface Energy,0.841981,23.4639
Sliding Interface Energy,0.853955,23.6309
Sliding Interface Energy,0.855947,23.658
Sliding Interface Energy,0.865965,23.8257
Sliding Interface Energy,0.871973,23.8603
Sliding Interface Energy,0.879967,23.8261
Sliding Interface Energy,0.8819910000000001,23.8269
Sliding Interface Energy,0.893978,23.8989
Sliding Interface Energy,0.895995,23.9212
Sliding Interface Energy,0.905953,24.0832
Sliding Interface Energy,0.9079360000000001,24.1199
Sliding Interface Energy,0.919923,24.472
Sliding Interface Energy,0.921955,24.5322
Sliding Interface Energy,0.933982,24.7559
Sliding Interface Energy,0.935975,24.7685
Sliding Interface Energy,0.939961,24.7829
Sliding Interface Energy,0.95399,24.7671
Sliding Interface Energy,0.959918,24.7776
Sliding Interface Energy,0.965924,24.7956
Sliding Interface Energy,0.973951,24.7806
Sliding Interface Energy,0.97598,24.7776
Sliding Interface Energy,0.987971,24.7566
Sliding Interface Energy,0.989993,24.7589
Sliding Interface Energy,0.9999340000000001,24.8181
Sliding Interface Energy,1.0019600000000002,24.8403
Sliding Interface Energy,1.01394,25.0034
Sliding Interface Energy,1.01597,25.0326
Sliding Interface Energy,1.02797,25.2454
Sliding Interface Energy,1.02999,25.2826
Sliding Interface Energy,1.03996,25.5242
Sliding Interface Energy,1.0419800000000001,25.5872
Sliding Interface Energy,1.05396,25.9793
Sliding Interface Energy,1.05598,26.0122
Sliding Interface Energy,1.0679400000000001,26.0816
Sliding Interface Energy,1.0699699999999999,26.0925
Sliding Interface Energy,1.0799699999999999,26.1429
Sliding Interface Energy,1.08191,26.1477
Sliding Interface Energy,1.09392,26.1732
Sliding Interface Energy,1.09595,26.1835
Sliding Interface Energy,1.10795,26.2489
Sliding Interface Energy,1.1099700000000001,26.2483
Sliding Interface Energy,1.11992,26.3145
Sliding Interface Energy,1.1219299999999999,26.3283
Sliding Interface Energy,1.13396,26.3638
Sliding Interface Energy,1.13596,26.3686
Sliding Interface Energy,1.13992,26.3742
Sliding Interface Energy,1.1539199999999998,26.3664
Sliding Interface Energy,1.15999,26.3757
Sliding Interface Energy,1.16192,26.3781
Sliding Interface Energy,1.17398,26.4962
Sliding Interface Energy,1.17592,26.535
Sliding Interface Energy,1.1879600000000001,26.795
Sliding Interface Energy,1.1899499999999998,26.8256
Sliding Interface Energy,1.19999,27.0895
Sliding Interface Energy,1.20199,27.1632
Sliding Interface Energy,1.21395,27.4847
Sliding Interface Energy,1.2159600000000002,27.5475
Sliding Interface Energy,1.22794,27.837
Sliding Interface Energy,1.22995,27.8951
Sliding Interface Energy,1.2399900000000001,28.1714
Sliding Interface Energy,1.242,28.2049
Sliding Interface Energy,1.25392,28.4148
Sliding Interface Energy,1.25594,28.4539
Sliding Interface Energy,1.26795,28.6313
Sliding Interface Energy,1.26999,28.6559
Sliding Interface Energy,1.27994,28.7725
Sliding Interface Energy,1.28196,28.7982
Sliding Interface Energy,1.2939399999999999,29.0056
Sliding Interface Energy,1.29594,29.0362
Sliding Interface Energy,1.30397,29.0962
Sliding Interface Energy,1.31397,29.0731
Sliding Interface Energy,1.3199500000000002,29.1031
Sliding Interface Energy,1.32198,29.1104
Sliding Interface Energy,1.33399,29.1746
Sliding Interface Energy,1.3359299999999998,29.2065
Sliding Interface Energy,1.34796,29.4466
Sliding Interface Energy,1.35,29.4851
Sliding Interface Energy,1.35998,29.6341
Sliding Interface Energy,1.36198,29.6477
Sliding Interface Energy,1.37398,29.7543
Sliding Interface Energy,1.3760000000000001,29.7813
Sliding Interface Energy,1.38792,29.9583
Sliding Interface Energy,1.3899400000000002,29.9955
Sliding Interface Energy,1.39997,30.2505
Sliding Interface Energy,1.40197,30.3045
Sliding Interface Energy,1.41391,30.5131
Sliding Interface Energy,1.41594,30.5384
Sliding Interface Energy,1.42799,30.7111
Sliding Interface Energy,1.42992,30.7327
Sliding Interface Energy,1.4419700000000002,30.8223
Sliding Interface Energy,1.44398,30.8469
Sliding Interface Energy,1.4539799999999998,30.9986
Sliding Interface Energy,1.4559900000000001,31.034
Sliding Interface Energy,1.46794,31.2976
Sliding Interface Energy,1.46994,31.3304
Sliding Interface Energy,1.48197,31.5422
Sliding Interface Energy,1.48399,31.5691
Sliding Interface Energy,1.49395,31.6845
Sliding Interface Energy,1.4959699999999998,31.7016
Sliding Interface Energy,1.5079500000000001,31.8107
Sliding Interface Energy,1.50997,31.8185
Sliding Interface Energy,1.52196,31.8727
Sliding Interface Energy,1.5239699999999998,31.8935
Sliding Interface Energy,1.53391,31.9803
Sliding Interface Energy,1.5359200000000002,31.9904
Sliding Interface Energy,1.54795,32.0215
Sliding Interface Energy,1.54992,32.0215
Sliding Interface Energy,1.56198,32.0922
Sliding Interface Energy,1.56398,32.1152
Sliding Interface Energy,1.57392,32.1949
Sliding Interface Energy,1.5759400000000001,32.2053
Sliding Interface Energy,1.58794,32.2537
Sliding Interface Energy,1.58996,32.2593
Sliding Interface Energy,1.6019999999999999,32.3374
Sliding Interface Energy,1.60392,32.4337
Sliding Interface Energy,1.61399,33.1901
Sliding Interface Energy,1.61599,33.226
Sliding Interface Energy,1.62391,33.0566
Sliding Interface Energy,1.62992,33.0888
Sliding Interface Energy,1.64192,33.2623
Sliding Interface Energy,1.6439300000000001,33.2849
Sliding Interface Energy,1.6539899999999998,33.4288
Sliding Interface Energy,1.65594,33.479
Sliding Interface Energy,1.66793,33.7052
Sliding Interface Energy,1.66996,33.7347
Sliding Interface Energy,1.68198,33.845
Sliding Interface Energy,1.68399,33.8848
Sliding Interface Energy,1.69394,34.2201
Sliding Interface Energy,1.69595,34.2337
Sliding Interface Energy,1.70392,34.1662
Sliding Interface Energy,1.70999,34.1883
Sliding Interface Energy,1.7219200000000001,34.2478
Sliding Interface Energy,1.72394,34.2728
Sliding Interface Energy,1.73399,34.4137
Sliding Interface Energy,1.73599,34.4574
Sliding Interface Energy,1.74796,34.811
Sliding Interface Energy,1.74997,34.8776
Sliding Interface Energy,1.76197,35.4209
Sliding Interface Energy,1.76399,35.4824
Sliding Interface Energy,1.7739800000000001,35.9721
Sliding Interface Energy,1.77597,36.0702
Sliding Interface Energy,1.788,36.3307
Sliding Interface Energy,1.7919800000000001,36.3358
Sliding Interface Energy,1.80193,36.4009
Sliding Interface Energy,1.80393,36.423
Sliding Interface Energy,1.81395,36.5314
Sliding Interface Energy,1.81598,36.5414
Sliding Interface Energy,1.8279699999999999,36.6246
Sliding Interface Energy,1.82999,36.6538
Sliding Interface Energy,1.84197,36.7931
Sliding Interface Energy,1.8439699999999999,36.8147
Sliding Interface Energy,1.85396,36.9659
Sliding Interface Energy,1.85598,37.0026
Sliding Interface Energy,1.868,37.2986
Sliding Interface Energy,1.86998,37.3643
Sliding Interface Energy,1.88196,37.8418
Sliding Interface Energy,1.88395,37.9072
Sliding Interface Energy,1.8959700000000002,38.3269
Sliding Interface Energy,1.89792,38.4421
Sliding Interface Energy,1.90792,38.8381
Sliding Interface Energy,1.90994,38.8755
Sliding Interface Energy,1.9220000000000002,39.0219
Sliding Interface Energy,1.92997,39.0173
Sliding Interface Energy,1.93599,39.0295
Sliding Interface Energy,1.93797,39.0325
Sliding Interface Energy,1.9479499999999998,39.0865
Sliding Interface Energy,1.9499199999999999,39.0999
Sliding Interface Energy,1.9619799999999998,39.1337
Sliding Interface Energy,1.9639900000000001,39.1397
Sliding Interface Energy,1.9699900000000001,39.1533
Sliding Interface Energy,1.97797,39.1441
Sliding Interface Energy,1.98795,39.1903
Sliding Interface Energy,1.9899599999999997,39.1971
Sliding Interface Energy,2.00198,39.2298
Sliding Interface Energy,2.0039900000000004,39.2463
Sliding Interface Energy,2.0159800000000003,39.4313
Sliding Interface Energy,2.01798,39.4836
Sliding Interface Energy,2.02798,39.67
Sliding Interface Energy,2.02997,39.6896
Sliding Interface Energy,2.04197,39.7513
Sliding Interface Energy,2.04592,39.7518
Sliding Interface Energy,2.05596,39.7678
Sliding Interface Energy,2.0639399999999997,39.7647
Sliding Interface Energy,2.06799,39.7683
Sliding Interface Energy,2.07,39.772
Sliding Interface Energy,2.07994,39.9285
Sliding Interface Energy,2.0859199999999998,39.8598
Sliding Interface Energy,2.09594,39.9458
Sliding Interface Energy,2.09795,39.9605
Sliding Interface Energy,2.10798,40.0222
Sliding Interface Energy,2.10999,40.0382
Sliding Interface Energy,2.12199,40.3157
Sliding Interface Energy,2.12392,40.3727
Sliding Interface Energy,2.1359999999999997,40.4715
Sliding Interface Energy,2.1379200000000003,40.4966
Sliding Interface Energy,2.14792,40.6357
Sliding Interface Energy,2.14994,40.6474
Sliding Interface Energy,2.15398,40.6674
Sliding Interface Energy,2.16393,40.6659
Sliding Interface Energy,2.176,40.7265
Sliding Interface Energy,2.17796,40.7444
Sliding Interface Energy,2.1879299999999997,40.7691
Sliding Interface Energy,2.18994,40.7762
Sliding Interface Energy,2.202,40.7977
Sliding Interface Energy,2.2039999999999997,40.8084
Sliding Interface Energy,2.21593,40.9018
Sliding Interface Energy,2.21794,40.917
Sliding Interface Energy,2.2259599999999997,40.9569
Sliding Interface Energy,2.23399,40.9491
Sliding Interface Energy,2.2399899999999997,40.9656
Sliding Interface Energy,2.24396,40.9615
Sliding Interface Energy,2.25597,40.982
Sliding Interface Energy,2.2579700000000003,40.995
Sliding Interface Energy,2.26794,41.0574
Sliding Interface Energy,2.26995,41.0698
Sliding Interface Energy,2.28193,41.2668
Sliding Interface Energy,2.28395,41.3037
Sliding Interface Energy,2.29596,41.5689
Sliding Interface Energy,2.29799,41.6182
Sliding Interface Energy,2.3080000000000003,41.8373
Sliding Interface Energy,2.30999,41.8794
Sliding Interface Energy,2.32197,42.1533
Sliding Interface Energy,2.3239699999999996,42.191
Sliding Interface Energy,2.33598,42.4337
Sliding Interface Energy,2.3379999999999996,42.4599
Sliding Interface Energy,2.3479799999999997,42.6142
Sliding Interface Energy,2.34999,42.6533
Sliding Interface Energy,2.3619499999999998,42.8649
Sliding Interface Energy,2.3639300000000003,42.9127
Sliding Interface Energy,2.37593,43.1032
Sliding Interface Energy,2.3779399999999997,43.1339
Sliding Interface Energy,2.39,43.293
Sliding Interface Energy,2.3919900000000003,43.3246
Sliding Interface Energy,2.40195,43.4753
Sliding Interface Energy,2.40396,43.4952
Sliding Interface Energy,2.41592,43.8374
Sliding Interface Energy,2.41793,43.9062
Sliding Interface Energy,2.42992,44.1279
Sliding Interface Energy,2.4319200000000003,44.1855
Sliding Interface Energy,2.44194,44.4904
Sliding Interface Energy,2.44394,44.5556
Sliding Interface Energy,2.45595,44.8115
Sliding Interface Energy,2.45793,44.83
Sliding Interface Energy,2.46997,45.0942
Sliding Interface Energy,2.47197,45.1434
Sliding Interface Energy,2.48196,45.3786
Sliding Interface Energy,2.4839800000000003,45.4135
Sliding Interface Energy,2.4959700000000002,45.494
Sliding Interface Energy,2.49798,45.5084
Sliding Interface Energy,2.50998,45.6127
Sliding Interface Energy,2.51192,45.6447
Sliding Interface Energy,2.52194,45.7808
Sliding Interface Energy,2.52395,45.7894
Sliding Interface Energy,2.536,45.8288
Sliding Interface Energy,2.5379899999999997,45.8471
Sliding Interface Energy,2.54997,45.9546
Sliding Interface Energy,2.5519700000000003,45.9664
Sliding Interface Energy,2.56199,46.0541
Sliding Interface Energy,2.56392,46.0679
Sliding Interface Energy,2.57595,46.1692
Sliding Interface Energy,2.57797,46.1809
Sliding Interface Energy,2.58995,46.2301
Sliding Interface Energy,2.59197,46.2277
Sliding Interface Energy,2.59592,46.2177
Sliding Interface Energy,2.6039600000000003,46.2277
Sliding Interface Energy,2.61594,46.249
Sliding Interface Energy,2.61795,46.2505
Sliding Interface Energy,2.62993,46.2708
Sliding Interface Energy,2.63194,46.2718
Sliding Interface Energy,2.64196,46.3118
Sliding Interface Energy,2.64398,46.3291
Sliding Interface Energy,2.6559399999999997,46.4382
Sliding Interface Energy,2.65794,46.451
Sliding Interface Energy,2.6699900000000003,46.786
Sliding Interface Energy,2.67192,47.122
Sliding Interface Energy,2.68192,48.8418
Sliding Interface Energy,2.68394,49.1003
Sliding Interface Energy,2.69592,49.6722
Sliding Interface Energy,2.70196,49.5193
Sliding Interface Energy,2.70994,49.6654
Sliding Interface Energy,2.71196,49.6887
Sliding Interface Energy,2.72194,49.8347
Sliding Interface Energy,2.7239299999999997,49.9385
Sliding Interface Energy,2.73596,50.9777
Sliding Interface Energy,2.7379700000000002,51.1004
Sliding Interface Energy,2.74594,51.3068
Sliding Interface Energy,2.75197,51.3021
Sliding Interface Energy,2.76197,51.5321
Sliding Interface Energy,2.76399,51.5767
Sliding Interface Energy,2.7759199999999997,51.7544
Sliding Interface Energy,2.77793,51.7455
Sliding Interface Energy,2.78594,51.6999
Sliding Interface Energy,2.7919199999999997,51.7252
Sliding Interface Energy,2.80192,51.8003
Sliding Interface Energy,2.80394,51.8284
Sliding Interface Energy,2.81594,52.0628
Sliding Interface Energy,2.81796,52.1004
Sliding Interface Energy,2.82997,52.152
Sliding Interface Energy,2.83195,52.1775
Sliding Interface Energy,2.84394,52.3516
Sliding Interface Energy,2.85197,52.3456
Sliding Interface Energy,2.85596,52.3899
Sliding Interface Energy,2.8579600000000003,52.4199
Sliding Interface Energy,2.86996,52.6385
Sliding Interface Energy,2.87198,52.6801
Sliding Interface Energy,2.88399,52.8522
Sliding Interface Energy,2.88598,52.868
Sliding Interface Energy,2.8939500000000002,52.9141
Sliding Interface Energy,2.90799,52.9326
Sliding Interface Energy,2.90994,52.8875
Sliding Interface Energy,2.9139399999999998,52.841
Sliding Interface Energy,2.9239800000000002,52.9168
Sliding Interface Energy,2.92597,52.9252
Sliding Interface Energy,2.93598,52.9941
Sliding Interface Energy,2.93799,53.0013
Sliding Interface Energy,2.94992,53.0666
Sliding Interface Energy,2.95194,53.078
Sliding Interface Energy,2.96394,53.4253
Sliding Interface Energy,2.9659500000000003,53.4745
Sliding Interface Energy,2.976,53.6526
Sliding Interface Energy,2.9779199999999997,53.6709
Sliding Interface Energy,2.98792,53.7125
Sliding Interface Energy,2.99191,53.7148
Sliding Interface Energy,3.00396,53.7366
Sliding Interface Energy,3.00595,53.7379
Sliding Interface Energy,3.01594,53.7775
Sliding Interface Energy,3.01793,53.7843
Sliding Interface Energy,3.0299799999999997,53.8544
Sliding Interface Energy,3.03192,53.8651
Sliding Interface Energy,3.04399,54.1039
Sliding Interface Energy,3.04599,54.1756
Sliding Interface Energy,3.05598,54.4218
Sliding Interface Energy,3.058,54.4809
Sliding Interface Energy,3.0699199999999998,54.8869
Sliding Interface Energy,3.07193,54.9363
Sliding Interface Energy,3.08393,55.2131
Sliding Interface Energy,3.0859199999999998,55.2686
Sliding Interface Energy,3.08998,55.3206
Sliding Interface Energy,3.1019200000000002,55.3205
Sliding Interface Energy,3.10994,55.4435
Sliding Interface Energy,3.11194,55.4901
Sliding Interface Energy,3.12397,55.7444
Sliding Interface Energy,3.12598,55.7866
Sliding Interface Energy,3.13592,55.9212
Sliding Interface Energy,3.13794,55.9344
Sliding Interface Energy,3.14997,55.986
Sliding Interface Energy,3.15197,55.9945
Sliding Interface Energy,3.16396,56.0224
Sliding Interface Energy,3.16595,56.0222
Sliding Interface Energy,3.17197,56.016
Sliding Interface Energy,3.17799,56.0175
Sliding Interface Energy,3.1899900000000003,56.0406
Sliding Interface Energy,3.19199,56.0504
Sliding Interface Energy,3.20396,56.123
Sliding Interface Energy,3.2059699999999998,56.1327
Sliding Interface Energy,3.2159400000000002,56.2443
Sliding Interface Energy,3.21797,56.2676
Sliding Interface Energy,3.22994,56.3516
Sliding Interface Energy,3.23193,56.3733
Sliding Interface Energy,3.24396,56.4917
Sliding Interface Energy,3.24597,56.5047
Sliding Interface Energy,3.25595,56.6287
Sliding Interface Energy,3.25794,56.6427
Sliding Interface Energy,3.27,56.7931
Sliding Interface Energy,3.2720000000000002,56.8308
Sliding Interface Energy,3.28392,57.3628
Sliding Interface Energy,3.28596,57.5015
Sliding Interface Energy,3.29797,58.1497
Sliding Interface Energy,3.29997,58.2266
Sliding Interface Energy,3.3059399999999997,58.3184
Sliding Interface Energy,3.31595,58.294
Sliding Interface Energy,3.3239799999999997,58.3208
Sliding Interface Energy,3.3259700000000003,58.3455
Sliding Interface Energy,3.33794,58.4219
Sliding Interface Energy,3.33996,58.4425
Sliding Interface Energy,3.34997,58.5637
Sliding Interface Energy,3.35196,58.5841
Sliding Interface Energy,3.36396,58.7003
Sliding Interface Energy,3.36598,58.7265
Sliding Interface Energy,3.37793,58.9671
Sliding Interface Energy,3.37992,59.0031
Sliding Interface Energy,3.38991,59.1643
Sliding Interface Energy,3.39191,59.1995
Sliding Interface Energy,3.40393,59.3738
Sliding Interface Energy,3.40593,59.3897
Sliding Interface Energy,3.4159699999999997,59.5717
Sliding Interface Energy,3.42197,59.5568
Sliding Interface Energy,3.4299500000000003,59.5966
Sliding Interface Energy,3.43193,59.6037
Sliding Interface Energy,3.44393,59.7368
Sliding Interface Energy,3.44592,59.7606
Sliding Interface Energy,3.45792,59.9469
Sliding Interface Energy,3.45993,59.9633
Sliding Interface Energy,3.46993,60.0064
Sliding Interface Energy,3.472,60.0193
Sliding Interface Energy,3.4799700000000002,60.0661
Sliding Interface Energy,3.48595,60.0656
Sliding Interface Energy,3.49795,60.1634
Sliding Interface Energy,3.49997,60.1969
Sliding Interface Energy,3.50992,60.3493
Sliding Interface Energy,3.51193,60.3605
Sliding Interface Energy,3.5239999999999996,60.5732
Sliding Interface Energy,3.52592,60.6119
Sliding Interface Energy,3.53797,60.7155
Sliding Interface Energy,3.53999,60.7194
Sliding Interface Energy,3.5499400000000003,60.7545
Sliding Interface Energy,3.55196,60.766
Sliding Interface Energy,3.56393,60.9359
Sliding Interface Energy,3.56594,60.9714
Sliding Interface Energy,3.57798,61.2236
Sliding Interface Energy,3.58399,61.251
Sliding Interface Energy,3.588,61.2346
Sliding Interface Energy,3.59193,61.2461
Sliding Interface Energy,3.59992,61.4055
Sliding Interface Energy,3.60796,61.3759
Sliding Interface Energy,3.6179900000000003,61.5453
Sliding Interface Energy,3.61993,61.5446
Sliding Interface Energy,3.62392,61.479
Sliding Interface Energy,3.63194,61.5047
Sliding Interface Energy,3.64398,61.745
Sliding Interface Energy,3.646,61.8177
Sliding Interface Energy,3.65795,61.9786
Sliding Interface Energy,3.65995,61.9814
Sliding Interface Energy,3.66994,62.4664
Sliding Interface Energy,3.6719500000000003,62.6065
Sliding Interface Energy,3.68394,63.625
Sliding Interface Energy,3.68593,63.6701
Sliding Interface Energy,3.69195,63.7134
Sliding Interface Energy,3.69997,63.7047
Sliding Interface Energy,3.70993,63.8953
Sliding Interface Energy,3.71195,63.9405
Sliding Interface Energy,3.72398,64.0634
Sliding Interface Energy,3.72595,64.0913
Sliding Interface Energy,3.7379700000000002,64.1754
Sliding Interface Energy,3.7399999999999998,64.1992
Sliding Interface Energy,3.75,64.4114
Sliding Interface Energy,3.75196,64.4336
Sliding Interface Energy,3.76394,64.4688
Sliding Interface Energy,3.76597,64.4839
Sliding Interface Energy,3.77797,64.562
Sliding Interface Energy,3.77996,64.5605
Sliding Interface Energy,3.79,64.5234
Sliding Interface Energy,3.7939599999999998,64.5266
Sliding Interface Energy,3.80394,64.7005
Sliding Interface Energy,3.80599,64.7935
Sliding Interface Energy,3.81796,65.371
Sliding Interface Energy,3.8199699999999996,65.4469
Sliding Interface Energy,3.8319500000000004,65.6078
Sliding Interface Energy,3.83394,65.611
Sliding Interface Energy,3.8379299999999996,65.6292
Sliding Interface Energy,3.84798,65.6125
Sliding Interface Energy,3.8579399999999997,65.8049
Sliding Interface Energy,3.8599300000000003,65.8581
Sliding Interface Energy,3.87193,66.1352
Sliding Interface Energy,3.87394,66.1771
Sliding Interface Energy,3.88393,66.5345
Sliding Interface Energy,3.88599,66.5841
Sliding Interface Energy,3.8979399999999997,66.8596
Sliding Interface Energy,3.89994,66.9113
Sliding Interface Energy,3.9119200000000003,67.1476
Sliding Interface Energy,3.91394,67.1634
Sliding Interface Energy,3.9239699999999997,67.2205
Sliding Interface Energy,3.9299900000000005,67.2325
Sliding Interface Energy,3.9379899999999997,67.2201
Sliding Interface Energy,3.9399800000000003,67.2293
Sliding Interface Energy,3.9519200000000003,67.322
Sliding Interface Energy,3.9539500000000003,67.3571
Sliding Interface Energy,3.96395,67.5047
Sliding Interface Energy,3.9679399999999996,67.496
Sliding Interface Energy,3.9779899999999997,67.5715
Sliding Interface Energy,3.9799400000000005,67.605
Sliding Interface Energy,3.9919200000000004,67.8731
Sliding Interface Energy,3.9939299999999998,67.9239
Sliding Interface Energy,4.00399,68.0733
Sliding Interface Energy,4.00596,68.0993
Sliding Interface Energy,4.01796,68.2277
Sliding Interface Energy,4.01994,68.2329
Sliding Interface Energy,4.03198,68.3031
Sliding Interface Energy,4.03395,68.3214
Sliding Interface Energy,4.04394,68.4097
Sliding Interface Energy,4.045929999999999,68.4405
Sliding Interface Energy,4.057930000000001,68.5646
Sliding Interface Energy,4.05993,68.5894
Sliding Interface Energy,4.071960000000001,68.7188
Sliding Interface Energy,4.07397,68.7457
Sliding Interface Energy,4.08399,68.8365
Sliding Interface Energy,4.08594,68.8432
Sliding Interface Energy,4.09799,68.8879
Sliding Interface Energy,4.09994,68.9431
Sliding Interface Energy,4.11197,68.967
Sliding Interface Energy,4.11394,68.9742
Sliding Interface Energy,4.12399,69.0369
Sliding Interface Energy,4.12597,69.0655
Sliding Interface Energy,4.13793,69.3477
Sliding Interface Energy,4.13992,69.3795
Sliding Interface Energy,4.1499299999999995,69.4556
Sliding Interface Energy,4.15394,69.4476
Sliding Interface Energy,4.16393,69.5108
Sliding Interface Energy,4.16593,69.5356
Sliding Interface Energy,4.17795,69.7452
Sliding Interface Energy,4.17993,69.7316
Sliding Interface Energy,4.18799,69.6887
Sliding Interface Energy,4.19395,69.7171
Sliding Interface Energy,4.19995,69.7007
Sliding Interface Energy,4.20595,69.7075
Sliding Interface Energy,4.21793,69.7976
Sliding Interface Energy,4.21997,69.8113
Sliding Interface Energy,4.231920000000001,69.9444
Sliding Interface Energy,4.23393,69.979
Sliding Interface Energy,4.24598,70.2403
Sliding Interface Energy,4.248,70.2794
Sliding Interface Energy,4.256,70.4506
Sliding Interface Energy,4.25992,70.4534
Sliding Interface Energy,4.27196,70.5144
Sliding Interface Energy,4.273960000000001,70.5308
Sliding Interface Energy,4.28592,70.7474
Sliding Interface Energy,4.2879499999999995,70.7683
Sliding Interface Energy,4.29796,70.9796
Sliding Interface Energy,4.2999600000000004,71.024
Sliding Interface Energy,4.311920000000001,71.3816
Sliding Interface Energy,4.31399,71.4139
Sliding Interface Energy,4.32198,71.4479
Sliding Interface Energy,4.3279700000000005,71.4471
Sliding Interface Energy,4.33795,71.5922
Sliding Interface Energy,4.3399600000000005,71.6585
Sliding Interface Energy,4.35198,71.8435
Sliding Interface Energy,4.35398,71.9417
Sliding Interface Energy,4.36593,72.4861
Sliding Interface Energy,4.3679499999999996,72.5612
Sliding Interface Energy,4.378,72.8924
Sliding Interface Energy,4.37992,72.9521
Sliding Interface Energy,4.391940000000001,73.0771
Sliding Interface Energy,4.40193,73.0603
Sliding Interface Energy,4.40599,73.094
Sliding Interface Energy,4.409940000000001,73.0955
Sliding Interface Energy,4.417940000000001,73.1388
Sliding Interface Energy,4.41996,73.1458
Sliding Interface Energy,4.43192,73.2328
Sliding Interface Energy,4.4339699999999995,73.2523
Sliding Interface Energy,4.44599,73.3721
Sliding Interface Energy,4.44796,73.3933
Sliding Interface Energy,4.457929999999999,73.6229
Sliding Interface Energy,4.45998,73.684
Sliding Interface Energy,4.47194,74.1136
Sliding Interface Energy,4.473920000000001,74.1728
Sliding Interface Energy,4.48597,74.3371
Sliding Interface Energy,4.48992,74.3381
Sliding Interface Energy,4.49794,74.3613
Sliding Interface Energy,4.49998,74.3672
Sliding Interface Energy,4.51199,74.4443
Sliding Interface Energy,4.51397,74.4637
Sliding Interface Energy,4.5259599999999995,74.5327
Sliding Interface Energy,4.52796,74.5395
Sliding Interface Energy,4.53797,74.5898
Sliding Interface Energy,4.53997,74.5968
Sliding Interface Energy,4.55196,74.6213
Sliding Interface Energy,4.55396,74.6314
Sliding Interface Energy,4.56598,74.7139
Sliding Interface Energy,4.56798,74.7328
Sliding Interface Energy,4.57799,74.8453
Sliding Interface Energy,4.57998,74.8577
Sliding Interface Energy,4.59197,74.8726
Sliding Interface Energy,4.59393,74.8871
Sliding Interface Energy,4.6059600000000005,74.8563
Sliding Interface Energy,4.60796,74.857
Sliding Interface Energy,4.61798,74.8927
Sliding Interface Energy,4.61999,74.8995
Sliding Interface Energy,4.63194,74.9354
Sliding Interface Energy,4.633929999999999,74.9493
Sliding Interface Energy,4.64592,75.0208
Sliding Interface Energy,4.64799,75.0401
Sliding Interface Energy,4.65794,75.1694
Sliding Interface Energy,4.65992,75.2
Sliding Interface Energy,4.67199,75.541
Sliding Interface Energy,4.67399,75.5481
Sliding Interface Energy,4.685919999999999,75.8848
Sliding Interface Energy,4.68798,75.9706
Sliding Interface Energy,4.69796,76.1313
Sliding Interface Energy,4.69994,76.1384
Sliding Interface Energy,4.71193,76.3081
Sliding Interface Energy,4.7139299999999995,76.3373
Sliding Interface Energy,4.725949999999999,76.5637
Sliding Interface Energy,4.727989999999999,76.5908
Sliding Interface Energy,4.73993,76.7201
Sliding Interface Energy,4.74194,76.7416
Sliding Interface Energy,4.74594,76.7632
Sliding Interface Energy,4.7579199999999995,76.7213
Sliding Interface Energy,4.76596,76.7799
Sliding Interface Energy,4.76795,76.8019
Sliding Interface Energy,4.779979999999999,76.8587
Sliding Interface Energy,4.78197,76.8718
Sliding Interface Energy,4.79195,77.0128
Sliding Interface Energy,4.79395,77.0419
Sliding Interface Energy,4.805969999999999,77.1496
Sliding Interface Energy,4.80793,77.1718
Sliding Interface Energy,4.8199499999999995,77.3745
Sliding Interface Energy,4.821940000000001,77.4198
Sliding Interface Energy,4.83197,77.5939
Sliding Interface Energy,4.83396,77.6185
Sliding Interface Energy,4.8459200000000004,77.9628
Sliding Interface Energy,4.84799,78.0814
Sliding Interface Energy,4.85999,78.499
Sliding Interface Energy,4.863980000000001,78.537
Sliding Interface Energy,4.87193,78.4762
Sliding Interface Energy,4.87596,78.4598
Sliding Interface Energy,4.886,78.5634
Sliding Interface Energy,4.88797,78.5951
Sliding Interface Energy,4.89997,78.8863
Sliding Interface Energy,4.9019900000000005,78.941
Sliding Interface Energy,4.91197,79.1982
Sliding Interface Energy,4.91395,79.2488
Sliding Interface Energy,4.92595,79.4855
Sliding Interface Energy,4.9279399999999995,79.5097
Sliding Interface Energy,4.9319999999999995,79.5314
Sliding Interface Energy,4.9419900000000005,79.5488
Sliding Interface Energy,4.951910000000001,79.8822
Sliding Interface Energy,4.95393,79.9144
Sliding Interface Energy,4.96596,80.0538
Sliding Interface Energy,4.96799,80.0992
Sliding Interface Energy,4.97997,80.4071
Sliding Interface Energy,4.981979999999999,80.4968
Sliding Interface Energy,4.992,80.8024
Sliding Interface Energy,4.99593,80.7912
Sliding Interface Energy,5.0059700000000005,80.8582
Sliding Interface Energy,5.00795,80.8722
Sliding Interface Energy,5.01995,81.1397
Sliding Interface Energy,5.02196,81.2123
Sliding Interface Energy,5.0319199999999995,81.3212
Sliding Interface Energy,5.0339599999999995,81.3716
Sliding Interface Energy,5.0459700000000005,81.7089
Sliding Interface Energy,5.04795,81.7549
Sliding Interface Energy,5.05995,81.9604
Sliding Interface Energy,5.06198,82.0308
Sliding Interface Energy,5.07197,82.3389
Sliding Interface Energy,5.07395,82.387
Sliding Interface Energy,5.0859499999999995,82.7193
Sliding Interface Energy,5.08794,82.7893
Sliding Interface Energy,5.09997,83.1762
Sliding Interface Energy,5.10195,83.2422
Sliding Interface Energy,5.11197,83.5275
Sliding Interface Energy,5.11596,83.5484
Sliding Interface Energy,5.12198,83.5354
Sliding Interface Energy,5.12795,83.5502
Sliding Interface Energy,5.13994,83.704
Sliding Interface Energy,5.1419500000000005,83.7274
Sliding Interface Energy,5.15198,83.8531
Sliding Interface Energy,5.154,83.878
Sliding Interface Energy,5.16595,83.977
Sliding Interface Energy,5.16795,84.0003
Sliding Interface Energy,5.17996,84.135
Sliding Interface Energy,5.18194,84.1732
Sliding Interface Energy,5.19396,84.4444
Sliding Interface Energy,5.195939999999999,84.4659
Sliding Interface Energy,5.20599,84.5699
Sliding Interface Energy,5.20798,84.5888
Sliding Interface Energy,5.21996,84.7056
Sliding Interface Energy,5.2219500000000005,84.7271
Sliding Interface Energy,5.23397,84.931
Sliding Interface Energy,5.2359800000000005,84.9601
Sliding Interface Energy,5.24593,85.0351
Sliding Interface Energy,5.248,85.0352
Sliding Interface Energy,5.25992,85.0648
Sliding Interface Energy,5.26192,85.069
Sliding Interface Energy,5.27395,85.1659
Sliding Interface Energy,5.275939999999999,85.1824
Sliding Interface Energy,5.28599,85.3375
Sliding Interface Energy,5.287990000000001,85.3748
Sliding Interface Energy,5.29997,85.4141
Sliding Interface Energy,5.30197,85.4216
Sliding Interface Energy,5.31398,85.5248
Sliding Interface Energy,5.31596,85.5309
Sliding Interface Energy,5.326,85.5676
Sliding Interface Energy,5.3319600000000005,85.5618
Sliding Interface Energy,5.339950000000001,85.6131
Sliding Interface Energy,5.34195,85.6321
Sliding Interface Energy,5.352,85.6719
Sliding Interface Energy,5.35798,85.6473
Sliding Interface Energy,5.365950000000001,85.6736
Sliding Interface Energy,5.367979999999999,85.6833
Sliding Interface Energy,5.37999,85.7596
Sliding Interface Energy,5.38192,85.7728
Sliding Interface Energy,5.3939900000000005,85.9263
Sliding Interface Energy,5.39594,85.9395
Sliding Interface Energy,5.405959999999999,86.1016
Sliding Interface Energy,5.40796,86.158
Sliding Interface Energy,5.41996,86.4404
Sliding Interface Energy,5.42194,86.4789
Sliding Interface Energy,5.43398,86.657
Sliding Interface Energy,5.43598,86.6734
Sliding Interface Energy,5.44594,86.745
Sliding Interface Energy,5.44995,86.8513
Sliding Interface Energy,5.455920000000001,86.7745
Sliding Interface Energy,5.467910000000001,86.7683
Sliding Interface Energy,5.47393,86.7991
Sliding Interface Energy,5.47593,86.81
Sliding Interface Energy,5.48593,86.8785
Sliding Interface Energy,5.48799,86.8979
Sliding Interface Energy,5.49792,87.0174
Sliding Interface Energy,5.50197,87.0108
Sliding Interface Energy,5.51395,87.0747
Sliding Interface Energy,5.5159400000000005,87.0854
Sliding Interface Energy,5.52593,87.1877
Sliding Interface Energy,5.527920000000001,87.2062
Sliding Interface Energy,5.53993,87.2845
Sliding Interface Energy,5.54193,87.3167
Sliding Interface Energy,5.549980000000001,87.4488
Sliding Interface Energy,5.5559199999999995,87.4478
Sliding Interface Energy,5.56599,87.4749
Sliding Interface Energy,5.56798,87.4845
Sliding Interface Energy,5.57796,87.5242
Sliding Interface Energy,5.58195,87.5076
Sliding Interface Energy,5.587960000000001,87.4841
Sliding Interface Energy,5.5959699999999994,87.5126
Sliding Interface Energy,5.60593,87.5481
Sliding Interface Energy,5.60798,87.5527
Sliding Interface Energy,5.61993,87.5796
Sliding Interface Energy,5.62193,87.5877
Sliding Interface Energy,5.62996,87.6327
Sliding Interface Energy,5.6359699999999995,87.6303
Sliding Interface Energy,5.6459600000000005,87.6244
Sliding Interface Energy,5.64994,87.6287
Sliding Interface Energy,5.659960000000001,87.7261
Sliding Interface Energy,5.66399,87.7263
Sliding Interface Energy,5.6739299999999995,87.7527
Sliding Interface Energy,5.67598,87.7614
Sliding Interface Energy,5.68798,87.8396
Sliding Interface Energy,5.6899999999999995,87.8587
Sliding Interface Energy,5.699949999999999,88.0435
Sliding Interface Energy,5.70196,88.0605
Sliding Interface Energy,5.7139299999999995,88.1849
Sliding Interface Energy,5.71593,88.1939
Sliding Interface Energy,5.72794,88.322
Sliding Interface Energy,5.72997,88.3424
Sliding Interface Energy,5.73398,88.361
Sliding Interface Energy,5.74192,88.3645
Sliding Interface Energy,5.75395,88.5842
Sliding Interface Energy,5.75593,88.6727
Sliding Interface Energy,5.76798,89.0815
Sliding Interface Energy,5.76998,89.1234
Sliding Interface Energy,5.7799499999999995,89.3155
Sliding Interface Energy,5.78197,89.3344
Sliding Interface Energy,5.79396,89.4065
Sliding Interface Energy,5.796,89.4207
Sliding Interface Energy,5.80793,89.6267
Sliding Interface Energy,5.80999,89.6547
Sliding Interface Energy,5.8199499999999995,89.7539
Sliding Interface Energy,5.8219899999999996,89.7863
Sliding Interface Energy,5.82799,89.891
Sliding Interface Energy,5.83599,89.8392
Sliding Interface Energy,5.848,89.796
Sliding Interface Energy,5.85197,89.7882
Sliding Interface Energy,5.85996,89.8088
Sliding Interface Energy,5.861940000000001,89.8157
Sliding Interface Energy,5.87394,89.8839
Sliding Interface Energy,5.87592,89.8968
Sliding Interface Energy,5.88596,89.948
Sliding Interface Energy,5.88997,89.9369
Sliding Interface Energy,5.89996,90.0547
Sliding Interface Energy,5.901960000000001,90.029
Sliding Interface Energy,5.91197,89.9646
Sliding Interface Energy,5.915959999999999,89.9714
Sliding Interface Energy,5.92795,90.0361
Sliding Interface Energy,5.929989999999999,90.0466
Sliding Interface Energy,5.93997,90.1407
Sliding Interface Energy,5.94193,90.1446
Sliding Interface Energy,5.94995,90.1208
Sliding Interface Energy,5.95596,90.152
Sliding Interface Energy,5.96797,90.2134
Sliding Interface Energy,5.96995,90.2234
Sliding Interface Energy,5.97994,90.2543
Sliding Interface Energy,5.98194,90.2644
Sliding Interface Energy,5.993939999999999,90.4351
Sliding Interface Energy,5.99593,90.4584
Sliding Interface Energy,6.00798,90.4972
Sliding Interface Energy,6.00997,90.5207
Sliding Interface Energy,6.01398,90.5964
Sliding Interface Energy,6.02197,90.5607
Sliding Interface Energy,6.03393,90.9692
Sliding Interface Energy,6.0359799999999995,90.9864
Sliding Interface Energy,6.04795,91.2345
Sliding Interface Energy,6.04998,91.2785
Sliding Interface Energy,6.05396,91.4698
Sliding Interface Energy,6.06192,91.442
Sliding Interface Energy,6.074000000000001,91.5579
Sliding Interface Energy,6.07596,91.5854
Sliding Interface Energy,6.08799,91.8316
Sliding Interface Energy,6.0899600000000005,91.8963
Sliding Interface Energy,6.09995,92.2341
Sliding Interface Energy,6.10196,92.2869
Sliding Interface Energy,6.11395,92.5139
Sliding Interface Energy,6.11599,92.5557
Sliding Interface Energy,6.12793,92.716
Sliding Interface Energy,6.12997,92.7535
Sliding Interface Energy,6.14194,92.9069
Sliding Interface Energy,6.14398,92.919
Sliding Interface Energy,6.15393,93.0207
Sliding Interface Energy,6.15592,93.0282
Sliding Interface Energy,6.16796,93.0912
Sliding Interface Energy,6.1699399999999995,93.1152
Sliding Interface Energy,6.18199,93.2915
Sliding Interface Energy,6.18396,93.3239
Sliding Interface Energy,6.1939400000000004,93.4292
Sliding Interface Energy,6.19999,93.4412
Sliding Interface Energy,6.20792,93.407
Sliding Interface Energy,6.21396,93.3952
Sliding Interface Energy,6.221970000000001,93.4142
Sliding Interface Energy,6.22392,93.4203
Sliding Interface Energy,6.23398,93.4923
Sliding Interface Energy,6.23597,93.5116
Sliding Interface Energy,6.2479700000000005,93.607
Sliding Interface Energy,6.24994,93.6195
Sliding Interface Energy,6.261959999999999,93.6922
Sliding Interface Energy,6.26393,93.7
Sliding Interface Energy,6.2739199999999995,93.7361
Sliding Interface Energy,6.27593,93.7531
Sliding Interface Energy,6.28394,93.7964
Sliding Interface Energy,6.29396,93.7896
Sliding Interface Energy,6.30193,93.8984
Sliding Interface Energy,6.30395,93.9246
Sliding Interface Energy,6.31397,93.9375
Sliding Interface Energy,6.31597,93.9528
Sliding Interface Energy,6.32794,94.0507
Sliding Interface Energy,6.32999,94.0784
Sliding Interface Energy,6.34199,94.2272
Sliding Interface Energy,6.34394,94.2444
Sliding Interface Energy,6.35393,94.3715
Sliding Interface Energy,6.35595,94.3918
Sliding Interface Energy,6.36796,94.4525
Sliding Interface Energy,6.37197,94.4487
Sliding Interface Energy,6.38195,94.5494
Sliding Interface Energy,6.38397,94.5872
Sliding Interface Energy,6.394,94.7096
Sliding Interface Energy,6.396,94.7154
Sliding Interface Energy,6.40799,94.7628
Sliding Interface Energy,6.40996,94.7771
Sliding Interface Energy,6.42199,94.9115
Sliding Interface Energy,6.4239500000000005,94.9227
Sliding Interface Energy,6.43395,94.9457
Sliding Interface Energy,6.43592,94.9509
Sliding Interface Energy,6.4479999999999995,95.07
Sliding Interface Energy,6.44996,95.0904
Sliding Interface Energy,6.46196,95.2185
Sliding Interface Energy,6.4639299999999995,95.2399
Sliding Interface Energy,6.47394,95.2748
Sliding Interface Energy,6.47593,95.292
Sliding Interface Energy,6.48793,95.6149
Sliding Interface Energy,6.48995,95.6485
Sliding Interface Energy,6.50194,95.9097
Sliding Interface Energy,6.503959999999999,95.9408
Sliding Interface Energy,6.51398,96.0363
Sliding Interface Energy,6.51597,96.0456
Sliding Interface Energy,6.527920000000001,96.1393
Sliding Interface Energy,6.52994,96.1557
Sliding Interface Energy,6.54199,96.2704
Sliding Interface Energy,6.54397,96.2954
Sliding Interface Energy,6.55395,96.363
Sliding Interface Energy,6.55598,96.3775
Sliding Interface Energy,6.567950000000001,96.4394
Sliding Interface Energy,6.56997,96.4445
Sliding Interface Energy,6.5819399999999995,96.5488
Sliding Interface Energy,6.58397,96.5932
Sliding Interface Energy,6.595980000000001,96.7127
Sliding Interface Energy,6.59794,96.7199
Sliding Interface Energy,6.607939999999999,96.7725
Sliding Interface Energy,6.609979999999999,96.7983
Sliding Interface Energy,6.6219399999999995,96.9547
Sliding Interface Energy,6.62393,96.9746
Sliding Interface Energy,6.63598,97.0884
Sliding Interface Energy,6.63794,97.1134
Sliding Interface Energy,6.64793,97.182
Sliding Interface Energy,6.64999,97.1877
Sliding Interface Energy,6.66198,97.2388
Sliding Interface Energy,6.66394,97.2616
Sliding Interface Energy,6.67598,97.5489
Sliding Interface Energy,6.67797,97.5883
Sliding Interface Energy,6.68798,97.815
Sliding Interface Energy,6.69192,97.8376
Sliding Interface Energy,6.69793,97.8076
Sliding Interface Energy,6.70392,97.8309
Sliding Interface Energy,6.71595,97.9281
Sliding Interface Energy,6.717960000000001,97.9334
Sliding Interface Energy,6.72798,98.0489
Sliding Interface Energy,6.72998,98.0798
Sliding Interface Energy,6.74198,98.2648
Sliding Interface Energy,6.743919999999999,98.278
Sliding Interface Energy,6.75596,98.4182
Sliding Interface Energy,6.75794,98.4305
Sliding Interface Energy,6.76797,98.5035
Sliding Interface Energy,6.76996,98.5155
Sliding Interface Energy,6.78193,98.6195
Sliding Interface Energy,6.78399,98.6423
Sliding Interface Energy,6.79395,98.6927
Sliding Interface Energy,6.8019300000000005,98.6878
Sliding Interface Energy,6.80798,98.7176
Sliding Interface Energy,6.80998,98.7417
Sliding Interface Energy,6.81598,98.7901
Sliding Interface Energy,6.82592,98.7663
Sliding Interface Energy,6.83599,98.8205
Sliding Interface Energy,6.83796,98.8349
Sliding Interface Energy,6.84599,98.8832
Sliding Interface Energy,6.85393,98.8741
Sliding Interface Energy,6.86198,98.9144
Sliding Interface Energy,6.86395,98.9393
Sliding Interface Energy,6.87594,99.0024
Sliding Interface Energy,6.87798,99.0099
Sliding Interface Energy,6.88797,99.0795
Sliding Interface Energy,6.89793,99.0763
Sliding Interface Energy,6.90193,99.0908
Sliding Interface Energy,6.90392,99.103
Sliding Interface Energy,6.91598,99.1349
Sliding Interface Energy,6.9199600000000006,99.1441
Sliding Interface Energy,6.927960000000001,99.1378
Sliding Interface Energy,6.92995,99.1374
Sliding Interface Energy,6.94193,99.162
Sliding Interface Energy,6.94396,99.1672
Sliding Interface Energy,6.9559299999999995,99.2169
Sliding Interface Energy,6.95798,99.2308
Sliding Interface Energy,6.9679199999999994,99.3057
Sliding Interface Energy,6.9699599999999995,99.3206
Sliding Interface Energy,6.982,99.4924
Sliding Interface Energy,6.986,99.4971
Sliding Interface Energy,6.99597,99.4781
Sliding Interface Energy,6.99997,99.4731
Sliding Interface Energy,7.005940000000001,99.4788
Sliding Interface Energy,7.00993,99.4772
Sliding Interface Energy,7.02198,99.5859
Sliding Interface Energy,7.02395,99.6352
Sliding Interface Energy,7.03596,99.8295
Sliding Interface Energy,7.03798,99.845
Sliding Interface Energy,7.04793,99.8622
Sliding Interface Energy,7.04999,99.8661
Sliding Interface Energy,7.06194,99.9085
Sliding Interface Energy,7.06397,99.9122
Sliding Interface Energy,7.0759300000000005,99.9638
Sliding Interface Energy,7.08192,99.9823
Sliding Interface Energy,7.08799,99.9718
Sliding Interface Energy,7.09198,99.9674
Sliding Interface Energy,7.10198,99.9478
Sliding Interface Energy,7.10995,99.9442
Sliding Interface Energy,7.11594,99.9599
Sliding Interface Energy,7.11796,99.9637
Sliding Interface Energy,7.12994,100.06
Sliding Interface Energy,7.13199,100.081
Sliding Interface Energy,7.14196,100.157
Sliding Interface Energy,7.144,100.168
Sliding Interface Energy,7.15596,100.246
Sliding Interface Energy,7.158,100.259
Sliding Interface Energy,7.16997,100.351
Sliding Interface Energy,7.17198,100.373
Sliding Interface Energy,7.1779399999999995,100.428
Sliding Interface Energy,7.18392,100.441
Sliding Interface Energy,7.19592,100.621
Sliding Interface Energy,7.19794,100.656
Sliding Interface Energy,7.21,100.806
Sliding Interface Energy,7.212,100.827
Sliding Interface Energy,7.2219299999999995,100.979
Sliding Interface Energy,7.22399,101.005
Sliding Interface Energy,7.235939999999999,101.116
Sliding Interface Energy,7.23996,101.097
Sliding Interface Energy,7.24998,101.131
Sliding Interface Energy,7.25192,101.137
Sliding Interface Energy,7.26199,101.196
Sliding Interface Energy,7.26396,101.207
Sliding Interface Energy,7.27599,101.25
Sliding Interface Energy,7.2779300000000005,101.26
Sliding Interface Energy,7.28998,101.389
Sliding Interface Energy,7.29194,101.402
Sliding Interface Energy,7.30192,101.485
Sliding Interface Energy,7.30398,101.504
Sliding Interface Energy,7.31594,101.558
Sliding Interface Energy,7.3199700000000005,101.566
Sliding Interface Energy,7.32597,101.562
Sliding Interface Energy,7.33195,101.569
Sliding Interface Energy,7.342,101.684
Sliding Interface Energy,7.34395,101.727
Sliding Interface Energy,7.35595,101.843
Sliding Interface Energy,7.35799,101.849
Sliding Interface Energy,7.36996,101.907
Sliding Interface Energy,7.37193,101.918
Sliding Interface Energy,7.37795,101.974
Sliding Interface Energy,7.38394,101.962
Sliding Interface Energy,7.39593,102.059
Sliding Interface Energy,7.39797,102.079
Sliding Interface Energy,7.40996,102.143
Sliding Interface Energy,7.41195,102.147
Sliding Interface Energy,7.419989999999999,102.102
Sliding Interface Energy,7.42392,102.115
Sliding Interface Energy,7.43593,102.31
Sliding Interface Energy,7.43799,102.36
Sliding Interface Energy,7.44996,102.493
Sliding Interface Energy,7.45193,102.506
Sliding Interface Energy,7.461930000000001,102.556
Sliding Interface Energy,7.46392,102.564
Sliding Interface Energy,7.476,102.612
Sliding Interface Energy,7.478000000000001,102.625
Sliding Interface Energy,7.4899700000000005,102.772
Sliding Interface Energy,7.49198,102.801
Sliding Interface Energy,7.50194,102.835
Sliding Interface Energy,7.50395,102.844
Sliding Interface Energy,7.50993,102.974
Sliding Interface Energy,7.52192,102.93
Sliding Interface Energy,7.529929999999999,102.983
Sliding Interface Energy,7.53194,103.017
Sliding Interface Energy,7.543990000000001,103.228
Sliding Interface Energy,7.54595,103.254
Sliding Interface Energy,7.5559199999999995,103.374
Sliding Interface Energy,7.55796,103.405
Sliding Interface Energy,7.56993,103.533
Sliding Interface Energy,7.57195,103.56
Sliding Interface Energy,7.58399,103.632
Sliding Interface Energy,7.58597,103.637
Sliding Interface Energy,7.594,103.657
Sliding Interface Energy,7.5999300000000005,103.629
Sliding Interface Energy,7.60595,103.663
Sliding Interface Energy,7.61198,103.665
Sliding Interface Energy,7.62397,103.755
Sliding Interface Energy,7.62592,103.759
Sliding Interface Energy,7.63592,103.82
Sliding Interface Energy,7.63797,103.819
Sliding Interface Energy,7.64799,103.798
Sliding Interface Energy,7.65193,103.798
Sliding Interface Energy,7.66394,103.821
Sliding Interface Energy,7.665970000000001,103.826
Sliding Interface Energy,7.67593,103.85
Sliding Interface Energy,7.67793,103.855
Sliding Interface Energy,7.68994,103.86
Sliding Interface Energy,7.69198,103.869
Sliding Interface Energy,7.70392,104.008
Sliding Interface Energy,7.70599,104.025
Sliding Interface Energy,7.70995,104.031
Sliding Interface Energy,7.71799,104.021
Sliding Interface Energy,7.72798,103.993
Sliding Interface Energy,7.731990000000001,103.997
Sliding Interface Energy,7.74399,103.991
Sliding Interface Energy,7.7459299999999995,103.991
Sliding Interface Energy,7.75393,103.989
Sliding Interface Energy,7.757960000000001,103.989
Sliding Interface Energy,7.763929999999999,103.986
Sliding Interface Energy,7.7719499999999995,103.986
Sliding Interface Energy,7.78392,103.99
Sliding Interface Energy,7.7859799999999995,103.99
Sliding Interface Energy,7.7959700000000005,103.997
Sliding Interface Energy,7.79799,104.001
Sliding Interface Energy,7.80993,104.023
Sliding Interface Energy,7.811979999999999,104.032
Sliding Interface Energy,7.82398,104.094
Sliding Interface Energy,7.82596,104.095
Sliding Interface Energy,7.835959999999999,104.102
Sliding Interface Energy,7.84198,104.113
Sliding Interface Energy,7.847989999999999,104.099
Sliding Interface Energy,7.851979999999999,104.1
Sliding Interface Energy,7.863969999999999,104.15
Sliding Interface Energy,7.8659300000000005,104.16
Sliding Interface Energy,7.87599,104.215
Sliding Interface Energy,7.8779200000000005,104.223
Sliding Interface Energy,7.88993,104.239
Sliding Interface Energy,7.89199,104.246
Sliding Interface Energy,7.90395,104.253
Sliding Interface Energy,7.90597,104.261
Sliding Interface Energy,7.91596,104.308
Sliding Interface Energy,7.9179200000000005,104.327
Sliding Interface Energy,7.92992,104.515
Sliding Interface Energy,7.93199,104.541
Sliding Interface Energy,7.94393,104.737
Sliding Interface Energy,7.94595,104.772
Sliding Interface Energy,7.95597,104.885
Sliding Interface Energy,7.96196,104.925
Sliding Interface Energy,7.96995,104.893
Sliding Interface Energy,7.97199,104.891
Sliding Interface Energy,7.9839400000000005,104.914
Sliding Interface Energy,7.987940000000001,104.92
Sliding Interface Energy,7.99795,104.903
Sliding Interface Energy,7.99998,104.896
Total Energy,0.0,812.983
Total Energy,0.00198,812.983
Total Energy,0.0119695,812.953
Total Energy,0.0139473,812.947
Total Energy,0.0239964,812.929
Total Energy,0.031916,812.938
Total Energy,0.0399218,812.931
Total Energy,0.041991099999999996,812.927
Total Energy,0.0519394,812.913
Total Energy,0.0539837,812.905
Total Energy,0.065941,812.861
Total Energy,0.0679144,812.862
Total Energy,0.0759565,812.88
Total Energy,0.0819965,812.876
Total Energy,0.0919373,812.853
Total Energy,0.09397559999999999,812.849
Total Energy,0.10595399999999999,812.862
Total Energy,0.107917,812.865
Total Energy,0.117928,812.881
Total Energy,0.121987,812.879
Total Energy,0.12998099999999999,812.87
Total Energy,0.13399899999999998,812.875
Total Energy,0.145961,812.908
Total Energy,0.147922,812.915
Total Energy,0.159926,812.953
Total Energy,0.161965,812.957
Total Energy,0.171935,812.971
Total Energy,0.173974,812.973
Total Energy,0.185958,812.981
Total Energy,0.187999,812.981
Total Energy,0.199988,812.986
Total Energy,0.201941,812.986
Total Energy,0.205932,812.985
Total Energy,0.213932,812.985
Total Energy,0.22198500000000002,812.984
Total Energy,0.227927,812.984
Total Energy,0.23192300000000002,812.983
Total Energy,0.24197500000000002,812.983
Total Energy,0.249962,812.982
Total Energy,0.253942,812.982
Total Energy,0.267988,812.982
Total Energy,0.277952,812.98
Total Energy,0.281916,812.98
Total Energy,0.287983,812.979
Total Energy,0.29395400000000005,812.979
Total Energy,0.303924,812.978
Total Energy,0.307946,812.978
Total Energy,0.321964,812.978
Total Energy,0.32999100000000003,812.977
Total Energy,0.333967,812.977
Total Energy,0.347939,812.977
Total Energy,0.361937,812.977
Total Energy,0.37398200000000004,812.977
Total Energy,0.385972,812.978
Total Energy,0.387993,812.978
Total Energy,0.39194399999999996,812.977
Total Energy,0.401965,812.978
Total Energy,0.409988,812.979
Total Energy,0.413979,812.979
Total Energy,0.427976,812.979
Total Energy,0.429982,812.98
Total Energy,0.441925,812.98
Total Energy,0.443932,812.981
Total Energy,0.45392499999999997,812.981
Total Energy,0.463931,812.98
Total Energy,0.467994,812.98
Total Energy,0.481934,812.98
Total Energy,0.485986,812.981
Total Energy,0.49594699999999997,812.98
Total Energy,0.507953,812.98
Total Energy,0.511938,812.979
Total Energy,0.5219159999999999,812.979
Total Energy,0.527931,812.978
Total Energy,0.535976,812.979
Total Energy,0.5479849999999999,812.979
Total Energy,0.5619540000000001,812.979
Total Energy,0.56797,812.98
Total Energy,0.575998,812.98
Total Energy,0.5819300000000001,812.981
Total Energy,0.5879610000000001,812.981
Total Energy,0.597976,812.98
Total Energy,0.601974,812.981
Total Energy,0.615958,812.981
Total Energy,0.62792,812.981
Total Energy,0.641986,812.981
Total Energy,0.651913,812.982
Total Energy,0.655986,812.982
Total Energy,0.665952,812.983
Total Energy,0.667975,812.983
Total Energy,0.675968,812.984
Total Energy,0.681951,812.984
Total Energy,0.683972,812.985
Total Energy,0.6959559999999999,812.985
Total Energy,0.701963,812.987
Total Energy,0.707922,812.988
Total Energy,0.71995,812.989
Total Energy,0.721981,812.989
Total Energy,0.731927,812.99
Total Energy,0.735957,812.99
Total Energy,0.743997,812.991
Total Energy,0.747934,812.991
Total Energy,0.753966,812.992
Total Energy,0.76192,812.992
Total Energy,0.771958,812.994
Total Energy,0.775992,812.994
Total Energy,0.781936,812.995
Total Energy,0.787957,812.995
Total Energy,0.79398,812.996
Total Energy,0.8019379999999999,812.996
Total Energy,0.813995,812.997
Total Energy,0.815951,812.997
Total Energy,0.827996,812.998
Total Energy,0.841981,812.998
Total Energy,0.845916,812.997
Total Energy,0.855947,812.998
Total Energy,0.867914,812.998
Total Energy,0.8819910000000001,812.998
Total Energy,0.895995,812.998
Total Energy,0.9079360000000001,812.998
Total Energy,0.921955,812.998
Total Energy,0.9299160000000001,812.997
Total Energy,0.935975,812.997
Total Energy,0.947981,812.996
Total Energy,0.949924,812.996
Total Energy,0.961953,812.996
Total Energy,0.97598,812.996
Total Energy,0.989993,812.997
Total Energy,1.0019600000000002,812.997
Total Energy,1.01597,812.997
Total Energy,1.02999,812.998
Total Energy,1.03795,812.999
Total Energy,1.0419800000000001,812.999
Total Energy,1.05396,813.001
Total Energy,1.05598,813.001
Total Energy,1.066,813.003
Total Energy,1.0699699999999999,813.004
Total Energy,1.0779400000000001,813.005
Total Energy,1.08191,813.005
Total Energy,1.08998,813.006
Total Energy,1.09595,813.006
Total Energy,1.10392,813.008
Total Energy,1.1099700000000001,813.008
Total Energy,1.11992,813.01
Total Energy,1.1219299999999999,813.01
Total Energy,1.13196,813.011
Total Energy,1.13596,813.011
Total Energy,1.14194,813.012
Total Energy,1.14997,813.012
Total Energy,1.15199,813.013
Total Energy,1.16192,813.013
Total Energy,1.16595,813.014
Total Energy,1.17592,813.015
Total Energy,1.18399,813.016
Total Energy,1.1899499999999998,813.016
Total Energy,1.19393,813.017
Total Energy,1.20199,813.017
Total Energy,1.2059099999999998,813.018
Total Energy,1.2159600000000002,813.019
Total Energy,1.22794,813.021
Total Energy,1.22995,813.021
Total Energy,1.23597,813.022
Total Energy,1.242,813.023
Total Energy,1.24796,813.024
Total Energy,1.25594,813.025
Total Energy,1.2639699999999998,813.026
Total Energy,1.26999,813.027
Total Energy,1.27799,813.028
Total Energy,1.28196,813.029
Total Energy,1.28992,813.03
Total Energy,1.29594,813.03
Total Energy,1.30397,813.032
Total Energy,1.30994,813.033
Total Energy,1.3199500000000002,813.035
Total Energy,1.32198,813.035
Total Energy,1.32993,813.036
Total Energy,1.3359299999999998,813.037
Total Energy,1.35,813.037
Total Energy,1.3519400000000001,813.038
Total Energy,1.36198,813.039
Total Energy,1.3760000000000001,813.039
Total Energy,1.38195,813.04
Total Energy,1.3899400000000002,813.04
Total Energy,1.3959599999999999,813.041
Total Energy,1.40197,813.041
Total Energy,1.41391,813.043
Total Energy,1.41594,813.043
Total Energy,1.42799,813.044
Total Energy,1.42992,813.044
Total Energy,1.44398,813.044
Total Energy,1.4539799999999998,813.043
Total Energy,1.4559900000000001,813.043
Total Energy,1.46994,813.043
Total Energy,1.48399,813.043
Total Energy,1.4959699999999998,813.043
Total Energy,1.50997,813.043
Total Energy,1.51198,813.042
Total Energy,1.5239699999999998,813.042
Total Energy,1.53199,813.041
Total Energy,1.5359200000000002,813.041
Total Energy,1.5399800000000001,813.04
Total Energy,1.54992,813.039
Total Energy,1.5599800000000001,813.038
Total Energy,1.56398,813.038
Total Energy,1.5679699999999999,813.037
Total Energy,1.5759400000000001,813.037
Total Energy,1.58794,813.036
Total Energy,1.58996,813.036
Total Energy,1.60392,813.036
Total Energy,1.60593,813.035
Total Energy,1.61599,813.035
Total Energy,1.62198,813.034
Total Energy,1.62992,813.035
Total Energy,1.64192,813.036
Total Energy,1.6439300000000001,813.036
Total Energy,1.6539899999999998,813.037
Total Energy,1.65594,813.037
Total Energy,1.666,813.038
Total Energy,1.66996,813.038
Total Energy,1.68399,813.038
Total Energy,1.68793,813.039
Total Energy,1.69595,813.039
Total Energy,1.70797,813.04
Total Energy,1.70999,813.04
Total Energy,1.7159600000000002,813.041
Total Energy,1.72394,813.041
Total Energy,1.72798,813.042
Total Energy,1.73599,813.042
Total Energy,1.74997,813.042
Total Energy,1.76399,813.042
Total Energy,1.77193,813.041
Total Energy,1.77597,813.041
Total Energy,1.78999,813.041
Total Energy,1.79799,813.042
Total Energy,1.80393,813.042
Total Energy,1.8079800000000001,813.043
Total Energy,1.81598,813.043
Total Energy,1.82391,813.044
Total Energy,1.82999,813.044
Total Energy,1.84197,813.046
Total Energy,1.8439699999999999,813.046
Total Energy,1.8519400000000001,813.047
Total Energy,1.85598,813.048
Total Energy,1.868,813.051
Total Energy,1.86998,813.051
Total Energy,1.88196,813.054
Total Energy,1.88395,813.054
Total Energy,1.8959700000000002,813.056
Total Energy,1.89792,813.056
Total Energy,1.90395,813.058
Total Energy,1.90994,813.059
Total Energy,1.91997,813.061
Total Energy,1.92393,813.061
Total Energy,1.93399,813.063
Total Energy,1.93797,813.064
Total Energy,1.9479499999999998,813.066
Total Energy,1.9499199999999999,813.066
Total Energy,1.9579699999999998,813.068
Total Energy,1.9639900000000001,813.068
Total Energy,1.97599,813.071
Total Energy,1.97797,813.071
Total Energy,1.98597,813.072
Total Energy,1.9899599999999997,813.072
Total Energy,2.00198,813.075
Total Energy,2.0039900000000004,813.075
Total Energy,2.00994,813.076
Total Energy,2.01798,813.077
Total Energy,2.02599,813.078
Total Energy,2.02997,813.078
Total Energy,2.04197,813.08
Total Energy,2.04399,813.08
Total Energy,2.05396,813.081
Total Energy,2.05797,813.081
Total Energy,2.05999,813.082
Total Energy,2.07,813.083
Total Energy,2.07794,813.084
Total Energy,2.08393,813.084
Total Energy,2.09194,813.086
Total Energy,2.09795,813.086
Total Energy,2.10798,813.088
Total Energy,2.10999,813.088
Total Energy,2.11796,813.09
Total Energy,2.12392,813.09
Total Energy,2.13198,813.092
Total Energy,2.1379200000000003,813.092
Total Energy,2.14792,813.094
Total Energy,2.14994,813.094
Total Energy,2.16193,813.098
Total Energy,2.16393,813.098
Total Energy,2.176,813.101
Total Energy,2.17796,813.101
Total Energy,2.18398,813.103
Total Energy,2.18994,813.104
Total Energy,2.19999,813.106
Total Energy,2.2039999999999997,813.106
Total Energy,2.21193,813.108
Total Energy,2.21794,813.108
Total Energy,2.22797,813.11
Total Energy,2.22998,813.11
Total Energy,2.24396,813.11
Total Energy,2.2479299999999998,813.111
Total Energy,2.2579700000000003,813.11
Total Energy,2.26995,813.11
Total Energy,2.28395,813.11
Total Energy,2.29799,813.11
Total Energy,2.30999,813.11
Total Energy,2.3239699999999996,813.11
Total Energy,2.3379999999999996,813.11
Total Energy,2.34599,813.111
Total Energy,2.34999,813.111
Total Energy,2.3639300000000003,813.111
Total Energy,2.37593,813.113
Total Energy,2.3779399999999997,813.113
Total Energy,2.38595,813.114
Total Energy,2.3919900000000003,813.114
Total Energy,2.40195,813.116
Total Energy,2.40396,813.116
Total Energy,2.41592,813.118
Total Energy,2.41793,813.118
Total Energy,2.4259899999999996,813.12
Total Energy,2.4319200000000003,813.12
Total Energy,2.43993,813.122
Total Energy,2.44394,813.122
Total Energy,2.45398,813.124
Total Energy,2.45793,813.124
Total Energy,2.46997,813.126
Total Energy,2.47197,813.126
Total Energy,2.47398,813.127
Total Energy,2.4839800000000003,813.128
Total Energy,2.49195,813.129
Total Energy,2.49798,813.129
Total Energy,2.49999,813.13
Total Energy,2.51192,813.13
Total Energy,2.52395,813.13
Total Energy,2.52798,813.131
Total Energy,2.5379899999999997,813.131
Total Energy,2.54397,813.132
Total Energy,2.5519700000000003,813.133
Total Energy,2.56199,813.135
Total Energy,2.56392,813.135
Total Energy,2.57595,813.137
Total Energy,2.57797,813.137
Total Energy,2.58793,813.138
Total Energy,2.59197,813.138
Total Energy,2.59592,813.139
Total Energy,2.6039600000000003,813.14
Total Energy,2.61795,813.14
Total Energy,2.62993,813.141
Total Energy,2.63194,813.141
Total Energy,2.64398,813.142
Total Energy,2.65995,813.143
Total Energy,2.6699900000000003,813.138
Total Energy,2.67192,813.134
Total Energy,2.68192,813.112
Total Energy,2.68394,813.109
Total Energy,2.69197,813.1
Total Energy,2.69794,813.102
Total Energy,2.70794,813.111
Total Energy,2.71196,813.112
Total Energy,2.71599,813.115
Total Energy,2.7239299999999997,813.115
Total Energy,2.73596,813.104
Total Energy,2.74194,813.102
Total Energy,2.74995,813.104
Total Energy,2.75197,813.105
Total Energy,2.7599500000000003,813.107
Total Energy,2.76399,813.106
Total Energy,2.7759199999999997,813.114
Total Energy,2.77793,813.116
Total Energy,2.78992,813.127
Total Energy,2.7919199999999997,813.128
Total Energy,2.79999,813.131
Total Energy,2.80394,813.13
Total Energy,2.80796,813.128
Total Energy,2.81796,813.129
Total Energy,2.82997,813.142
Total Energy,2.83195,813.143
Total Energy,2.84394,813.155
Total Energy,2.84594,813.156
Total Energy,2.85596,813.161
Total Energy,2.8579600000000003,813.161
Total Energy,2.86594,813.164
Total Energy,2.87198,813.165
Total Energy,2.88198,813.166
Total Energy,2.88598,813.166
Total Energy,2.89193,813.167
Total Energy,2.89797,813.167
Total Energy,2.90395,813.168
Total Energy,2.9119200000000003,813.168
Total Energy,2.92197,813.17
Total Energy,2.92597,813.17
Total Energy,2.93398,813.171
Total Energy,2.93799,813.171
Total Energy,2.94992,813.172
Total Energy,2.954,813.171
Total Energy,2.96394,813.173
Total Energy,2.9659500000000003,813.173
Total Energy,2.976,813.175
Total Energy,2.9779199999999997,813.175
Total Energy,2.98395,813.176
Total Energy,2.99191,813.177
Total Energy,3.00595,813.177
Total Energy,3.01594,813.179
Total Energy,3.01793,813.179
Total Energy,3.0279700000000003,813.181
Total Energy,3.03192,813.181
Total Energy,3.04192,813.183
Total Energy,3.04599,813.183
Total Energy,3.05193,813.184
Total Energy,3.058,813.184
Total Energy,3.07193,813.184
Total Energy,3.0739500000000004,813.185
Total Energy,3.0859199999999998,813.184
Total Energy,3.09398,813.185
Total Energy,3.09793,813.185
Total Energy,3.104,813.186
Total Energy,3.11194,813.186
Total Energy,3.1179300000000003,813.187
Total Energy,3.12598,813.187
Total Energy,3.1339900000000003,813.188
Total Energy,3.13794,813.188
Total Energy,3.14798,813.189
Total Energy,3.15197,813.189
Total Energy,3.16199,813.19
Total Energy,3.16595,813.19
Total Energy,3.17598,813.191
Total Energy,3.17799,813.191
Total Energy,3.18799,813.19
Total Energy,3.19199,813.191
Total Energy,3.2059699999999998,813.191
Total Energy,3.21797,813.191
Total Energy,3.21995,813.192
Total Energy,3.23193,813.192
Total Energy,3.24597,813.192
Total Energy,3.25794,813.192
Total Energy,3.26598,813.193
Total Energy,3.2720000000000002,813.193
Total Energy,3.28392,813.195
Total Energy,3.28596,813.195
Total Energy,3.29797,813.198
Total Energy,3.29997,813.198
Total Energy,3.3079300000000003,813.2
Total Energy,3.31195,813.2
Total Energy,3.3239799999999997,813.203
Total Energy,3.3259700000000003,813.203
Total Energy,3.334,813.205
Total Energy,3.33996,813.206
Total Energy,3.34796,813.207
Total Energy,3.35196,813.207
Total Energy,3.3619399999999997,813.209
Total Energy,3.36598,813.21
Total Energy,3.37399,813.211
Total Energy,3.37992,813.211
Total Energy,3.38399,813.212
Total Energy,3.39191,813.213
Total Energy,3.40194,813.214
Total Energy,3.40593,813.214
Total Energy,3.4159699999999997,813.216
Total Energy,3.41997,813.216
Total Energy,3.4299500000000003,813.218
Total Energy,3.43193,813.218
Total Energy,3.43996,813.22
Total Energy,3.44592,813.22
Total Energy,3.45397,813.222
Total Energy,3.45993,813.223
Total Energy,3.4659500000000003,813.224
Total Energy,3.472,813.224
Total Energy,3.4799700000000002,813.226
Total Energy,3.48595,813.226
Total Energy,3.4939400000000003,813.227
Total Energy,3.49997,813.227
Total Energy,3.51193,813.227
Total Energy,3.51398,813.228
Total Energy,3.52592,813.228
Total Energy,3.53797,813.229
Total Energy,3.53999,813.228
Total Energy,3.54196,813.229
Total Energy,3.55196,813.229
Total Energy,3.55797,813.23
Total Energy,3.56594,813.23
Total Energy,3.57397,813.231
Total Energy,3.57999,813.231
Total Energy,3.588,813.232
Total Energy,3.59193,813.232
Total Energy,3.5979900000000002,813.233
Total Energy,3.60595,813.233
Total Energy,3.60796,813.234
Total Energy,3.61993,813.235
Total Energy,3.63194,813.235
Total Energy,3.64195,813.234
Total Energy,3.646,813.233
Total Energy,3.6479899999999996,813.232
Total Energy,3.65995,813.232
Total Energy,3.66994,813.228
Total Energy,3.6719500000000003,813.227
Total Energy,3.68394,813.216
Total Energy,3.68593,813.216
Total Energy,3.698,813.221
Total Energy,3.69997,813.221
Total Energy,3.70993,813.225
Total Energy,3.71195,813.226
Total Energy,3.71794,813.227
Total Energy,3.72595,813.227
Total Energy,3.7399999999999998,813.227
Total Energy,3.74798,813.229
Total Energy,3.75196,813.229
Total Energy,3.76394,813.234
Total Energy,3.76597,813.235
Total Energy,3.776,813.237
Total Energy,3.77996,813.238
Total Energy,3.7919899999999997,813.242
Total Energy,3.7939599999999998,813.242
Total Energy,3.80394,813.241
Total Energy,3.80599,813.239
Total Energy,3.81796,813.23
Total Energy,3.8199699999999996,813.23
Total Energy,3.8319500000000004,813.235
Total Energy,3.83394,813.237
Total Energy,3.84397,813.244
Total Energy,3.84599,813.246
Total Energy,3.85594,813.25
Total Energy,3.8599300000000003,813.25
Total Energy,3.86794,813.252
Total Energy,3.87394,813.252
Total Energy,3.88193,813.254
Total Energy,3.88599,813.254
Total Energy,3.8979399999999997,813.257
Total Energy,3.89994,813.257
Total Energy,3.9119200000000003,813.26
Total Energy,3.91394,813.26
Total Energy,3.91997,813.262
Total Energy,3.92593,813.262
Total Energy,3.93397,813.264
Total Energy,3.9399800000000003,813.265
Total Energy,3.9499299999999997,813.267
Total Energy,3.9539500000000003,813.267
Total Energy,3.96395,813.269
Total Energy,3.96593,813.269
Total Energy,3.96995,813.27
Total Energy,3.9799400000000005,813.27
Total Energy,3.9919200000000004,813.272
Total Energy,3.9939299999999998,813.272
Total Energy,4.00596,813.273
Total Energy,4.01994,813.273
Total Energy,4.03395,813.273
Total Energy,4.0359300000000005,813.274
Total Energy,4.045929999999999,813.274
Total Energy,4.05592,813.276
Total Energy,4.05993,813.276
Total Energy,4.06792,813.278
Total Energy,4.07397,813.279
Total Energy,4.08399,813.28
Total Energy,4.08594,813.28
Total Energy,4.093979999999999,813.281
Total Energy,4.09994,813.281
Total Energy,4.11197,813.283
Total Energy,4.11394,813.283
Total Energy,4.11995,813.284
Total Energy,4.12597,813.284
Total Energy,4.13793,813.285
Total Energy,4.13992,813.285
Total Energy,4.1499299999999995,813.287
Total Energy,4.15394,813.288
Total Energy,4.16393,813.29
Total Energy,4.16593,813.29
Total Energy,4.17993,813.291
Total Energy,4.18799,813.293
Total Energy,4.19395,813.293
Total Energy,4.19792,813.294
Total Energy,4.20595,813.294
Total Energy,4.21793,813.295
Total Energy,4.21997,813.295
Total Energy,4.231920000000001,813.293
Total Energy,4.23393,813.293
Total Energy,4.23994,813.292
Total Energy,4.248,813.292
Total Energy,4.25992,813.292
Total Energy,4.273960000000001,813.292
Total Energy,4.28,813.291
Total Energy,4.2879499999999995,813.291
Total Energy,4.29194,813.292
Total Energy,4.2999600000000004,813.291
Total Energy,4.30797,813.289
Total Energy,4.31399,813.289
Total Energy,4.32397,813.291
Total Energy,4.3279700000000005,813.292
Total Energy,4.33795,813.293
Total Energy,4.3399600000000005,813.294
Total Energy,4.347980000000001,813.295
Total Energy,4.35398,813.295
Total Energy,4.35794,813.294
Total Energy,4.3679499999999996,813.295
Total Energy,4.37599,813.297
Total Energy,4.37992,813.298
Total Energy,4.391940000000001,813.302
Total Energy,4.393949999999999,813.303
Total Energy,4.404,813.306
Total Energy,4.4079999999999995,813.307
Total Energy,4.417940000000001,813.309
Total Energy,4.41996,813.309
Total Energy,4.42795,813.311
Total Energy,4.4339699999999995,813.312
Total Energy,4.43994,813.313
Total Energy,4.44796,813.314
Total Energy,4.4559500000000005,813.315
Total Energy,4.45998,813.315
Total Energy,4.4679400000000005,813.316
Total Energy,4.473920000000001,813.316
Total Energy,4.483949999999999,813.318
Total Energy,4.48792,813.318
Total Energy,4.495950000000001,813.319
Total Energy,4.49998,813.319
Total Energy,4.51199,813.321
Total Energy,4.51397,813.321
Total Energy,4.5259599999999995,813.324
Total Energy,4.52796,813.324
Total Energy,4.531969999999999,813.325
Total Energy,4.53997,813.326
Total Energy,4.548,813.327
Total Energy,4.55396,813.328
Total Energy,4.563969999999999,813.329
Total Energy,4.56798,813.329
Total Energy,4.57194,813.33
Total Energy,4.57998,813.33
Total Energy,4.59197,813.332
Total Energy,4.59393,813.332
Total Energy,4.6059600000000005,813.333
Total Energy,4.60796,813.333
Total Energy,4.61599,813.334
Total Energy,4.61999,813.334
Total Energy,4.63194,813.337
Total Energy,4.633929999999999,813.337
Total Energy,4.64395,813.339
Total Energy,4.64799,813.339
Total Energy,4.65196,813.34
Total Energy,4.65992,813.34
Total Energy,4.66193,813.341
Total Energy,4.67399,813.342
Total Energy,4.68798,813.342
Total Energy,4.69796,813.345
Total Energy,4.69994,813.345
Total Energy,4.70599,813.347
Total Energy,4.7139299999999995,813.348
Total Energy,4.725949999999999,813.349
Total Energy,4.727989999999999,813.349
Total Energy,4.73395,813.35
Total Energy,4.74194,813.351
Total Energy,4.74792,813.352
Total Energy,4.75392,813.353
Total Energy,4.76795,813.353
Total Energy,4.779979999999999,813.356
Total Energy,4.78197,813.356
Total Energy,4.787920000000001,813.357
Total Energy,4.79395,813.357
Total Energy,4.80396,813.359
Total Energy,4.80793,813.359
Total Energy,4.821940000000001,813.359
Total Energy,4.82798,813.36
Total Energy,4.83396,813.36
Total Energy,4.83796,813.361
Total Energy,4.84799,813.36
Total Energy,4.85193,813.358
Total Energy,4.86197,813.359
Total Energy,4.87193,813.362
Total Energy,4.87395,813.363
Total Energy,4.87995,813.364
Total Energy,4.88797,813.364
Total Energy,4.89196,813.365
Total Energy,4.9019900000000005,813.366
Total Energy,4.90996,813.367
Total Energy,4.91395,813.367
Total Energy,4.92595,813.369
Total Energy,4.9279399999999995,813.369
Total Energy,4.93592,813.37
Total Energy,4.9419900000000005,813.371
Total Energy,4.94796,813.372
Total Energy,4.95393,813.372
Total Energy,4.96192,813.374
Total Energy,4.96799,813.375
Total Energy,4.97797,813.377
Total Energy,4.981979999999999,813.378
Total Energy,4.98991,813.379
Total Energy,4.99392,813.379
Total Energy,5.00195,813.38
Total Energy,5.00795,813.381
Total Energy,5.01795,813.383
Total Energy,5.02196,813.383
Total Energy,5.02993,813.385
Total Energy,5.0339599999999995,813.385
Total Energy,5.04399,813.386
Total Energy,5.04795,813.386
Total Energy,5.06198,813.386
Total Energy,5.06597,813.387
Total Energy,5.07395,813.387
Total Energy,5.08794,813.387
Total Energy,5.09393,813.386
Total Energy,5.10195,813.386
Total Energy,5.10797,813.385
Total Energy,5.11395,813.386
Total Energy,5.12594,813.389
Total Energy,5.12795,813.389
Total Energy,5.13392,813.39
Total Energy,5.1419500000000005,813.39
Total Energy,5.15198,813.391
Total Energy,5.154,813.391
Total Energy,5.16795,813.391
Total Energy,5.177969999999999,813.392
Total Energy,5.18194,813.392
Total Energy,5.195939999999999,813.393
Total Energy,5.20599,813.394
Total Energy,5.20798,813.394
Total Energy,5.213920000000001,813.395
Total Energy,5.2219500000000005,813.396
Total Energy,5.22991,813.397
Total Energy,5.2359800000000005,813.397
Total Energy,5.24193,813.398
Total Energy,5.248,813.398
Total Energy,5.25794,813.4
Total Energy,5.26192,813.4
Total Energy,5.27193,813.402
Total Energy,5.275939999999999,813.402
Total Energy,5.28194,813.403
Total Energy,5.287990000000001,813.403
Total Energy,5.292,813.404
Total Energy,5.30197,813.405
Total Energy,5.31191,813.406
Total Energy,5.31596,813.406
Total Energy,5.31991,813.407
Total Energy,5.32796,813.408
Total Energy,5.33593,813.409
Total Energy,5.34195,813.409
Total Energy,5.34994,813.411
Total Energy,5.35596,813.412
Total Energy,5.365950000000001,813.414
Total Energy,5.367979999999999,813.414
Total Energy,5.37597,813.416
Total Energy,5.38192,813.416
Total Energy,5.38992,813.418
Total Energy,5.39594,813.419
Total Energy,5.405959999999999,813.42
Total Energy,5.40796,813.42
Total Energy,5.41996,813.422
Total Energy,5.42194,813.422
Total Energy,5.42794,813.424
Total Energy,5.43598,813.425
Total Energy,5.44194,813.426
Total Energy,5.44792,813.427
Total Energy,5.45797,813.429
Total Energy,5.46199,813.429
Total Energy,5.46999,813.431
Total Energy,5.47593,813.432
Total Energy,5.48193,813.433
Total Energy,5.48799,813.434
Total Energy,5.49792,813.436
Total Energy,5.50197,813.436
Total Energy,5.51395,813.439
Total Energy,5.5159400000000005,813.439
Total Energy,5.52196,813.441
Total Energy,5.527920000000001,813.442
Total Energy,5.53993,813.444
Total Energy,5.54193,813.444
Total Energy,5.549980000000001,813.446
Total Energy,5.5559199999999995,813.446
Total Energy,5.56396,813.448
Total Energy,5.56798,813.448
Total Energy,5.57999,813.45
Total Energy,5.58195,813.45
Total Energy,5.587960000000001,813.451
Total Energy,5.5959699999999994,813.452
Total Energy,5.60593,813.453
Total Energy,5.60798,813.453
Total Energy,5.611940000000001,813.454
Total Energy,5.62193,813.454
Total Energy,5.63196,813.456
Total Energy,5.6359699999999995,813.456
Total Energy,5.64198,813.457
Total Energy,5.64994,813.458
Total Energy,5.65597,813.459
Total Energy,5.662000000000001,813.459
Total Energy,5.6659500000000005,813.46
Total Energy,5.67598,813.46
Total Energy,5.67797,813.461
Total Energy,5.6899999999999995,813.462
Total Energy,5.70196,813.463
Total Energy,5.71593,813.463
Total Energy,5.72794,813.464
Total Energy,5.72997,813.464
Total Energy,5.74192,813.464
Total Energy,5.75395,813.465
Total Energy,5.75593,813.465
Total Energy,5.76196,813.467
Total Energy,5.76998,813.467
Total Energy,5.7799499999999995,813.466
Total Energy,5.78197,813.466
Total Energy,5.791980000000001,813.465
Total Energy,5.796,813.465
Total Energy,5.80392,813.466
Total Energy,5.80999,813.466
Total Energy,5.8219899999999996,813.466
Total Energy,5.83599,813.466
Total Energy,5.84998,813.466
Total Energy,5.85197,813.467
Total Energy,5.861940000000001,813.467
Total Energy,5.87592,813.467
Total Energy,5.88997,813.467
Total Energy,5.901960000000001,813.467
Total Energy,5.90993,813.468
Total Energy,5.915959999999999,813.468
Total Energy,5.929989999999999,813.469
Total Energy,5.94193,813.469
Total Energy,5.94396,813.468
Total Energy,5.95596,813.468
Total Energy,5.96797,813.47
Total Energy,5.96995,813.47
Total Energy,5.98194,813.47
Total Energy,5.99593,813.471
Total Energy,5.9979700000000005,813.47
Total Energy,6.00997,813.471
Total Energy,6.02197,813.471
Total Energy,6.02792,813.472
Total Energy,6.0359799999999995,813.472
Total Energy,6.0459700000000005,813.474
Total Energy,6.04998,813.474
Total Energy,6.05199,813.475
Total Energy,6.06192,813.475
Total Energy,6.06396,813.476
Total Energy,6.07596,813.476
Total Energy,6.08394,813.478
Total Energy,6.0899600000000005,813.478
Total Energy,6.09799,813.48
Total Energy,6.10196,813.48
Total Energy,6.111949999999999,813.482
Total Energy,6.11599,813.482
Total Energy,6.12194,813.483
Total Energy,6.12997,813.484
Total Energy,6.13799,813.485
Total Energy,6.14398,813.485
Total Energy,6.15592,813.485
Total Energy,6.16796,813.486
Total Energy,6.1699399999999995,813.486
Total Energy,6.18199,813.488
Total Energy,6.18396,813.488
Total Energy,6.18796,813.489
Total Energy,6.19593,813.489
Total Energy,6.20597,813.488
Total Energy,6.20991,813.488
Total Energy,6.2179899999999995,813.489
Total Energy,6.22392,813.489
Total Energy,6.2299299999999995,813.49
Total Energy,6.23597,813.49
Total Energy,6.2399700000000005,813.491
Total Energy,6.24994,813.491
Total Energy,6.25199,813.492
Total Energy,6.26393,813.493
Total Energy,6.27593,813.494
Total Energy,6.28994,813.494
Total Energy,6.30193,813.496
Total Energy,6.30395,813.496
Total Energy,6.31597,813.496
Total Energy,6.31995,813.497
Total Energy,6.32999,813.498
Total Energy,6.34199,813.499
Total Energy,6.34394,813.499
Total Energy,6.35393,813.501
Total Energy,6.35595,813.501
Total Energy,6.36599,813.502
Total Energy,6.36994,813.502
Total Energy,6.38195,813.504
Total Energy,6.38397,813.504
Total Energy,6.3899300000000006,813.505
Total Energy,6.396,813.505
Total Energy,6.39997,813.504
Total Energy,6.40996,813.504
Total Energy,6.4239500000000005,813.504
Total Energy,6.43395,813.505
Total Energy,6.43592,813.505
Total Energy,6.4479999999999995,813.506
Total Energy,6.44996,813.506
Total Energy,6.46196,813.507
Total Energy,6.4639299999999995,813.507
Total Energy,6.47593,813.507
Total Energy,6.48196,813.508
Total Energy,6.48995,813.508
Total Energy,6.4979499999999994,813.507
Total Energy,6.503959999999999,813.507
Total Energy,6.51597,813.507
Total Energy,6.527920000000001,813.508
Total Energy,6.52994,813.508
Total Energy,6.54397,813.508
Total Energy,6.55598,813.508
Total Energy,6.56997,813.508
Total Energy,6.575959999999999,813.509
Total Energy,6.58397,813.509
Total Energy,6.59794,813.509
Total Energy,6.59997,813.51
Total Energy,6.609979999999999,813.51
Total Energy,6.6139600000000005,813.511
Total Energy,6.62393,813.511
Total Energy,6.62998,813.512
Total Energy,6.63794,813.512
Total Energy,6.64999,813.512
Total Energy,6.66198,813.513
Total Energy,6.66394,813.513
Total Energy,6.67598,813.516
Total Energy,6.67797,813.517
Total Energy,6.685919999999999,813.519
Total Energy,6.68998,813.518
Total Energy,6.69996,813.516
Total Energy,6.70392,813.516
Total Energy,6.70998,813.515
Total Energy,6.717960000000001,813.515
Total Energy,6.72192,813.516
Total Energy,6.72998,813.517
Total Energy,6.73597,813.518
Total Energy,6.743919999999999,813.518
Total Energy,6.75399,813.52
Total Energy,6.75794,813.52
Total Energy,6.76396,813.521
Total Energy,6.76996,813.521
Total Energy,6.777970000000001,813.522
Total Energy,6.78399,813.522
Total Energy,6.7959700000000005,813.523
Total Energy,6.7979199999999995,813.523
Total Energy,6.80798,813.524
Total Energy,6.80998,813.524
Total Energy,6.81598,813.525
Total Energy,6.82395,813.525
Total Energy,6.82798,813.526
Total Energy,6.83796,813.527
Total Energy,6.84996,813.526
Total Energy,6.85993,813.527
Total Energy,6.86395,813.527
Total Energy,6.86992,813.528
Total Energy,6.87798,813.529
Total Energy,6.884,813.53
Total Energy,6.88992,813.53
Total Energy,6.89195,813.531
Total Energy,6.90392,813.531
Total Energy,6.907970000000001,813.532
Total Energy,6.9179699999999995,813.532
Total Energy,6.9199600000000006,813.533
Total Energy,6.92995,813.534
Total Energy,6.94193,813.535
Total Energy,6.94396,813.535
Total Energy,6.9559299999999995,813.537
Total Energy,6.95798,813.537
Total Energy,6.96597,813.538
Total Energy,6.9699599999999995,813.538
Total Energy,6.97999,813.541
Total Energy,6.9839899999999995,813.541
Total Energy,6.997920000000001,813.54
Total Energy,6.99997,813.541
Total Energy,7.00993,813.541
Total Energy,7.02198,813.542
Total Energy,7.02395,813.542
Total Energy,7.03798,813.542
Total Energy,7.04999,813.542
Total Energy,7.05994,813.543
Total Energy,7.06397,813.543
Total Energy,7.07398,813.545
Total Energy,7.07792,813.545
Total Energy,7.08192,813.546
Total Energy,7.09198,813.546
Total Energy,7.10395,813.546
Total Energy,7.11594,813.548
Total Energy,7.11796,813.548
Total Energy,7.12797,813.55
Total Energy,7.13199,813.55
Total Energy,7.14196,813.552
Total Energy,7.144,813.552
Total Energy,7.15193,813.553
Total Energy,7.158,813.554
Total Energy,7.16997,813.556
Total Energy,7.17198,813.556
Total Energy,7.18392,813.556
Total Energy,7.19395,813.559
Total Energy,7.19794,813.559
Total Energy,7.19997,813.56
Total Energy,7.212,813.559
Total Energy,7.2219299999999995,813.561
Total Energy,7.22399,813.561
Total Energy,7.23793,813.561
Total Energy,7.25192,813.561
Total Energy,7.25795,813.562
Total Energy,7.26396,813.562
Total Energy,7.27199,813.563
Total Energy,7.2779300000000005,813.563
Total Energy,7.28392,813.564
Total Energy,7.29194,813.564
Total Energy,7.29594,813.563
Total Energy,7.30398,813.563
Total Energy,7.30595,813.562
Total Energy,7.3199700000000005,813.562
Total Energy,7.32995,813.564
Total Energy,7.33195,813.564
Total Energy,7.342,813.567
Total Energy,7.34395,813.567
Total Energy,7.34793,813.569
Total Energy,7.35799,813.569
Total Energy,7.361999999999999,813.568
Total Energy,7.37193,813.568
Total Energy,7.38394,813.568
Total Energy,7.39797,813.568
Total Energy,7.41195,813.568
Total Energy,7.42195,813.567
Total Energy,7.42392,813.567
Total Energy,7.43593,813.57
Total Energy,7.43799,813.571
Total Energy,7.44393,813.572
Total Energy,7.45193,813.571
Total Energy,7.45993,813.57
Total Energy,7.46392,813.57
Total Energy,7.478000000000001,813.57
Total Energy,7.48796,813.572
Total Energy,7.49198,813.573
Total Energy,7.49797,813.574
Total Energy,7.50395,813.573
Total Energy,7.5079400000000005,813.574
Total Energy,7.51794,813.573
Total Energy,7.53194,813.573
Total Energy,7.53797,813.572
Total Energy,7.54595,813.572
Total Energy,7.5559199999999995,813.573
Total Energy,7.55796,813.573
Total Energy,7.56798,813.575
Total Energy,7.57195,813.576
Total Energy,7.58597,813.576
Total Energy,7.594,813.575
Total Energy,7.598,813.575
Total Energy,7.603999999999999,813.574
Total Energy,7.61198,813.575
Total Energy,7.62196,813.577
Total Energy,7.62592,813.577
Total Energy,7.62998,813.578
Total Energy,7.63797,813.578
Total Energy,7.65193,813.578
Total Energy,7.66193,813.579
Total Energy,7.665970000000001,813.579
Total Energy,7.67793,813.58
Total Energy,7.68994,813.581
Total Energy,7.69198,813.581
Total Energy,7.69996,813.582
Total Energy,7.70599,813.582
Total Energy,7.71799,813.583
Total Energy,7.731990000000001,813.584
Total Energy,7.74399,813.585
Total Energy,7.7459299999999995,813.584
Total Energy,7.74798,813.585
Total Energy,7.757960000000001,813.585
Total Energy,7.75997,813.586
Total Energy,7.7719499999999995,813.586
Total Energy,7.77798,813.587
Total Energy,7.7859799999999995,813.587
Total Energy,7.7959700000000005,813.588
Total Energy,7.79799,813.588
Total Energy,7.80197,813.589
Total Energy,7.811979999999999,813.59
Total Energy,7.81598,813.591
Total Energy,7.82596,813.592
Total Energy,7.83796,813.592
Total Energy,7.845980000000001,813.593
Total Energy,7.851979999999999,813.593
Total Energy,7.863969999999999,813.594
Total Energy,7.8659300000000005,813.594
Total Energy,7.867970000000001,813.595
Total Energy,7.8779200000000005,813.596
Total Energy,7.88993,813.597
Total Energy,7.89199,813.597
Total Energy,7.90597,813.596
Total Energy,7.91596,813.598
Total Energy,7.9179200000000005,813.599
Total Energy,7.92992,813.604
Total Energy,7.93199,813.604
Total Energy,7.94199,813.607
Total Energy,7.94595,813.608
Total Energy,7.95597,813.607
Total Energy,7.95793,813.608
Total Energy,7.9679899999999995,813.604
Total Energy,7.97199,813.603
Total Energy,7.9779800000000005,813.601
Total Energy,7.985930000000001,813.601
Total Energy,7.993939999999999,813.6
Total Energy,7.99998,813.6
External Work,0.0,0.0
External Work,0.00198,0.0
External Work,0.0139473,0.0
External Work,0.0279564,0.0
External Work,0.041991099999999996,0.0
External Work,0.0539837,0.0
External Work,0.0679144,0.0
External Work,0.0819965,0.0
External Work,0.09397559999999999,0.0
External Work,0.107917,0.0
External Work,0.121987,0.0
External Work,0.13399899999999998,0.0
External Work,0.147922,0.0
External Work,0.161965,0.0
External Work,0.173974,0.0
External Work,0.187999,0.0
External Work,0.201941,0.0
External Work,0.213932,0.0
External Work,0.227927,0.0
External Work,0.24197500000000002,0.0
External Work,0.253942,0.0
External Work,0.267988,0.0
External Work,0.281916,0.0
External Work,0.29395400000000005,0.0
External Work,0.307946,0.0
External Work,0.321964,0.0
External Work,0.333967,0.0
External Work,0.347939,0.0
External Work,0.361937,0.0
External Work,0.37398200000000004,0.0
External Work,0.387993,0.0
External Work,0.401965,0.0
External Work,0.413979,0.0
External Work,0.427976,0.0
External Work,0.441925,0.0
External Work,0.45392499999999997,0.0
External Work,0.467994,0.0
External Work,0.481934,0.0
External Work,0.49594699999999997,0.0
External Work,0.507953,0.0
External Work,0.5219159999999999,0.0
External Work,0.535976,0.0
External Work,0.5479849999999999,0.0
External Work,0.5619540000000001,0.0
External Work,0.575998,0.0
External Work,0.5879610000000001,0.0
External Work,0.601974,0.0
External Work,0.615958,0.0
External Work,0.62792,0.0
External Work,0.641986,0.0
External Work,0.655986,0.0
External Work,0.667975,0.0
External Work,0.681951,0.0
External Work,0.6959559999999999,0.0
External Work,0.707922,0.0
External Work,0.721981,0.0
External Work,0.735957,0.0
External Work,0.747934,0.0
External Work,0.76192,0.0
External Work,0.775992,0.0
External Work,0.787957,0.0
External Work,0.8019379999999999,0.0
External Work,0.815951,0.0
External Work,0.827996,0.0
External Work,0.841981,0.0
External Work,0.855947,0.0
External Work,0.867914,0.0
External Work,0.8819910000000001,0.0
External Work,0.895995,0.0
External Work,0.9079360000000001,0.0
External Work,0.921955,0.0
External Work,0.935975,0.0
External Work,0.949924,0.0
External Work,0.961953,0.0
External Work,0.97598,0.0
External Work,0.989993,0.0
External Work,1.0019600000000002,0.0
External Work,1.01597,0.0
External Work,1.02999,0.0
External Work,1.0419800000000001,0.0
External Work,1.05598,0.0
External Work,1.0699699999999999,0.0
External Work,1.08191,0.0
External Work,1.09595,0.0
External Work,1.1099700000000001,0.0
External Work,1.1219299999999999,0.0
External Work,1.13596,0.0
External Work,1.14997,0.0
External Work,1.16192,0.0
External Work,1.17592,0.0
External Work,1.1899499999999998,0.0
External Work,1.20199,0.0
External Work,1.2159600000000002,0.0
External Work,1.22995,0.0
External Work,1.242,0.0
External Work,1.25594,0.0
External Work,1.26999,0.0
External Work,1.28196,0.0
External Work,1.29594,0.0
External Work,1.30994,0.0
External Work,1.32198,0.0
External Work,1.3359299999999998,0.0
External Work,1.35,0.0
External Work,1.36198,0.0
External Work,1.3760000000000001,0.0
External Work,1.3899400000000002,0.0
External Work,1.40197,0.0
External Work,1.41594,0.0
External Work,1.42992,0.0
External Work,1.44398,0.0
External Work,1.4559900000000001,0.0
External Work,1.46994,0.0
External Work,1.48399,0.0
External Work,1.4959699999999998,0.0
External Work,1.50997,0.0
External Work,1.5239699999999998,0.0
External Work,1.5359200000000002,0.0
External Work,1.54992,0.0
External Work,1.56398,0.0
External Work,1.5759400000000001,0.0
External Work,1.58996,0.0
External Work,1.60392,0.0
External Work,1.61599,0.0
External Work,1.62992,0.0
External Work,1.6439300000000001,0.0
External Work,1.65594,0.0
External Work,1.66996,0.0
External Work,1.68399,0.0
External Work,1.69595,0.0
External Work,1.70999,0.0
External Work,1.72394,0.0
External Work,1.73599,0.0
External Work,1.74997,0.0
External Work,1.76399,0.0
External Work,1.77597,0.0
External Work,1.78999,0.0
External Work,1.80393,0.0
External Work,1.81598,0.0
External Work,1.82999,0.0
External Work,1.8439699999999999,0.0
External Work,1.85598,0.0
External Work,1.86998,0.0
External Work,1.88395,0.0
External Work,1.89792,0.0
External Work,1.90994,0.0
External Work,1.92393,0.0
External Work,1.93797,0.0
External Work,1.9499199999999999,0.0
External Work,1.9639900000000001,0.0
External Work,1.97797,0.0
External Work,1.9899599999999997,0.0
External Work,2.0039900000000004,0.0
External Work,2.01798,0.0
External Work,2.02997,0.0
External Work,2.04399,0.0
External Work,2.05797,0.0
External Work,2.07,0.0
External Work,2.08393,0.0
External Work,2.09795,0.0
External Work,2.10999,0.0
External Work,2.12392,0.0
External Work,2.1379200000000003,0.0
External Work,2.14994,0.0
External Work,2.16393,0.0
External Work,2.17796,0.0
External Work,2.18994,0.0
External Work,2.2039999999999997,0.0
External Work,2.21794,0.0
External Work,2.22998,0.0
External Work,2.24396,0.0
External Work,2.2579700000000003,0.0
External Work,2.26995,0.0
External Work,2.28395,0.0
External Work,2.29799,0.0
External Work,2.30999,0.0
External Work,2.3239699999999996,0.0
External Work,2.3379999999999996,0.0
External Work,2.34999,0.0
External Work,2.3639300000000003,0.0
External Work,2.3779399999999997,0.0
External Work,2.3919900000000003,0.0
External Work,2.40396,0.0
External Work,2.41793,0.0
External Work,2.4319200000000003,0.0
External Work,2.44394,0.0
External Work,2.45793,0.0
External Work,2.47197,0.0
External Work,2.4839800000000003,0.0
External Work,2.49798,0.0
External Work,2.51192,0.0
External Work,2.52395,0.0
External Work,2.5379899999999997,0.0
External Work,2.5519700000000003,0.0
External Work,2.56392,0.0
External Work,2.57797,0.0
External Work,2.59197,0.0
External Work,2.6039600000000003,0.0
External Work,2.61795,0.0
External Work,2.63194,0.0
External Work,2.64398,0.0
External Work,2.65794,0.0
External Work,2.67192,0.0
External Work,2.68394,0.0
External Work,2.69794,0.0
External Work,2.71196,0.0
External Work,2.7239299999999997,0.0
External Work,2.7379700000000002,0.0
External Work,2.75197,0.0
External Work,2.76399,0.0
External Work,2.77793,0.0
External Work,2.7919199999999997,0.0
External Work,2.80394,0.0
External Work,2.81796,0.0
External Work,2.83195,0.0
External Work,2.84594,0.0
External Work,2.8579600000000003,0.0
External Work,2.87198,0.0
External Work,2.88598,0.0
External Work,2.89797,0.0
External Work,2.9119200000000003,0.0
External Work,2.92597,0.0
External Work,2.93799,0.0
External Work,2.95194,0.0
External Work,2.9659500000000003,0.0
External Work,2.9779199999999997,0.0
External Work,2.99191,0.0
External Work,3.00595,0.0
External Work,3.01793,0.0
External Work,3.03192,0.0
External Work,3.04599,0.0
External Work,3.058,0.0
External Work,3.07193,0.0
External Work,3.0859199999999998,0.0
External Work,3.09793,0.0
External Work,3.11194,0.0
External Work,3.12598,0.0
External Work,3.13794,0.0
External Work,3.15197,0.0
External Work,3.16595,0.0
External Work,3.17799,0.0
External Work,3.19199,0.0
External Work,3.2059699999999998,0.0
External Work,3.21797,0.0
External Work,3.23193,0.0
External Work,3.24597,0.0
External Work,3.25794,0.0
External Work,3.2720000000000002,0.0
External Work,3.28596,0.0
External Work,3.29997,0.0
External Work,3.31195,0.0
External Work,3.3259700000000003,0.0
External Work,3.33996,0.0
External Work,3.35196,0.0
External Work,3.36598,0.0
External Work,3.37992,0.0
External Work,3.39191,0.0
External Work,3.40593,0.0
External Work,3.41997,0.0
External Work,3.43193,0.0
External Work,3.44592,0.0
External Work,3.45993,0.0
External Work,3.472,0.0
External Work,3.48595,0.0
External Work,3.49997,0.0
External Work,3.51193,0.0
External Work,3.52592,0.0
External Work,3.53999,0.0
External Work,3.55196,0.0
External Work,3.56594,0.0
External Work,3.57999,0.0
External Work,3.59193,0.0
External Work,3.60595,0.0
External Work,3.61993,0.0
External Work,3.63194,0.0
External Work,3.646,0.0
External Work,3.65995,0.0
External Work,3.6719500000000003,0.0
External Work,3.68593,0.0
External Work,3.69997,0.0
External Work,3.71195,0.0
External Work,3.72595,0.0
External Work,3.7399999999999998,0.0
External Work,3.75196,0.0
External Work,3.76597,0.0
External Work,3.77996,0.0
External Work,3.7939599999999998,0.0
External Work,3.80599,0.0
External Work,3.8199699999999996,0.0
External Work,3.83394,0.0
External Work,3.84599,0.0
External Work,3.8599300000000003,0.0
External Work,3.87394,0.0
External Work,3.88599,0.0
External Work,3.89994,0.0
External Work,3.91394,0.0
External Work,3.92593,0.0
External Work,3.9399800000000003,0.0
External Work,3.9539500000000003,0.0
External Work,3.96593,0.0
External Work,3.9799400000000005,0.0
External Work,3.9939299999999998,0.0
External Work,4.00596,0.0
External Work,4.01994,0.0
External Work,4.03395,0.0
External Work,4.045929999999999,0.0
External Work,4.05993,0.0
External Work,4.07397,0.0
External Work,4.08594,0.0
External Work,4.09994,0.0
External Work,4.11394,0.0
External Work,4.12597,0.0
External Work,4.13992,0.0
External Work,4.15394,0.0
External Work,4.16593,0.0
External Work,4.17993,0.0
External Work,4.19395,0.0
External Work,4.20595,0.0
External Work,4.21997,0.0
External Work,4.23393,0.0
External Work,4.248,0.0
External Work,4.25992,0.0
External Work,4.273960000000001,0.0
External Work,4.2879499999999995,0.0
External Work,4.2999600000000004,0.0
External Work,4.31399,0.0
External Work,4.3279700000000005,0.0
External Work,4.3399600000000005,0.0
External Work,4.35398,0.0
External Work,4.3679499999999996,0.0
External Work,4.37992,0.0
External Work,4.393949999999999,0.0
External Work,4.4079999999999995,0.0
External Work,4.41996,0.0
External Work,4.4339699999999995,0.0
External Work,4.44796,0.0
External Work,4.45998,0.0
External Work,4.473920000000001,0.0
External Work,4.48792,0.0
External Work,4.49998,0.0
External Work,4.51397,0.0
External Work,4.52796,0.0
External Work,4.53997,0.0
External Work,4.55396,0.0
External Work,4.56798,0.0
External Work,4.57998,0.0
External Work,4.59393,0.0
External Work,4.60796,0.0
External Work,4.61999,0.0
External Work,4.633929999999999,0.0
External Work,4.64799,0.0
External Work,4.65992,0.0
External Work,4.67399,0.0
External Work,4.68798,0.0
External Work,4.69994,0.0
External Work,4.7139299999999995,0.0
External Work,4.727989999999999,0.0
External Work,4.74194,0.0
External Work,4.75392,0.0
External Work,4.76795,0.0
External Work,4.78197,0.0
External Work,4.79395,0.0
External Work,4.80793,0.0
External Work,4.821940000000001,0.0
External Work,4.83396,0.0
External Work,4.84799,0.0
External Work,4.86197,0.0
External Work,4.87395,0.0
External Work,4.88797,0.0
External Work,4.9019900000000005,0.0
External Work,4.91395,0.0
External Work,4.9279399999999995,0.0
External Work,4.9419900000000005,0.0
External Work,4.95393,0.0
External Work,4.96799,0.0
External Work,4.981979999999999,0.0
External Work,4.99392,0.0
External Work,5.00795,0.0
External Work,5.02196,0.0
External Work,5.0339599999999995,0.0
External Work,5.04795,0.0
External Work,5.06198,0.0
External Work,5.07395,0.0
External Work,5.08794,0.0
External Work,5.10195,0.0
External Work,5.11395,0.0
External Work,5.12795,0.0
External Work,5.1419500000000005,0.0
External Work,5.154,0.0
External Work,5.16795,0.0
External Work,5.18194,0.0
External Work,5.195939999999999,0.0
External Work,5.20798,0.0
External Work,5.2219500000000005,0.0
External Work,5.2359800000000005,0.0
External Work,5.248,0.0
External Work,5.26192,0.0
External Work,5.275939999999999,0.0
External Work,5.287990000000001,0.0
External Work,5.30197,0.0
External Work,5.31596,0.0
External Work,5.32796,0.0
External Work,5.34195,0.0
External Work,5.35596,0.0
External Work,5.367979999999999,0.0
External Work,5.38192,0.0
External Work,5.39594,0.0
External Work,5.40796,0.0
External Work,5.42194,0.0
External Work,5.43598,0.0
External Work,5.44792,0.0
External Work,5.46199,0.0
External Work,5.47593,0.0
External Work,5.48799,0.0
External Work,5.50197,0.0
External Work,5.5159400000000005,0.0
External Work,5.527920000000001,0.0
External Work,5.54193,0.0
External Work,5.5559199999999995,0.0
External Work,5.56798,0.0
External Work,5.58195,0.0
External Work,5.5959699999999994,0.0
External Work,5.60798,0.0
External Work,5.62193,0.0
External Work,5.6359699999999995,0.0
External Work,5.64994,0.0
External Work,5.662000000000001,0.0
External Work,5.67598,0.0
External Work,5.6899999999999995,0.0
External Work,5.70196,0.0
External Work,5.71593,0.0
External Work,5.72997,0.0
External Work,5.74192,0.0
External Work,5.75593,0.0
External Work,5.76998,0.0
External Work,5.78197,0.0
External Work,5.796,0.0
External Work,5.80999,0.0
External Work,5.8219899999999996,0.0
External Work,5.83599,0.0
External Work,5.84998,0.0
External Work,5.861940000000001,0.0
External Work,5.87592,0.0
External Work,5.88997,0.0
External Work,5.901960000000001,0.0
External Work,5.915959999999999,0.0
External Work,5.929989999999999,0.0
External Work,5.94193,0.0
External Work,5.95596,0.0
External Work,5.96995,0.0
External Work,5.98194,0.0
External Work,5.99593,0.0
External Work,6.00997,0.0
External Work,6.02197,0.0
External Work,6.0359799999999995,0.0
External Work,6.04998,0.0
External Work,6.06192,0.0
External Work,6.07596,0.0
External Work,6.0899600000000005,0.0
External Work,6.10196,0.0
External Work,6.11599,0.0
External Work,6.12997,0.0
External Work,6.14398,0.0
External Work,6.15592,0.0
External Work,6.1699399999999995,0.0
External Work,6.18396,0.0
External Work,6.19593,0.0
External Work,6.20991,0.0
External Work,6.22392,0.0
External Work,6.23597,0.0
External Work,6.24994,0.0
External Work,6.26393,0.0
External Work,6.27593,0.0
External Work,6.28994,0.0
External Work,6.30395,0.0
External Work,6.31597,0.0
External Work,6.32999,0.0
External Work,6.34394,0.0
External Work,6.35595,0.0
External Work,6.36994,0.0
External Work,6.38397,0.0
External Work,6.396,0.0
External Work,6.40996,0.0
External Work,6.4239500000000005,0.0
External Work,6.43592,0.0
External Work,6.44996,0.0
External Work,6.4639299999999995,0.0
External Work,6.47593,0.0
External Work,6.48995,0.0
External Work,6.503959999999999,0.0
External Work,6.51597,0.0
External Work,6.52994,0.0
External Work,6.54397,0.0
External Work,6.55598,0.0
External Work,6.56997,0.0
External Work,6.58397,0.0
External Work,6.59794,0.0
External Work,6.609979999999999,0.0
External Work,6.62393,0.0
External Work,6.63794,0.0
External Work,6.64999,0.0
External Work,6.66394,0.0
External Work,6.67797,0.0
External Work,6.68998,0.0
External Work,6.70392,0.0
External Work,6.717960000000001,0.0
External Work,6.72998,0.0
External Work,6.743919999999999,0.0
External Work,6.75794,0.0
External Work,6.76996,0.0
External Work,6.78399,0.0
External Work,6.7979199999999995,0.0
External Work,6.80998,0.0
External Work,6.82395,0.0
External Work,6.83796,0.0
External Work,6.84996,0.0
External Work,6.86395,0.0
External Work,6.87798,0.0
External Work,6.88992,0.0
External Work,6.90392,0.0
External Work,6.9179699999999995,0.0
External Work,6.92995,0.0
External Work,6.94396,0.0
External Work,6.95798,0.0
External Work,6.9699599999999995,0.0
External Work,6.9839899999999995,0.0
External Work,6.997920000000001,0.0
External Work,7.00993,0.0
External Work,7.02395,0.0
External Work,7.03798,0.0
External Work,7.04999,0.0
External Work,7.06397,0.0
External Work,7.07792,0.0
External Work,7.09198,0.0
External Work,7.10395,0.0
External Work,7.11796,0.0
External Work,7.13199,0.0
External Work,7.144,0.0
External Work,7.158,0.0
External Work,7.17198,0.0
External Work,7.18392,0.0
External Work,7.19794,0.0
External Work,7.212,0.0
External Work,7.22399,0.0
External Work,7.23793,0.0
External Work,7.25192,0.0
External Work,7.26396,0.0
External Work,7.2779300000000005,0.0
External Work,7.29194,0.0
External Work,7.30398,0.0
External Work,7.31796,0.0
External Work,7.33195,0.0
External Work,7.34395,0.0
External Work,7.35799,0.0
External Work,7.37193,0.0
External Work,7.38394,0.0
External Work,7.39797,0.0
External Work,7.41195,0.0
External Work,7.42392,0.0
External Work,7.43799,0.0
External Work,7.45193,0.0
External Work,7.46392,0.0
External Work,7.478000000000001,0.0
External Work,7.49198,0.0
External Work,7.50395,0.0
External Work,7.51794,0.0
External Work,7.53194,0.0
External Work,7.54595,0.0
External Work,7.55796,0.0
External Work,7.57195,0.0
External Work,7.58597,0.0
External Work,7.598,0.0
External Work,7.61198,0.0
External Work,7.62592,0.0
External Work,7.63797,0.0
External Work,7.65193,0.0
External Work,7.665970000000001,0.0
External Work,7.67793,0.0
External Work,7.69198,0.0
External Work,7.70599,0.0
External Work,7.71799,0.0
External Work,7.731990000000001,0.0
External Work,7.7459299999999995,0.0
External Work,7.757960000000001,0.0
External Work,7.7719499999999995,0.0
External Work,7.7859799999999995,0.0
External Work,7.79799,0.0
External Work,7.811979999999999,0.0
External Work,7.82596,0.0
External Work,7.83796,0.0
External Work,7.851979999999999,0.0
External Work,7.8659300000000005,0.0
External Work,7.8779200000000005,0.0
External Work,7.89199,0.0
External Work,7.90597,0.0
External Work,7.9179200000000005,0.0
External Work,7.93199,0.0
External Work,7.94595,0.0
External Work,7.95793,0.0
External Work,7.97199,0.0
External Work,7.985930000000001,0.0
External Work,7.99998,0.0
