time_s,group_id,dof,weighted_displacement_m,weighted_velocity_m_s
0.0,500,1,0.0,0.0
9.989999999999974e-06,500,1,7.132079898197894e-19,-8.455257188202341e-14
1.9979999999999985e-05,500,1,-1.844201908948145e-13,-1.4716959563986984e-07
2.996999999999993e-05,500,1,-1.5194627179119697e-11,-2.5633591899819255e-06
3.995999999982653e-05,500,1,-1.823084521273409e-11,2.9594799797749705e-06
4.99499995869668e-05,500,1,7.06371910333601e-11,1.4134397854012604e-05
5.9939949594887284e-05,500,1,2.360353140590356e-10,1.6241780927211957e-05
6.992943033724811e-05,500,1,3.717529914793273e-10,9.87544327197415e-06
7.99102264454703e-05,500,1,4.303039235477083e-10,1.159182200623221e-06
8.999867411661217e-05,500,1,3.949181189001505e-10,-3.099856934946077e-06
9.996765282363734e-05,500,1,3.877148560986728e-10,-3.3066939120196537e-07
0.00010993878595740294,500,1,3.783417993040416e-10,-1.210817782273943e-06
0.00011999041312778416,500,1,3.4148011491360857e-10,-3.924848830466621e-06
0.0001299449383418888,500,1,2.988755724054549e-10,1.1335249147578774e-06
0.00013994093718666133,500,1,3.496974387988398e-10,3.9661851422845285e-06
0.00014994107731792187,500,1,3.208244041109126e-10,-9.419030205751189e-06
0.00015991628940019868,500,1,2.1942912001724108e-10,-6.051434083303997e-06
0.00016999114436967613,500,1,1.582409563228995e-10,-1.7783916312977266e-06
0.00017994288874474196,500,1,1.8567938929034655e-10,3.227723762740456e-06
0.00018994368999829023,500,1,1.7004284932742817e-10,-5.2745392635951405e-06
0.00019991672636384466,500,1,1.5168166743750554e-10,2.1727737022358973e-06
0.00020999902786400542,500,1,1.8042206288366097e-10,5.41335598791548e-07
0.00021997742469151297,500,1,1.582490453332799e-10,-4.844657076383263e-06
0.0002299412673028418,500,1,1.3353312295593105e-10,-8.540654133498693e-07
0.00023994038197849295,500,1,1.8512138131659094e-10,7.652339723052126e-06
0.000249979408802032,500,1,2.089515201336901e-10,2.913732623829879e-06
0.00025997760205296314,500,1,2.5412208690096406e-10,2.4149033317488744e-07
0.00026994047687294405,500,1,2.665848663710649e-10,-2.947997708446781e-07
0.000279940377661343,500,1,2.4371811332972097e-10,5.752930021252212e-09
0.0002899171921228336,500,1,2.6152257487257173e-10,1.0906515066078093e-06
0.00029994883246123273,500,1,2.472490320112731e-10,-5.271396463363276e-06
0.00030993468393218085,500,1,1.3976003981608354e-10,-1.185013855842243e-05
0.0003199401888848346,500,1,3.17756994117947e-11,-7.65858629145355e-06
0.0003299837147017973,500,1,-5.881427477674793e-12,2.0317745597076e-06
0.0003399824946225943,500,1,4.922487827474628e-11,9.389543880966578e-06
0.00034998130253528954,500,1,1.4388123267025898e-10,6.492585062994882e-06
0.0003599392373724834,500,1,1.7911380124017968e-10,6.424992306797161e-07
0.00036994979185261896,500,1,1.6230129010365432e-10,-2.0500315929261603e-06
0.00037996773626411065,500,1,9.043814632287382e-11,-1.0959158738721442e-05
0.00038993845631998217,500,1,4.7687810514687734e-11,4.3762300965810574e-06
0.0003999172946923639,500,1,7.228169562659126e-11,-3.962577230037789e-06
0.00040999872028145597,500,1,2.733873719380363e-11,-4.432339126433926e-06
0.0004199548776521353,500,1,1.730063466280434e-11,-4.4568937985350887e-07
0.00042993066865616497,500,1,1.062671303932877e-11,-3.1455383709966256e-06
0.00043997339272910024,500,1,-3.0059298059760173e-11,-7.602073449006208e-06
0.00044994914081072777,500,1,-1.0125061743480922e-10,-7.509208987316329e-06
0.00045995451118858755,500,1,-1.7875929243149808e-10,-6.90636325499476e-06
0.00046999149644892223,500,1,-1.3257191552561707e-10,8.991448264866059e-06
0.0004799391218430586,500,1,-7.621075904242446e-11,3.914214505405453e-06
0.000489988494036519,500,1,-4.983674575823819e-11,2.0532552845176077e-06
0.000499943020442317,500,1,-2.2750893703343627e-11,4.242855633551645e-06
0.0005099624776485783,500,1,1.6357540430674e-11,2.8753931407832223e-06
0.0005199413734900338,500,1,7.422703759895287e-11,1.1560839731972194e-05
0.000529989712798049,500,1,1.9540464015729207e-10,6.697800992938596e-06
0.0005399383777245362,500,1,1.582195445706844e-10,-1.644235846509634e-05
0.0005499579831984126,500,1,1.0698743676136377e-11,-7.980097124354879e-06
0.0005599762955612779,500,1,-5.4215891960892376e-11,-3.502910875363696e-06
0.0005699231784678594,500,1,-3.6397763401359594e-11,6.17343506997825e-06
0.0005799938953701229,500,1,4.470444244719315e-11,4.897865729991402e-06
0.0005899310793806982,500,1,8.968513958506572e-11,3.866152149117896e-06
0.0005999659284024729,500,1,1.0847542935734077e-10,-3.805271672041588e-06
0.000609943251318685,500,1,5.356837100289552e-11,-9.094358121852775e-06
0.0006199233236204224,500,1,-3.658803878834184e-11,-5.552286410415164e-06
0.0006299331046201206,500,1,2.0100290323575077e-12,1.2832757931902083e-05
0.0006399776651607039,500,1,6.706972487733177e-11,-1.6654493282253213e-06
0.0006499948876300045,500,1,6.4346265240166e-11,2.3829264952091034e-06
0.0006599160003705074,500,1,1.2191873454644217e-10,1.861008679410192e-06
0.0006699576057563944,500,1,1.4012999423074777e-10,-2.9751279774781203e-06
0.0006799211757989686,500,1,7.976905784133279e-11,-7.538057655576136e-06
0.0006899905273309824,500,1,-1.16357454016592e-11,-6.915867565626677e-06
0.0006999813053312869,500,1,-5.552242749289342e-12,5.6642022808750525e-06
0.0007099627426447686,500,1,5.6501792312793966e-11,2.239549571098065e-06
0.0007199888342083505,500,1,3.138177418325768e-11,-2.6648742158935645e-06
0.000729950800000866,500,1,-2.7167982319330187e-11,-7.409924352969055e-06
0.0007399099293326919,500,1,-7.387587261969606e-11,1.7455993613357812e-06
0.0007499787321743916,500,1,-2.424624461979958e-11,-2.1864487751988015e-06
0.0007599121948682989,500,1,-9.286233206481638e-11,-4.253989855873552e-06
0.000769998599325241,500,1,-1.6306745518235473e-10,-5.3398338868554385e-06
0.0007799133407966841,500,1,-1.572486935517872e-10,3.2875220444816833e-06
0.0007899164980803509,500,1,-1.408732916797562e-10,-3.9939537939057135e-06
0.0007999620760097976,500,1,-1.9166004262549392e-10,-1.4440610738297721e-06
0.0008099510866692575,500,1,-1.7820282946795377e-10,9.710892933834092e-06
0.0008199263709300147,500,1,-7.766354039196322e-11,5.681829577136588e-06
0.0008299938563031341,500,1,-5.7639172426659276e-11,-3.3752048187174477e-06
0.0008399425258272241,500,1,-1.5484208071451036e-10,-1.4684725777147634e-05
0.0008499783200037693,500,1,-3.001623200676794e-10,-1.9992221124642828e-05
0.0008599246122307817,500,1,-4.5490613259659187e-10,-6.451805538125119e-06
0.0008699613161949773,500,1,-3.846927068125531e-10,1.4071285366894226e-05
0.0008799430792557039,500,1,-2.3875956830670303e-10,1.5653163564333106e-05
0.000889914613174657,500,1,-9.30217396539416e-11,6.245503771409346e-06
0.000899940938460233,500,1,-1.2576952306062576e-10,-1.1630142264795751e-05
0.0009099566132113925,500,1,-2.736525414290198e-10,-9.115157748318392e-06
0.0009199996984748391,500,1,-3.6711775353201776e-10,-1.0901725883749602e-05
0.0009299583251180663,500,1,-4.716067705614952e-10,-1.0550413993518082e-05
0.0009399714833654413,500,1,-4.798819854348553e-10,5.5465303372415065e-06
0.0009499416496498944,500,1,-4.103803382253285e-10,3.6885770432898424e-06
0.0009599399966234764,500,1,-4.1335610697918867e-10,-7.093165837745996e-06
0.0009699435846053626,500,1,-4.5085606244566666e-10,-2.057660519083626e-06
0.0009799404226288715,500,1,-5.135267349043949e-10,-8.793444540744488e-06
0.0009899704638186059,500,1,-6.557956595370165e-10,-1.3534384293301116e-05
0.0009999965726488068,500,1,-7.056096342294363e-10,1.6261591763155891e-06
0.0010099574320871526,500,1,-6.657102507750834e-10,7.665312552546794e-06
0.0010199842522080644,500,1,-5.618151070125735e-10,1.1841197920303692e-05
0.0010299282517230385,500,1,-4.441475847160858e-10,6.5738061182044755e-06
0.001039952928274145,500,1,-4.34961474486583e-10,-7.802133983256243e-07
0.0010499456281726552,500,1,-4.080556538519698e-10,-4.3498180397200104e-07
0.0010599673841890206,500,1,-4.26246655353149e-10,-1.9343058321602546e-06
0.0010699381905818913,500,1,-4.516900365080962e-10,-2.8593265287146785e-06
0.0010799265402712044,500,1,-3.943027502576401e-10,1.2805510870461667e-05
0.0010899215470765433,500,1,-2.396992042617049e-10,1.89208602459634e-05
0.0010999966318489694,500,1,-6.3524772399220156e-12,2.5389180844131998e-05
0.001109995511524942,500,1,1.8572044575478357e-10,9.601245499063493e-06
0.0011199200024236623,500,1,2.0336130667402696e-10,-3.105939167385996e-06
0.0011299760781678528,500,1,1.378554674910372e-10,-1.2845157001700747e-05
0.0011399879746241996,500,1,3.496498889253146e-11,-5.776389112852054e-06
0.0011499254065114345,500,1,2.1904168310364343e-11,8.96687159189502e-06
0.00115996149636992,500,1,1.2280874086324247e-10,7.645163303843239e-06
0.001169926916304428,500,1,2.2247585603512356e-10,8.52689081293212e-06
0.001179977029286354,500,1,2.23743647857236e-10,-1.123343046194325e-05
0.0011899368801656781,500,1,7.392881070721941e-11,-1.8908567937403475e-05
0.0011999190343896702,500,1,-5.0911937752849034e-11,-2.5608059537711447e-06
0.0012099127896993515,500,1,-7.683034349412123e-11,-2.718295377929225e-06
0.001219999754372062,500,1,-1.21314361557528e-10,-7.658283505296293e-06
0.0012299240607925048,500,1,-1.631648554183738e-10,2.214149275314714e-06
0.0012399300916896981,500,1,-1.4643396236706019e-10,-3.57492033811746e-06
0.001249908852816136,500,1,-1.530261992578071e-10,5.628922933022251e-06
0.001259969570289194,500,1,-2.378535315152933e-11,1.7215371016066072e-05
0.001269997367040202,500,1,1.0414706495060817e-10,6.602405524913646e-06
0.0012799150102057472,500,1,1.596865505715169e-10,-1.924393462658658e-06
0.001289907700240844,500,1,1.4163343761612552e-10,8.498896697517466e-07
0.0012999968930746224,500,1,1.1089534130476246e-10,-6.809188865419813e-06
0.00130996081967101,500,1,8.262816209234284e-11,2.1608750681578748e-06
0.0013199129566355417,500,1,1.3764558444985532e-10,6.189694049973937e-06
0.0013299895470651804,500,1,2.0505192384339763e-10,7.447764161450099e-06
0.0013399971095359408,500,1,2.891775742873228e-10,7.878502054803338e-06
0.0013499303694762272,500,1,3.0615861553071023e-10,-5.497162767385648e-06
0.0013599919905867561,500,1,2.5743805595224454e-10,-2.8332276153543445e-06
0.0013699851505381473,500,1,2.3021367457431394e-10,-3.1695548687767083e-06
0.0013799748265174655,500,1,2.1297785973629668e-10,8.269295331403415e-07
0.0013899123059433515,500,1,2.431566335008855e-10,2.873057743310592e-07
0.0013999942451156462,500,1,2.0187079058351745e-10,-5.121090005139051e-06
0.0014099338649546564,500,1,1.2707301974376743e-10,-9.433032121586304e-06
0.0014199880585482523,500,1,2.3519411189050206e-11,-9.439614385764461e-06
0.0014299410224153921,500,1,-8.955712293447476e-11,-9.815887315023364e-06
0.0014399647378862453,500,1,-1.4827331386752267e-10,-2.0536914499824643e-06
0.0014499809452065196,500,1,-8.34425882187249e-11,1.4048470852623396e-05
0.001459944908936736,500,1,9.031065564840289e-12,7.164668405779118e-08
0.0014699512338979617,500,1,-8.37891550423581e-12,4.320551648118176e-06
0.0014799235030007497,500,1,8.539300850258287e-11,7.768465031116056e-06
0.0014899366173026151,500,1,7.090174211945896e-11,-5.760573355467757e-06
0.001499990420126971,500,1,3.949279872846075e-11,4.929618872273611e-07
0.0015099575319327033,500,1,-5.52541898953679e-13,-1.1594599091030444e-05
0.0015199765164080198,500,1,-1.220974692929007e-10,-1.0724447269572224e-05
0.0015299491666946959,500,1,-1.5553764553691778e-10,5.398466973532967e-06
0.0015399987513572432,500,1,-4.048075079972078e-11,1.082623542031369e-05
0.001549974901527717,500,1,-2.0298616746875747e-11,4.406288197367214e-07
0.001559979856524952,500,1,-1.1149242853342807e-11,-1.351984635043768e-06
0.0015699594351443944,500,1,-2.4059520036860357e-11,-1.2777912745537412e-06
0.001579918773549063,500,1,5.068868413925839e-12,5.8307778519686715e-06
0.0015899439769683828,500,1,7.417954075053723e-12,-5.043426785755756e-06
0.0015999543075729818,500,1,-1.081156198046168e-10,-1.3172969154873204e-05
0.0016099164701122103,500,1,-1.9243315143380933e-10,-3.5953638249097697e-06
0.0016199934375123123,500,1,-1.7232491529151474e-10,3.657275954999095e-06
0.0016299767194849271,500,1,-1.4243063567723668e-10,2.358632644805514e-06
0.0016399320316245294,500,1,-1.2931669598775124e-10,-4.3087630877125527e-07
0.0016499685899983411,500,1,-1.3946437297254971e-10,2.4919947872459325e-06
0.0016599434567047308,500,1,-8.626221089906984e-11,4.69073381573204e-06
0.0016699831303536646,500,1,-9.85743756357356e-11,-7.926403653824021e-06
0.0016799338482886494,500,1,-1.6862064149416006e-10,4.056823552700539e-06
0.0016899761201780224,500,1,-3.550343035609082e-11,1.69696943219666e-05
0.00169992928424783,500,1,9.387469962191772e-11,7.0711772910403425e-06
0.0017099755055905552,500,1,1.7188080020142e-10,-6.659159449418084e-07
0.0017199843801098905,500,1,7.966694899828785e-11,-2.130631282681872e-05
0.0017299320636266187,500,1,-1.4235526063608069e-10,-1.8415059559073743e-05
0.0017399753388256676,500,1,-2.353941249540638e-10,-4.5695132447898246e-06
0.0017499882378221576,500,1,-2.1952383817404287e-10,7.306986607835686e-06
0.0017599367238823038,500,1,-1.0388143165836997e-10,9.351761924167312e-06
0.0017699212396846728,500,1,-8.184174066158949e-11,-6.641705152812816e-06
0.0017799940536531063,500,1,-1.9091588903623997e-10,-5.9391598235397636e-06
0.0017899421800572132,500,1,-2.575997906733363e-10,-7.481573834677846e-06
0.0017999695895979386,500,1,-2.769975404922651e-10,3.4792873249492318e-06
0.0018099469624085097,500,1,-2.2194319159810354e-10,6.9242779140443744e-06
0.0018199691083681014,500,1,-1.5828557842757188e-10,2.915935847058737e-06
0.0018299171679675677,500,1,-2.059413395262414e-10,-8.146162922328948e-06
0.0018399400320049208,500,1,-2.903694126642079e-10,-9.981096799838163e-06
0.0018499899711646014,500,1,-3.058979786393413e-10,1.1120186250102027e-05
0.0018599223412782957,500,1,-1.2077555250591585e-10,2.3958818044622632e-05
0.00186996112418816,500,1,7.312604848706155e-11,1.205263221243369e-05
0.0018799348770303093,500,1,5.244356980475297e-11,-6.881510292322535e-06
0.0018899777973552358,500,1,1.6429713577175093e-11,-3.4867345987676934e-06
0.0018999384412200213,500,1,-3.5039302171958843e-12,3.931700206516453e-07
0.0019099731120282661,500,1,7.235086256168299e-11,1.358483013197409e-05
0.0019199545157963268,500,1,1.247481131083281e-10,-2.9211176223453705e-06
0.001929936960045592,500,1,1.0278777459411315e-10,3.0836336357975558e-06
0.0019399585878920463,500,1,1.7697128015277527e-10,6.9538125679474705e-06
0.0019499597434269062,500,1,8.802933779154451e-11,-1.907538258671959e-05
0.001959911501671131,500,1,-1.076476881334905e-10,-1.5424141459993018e-05
0.001969983977620256,500,1,-1.1562847461093009e-10,1.0418517129739957e-05
0.0019799540554424335,500,1,-5.3469678949305305e-11,-4.9195641155797e-06
0.0019899863872632397,500,1,-1.0210649150190279e-10,-2.0036152088842574e-06
0.0019999703538813034,500,1,-1.708305083831141e-10,-1.161414285821838e-05
0.0020099469732676833,500,1,-2.868557246986104e-10,-1.3058927661013797e-05
0.0020199909790062837,500,1,-3.2984487803273206e-10,2.2425852925223033e-06
0.002029966872477179,500,1,-2.8569795155503226e-10,7.842822617343259e-06
0.0020399606461028257,500,1,-2.0285400115449765e-10,7.512243536123009e-06
0.0020499637944735856,500,1,-1.4400222126995208e-10,6.120203325112039e-06
0.002059965218332684,500,1,-1.168350690174992e-10,3.372852836247553e-06
0.0020699561710697525,500,1,-5.194298631624669e-11,8.946123242911663e-06
0.0020799201752331837,500,1,5.2030561357595175e-12,3.290355705953818e-07
0.0020899953148975584,500,1,2.2949214711125913e-11,1.847956621392477e-06
0.002099958728119006,500,1,5.331789611529611e-11,4.68598698363798e-06
0.002109925032315064,500,1,7.072162268377232e-11,-1.8056849851455503e-06
0.0021199536060964004,500,1,-7.420987643192063e-12,-4.609564526858456e-06
0.002129985021832349,500,1,-2.1931562573911925e-11,-1.4312598054511128e-06
0.002139970783585738,500,1,5.521157919991893e-12,9.736257890358146e-06
0.00214996623596746,500,1,1.3492903346794075e-10,1.2522083438687437e-05
0.002159951286584308,500,1,1.6245480951825923e-10,-1.2692392008739617e-05
0.002169946304954317,500,1,1.844712358433124e-11,-1.0942722151852102e-05
0.002179943703760136,500,1,-3.609198920801013e-11,-8.507997142914725e-08
0.002189966126711361,500,1,-1.0875101863587748e-10,-1.1731817770088693e-05
0.002199914040111689,500,1,-1.997779004069816e-10,-5.809243044496704e-06
0.0022099518420849945,500,1,-1.9146020922090255e-10,6.05142852838636e-06
0.0022199795458454877,500,1,-8.586917967060996e-11,1.0297528407865464e-05
0.0022299464288808683,500,1,-4.218213926229466e-11,-8.837500053704428e-07
0.0022399737534004424,500,1,-6.758110857293443e-11,-3.93140124598651e-06
0.0022499780068809625,500,1,-6.693339490075427e-11,3.2287413941171905e-06
0.0022599422814206815,500,1,-2.4400677852087988e-11,4.450275833178807e-06
0.0022699932041969294,500,1,-1.2303669147506069e-11,2.109850089998533e-06
0.002279952059043025,500,1,-2.2873697546523455e-11,4.964826730846639e-07
0.002289964359032452,500,1,4.5110046726943177e-11,7.750771845102533e-06
0.0022999640222200143,500,1,7.384054580069437e-11,1.6700691023302516e-06
0.002309991084289151,500,1,8.875920031026321e-11,-3.802911002104281e-06
0.002319917579662434,500,1,-4.9120855513746695e-11,-1.1042649157244622e-05
0.0023299731467054303,500,1,-2.063206450016842e-11,1.1115175368114905e-05
0.0023399462295683525,500,1,8.924695599819117e-11,6.457706959978049e-06
0.0023499603114730673,500,1,6.600631856987628e-11,-1.164742135806307e-05
0.0023599678377285343,500,1,-1.3867909858661376e-11,-7.52095246722706e-06
0.002369916117142363,500,1,-5.981813157380009e-11,-2.233403781748411e-06
0.0023799909620431724,500,1,-8.402111591705377e-11,-7.887325927435906e-06
0.0023899964261327646,500,1,-2.068496728086243e-10,-1.2646042329700347e-05
0.002399919542293609,500,1,-1.817732474804402e-10,1.927168003545976e-05
0.002409967486389045,500,1,7.574637948104247e-12,1.2627424230249318e-05
0.0024199444124620006,500,1,4.411066484306784e-11,2.705027118049541e-06
0.0024299537780780815,500,1,7.890525996058864e-11,2.5862861618430877e-06
0.002439912383324009,500,1,1.2516882367170916e-10,6.628816943299309e-06
0.0024499348022887285,500,1,2.3520063496830886e-10,1.4627942582834397e-05
0.0024599363281703726,500,1,3.0373178677915686e-10,9.242065777542718e-07
0.0024699639710001366,500,1,2.797434536239626e-10,-1.031486728080011e-06
0.0024799783935041467,500,1,2.0149402277008023e-10,-1.3486239118343235e-05
0.0024899589937178272,500,1,1.0114252890295732e-10,-6.1283735019457275e-06
0.002499980759365974,500,1,3.464187308490935e-11,-4.554090979519421e-06
0.0025099259281406287,500,1,4.726679290895718e-11,4.492600830699467e-06
0.002519968243326099,500,1,1.515300584735987e-10,1.1615218601379595e-05
0.0025299626932118757,500,1,1.8099630799738457e-10,-9.723934736471929e-06
0.0025399921288444347,500,1,1.0641524136826967e-10,-3.048999421273457e-07
0.0025499517793088357,500,1,1.07319556177273e-10,1.4773021390756397e-06
0.002559945931782428,500,1,1.4129830144536432e-10,4.377326957238914e-06
0.0025699875608820484,500,1,1.5631171982853834e-10,-1.46771460454026e-06
0.0025799634407477146,500,1,1.0867945711280936e-10,-1.7102597981710765e-06
0.002589997635988605,500,1,1.3872478821707397e-10,2.6913315703813723e-07
0.0025999538586885173,500,1,1.0853627318512125e-10,-6.484974014148159e-06
0.0026099321790062882,500,1,1.2049386086586092e-10,6.042565430575131e-06
0.0026199814028189197,500,1,1.3862452865701706e-10,-4.727200879350857e-06
0.00262996368374016,500,1,1.5311616592717534e-10,2.784993528431867e-06
0.002639926869237403,500,1,1.6307101839288933e-10,8.311692179990837e-06
0.0026499809017479343,500,1,2.52038232228588e-10,-2.5438509969055723e-06
0.002659931608901232,500,1,1.5735604115681509e-10,-8.435489155966813e-06
0.0026699302075297296,500,1,1.250262755636913e-10,5.669043157685572e-07
0.002679925834619242,500,1,1.2272965697058934e-10,-8.930628769832083e-08
0.0026899210349086685,500,1,1.4201745091508872e-10,-2.1029082128420917e-06
0.002699986691880266,500,1,7.168002475547043e-11,-8.735135707552133e-06
0.002709917997818696,500,1,3.1479745191369455e-11,-5.962120626923362e-07
0.0027199801589531977,500,1,4.722178691381238e-11,4.7309834421138675e-06
0.0027299574274404588,500,1,1.2085195064555807e-10,6.349293980356663e-06
0.00273998197206768,500,1,1.1090240263982e-10,-4.988274710626683e-06
0.002749927030553463,500,1,2.923141780836887e-11,-1.1965103053568349e-05
0.0027599892595476377,500,1,-7.779785817231782e-11,-3.603622189318756e-06
0.002769931172893359,500,1,-6.337226907348031e-11,5.01691249454872e-06
0.0027799815756795964,500,1,-6.617038151899521e-11,-8.071229876824293e-06
0.0027899435449372386,500,1,-1.1095006455780465e-10,-2.220876823277873e-07
0.0027999291500746316,500,1,-9.145758939775237e-11,9.488087547776525e-06
0.002809998311228338,500,1,2.443970417346066e-12,4.8211949274512556e-06
0.002819983901517645,500,1,-3.4430809003242754e-11,-9.058498927728281e-06
0.0028299259032926296,500,1,-8.034483668396673e-11,2.0891837871073182e-06
0.002839966537431897,500,1,-2.195520258626695e-11,9.806675478812865e-06
0.002849980464035849,500,1,2.7571497762892723e-11,1.8104787170847292e-06
0.002859972413267654,500,1,8.06459302024723e-11,4.3206462385092514e-06
0.0028699750694906262,500,1,4.393734755925072e-11,-2.3984493412437108e-06
0.0028799306231424926,500,1,6.521954482212127e-11,3.240396248577193e-06
0.0028899371846635375,500,1,1.0520566867188526e-10,5.265069541376954e-06
0.0028999362412962023,500,1,1.4102347873418597e-10,4.090629396047429e-06
0.0029099914865070857,500,1,1.7553675601226777e-10,-1.8747264778351536e-06
0.0029199124163380085,500,1,8.235340237479302e-11,-1.8518168086567588e-05
0.002929978411528775,500,1,-8.132954203516477e-11,-6.668203167123354e-06
0.0029399364732871085,500,1,-1.1941592857079967e-10,-3.535393827580613e-06
0.002949914339342507,500,1,-1.8777171386202153e-10,-7.478561002111084e-06
0.0029599423294730132,500,1,-2.46012555330634e-10,1.921495051682154e-06
0.0029699733014386183,500,1,-1.9630481888535572e-10,8.459172449439e-06
0.0029799317744709313,500,1,-4.2468366109065376e-11,1.7631158156894422e-05
0.002989931702368663,500,1,6.51731969630989e-11,1.7158831208119452e-06
0.0029999586887304325,500,1,-2.417158987005094e-11,-1.428827764066165e-05
0.0030099220723408715,500,1,-1.647286428797638e-10,-9.636846222155215e-06
0.0030199777646953765,500,1,-2.1626914258577074e-10,-1.1727815661388696e-06
0.003029972238821202,500,1,-1.859227183237572e-10,2.639679546445617e-06
0.003039965562187682,500,1,-2.4346591350473486e-10,-1.1014914955795319e-05
0.0030499652233629258,500,1,-3.100528077651988e-10,3.141648518584228e-06
0.00305993983183672,500,1,-2.0627712360097428e-10,1.0996082843300892e-05
0.003069944723646831,500,1,-1.1069259688340654e-10,2.2131799722394097e-06
0.0030799673093918466,500,1,-1.1664364854065162e-10,-6.078098970727086e-07
0.003089951570591246,500,1,-1.5833044736749186e-10,-5.360562818579329e-06
0.003099996618402475,500,1,-1.8272258539899491e-10,-5.742698337141139e-06
0.0031099435813257727,500,1,-2.386081857956054e-10,-3.6111461132297407e-06
0.00311994486892057,500,1,-2.544706262459028e-10,2.054114992849909e-06
0.003129939561414013,500,1,-1.728459624717634e-10,1.0295772923329949e-05
0.003139914600232997,500,1,-1.0629713012509884e-10,6.622245939891247e-06
0.0031499577257448827,500,1,-4.697717595716802e-11,2.8981303803465863e-06
0.003159963763595011,500,1,-6.027957891040659e-11,-8.774162993663293e-07
0.0031699744740670078,500,1,-9.606990645002068e-11,-2.8472812106522527e-06
0.0031799145826637574,500,1,-1.363085767610401e-10,-6.975772772532807e-06
0.0031899890966117523,500,1,-2.0975090090468568e-10,-6.009626142250424e-06
0.0031999109287082564,500,1,-2.0967427042771768e-10,7.705930527734939e-06
0.003209961215371861,500,1,-1.4596271903724397e-10,4.186812977646781e-06
0.003219913694989662,500,1,-9.286120793732241e-11,5.9408108545877525e-06
0.0032299520060444955,500,1,-8.733602724314115e-11,-2.001128665024554e-06
0.0032399747253086747,500,1,-1.0312899088733079e-10,-1.928722499627833e-06
0.003249912405336842,500,1,-1.505612655907092e-10,-1.0550452509305863e-05
0.0032599562104979477,500,1,-2.8386477245205434e-10,-1.361109688080564e-05
0.0032699760401257586,500,1,-3.716561504225904e-10,-6.25042101407014e-06
0.003279933369739025,500,1,-4.55397161004364e-10,-3.7157610890403703e-06
0.0032899357981529846,500,1,-4.159500258197604e-10,1.315519105415941e-05
0.0032999780149059513,500,1,-2.487539880492639e-10,1.9193735604994266e-05
0.0033099648376778332,500,1,-8.461310150270049e-11,7.055214349377392e-06
0.003319982639241931,500,1,-9.440665019100475e-11,-1.6471073914225975e-06
0.0033299546666600175,500,1,-6.982652029107717e-11,1.0682687068275243e-08
0.003339942535206861,500,1,-1.2194004604955508e-10,-6.6610871770067526e-06
0.0033499322210104668,500,1,-1.8626528715100585e-10,5.75896450225738e-07
0.003359951789036946,500,1,-1.534442636098987e-10,6.174857847485171e-06
0.00336997548022929,500,1,-8.46538175692526e-11,3.0297293360098676e-06
0.0033799476808980154,500,1,-4.17988463750175e-11,1.9966001121030086e-06
0.003389955635225697,500,1,-3.266622508727013e-11,-5.631897814301068e-06
0.003399962869026109,500,1,-1.1283396384860977e-10,1.6075057265863002e-06
0.003409959199319165,500,1,-1.2664794772060243e-11,1.4021188503215987e-05
0.0034199678444148994,500,1,8.222698979686933e-11,4.668637081817195e-06
0.0034299595271051883,500,1,1.0180638738479522e-10,1.8915324110635456e-06
0.0034399164707625703,500,1,1.4709257095563166e-10,5.374107696631825e-06
0.0034499658485045172,500,1,1.0264912922671631e-10,-9.627204025697278e-06
0.003459987931280735,500,1,5.3636789966813724e-11,-9.92020582790687e-07
0.003469992485711434,500,1,-3.6903373016509386e-11,-8.898576121321028e-06
0.003479987355730773,500,1,-4.492317383573467e-11,8.80622866594738e-06
0.003489935570127207,500,1,-4.410951621556939e-11,-1.2579369953136244e-05
0.0034999158792296606,500,1,-1.2088737255883117e-10,-1.4203432387865922e-06
0.0035099864894568645,500,1,-8.760227109536246e-11,7.242899938652431e-06
0.003519966570310626,500,1,-5.99317436324885e-11,-4.4734394272216704e-07
0.0035299641631469847,500,1,-4.9274854693318645e-11,6.460103037286835e-06
0.0035399674194764043,500,1,9.989439738555372e-12,2.2565830574694523e-06
0.0035499949278334983,500,1,2.943893521527806e-11,4.1973923021187964e-06
0.0035599766551373557,500,1,6.358398839590622e-11,2.07565543117183e-06
0.0035699609469584752,500,1,1.0810336324125816e-10,3.1082636385848517e-06
0.0035799890543061,500,1,1.3102678151992973e-10,5.900934357191967e-06
0.0035899804680342086,500,1,1.6401645840949874e-10,3.561435946208835e-06
0.003599979583983733,500,1,2.0298149135971233e-10,-6.001470191363545e-07
0.0036099222546385817,500,1,1.6992453399092755e-10,-3.683627826947533e-06
0.003619949034292211,500,1,1.479965170986269e-10,-2.7669358539095246e-06
0.0036299251144388633,500,1,1.6698812366396505e-10,6.348013432688759e-06
0.0036399497495798404,500,1,1.8555865737034295e-10,-1.5524634850820618e-06
0.0036499285714136675,500,1,1.8389634104557737e-10,9.141838242299194e-06
0.003659917996406141,500,1,3.6311735102709183e-10,1.374882657151355e-05
0.0036699789923689843,500,1,3.829200551281982e-10,-8.0575288077811e-06
0.003679969699011824,500,1,2.7607305126999976e-10,-5.327370718954949e-06
0.003689957342833872,500,1,2.834746561314166e-10,1.5308376181133454e-06
0.0036999599561408046,500,1,2.7991874037627265e-10,-9.145596223114616e-07
0.003709996021603432,500,1,2.523782401936251e-10,-1.4261200530218954e-06
0.003719996489604073,500,1,1.9357920734785843e-10,-9.985387632360787e-06
0.0037299894974872783,500,1,1.1260156383730588e-10,-1.262634276244512e-06
0.0037399476849436443,500,1,1.4606664176492303e-10,5.883936209538643e-06
0.003749914987442235,500,1,1.872036381976843e-10,-1.184413802091111e-06
0.0037599850074020204,500,1,2.445127172498343e-10,1.0935204799722431e-05
0.003769910128315143,500,1,2.8281443083011696e-10,-1.2004149760325156e-07
0.0037799143296297828,500,1,2.905250947068166e-10,3.5819600642528204e-07
0.003789986701866888,500,1,2.861040878002723e-10,-1.8287964780316912e-06
0.0037999840002473618,500,1,2.501996618436983e-10,-3.4831698742313066e-06
0.0038099119143367452,500,1,1.6517855826682815e-10,-1.3192431841113628e-05
0.0038199544167427744,500,1,9.633913503289581e-11,-9.463481815269459e-07
0.003829973834453286,500,1,6.821424500629805e-11,-6.054530206606179e-06
0.0038399489531887013,500,1,1.3748177867073884e-12,1.688172711622471e-06
0.0038499819668304947,500,1,5.974275670120365e-11,7.023302746989035e-06
0.0038599323729447046,500,1,1.505096284522354e-10,7.684731404805634e-06
0.0038699329794779852,500,1,1.8125005578810492e-10,3.6315815774186355e-07
0.003879953593073857,500,1,2.2184780797473717e-10,1.6441388589610861e-06
0.0038899193462273054,500,1,1.9256721032023767e-10,-5.9507129698960215e-06
0.0038999674567536855,500,1,1.5984649158980505e-10,5.821344751508195e-06
0.003909973892670431,500,1,2.1583706898508736e-10,-1.7226092575706176e-06
0.003919971963033825,500,1,1.5130569464354794e-10,-6.95558935426277e-06
0.003929956999827754,500,1,1.0549465372481379e-10,-1.927592488695784e-06
0.003939982898708446,500,1,7.666867994624341e-11,-1.778691126400056e-06
0.003949968640165373,500,1,1.0025694124787582e-10,4.035261216187025e-06
0.0039599934159146475,500,1,9.769259279844306e-11,-4.101068566714217e-06
0.003969997519866244,500,1,1.2198246310649605e-10,7.674917490319011e-06
0.003979982990551467,500,1,1.7039272829817167e-10,-2.2907839763441906e-06
0.003989934666993569,500,1,1.1970831134700067e-10,-2.8849969820193833e-06
0.003999913003680193,500,1,3.226061585873011e-11,-7.211731203826677e-06
0.004009970354351159,500,1,-4.133972784792629e-13,1.4177205837073714e-07
0.004019979094106374,500,1,-2.137830658552613e-11,-7.0025473863644105e-06
0.004029950745734171,500,1,-3.635971964540552e-11,8.144634849188703e-07
0.004039942717751812,500,1,-6.824396318943972e-11,-4.820562087046176e-06
0.004049946997578974,500,1,-1.0356684014723057e-10,-5.2017340166771175e-06
0.004059916768078634,500,1,-1.8270899460553727e-10,-6.143231583578823e-06
0.004069938821230154,500,1,-1.3066498572915456e-10,1.6054909406593154e-05
0.004079975100885102,500,1,-4.6302136070373195e-11,2.0187835960416844e-06
0.004089973857797665,500,1,-4.51143624822057e-11,-2.7599998564387107e-07
0.00409995801027166,500,1,-4.611635827333384e-11,-2.8634357732149063e-06
0.004109967524010925,500,1,-8.971355542625187e-11,-4.508239148492965e-06
0.0041199969731230135,500,1,-7.721117266155746e-11,5.10718372517165e-06
0.004129920749545665,500,1,-1.2377441581679432e-11,1.006947026305216e-05
0.004139947689710027,500,1,5.1055784340034536e-11,9.485133309894422e-07
0.004149991383555522,500,1,-1.3955673610480178e-11,-1.2314325017692695e-05
0.004159965118920347,500,1,-1.040705326972748e-10,-5.000689148659809e-06
0.004169913432839005,500,1,-7.682565193278638e-11,5.876786229819242e-06
0.004179968965147302,500,1,-1.3627291652657696e-10,-2.272031204091085e-05
0.004189929669998917,500,1,-3.558928079962811e-10,-1.3984437929159821e-05
0.004199950409495853,500,1,-3.776222204830571e-10,4.294123084620793e-06
0.004209930314805301,500,1,-2.99739413013082e-10,7.83878000221172e-06
0.004219913416186126,500,1,-2.2541310885663079e-10,3.842750719240673e-06
0.0042299515535647115,500,1,-1.6793127249329807e-10,8.53209064266558e-06
0.004239977093426184,500,1,-1.0549491965461923e-10,1.155732039570534e-06
0.0042499370354624755,500,1,-1.1482978794171842e-10,-6.041783292741465e-06
0.0042599465285104434,500,1,-1.799530311018129e-10,-3.3219007673224166e-06
0.004269969327940862,500,1,-1.3471167570955342e-10,5.891695313578471e-06
0.004279913423481409,500,1,-5.1320436934138274e-11,7.774539627247723e-06
0.004289993038818147,500,1,-5.779008585927515e-11,-1.0489049824216612e-05
0.004299991225461763,500,1,-1.2432357040261633e-10,-3.734156699936042e-06
0.004309945624254763,500,1,-1.5216691399421735e-10,-1.492647439982342e-06
0.004319998665508673,500,1,-1.965086163749176e-10,-7.470438621065556e-06
0.0043299549856107445,500,1,-2.682408666373229e-10,-1.1591829266188736e-06
0.004339957874648214,500,1,-2.265183822501579e-10,4.59139152547694e-06
0.004349963519845792,500,1,-1.1409493327264766e-10,1.1739497868035187e-05
0.004359992726485439,500,1,-2.935799860661237e-11,3.94970336661804e-06
0.004369938267809007,500,1,-7.434407234286884e-11,-9.081360420437612e-06
0.004379977219591096,500,1,-1.4638166323718623e-10,-2.147247988248946e-06
0.004389919285692072,500,1,-7.532050863444568e-11,1.3130778111491992e-05
0.004399953226906091,500,1,2.491341174785472e-11,2.5443518656964592e-06
0.004409987380974212,500,1,2.726947962195138e-11,-2.6470425954217003e-06
0.004419988878028486,500,1,3.548138826747326e-11,7.96063942239654e-06
0.004429998865776309,500,1,8.915954944186029e-11,-2.9032040312904073e-06
0.004439988422207526,500,1,-2.584721029483245e-11,-9.89832161224502e-06
0.004449973551717772,500,1,-8.905820056228134e-11,-5.4249025934483e-06
0.004459977892248038,500,1,-8.828177114573764e-11,9.804303736302145e-07
0.004469970398405355,500,1,-3.76383331141829e-11,8.158328822421845e-06
0.004479913604810073,500,1,-1.3248631474061524e-10,-1.3339873276729808e-05
0.004489970078022335,500,1,-1.9547125391908737e-10,-5.9231353701227896e-06
0.00449993741492928,500,1,-1.589060159125973e-10,1.3537754213407971e-05
0.004509995120601538,500,1,2.5503277244339292e-11,1.9694130802605514e-05
0.004519912967104461,500,1,1.2492372909461555e-10,-1.5797921308693952e-06
0.004529911878696883,500,1,4.435269648846133e-11,-1.3783734711170226e-05
0.004539943881176491,500,1,-6.920604015836637e-11,-2.6925217668782864e-06
0.004549950243808194,500,1,-8.59632167514064e-11,-4.028414449575024e-06
0.0045599603266357844,500,1,-1.0298428420049721e-10,2.4507438309007146e-06
0.004569913198020405,500,1,-4.8206777721942845e-11,1.0440961356772416e-05
0.0045799854445137044,500,1,3.407832015828795e-11,6.298443468957804e-06
0.004589936021758731,500,1,1.224693515331653e-10,9.619207185784795e-06
0.004599929223913603,500,1,1.644854337202955e-10,7.747392590240487e-07
0.004609987356456362,500,1,1.6418451146740494e-10,-2.160183904337254e-06
0.004619960686584727,500,1,1.7970338531632027e-10,6.449508388239877e-06
0.004629938719398666,500,1,2.1944708055361784e-10,-4.6474170310728535e-07
0.004639939110220124,500,1,1.961761130997703e-10,-4.847233844029741e-07
0.004649938085724427,500,1,2.2675321545084716e-10,1.9449090501166832e-06
0.004659940641841529,500,1,1.86595635514196e-10,-5.5086009809052205e-06
0.004669916187389535,500,1,8.310807466429613e-11,-1.196960872063002e-05
0.004679938341115081,500,1,8.27029353998108e-11,8.838729219612373e-06
0.0046899614838623845,500,1,1.6089711336947792e-10,1.4987550655543025e-06
0.004699974575675355,500,1,1.6255164714763612e-10,1.1050040673032946e-06
0.004709931442857634,500,1,1.7369178161656912e-10,6.666966577140165e-06
0.004719973741005133,500,1,2.356880622364698e-10,4.125668330495769e-06
0.004729923877967267,500,1,2.7294472158079057e-10,1.2894819112832523e-06
0.004739934695376945,500,1,2.834879909366416e-10,9.571666325230987e-07
0.004749933087141692,500,1,2.9862194106058896e-10,6.778825397402155e-06
0.004759947686275642,500,1,3.55415042807115e-10,-3.895995732815932e-07
0.004769953864238596,500,1,3.1788820509114185e-10,-2.901422971143819e-06
0.004779977760577283,500,1,2.935979719277268e-10,-1.1471440180960135e-06
0.004789924831530022,500,1,2.682626691163074e-10,-4.675223232275538e-06
0.0047999474576260505,500,1,2.461598372651308e-10,7.591754899727299e-07
0.004809956384312096,500,1,2.3124057097627493e-10,-1.0243805469323242e-05
0.004819989335650662,500,1,1.9102354405868997e-10,-5.250872124176742e-06
0.00482997843143417,500,1,1.5962002729031042e-10,1.8617774044521473e-06
0.0048399308876224,500,1,1.834909926867937e-10,7.5593126902251395e-06
0.004849953462422451,500,1,2.1925838955192783e-10,-5.463070671229975e-06
0.004859960406139481,500,1,1.823054053413593e-10,-4.80567539280774e-06
0.004869949922529651,500,1,1.8878417668978889e-10,6.390616768769952e-06
0.0048799851623246345,500,1,2.37723931788076e-10,5.533356741777018e-06
0.004889934406036768,500,1,2.696482847426541e-10,-1.847158399514992e-06
0.004899912160993665,500,1,2.6180071002001625e-10,-1.1088133730075e-06
0.004909912296382969,500,1,2.3632830417681213e-10,-4.673259512699701e-06
0.004919952657889439,500,1,1.9497729585961408e-10,-2.8453279652951302e-06
0.0049299272153804,500,1,2.1874044553363265e-10,4.433523656421912e-06
0.004939973115714349,500,1,2.640846439250032e-10,3.37642126793658e-06
0.004949985571060847,500,1,2.335354832117638e-10,-5.92511125740991e-06
0.004959954266574387,500,1,1.807458981873265e-10,-5.984494401034546e-06
0.004969996321362849,500,1,1.4808805920353725e-10,-5.097442151602571e-06
0.004979992745778636,500,1,1.257199916994219e-10,-1.70120898029813e-06
0.004989910372996275,500,1,7.71133684945841e-11,-7.110442856284038e-06
0.004999989828124606,500,1,-3.341117187163369e-11,-8.976806468011245e-06
0.005009944894077283,500,1,-7.554019444573612e-11,-3.496960529619786e-06
0.005019922824595333,500,1,-4.759102844712523e-11,8.481657158498912e-06
0.005029950527708838,500,1,6.928608529958342e-11,8.799292841699113e-06
0.005039976457477679,500,1,6.876072339745244e-11,-7.225516112319141e-06
0.005049998250612578,500,1,-1.5447543364671484e-11,-9.357151125613528e-06
0.005059991522304214,500,1,-1.1483447880785097e-11,5.865969772811397e-06
0.005069992967342526,500,1,4.836263948689056e-11,5.469103722399726e-06
0.005079932539354548,500,1,7.837741597875407e-11,-5.397822771459337e-06
0.005089968797413039,500,1,-8.462624650367091e-12,-1.2418966132798914e-05
0.00509997393006848,500,1,-6.231568776618457e-11,5.428906461879546e-07
0.005109924458012398,500,1,-6.409310193479002e-11,-3.936995971780266e-06
0.005119957649783202,500,1,-1.35180308195835e-10,-5.61858287831743e-06
0.00512997841387228,500,1,-1.292105202324771e-10,8.52925338140631e-06
0.0051399270957221185,500,1,-7.75695712759258e-11,5.057060599056307e-06
0.005149960929375548,500,1,-4.4755596846343725e-11,9.216806049483495e-07
0.005159992276789586,500,1,-3.0277022439206304e-11,-1.8971861747152374e-06
0.005169916244608909,500,1,-9.346029527970945e-11,-1.029211102954175e-05
0.005179957565851426,500,1,-1.5030300391016745e-10,4.315484628758526e-06
0.005189934467174066,500,1,-9.378316106141673e-11,7.849170659046667e-06
0.005199924140091511,500,1,9.001910333347892e-13,5.030299514874326e-06
0.00520992989008597,500,1,7.895329179395498e-12,-4.497382902479696e-06
0.005219967545234522,500,1,-8.248592655292917e-11,-7.306861370681705e-06
0.005229983324760798,500,1,-1.2418273056364732e-10,-6.633043928117033e-06
0.005239996154702305,500,1,-1.1651628674139657e-10,3.5578834696181616e-06
0.00524992233447166,500,1,-6.736256718362386e-11,2.016479036526242e-07
0.005259936029047533,500,1,-6.573615262921326e-11,7.102654565230293e-06
0.005269935622512858,500,1,-4.249793820280674e-12,8.21774043613388e-06
0.005279995732845253,500,1,2.910479566263556e-11,-4.5125292672115735e-06
0.005289953352829132,500,1,-3.340972120065657e-11,-4.871088539488283e-06
0.005299950756724726,500,1,-4.7014429924779e-11,4.394328222301347e-06
0.005309988630281945,500,1,5.2462236135779956e-11,1.1460865149859334e-05
0.005319932120904197,500,1,1.2924908969053604e-10,2.2994086330968555e-06
0.005329921110000552,500,1,1.14437088657212e-10,-4.56756023187177e-06
0.005339977678087957,500,1,8.381820451162263e-12,-1.5561389842710938e-05
0.005349950290723728,500,1,-7.131509778829172e-11,-2.2902889493248146e-07
0.005359922885445993,500,1,-4.9551639204800635e-11,2.101737475168619e-07
0.005369932044929237,500,1,-1.1611355572445857e-11,4.7300747178513625e-06
0.005379982071020151,500,1,-4.3092702586763074e-11,-6.6534699357800875e-06
0.005389930430628704,500,1,-1.0594832062757779e-10,-3.880758217070235e-06
0.005399915953963886,500,1,-3.5905035878741305e-11,1.0415377267772308e-05
0.00540995240897122,500,1,-2.063844816990463e-11,-1.799385981882118e-08
0.005419997426825978,500,1,-4.0364630019177976e-11,2.7067535260938413e-06
0.005429927408806169,500,1,2.0841621360185485e-11,4.577974337255375e-06
0.0054399488331419105,500,1,-3.1419541725579304e-11,-1.6440335263046002e-05
0.0054499588509747746,500,1,-2.2402765893025738e-10,-1.8751100837099965e-05
0.005459934600269969,500,1,-2.6295358623615686e-10,6.702492349724282e-06
0.005469983054246704,500,1,-1.9243095198909498e-10,9.4601693566565e-06
0.005479992107511032,500,1,-9.660479248251367e-11,2.453964300208611e-06
0.005489915044825474,500,1,-1.3650876207986897e-10,-1.0460376512561043e-05
0.0054999398060892575,500,1,-2.208341990158892e-10,-4.3325031970353756e-07
0.0055099406078399004,500,1,-1.5360029838243762e-10,3.38494032869896e-06
0.005519962846042148,500,1,-1.2235400453225465e-10,-9.698513466493974e-07
0.005529956365017607,500,1,-8.044399316360434e-11,2.4721225347773546e-06
0.00553994993223088,500,1,-1.37257239575807e-10,-7.351710295561142e-06
0.005549941792256843,500,1,-1.728883770409686e-10,-1.8227417590832573e-06
0.005559926319748035,500,1,-2.241498656658196e-10,-4.422746763516061e-06
0.0055699993223433854,500,1,-2.9161294757605816e-10,1.4874460372857681e-06
0.0055799367227345985,500,1,-2.1511683086711454e-10,8.790875148614874e-06
0.005589923606788196,500,1,-1.4210026974192453e-10,3.3928761866419688e-06
0.005599997659012918,500,1,-1.6313718107787648e-10,-9.332405395523491e-06
0.005609979846263005,500,1,-2.7771543746622884e-10,-9.197369729777027e-06
0.00561997684948334,500,1,-3.0182806495735175e-10,5.963167809680536e-07
0.005629917804818383,500,1,-2.2037857274973536e-10,1.5035871495490405e-05
0.005639987215473223,500,1,-8.077129885612246e-11,1.2242386946165196e-05
0.005649922620070556,500,1,-1.9610269854305226e-11,1.8954732337594926e-06
0.005659941866124589,500,1,-5.4152505283876554e-11,-8.132837712171437e-06
0.005669980815420188,500,1,-1.1274714677808227e-10,-9.375074851422638e-06
0.0056799894199280115,500,1,-1.9454068961595039e-10,1.960634952946627e-06
0.005689949831025863,500,1,-1.765376360342113e-10,-7.465833655628806e-06
0.0056999597423187534,500,1,-2.5931396927986536e-10,-9.596718161364315e-06
0.00570993265189657,500,1,-2.3557873968815156e-10,1.3093100091454701e-05
0.0057199731076332085,500,1,-1.5276394387367024e-10,-2.3591775767800582e-06
0.005729986159079065,500,1,-2.1089998439146804e-10,-1.6096780739160987e-06
0.005739979822075205,500,1,-1.5100271951927707e-10,9.82542252009333e-06
0.0057499882563363395,500,1,-4.948319236968682e-11,5.0950549357886565e-06
0.005759971067453863,500,1,7.7171401254429e-12,1.0142358334637447e-05
0.005769914705944676,500,1,4.593833616957515e-11,1.870868673231607e-06
0.005779915093104964,500,1,9.574027625599684e-11,2.893260812569798e-06
0.005789954024491221,500,1,7.784469582475381e-11,-2.415966209923237e-06
0.0057999718380413465,500,1,5.556047669992803e-11,-7.736550528825159e-06
0.005809948238187934,500,1,-1.694404242581711e-11,-3.098392860556576e-06
0.005819966433161139,500,1,-1.825696151320492e-11,1.6348523659143188e-07
0.005829963475515406,500,1,-4.025674490138673e-11,-4.435941845182256e-06
0.005839957829216385,500,1,-9.010326404007416e-11,-1.9119814850809824e-06
0.005849923008973904,500,1,-8.929260570131819e-11,2.273880462366762e-06
0.0058599676883578,500,1,-1.973381245061077e-11,1.0753174072064553e-05
0.005869950859385353,500,1,4.746139319238151e-11,1.3498067528705526e-06
0.005879961945706078,500,1,5.5357531145516586e-11,3.852047432986727e-06
0.00588998548226972,500,1,9.189734818892904e-11,2.3278977288043734e-06
0.005899948289989567,500,1,7.395186243228298e-11,-2.9919132567002293e-06
0.005909950491986365,500,1,2.125796261589003e-11,-3.0174625315071424e-06
0.005919914076724146,500,1,4.41589873451074e-11,2.316811112623718e-06
0.005929943778315587,500,1,5.297411601650685e-11,-5.824002378362891e-06
0.005939981904542898,500,1,3.070335672802172e-11,-2.233527459871709e-06
0.005949924079854558,500,1,3.098907955298555e-11,-3.007694732715116e-07
0.005959985841299361,500,1,4.82737158907395e-11,7.483992146922747e-06
0.0059699449641224854,500,1,1.3925646624536928e-10,6.741362657713967e-06
0.005979984692646613,500,1,1.7527292906014124e-10,9.452998166181725e-07
0.00598992123451152,500,1,1.241550337018145e-10,-6.1213363432566226e-06
0.00599996277322531,500,1,6.091112385420089e-11,-5.631007494059925e-06
0.006009989736834148,500,1,5.70848986194495e-11,-4.2515222370767547e-07
0.006019995101636493,500,1,4.085936208867638e-11,1.5525575166319694e-06
0.00602998434103226,500,1,8.077324269001025e-11,3.909619385955576e-06
0.006039916868491363,500,1,6.976499887653768e-11,-3.92671627402752e-06
0.006049959602064085,500,1,2.840913489341807e-11,-2.9663806550561667e-06
0.006059964207571949,500,1,2.0388956660875445e-11,-3.215566041075979e-06
0.006069980697623138,500,1,8.651227461527731e-12,2.0759473348536117e-06
0.0060799429193211935,500,1,6.050039569956996e-11,7.176738698058682e-06
0.006089984857841491,500,1,1.539527083281792e-10,7.996564017759278e-06
0.006099920010855152,500,1,1.8467172933813846e-10,-1.8558627503106884e-06
0.00610995507224741,500,1,1.1153706573775977e-10,-2.4692422565530947e-06
0.006119989798624146,500,1,1.8307054615526207e-10,7.116084705760355e-06
0.006129956824465247,500,1,2.3610256344833055e-10,2.6131514709315518e-06
0.006139974559611953,500,1,2.417946184543338e-10,4.360033163341992e-06
0.006149928902030539,500,1,2.463618383502775e-10,-1.0487968150063587e-05
0.006159949720726873,500,1,8.138729249629253e-11,-1.590878436663612e-05
0.006169920194382267,500,1,3.2542703415642995e-11,2.2626354237720303e-06
0.00617995039611183,500,1,4.326191529714857e-11,5.9903654765491865e-06
0.006189968331930112,500,1,1.2378271669182006e-10,1.020470639835104e-05
0.006199999582343959,500,1,2.2700092277687603e-10,5.124002733780664e-06
0.006209947124787719,500,1,2.294621005426553e-10,-3.072499026951503e-06
0.006219984412369792,500,1,2.1121492978471423e-10,1.9554672243959903e-07
0.006229980641453494,500,1,1.8930921288996396e-10,-4.316449814661949e-07
0.006239915929178187,500,1,2.220895387980735e-10,1.8511506453822157e-06
0.006249993171169993,500,1,2.1128596436202136e-10,4.487706666000957e-07
0.00625991445930508,500,1,2.0171666034126702e-10,4.5791646431300737e-08
0.006269940141280217,500,1,1.9011912268071697e-10,8.550157291759009e-07
0.006279936463845391,500,1,1.9643486292074088e-10,-9.646964903020638e-07
0.006289987798605394,500,1,2.0362812617068625e-10,4.2184407461932916e-06
0.006299936830776426,500,1,3.0965788739958016e-10,1.5802002714671026e-05
0.006309955716888128,500,1,3.9453306800530866e-10,-5.607115700270032e-06
0.006319992844598638,500,1,3.1711376162868156e-10,-6.887094510243941e-06
0.006329950354656333,500,1,2.7287424168760145e-10,-6.8429744700081174e-06
0.006339957149845124,500,1,1.5619793583571416e-10,-1.07961212836849e-05
0.006349917350689544,500,1,1.0115496735224182e-10,2.067191631760501e-06
0.006359982470923128,500,1,1.3581730289984875e-10,-8.14083596759052e-06
0.006369979550279927,500,1,1.980285975669826e-11,-6.493505152416201e-06
0.0063799427695577565,500,1,-3.281545846645754e-11,-6.551296504175852e-06
0.006389964103290544,500,1,-6.211267169098631e-12,1.4775595231830696e-05
0.0063999688223133466,500,1,1.3110707636688316e-10,5.279177766799939e-06
0.006409933629444125,500,1,8.708919317441134e-11,-1.3047735294535734e-05
0.006419997156433056,500,1,-1.6809374343128714e-11,2.5964212380102936e-07
0.006429923597443223,500,1,6.936902307017382e-11,1.0038456065203372e-05
0.006439980430426857,500,1,1.0077545768616632e-10,1.12809046293183e-06
0.006449920631947405,500,1,1.6048209437897614e-10,8.761031971782351e-06
0.006459925437463352,500,1,2.2557398314005539e-10,3.8112048905691864e-06
0.0064699528531214304,500,1,2.4988571272404014e-10,-4.333226536298862e-06
0.006479970872838756,500,1,1.1335770533139639e-10,-1.9280386267500615e-05
0.006489933050048966,500,1,3.770907722176368e-11,4.755729874683645e-06
0.006499971049803978,500,1,1.4576721053925908e-10,1.1613873297622312e-05
0.006509924435970957,500,1,1.7949418284302987e-10,-3.4613179443754305e-06
0.006519919271301669,500,1,1.099046898258969e-10,-4.160598254587811e-06
0.006529938861540502,500,1,1.2120966412800966e-10,3.581439647487583e-06
0.006539944941295382,500,1,1.3477961830129506e-10,7.7306076454349e-07
0.006549932124492426,500,1,1.2640185744187976e-10,-4.974186207401532e-06
0.0065599346390226455,500,1,8.35156615088331e-11,-2.742091463420193e-06
0.006569941910771063,500,1,4.814995678815396e-11,-1.57701120925835e-06
0.006579954726835413,500,1,-1.0450910906433842e-11,-9.079705963380147e-06
0.006589954448355206,500,1,-7.425793667646609e-11,1.5379750885058385e-06
0.006599924073090174,500,1,-1.5507420169876186e-11,1.8748184159034231e-06
0.006609938559825719,500,1,-4.8697473694641236e-11,-5.581675538122999e-06
0.006619969101457463,500,1,-1.4453950178094245e-10,-9.02510443345772e-06
0.006629929881483166,500,1,-1.5381341354993907e-10,3.913714832576298e-06
0.006639916828671859,500,1,-9.643055247996732e-11,1.1252922923365993e-05
0.006649911804091403,500,1,2.9479191160827734e-11,9.68516067979125e-06
0.006659988970872415,500,1,8.827642319803142e-11,4.246862022216913e-06
0.006669975679227844,500,1,1.224432230264203e-10,2.019549179999025e-06
0.006679979842963847,500,1,6.01704529406477e-11,-1.2163963670541733e-05
0.006689969714266142,500,1,-1.552107363794858e-11,-1.1642281728396764e-06
0.006699995039321218,500,1,1.613609668222851e-11,8.776643067864853e-07
0.006709925788049587,500,1,-4.38714671882273e-11,-8.102346953031692e-06
0.00671993306940999,500,1,-8.976135344379642e-11,1.5659048530070052e-07
0.006729953260986388,500,1,-1.2325528126701024e-10,-6.999803065885213e-06
0.006739970069871312,500,1,-2.010161445164152e-10,-8.829251470832133e-06
0.006749972881198917,500,1,-2.2849259547181677e-10,2.178784742623563e-07
0.0067599827951529004,500,1,-1.916537326347598e-10,9.28931823092425e-06
0.00676999230626954,500,1,-1.2211564658985264e-10,5.621760248472607e-06
0.006779931045841631,500,1,-7.086884352416494e-11,-2.2669260207330844e-06
0.006789969339644652,500,1,-1.402740776991673e-10,-6.368428552561145e-06
0.0067999960668701075,500,1,-1.8933167170047448e-10,-2.2844299173430116e-06
0.006809995009576674,500,1,-1.3143379836179754e-10,2.888710801340899e-06
0.006819984127792944,500,1,-1.1423739864428717e-10,2.279904158797308e-07
0.006829942142773709,500,1,-9.028806054690302e-11,1.0294090614482165e-05
0.00683992479492637,500,1,-5.515997507582479e-11,-8.602402143675913e-06
0.006849967984618561,500,1,-1.0763481405389068e-10,4.904219713192104e-06
0.006859982919947598,500,1,-3.9656935684357065e-11,8.71906047361648e-06
0.00686999445024317,500,1,8.536917019939138e-12,9.316078823651264e-07
0.006879948473019759,500,1,3.327299927864097e-11,-2.5414410361190853e-06
0.006889917705454959,500,1,1.1066395629198048e-11,-4.939152863370211e-06
0.006899918176873109,500,1,-4.882619106107287e-11,-3.724624929382636e-06
0.00690998910762306,500,1,-8.170086522457857e-11,-5.548540353089715e-06
0.006919977001462202,500,1,-1.6590770715954763e-10,-2.606370784308254e-06
0.006929928977989079,500,1,-1.0733340685833244e-10,2.831210178327881e-06
0.006939939121703786,500,1,-7.626552417955182e-11,6.515094739811822e-06
0.006949978615812636,500,1,-3.9114568229731096e-12,6.265918432429157e-06
0.006959982938863077,500,1,-1.3195651830506209e-11,-1.0851595652061619e-05
0.00696993198649158,500,1,-1.409256695561657e-10,-6.947533971447123e-06
0.006979968268856902,500,1,-1.300905553951599e-10,8.45640523883251e-07
0.006989957631337206,500,1,-8.602891422440546e-11,3.8260049775029614e-06
0.006999921255710294,500,1,-9.389384980902794e-11,1.7052383060323084e-06
0.007009938406314257,500,1,-4.4158318051436214e-11,3.5920832482383425e-06
0.007019931339764348,500,1,-7.087477393508319e-11,-9.480745833068127e-06
0.0070299490324546,500,1,-1.6935754887833354e-10,-3.5568730275825633e-06
0.0070399894856379664,500,1,-1.6276513476457715e-10,8.962434425302535e-06
0.00704998561284428,500,1,-9.211424818847706e-12,1.4246959114339042e-05
0.0070599314214313084,500,1,7.532971388697271e-11,9.040571468568737e-06
0.0070699888064780165,500,1,7.215683843769268e-11,-6.4064312904621445e-06
0.00707996850933647,500,1,2.3627652678958754e-11,-4.398736699134931e-06
0.007089923577128194,500,1,-1.1643840050843811e-11,8.560384673339527e-08
0.007099950974420575,500,1,-1.1889225627377005e-12,-6.663262402950565e-08
0.007109953696705379,500,1,-3.151148683087239e-11,-8.845695984277535e-06
0.007119960735343054,500,1,-1.4802541031151496e-10,-1.2434009728765072e-05
0.007129922177433195,500,1,-2.6321011239616464e-10,-4.285393251257652e-06
0.0071399526986644975,500,1,-2.592635205144023e-10,5.690015812478966e-06
0.00714999608633104,500,1,-1.7092139136679546e-10,7.921691120266194e-06
0.00715998588242417,500,1,-4.973124539061377e-11,1.1784745468951252e-05
0.007169987769420124,500,1,-8.34989732013318e-12,-3.688812176882994e-06
0.00717992051263835,500,1,-3.3976149310313694e-11,1.3022062139989021e-06
0.007189943330576465,500,1,2.8299385353673526e-12,4.875337547671776e-06
0.007199929617999025,500,1,1.981201803362507e-11,1.7327715804427157e-06
0.0072099733293646,500,1,6.811306241050984e-11,6.237143910403642e-06
0.007219973862114793,500,1,5.6970655138568244e-11,-5.851338941209594e-06
0.007229986255511472,500,1,3.5751759047596225e-11,4.070679225920415e-07
0.007239939879449357,500,1,3.485893696500387e-11,5.722658987239448e-07
0.0072499888321659834,500,1,4.663620077494931e-11,1.7492070142066662e-06
0.007259951275355309,500,1,1.0818087875118901e-10,4.1686370598204014e-06
0.0072699808830086286,500,1,7.285582238736576e-11,-9.844659879132411e-06
0.00727998241644575,500,1,1.3958253548323671e-11,-1.854721466271192e-06
0.007289918961943171,500,1,-1.991025122956248e-11,-6.547129666689688e-06
0.007299991426820916,500,1,-7.148648566276863e-11,3.2661121096566603e-07
0.007309943975890922,500,1,-6.415181034274728e-11,-1.955687173815779e-06
0.0073199831732110145,500,1,-5.731036950769216e-11,6.852117702127458e-07
0.0073299798848572035,500,1,-1.0925277421744771e-10,-6.5399065272142565e-06
0.00733999729061161,500,1,-1.3941266460919296e-10,1.8121244002577974e-07
0.007349933007510087,500,1,-1.1422826464205408e-10,3.852728080261381e-06
0.007359991781789826,500,1,-1.4236041393095695e-11,9.860170294195836e-06
0.007369976607936769,500,1,3.943649743397959e-11,8.523480575228781e-07
0.007379921737340566,500,1,4.685780096794494e-11,1.779389662781572e-06
0.007389938203483179,500,1,5.074941346745439e-11,-3.571568440316475e-06
0.007399918947176416,500,1,9.948006552310771e-11,1.0231469735666465e-05
0.007409966894378495,500,1,2.077505237439407e-10,6.1654700940216856e-06
0.007419930336260066,500,1,2.2806486105363317e-10,-8.712328991284865e-06
0.007429943469089849,500,1,7.99783038631281e-11,-1.5119454471301808e-05
0.007439957360402822,500,1,-6.399176745095953e-11,-1.3134878601439581e-05
0.007449991610439264,500,1,-1.3812573190796242e-10,-9.137627443025695e-08
0.007459945264136783,500,1,-4.324573359730016e-11,1.3928676739272117e-05
0.007469965289607259,500,1,1.2300351070127526e-10,1.1775867525695705e-05
0.007479968236930811,500,1,1.147075972296108e-10,-8.731712967113836e-06
0.0074899472824245875,500,1,2.449540688119294e-12,-1.0804712823220264e-05
0.007499927262415824,500,1,-4.564749699244178e-11,-6.074606697104024e-07
0.007509990595784646,500,1,-3.8799081995148416e-11,2.7006053823774856e-06
0.007519955298102691,500,1,5.855300907352994e-12,6.5138342258130866e-06
0.0075299385531997064,500,1,1.0132219970976103e-11,-3.441833736628208e-06
0.007539939831432424,500,1,-2.3396594028183106e-11,-6.3477155007873876e-06
0.007549928577512889,500,1,-8.1480210511358e-11,-7.015604493017247e-06
0.007559913530641911,500,1,-1.2433531576549767e-10,4.384815883218263e-06
0.007569945819074044,500,1,5.7915275964309256e-12,1.5383619835274143e-05
0.007579936681663815,500,1,4.402620130588857e-11,-2.071693421451526e-06
0.0075899551437865805,500,1,3.110278118879627e-11,6.246311620560635e-07
0.007599919124325865,500,1,2.1693626133342152e-11,-2.081662318326183e-06
0.00760994299832809,500,1,2.5640366172178413e-11,2.662125178736364e-06
0.007619971311463703,500,1,5.2042758802712776e-11,8.398714023138965e-07
0.00762994367523308,500,1,5.204872747342104e-11,-3.67941875753508e-06
0.007639939471901827,500,1,6.118460291193281e-11,2.6146641432522877e-07
0.007649947591854573,500,1,6.069016918268502e-11,-7.268779090553734e-06
0.007659938454179666,500,1,-1.0300399041889165e-10,-1.7262725836977855e-05
0.00766992407906114,500,1,-1.5090174107615067e-10,7.296643628085242e-06
0.007679965514677916,500,1,-3.607299159943286e-11,1.386998467767242e-05
0.007689918763680668,500,1,-1.1583977290927682e-11,-1.0043352534516714e-05
0.007699942696630244,500,1,-8.416711603680328e-11,-6.313266761343028e-06
0.0077099324046619,500,1,-8.659113009363775e-11,7.027426428329875e-06
0.007719967090889942,500,1,3.803879794412782e-12,8.910854129060009e-06
0.007729968695914817,500,1,4.424085222861493e-11,2.0669656070060327e-07
0.0077399551151876925,500,1,4.990268533855869e-11,2.895374130319761e-06
0.0077499883530554245,500,1,8.450863202843592e-11,8.544140651545185e-06
0.007759962495695265,500,1,1.4589864263082832e-10,-5.809705270493765e-07
0.0077699520338017315,500,1,8.117133365368693e-11,-1.147346189933618e-05
0.0077799408352057205,500,1,1.2208436047188383e-11,-7.637473310118104e-06
0.007789977068226982,500,1,-5.7095905465844957e-11,-1.919117495807754e-06
0.00779996152378533,500,1,-4.150422657177966e-11,4.18244086886066e-06
0.007809987647364741,500,1,-1.6715693584211594e-11,3.305140902090664e-06
0.007819948049467583,500,1,-1.1980927046902762e-11,-3.0881854359010585e-06
0.007829991531495573,500,1,-1.9057919584697402e-11,3.5461081177023956e-06
0.007839987594380234,500,1,1.104565222229489e-11,-5.5947349031360005e-08
0.007849973100140057,500,1,4.242068098307942e-11,6.069036133427019e-06
0.00785995978623916,500,1,8.344437401754644e-11,5.5425480161436225e-06
0.007869951411755392,500,1,1.1182246534286538e-10,2.1260295301472887e-06
0.007879977965168683,500,1,1.306520892307102e-10,-2.1518914553181334e-06
0.007889911186727496,500,1,1.0785728087509377e-10,-1.2836135076521593e-06
0.007899993245311035,500,1,1.0549033162755089e-10,2.477646344867246e-06
0.00790993341943276,500,1,9.427526072785089e-11,-8.900382457807665e-06
0.007919981077959683,500,1,-9.929039081483397e-12,-6.196033331656858e-06
0.007929947111314254,500,1,7.456560469784276e-13,9.22218169535638e-06
0.00793997206952037,500,1,1.193605436445241e-10,6.972500558907746e-06
0.007949995462996032,500,1,9.767338555725816e-11,-3.2919905037613606e-06
0.00795992987484983,500,1,4.079354426447161e-11,-4.3795044474548295e-06
0.007969920709021281,500,1,5.3709736743233895e-11,9.596716204290923e-06
0.007979997262565321,500,1,1.4957287868576835e-10,1.5176368842462207e-06
0.007989950705612271,500,1,9.286759755788859e-11,-9.2964346885549e-06
0.00799995957119621,500,1,1.6461727598333428e-11,-2.812650960359875e-06
0.008000049102938512,500,1,1.6224450781177318e-11,-2.6501960737057573e-06
0.0,501,2,0.0,0.0
9.989999999999974e-06,501,2,-3.577827994260354e-21,-6.4676134560555e-15
1.9979999999999985e-05,501,2,-7.145852757536276e-15,-4.3961355809980784e-09
2.996999999999993e-05,501,2,-2.8380533484624416e-13,-2.162577894467303e-07
3.995999999982653e-05,501,2,-5.887623086403199e-12,-4.93539347098948e-07
4.99499995869668e-05,501,2,-7.628731195827954e-12,3.630220341833664e-07
5.9939949594887284e-05,501,2,8.727177039308499e-12,1.918757933677684e-06
6.992943033724811e-05,501,2,2.2439519007873896e-11,3.114172771212509e-06
7.99102264454703e-05,501,2,7.607146833671873e-11,7.343622459021759e-06
8.999867411661217e-05,501,2,1.409075906983918e-10,3.3434129733667106e-06
9.996765282363734e-05,501,2,1.5940138802242527e-10,1.7622329394617609e-06
0.00010993878595740294,501,2,1.7541039282335292e-10,2.1299821281045572e-06
0.00011999041312778416,501,2,1.8254099078819739e-10,-4.141544740765557e-07
0.0001299449383418888,501,2,1.696896492830118e-10,-2.8645997446341553e-06
0.00013994093718666133,501,2,1.5547370515001742e-10,1.091489027563175e-07
0.00014994107731792187,501,2,1.2505909192569162e-10,-5.43442648198722e-06
0.00015991628940019868,501,2,9.472668899008618e-11,-6.560490262985663e-07
0.00016999114436967613,501,2,9.712040775312696e-11,2.071330115455128e-06
0.00017994288874474196,501,2,1.1161245909396508e-10,1.5493653942738606e-06
0.00018994368999829023,501,2,1.1026106082888973e-10,-2.560245247876236e-06
0.00019991672636384466,501,2,8.642416637685293e-11,-1.1221516203752113e-06
0.00020999902786400542,501,2,8.332467426985627e-11,-1.8440075706394055e-06
0.00021997742469151297,501,2,6.02682449226286e-11,-4.275176211737675e-06
0.0002299412673028418,501,2,6.445657594855546e-12,-4.945223903929374e-06
0.00023994038197849295,501,2,-5.595392414576687e-11,-7.20440831503133e-06
0.000249979408802032,501,2,-1.2189360174482024e-10,-4.858379742359031e-06
0.00025997760205296314,501,2,-1.7255306501430908e-10,-7.101888539640111e-06
0.00026994047687294405,501,2,-2.2042339997455323e-10,-5.284516797099403e-06
0.000279940377661343,501,2,-2.719156314771442e-10,-7.295863622081011e-06
0.0002899171921228336,501,2,-3.1882672565918273e-10,-5.987080873071093e-06
0.00029994883246123273,501,2,-3.8658920533304864e-10,-4.203294466487151e-06
0.00030993468393218085,501,2,-4.3267357992732075e-10,-5.19788684033573e-06
0.0003199401888848346,501,2,-4.599579232097387e-10,8.955523448928027e-07
0.0003299837147017973,501,2,-4.541671953373473e-10,1.5270832132152634e-07
0.0003399824946225943,501,2,-4.393411807927382e-10,5.81160278931292e-06
0.00034998130253528954,501,2,-4.0224895610848233e-10,2.344383292423452e-06
0.0003599392373724834,501,2,-3.715637184155483e-10,4.724314992377021e-06
0.00036994979185261896,501,2,-3.0799022838315956e-10,4.446682205783148e-06
0.00037996773626411065,501,2,-2.694023781082977e-10,6.538142871326258e-06
0.00038993845631998217,501,2,-1.9031171489381589e-10,9.541788599798373e-06
0.0003999172946923639,501,2,-1.2951422511290147e-10,3.89470082563792e-06
0.00040999872028145597,501,2,-1.2424557695815664e-10,-2.4811259961080023e-06
0.0004199548776521353,501,2,-1.5749985122121045e-10,-4.449585436105963e-06
0.00042993066865616497,501,2,-1.62993759649985e-10,-5.342240365080464e-07
0.00043997339272910024,501,2,-2.025589996943074e-10,-3.9339765044721364e-06
0.00044994914081072777,501,2,-2.3704263830192436e-10,-2.76391280205901e-06
0.00045995451118858755,501,2,-2.4867769137442786e-10,1.1921490558688963e-06
0.00046999149644892223,501,2,-2.1364181347884796e-10,2.10442442455383e-06
0.0004799391218430586,501,2,-1.8949080142382948e-10,3.691641130038059e-06
0.000489988494036519,501,2,-1.502633832181524e-10,4.792633717332073e-06
0.000499943020442317,501,2,-9.007959790649359e-11,5.132379835681711e-06
0.0005099624776485783,501,2,-4.966425380384311e-11,4.58808466957672e-06
0.0005199413734900338,501,2,2.9357940921974596e-11,7.6005558395930706e-06
0.000529989712798049,501,2,7.22220086147885e-11,1.5674124325820715e-06
0.0005399383777245362,501,2,3.669474565995545e-11,-5.1966895820432235e-06
0.0005499579831984126,501,2,-4.659628968192345e-12,-1.0228098696885013e-06
0.0005599762955612779,501,2,-1.9909272009288752e-11,-4.404631690879679e-06
0.0005699231784678594,501,2,-6.02360960192026e-11,-5.243255442169414e-06
0.0005799938953701229,501,2,-1.5036863117504073e-10,-8.93349918440478e-06
0.0005899310793806982,501,2,-1.9740721246215337e-10,-2.7438354390230124e-06
0.0005999659284024729,501,2,-2.357675594994124e-10,-3.597808061792107e-06
0.000609943251318685,501,2,-2.605996452092747e-10,-2.7758227615359843e-06
0.0006199233236204224,501,2,-3.198088386707044e-10,-7.0296694355542755e-06
0.0006299331046201206,501,2,-3.762063968996369e-10,-5.8444828481829525e-06
0.0006399776651607039,501,2,-3.753667035877382e-10,2.088638183773972e-06
0.0006499948876300045,501,2,-3.732225278477294e-10,1.8125562633655723e-06
0.0006599160003705074,501,2,-3.222192128966969e-10,6.538119873611414e-06
0.0006699576057563944,501,2,-2.6690287839712166e-10,6.968687425057407e-06
0.0006799211757989686,501,2,-1.8889011888928035e-10,5.865862407888889e-06
0.0006899905273309824,501,2,-1.3961884420485372e-10,7.785087367540022e-07
0.0006999813053312869,501,2,-1.0239425536879654e-10,7.654240909205079e-06
0.0007099627426447686,501,2,-2.7024882558129664e-11,5.330871862475883e-06
0.0007199888342083505,501,2,2.218996053612567e-11,5.547621316825957e-06
0.000729950800000866,501,2,6.057217026963552e-11,3.3433891397094406e-06
0.0007399099293326919,501,2,7.791296276362216e-11,2.233952273639206e-06
0.0007499787321743916,501,2,4.705120063383555e-11,-1.0188948686762345e-05
0.0007599121948682989,501,2,-4.9120192838393913e-11,-6.816179758561969e-06
0.000769998599325241,501,2,-7.835058757641394e-11,-8.754717759212882e-07
0.0007799133407966841,501,2,-1.4848847641276048e-10,-1.1245926348824042e-05
0.0007899164980803509,501,2,-2.3192588899082118e-10,-4.961311081325137e-06
0.0007999620760097976,501,2,-2.4738094009385406e-10,1.2633701104158845e-06
0.0008099510866692575,501,2,-2.644645866927889e-10,-6.042661711336272e-06
0.0008199263709300147,501,2,-3.5401359349478243e-10,-9.87527516815856e-06
0.0008299938563031341,501,2,-4.3878751830646475e-10,-6.633583424564549e-06
0.0008399425258272241,501,2,-4.6340108182332416e-10,-1.7053881971595963e-06
0.0008499783200037693,501,2,-4.72891061693918e-10,6.342932370451138e-07
0.0008599246122307817,501,2,-4.5365858353842983e-10,3.486267541985555e-06
0.0008699613161949773,501,2,-3.7846229057299837e-10,1.0661732546823899e-05
0.0008799430792557039,501,2,-2.7050989375643133e-10,8.606314491066414e-06
0.000889914613174657,501,2,-1.6207733287419395e-10,1.2152555864064496e-05
0.000899940938460233,501,2,-6.052347089892081e-11,1.0594169394695374e-05
0.0009099566132113925,501,2,5.665238118779544e-11,1.2242974795406703e-05
0.0009199996984748391,501,2,1.7442665592600458e-10,1.1802052958087561e-05
0.0009299583251180663,501,2,2.0489335330451286e-10,-2.674701969906934e-06
0.0009399714833654413,501,2,2.3931063252872814e-10,8.089684299508737e-06
0.0009499416496498944,501,2,2.899467216106353e-10,9.772851048764353e-07
0.0009599399966234764,501,2,2.823502578287306e-10,-3.869660835764677e-06
0.0009699435846053626,501,2,2.2891014511840875e-10,-6.118800809085112e-06
0.0009799404226288715,501,2,1.5532804838693155e-10,-9.785887283730865e-06
0.0009899704638186059,501,2,5.384681611272972e-11,-9.183963042724841e-06
0.0009999965726488068,501,2,4.615150560435995e-13,-3.434135356805701e-06
0.0010099574320871526,501,2,-7.241107289394573e-11,-8.547308388506814e-06
0.0010199842522080644,501,2,-1.1806418863010345e-10,-2.1117332165976332e-06
0.0010299282517230385,501,2,-1.2265755496342087e-10,4.815824847445582e-07
0.001039952928274145,501,2,-1.220238962194723e-10,-2.4476410889207045e-06
0.0010499456281726552,501,2,-1.46503633941512e-10,-1.1612484898115838e-06
0.0010599673841890206,501,2,-1.5855712254017975e-10,-9.04191043482605e-07
0.0010699381905818913,501,2,-1.4210837320872212e-10,1.997010479037886e-06
0.0010799265402712044,501,2,-1.0125787395759802e-10,6.319277992439254e-06
0.0010899215470765433,501,2,-3.4103310203518046e-11,4.806289334524649e-06
0.0010999966318489694,501,2,-8.797774554364639e-12,3.6317097468763215e-06
0.001109995511524942,501,2,3.5836914265739234e-11,3.1163218904561862e-06
0.0011199200024236623,501,2,7.702778700795741e-11,5.590588054257828e-06
0.0011299760781678528,501,2,1.2164754608009896e-10,2.246158408131249e-06
0.0011399879746241996,501,2,1.263014167518739e-10,-5.779151318538456e-07
0.0011499254065114345,501,2,1.3538249282243344e-10,3.245725483035436e-06
0.00115996149636992,501,2,1.5825129854341057e-10,2.486029174679494e-06
0.001169926916304428,501,2,1.631380248937926e-10,-2.1423645114801437e-06
0.001179977029286354,501,2,1.3329935070551283e-10,-4.932705695709361e-06
0.0011899368801656781,501,2,4.232737475650883e-11,-1.2850948096110315e-05
0.0011999190343896702,501,2,-6.927759466419004e-11,-6.4230794678543646e-06
0.0012099127896993515,501,2,-1.4671660395043618e-10,-9.79050564442474e-06
0.001219999754372062,501,2,-2.537893803938136e-10,-1.2030996177636588e-05
0.0012299240607925048,501,2,-3.185615493623954e-10,1.3016278438415796e-06
0.0012399300916896981,501,2,-2.767176562709124e-10,6.8195194988796e-06
0.001249908852816136,501,2,-2.2864342276711114e-10,2.4470605985982274e-06
0.001259969570289194,501,2,-1.7811258445508873e-10,7.01933175017988e-06
0.001269997367040202,501,2,-9.931385576390176e-11,4.948928520903673e-06
0.0012799150102057472,501,2,-3.989397020231231e-11,3.5614045615431356e-06
0.001289907700240844,501,2,-2.5854081008513333e-12,6.119288549155666e-06
0.0012999968930746224,501,2,6.069004362783828e-11,7.358868449214295e-06
0.00130996081967101,501,2,1.1456640612594621e-10,5.235490251775943e-06
0.0013199129566355417,501,2,1.2978763708223584e-10,-8.208372252460627e-07
0.0013299895470651804,501,2,1.2584774789246378e-10,-6.525425311765254e-07
0.0013399971095359408,501,2,8.495542827167621e-11,-7.807005685922519e-06
0.0013499303694762272,501,2,2.164616347901131e-11,-6.104452904720503e-06
0.0013599919905867561,501,2,-1.0595146674341905e-11,-1.1901302184869067e-06
0.0013699851505381473,501,2,-1.3505628154730515e-11,1.7406341554365712e-06
0.0013799748265174655,501,2,-3.253383028642865e-11,-6.261136404311918e-06
0.0013899123059433515,501,2,-8.855067659761361e-11,-3.457979655396848e-07
0.0013999942451156462,501,2,-6.665966350259e-11,1.460919939633154e-06
0.0014099338649546564,501,2,-5.7508100668835036e-11,-1.8523280196358627e-06
0.0014199880585482523,501,2,-8.270122319724682e-11,-1.693218359133386e-06
0.0014299410224153921,501,2,-9.977499152197971e-11,-6.719827219808794e-07
0.0014399647378862453,501,2,-9.824582600079555e-11,-1.521485091637853e-06
0.0014499809452065196,501,2,-1.6390717538924352e-10,-7.206023633909986e-06
0.001459944908936736,501,2,-2.2255850481162488e-10,-4.752640266447727e-06
0.0014699512338979617,501,2,-2.4802513931791584e-10,-1.1606397815056013e-06
0.0014799235030007497,501,2,-2.552494866784512e-10,6.721984497914946e-07
0.0014899366173026151,501,2,-2.2562745110297523e-10,5.150792284802641e-06
0.001499990420126971,501,2,-1.731819555554759e-10,5.190817615630117e-06
0.0015099575319327033,501,2,-1.204768332366433e-10,6.8657354940770965e-06
0.0015199765164080198,501,2,-6.318901100527674e-11,3.7391029898102557e-06
0.0015299491666946959,501,2,-7.732662629735167e-12,7.563206564906166e-06
0.0015399987513572432,501,2,2.862519512036174e-11,-3.8087920145590815e-07
0.001549974901527717,501,2,2.157929766689244e-11,-2.654782722211202e-06
0.001559979856524952,501,2,-6.558256641102562e-12,-2.778523799481375e-06
0.0015699594351443944,501,2,-7.294799530820512e-11,-7.558459589607214e-06
0.001579918773549063,501,2,-1.250261346021623e-10,-5.74717017715054e-06
0.0015899439769683828,501,2,-1.800422995437115e-10,-5.531094293187433e-06
0.0015999543075729818,501,2,-2.350404236474077e-10,-4.9489239452582545e-06
0.0016099164701122103,501,2,-3.0437035369236423e-10,-9.368313770075076e-06
0.0016199934375123123,501,2,-3.634465990867014e-10,-4.7054081719899443e-07
0.0016299767194849271,501,2,-3.1779528566873113e-10,7.135159739934949e-06
0.0016399320316245294,501,2,-2.701749077891756e-10,4.6237368149237845e-06
0.0016499685899983411,501,2,-1.9223847278713188e-10,1.0166181521165107e-05
0.0016599434567047308,501,2,-7.589716213304184e-11,1.1394922524332607e-05
0.0016699831303536646,501,2,3.486164241237784e-11,8.851943051835232e-06
0.0016799338482886494,501,2,1.246201330097499e-10,1.2451312169092787e-05
0.0016899761201780224,501,2,2.347760177711316e-10,8.74722869254052e-06
0.00169992928424783,501,2,2.945161136555508e-10,3.938366631262014e-06
0.0017099755055905552,501,2,3.283775686519088e-10,1.936201692920303e-06
0.0017199843801098905,501,2,3.700699325466224e-10,1.540858298731962e-07
0.0017299320636266187,501,2,3.230816423584453e-10,-5.9314239496677246e-06
0.0017399753388256676,501,2,2.377175633717091e-10,-1.3418871969816948e-05
0.0017499882378221576,501,2,1.0157049640851438e-10,-9.539784433520992e-06
0.0017599367238823038,501,2,1.5362808164332513e-11,-9.663798571701854e-06
0.0017699212396846728,501,2,-9.131563012236961e-11,-1.4254006184932777e-05
0.0017799940536531063,501,2,-2.3795619426918136e-10,-1.2159038578540837e-05
0.0017899421800572132,501,2,-3.345663744555279e-10,-9.791066191922049e-06
0.0017999695895979386,501,2,-4.2804646795385065e-10,-8.01862168986478e-06
0.0018099469624085097,501,2,-4.813576696458921e-10,-2.6001882353909878e-06
0.0018199691083681014,501,2,-4.679289110796014e-10,2.7219779836079594e-06
0.0018299171679675677,501,2,-4.289428557220079e-10,6.457122347480748e-06
0.0018399400320049208,501,2,-3.6756872729310245e-10,4.178917837216467e-06
0.0018499899711646014,501,2,-3.2083636885532727e-10,4.2575375168718566e-06
0.0018599223412782957,501,2,-2.932934436935847e-10,1.954739869691746e-06
0.00186996112418816,501,2,-2.4495797938347587e-10,3.4638850162083124e-06
0.0018799348770303093,501,2,-2.851399642354207e-10,-7.266959798413186e-06
0.0018899777973552358,501,2,-3.0544607745129474e-10,-1.579197352052919e-06
0.0018999384412200213,501,2,-3.1688020944335227e-10,-3.0855607707769295e-06
0.0019099731120282661,501,2,-3.583043097010535e-10,-1.16087935254916e-06
0.0019199545157963268,501,2,-3.6184348352769893e-10,-1.222326052596756e-07
0.001929936960045592,501,2,-3.7178778757829506e-10,-3.023960931658465e-06
0.0019399585878920463,501,2,-3.6082249951523615e-10,4.94521603533471e-06
0.0019499597434269062,501,2,-3.353176117525206e-10,-1.0206128442935558e-06
0.001959911501671131,501,2,-3.4536320024551126e-10,-3.6291662788845436e-07
0.001969983977620256,501,2,-3.8025133783619724e-10,-4.503168416714054e-06
0.0019799540554424335,501,2,-4.28419943520052e-10,-6.0474432754809015e-06
0.0019899863872632397,501,2,-4.36874144655187e-10,1.1160635690621312e-06
0.0019999703538813034,501,2,-5.14311999022174e-10,-1.2047751254407046e-05
0.0020099469732676833,501,2,-5.927910621987347e-10,-3.5935555550425935e-06
0.0020199909790062837,501,2,-5.811688021765417e-10,2.4724237005502303e-06
0.002029966872477179,501,2,-5.522823137722987e-10,3.263841441208254e-06
0.0020399606461028257,501,2,-5.041667151798901e-10,5.211572579266743e-06
0.0020499637944735856,501,2,-4.611570149368507e-10,6.84554569740925e-06
0.002059965218332684,501,2,-3.5810375756783054e-10,1.0654313604918642e-05
0.0020699561710697525,501,2,-2.7012100450468396e-10,8.986931574112011e-06
0.0020799201752331837,501,2,-1.7552718134495552e-10,1.0271580160869931e-05
0.0020899953148975584,501,2,-8.506559792028083e-11,6.926798449435889e-06
0.002099958728119006,501,2,-6.698877024888716e-11,-1.1685406147154964e-06
0.002109925032315064,501,2,-4.375903847480026e-11,5.487984275687197e-06
0.0021199536060964004,501,2,6.822133307286837e-12,3.351672207996259e-06
0.002129985021832349,501,2,-9.663949870376831e-12,-5.028196404355256e-06
0.002139970783585738,501,2,-2.1730420968438138e-11,4.44912504538042e-06
0.00214996623596746,501,2,2.6183949322980404e-11,2.0142595161115606e-06
0.002159951286584308,501,2,9.179732838874763e-12,-2.498932372252405e-06
0.002169946304954317,501,2,-3.67501924362592e-12,-1.4052536708164531e-06
0.002179943703760136,501,2,4.18170529026794e-12,1.8147919704086801e-06
0.002189966126711361,501,2,4.057597907639759e-12,1.2706962984609937e-06
0.002199914040111689,501,2,1.0263961252229216e-11,9.695714274782219e-07
0.0022099518420849945,501,2,3.256143445236386e-11,-6.764198406949973e-07
0.0022199795458454877,501,2,-1.4369055218002883e-11,-4.873325517795735e-06
0.0022299464288808683,501,2,-1.6741564870661552e-11,1.565942589570879e-06
0.0022399737534004424,501,2,-2.719441894098013e-11,-1.467635315499649e-07
0.0022499780068809625,501,2,-4.8179613261557287e-11,-4.854977054935539e-06
0.0022599422814206815,501,2,-1.0286594286193799e-10,-9.33520834656143e-06
0.0022699932041969294,501,2,-1.7269027430849462e-10,-2.772614975554699e-06
0.002279952059043025,501,2,-1.7951624148849457e-10,-1.7813281003864478e-06
0.002289964359032452,501,2,-2.704201826453736e-10,-1.4226601979139275e-05
0.0022999640222200143,501,2,-3.5767287338817587e-10,-1.0943603412361114e-06
0.002309991084289151,501,2,-3.532279323773197e-10,-1.2321059682796065e-06
0.002319917579662434,501,2,-4.318623310151711e-10,-7.603156718438697e-06
0.0023299731467054303,501,2,-4.986670074197635e-10,-2.9699785958903213e-06
0.0023399462295683525,501,2,-4.761198827333928e-10,3.2707332312531534e-06
0.0023499603114730673,501,2,-4.569504029582885e-10,-1.2620581688049803e-07
0.0023599678377285343,501,2,-4.5879923830295546e-10,1.7850973129118763e-06
0.002369916117142363,501,2,-3.9998488146226747e-10,1.0554511021054758e-05
0.0023799909620431724,501,2,-3.290102685295736e-10,1.1719637710849717e-06
0.0023899964261327646,501,2,-3.155696184914533e-10,1.9599070746299796e-06
0.002399919542293609,501,2,-2.864628415154161e-10,2.6504826287632177e-06
0.002409967486389045,501,2,-2.602434849209741e-10,5.107761522238352e-06
0.0024199444124620006,501,2,-2.0620552420663957e-10,8.112567896234602e-06
0.0024299537780780815,501,2,-9.249545628118444e-11,1.143762139710347e-05
0.002439912383324009,501,2,2.0826532480011005e-11,1.1125956263402514e-05
0.0024499348022887285,501,2,9.853048299911964e-11,3.3612100403535017e-06
0.0024599363281703726,501,2,1.4356802605544725e-10,9.310278977769926e-06
0.0024699639710001366,501,2,2.1562480997223098e-10,2.4973242576109556e-06
0.0024799783935041467,501,2,1.9433805562721145e-10,-6.181547954620115e-07
0.0024899589937178272,501,2,2.1313584621843575e-10,1.0087785228540813e-06
0.002499980759365974,501,2,1.8908412104462415e-10,-3.2037052855142523e-06
0.0025099259281406287,501,2,1.2230203056350607e-10,-6.506165948660936e-06
0.002519968243326099,501,2,8.784936156583584e-11,-1.943803367487895e-06
0.0025299626932118757,501,2,8.331512321951666e-11,2.382945119561164e-07
0.0025399921288444347,501,2,1.0803962518257681e-10,5.860580012062577e-06
0.0025499517793088357,501,2,1.6328669961494075e-10,1.655066438843722e-06
0.002559945931782428,501,2,1.565117147381723e-10,-3.8255062240200033e-07
0.0025699875608820484,501,2,1.610781018286753e-10,2.805743968201102e-07
0.0025799634407477146,501,2,1.9519566624398403e-10,6.5034367864313936e-06
0.002589997635988605,501,2,2.3099530445784577e-10,9.752934110318634e-07
0.0025999538586885173,501,2,2.289455391880148e-10,-2.051631935291731e-06
0.0026099321790062882,501,2,1.8137854178219305e-10,-5.635701648909475e-06
0.0026199814028189197,501,2,1.591325386993993e-10,1.0998774074566509e-06
0.00262996368374016,501,2,2.0238962036745899e-10,4.237613483781821e-06
0.002639926869237403,501,2,1.9527043575145043e-10,-6.698299860330437e-07
0.0026499809017479343,501,2,2.0821331950723605e-10,-1.1616260019997604e-06
0.002659931608901232,501,2,2.026318273499431e-10,-3.1178597387215845e-07
0.0026699302075297296,501,2,2.0621506627673588e-10,8.057885522161357e-07
0.002679925834619242,501,2,1.3850193805427582e-10,-7.760782023580326e-06
0.0026899210349086685,501,2,9.082675177284408e-11,-1.5001012333981656e-06
0.002699986691880266,501,2,5.506147383504067e-11,-8.858116362420176e-06
0.002709917997818696,501,2,-1.809158564671236e-12,-1.5527975108509118e-06
0.0027199801589531977,501,2,4.0680083728542515e-12,-3.9843817362106293e-07
0.0027299574274404588,501,2,-4.931830687619017e-11,-4.462168712415782e-06
0.00273998197206768,501,2,-6.750836730280089e-11,-1.0533315784877484e-06
0.002749927030553463,501,2,-4.5433338657278974e-11,4.218758141938395e-06
0.0027599892595476377,501,2,-3.948304370962282e-11,-4.9016902710086185e-06
0.002769931172893359,501,2,-9.46384551570045e-11,-4.108327429364067e-06
0.0027799815756795964,501,2,-1.033686065058146e-10,6.425494514378238e-07
0.0027899435449372386,501,2,-9.505518530811386e-11,-1.2324584501288705e-06
0.0027999291500746316,501,2,-1.0129572723409317e-10,1.2774089244022013e-06
0.002809998311228338,501,2,-4.8634832416571635e-11,6.3738954703129735e-06
0.002819983901517645,501,2,-2.294584052615789e-11,2.3082894962667133e-06
0.0028299259032926296,501,2,1.529641330337935e-11,3.18707860103018e-08
0.002839966537431897,501,2,-2.418250511608002e-11,-5.7238394988168295e-06
0.002849980464035849,501,2,-7.03988238367261e-11,-5.039238845469529e-06
0.002859972413267654,501,2,-1.6239478316769362e-10,-1.1143497601340258e-05
0.0028699750694906262,501,2,-2.2142783905000542e-10,1.0176412291729164e-06
0.0028799306231424926,501,2,-2.0721536410477092e-10,-2.0368912046903054e-06
0.0028899371846635375,501,2,-2.2765286378085528e-10,-2.29994483260873e-06
0.0028999362412962023,501,2,-2.415071916525547e-10,-4.412338599324439e-06
0.0029099914865070857,501,2,-2.603311800411013e-10,2.9375958822130954e-06
0.0029199124163380085,501,2,-2.4694068186833476e-10,-2.920572615361383e-06
0.002929978411528775,501,2,-2.530109697868998e-10,2.3266365141716427e-06
0.0029399364732871085,501,2,-2.145050262461728e-10,3.528105316230601e-06
0.002949914339342507,501,2,-2.0554637256237573e-10,6.136006202861477e-07
0.0029599423294730132,501,2,-2.15929829152175e-10,2.125147902362623e-06
0.0029699733014386183,501,2,-1.4842760915880155e-10,9.715563202616906e-06
0.0029799317744709313,501,2,-8.61348741762252e-11,2.2925900290404755e-06
0.002989931702368663,501,2,-8.451479179004179e-11,-1.6523186172068272e-07
0.0029999586887304325,501,2,-8.23547633354519e-11,1.8655822233426544e-06
0.0030099220723408715,501,2,-1.170213936975493e-10,-8.434917127209118e-06
0.0030199777646953765,501,2,-1.7628403648802101e-10,-4.799325129478671e-06
0.003029972238821202,501,2,-2.421489696007495e-10,-8.73770973752741e-06
0.003039965562187682,501,2,-3.113222653034365e-10,-4.639519793399587e-06
0.0030499652233629258,501,2,-3.6316571101483917e-10,-2.932044722930849e-06
0.00305993983183672,501,2,-4.0005863967168716e-10,-4.073199275034245e-06
0.003069944723646831,501,2,-3.931768380923545e-10,-4.1310061743571325e-07
0.0030799673093918466,501,2,-3.701914491536205e-10,6.021440194792227e-06
0.003089951570591246,501,2,-3.3631238427960864e-10,1.4555813693528652e-06
0.003099996618402475,501,2,-3.143646292665293e-10,2.372350786816746e-06
0.0031099435813257727,501,2,-2.9817939949640057e-10,1.1402857653108889e-06
0.00311994486892057,501,2,-2.8687787282971784e-10,-2.925277510223978e-07
0.003129939561414013,501,2,-2.7083194902374633e-10,2.0914831203588946e-06
0.003139914600232997,501,2,-2.5256983162459136e-10,3.2278014793427068e-06
0.0031499577257448827,501,2,-2.346069076466004e-10,1.6940294275680223e-06
0.003159963763595011,501,2,-1.879470187101317e-10,7.029952747261703e-06
0.0031699744740670078,501,2,-1.30187208625623e-10,3.7674299622203478e-06
0.0031799145826637574,501,2,-9.65421482770982e-11,-1.0497684634347415e-06
0.0031899890966117523,501,2,-1.3004752954514655e-10,-4.531623923553774e-06
0.0031999109287082564,501,2,-1.1896253478459802e-10,4.182138387404111e-06
0.003209961215371861,501,2,-9.273311136282012e-11,2.6591376645346276e-06
0.003219913694989662,501,2,-6.786420054066914e-11,1.4724499108886846e-07
0.0032299520060444955,501,2,-9.14066173148204e-11,-1.4013021871206455e-06
0.0032399747253086747,501,2,-1.0474745607448322e-10,-3.758193654945785e-06
0.003249912405336842,501,2,-1.6096777994453314e-10,-4.493019022389078e-06
0.0032599562104979477,501,2,-2.1706938115677288e-10,-1.0943999098067536e-05
0.0032699760401257586,501,2,-3.010965058518626e-10,-1.8032013444357897e-06
0.003279933369739025,501,2,-2.946338376115412e-10,4.554599194628306e-06
0.0032899357981529846,501,2,-2.4908229700741527e-10,4.5566687174869447e-07
0.0032999780149059513,501,2,-2.318124655142776e-10,7.115383186900859e-06
0.0033099648376778332,501,2,-1.3777086690244474e-10,7.58670329747968e-06
0.003319982639241931,501,2,-6.155792970632609e-11,7.874669489371655e-06
0.0033299546666600175,501,2,-1.8220556238514015e-12,2.7231168202579425e-06
0.003339942535206861,501,2,1.3202355942970763e-13,-8.511627076490669e-07
0.0033499322210104668,501,2,1.0747966128447776e-11,3.2547797522430866e-06
0.003359951789036946,501,2,2.8817978914949147e-11,4.449099959780156e-06
0.00336997548022929,501,2,2.0989166852583736e-11,-9.567521175091187e-06
0.0033799476808980154,501,2,-5.290515322482574e-11,-6.18679511488196e-06
0.003389955635225697,501,2,-7.684384695265866e-11,-1.0274335952992208e-06
0.003399962869026109,501,2,-1.0462963940819562e-10,-5.777860188627137e-07
0.003409959199319165,501,2,-7.071261767322215e-11,5.367269322209545e-06
0.0034199678444148994,501,2,-6.154517603118917e-11,-5.878585907198586e-06
0.0034299595271051883,501,2,-9.827272266382683e-11,1.3719266717115985e-07
0.0034399164707625703,501,2,-6.299842375029243e-11,1.8094472616220214e-06
0.0034499658485045172,501,2,-5.6020208627103815e-11,-7.232272491303204e-07
0.003459987931280735,501,2,-1.461886939118902e-10,-1.745714436207635e-05
0.003469992485711434,501,2,-2.7430825446246023e-10,-7.5121270435296594e-06
0.003479987355730773,501,2,-3.395057800430895e-10,-3.0887830959613893e-06
0.003489935570127207,501,2,-3.496182882995391e-10,-3.864458696656303e-06
0.0034999158792296606,501,2,-4.049517468923615e-10,-5.495026933477476e-06
0.0035099864894568645,501,2,-4.210625836713333e-10,3.0648641210495597e-06
0.003519966570310626,501,2,-4.270513934950923e-10,-5.7384209849464796e-06
0.0035299641631469847,501,2,-4.420357850370635e-10,3.383998139816491e-06
0.0035399674194764043,501,2,-4.3797914102574166e-10,-4.927871455340238e-08
0.0035499949278334983,501,2,-4.327835758291391e-10,-2.0589942913984416e-06
0.0035599766551373557,501,2,-4.455214927312273e-10,1.7776227487983909e-06
0.0035699609469584752,501,2,-4.276317405177009e-10,-1.2345250694489884e-06
0.0035799890543061,501,2,-4.0118492936633363e-10,4.492342573492181e-06
0.0035899804680342086,501,2,-4.3241779547256026e-10,-8.126555449239348e-06
0.003599979583983733,501,2,-4.671675976633213e-10,5.91464390242713e-08
0.0036099222546385817,501,2,-4.5418693551133385e-10,3.7947010304573148e-06
0.003619949034292211,501,2,-3.596286693056472e-10,1.2171065485677701e-05
0.0036299251144388633,501,2,-2.5818801022047997e-10,9.286790072005058e-06
0.0036399497495798404,501,2,-1.663440943318426e-10,1.0100821814074123e-05
0.0036499285714136675,501,2,-9.050899525364056e-11,6.663790215050147e-07
0.003659917996406141,501,2,-1.2108930353675487e-10,-2.148186859035617e-06
0.0036699789923689843,501,2,-1.287090562184938e-10,-3.2176874245615217e-06
0.003679969699011824,501,2,-1.772229005122519e-10,-6.320132802245526e-06
0.003689957342833872,501,2,-2.416266615179382e-10,-5.599226736818785e-06
0.0036999599561408046,501,2,-2.590302413430385e-10,-3.416077832399389e-06
0.003709996021603432,501,2,-3.219236109223343e-10,-6.845639993757757e-06
0.003719996489604073,501,2,-3.7803954586666485e-10,-5.601357129493556e-06
0.0037299894974872783,501,2,-3.9852462454721975e-10,2.6461315720538447e-06
0.0037399476849436443,501,2,-3.5326194875122516e-10,5.8939935773105745e-06
0.003749914987442235,501,2,-2.98357298821463e-10,3.106224243543121e-06
0.0037599850074020204,501,2,-2.4503111948754295e-10,6.653104265119669e-06
0.003769910128315143,501,2,-1.6510876915173183e-10,4.0020170084531514e-06
0.0037799143296297828,501,2,-1.7624654853137e-10,-2.6891810453455456e-06
0.003789986701866888,501,2,-1.7720081798469324e-10,-1.283016248798674e-08
0.0037999840002473618,501,2,-1.574546036664569e-10,-5.674051308801609e-07
0.0038099119143367452,501,2,-1.9972463890495452e-10,-1.552716882888272e-06
0.0038199544167427744,501,2,-1.947287527335654e-10,3.1922982305643277e-06
0.003829973834453286,501,2,-1.3901745548750152e-10,4.82307750115929e-06
0.0038399489531887013,501,2,-1.239300385387211e-10,-1.65182632799743e-06
0.0038499819668304947,501,2,-1.1894150833348285e-10,3.405990338267717e-06
0.0038599323729447046,501,2,-9.857045804313302e-11,-4.255257443908089e-07
0.0038699329794779852,501,2,-1.38915645943972e-10,-5.2909140541013144e-06
0.003879953593073857,501,2,-1.4868121916648401e-10,1.9010674003339112e-06
0.0038899193462273054,501,2,-1.6540982287790008e-10,-5.783403161430112e-06
0.0038999674567536855,501,2,-1.9653069962076019e-10,1.2855810710005189e-06
0.003909973892670431,501,2,-2.0610584496283087e-10,-3.6754292465079885e-06
0.003919971963033825,501,2,-2.0788636329204164e-10,1.3492433434403317e-06
0.003929956999827754,501,2,-1.8424997421531502e-10,5.723935796453361e-06
0.003939982898708446,501,2,-1.479131229102621e-10,3.907124707380749e-07
0.003949968640165373,501,2,-1.5126163063861422e-10,2.8171709265251144e-06
0.0039599934159146475,501,2,-9.449971316601827e-11,5.6552775303808644e-06
0.003969997519866244,501,2,-4.2664728756410994e-11,4.407652459348377e-06
0.003979982990551467,501,2,-2.492735037549804e-12,3.7409513199970768e-06
0.003989934666993569,501,2,8.792241013613452e-12,-8.132876915811771e-07
0.003999913003680193,501,2,3.938842621273417e-12,1.6983170119666546e-06
0.004009970354351159,501,2,2.1042326743691436e-11,2.2034184199576368e-06
0.004019979094106374,501,2,1.923915486050766e-11,-2.3335488678610794e-06
0.004029950745734171,501,2,1.0525760725329136e-11,-2.3267748001168376e-06
0.004039942717751812,501,2,-9.821096194935074e-12,9.911118154515286e-07
0.004049946997578974,501,2,-1.1067250407943967e-11,1.8605184545772424e-07
0.004059916768078634,501,2,-4.526369105476737e-11,-5.130326742458502e-06
0.004069938821230154,501,2,-5.7264911347513635e-11,-1.8377068417008147e-07
0.004079975100885102,501,2,-9.535546948367371e-11,-5.0373520196211885e-06
0.004089973857797665,501,2,-9.688243981648408e-11,3.124032790347009e-06
0.00409995801027166,501,2,-8.933708299819083e-11,3.391318384449171e-07
0.004109967524010925,501,2,-3.1552105808072873e-11,1.0699733873131834e-05
0.0041199969731230135,501,2,7.236482708100592e-11,1.1825611328508678e-05
0.004129920749545665,501,2,1.6008597194443284e-10,4.759571057749712e-06
0.004139947689710027,501,2,1.717043226436059e-10,1.5283906758950527e-06
0.004149991383555522,501,2,2.3168567489220877e-10,6.691469339348277e-06
0.004159965118920347,501,2,2.437223602935203e-10,-4.370966289107825e-06
0.004169913432839005,501,2,2.0982097061935105e-10,-2.142918128389404e-06
0.004179968965147302,501,2,1.6118938865359802e-10,-6.644389185184174e-06
0.004189929669998917,501,2,7.558521671545433e-11,-1.1126205755274121e-05
0.004199950409495853,501,2,4.790664658930175e-12,-4.701987670496788e-06
0.004209930314805301,501,2,-4.2717345268259734e-11,-7.547045335343228e-06
0.004219913416186126,501,2,-8.45144822003466e-11,-2.7388167381792172e-06
0.0042299515535647115,501,2,-9.290738855403038e-11,-3.3342378397138717e-07
0.004239977093426184,501,2,-7.798689262384509e-11,4.9232258285680786e-06
0.0042499370354624755,501,2,-5.748186225797695e-11,-1.4046967724695714e-06
0.0042599465285104434,501,2,-6.881721643139374e-11,1.889546212274773e-07
0.004269969327940862,501,2,-5.706072874806954e-11,1.0875077821603796e-07
0.004279913423481409,501,2,-4.5380537758639596e-11,9.62436064455563e-07
0.004289993038818147,501,2,-4.6928866704417824e-11,4.090221206731748e-07
0.004299991225461763,501,2,-1.1024006509627142e-11,3.8154615661367686e-06
0.004309945624254763,501,2,1.7802715540389937e-11,3.011189174645379e-06
0.004319998665508673,501,2,2.1190920581239933e-11,2.3118504954844354e-07
0.0043299549856107445,501,2,-1.6890317431596453e-11,-6.221997891686648e-06
0.004339957874648214,501,2,-5.151074990852519e-11,-2.4080355373046203e-06
0.004349963519845792,501,2,-3.767218158360598e-11,1.8799187184725952e-07
0.004359992726485439,501,2,-2.422903606085042e-11,4.684637759710952e-06
0.004369938267809007,501,2,-3.4205819717922746e-12,-3.7643242396245835e-06
0.004379977219591096,501,2,-3.184797861656167e-11,-1.3997445958771615e-06
0.004389919285692072,501,2,-3.9916786554958984e-11,-3.8813985868413337e-07
0.004399953226906091,501,2,-2.958062649070686e-11,1.9918940720072e-06
0.004409987380974212,501,2,-5.458868856252974e-11,-7.64850169232556e-06
0.004419988878028486,501,2,-1.186934372241673e-10,-7.489324259757346e-06
0.004429998865776309,501,2,-1.6278465148449593e-10,-5.769981139824853e-07
0.004439988422207526,501,2,-1.4422826151521304e-10,1.6641588340970959e-06
0.004449973551717772,501,2,-1.8920972736216678e-10,-1.0424177752432762e-05
0.004459977892248038,501,2,-2.650323067868827e-10,-2.508803609635457e-06
0.004469970398405355,501,2,-2.5844164696560445e-10,1.7817315426660318e-06
0.004479913604810073,501,2,-2.3635832950130026e-10,6.325153973141262e-06
0.004489970078022335,501,2,-1.8169352319784466e-10,-2.224328822797439e-06
0.00449993741492928,501,2,-1.886107828079353e-10,3.761573710597821e-06
0.004509995120601538,501,2,-1.252445635605546e-10,6.583144654181972e-06
0.004519912967104461,501,2,-1.1902537412776981e-10,-5.209197029343304e-06
0.004529911878696883,501,2,-1.7073933079205634e-10,-5.499936002989481e-06
0.004539943881176491,501,2,-2.29456534978103e-10,-4.1719321689503985e-06
0.004549950243808194,501,2,-2.470386070153299e-10,-5.515404331718488e-07
0.0045599603266357844,501,2,-2.709611729935957e-10,-3.1898469891045167e-06
0.004569913198020405,501,2,-2.5976660906134545e-10,6.869664038511303e-06
0.0045799854445137044,501,2,-1.8947141538754194e-10,3.9235313064045485e-06
0.004589936021758731,501,2,-1.8558171365375402e-10,-2.389961124352191e-07
0.004599929223913603,501,2,-1.373053626202222e-10,6.330240542196108e-06
0.004609987356456362,501,2,-7.636238591008656e-11,4.7990318674528964e-06
0.004619960686584727,501,2,-9.970070337169053e-11,-5.074315917230621e-06
0.004629938719398666,501,2,-1.5956217832761534e-10,-8.8010101141206e-06
0.004639939110220124,501,2,-2.566416739751908e-10,-9.071872850374696e-06
0.004649938085724427,501,2,-3.223812367266507e-10,-6.326373590326284e-06
0.004659940641841529,501,2,-3.9162205653386385e-10,-9.311554338198302e-06
0.004669916187389535,501,2,-5.169229600911055e-10,-9.970916360124704e-06
0.004679938341115081,501,2,-5.812295405239446e-10,-2.1064351866523223e-06
0.0046899614838623845,501,2,-5.97027708446453e-10,-2.9386800035058336e-06
0.004699974575675355,501,2,-5.856505166484645e-10,5.385129323021154e-06
0.004709931442857634,501,2,-5.677021207085343e-10,-1.0643695695922162e-06
0.004719973741005133,501,2,-5.531918668024544e-10,1.6468538812097755e-06
0.004729923877967267,501,2,-5.164074779368021e-10,7.3229796568874406e-06
0.004739934695376945,501,2,-4.727063269929657e-10,-9.188528136971907e-07
0.004749933087141692,501,2,-4.666079031911562e-10,4.311102415999191e-06
0.004759947686275642,501,2,-4.518454947933994e-10,3.5733972669760306e-07
0.004769953864238596,501,2,-4.237341945693366e-10,3.8779504415442645e-06
0.004779977760577283,501,2,-3.523816290625521e-10,9.053773374567697e-06
0.004789924831530022,501,2,-2.594424311294646e-10,7.013469290995111e-06
0.0047999474576260505,501,2,-1.6739950474187315e-10,1.0654032329027174e-05
0.004809956384312096,501,2,-8.004812295768504e-11,4.2441266112358544e-06
0.004819989335650662,501,2,-9.506113779234014e-11,2.7642277706102503e-06
0.00482997843143417,501,2,-3.735542968634725e-11,1.6735350492624868e-06
0.0048399308876224,501,2,-4.7341455829820903e-11,-2.3965564656114324e-06
0.004849953462422451,501,2,-7.209419311498782e-11,-8.061381994717287e-07
0.004859960406139481,501,2,-6.88708722661154e-11,1.1632898371249922e-06
0.004869949922529651,501,2,-4.2824996239196466e-11,5.856934669923319e-06
0.0048799851623246345,501,2,-1.1674417737798817e-11,2.9708009287726656e-06
0.004889934406036768,501,2,2.40130716722966e-11,5.741558979199812e-06
0.004899912160993665,501,2,9.254911129523706e-11,5.630822043627137e-06
0.004909912296382969,501,2,1.5563728669219594e-10,5.709631766492862e-06
0.004919952657889439,501,2,1.8931651315649877e-10,3.1277261762219233e-06
0.0049299272153804,501,2,2.1234284498789077e-10,7.778764329890997e-07
0.004939973115714349,501,2,1.9212252521508591e-10,-6.4590945645925935e-06
0.004949985571060847,501,2,1.0822279749398843e-10,-8.412962067216867e-06
0.004959954266574387,501,2,1.1835720039677158e-11,-5.728445008790217e-06
0.004969996321362849,501,2,-1.467655167243257e-11,-4.756792303051149e-06
0.004979992745778636,501,2,-6.044275056301872e-11,-4.394532489571112e-06
0.004989910372996275,501,2,-7.626388158853773e-11,5.238039110566639e-06
0.004999989828124606,501,2,-2.6880832647884953e-11,1.5408514398990159e-06
0.005009944894077283,501,2,-3.4993215057629726e-11,-1.0173155831905145e-06
0.005019922824595333,501,2,-2.8920137267705125e-11,-1.692039128253775e-06
0.005029950527708838,501,2,-3.713490093624331e-11,2.0724383496886767e-06
0.005039976457477679,501,2,-3.1137934906450796e-11,-2.0423651600487425e-06
0.005049998250612578,501,2,-5.7445373280548984e-11,-3.5992954978691927e-06
0.005059991522304214,501,2,-5.4092324500993455e-11,1.975106826035411e-06
0.005069992967342526,501,2,-3.373729294876452e-11,2.1523707416370996e-06
0.005079932539354548,501,2,1.8992037226958207e-11,4.268826472419995e-06
0.005089968797413039,501,2,2.2331004890141e-11,2.3374587390656565e-07
0.00509997393006848,501,2,5.502324174300484e-11,4.6663264658963755e-06
0.005109924458012398,501,2,1.1273176295891797e-10,3.659128252203603e-06
0.005119957649783202,501,2,1.0126166579545409e-10,-1.8585388692482496e-06
0.00512997841387228,501,2,1.0519274256794533e-10,1.555686812038104e-06
0.0051399270957221185,501,2,1.1031135367271317e-10,3.2714520313281703e-06
0.005149960929375548,501,2,8.135750028247127e-11,-6.915007139896012e-06
0.005159992276789586,501,2,2.7676802127516668e-11,-1.588228438709205e-06
0.005169916244608909,501,2,3.0835972712459135e-11,-2.392900127656805e-06
0.005179957565851426,501,2,7.83260480400564e-12,-3.457114642040765e-07
0.005189934467174066,501,2,-1.3898778351508932e-12,-1.9709856382485458e-06
0.005199924140091511,501,2,2.3649761196876354e-11,4.198701995486442e-06
0.00520992989008597,501,2,8.069009989763608e-11,2.5746146132821224e-06
0.005219967545234522,501,2,4.394462572796648e-11,-4.2725099244078635e-06
0.005229983324760798,501,2,2.698767607603274e-11,2.435134698552943e-06
0.005239996154702305,501,2,6.873174909431516e-11,-4.878513260586637e-07
0.00524992233447166,501,2,5.230511455136004e-11,1.7677868797139062e-06
0.005259936029047533,501,2,1.1144931223046035e-10,5.0149660893727965e-06
0.005269935622512858,501,2,1.3242149954359266e-10,5.56050625921678e-06
0.005279995732845253,501,2,2.0508940365413278e-10,7.549717263688471e-06
0.005289953352829132,501,2,2.4363104239653703e-10,1.3540010075918651e-06
0.005299950756724726,501,2,2.6358668753459383e-10,5.55398875534685e-06
0.005309988630281945,501,2,2.529696498663244e-10,-5.841721423094359e-06
0.005319932120904197,501,2,2.1788927181075855e-10,-6.281895714721486e-07
0.005329921110000552,501,2,1.89547421246321e-10,-7.849775788271174e-07
0.005339977678087957,501,2,1.8124298991210376e-10,-4.576969394154418e-06
0.005349950290723728,501,2,1.5327254363709658e-10,-5.357316496062969e-06
0.005359922885445993,501,2,8.705923133991305e-11,-7.140231090052573e-06
0.005369932044929237,501,2,3.716860067610409e-11,-5.176084556246519e-07
0.005379982071020151,501,2,1.0808695472737406e-11,-4.60738581679887e-06
0.005389930430628704,501,2,-2.3127274589165923e-11,-2.2437289060039944e-06
0.005399915953963886,501,2,-4.157603326218162e-11,7.361991599119655e-07
0.00540995240897122,501,2,-3.9210283528753236e-11,-1.0044383654470024e-06
0.005419997426825978,501,2,-6.031113485519414e-11,-4.636141590408371e-06
0.005429927408806169,501,2,-1.1216030221147507e-10,-5.6983728888293506e-06
0.0054399488331419105,501,2,-1.525929352306669e-10,-1.971469203221332e-06
0.0054499588509747746,501,2,-1.2674682830720956e-10,4.3379089379458335e-06
0.005459934600269969,501,2,-1.3883469492896995e-10,-2.4723478042817937e-06
0.005469983054246704,501,2,-1.5244817823171738e-10,-1.3190436928475768e-06
0.005479992107511032,501,2,-1.6245644684776935e-10,-1.3560700995590702e-06
0.005489915044825474,501,2,-1.3474000193507726e-10,5.4674859230052775e-06
0.0054999398060892575,501,2,-1.1727858073383836e-10,2.300771774363386e-06
0.0055099406078399004,501,2,-7.313400376968019e-11,4.175266463513072e-06
0.005519962846042148,501,2,-5.292252478467769e-11,1.9159044164773764e-06
0.005529956365017607,501,2,-5.629678428482497e-12,4.260020627061545e-06
0.00553994993223088,501,2,1.4110606560020214e-11,2.006059410114558e-07
0.005549941792256843,501,2,1.6193115845073401e-12,-6.39204977337382e-07
0.005559926319748035,501,2,3.920988933656024e-12,2.1482349844420545e-06
0.0055699993223433854,501,2,3.7936061647451166e-11,5.014823470900209e-06
0.0055799367227345985,501,2,6.997460499152063e-11,-3.1294630054024e-07
0.005589923606788196,501,2,6.493076147484254e-11,1.7432187132404575e-06
0.005599997659012918,501,2,9.152230386011114e-11,1.4561760492137754e-06
0.005609979846263005,501,2,9.393623468935777e-11,2.0597539968636447e-06
0.00561997684948334,501,2,1.7476765529355503e-10,9.070120318144248e-06
0.005629917804818383,501,2,2.123605888305815e-10,-1.9675703193389182e-06
0.005639987215473223,501,2,1.967449979247294e-10,2.5774496435204686e-06
0.005649922620070556,501,2,2.128109778107073e-10,2.24512028187962e-06
0.005659941866124589,501,2,2.426305107653857e-10,1.6161692433236396e-06
0.005669980815420188,501,2,2.111168059625414e-10,-7.769722251582678e-06
0.0056799894199280115,501,2,1.4528083475281138e-10,-5.620499361480569e-06
0.005689949831025863,501,2,9.415049027067918e-11,-7.04809850160526e-06
0.0056999597423187534,501,2,4.429806685754729e-11,-3.8103507655207203e-06
0.00570993265189657,501,2,-3.9706997167668996e-12,-6.6355659842365355e-06
0.0057199731076332085,501,2,-4.506081588286461e-11,-9.666274626285443e-07
0.005729986159079065,501,2,-3.0746753475127946e-11,5.3956759406004196e-06
0.005739979822075205,501,2,4.519588642648163e-11,6.333845741890443e-06
0.0057499882563363395,501,2,1.1646873464716276e-10,5.191782327385042e-06
0.005759971067453863,501,2,1.696138660973361e-10,7.1433840480583655e-06
0.005769914705944676,501,2,2.522079707960854e-10,1.1314039884080529e-05
0.005779915093104964,501,2,3.079936097081918e-10,2.3877103189351434e-06
0.005789954024491221,501,2,3.0596661188946614e-10,-1.1604522018315855e-07
0.0057999718380413465,501,2,3.1200821183548786e-10,-1.6241192783428282e-06
0.005809948238187934,501,2,2.643021502984975e-10,-6.359985731285711e-06
0.005819966433161139,501,2,1.9971641208220772e-10,-7.637530913373602e-06
0.005829963475515406,501,2,1.0316797056376373e-10,-1.2710848056540769e-05
0.005839957829216385,501,2,4.4690774063294074e-12,-5.446705243078442e-06
0.005849923008973904,501,2,-1.652908826287607e-11,-1.9701510740044448e-06
0.0058599676883578,501,2,-2.5671346698262254e-11,1.6973263038955189e-06
0.005869950859385353,501,2,2.854396432487149e-11,5.526184502779863e-06
0.005879961945706078,501,2,5.052120895602792e-11,4.700439009928947e-07
0.00588998548226972,501,2,4.651211697964761e-11,1.2947854704910495e-06
0.005899948289989567,501,2,7.471962073760552e-11,2.9469875353627106e-06
0.005909950491986365,501,2,8.849354986656074e-11,-1.9992179267624977e-07
0.005919914076724146,501,2,5.702578610446096e-11,-3.622683835247109e-06
0.005929943778315587,501,2,6.405949427969258e-11,4.8121521259991695e-06
0.005939981904542898,501,2,1.0210701221625415e-10,1.0612824656586195e-06
0.005949924079854558,501,2,1.1012758107243996e-10,-5.004063909130885e-06
0.005959985841299361,501,2,-1.058574147672306e-11,-1.682429588045764e-05
0.0059699449641224854,501,2,-1.3175377693937752e-10,-8.344352753264506e-06
0.005979984692646613,501,2,-1.7113601815945897e-10,9.078763606451545e-07
0.00598992123451152,501,2,-1.8285166338515104e-10,-4.665023597666407e-06
0.00599996277322531,501,2,-2.361723954465874e-10,-5.958612226741877e-06
0.006009989736834148,501,2,-2.839070305685567e-10,-1.3458355772530406e-06
0.006019995101636493,501,2,-2.932998069549091e-10,4.86230773491525e-07
0.00602998434103226,501,2,-2.828294979495915e-10,1.2045483554906644e-06
0.006039916868491363,501,2,-2.5424903246357015e-10,5.882098535359148e-06
0.006049959602064085,501,2,-2.2481795068112804e-10,2.0936386660175277e-06
0.006059964207571949,501,2,-1.581826961845773e-10,7.786061677617084e-06
0.006069980697623138,501,2,-9.280140580146014e-11,4.277118549222969e-06
0.0060799429193211935,501,2,-4.790003654746929e-11,6.493143911046051e-06
0.006089984857841491,501,2,9.393064786671372e-12,3.823030874240685e-06
0.006099920010855152,501,2,7.231077123868068e-11,8.513025994472123e-06
0.00610995507224741,501,2,1.4931647921309036e-10,5.1638359615385765e-06
0.006119989798624146,501,2,1.3619229341158131e-10,-5.140849856033469e-06
0.006129956824465247,501,2,9.062835414923765e-11,-4.964168004550906e-06
0.006139974559611953,501,2,3.315334603647421e-11,-6.840718096590148e-06
0.006149928902030539,501,2,-1.40490885691879e-11,-4.76013128963837e-06
0.006159949720726873,501,2,-5.7660578140164716e-11,-1.6516851953363165e-06
0.006169920194382267,501,2,-3.1661601126971924e-11,3.326916576007477e-06
0.00617995039611183,501,2,-2.0203937884130896e-11,1.8165686475890563e-07
0.006189968331930112,501,2,-2.0105897297979976e-11,1.7683296309328744e-06
0.006199999582343959,501,2,1.824297072421392e-11,6.9637517279147465e-06
0.006209947124787719,501,2,6.41917287875956e-11,-4.532442618443433e-08
0.006219984412369792,501,2,3.3017917605422756e-11,-2.897777834775725e-06
0.006229980641453494,501,2,5.40764229676685e-11,4.122069186984767e-06
0.006239915929178187,501,2,7.200971835573372e-11,-1.6091302839083e-06
0.006249993171169993,501,2,2.7857310505697856e-11,-4.330018671616642e-06
0.00625991445930508,501,2,-1.943834957839429e-11,-4.860535889106288e-06
0.006269940141280217,501,2,-4.9678163402820294e-11,1.7097023891632368e-06
0.006279936463845391,501,2,-2.2967862232939275e-11,5.393885481597138e-07
0.006289987798605394,501,2,-5.641064592473591e-11,-7.709097749108995e-06
0.006299936830776426,501,2,-1.0097238500774829e-10,-1.8397295460936824e-06
0.006309955716888128,501,2,-1.545506040065943e-10,-6.058185982704689e-06
0.006319992844598638,501,2,-1.8060336009282626e-10,-3.1775096067665487e-06
0.006329950354656333,501,2,-2.1922721437640216e-10,-5.190545901645471e-06
0.006339957149845124,501,2,-3.2463302168204836e-10,-1.0417827387421141e-05
0.006349917350689544,501,2,-3.691852012664145e-10,-1.2846873826688476e-06
0.006359982470923128,501,2,-3.567335673143905e-10,1.1425967064715437e-06
0.006369979550279927,501,2,-3.494933993934918e-10,-3.5291746619536823e-07
0.0063799427695577565,501,2,-3.8495034013525547e-10,-9.04886543828809e-06
0.006389964103290544,501,2,-4.3928744526650987e-10,5.542691565302293e-07
0.0063999688223133466,501,2,-4.212730451583029e-10,-2.301784795863404e-06
0.006409933629444125,501,2,-4.719018192772301e-10,-7.830495320104713e-06
0.006419997156433056,501,2,-5.228190426431484e-10,-6.845974105662567e-07
0.006429923597443223,501,2,-5.140480982977129e-10,-1.0772698059158259e-06
0.006439980430426857,501,2,-5.133578625941045e-10,2.6594280905789525e-06
0.006449920631947405,501,2,-4.922327343293074e-10,3.2581289140937164e-06
0.006459925437463352,501,2,-4.323292695859065e-10,5.12773499289354e-06
0.0064699528531214304,501,2,-4.2568313323332763e-10,-7.446493965335144e-07
0.006479970872838756,501,2,-4.0441180233844994e-10,3.221952512177939e-06
0.006489933050048966,501,2,-3.695888722934123e-10,3.2349613336424277e-06
0.006499971049803978,501,2,-3.684740746843964e-10,-1.6539252902132706e-06
0.006509924435970957,501,2,-3.60232331296376e-10,5.654806271571111e-07
0.006519919271301669,501,2,-3.720216255279768e-10,-8.797962028350703e-07
0.006529938861540502,501,2,-3.481522785349193e-10,6.393525751602347e-07
0.006539944941295382,501,2,-3.6923391012643933e-10,-2.7819855309418884e-06
0.006549932124492426,501,2,-4.0874804690106095e-10,-2.6582179168954667e-06
0.0065599346390226455,501,2,-3.845964779794779e-10,2.3161657844994465e-06
0.006569941910771063,501,2,-3.7038081991661487e-10,3.5594314630599255e-06
0.006579954726835413,501,2,-3.3980509316525556e-10,8.808127026915802e-07
0.006589954448355206,501,2,-2.927084508409501e-10,7.416741815036154e-06
0.006599924073090174,501,2,-2.1494054327253248e-10,6.680116883983622e-06
0.006609938559825719,501,2,-1.7392414076192143e-10,1.7469229038891143e-06
0.006619969101457463,501,2,-1.7291751661929213e-10,2.811454360929222e-06
0.006629929881483166,501,2,-1.0189532435178486e-10,7.411873088392085e-06
0.006639916828671859,501,2,-2.3064242772579947e-11,5.804021714683749e-06
0.006649911804091403,501,2,-4.712460488343317e-12,-7.064681466772971e-07
0.006659988970872415,501,2,-5.854731409833105e-12,2.2555188339268284e-06
0.006669975679227844,501,2,1.4490346385488033e-11,-1.976353249728835e-06
0.006679979842963847,501,2,-3.1290944709188705e-11,-3.4138759801433105e-06
0.006689969714266142,501,2,-4.2569684958004383e-11,1.6405865566060385e-07
0.006699995039321218,501,2,-5.816891074092917e-11,-4.8732678715190936e-06
0.006709925788049587,501,2,-1.2008429736173307e-10,-4.756538980688063e-06
0.00671993306940999,501,2,-1.453727986089787e-10,1.3839617080679822e-06
0.006729953260986388,501,2,-1.1364171029985132e-10,2.8849736288527605e-06
0.006739970069871312,501,2,-1.1740707609441683e-10,-1.5606167172721452e-06
0.006749972881198917,501,2,-1.3687178009429428e-10,-1.4006956995937792e-06
0.0067599827951529004,501,2,-1.35077537672251e-10,-1.2993764042582012e-06
0.00676999230626954,501,2,-1.597309438410271e-10,-2.686563190357205e-06
0.006779931045841631,501,2,-2.012093433711228e-10,-4.907752423261025e-06
0.006789969339644652,501,2,-2.2126799751573693e-10,-3.429108230201816e-06
0.0067999960668701075,501,2,-2.4728116024624815e-10,1.4196122000015299e-06
0.006809995009576674,501,2,-2.1614967478503005e-10,4.6466140712908555e-06
0.006819984127792944,501,2,-1.5447715986089783e-10,5.055505951978567e-06
0.006829942142773709,501,2,-1.122878769124614e-10,4.8481359357366305e-06
0.00683992479492637,501,2,-7.37948165099281e-11,6.602715582670893e-06
0.006849967984618561,501,2,2.3202146549078942e-11,9.022744301590002e-06
0.006859982919947598,501,2,7.797495975878592e-11,4.2728710483996846e-06
0.00686999445024317,501,2,8.613138306555858e-11,9.213868475792253e-07
0.006879948473019759,501,2,7.792845941562184e-11,-4.177050947573591e-06
0.006889917705454959,501,2,-1.7008412731066118e-11,-1.0649015449559762e-05
0.006899918176873109,501,2,-9.351203318291672e-11,-8.426501049152435e-06
0.00690998910762306,501,2,-1.673608522343513e-10,-5.046847549983191e-06
0.006919977001462202,501,2,-1.7470924102160035e-10,1.3180275389573781e-06
0.006929928977989079,501,2,-1.6447441427544962e-10,1.1062325327437783e-06
0.006939939121703786,501,2,-1.5329906021018642e-10,2.2394869576558563e-06
0.006949978615812636,501,2,-1.1893914460842244e-10,5.420392274496644e-06
0.006959982938863077,501,2,-7.849492971471952e-11,3.931122435907319e-06
0.00696993198649158,501,2,-4.522890018612217e-11,1.8611555119008028e-06
0.006979968268856902,501,2,-4.876702695298988e-11,-1.3291098318046757e-06
0.006989957631337206,501,2,-9.73375407104524e-11,-4.849309738597096e-06
0.006999921255710294,501,2,-1.315717201157238e-10,-6.627726043650917e-06
0.007009938406314257,501,2,-1.5510985765655565e-10,1.9613137202945108e-06
0.007019931339764348,501,2,-1.4538818483541063e-10,1.2123203961267315e-06
0.0070299490324546,501,2,-1.1499892106255885e-10,6.231830910863323e-06
0.0070399894856379664,501,2,-7.713202611557129e-11,4.986568626352827e-07
0.00704998561284428,501,2,-3.1855779464321713e-11,5.573963092975198e-06
0.0070599314214313084,501,2,1.8152775900380348e-11,4.352158054415911e-06
0.0070699888064780165,501,2,3.956404344885845e-11,8.328080899899781e-07
0.00707996850933647,501,2,5.530828571256605e-11,3.550501954663332e-07
0.007089923577128194,501,2,3.927752694434834e-11,-3.7128545803122304e-06
0.007099950974420575,501,2,-1.8455354420320144e-11,-6.480836321542949e-06
0.007109953696705379,501,2,-5.45037422329818e-11,-3.0509396394817756e-06
0.007119960735343054,501,2,-1.1287775168946246e-10,-8.024109201087981e-06
0.007129922177433195,501,2,-1.981268323028259e-10,-8.731181776799879e-06
0.0071399526986644975,501,2,-2.698820223223197e-10,-3.4178555728542337e-06
0.00714999608633104,501,2,-2.572721362798002e-10,4.744119502575472e-06
0.00715998588242417,501,2,-2.2956953696427577e-10,2.664343214553444e-06
0.007169987769420124,501,2,-1.8313519952870472e-10,5.345637690168381e-06
0.00717992051263835,501,2,-1.347890019393843e-10,3.120178056648104e-06
0.007189943330576465,501,2,-9.906390749892027e-11,5.571040994328813e-06
0.007199929617999025,501,2,-2.329897708863125e-11,6.677345601523166e-06
0.0072099733293646,501,2,2.330838827974935e-11,1.903393787805463e-06
0.007219973862114793,501,2,3.423803360423416e-11,2.2180522059600527e-06
0.007229986255511472,501,2,4.303060555192604e-11,-1.62659837327217e-06
0.007239939879449357,501,2,6.046386780775433e-11,2.7453972994972986e-06
0.0072499888321659834,501,2,5.204099488074056e-11,-3.4929128682748e-06
0.007259951275355309,501,2,1.7716668953901148e-11,-2.9186047667828507e-06
0.0072699808830086286,501,2,-2.7446984367303254e-11,-8.342897584279196e-06
0.00727998241644575,501,2,-9.842333011383732e-11,-4.451232723023946e-06
0.007289918961943171,501,2,-1.5050917011402556e-10,-6.151966016221255e-06
0.007299991426820916,501,2,-2.001004116211207e-10,-3.0641832708955263e-06
0.007309943975890922,501,2,-2.234805928138576e-10,-3.403499251319886e-06
0.0073199831732110145,501,2,-2.4511716784856577e-10,-5.810397197547612e-07
0.0073299798848572035,501,2,-2.4658990503684383e-10,9.360358033116967e-08
0.00733999729061161,501,2,-2.3263600320414294e-10,1.5656972264521674e-06
0.007349933007510087,501,2,-2.1109121044206699e-10,5.561236747442244e-06
0.007359991781789826,501,2,-1.355003833203479e-10,8.309029883357688e-06
0.007369976607936769,501,2,-5.850652617966809e-11,9.490296438041668e-06
0.007379921737340566,501,2,2.3843715422860827e-11,6.833391283045387e-06
0.007389938203483179,501,2,9.215766030923128e-11,5.189393904425632e-06
0.007399918947176416,501,2,1.4258798582333302e-10,5.131944548208978e-06
0.007409966894378495,501,2,1.3604722012121193e-10,-7.2191901206997144e-06
0.007419930336260066,501,2,5.059481382770844e-11,-7.4019569036298805e-06
0.007429943469089849,501,2,2.2243158420896217e-12,-3.6560061939805433e-06
0.007439957360402822,501,2,-6.114631607001661e-11,-8.97509724506751e-06
0.007449991610439264,501,2,-1.0665718021569807e-10,-1.2382565375557153e-06
0.007459945264136783,501,2,-1.383675184334559e-10,-7.191412564833133e-06
0.007469965289607259,501,2,-1.880429474580684e-10,-3.879222608138555e-06
0.007479968236930811,501,2,-2.3518387516190944e-10,-5.3139774845722965e-06
0.0074899472824245875,501,2,-2.8998984627720634e-10,-3.763844416693196e-06
0.007499927262415824,501,2,-3.2088424201231753e-10,-3.6790033222655616e-06
0.007509990595784646,501,2,-3.6731948890208186e-10,-2.803029707482141e-06
0.007519955298102691,501,2,-3.6848936465231014e-10,2.466043810087082e-06
0.0075299385531997064,501,2,-3.4616092097931395e-10,-9.58870457201666e-08
0.007539939831432424,501,2,-3.461948634529829e-10,-1.2720044722525081e-06
0.007549928577512889,501,2,-3.2548728123488776e-10,6.659202590131308e-06
0.007559913530641911,501,2,-2.525099073588601e-10,1.0880670585855512e-05
0.007569945819074044,501,2,-1.7171260767445684e-10,4.505404771412702e-06
0.007579936681663815,501,2,-1.5737953526986253e-10,1.3362472470745956e-06
0.0075899551437865805,501,2,-1.1416394501775093e-10,6.058283216398008e-06
0.007599919124325865,501,2,-2.7462519292063142e-11,1.0133124604516652e-05
0.00760994299832809,501,2,9.908804120506388e-12,-1.5905052796472141e-06
0.007619971311463703,501,2,1.801876874839509e-13,1.9374883710315816e-06
0.00762994367523308,501,2,7.204699661370853e-12,-2.4737886202778198e-06
0.007639939471901827,501,2,-4.092515483096503e-11,-6.433779906056536e-06
0.007649947591854573,501,2,-8.291923313712222e-11,-2.6392360054638964e-06
0.007659938454179666,501,2,-1.4228263314449482e-10,-6.979849139665539e-06
0.00766992407906114,501,2,-2.507650624727442e-10,-1.1370065770899274e-05
0.007679965514677916,501,2,-3.0072361409803797e-10,4.0633552239599524e-07
0.007689918763680668,501,2,-2.7974438223041785e-10,1.6463665655219728e-06
0.007699942696630244,501,2,-2.8093264232593464e-10,-2.2185346108538617e-06
0.0077099324046619,501,2,-2.8657060574291643e-10,2.1609247587393854e-06
0.007719967090889942,501,2,-2.7723922395544824e-10,-7.83563934021736e-07
0.007729968695914817,501,2,-2.7168038655152695e-10,3.00239367197197e-06
0.0077399551151876925,501,2,-2.6016936853859047e-10,7.356974706107522e-07
0.0077499883530554245,501,2,-2.385489386930108e-10,4.157124013581814e-06
0.007759962495695265,501,2,-2.3483424190113027e-10,-4.385315128696554e-06
0.0077699520338017315,501,2,-2.917408030345852e-10,-3.919687016407103e-06
0.0077799408352057205,501,2,-2.6875043894280344e-10,3.4844079139784156e-06
0.007789977068226982,501,2,-2.845839010206055e-10,-3.332857337834394e-06
0.00779996152378533,501,2,-2.8915917040013713e-10,1.595964659928395e-06
0.007809987647364741,501,2,-3.0038196704505033e-10,-3.9663200587791714e-07
0.007819948049467583,501,2,-2.894874054013008e-10,2.4522237568602723e-06
0.007829991531495573,501,2,-2.5696080096151573e-10,1.0347401619426044e-06
0.007839987594380234,501,2,-2.3898201128392865e-10,2.0562807765966973e-06
0.007849973100140057,501,2,-2.249700426796219e-10,2.014115782156267e-06
0.00785995978623916,501,2,-2.1025600308187853e-10,5.409156981009411e-08
0.007869951411755392,501,2,-1.9435008288519874e-10,3.908434321964194e-06
0.007879977965168683,501,2,-1.8253738601756771e-10,-1.5539529574920552e-07
0.007889911186727496,501,2,-1.9692314965332814e-10,-3.972795654449968e-06
0.007899993245311035,501,2,-2.2658873285873627e-10,-4.99761441397073e-07
0.00790993341943276,501,2,-2.153739869579019e-10,1.689572492413749e-06
0.007919981077959683,501,2,-2.3063661438875763e-10,-6.133493447135763e-06
0.007929947111314254,501,2,-2.708670185899481e-10,-1.742870009369124e-06
0.00793997206952037,501,2,-2.626861540822609e-10,-7.310982084313133e-07
0.007949995462996032,501,2,-2.762055997397703e-10,1.4117669929480936e-06
0.00795992987484983,501,2,-2.564490012134938e-10,3.2294600913985658e-06
0.007969920709021281,501,2,-2.3727162136707243e-10,3.4960104130787872e-06
0.007979997262565321,501,2,-2.2396144864667727e-10,-3.0451159500621827e-06
0.007989950705612271,501,2,-2.3979363863007035e-10,9.548927776548144e-07
0.00799995957119621,501,2,-2.1637183034110678e-10,7.981512230581522e-07
0.008000049102938512,501,2,-2.1630508001811862e-10,7.455499218822492e-07
0.0,502,1,0.0,0.0
9.989999999999974e-06,502,1,0.0,1.1564777489549217e-38
1.9979999999999985e-05,502,1,0.0,2.863728184142115e-25
2.996999999999993e-05,502,1,-1.2377695228364508e-18,1.0584073081603845e-15
3.995999999982653e-05,502,1,6.878857556615397e-17,5.6671969715991113e-11
4.99499995869668e-05,502,1,5.3741719275596654e-14,2.4919613628735047e-08
5.9939949594887284e-05,502,1,1.127009676287927e-12,1.8627232238870722e-07
6.992943033724811e-05,502,1,3.47861843539462e-12,3.423581988772073e-07
7.99102264454703e-05,502,1,1.3876038767681726e-11,2.1539311241269843e-06
8.999867411661217e-05,502,1,4.2020936348297733e-11,2.857457403498964e-06
9.996765282363734e-05,502,1,8.753242260029192e-11,7.734912687074047e-06
0.00010993878595740294,502,1,1.85255452073339e-10,1.0412743982390893e-05
0.00011999041312778416,502,1,2.837401929199206e-10,9.850172515812883e-06
0.0001299449383418888,502,1,4.133720143087601e-10,1.70806479604102e-05
0.00013994093718666133,502,1,5.54888350603333e-10,8.935446088931265e-06
0.00014994107731792187,502,1,6.550020896218915e-10,5.682986343291674e-06
0.00015991628940019868,502,1,6.298901212902983e-10,-3.3906714452941467e-06
0.00016999114436967613,502,1,6.200630626017486e-10,-6.829474150440995e-07
0.00017994288874474196,502,1,6.195416912306508e-10,4.1450278225330095e-06
0.00018994368999829023,502,1,7.088366755097521e-10,9.703804828259388e-06
0.00019991672636384466,502,1,8.13077712617246e-10,1.1132130767033122e-05
0.00020999902786400542,502,1,9.037413406946305e-10,7.764653106284714e-06
0.00021997742469151297,502,1,9.005333857155001e-10,-9.089236893897179e-06
0.0002299412673028418,502,1,8.2335850670642e-10,-6.032736248842707e-06
0.00023994038197849295,502,1,7.409979664165325e-10,-9.575818313352358e-06
0.000249979408802032,502,1,6.423445269679068e-10,-8.322389579845657e-06
0.00025997760205296314,502,1,5.932762452187971e-10,-1.8982294393288246e-06
0.00026994047687294405,502,1,5.541688574059445e-10,-5.236463918034673e-06
0.000279940377661343,502,1,5.054581308051116e-10,-1.5524427579884092e-06
0.0002899171921228336,502,1,4.958691354358909e-10,-4.2574327890898545e-06
0.00029994883246123273,502,1,4.3469774268272625e-10,-6.696849571385943e-06
0.00030993468393218085,502,1,4.008325403668698e-10,-3.0870593900889087e-06
0.0003199401888848346,502,1,3.736247388643648e-10,-3.2827199304835686e-06
0.0003299837147017973,502,1,3.29633427954975e-10,-1.4753701950143139e-06
0.0003399824946225943,502,1,3.5158393976722426e-10,2.89789540806884e-06
0.00034998130253528954,502,1,3.392775924807923e-10,-2.077766828097183e-06
0.0003599392373724834,502,1,3.6709222287436183e-10,7.292076910081491e-06
0.00036994979185261896,502,1,4.386795386107233e-10,5.789779442544329e-06
0.00037996773626411065,502,1,4.676229069799107e-10,1.456674250277512e-06
0.00038993845631998217,502,1,4.877939894593281e-10,1.0857593659430176e-06
0.0003999172946923639,502,1,4.625844357663124e-10,-5.299806113370775e-06
0.00040999872028145597,502,1,4.171705395068933e-10,-3.4504417984618577e-06
0.0004199548776521353,502,1,3.4637413921971365e-10,-5.12688107269163e-06
0.00042993066865616497,502,1,3.0982219316594e-10,-5.425537529357705e-06
0.00043997339272910024,502,1,2.4245430938266404e-10,-8.019794324742868e-06
0.00044994914081072777,502,1,1.879298862659867e-10,-4.319536799739232e-07
0.00045995451118858755,502,1,1.7337484804408397e-10,-4.0287766699398375e-06
0.00046999149644892223,502,1,1.5964691847081508e-10,6.683217227410054e-07
0.0004799391218430586,502,1,1.3297754691211547e-10,-5.065884578214774e-06
0.000489988494036519,502,1,8.659860285462062e-11,-3.957702819822051e-06
0.000499943020442317,502,1,6.873472430431865e-11,2.8692039591438068e-06
0.0005099624776485783,502,1,1.5390594096677235e-10,8.191582833974934e-06
0.0005199413734900338,502,1,1.314387671205936e-10,-6.887941298543143e-06
0.000529989712798049,502,1,6.592723217593486e-11,-2.0340163911225506e-06
0.0005399383777245362,502,1,8.955233393385779e-11,2.94520262278386e-06
0.0005499579831984126,502,1,1.2172478200097106e-10,7.292600170072383e-06
0.0005599762955612779,502,1,1.546880936127812e-10,-1.1016674783537184e-06
0.0005699231784678594,502,1,1.6783041626841004e-10,4.759543818733114e-06
0.0005799938953701229,502,1,2.4072285064102243e-10,8.837405394923614e-06
0.0005899310793806982,502,1,3.147486349006914e-10,6.396987864337733e-06
0.0005999659284024729,502,1,3.4547079004266975e-10,-2.082205888716271e-06
0.000609943251318685,502,1,3.335275907656566e-10,-1.7287165279267214e-06
0.0006199233236204224,502,1,2.6049742744838067e-10,-1.0652857207027466e-05
0.0006299331046201206,502,1,1.2600039538998751e-10,-9.84505130308122e-06
0.0006399776651607039,502,1,8.693049849670717e-11,-4.801042166213687e-06
0.0006499948876300045,502,1,5.5206677319456245e-11,-2.400155209580923e-07
0.0006599160003705074,502,1,7.094690620589183e-12,-8.10313398372231e-06
0.0006699576057563944,502,1,-1.3459832430238463e-10,-2.082454781626719e-05
0.0006799211757989686,502,1,-2.994182780656989e-10,-1.1902376909678214e-05
0.0006899905273309824,502,1,-3.8314841985844774e-10,-7.3092309403749445e-06
0.0006999813053312869,502,1,-4.982599896436184e-10,-1.5080947403656175e-05
0.0007099627426447686,502,1,-6.466253037914192e-10,-1.0336431018026504e-05
0.0007199888342083505,502,1,-6.594335167370703e-10,3.0791269118313203e-06
0.000729950800000866,502,1,-6.904846858837084e-10,5.525276818296732e-07
0.0007399099293326919,502,1,-6.340296719683136e-10,1.3470124137937578e-05
0.0007499787321743916,502,1,-5.006865805847426e-10,8.89315457547335e-06
0.0007599121948682989,502,1,-4.3727765128664226e-10,4.24695973677558e-06
0.000769998599325241,502,1,-3.660428375049763e-10,1.0185837594156588e-05
0.0007799133407966841,502,1,-2.721953404655913e-10,1.017551994364485e-05
0.0007899164980803509,502,1,-2.1121360199090095e-10,6.527743822717924e-06
0.0007999620760097976,502,1,-1.5320297190495936e-10,5.594911726691798e-06
0.0008099510866692575,502,1,-8.444872168872038e-11,5.300955408626962e-06
0.0008199263709300147,502,1,-4.3681161766727296e-11,2.60198208423823e-06
0.0008299938563031341,502,1,-4.598886862843145e-11,-2.2578480953217017e-06
0.0008399425258272241,502,1,-7.408490342227794e-11,4.577295430741035e-07
0.0008499783200037693,502,1,-6.221581657793376e-11,-1.0027518173236216e-06
0.0008599246122307817,502,1,-4.248408283087884e-11,9.7670475229239e-06
0.0008699613161949773,502,1,1.4989130996242907e-11,2.584919798487295e-07
0.0008799430792557039,502,1,8.707976542941072e-13,-2.597783289870481e-06
0.000889914613174657,502,1,-6.16874385892598e-11,-5.8331126885080575e-06
0.000899940938460233,502,1,-1.315439971932283e-10,-9.873449306030402e-06
0.0009099566132113925,502,1,-2.5597401570948077e-10,-1.022039379899864e-05
0.0009199996984748391,502,1,-3.067048132596151e-10,-2.5852369941181674e-06
0.0009299583251180663,502,1,-3.5318970669181754e-10,-4.7481024622458845e-06
0.0009399714833654413,502,1,-3.4193211153802196e-10,6.3315477707437395e-06
0.0009499416496498944,502,1,-2.582719420985834e-10,5.795179179882148e-06
0.0009599399966234764,502,1,-1.8239281147967943e-10,5.440247804133769e-06
0.0009699435846053626,502,1,-1.7997746091309892e-10,4.2435658924450115e-06
0.0009799404226288715,502,1,-1.4150857543481475e-10,-1.01672086816329e-06
0.0009899704638186059,502,1,-1.8075016924338984e-10,-4.757483691678055e-06
0.0009999965726488068,502,1,-2.423944037160822e-10,-4.7639151100620225e-06
0.0010099574320871526,502,1,-3.111330032893082e-10,-9.563530690068038e-06
0.0010199842522080644,502,1,-3.220719655006038e-10,4.9915537744249505e-06
0.0010299282517230385,502,1,-3.2079180310280394e-10,-4.749547745958038e-06
0.001039952928274145,502,1,-3.6513069055331014e-10,1.5616353507552638e-07
0.0010499456281726552,502,1,-3.6042371675434046e-10,1.1816493448585375e-06
0.0010599673841890206,502,1,-3.3070854313089733e-10,7.006401915754523e-06
0.0010699381905818913,502,1,-2.498516993105148e-10,4.779790524378491e-06
0.0010799265402712044,502,1,-2.296520543871428e-10,-2.736281543578743e-06
0.0010899215470765433,502,1,-2.480813686768534e-10,-1.1515967440478558e-06
0.0010999966318489694,502,1,-3.283372750726853e-10,-1.665189327970662e-05
0.001109995511524942,502,1,-4.382812439102118e-10,-3.3388751538854233e-06
0.0011199200024236623,502,1,-4.697685582174323e-10,-2.3340920564177137e-06
0.0011299760781678528,502,1,-4.488155283111485e-10,6.397515800005138e-06
0.0011399879746241996,502,1,-4.1927314995443446e-10,6.605334013531916e-06
0.0011499254065114345,502,1,-3.4896779796865453e-10,6.833975840114803e-06
0.00115996149636992,502,1,-2.8281537344649715e-10,4.586546523919436e-06
0.001169926916304428,502,1,-2.5144911590564023e-10,3.0106170795241027e-06
0.001179977029286354,502,1,-2.3334124991955165e-10,4.0065381447518256e-06
0.0011899368801656781,502,1,-2.015604651299941e-10,-5.622365876117863e-06
0.0011999190343896702,502,1,-2.598122245600115e-10,-9.227617856211179e-07
0.0012099127896993515,502,1,-2.856170123447049e-10,-1.242474864049381e-06
0.001219999754372062,502,1,-2.2630073626403455e-10,1.2407015806292776e-05
0.0012299240607925048,502,1,-8.594388074035532e-11,8.802305391908405e-06
0.0012399300916896981,502,1,-6.886946960591865e-11,2.221495425364095e-06
0.001249908852816136,502,1,5.290770685975512e-11,1.7999146726066506e-05
0.001259969570289194,502,1,1.7838292791035233e-10,3.060239235096185e-06
0.001269997367040202,502,1,1.8202108678987236e-10,4.350523102020221e-06
0.0012799150102057472,502,1,2.621855349743251e-10,1.0295608082855345e-05
0.001289907700240844,502,1,2.990120923418763e-10,-3.954309428351455e-06
0.0012999968930746224,502,1,2.47252199918731e-10,-5.709276918064443e-06
0.00130996081967101,502,1,2.374097571874003e-10,-1.229803441527011e-06
0.0013199129566355417,502,1,1.5616184422515868e-10,-9.81303791892929e-06
0.0013299895470651804,502,1,8.984981193712075e-11,-1.946267135198576e-06
0.0013399971095359408,502,1,1.2457326260763204e-10,3.8103152105728455e-07
0.0013499303694762272,502,1,8.136233317125336e-11,-2.8359945012934595e-06
0.0013599919905867561,502,1,5.4566080549389023e-11,-2.386092139983198e-06
0.0013699851505381473,502,1,5.7334139768727005e-11,2.553376529962348e-06
0.0013799748265174655,502,1,8.26849415284524e-11,3.560410329284114e-06
0.0013899123059433515,502,1,1.1002954037659827e-10,4.490219151886965e-06
0.0013999942451156462,502,1,1.6684263000977867e-10,5.108930521774413e-06
0.0014099338649546564,502,1,2.0296032853629265e-10,5.6618755259196796e-06
0.0014199880585482523,502,1,2.755426263878805e-10,5.199276619238802e-06
0.0014299410224153921,502,1,2.8775056793437555e-10,4.0148304331077966e-07
0.0014399647378862453,502,1,2.673959967733526e-10,-2.5291640147612204e-06
0.0014499809452065196,502,1,2.864256873333685e-10,1.4649796662609404e-06
0.001459944908936736,502,1,3.429650598112436e-10,4.6232655630945585e-06
0.0014699512338979617,502,1,3.477328362321702e-10,1.4091347997902126e-06
0.0014799235030007497,502,1,3.324099749153948e-10,-8.265714442817762e-06
0.0014899366173026151,502,1,2.3550747636430307e-10,-3.1403949319538937e-06
0.001499990420126971,502,1,2.0089139609501738e-10,-9.239217583112413e-06
0.0015099575319327033,502,1,1.3455669009701044e-10,-1.185845398460339e-06
0.0015199765164080198,502,1,1.0583425495098238e-10,-3.605873847095653e-06
0.0015299491666946959,502,1,5.175951403150493e-11,-9.155287196860318e-06
0.0015399987513572432,502,1,-1.012541524370291e-11,-2.233521208178102e-06
0.001549974901527717,502,1,2.6809149072874847e-11,1.1603121856551546e-05
0.001559979856524952,502,1,1.1112923889488105e-10,9.653138995757704e-06
0.0015699594351443944,502,1,1.950069655856949e-10,9.39079055045644e-06
0.001579918773549063,502,1,2.3105415758434668e-10,-1.8821845256533631e-06
0.0015899439769683828,502,1,2.582571287696616e-10,3.778650973451647e-06
0.0015999543075729818,502,1,2.7982759283286165e-10,-4.326111971431068e-07
0.0016099164701122103,502,1,1.844182916152634e-10,-1.487143972589422e-05
0.0016199934375123123,502,1,1.464890046254158e-10,2.474878320307683e-06
0.0016299767194849271,502,1,1.8518065859822832e-10,1.9281717889112204e-06
0.0016399320316245294,502,1,1.4905556542665096e-10,-3.8229840766679235e-06
0.0016499685899983411,502,1,1.5019361137278732e-10,-8.315249214185805e-08
0.0016599434567047308,502,1,1.586722869353983e-10,-1.2353030382078467e-06
0.0016699831303536646,502,1,1.1903827761762411e-10,-7.543557579370308e-06
0.0016799338482886494,502,1,7.504272978166955e-11,-1.4710576886067805e-06
0.0016899761201780224,502,1,8.15320200523768e-11,2.9911686073996746e-06
0.00169992928424783,502,1,1.0924018994106519e-10,6.136645258947304e-06
0.0017099755055905552,502,1,1.2244538396618155e-10,-4.560030070092924e-06
0.0017199843801098905,502,1,9.848086559969714e-11,-1.2368526156186777e-06
0.0017299320636266187,502,1,6.7895875087857e-11,-8.487797104272943e-06
0.0017399753388256676,502,1,-2.583494287695835e-11,-7.824450032500874e-06
0.0017499882378221576,502,1,-7.09350828765923e-11,2.955536762883071e-06
0.0017599367238823038,502,1,-5.991447356708891e-11,-4.696145990759626e-06
0.0017699212396846728,502,1,-1.2465249922456072e-10,-4.0374576981278e-06
0.0017799940536531063,502,1,-1.53411771116875e-10,-2.2165292505871292e-06
0.0017899421800572132,502,1,-2.1069981867467564e-10,-5.925227371639252e-06
0.0017999695895979386,502,1,-1.600382916991963e-10,1.356961942000634e-05
0.0018099469624085097,502,1,-2.5579738903829257e-11,1.1451770154852214e-05
0.0018199691083681014,502,1,5.4199605990017607e-11,5.364639499155777e-06
0.0018299171679675677,502,1,9.33975683776203e-11,4.9849685297455315e-06
0.0018399400320049208,502,1,1.4597569022493603e-10,4.36880078977242e-06
0.0018499899711646014,502,1,1.2874895772480076e-10,1.989333674679017e-06
0.0018599223412782957,502,1,1.3760915122561825e-10,-2.9131896291390014e-06
0.00186996112418816,502,1,5.66763162501016e-11,-1.1409846109089461e-05
0.0018799348770303093,502,1,-4.2788378961476224e-11,-7.5055114122091204e-06
0.0018899777973552358,502,1,-5.3918219629001314e-11,3.377138058535678e-06
0.0018999384412200213,502,1,-5.539033949797335e-12,5.542881276993095e-06
0.0019099731120282661,502,1,6.424422162670481e-11,6.810588338831969e-06
0.0019199545157963268,502,1,9.88901934210367e-11,-3.541744147406156e-07
0.001929936960045592,502,1,7.248458438320843e-11,-1.4730055385367424e-06
0.0019399585878920463,502,1,6.538217537669299e-11,-1.24236968740421e-06
0.0019499597434269062,502,1,7.281198064726553e-12,-8.167525758745464e-06
0.001959911501671131,502,1,-5.439664614845837e-11,-3.642268272346927e-06
0.001969983977620256,502,1,-3.689194810779133e-11,7.871953835447698e-07
0.0019799540554424335,502,1,-6.073903041123156e-11,-3.65737165125557e-06
0.0019899863872632397,502,1,-1.0575148651328957e-10,-6.24470083809836e-07
0.0019999703538813034,502,1,-9.833586483652386e-11,-6.665239896119779e-07
0.0020099469732676833,502,1,-1.5238769957275772e-10,-1.1138269976881943e-05
0.0020199909790062837,502,1,-2.575493039220719e-10,-1.0700559397336384e-05
0.002029966872477179,502,1,-3.316137323879163e-10,-5.285497311630083e-06
0.0020399606461028257,502,1,-3.309804670903482e-10,6.4400272825615446e-06
0.0020499637944735856,502,1,-2.464745233742862e-10,9.421417389049447e-06
0.002059965218332684,502,1,-1.5163695675157675e-10,2.5892465813637244e-06
0.0020699561710697525,502,1,-1.8122333262537331e-10,-2.6507740753523024e-06
0.0020799201752331837,502,1,-1.6464500394292297e-10,4.543435931925188e-06
0.0020899953148975584,502,1,-8.224401542423045e-11,9.06942759514029e-06
0.002099958728119006,502,1,-4.901474531119937e-11,1.3080866053116758e-06
0.002109925032315064,502,1,-2.023267783612156e-11,3.57930812763807e-06
0.0021199536060964004,502,1,-2.6678473866230358e-11,-1.3756503325634828e-06
0.002129985021832349,502,1,-3.159452278793384e-11,2.2444019575351692e-06
0.002139970783585738,502,1,-6.706406009885746e-11,-9.306231616934557e-06
0.00214996623596746,502,1,-1.2932392505142596e-10,-2.8324120700390365e-06
0.002159951286584308,502,1,-1.6804681725035564e-10,-1.625993335946374e-07
0.002169946304954317,502,1,-1.7271482400162423e-10,-4.6528285711777695e-06
0.002179943703760136,502,1,-2.0498878316359617e-10,5.011946184463323e-06
0.002189966126711361,502,1,-1.597051788258718e-10,-1.065502538394325e-06
0.002199914040111689,502,1,-1.9902087144004984e-10,-4.467621281922796e-06
0.0022099518420849945,502,1,-2.4774484784354563e-10,-6.404278383276285e-06
0.0022199795458454877,502,1,-3.152427381636347e-10,-3.396059016669284e-06
0.0022299464288808683,502,1,-2.9148911597295804e-10,9.744891608542972e-06
0.0022399737534004424,502,1,-1.8817162087513678e-10,6.124992109238225e-06
0.0022499780068809625,502,1,-2.151458492138475e-10,-2.0301797911959074e-06
0.0022599422814206815,502,1,-2.0255261975066913e-10,2.9385495715628096e-06
0.0022699932041969294,502,1,-1.9931897005080073e-10,-2.838303954977306e-06
0.002279952059043025,502,1,-2.367593401748406e-10,-5.785785250865538e-07
0.002289964359032452,502,1,-1.8380956515694474e-10,5.777050203548129e-06
0.0022999640222200143,502,1,-1.4859900626805516e-10,-2.17551225367707e-07
0.002309991084289151,502,1,-1.6913439685152184e-10,-2.062240887078237e-06
0.002319917579662434,502,1,-2.151227658973799e-10,-8.147661999802214e-06
0.0023299731467054303,502,1,-2.4701056202041467e-10,5.184838780758483e-06
0.0023399462295683525,502,1,-9.34274777394863e-11,1.6710026190414062e-05
0.0023499603114730673,502,1,-1.0887792790015716e-11,4.961496844251012e-06
0.0023599678377285343,502,1,2.1981889686994343e-11,1.9502445905272142e-06
0.002369916117142363,502,1,6.178067171074605e-11,3.845908835065082e-06
0.0023799909620431724,502,1,1.273662210889029e-10,7.7651083004171e-06
0.0023899964261327646,502,1,2.0432514771315659e-10,5.004556415943995e-06
0.002399919542293609,502,1,1.6445062682896331e-10,-7.378739500726872e-06
0.002409967486389045,502,1,1.6554219015144133e-10,2.423897704301181e-06
0.0024199444124620006,502,1,1.7474133189818728e-10,-3.6074652360329473e-06
0.0024299537780780815,502,1,1.3261668826080545e-10,1.4239203521837496e-07
0.002439912383324009,502,1,1.8181123129907238e-10,5.579820134715696e-06
0.0024499348022887285,502,1,2.4933691686302405e-10,4.771996186897498e-06
0.0024599363281703726,502,1,2.8373869422217536e-10,-3.154686474035606e-06
0.0024699639710001366,502,1,2.6900498644485786e-10,9.364308949100231e-07
0.0024799783935041467,502,1,2.1232161448315047e-10,-4.274269632120742e-06
0.0024899589937178272,502,1,2.330223729801056e-10,6.572230161538961e-06
0.002499980759365974,502,1,3.515869075843242e-10,1.0916144320249899e-05
0.0025099259281406287,502,1,4.3011572739050114e-10,1.2749745647994137e-05
0.002519968243326099,502,1,5.269300947993976e-10,8.552535830472219e-06
0.0025299626932118757,502,1,5.231100151301387e-10,-1.0896100355539673e-05
0.0025399921288444347,502,1,4.2084442271247144e-10,-1.0378295300705886e-05
0.0025499517793088357,502,1,3.787481890886891e-10,-1.2425974334762113e-06
0.002559945931782428,502,1,3.979935010435488e-10,2.2693453135009395e-06
0.0025699875608820484,502,1,4.0764340767009003e-10,-6.042349350449117e-07
0.0025799634407477146,502,1,4.0035751640925504e-10,1.7403652806669e-06
0.002589997635988605,502,1,4.39400966682085e-10,1.0067310107775285e-05
0.0025999538586885173,502,1,6.000811833862542e-10,1.3814935680422913e-05
0.0026099321790062882,502,1,6.473389949486442e-10,-3.3198424761737844e-06
0.0026199814028189197,502,1,5.632812886643187e-10,-3.643653849583206e-06
0.00262996368374016,502,1,5.161501763172841e-10,-1.0271226683261636e-05
0.002639926869237403,502,1,4.2396411446647686e-10,-8.67888952006679e-06
0.0026499809017479343,502,1,4.0164732433375537e-10,5.370524856385117e-06
0.002659931608901232,502,1,4.3252875974987776e-10,2.3828413340393206e-06
0.0026699302075297296,502,1,4.495305365063507e-10,9.518826614374198e-06
0.002679925834619242,502,1,5.176629127120374e-10,1.3533745423857657e-06
0.0026899210349086685,502,1,4.6462957579410016e-10,-1.1458090960925205e-05
0.002699986691880266,502,1,3.9327549077627683e-10,-6.197372516836275e-06
0.002709917997818696,502,1,3.154229294103511e-10,-1.002533151989865e-05
0.0027199801589531977,502,1,2.4911027035858977e-10,-4.265803031866522e-06
0.0027299574274404588,502,1,2.2217266964220093e-10,8.973252056954095e-07
0.00273998197206768,502,1,2.2238551820692926e-10,1.2828958364935472e-06
0.002749927030553463,502,1,1.9347173862643645e-10,-7.7763809671616e-06
0.0027599892595476377,502,1,1.2845354445243816e-10,-1.466003258388665e-06
0.002769931172893359,502,1,1.1821743481390244e-10,-1.0623752119687246e-06
0.0027799815756795964,502,1,9.927117886266356e-11,8.979045849587253e-07
0.0027899435449372386,502,1,4.6595382337689256e-11,-1.1392451012420812e-05
0.0027999291500746316,502,1,-7.842503501738983e-11,-1.3936444880457977e-05
0.002809998311228338,502,1,-2.0264669564791504e-10,-4.240784229392336e-06
0.002819983901517645,502,1,-2.2672861158996058e-10,-5.287904765616247e-06
0.0028299259032926296,502,1,-2.5028668922149515e-10,4.445622103610436e-06
0.002839966537431897,502,1,-1.375926196065067e-10,1.5011152660004967e-05
0.002849980464035849,502,1,2.5066035825340978e-11,1.2066915840824866e-05
0.002859972413267654,502,1,2.644628536752373e-11,-1.1585066205022088e-05
0.0028699750694906262,502,1,-3.0954907388545244e-11,5.893144840951603e-06
0.0028799306231424926,502,1,4.303337065667752e-11,2.9833835267084607e-06
0.0028899371846635375,502,1,3.509808723999772e-11,-4.498823228116233e-06
0.0028999362412962023,502,1,-6.21543788591433e-11,-1.0046579071998352e-05
0.0029099914865070857,502,1,-1.0612402128677267e-10,1.3689036826858292e-06
0.0029199124163380085,502,1,-6.790539228059564e-11,5.152235066696598e-06
0.002929978411528775,502,1,-5.804886345064442e-11,-6.906758152125381e-06
0.0029399364732871085,502,1,-8.560138974609069e-11,2.672760642918881e-06
0.002949914339342507,502,1,-1.1605251614164652e-10,-7.4488472815437134e-06
0.0029599423294730132,502,1,-2.203687978184234e-10,-1.0066627631422076e-05
0.0029699733014386183,502,1,-2.6650648067348237e-10,-2.382584370519414e-06
0.0029799317744709313,502,1,-3.1235008807018003e-10,-5.657551511828451e-06
0.002989931702368663,502,1,-2.8347834470367444e-10,1.0572190236035617e-05
0.0029999586887304325,502,1,-1.4323453811762777e-10,1.6958903640063028e-05
0.0030099220723408715,502,1,-9.927727046718099e-11,-7.638247371433149e-06
0.0030199777646953765,502,1,-2.2004972938663908e-10,-1.1707394752924483e-05
0.003029972238821202,502,1,-2.926160664701939e-10,-5.1246979886343524e-06
0.003039965562187682,502,1,-3.882999001665193e-10,-7.353869427378923e-06
0.0030499652233629258,502,1,-3.6625494254418354e-10,6.0165450372420826e-06
0.00305993983183672,502,1,-2.985653369196419e-10,5.434381441309002e-06
0.003069944723646831,502,1,-2.812497173630864e-10,3.583727905542844e-07
0.0030799673093918466,502,1,-1.848163662362864e-10,1.4523563852306652e-05
0.003089951570591246,502,1,-1.1845500577754316e-10,8.608606526516738e-07
0.003099996618402475,502,1,-4.6295341753981956e-11,1.2068485652633187e-05
0.0031099435813257727,502,1,1.905867226579763e-11,1.1166761208492026e-06
0.00311994486892057,502,1,-2.7560493762633848e-11,-5.502842320564971e-06
0.003129939561414013,502,1,-8.594110893853785e-11,-3.864452214147329e-06
0.003139914600232997,502,1,-8.326382486542264e-11,4.996912467414294e-06
0.0031499577257448827,502,1,-9.403131327710159e-11,-1.984720580300303e-06
0.003159963763595011,502,1,-8.237676420479927e-11,2.5079515411086106e-06
0.0031699744740670078,502,1,-9.035686316761842e-11,1.2328335741162988e-08
0.0031799145826637574,502,1,-1.1926529104487268e-10,-2.4428757231520493e-06
0.0031899890966117523,502,1,-1.406448419777025e-10,6.590758368119065e-06
0.0031999109287082564,502,1,-6.045200826398467e-11,7.646348572865058e-06
0.003209961215371861,502,1,-1.0799002347867482e-11,1.1752167461964724e-06
0.003219913694989662,502,1,1.9767458798173243e-11,3.0386942961868613e-10
0.0032299520060444955,502,1,-7.808731436191227e-12,-1.77983663647574e-06
0.0032399747253086747,502,1,-6.710253853221479e-12,-3.63749518281567e-06
0.003249912405336842,502,1,-3.9904092630584954e-11,3.668642298282343e-06
0.0032599562104979477,502,1,1.1456001354457636e-11,4.6150211708839706e-06
0.0032699760401257586,502,1,2.1990931888220126e-11,8.065393607425975e-07
0.003279933369739025,502,1,2.7351124489921413e-11,-1.0134667515343532e-06
0.0032899357981529846,502,1,6.260058251564553e-12,-2.5657259174541314e-06
0.0032999780149059513,502,1,-5.951324224739502e-11,-1.0931121561530421e-05
0.0033099648376778332,502,1,-1.452929346387917e-10,-5.699266207415121e-06
0.003319982639241931,502,1,-1.6993118249313802e-10,3.477814772084864e-06
0.0033299546666600175,502,1,-1.5160966928871942e-10,-4.038741478196162e-06
0.003339942535206861,502,1,-1.8172594256227886e-10,7.620580033673718e-06
0.0033499322210104668,502,1,-1.3614624674561653e-11,1.9645255313227583e-05
0.003359951789036946,502,1,1.0278710311467345e-10,-4.8004358543796144e-08
0.00336997548022929,502,1,9.407020448062555e-11,1.1125283105317685e-06
0.0033799476808980154,502,1,1.0901540390003032e-10,5.261182394966646e-06
0.003389955635225697,502,1,1.2764322334608585e-10,-3.950570699545741e-06
0.003399962869026109,502,1,1.210457217807123e-10,6.516949461878724e-06
0.003409959199319165,502,1,1.717581234109588e-10,2.158139590813235e-06
0.0034199678444148994,502,1,1.9606045666988896e-10,6.280480511433595e-06
0.0034299595271051883,502,1,3.01781359685154e-10,5.971794025810828e-06
0.0034399164707625703,502,1,2.6551362304478963e-10,-4.700851389038974e-06
0.0034499658485045172,502,1,2.808871194770029e-10,3.448392063787331e-06
0.003459987931280735,502,1,2.82149151500485e-10,1.885225450748429e-08
0.003469992485711434,502,1,2.9708244534792623e-10,-1.662266924828959e-06
0.003479987355730773,502,1,2.5396580327056875e-10,-6.047273572257206e-06
0.003489935570127207,502,1,2.2351118729069968e-10,5.009984478054896e-06
0.0034999158792296606,502,1,2.80525477765756e-10,-6.509657893921661e-06
0.0035099864894568645,502,1,1.8128190703907106e-10,-5.295792802478827e-06
0.003519966570310626,502,1,1.4495967037780964e-10,-1.1075389503290012e-06
0.0035299641631469847,502,1,1.256584856682713e-10,-9.781211603443474e-07
0.0035399674194764043,502,1,1.6148604070275214e-10,9.729496104324276e-06
0.0035499949278334983,502,1,1.8247101584931903e-10,-2.690665846516449e-07
0.0035599766551373557,502,1,2.437176960536567e-10,5.38064398039606e-06
0.0035699609469584752,502,1,2.3542599269602026e-10,-3.262397505476855e-06
0.0035799890543061,502,1,2.2956069377259392e-10,7.530317012061083e-06
0.0035899804680342086,502,1,3.2289585039266234e-10,2.5753871177869314e-06
0.003599979583983733,502,1,2.5917632728077807e-10,-7.104046180761436e-06
0.0036099222546385817,502,1,2.846844621104156e-10,1.1577816692254217e-05
0.003619949034292211,502,1,3.855284048716334e-10,4.6749811781765516e-06
0.0036299251144388633,502,1,3.876304594893783e-10,-1.996824589955981e-06
0.0036399497495798404,502,1,4.120163693931817e-10,1.2626291174960835e-06
0.0036499285714136675,502,1,3.3222392040497357e-10,-1.2772496614021911e-05
0.003659917996406141,502,1,2.371253913744395e-10,-4.47648960543931e-06
0.0036699789923689843,502,1,1.9176371786750997e-10,-2.1588229222602173e-06
0.003679969699011824,502,1,2.6047266080131415e-10,1.1471558963194184e-05
0.003689957342833872,502,1,3.1702689035566873e-10,-4.122813206039466e-07
0.0036999599561408046,502,1,3.2113413398751275e-10,4.443416266680655e-06
0.003709996021603432,502,1,3.7531642167233387e-10,7.776591968322588e-06
0.003719996489604073,502,1,3.5320296535613915e-10,-5.981634111029699e-06
0.0037299894974872783,502,1,3.5002798143263627e-10,3.7109304960036837e-06
0.0037399476849436443,502,1,3.7704812526578955e-10,4.073886101629842e-06
0.003749914987442235,502,1,3.8828034395961856e-10,-4.25092318881784e-06
0.0037599850074020204,502,1,3.832061920387708e-10,1.4370672757335612e-06
0.003769910128315143,502,1,4.234171903068698e-10,3.279914191980926e-06
0.0037799143296297828,502,1,4.23982917906727e-10,-1.6319816347615257e-06
0.003789986701866888,502,1,4.1781267647169685e-10,4.113609035294452e-06
0.0037999840002473618,502,1,4.194313750415196e-10,-9.849177362963868e-06
0.0038099119143367452,502,1,3.597119298796468e-10,-4.3442877521171486e-06
0.0038199544167427744,502,1,4.0081349974723e-10,1.0329328306191154e-05
0.003829973834453286,502,1,4.838073237119125e-10,1.0428383111382722e-05
0.0038399489531887013,502,1,5.229566373585008e-10,-4.006645858825597e-06
0.0038499819668304947,502,1,5.092583444245118e-10,1.0758346178363354e-06
0.0038599323729447046,502,1,5.179940686995434e-10,-1.4754318918563936e-06
0.0038699329794779852,502,1,4.922502409214578e-10,-6.690584451740644e-06
0.003879953593073857,502,1,4.369338968393988e-10,-6.478796873876647e-06
0.0038899193462273054,502,1,4.1552776443212064e-10,1.7831607298512964e-06
0.0038999674567536855,502,1,4.085255719186954e-10,1.7286601370902765e-06
0.003909973892670431,502,1,4.4700534514662514e-10,5.243074777699919e-06
0.003919971963033825,502,1,4.5213657127231863e-10,-1.2103512217476187e-05
0.003929956999827754,502,1,2.6657626619842954e-10,-1.3652384260542938e-05
0.003939982898708446,502,1,1.9315222976547166e-10,-9.656887615394627e-07
0.003949968640165373,502,1,1.3490572952501315e-10,-1.3362087313395499e-05
0.0039599934159146475,502,1,5.25065044204966e-11,4.322175481713542e-06
0.003969997519866244,502,1,6.728763373377755e-11,-1.0564611525321066e-05
0.003979982990551467,502,1,-7.880724217360004e-11,-1.1268530321961734e-05
0.003989934666993569,502,1,-1.583342433926553e-10,-7.400095876408663e-06
0.003999913003680193,502,1,-2.1278459563220593e-10,-1.4097029993886956e-06
0.004009970354351159,502,1,-2.140684795576686e-10,-1.812291389506615e-06
0.004019979094106374,502,1,-2.517007571586668e-10,-6.2935045252454636e-06
0.004029950745734171,502,1,-2.426502340711346e-10,6.857208275225929e-06
0.004039942717751812,502,1,-2.2991150519013415e-10,-4.209262693802285e-06
0.004049946997578974,502,1,-2.1741068916534162e-10,8.855808561927803e-06
0.004059916768078634,502,1,-1.797278214799299e-10,-3.2850147089202864e-06
0.004069938821230154,502,1,-2.096723186351083e-10,3.349650041228891e-06
0.004079975100885102,502,1,-2.0415748908249502e-10,1.2536081191172332e-07
0.004089973857797665,502,1,-1.771982511273678e-10,5.030205899175799e-06
0.00409995801027166,502,1,-1.435642696036631e-10,-1.2806302336840214e-06
0.004109967524010925,502,1,-9.282325671040046e-11,8.735193345738024e-06
0.0041199969731230135,502,1,-8.562938593115586e-11,-4.791171567916641e-06
0.004129920749545665,502,1,-1.0936882344615284e-10,-3.0988883811255974e-06
0.004139947689710027,502,1,-1.1217759146259443e-10,2.5176074670563153e-06
0.004149991383555522,502,1,-1.1046228914343226e-10,3.393352590502774e-06
0.004159965118920347,502,1,-3.4918995886950915e-11,3.901132297756682e-06
0.004169913432839005,502,1,-8.411813306759936e-12,4.451137918443093e-06
0.004179968965147302,502,1,6.913600703467728e-11,9.939975351314079e-06
0.004189929669998917,502,1,1.3773964686882347e-10,3.248496280389146e-06
0.004199950409495853,502,1,2.999457661276772e-11,-1.8378866223578427e-05
0.004209930314805301,502,1,-1.9980048586712895e-11,1.4768291276556766e-06
0.004219913416186126,502,1,-3.013247426945367e-11,5.399173425013615e-08
0.0042299515535647115,502,1,-8.372576055125158e-12,-1.262037498891283e-06
0.004239977093426184,502,1,-3.181245863000229e-11,-2.984907519376634e-06
0.0042499370354624755,502,1,-1.0910643087041886e-10,-1.1147170397241002e-05
0.0042599465285104434,502,1,-2.2420055019461852e-10,-8.251990098906425e-06
0.004269969327940862,502,1,-3.143064071101174e-10,-9.653241293205994e-06
0.004279913423481409,502,1,-3.249283665293954e-10,2.1153665789586107e-06
0.004289993038818147,502,1,-3.2661411617141865e-10,-1.8990555956943656e-07
0.004299991225461763,502,1,-3.5300594572977703e-10,-4.683239591546373e-06
0.004309945624254763,502,1,-3.544076067232664e-10,6.079868665520571e-06
0.004319998665508673,502,1,-2.6586367646694493e-10,9.457730185680191e-06
0.0043299549856107445,502,1,-1.6061555855764297e-10,4.121827688191582e-06
0.004339957874648214,502,1,-1.6844221688881516e-10,-2.2522233990851515e-06
0.004349963519845792,502,1,-2.0093334957082631e-10,3.376102493624078e-06
0.004359992726485439,502,1,-1.3315735710242582e-10,5.6245521277698e-06
0.004369938267809007,502,1,-7.940672385768139e-11,4.963235460953008e-06
0.004379977219591096,502,1,-3.330556888914408e-11,3.836340021323714e-06
0.004389919285692072,502,1,-4.3224826313768025e-11,-3.4703939739699763e-06
0.004399953226906091,502,1,-1.0200781619373043e-10,-4.885233974280534e-06
0.004409987380974212,502,1,-9.242111931617475e-11,4.989404535582498e-06
0.004419988878028486,502,1,-1.1185515922157218e-10,-1.1787032772443695e-05
0.004429998865776309,502,1,-2.5712864597457756e-10,-1.3017160359590774e-05
0.004439988422207526,502,1,-3.5734923578538836e-10,-5.947023474672797e-06
0.004449973551717772,502,1,-3.667262509934692e-10,2.5062663516761674e-07
0.004459977892248038,502,1,-3.308032235453933e-10,1.186068949421415e-05
0.004469970398405355,502,1,-2.968912109650642e-10,-8.11198905670274e-06
0.004479913604810073,502,1,-3.1535866632507363e-10,4.730841490541843e-06
0.004489970078022335,502,1,-2.739505105444208e-10,2.799059687502714e-06
0.00449993741492928,502,1,-2.6030325337330067e-10,2.7798855153360336e-06
0.004509995120601538,502,1,-2.508014692744238e-10,2.0649774796765996e-06
0.004519912967104461,502,1,-2.1059113037488742e-10,3.3075859931785967e-06
0.004529911878696883,502,1,-2.266845912758333e-10,-4.422316748464716e-06
0.004539943881176491,502,1,-1.7607806525992418e-10,1.2253356949099015e-05
0.004549950243808194,502,1,-8.957429046272444e-11,3.0365749973393363e-06
0.0045599603266357844,502,1,-4.5721109554546185e-11,1.0290265664902876e-05
0.004569913198020405,502,1,8.021167139866302e-11,1.0776543684198892e-05
0.0045799854445137044,502,1,1.3225921198993073e-10,3.3978442200988113e-06
0.004589936021758731,502,1,1.815397813422234e-10,8.469288649559648e-06
0.004599929223913603,502,1,2.292919415297081e-10,-1.6479211254749604e-06
0.004609987356456362,502,1,2.2939522844046976e-10,-1.6031007584087556e-06
0.004619960686584727,502,1,2.176647485803303e-10,2.953345899031623e-06
0.004629938719398666,502,1,2.435691774444924e-10,2.2482194672601707e-07
0.004639939110220124,502,1,2.4447715587766863e-10,3.3333280901604034e-06
0.004649938085724427,502,1,2.500791523834384e-10,-3.022665111207523e-06
0.004659940641841529,502,1,1.580396824988649e-10,-1.2834490114466135e-05
0.004669916187389535,502,1,6.306490880373733e-11,-4.047374191740172e-06
0.004679938341115081,502,1,1.3246644485327371e-10,5.932747042802777e-06
0.0046899614838623845,502,1,1.201127225143524e-10,-4.74367874520043e-06
0.004699974575675355,502,1,9.744557582247741e-11,1.5139090250859688e-07
0.004709931442857634,502,1,2.654153776388723e-11,-1.100464013004121e-05
0.004719973741005133,502,1,1.661718782831835e-11,9.905004729249267e-06
0.004729923877967267,502,1,1.393592754842882e-10,8.232334697100274e-06
0.004739934695376945,502,1,2.2309171545529985e-10,1.08976844874209e-05
0.004749933087141692,502,1,3.2900218890421237e-10,5.928216623034277e-06
0.004759947686275642,502,1,3.5926230790140723e-10,-8.898104732479872e-07
0.004769953864238596,502,1,3.5533288498276836e-10,2.5262556618277365e-06
0.004779977760577283,502,1,3.872766207201804e-10,4.1751258039179895e-06
0.004789924831530022,502,1,4.4899716508057575e-10,1.7488935223353153e-06
0.0047999474576260505,502,1,4.539971561667508e-10,-3.5868989923595884e-06
0.004809956384312096,502,1,4.3819881518185875e-10,-1.8178855937384109e-06
0.004819989335650662,502,1,4.6027608648432786e-10,1.3886281676894763e-06
0.00482997843143417,502,1,4.827891169900407e-10,1.2189389260496356e-06
0.0048399308876224,502,1,5.017194921848257e-10,-2.8653475202672363e-06
0.004849953462422451,502,1,4.860935432349342e-10,4.381320055646398e-06
0.004859960406139481,502,1,4.8417706282266e-10,-3.757593184584851e-06
0.004869949922529651,502,1,5.282317434381252e-10,8.408832251283194e-06
0.0048799851623246345,502,1,6.337413714975774e-10,1.0544332556983171e-05
0.004889934406036768,502,1,6.798475202934862e-10,-6.052178960491705e-07
0.004899912160993665,502,1,7.176233259703884e-10,8.699133912215551e-06
0.004909912296382969,502,1,7.43405642173432e-10,-1.0572439002237699e-05
0.004919952657889439,502,1,6.085607121583767e-10,-1.2959088633912597e-05
0.0049299272153804,502,1,5.415829058954885e-10,-3.350158737785991e-06
0.004939973115714349,502,1,4.834735760814147e-10,-7.558552122144402e-06
0.004949985571060847,502,1,4.039469061301688e-10,-7.225297112306572e-06
0.004959954266574387,502,1,3.495508235042599e-10,-4.4671550352565204e-07
0.004969996321362849,502,1,3.811155459756553e-10,3.303699898510315e-06
0.004979992745778636,502,1,3.877675837321386e-10,-4.399328622214926e-06
0.004989910372996275,502,1,3.8771527680490285e-10,6.008285284769821e-06
0.004999989828124606,502,1,4.940696915208909e-10,9.368516964314288e-06
0.005009944894077283,502,1,5.112777763687697e-10,-4.0490982505803075e-06
0.005019922824595333,502,1,4.3027040373818607e-10,-7.190430320214158e-06
0.005029950527708838,502,1,3.8772677149600675e-10,-4.447852777644812e-06
0.005039976457477679,502,1,3.0607191612661163e-10,-4.806825732311948e-06
0.005049998250612578,502,1,2.709793327752033e-10,-4.151982528899367e-06
0.005059991522304214,502,1,2.4760683274065935e-10,5.244081706490267e-06
0.005069992967342526,502,1,3.054685350103141e-10,5.869408242015206e-06
0.005079932539354548,502,1,3.528597315868246e-10,-1.6985833458660338e-06
0.005089968797413039,502,1,2.976567627800523e-10,-4.7576089389766985e-06
0.00509997393006848,502,1,2.1331190048762809e-10,-1.0527287633732563e-05
0.005109924458012398,502,1,1.8192500477132384e-10,4.2323711866437685e-06
0.005119957649783202,502,1,2.446248441493286e-10,4.578927293996671e-06
0.00512997841387228,502,1,2.029266215343949e-10,-1.3088419206663815e-05
0.0051399270957221185,502,1,1.346578883749784e-10,-3.7276820143428147e-06
0.005149960929375548,502,1,8.946654086517715e-11,-8.02927534260256e-06
0.005159992276789586,502,1,-2.198881125060415e-11,-9.03868645832362e-06
0.005169916244608909,502,1,-5.111576977255604e-11,2.2718960928647114e-06
0.005179957565851426,502,1,-4.465519181642494e-11,-5.962818100557765e-06
0.005189934467174066,502,1,-1.4117414918269543e-10,-6.546710865654171e-06
0.005199924140091511,502,1,-1.7211503597028982e-10,2.1651426031776833e-06
0.00520992989008597,502,1,-1.3463992949264522e-10,7.892733931147422e-07
0.005219967545234522,502,1,-1.4483537440498982e-10,6.1115352550378255e-06
0.005229983324760798,502,1,-3.869887120873092e-11,1.0846518822216211e-05
0.005239996154702305,502,1,2.4713348530307512e-11,2.895589491236361e-07
0.00524992233447166,502,1,2.497809421862611e-11,-4.255908882616621e-06
0.005259936029047533,502,1,-3.054628755757706e-11,2.5270737126492637e-07
0.005269935622512858,502,1,-3.870832538920631e-11,-2.2769885332507567e-06
0.005279995732845253,502,1,-6.72246237753003e-11,-2.7755017809882876e-06
0.005289953352829132,502,1,-8.123514749132387e-11,-1.7797329870256062e-06
0.005299950756724726,502,1,-6.63931974600741e-11,3.755100542152112e-06
0.005309988630281945,502,1,-7.320386333970651e-11,-2.882547643578981e-06
0.005319932120904197,502,1,-7.939556477712482e-11,-7.437882427185905e-07
0.005329921110000552,502,1,-1.185417242017666e-10,-1.411853903968141e-06
0.005339977678087957,502,1,-9.494195555266398e-11,3.896285002052968e-06
0.005349950290723728,502,1,-7.050527462444526e-11,3.1654961984983743e-10
0.005359922885445993,502,1,-4.147341177489173e-11,7.748089536518954e-06
0.005369932044929237,502,1,-1.3373973593345818e-12,-1.753297470097337e-06
0.005379982071020151,502,1,-5.456395710724696e-11,-8.130926023669494e-06
0.005389930430628704,502,1,-9.622936930465758e-11,-2.434368761794481e-06
0.005399915953963886,502,1,-1.2871553342014915e-10,5.24152852149351e-07
0.00540995240897122,502,1,-1.2778555648762372e-10,-5.262921689980216e-06
0.005419997426825978,502,1,-2.103345533005762e-10,-8.14550695393823e-06
0.005429927408806169,502,1,-2.8044554354773855e-10,-5.889480279686055e-06
0.0054399488331419105,502,1,-3.5849929435447674e-10,-6.803970007657201e-06
0.0054499588509747746,502,1,-3.902396407591286e-10,3.760049176848579e-06
0.005459934600269969,502,1,-3.0026490324282207e-10,9.17462249200307e-06
0.005469983054246704,502,1,-2.612557285868014e-10,6.675829024582747e-07
0.005479992107511032,502,1,-2.385178805579567e-10,1.0917152286904486e-06
0.005489915044825474,502,1,-2.3753231722887516e-10,2.309930741614674e-06
0.0054999398060892575,502,1,-2.3191456763823367e-10,-4.141309420391259e-06
0.0055099406078399004,502,1,-2.645244051793517e-10,9.497966460270124e-07
0.005519962846042148,502,1,-2.3131871237240303e-10,3.8325119140758535e-08
0.005529956365017607,502,1,-2.777781488070522e-10,-4.477966290328261e-06
0.00553994993223088,502,1,-2.8380964859837964e-10,4.26442092919593e-06
0.005549941792256843,502,1,-2.366715394457985e-10,-3.7777304018049573e-06
0.005559926319748035,502,1,-3.0531805073710533e-10,-3.733468048466859e-06
0.0055699993223433854,502,1,-3.2132859805448664e-10,8.648211258233118e-08
0.0055799367227345985,502,1,-2.636036841485354e-10,1.0123850648968702e-05
0.005589923606788196,502,1,-2.3116734169954377e-10,-5.150473497805841e-06
0.005599997659012918,502,1,-2.6999270899814127e-10,1.7636786658059567e-06
0.005609979846263005,502,1,-2.1473994791013605e-10,4.758562191148341e-06
0.00561997684948334,502,1,-1.8590058317763836e-10,2.5200479286877076e-06
0.005629917804818383,502,1,-1.4265631133961187e-10,5.164357166714817e-06
0.005639987215473223,502,1,-1.0134781545484113e-10,4.54006959058062e-06
0.005649922620070556,502,1,-1.1200989517581264e-10,-7.856752786528087e-06
0.005659941866124589,502,1,-2.1895902560016165e-10,-6.216553035759409e-06
0.005669980815420188,502,1,-1.9593246913393798e-10,2.5289618213603093e-06
0.0056799894199280115,502,1,-1.8019376239747234e-10,-1.341287936315605e-06
0.005689949831025863,502,1,-2.675314398877996e-10,-7.300852602965674e-06
0.0056999597423187534,502,1,-2.5329996147887255e-10,2.0879318620992127e-06
0.00570993265189657,502,1,-2.3826623411155935e-10,6.1340901746920196e-06
0.0057199731076332085,502,1,-1.63876262935386e-10,2.6773416492709146e-06
0.005729986159079065,502,1,-1.6943246177767824e-10,-2.056647882608953e-06
0.005739979822075205,502,1,-1.5446833060036685e-10,5.673558629546577e-06
0.0057499882563363395,502,1,-1.356158681278016e-10,5.477717723856301e-09
0.005759971067453863,502,1,-1.0588443283125905e-10,4.374224524428261e-06
0.005769914705944676,502,1,-5.677096725222551e-11,1.3411176078143017e-06
0.005779915093104964,502,1,-1.4906276837291178e-10,-1.3693793765812146e-05
0.005789954024491221,502,1,-1.6888562051824453e-10,4.656457072461928e-06
0.0057999718380413465,502,1,-1.0957664106737305e-10,5.688646255386232e-06
0.005809948238187934,502,1,-6.627694699201081e-11,-1.0069419923708356e-06
0.005819966433161139,502,1,-1.1685223962916057e-10,-7.526203644470097e-07
0.005829963475515406,502,1,-8.543604391178655e-11,3.262353564849243e-06
0.005839957829216385,502,1,-1.4670388723388785e-11,9.122702104874536e-06
0.005849923008973904,502,1,7.845838668473106e-12,-4.4502543405655626e-06
0.0058599676883578,502,1,-4.367180881240657e-11,-2.3397302168493006e-06
0.005869950859385353,502,1,-7.87667528035578e-11,-5.570439198826493e-06
0.005879961945706078,502,1,-1.3316092325174123e-10,-3.926353943028982e-06
0.00588998548226972,502,1,-1.629910660123679e-10,1.2715214660063978e-06
0.005899948289989567,502,1,-8.799412820063217e-11,8.390066418673126e-06
0.005909950491986365,502,1,5.2498409147048704e-12,4.5800024821296415e-06
0.005919914076724146,502,1,-2.5926365282348974e-11,-5.449282250588605e-06
0.005929943778315587,502,1,-3.5033703287565623e-11,1.416024827088913e-06
0.005939981904542898,502,1,-2.8423212649611104e-11,2.4926566533078898e-08
0.005949924079854558,502,1,-4.673749312439639e-11,2.2477210582655394e-06
0.005959985841299361,502,1,2.7112687876396286e-11,9.14142649589833e-06
0.0059699449641224854,502,1,1.100523866593659e-10,8.594010294404875e-06
0.005979984692646613,502,1,2.1990781401466804e-10,8.64895475082006e-06
0.00598992123451152,502,1,2.4229701055998804e-10,-2.327658071010763e-07
0.00599996277322531,502,1,2.550118356430919e-10,3.7844212313342673e-06
0.006009989736834148,502,1,2.6525593641406873e-10,-1.571184234772094e-06
0.006019995101636493,502,1,2.3989640002009807e-10,-2.286932337725034e-06
0.00602998434103226,502,1,1.9892750160066964e-10,-3.0255899026200572e-06
0.006039916868491363,502,1,2.4337684356034875e-10,1.0714643715215022e-05
0.006049959602064085,502,1,3.659983916719895e-10,8.398653850827387e-06
0.006059964207571949,502,1,3.760677201098588e-10,2.9613572476161476e-06
0.006069980697623138,502,1,4.537522813540494e-10,7.2956879795110785e-06
0.0060799429193211935,502,1,4.863446874704149e-10,1.2166264456020537e-06
0.006089984857841491,502,1,4.417420550648066e-10,-1.282204508157303e-05
0.006099920010855152,502,1,3.507724159793307e-10,-1.1423288952372435e-05
0.00610995507224741,502,1,2.609039038180066e-10,-5.369839449986813e-06
0.006119989798624146,502,1,2.0216525706574502e-10,-7.519326605476273e-06
0.006129956824465247,502,1,1.412209458887117e-10,-1.3305991597573064e-06
0.006139974559611953,502,1,1.5683712052901348e-10,1.4954642909570381e-06
0.006149928902030539,502,1,1.660620173154077e-10,3.1515774418511278e-06
0.006159949720726873,502,1,2.1961127055979645e-10,6.839533779168239e-06
0.006169920194382267,502,1,2.3268925161019363e-10,-2.6762239543898225e-06
0.00617995039611183,502,1,2.1831935079072917e-10,-1.1761865544024364e-06
0.006189968331930112,502,1,2.300504105043192e-10,8.47051172453428e-07
0.006199999582343959,502,1,1.7170025457305914e-10,-1.1173693922644778e-05
0.006209947124787719,502,1,7.992534198291248e-11,-1.0490715200373035e-05
0.006219984412369792,502,1,2.4905910575692735e-11,1.797995086399995e-06
0.006229980641453494,502,1,1.508631026296537e-11,-2.3477166336549615e-06
0.006239915929178187,502,1,2.7712328251253268e-11,6.173824916081566e-06
0.006249993171169993,502,1,9.736305256185932e-11,4.8846019554682485e-06
0.00625991445930508,502,1,1.1973804767316455e-10,-1.5786308654730519e-06
0.006269940141280217,502,1,1.402729743849669e-10,2.761877653245648e-06
0.006279936463845391,502,1,1.8480793486524722e-10,5.864846580681815e-06
0.006289987798605394,502,1,2.0715980963966288e-10,-4.576878778195237e-07
0.006299936830776426,502,1,1.8823399175487863e-10,-9.333955029056096e-06
0.006309955716888128,502,1,8.203876757455255e-11,-5.3774438177889294e-06
0.006319992844598638,502,1,5.619299364134612e-11,-4.0158519765132183e-07
0.006329950354656333,502,1,1.9687438444528354e-11,-8.189197295838113e-06
0.006339957149845124,502,1,-5.0098366895115574e-11,3.654831531307856e-07
0.006349917350689544,502,1,1.9731794833377004e-11,1.023234225183689e-05
0.006359982470923128,502,1,1.260009980361418e-10,4.9803661038572145e-06
0.006369979550279927,502,1,1.3301524397483726e-10,-9.445412862130187e-07
0.0063799427695577565,502,1,7.049988296030984e-11,-8.521284454499067e-06
0.006389964103290544,502,1,1.6462385360815706e-11,1.58798656840764e-06
0.0063999688223133466,502,1,2.3334619339632006e-11,-7.34523380102603e-06
0.006409933629444125,502,1,-5.657415833801451e-11,-4.555342932560658e-06
0.006419997156433056,502,1,-7.913489012587412e-11,2.6257775076338197e-06
0.006429923597443223,502,1,-9.399806553138563e-12,8.692787093922405e-06
0.006439980430426857,502,1,9.30508268151135e-11,8.833606169766917e-06
0.006449920631947405,502,1,1.4767906430426244e-10,4.944148393470904e-08
0.006459925437463352,502,1,1.1294548956075229e-10,2.5405416709256556e-06
0.0064699528531214304,502,1,1.7727952862370196e-10,4.485326436265424e-06
0.006479970872838756,502,1,1.8491775870280437e-10,-3.599103437612605e-06
0.006489933050048966,502,1,1.353820830677041e-10,-5.766725103772963e-06
0.006499971049803978,502,1,7.34439692501887e-11,-7.51349687905245e-06
0.006509924435970957,502,1,-6.020375231598641e-12,-5.367391232247165e-06
0.006519919271301669,502,1,-2.1618480504283655e-11,2.0424402071006487e-06
0.006529938861540502,502,1,-4.361437749719971e-11,-7.359747484461665e-06
0.006539944941295382,502,1,-9.587804567951787e-11,-3.6258967383850926e-06
0.006549932124492426,502,1,-1.0065687796071907e-10,2.602014928937413e-06
0.0065599346390226455,502,1,-9.016796566395455e-11,6.365382790654572e-07
0.006569941910771063,502,1,-4.97566220809733e-11,2.6915834420160323e-06
0.006579954726835413,502,1,-6.100499148235046e-11,-3.399374624679652e-06
0.006589954448355206,502,1,-6.033383151636789e-11,3.625973789223025e-06
0.006599924073090174,502,1,-2.3061838287023566e-11,-1.4285843706607348e-07
0.006609938559825719,502,1,-2.99649587928659e-11,-2.22056583648253e-06
0.006619969101457463,502,1,-5.28202236825179e-11,-6.142889626692405e-07
0.006629929881483166,502,1,-7.121229378615401e-11,1.3322514386404638e-06
0.006639916828671859,502,1,-1.1006074139425213e-11,6.415304161885849e-06
0.006649911804091403,502,1,4.2014534756614906e-11,1.0583738107028395e-06
0.006659988970872415,502,1,1.5419402530519356e-11,-1.292337759847828e-06
0.006669975679227844,502,1,4.595284153976369e-12,-8.297597067219442e-07
0.006679979842963847,502,1,2.71070819023373e-11,2.7414650393686735e-06
0.006689969714266142,502,1,7.037623423712875e-11,6.255984203382137e-06
0.006699995039321218,502,1,1.1340594115062522e-10,4.001825437527362e-06
0.006709925788049587,502,1,1.3818222203022796e-10,3.7123573564390444e-06
0.00671993306940999,502,1,1.3240113560056773e-10,-6.44753489514871e-06
0.006729953260986388,502,1,7.746592772649451e-11,-2.2987113882932952e-06
0.006739970069871312,502,1,7.241439684541306e-11,5.601670357291422e-07
0.006749972881198917,502,1,9.276047492142337e-11,4.762013670417398e-06
0.0067599827951529004,502,1,1.2950154902852362e-10,-2.135845046546958e-06
0.00676999230626954,502,1,7.172598104460793e-11,-8.212340125379747e-06
0.006779931045841631,502,1,3.868906273343193e-11,3.2229067060268735e-06
0.006789969339644652,502,1,3.686523073114179e-11,3.329648952887787e-06
0.0067999960668701075,502,1,9.622257890235265e-11,3.973932148737536e-06
0.006809995009576674,502,1,7.879570550311976e-11,-7.488009823253261e-06
0.006819984127792944,502,1,4.553818068230943e-11,1.766313949322102e-06
0.006829942142773709,502,1,2.7793552501719935e-11,-5.493467565925725e-06
0.00683992479492637,502,1,-3.3165200489231755e-11,-6.411370739867195e-06
0.006849967984618561,502,1,-6.921496881990777e-11,3.343007417611066e-06
0.006859982919947598,502,1,-5.051926580993088e-11,-2.5073158362032277e-06
0.00686999445024317,502,1,-1.068342374913316e-10,-5.534278624985678e-06
0.006879948473019759,502,1,-1.1743840786346456e-10,4.62449412183541e-06
0.006889917705454959,502,1,-8.431912245362923e-11,8.187757508104632e-07
0.006899918176873109,502,1,-8.633513321656662e-11,-2.013491948130164e-06
0.00690998910762306,502,1,-5.066494604969955e-11,5.47129781791611e-06
0.006919977001462202,502,1,-3.3539180359685776e-11,2.383310178002973e-06
0.006929928977989079,502,1,2.3021199654105906e-11,6.9893641920226734e-06
0.006939939121703786,502,1,5.200855200775394e-11,2.1807797312423105e-06
0.006949978615812636,502,1,5.7445275476195664e-11,-5.751785975088852e-06
0.006959982938863077,502,1,2.1985560065407978e-11,-7.256157873447577e-07
0.00696993198649158,502,1,8.692045823401853e-12,-3.6433482633324576e-06
0.006979968268856902,502,1,-2.5442478614025126e-11,5.844855578696073e-08
0.006989957631337206,502,1,9.159059861384741e-12,5.343496021215088e-06
0.006999921255710294,502,1,-3.908026416616728e-12,-5.893598685906276e-06
0.007009938406314257,502,1,-1.6936500181874545e-11,1.869711916235861e-06
0.007019931339764348,502,1,7.582870475194431e-12,6.061780862709476e-06
0.0070299490324546,502,1,6.405452834575139e-11,4.45507846147386e-06
0.0070399894856379664,502,1,8.728201224347408e-11,1.5588630983276452e-07
0.00704998561284428,502,1,6.983323482839972e-11,-5.013771296802361e-06
0.0070599314214313084,502,1,5.992686700334853e-11,6.59474250408465e-06
0.0070699888064780165,502,1,1.312060576424143e-10,5.376615437285848e-06
0.00707996850933647,502,1,2.38660304275904e-10,1.1228692843950894e-05
0.007089923577128194,502,1,2.0596787148144955e-10,-7.687762973107581e-06
0.007099950974420575,502,1,1.6425578608135559e-10,-3.727591949054254e-06
0.007109953696705379,502,1,1.3282068040489136e-10,-2.7599415333146027e-06
0.007119960735343054,502,1,4.6878204968428495e-11,-1.1667711683371884e-05
0.007129922177433195,502,1,-1.6570070818487128e-11,-1.7476785764691805e-06
0.0071399526986644975,502,1,1.3138446976757577e-11,2.352071996669647e-06
0.00714999608633104,502,1,4.523332036995918e-11,2.600648530359795e-06
0.00715998588242417,502,1,-2.4350746350825783e-12,-2.9662896699478303e-06
0.007169987769420124,502,1,7.810539733287816e-11,1.3037234962598454e-05
0.00717992051263835,502,1,1.543605949814043e-10,-4.258628081246774e-06
0.007189943330576465,502,1,8.579254763001914e-11,-4.754984306631904e-06
0.007199929617999025,502,1,6.396546800841298e-11,3.8651780473950015e-06
0.0072099733293646,502,1,1.0568229764004451e-10,-4.848481274799532e-08
0.007219973862114793,502,1,9.66927084901988e-11,1.1319646711360765e-06
0.007229986255511472,502,1,7.357018507146435e-11,-4.50223528697391e-06
0.007239939879449357,502,1,7.681147344658823e-11,1.1808729347140279e-06
0.0072499888321659834,502,1,6.58467067695778e-11,-3.622193727126355e-06
0.007259951275355309,502,1,1.071736996770419e-11,-3.362962541872405e-06
0.0072699808830086286,502,1,-2.0605436560033712e-11,-5.158374074304417e-06
0.00727998241644575,502,1,-8.440196811616287e-11,-3.814033924132154e-06
0.007289918961943171,502,1,-1.0155548483576645e-10,3.624731645890389e-06
0.007299991426820916,502,1,-4.355444368201898e-11,3.4882470585362313e-06
0.007309943975890922,502,1,5.456821038662984e-12,1.9161296349601287e-06
0.0073199831732110145,502,1,-5.061194261542397e-12,-3.3435407492676816e-07
0.0073299798848572035,502,1,9.414428644890756e-12,1.7415010845622803e-06
0.00733999729061161,502,1,-3.5870668736633906e-12,-6.335469975665697e-06
0.007349933007510087,502,1,-1.6586488762389035e-11,2.013724548270701e-06
0.007359991781789826,502,1,-3.8424193231554574e-11,-5.321725063345273e-06
0.007369976607936769,502,1,-7.755128522796378e-11,-2.4940225039626895e-06
0.007379921737340566,502,1,-1.0704900491094612e-10,-4.64603923422402e-06
0.007389938203483179,502,1,-1.0723221925086203e-10,4.347178295116549e-06
0.007399918947176416,502,1,-6.578805562168306e-11,2.3313166929994633e-06
0.007409966894378495,502,1,-6.156508167359134e-11,1.977539607594947e-06
0.007419930336260066,502,1,-1.1547605551965223e-11,3.832806965753388e-06
0.007429943469089849,502,1,2.8166739738329553e-11,4.890642750388086e-06
0.007439957360402822,502,1,-2.2542072536333997e-12,-1.0770231186119084e-05
0.007449991610439264,502,1,-8.612170510533127e-11,-9.853344538512943e-06
0.007459945264136783,502,1,-1.4888948920896541e-10,3.4651723414269586e-08
0.007469965289607259,502,1,-1.7043970396869718e-10,3.567915592252516e-07
0.007479968236930811,502,1,-1.416088905368337e-10,-2.065547427904102e-06
0.0074899472824245875,502,1,-1.9825319601012492e-10,-5.2104188761337156e-06
0.007499927262415824,502,1,-2.463838096540457e-10,-2.8630628414183512e-06
0.007509990595784646,502,1,-2.0421232358865614e-10,4.879047974304385e-06
0.007519955298102691,502,1,-1.6555679038974348e-10,7.461160392074895e-06
0.0075299385531997064,502,1,-9.525196985233993e-11,6.260353287490528e-06
0.007539939831432424,502,1,-7.632938690242476e-11,4.363180806273015e-07
0.007549928577512889,502,1,-6.193367678704011e-11,8.142410936606836e-07
0.007559913530641911,502,1,-4.702157198832327e-11,3.295314407833483e-06
0.007569945819074044,502,1,-5.2422790159556865e-11,-5.998951401797736e-06
0.007579936681663815,502,1,-8.857971553719982e-11,-4.31726303766998e-06
0.0075899551437865805,502,1,-1.2573063459450053e-10,-4.649305950565896e-06
0.007599919124325865,502,1,-2.0719969899104704e-10,-9.40879639527159e-06
0.00760994299832809,502,1,-2.765649131810619e-10,-4.61822578209925e-06
0.007619971311463703,502,1,-2.713635223256292e-10,7.758910821664688e-06
0.00762994367523308,502,1,-1.8775095649527424e-10,6.358433700143218e-06
0.007639939471901827,502,1,-1.6610453490668918e-10,3.0342591798016016e-06
0.007649947591854573,502,1,-1.201687542867614e-10,2.9998147553639276e-06
0.007659938454179666,502,1,-1.5857415474094006e-10,-6.133331586721802e-06
0.00766992407906114,502,1,-2.349925591157539e-10,-9.99475356661117e-06
0.007679965514677916,502,1,-2.731114187546637e-10,3.087008226820842e-06
0.007689918763680668,502,1,-2.390624299454996e-10,1.0358857020220658e-06
0.007699942696630244,502,1,-2.6222035421349184e-10,8.124313213841994e-07
0.0077099324046619,502,1,-2.360530196492949e-10,6.612321143406596e-07
0.007719967090889942,502,1,-2.2661539317331725e-10,4.7118738258356e-06
0.007729968695914817,502,1,-1.925296774848165e-10,3.98341181712808e-06
0.0077399551151876925,502,1,-1.2645600662638875e-10,6.641393693725128e-06
0.0077499883530554245,502,1,-6.740487775285325e-11,3.307030354067486e-06
0.007759962495695265,502,1,-4.544004761646605e-11,2.620797473318337e-06
0.0077699520338017315,502,1,-1.2221208124645478e-11,7.164696254398362e-06
0.0077799408352057205,502,1,8.400847605371057e-11,7.730090514246335e-06
0.007789977068226982,502,1,1.261726011137385e-10,2.9849828590278182e-06
0.00779996152378533,502,1,1.5779203494413946e-10,8.043152577852375e-07
0.007809987647364741,502,1,1.0996413489756135e-10,-7.405024866180554e-06
0.007819948049467583,502,1,4.9507112554282774e-11,-5.7761996880290045e-06
0.007829991531495573,502,1,-9.985171647954375e-12,-2.073965862478544e-06
0.007839987594380234,502,1,-1.3237498742794116e-11,-2.7286892393257878e-06
0.007849973100140057,502,1,-1.018821868284213e-11,3.6587621883577004e-06
0.00785995978623916,502,1,1.6083640932892116e-11,4.860374606702189e-06
0.007869951411755392,502,1,2.6620519439145382e-11,-2.631026709026818e-06
0.007879977965168683,502,1,9.56638984540392e-12,-2.87873446996878e-06
0.007889911186727496,502,1,5.376749469170939e-13,-1.49006429195353e-07
0.007899993245311035,502,1,3.3754858463067765e-12,-1.7694454449157515e-06
0.00790993341943276,502,1,1.4848904976428028e-11,5.363859358592515e-06
0.007919981077959683,502,1,4.483815891716443e-11,-6.334475887159741e-07
0.007929947111314254,502,1,2.183254505384096e-11,-1.6159804684667822e-06
0.00793997206952037,502,1,1.9219619280553277e-11,5.803692903066926e-07
0.007949995462996032,502,1,3.695133443179166e-11,-4.624219442361799e-07
0.00795992987484983,502,1,6.508715448429639e-11,8.617369402275088e-06
0.007969920709021281,502,1,1.2528568681151458e-10,2.570109166072365e-06
0.007979997262565321,502,1,1.2378980677094065e-10,-1.953660991507039e-06
0.007989950705612271,502,1,6.006658173374766e-11,-9.829601597233228e-06
0.00799995957119621,502,1,7.093818703296246e-13,-2.514643756820756e-06
0.008000049102938512,502,1,4.892180008435343e-13,-2.4590377499800198e-06
0.0,503,2,0.0,0.0
9.989999999999974e-06,503,2,0.0,-3.3699735368034117e-38
1.9979999999999985e-05,503,2,0.0,-1.4832393749695152e-25
2.996999999999993e-05,503,2,4.671360937761087e-20,-4.365807233797763e-16
3.995999999982653e-05,503,2,-2.789110396892206e-17,-2.371839797955211e-11
4.99499995869668e-05,503,2,-2.3795997247928978e-14,-1.1332009177376923e-08
5.9939949594887284e-05,503,2,-7.446630384972433e-13,-1.7936452668780578e-07
6.992943033724811e-05,503,2,-4.896358497853006e-12,-6.839627139532817e-07
7.99102264454703e-05,503,2,-1.3348745937348097e-11,-6.071850941133383e-07
8.999867411661217e-05,503,2,-1.49477311097222e-11,-6.520532276274582e-07
9.996765282363734e-05,503,2,-3.028290494432334e-11,-2.3877311019701586e-06
0.00010993878595740294,503,2,-5.042500015995384e-11,-1.250018226428562e-06
0.00011999041312778416,503,2,-6.406714054971016e-11,-1.0134663937788613e-06
0.0001299449383418888,503,2,-7.423774862830299e-11,-1.1973973784579206e-06
0.00013994093718666133,503,2,-7.755516502214462e-11,2.294865468321916e-06
0.00014994107731792187,503,2,-5.015248114713879e-11,-1.037648136026359e-07
0.00015991628940019868,503,2,-3.466150119050773e-11,5.653692554008494e-06
0.00016999114436967613,503,2,-1.2751146550449158e-11,-4.1449812980542955e-07
0.00017994288874474196,503,2,-1.9439168962637665e-11,-2.7123049756022644e-06
0.00018994368999829023,503,2,-6.0837688959163e-11,-4.044291523938592e-06
0.00019991672636384466,503,2,-1.1561795607405241e-10,-6.267409760396525e-06
0.00020999902786400542,503,2,-1.2826754900562432e-10,1.5040727988913094e-06
0.00021997742469151297,503,2,-1.186298925507311e-10,1.0157955460318724e-06
0.0002299412673028418,503,2,-9.888276741288438e-11,2.165725313335587e-06
0.00023994038197849295,503,2,-1.0490612002416141e-10,-4.3959793122327895e-06
0.000249979408802032,503,2,-1.1313059347129606e-10,1.2399595180068168e-06
0.00025997760205296314,503,2,-8.635024411493905e-11,2.927808838735363e-06
0.00026994047687294405,503,2,-4.4260341173899855e-11,3.716724271223687e-06
0.000279940377661343,503,2,-4.940590196342038e-11,-3.506715290355067e-06
0.0002899171921228336,503,2,-1.0389966907478236e-10,-8.285618191328226e-06
0.00029994883246123273,503,2,-1.7897525130459687e-10,-6.240678945390599e-06
0.00030993468393218085,503,2,-2.4190006800358125e-10,-9.30677706489913e-06
0.0003199401888848346,503,2,-3.3278946745128775e-10,-2.2169360908153024e-06
0.0003299837147017973,503,2,-2.953120618492445e-10,4.457122290107973e-06
0.0003399824946225943,503,2,-2.7640582489117053e-10,1.4269063666749737e-07
0.00034998130253528954,503,2,-2.3489007862302733e-10,6.849234323480502e-06
0.0003599392373724834,503,2,-1.536064701982223e-10,6.752378339969223e-06
0.00036994979185261896,503,2,-9.352695853533392e-11,6.0812284252698134e-06
0.00037996773626411065,503,2,-7.950338295554171e-11,5.604731567188104e-07
0.00038993845631998217,503,2,-4.448205150913071e-11,-4.3655397173603117e-07
0.0003999172946923639,503,2,-7.571145847171416e-11,-4.789714687092328e-06
0.00040999872028145597,503,2,-1.482768517174673e-10,-7.1184350327602175e-06
0.0004199548776521353,503,2,-1.6937058821617896e-10,-4.574967580328604e-07
0.00042993066865616497,503,2,-2.1493160261615752e-10,-5.512090078568788e-06
0.00043997339272910024,503,2,-2.411886092152412e-10,-1.2054329451977042e-06
0.00044994914081072777,503,2,-2.384861361466443e-10,4.6777664147665265e-06
0.00045995451118858755,503,2,-1.6382350678930888e-10,6.937713694296632e-06
0.00046999149644892223,503,2,-7.721529116783404e-11,9.71557754020358e-06
0.0004799391218430586,503,2,2.1517582787486703e-11,8.525355784883004e-06
0.000489988494036519,503,2,3.5121383659155164e-11,-2.7017844624332987e-06
0.000499943020442317,503,2,2.9313044067660323e-11,5.1293150237219365e-06
0.0005099624776485783,503,2,4.885791960597584e-11,-2.7722744257718812e-06
0.0005199413734900338,503,2,5.313742591225458e-11,1.4228629850454588e-06
0.000529989712798049,503,2,3.258532041963454e-11,-1.20987076659973e-06
0.0005399383777245362,503,2,7.936146946821898e-11,6.047789802066106e-06
0.0005499579831984126,503,2,1.6724212345333995e-10,1.094086355557522e-05
0.0005599762955612779,503,2,2.6099807764920187e-10,4.296550049409653e-06
0.0005699231784678594,503,2,2.5849077033983673e-10,1.283938831156406e-07
0.0005799938953701229,503,2,3.12280256710586e-10,7.620063637525654e-06
0.0005899310793806982,503,2,3.7651059354282647e-10,6.082708598587061e-06
0.0005999659284024729,503,2,3.879825317628944e-10,9.835551281582589e-07
0.000609943251318685,503,2,4.622544013825657e-10,1.1954163117056105e-05
0.0006199233236204224,503,2,5.477703036101708e-10,3.81603920884821e-06
0.0006299331046201206,503,2,5.847385746719953e-10,3.3683985810606387e-06
0.0006399776651607039,503,2,5.530866220473506e-10,-2.8176652949185588e-06
0.0006499948876300045,503,2,5.583598516745582e-10,1.4805758668221024e-06
0.0006599160003705074,503,2,5.182438263183725e-10,-4.480786955918248e-06
0.0006699576057563944,503,2,4.746536093382385e-10,-6.169934845368097e-06
0.0006799211757989686,503,2,4.0743226400311353e-10,-7.642914644834242e-06
0.0006899905273309824,503,2,3.5344669813464655e-10,-2.6927311540525523e-06
0.0006999813053312869,503,2,3.0013932629529986e-10,-8.112649851788056e-06
0.0007099627426447686,503,2,2.1665603627321064e-10,-4.8603549971382165e-06
0.0007199888342083505,503,2,1.6885906813387223e-10,-7.540577351750066e-06
0.000729950800000866,503,2,8.795407894223893e-11,-9.227944574863312e-06
0.0007399099293326919,503,2,7.110003075263615e-11,2.6359301559947257e-06
0.0007499787321743916,503,2,9.500901643202368e-11,1.0034824515781082e-07
0.0007599121948682989,503,2,1.0989648592640275e-10,5.1489891411682365e-06
0.000769998599325241,503,2,1.613711200679457e-10,2.430660219765457e-06
0.0007799133407966841,503,2,1.6537631897248022e-10,1.74503135469406e-06
0.0007899164980803509,503,2,1.782684156847634e-10,1.2008110648054071e-06
0.0007999620760097976,503,2,1.7481474398961592e-10,-1.2221153635749715e-06
0.0008099510866692575,503,2,1.8976808328341195e-10,2.2778022681635424e-06
0.0008199263709300147,503,2,1.9194645141924305e-10,-8.519876587564923e-07
0.0008299938563031341,503,2,1.6832564597336484e-10,-8.513295666756626e-07
0.0008399425258272241,503,2,1.7644471761151122e-10,-9.748831117928347e-07
0.0008499783200037693,503,2,1.4587484522662268e-10,-5.848010366821255e-06
0.0008599246122307817,503,2,1.1344874579120813e-10,2.6013815297987186e-06
0.0008699613161949773,503,2,1.259659722534966e-10,-3.863156513572719e-06
0.0008799430792557039,503,2,6.071947559346488e-11,-7.443376462357154e-06
0.000889914613174657,503,2,1.813654168999492e-11,-3.8106405139126664e-06
0.000899940938460233,503,2,7.775811639609592e-12,-2.5441880341925405e-06
0.0009099566132113925,503,2,-2.467731709445491e-11,-3.7452439469176646e-06
0.0009199996984748391,503,2,-6.560909627850932e-11,-6.0199497662338786e-06
0.0009299583251180663,503,2,-9.902194009598386e-11,-1.6812894307535742e-06
0.0009399714833654413,503,2,-1.1131322954557532e-10,-6.641569504917122e-07
0.0009499416496498944,503,2,-8.865505697068251e-11,5.426872924818582e-06
0.0009599399966234764,503,2,-2.4190761146216906e-11,7.370600453082687e-06
0.0009699435846053626,503,2,2.589020343497447e-11,5.6587047078116015e-06
0.0009799404226288715,503,2,1.1882570552106163e-10,1.0546796757715526e-05
0.0009899704638186059,503,2,1.9737657671193686e-10,5.970552333645074e-06
0.0009999965726488068,503,2,2.0610114069091962e-10,-2.3677502961061414e-06
0.0010099574320871526,503,2,1.6099175873576224e-10,-8.469124311960563e-06
0.0010199842522080644,503,2,4.93046713381112e-11,-8.365943887977956e-06
0.0010299282517230385,503,2,1.632422590657455e-11,-1.9711941302846814e-06
0.001039952928274145,503,2,-1.3995822743481136e-11,-1.3156602154396069e-06
0.0010499456281726552,503,2,-2.7261857654420785e-11,-1.5296274094578344e-06
0.0010599673841890206,503,2,-1.615102099438337e-11,5.395948974726977e-06
0.0010699381905818913,503,2,4.229637169341936e-11,3.5295671900748005e-06
0.0010799265402712044,503,2,1.8572531835077616e-11,-6.277237297624971e-06
0.0010899215470765433,503,2,-4.2112893803013555e-11,-4.443913728058302e-06
0.0010999966318489694,503,2,-8.37880427144566e-11,-4.195414628649363e-06
0.001109995511524942,503,2,-1.396352625489787e-10,-3.4926132998491788e-06
0.0011199200024236623,503,2,-1.5584154633341588e-10,-1.0602316247165788e-09
0.0011299760781678528,503,2,-1.5334292921543018e-10,3.833132800272476e-06
0.0011399879746241996,503,2,-1.1385359930902283e-10,3.5403074601786377e-06
0.0011499254065114345,503,2,-7.660549279630865e-11,2.2701785480638836e-06
0.00115996149636992,503,2,-1.9954025916840538e-11,7.665756939667645e-06
0.001169926916304428,503,2,3.1652992293212945e-11,2.5865198852170757e-06
0.001179977029286354,503,2,8.414415663024445e-11,9.528563861938011e-06
0.0011899368801656781,503,2,2.0436460463897459e-10,9.894277333555301e-06
0.0011999190343896702,503,2,2.8451612579791555e-10,5.466910927343083e-06
0.0012099127896993515,503,2,3.33633398970465e-10,4.852317774028947e-06
0.001219999754372062,503,2,3.735763244160518e-10,5.960158221046674e-06
0.0012299240607925048,503,2,4.064457078192807e-10,-2.683717785778583e-07
0.0012399300916896981,503,2,3.6965177813375267e-10,-2.5728637986360825e-06
0.001249908852816136,503,2,3.7816656007155043e-10,5.176175994048293e-06
0.001259969570289194,503,2,4.1894280373381415e-10,1.3586711030133536e-06
0.001269997367040202,503,2,4.003812971269116e-10,-4.344645173737227e-06
0.0012799150102057472,503,2,3.9754269226711806e-10,-3.2195323624029104e-06
0.001289907700240844,503,2,4.4261456821323474e-10,4.874313192487767e-06
0.0012999968930746224,503,2,4.338629918927781e-10,-9.429758038304037e-06
0.00130996081967101,503,2,3.4277357159801826e-10,-6.8718612563078985e-06
0.0013199129566355417,503,2,2.245389254236052e-10,-1.4291859253168226e-05
0.0013299895470651804,503,2,1.2012103936992523e-10,-7.202849664378341e-06
0.0013399971095359408,503,2,9.134347459494009e-11,-2.248162814411092e-06
0.0013499303694762272,503,2,8.004401865191582e-11,-1.8488441482500395e-06
0.0013599919905867561,503,2,6.249663004821617e-11,-2.8432331611871753e-06
0.0013699851505381473,503,2,-1.163640931900051e-11,-5.962958449123867e-06
0.0013799748265174655,503,2,-2.732182542630534e-11,4.043511486473417e-07
0.0013899123059433515,503,2,-5.981066790317481e-11,-6.04817833937954e-06
0.0013999942451156462,503,2,-1.3647629120736124e-10,-5.198227256586474e-06
0.0014099338649546564,503,2,-1.1538237075850444e-10,7.961483428076122e-06
0.0014199880585482523,503,2,-2.1464925057320685e-11,7.227199646964166e-06
0.0014299410224153921,503,2,2.9920891955665765e-11,5.653448870934774e-06
0.0014399647378862453,503,2,4.5621097899857115e-11,3.357724077779345e-06
0.0014499809452065196,503,2,1.0738497651369133e-10,1.7469960054139477e-06
0.001459944908936736,503,2,1.3264629915875402e-10,4.591086459948546e-06
0.0014699512338979617,503,2,1.4995965350865124e-10,4.475934798492398e-07
0.0014799235030007497,503,2,1.6058702120449835e-10,1.0223041906898267e-06
0.0014899366173026151,503,2,1.4396722928858015e-10,-2.9721292156559276e-06
0.001499990420126971,503,2,1.1185970932416967e-10,-5.705741498829298e-06
0.0015099575319327033,503,2,4.829343270440438e-11,-2.271496312600263e-06
0.0015199765164080198,503,2,2.4729843505291466e-11,-2.659729759102447e-06
0.0015299491666946959,503,2,-3.9641001578141896e-11,-1.0819937284578529e-05
0.0015399987513572432,503,2,-1.373018194907212e-10,-9.575142108697587e-06
0.001549974901527717,503,2,-1.8998542109226755e-10,-2.2798364832932183e-06
0.001559979856524952,503,2,-1.6630629253212045e-10,1.9889359355595992e-06
0.0015699594351443944,503,2,-1.389185273196656e-10,3.6706102747308123e-06
0.001579918773549063,503,2,-9.46969092395077e-11,2.1584819945158484e-06
0.0015899439769683828,503,2,-9.500450589497043e-11,1.1345162502229833e-06
0.0015999543075729818,503,2,-5.108051281047909e-11,5.404988541901634e-06
0.0016099164701122103,503,2,-2.232946886238324e-11,2.054070183610257e-06
0.0016199934375123123,503,2,3.1089668701609046e-11,6.78180448576704e-06
0.0016299767194849271,503,2,5.915985878847594e-11,2.5199434584566305e-06
0.0016399320316245294,503,2,7.332554128530527e-11,1.296837805989104e-06
0.0016499685899983411,503,2,8.362757897604307e-11,-4.848079383501513e-07
0.0016599434567047308,503,2,7.056220926367229e-11,-1.0659372627896957e-06
0.0016699831303536646,503,2,1.1155599540844485e-10,4.0562294729984405e-06
0.0016799338482886494,503,2,1.1421527622740594e-10,8.194330766708724e-07
0.0016899761201780224,503,2,1.7257641467266363e-10,4.131833611475955e-06
0.00169992928424783,503,2,1.960259428449685e-10,5.83699230088941e-06
0.0017099755055905552,503,2,2.1145941860259572e-10,-5.220374223215141e-07
0.0017199843801098905,503,2,2.8551354271951325e-10,1.3082655596852177e-05
0.0017299320636266187,503,2,3.5180011720870475e-10,3.82420667979777e-06
0.0017399753388256676,503,2,3.9995925295240086e-10,2.5193988018035185e-06
0.0017499882378221576,503,2,3.549746725945227e-10,-7.5312364466451065e-06
0.0017599367238823038,503,2,2.7983313557929925e-10,-8.018703203105382e-06
0.0017699212396846728,503,2,2.509642682166043e-10,-2.9300391973796636e-08
0.0017799940536531063,503,2,2.2230348761286055e-10,-5.86508270405961e-06
0.0017899421800572132,503,2,1.5801799636409083e-10,-5.560079471167434e-06
0.0017999695895979386,503,2,1.224757418853562e-10,-1.3124624337335078e-06
0.0018099469624085097,503,2,1.1976392607511478e-10,1.6285654072800693e-06
0.0018199691083681014,503,2,9.780434524584721e-11,-3.2101281801644177e-06
0.0018299171679675677,503,2,4.619924198839912e-11,-8.303554253519252e-06
0.0018399400320049208,503,2,2.7864663068682103e-11,1.7163522558760747e-07
0.0018499899711646014,503,2,3.145573728211225e-11,-3.992314997591784e-06
0.0018599223412782957,503,2,1.591774202037825e-13,-3.010413076806606e-06
0.00186996112418816,503,2,-3.0021174335849064e-12,1.572294067414548e-06
0.0018799348770303093,503,2,-1.4379079974588745e-11,1.3240041511763945e-06
0.0018899777973552358,503,2,-2.7832826658580226e-11,2.0795386168614982e-07
0.0018999384412200213,503,2,1.6693595348003424e-11,7.5143574108094136e-06
0.0019099731120282661,503,2,4.288412809522944e-11,-1.3778040041101391e-06
0.0019199545157963268,503,2,2.0917108168185905e-11,-5.027115347167044e-06
0.001929936960045592,503,2,-1.070609850959244e-11,-2.832958422970683e-07
0.0019399585878920463,503,2,-9.506733920557357e-12,1.848094416945223e-06
0.0019499597434269062,503,2,-3.376737945656001e-12,2.940416602512791e-06
0.001959911501671131,503,2,4.3500146911548045e-11,2.3900715206970347e-06
0.001969983977620256,503,2,6.984099252830143e-11,1.86610672875398e-06
0.0019799540554424335,503,2,6.528516048306669e-11,-7.952893914253689e-07
0.0019899863872632397,503,2,6.074665011083144e-11,-1.0956233785219816e-06
0.0019999703538813034,503,2,5.2123530257741445e-11,-7.067935427484962e-07
0.0020099469732676833,503,2,2.7629311565991312e-11,-8.087584995486452e-06
0.0020199909790062837,503,2,-3.8972633822388636e-11,-3.256968829273843e-06
0.002029966872477179,503,2,-6.11940233237457e-11,2.0339389184553802e-06
0.0020399606461028257,503,2,-3.0356605414683384e-11,3.17058474980092e-06
0.0020499637944735856,503,2,-1.656982800548137e-13,3.9266958311579e-06
0.002059965218332684,503,2,4.858643376669364e-11,-3.809095603102275e-07
0.0020699561710697525,503,2,6.991343039165678e-11,7.102937913394669e-06
0.0020799201752331837,503,2,1.483400701620931e-10,7.651498053817818e-06
0.0020899953148975584,503,2,1.7717691027562205e-10,-9.780644999735078e-07
0.002099958728119006,503,2,1.6273748228472966e-10,-2.2156188881072847e-06
0.002109925032315064,503,2,1.3304676961755052e-10,-5.042911007585582e-06
0.0021199536060964004,503,2,9.807144129791675e-11,-4.0923732932962587e-07
0.002129985021832349,503,2,1.4480227563542863e-10,2.951859373767629e-06
0.002139970783585738,503,2,1.2083547425765335e-10,-6.922785461549452e-06
0.00214996623596746,503,2,7.373246910231625e-11,-3.3743185153811694e-06
0.002159951286584308,503,2,1.0264786988608242e-10,9.022545697123796e-06
0.002169946304954317,503,2,1.4689911645875727e-10,1.4619392325193603e-07
0.002179943703760136,503,2,1.5525608495901193e-10,4.060430566985018e-06
0.002189966126711361,503,2,1.67641071453423e-10,-2.913687240146956e-06
0.002199914040111689,503,2,1.2304646771821493e-10,-4.261528626647859e-06
0.0022099518420849945,503,2,1.1492108479755626e-10,1.5549947263437947e-06
0.0022199795458454877,503,2,1.0898355835806624e-10,-3.4245663789733705e-06
0.0022299464288808683,503,2,1.0295018399685267e-10,4.06804159287788e-06
0.0022399737534004424,503,2,1.3825016158048604e-10,2.2364649745476584e-06
0.0022499780068809625,503,2,1.568557178416254e-10,3.5304137335490093e-06
0.0022599422814206815,503,2,1.9190533023250237e-10,3.603549130259953e-06
0.0022699932041969294,503,2,2.361410538731333e-10,2.986506616731166e-07
0.002279952059043025,503,2,2.3249211554051818e-10,4.823823043009767e-06
0.002289964359032452,503,2,2.9053912537814214e-10,3.7142462921968544e-06
0.0022999640222200143,503,2,3.1868935428100756e-10,1.347967251819071e-06
0.002309991084289151,503,2,3.368549077100314e-10,2.427006102853624e-06
0.002319917579662434,503,2,3.423680033764608e-10,-9.418559148155481e-07
0.0023299731467054303,503,2,3.278306521647262e-10,1.3772592918903648e-07
0.0023399462295683525,503,2,3.68304565759813e-10,2.4272360615862354e-06
0.0023499603114730673,503,2,3.4018856813835836e-10,-2.006887023509041e-06
0.0023599678377285343,503,2,3.2999632136238347e-10,-6.520798295495123e-07
0.002369916117142363,503,2,3.0572043252744137e-10,-7.050534919006424e-06
0.0023799909620431724,503,2,2.383000103600946e-10,-5.8649166960189625e-06
0.0023899964261327646,503,2,1.9657855065494394e-10,-2.716872039343343e-06
0.002399919542293609,503,2,1.5790397301203773e-10,-3.3749153227902173e-06
0.002409967486389045,503,2,1.5570119667654273e-10,1.6230026983615753e-06
0.0024199444124620006,503,2,1.2630110183349443e-10,-7.351290160606538e-06
0.0024299537780780815,503,2,6.45812433825921e-11,-3.830961339712502e-06
0.002439912383324009,503,2,3.8365237743663084e-11,-2.9975317996089323e-06
0.0024499348022887285,503,2,4.3602205131880646e-11,-2.534433644684614e-06
0.0024599363281703726,503,2,6.7479556882327695e-12,-2.3550782426440264e-06
0.0024699639710001366,503,2,1.6880922747985824e-11,2.2579050026338976e-06
0.0024799783935041467,503,2,2.5027463208696175e-11,2.4056934458394075e-07
0.0024899589937178272,503,2,-1.46672488362043e-12,-4.3708093035998985e-06
0.002499980759365974,503,2,1.3251846317944367e-11,2.028899184325361e-06
0.0025099259281406287,503,2,2.617869035883815e-11,3.747650190288887e-06
0.002519968243326099,503,2,3.6092231993910837e-11,-1.6556042713444796e-06
0.0025299626932118757,503,2,-5.097019118976417e-12,-6.923704688188703e-06
0.0025399921288444347,503,2,-8.124130372149056e-11,-7.241671036772868e-06
0.0025499517793088357,503,2,-1.3957215633706544e-10,-5.382635437256589e-06
0.002559945931782428,503,2,-1.7784576663724874e-10,1.6685934330906704e-06
0.0025699875608820484,503,2,-1.575823683772621e-10,2.467650649012887e-06
0.0025799634407477146,503,2,-1.3956411900660037e-10,-6.83773062282178e-07
0.002589997635988605,503,2,-1.749651590788676e-10,-3.470244604654449e-06
0.0025999538586885173,503,2,-1.4753659891060007e-10,3.95929281116203e-06
0.0026099321790062882,503,2,-1.526201770210842e-10,-5.803593882469649e-06
0.0026199814028189197,503,2,-1.7652221080508853e-10,-1.4706232840857453e-06
0.00262996368374016,503,2,-1.737237688214055e-10,-1.399005915142526e-06
0.002639926869237403,503,2,-2.020693630849109e-10,-3.162886635155182e-06
0.0026499809017479343,503,2,-2.3314274149874176e-10,-3.4585455666591436e-06
0.002659931608901232,503,2,-2.7084952971688e-10,-6.5105517547681124e-06
0.0026699302075297296,503,2,-3.481475955887566e-10,-7.02596734369898e-06
0.002679925834619242,503,2,-3.534260593959223e-10,3.862221866601789e-06
0.0026899210349086685,503,2,-2.878094897069676e-10,1.0540671770808974e-05
0.002699986691880266,503,2,-1.9202816145880154e-10,9.24835393611989e-06
0.002709917997818696,503,2,-1.2686487456262455e-10,4.337109191343558e-06
0.0027199801589531977,503,2,-7.394658018235797e-11,1.3502860298775232e-06
0.0027299574274404588,503,2,-2.7961362749584994e-11,4.52843904019673e-06
0.00273998197206768,503,2,-2.8447234541264686e-11,-3.2258671486262713e-06
0.002749927030553463,503,2,-4.590175002857429e-11,-2.7203619054616546e-06
0.0027599892595476377,503,2,-6.277012573489892e-11,-6.672823957110108e-06
0.002769931172893359,503,2,-1.5673231371768374e-10,-3.2847055193019337e-06
0.0027799815756795964,503,2,-1.443037071907112e-10,2.8021109376996645e-06
0.0027899435449372386,503,2,-1.5911596152918518e-10,-4.774584835776086e-06
0.0027999291500746316,503,2,-1.881421732122956e-10,5.486811851529438e-07
0.002809998311228338,503,2,-1.1838549424446102e-10,8.264496166643376e-06
0.002819983901517645,503,2,-4.466142885798172e-11,7.558130449059064e-06
0.0028299259032926296,503,2,4.449507925363618e-12,7.4083885711617725e-06
0.002839966537431897,503,2,1.300038184200679e-10,1.742053167741453e-05
0.002849980464035849,503,2,2.287691322727485e-10,8.503055353575872e-07
0.002859972413267654,503,2,2.0803138498539904e-10,-1.2562703330665226e-06
0.0028699750694906262,503,2,2.2357419022134457e-10,3.0482464651870878e-06
0.0028799306231424926,503,2,2.91786120215447e-10,8.858659593102836e-06
0.0028899371846635375,503,2,3.5901395255239854e-10,3.191800331869832e-06
0.0028999362412962023,503,2,3.6817556498653335e-10,4.448757705236006e-06
0.0029099914865070857,503,2,4.3799351017397405e-10,4.175683577689604e-06
0.0029199124163380085,503,2,4.5339487717753696e-10,2.241752825871135e-07
0.002929978411528775,503,2,4.357655608900365e-10,-4.185904106980554e-06
0.0029399364732871085,503,2,4.985416416917652e-10,1.2177246457079072e-05
0.002949914339342507,503,2,5.31731062352052e-10,-4.724571348639628e-06
0.0029599423294730132,503,2,5.180023930140883e-10,5.779412920042803e-07
0.0029699733014386183,503,2,5.375919004188133e-10,3.6260058977610754e-06
0.0029799317744709313,503,2,5.231785910124161e-10,-1.0138191243402872e-05
0.002989931702368663,503,2,3.8640744040753646e-10,-1.2284633609804807e-05
0.0029999586887304325,503,2,3.3744227542282157e-10,-1.3292985993063056e-06
0.0030099220723408715,503,2,3.0878051956905925e-10,-9.322126044764012e-06
0.0030199777646953765,503,2,2.0437507004274604e-10,-5.454958472039806e-06
0.003029972238821202,503,2,2.401957239029707e-10,5.573524248014827e-06
0.003039965562187682,503,2,2.1994268354895712e-10,-1.0253403304960607e-05
0.0030499652233629258,503,2,1.775662278787071e-10,6.691549504778127e-06
0.00305993983183672,503,2,2.760475582216655e-10,8.612646821615222e-06
0.003069944723646831,503,2,3.193310903044596e-10,3.07595425985685e-06
0.0030799673093918466,503,2,3.463890582922286e-10,2.7038311223304135e-06
0.003089951570591246,503,2,3.6162456211620954e-10,-2.629458037584076e-06
0.003099996618402475,503,2,2.875698642666074e-10,-6.161444366381552e-06
0.0031099435813257727,503,2,1.9729013738930472e-10,-1.1570283883433063e-05
0.00311994486892057,503,2,9.570434275261129e-11,-3.3017815473934675e-06
0.003129939561414013,503,2,8.085888754655985e-11,-8.190671626051582e-06
0.003139914600232997,503,2,5.086383102017081e-13,-2.2188327322980594e-06
0.0031499577257448827,503,2,4.9837048762252215e-12,-2.48155120646798e-06
0.003159963763595011,503,2,1.772459039416541e-13,6.06829094784711e-06
0.0031699744740670078,503,2,4.428649215486416e-11,3.2187385748394526e-06
0.0031799145826637574,503,2,6.397732573106181e-11,-9.715339092993686e-07
0.0031899890966117523,503,2,4.717571801259745e-11,1.7307802446520082e-06
0.0031999109287082564,503,2,8.112605071497903e-11,2.7946462876904388e-06
0.003209961215371861,503,2,7.097384333380459e-11,-1.264263506189911e-06
0.003219913694989662,503,2,8.116585930515981e-11,-2.1939285217431603e-06
0.0032299520060444955,503,2,7.216298795364095e-11,2.61160126976967e-06
0.0032399747253086747,503,2,5.965652100068628e-11,-2.684160577026695e-06
0.003249912405336842,503,2,7.228753342668577e-11,1.7713654169027038e-06
0.0032599562104979477,503,2,8.896545661883927e-11,1.162349199723689e-06
0.0032699760401257586,503,2,8.888416552900273e-11,4.0826844377450655e-07
0.003279933369739025,503,2,8.80901555110167e-11,-2.0411894196617486e-06
0.0032899357981529846,503,2,8.308734386780774e-11,1.5460969605002317e-06
0.0032999780149059513,503,2,9.738726110399909e-11,3.101755790824168e-07
0.0033099648376778332,503,2,7.03215376757888e-11,-7.351120814624856e-06
0.003319982639241931,503,2,1.8399000619537134e-11,-4.107847878964677e-06
0.0033299546666600175,503,2,1.352327486815318e-11,1.9761411589880318e-06
0.003339942535206861,503,2,-2.8885302497130513e-12,6.903315866169102e-08
0.0033499322210104668,503,2,2.8935537060852015e-11,5.7088463005228185e-06
0.003359951789036946,503,2,5.1335551767825774e-11,-2.4639740136972454e-06
0.00336997548022929,503,2,-2.1979120494885378e-11,-8.225497038272245e-06
0.0033799476808980154,503,2,-5.4048009437188235e-11,-2.497188540950823e-06
0.003389955635225697,503,2,-9.712322687274597e-11,-4.479779122434913e-06
0.003399962869026109,503,2,-1.1377011154490495e-10,-3.072937542203391e-07
0.003409959199319165,503,2,-1.330252005537412e-10,-1.372079349644395e-06
0.0034199678444148994,503,2,-1.549468480437286e-10,-2.8443382743548185e-06
0.0034299595271051883,503,2,-1.391077787746812e-10,5.2030121365231885e-06
0.0034399164707625703,503,2,-9.329941901930995e-11,-2.6450741209826933e-07
0.0034499658485045172,503,2,-8.876339594577178e-11,4.465077679330354e-06
0.003459987931280735,503,2,-2.1034075843186077e-11,5.0393940604909204e-06
0.003469992485711434,503,2,-1.1033230163097919e-12,3.145119024161591e-06
0.003479987355730773,503,2,3.736824550490338e-11,5.594103925310456e-06
0.003489935570127207,503,2,7.75564454102767e-11,5.162774240896617e-06
0.0034999158792296606,503,2,3.918300614050578e-11,-1.589829177861546e-05
0.0035099864894568645,503,2,-1.1107638360190338e-10,-6.202164377910879e-06
0.003519966570310626,503,2,-1.1219258711620515e-10,3.0897084907777206e-06
0.0035299641631469847,503,2,-8.931771562690955e-11,1.2277344434152848e-06
0.0035399674194764043,503,2,-7.747775753109622e-11,-3.7256041966471365e-06
0.0035499949278334983,503,2,-1.0487388314111724e-10,-1.5375244543959499e-06
0.0035599766551373557,503,2,-1.1588357790593483e-10,1.4762900849877528e-06
0.0035699609469584752,503,2,-1.0335067366466235e-10,1.0247421991238514e-06
0.0035799890543061,503,2,-1.0815173493727723e-10,1.4918049707837722e-06
0.0035899804680342086,503,2,-8.054794337199683e-11,-2.168109799784157e-06
0.003599979583983733,503,2,-9.71687063293445e-11,1.0418349405405536e-07
0.0036099222546385817,503,2,-1.0379722207871482e-10,-1.229559316029416e-06
0.003619949034292211,503,2,-1.0390194561304744e-10,3.6864410549730664e-06
0.0036299251144388633,503,2,-9.667903634674399e-11,-3.580881253878454e-07
0.0036399497495798404,503,2,-1.039394936061232e-10,-5.700773481387422e-06
0.0036499285714136675,503,2,-1.273560301890279e-10,-5.176838028184139e-06
0.003659917996406141,503,2,-1.5340097133160102e-10,-1.040717240136102e-06
0.0036699789923689843,503,2,-1.8188766150801726e-10,2.156203302461357e-06
0.003679969699011824,503,2,-1.349157600366585e-10,5.177756413732304e-06
0.003689957342833872,503,2,-8.738634592824574e-11,6.3890787696530005e-06
0.0036999599561408046,503,2,-4.0293171843023266e-11,5.963826426147456e-06
0.003709996021603432,503,2,2.7359537233012004e-11,3.998137929978052e-06
0.003719996489604073,503,2,9.27310384546637e-12,-4.7608168350365965e-06
0.0037299894974872783,503,2,-1.9155418464055917e-11,-6.211556273921781e-07
0.0037399476849436443,503,2,3.44562785862233e-12,2.4291675108367716e-06
0.003749914987442235,503,2,9.457982340425842e-12,-1.67969978981386e-06
0.0037599850074020204,503,2,-1.4933275499013536e-11,-3.031132326386521e-06
0.003769910128315143,503,2,-1.3870283407609908e-11,1.6349355926315035e-06
0.0037799143296297828,503,2,-2.454162616569611e-11,-1.5865364506317814e-06
0.003789986701866888,503,2,-3.428482003743486e-11,1.790903271573635e-06
0.0037999840002473618,503,2,-2.4409543285160975e-11,1.5882009937739916e-06
0.0038099119143367452,503,2,-2.8206957230277486e-11,-4.3621379356567624e-07
0.0038199544167427744,503,2,-5.6877901577172935e-11,-3.152194661182328e-06
0.003829973834453286,503,2,-5.1836926525712255e-11,2.355628976602464e-06
0.0038399489531887013,503,2,-6.542416213412049e-11,-1.868597173215747e-06
0.0038499819668304947,503,2,-5.1266060878207105e-11,1.7497114719045026e-06
0.0038599323729447046,503,2,-5.0815228161237144e-11,-4.260522176724457e-08
0.0038699329794779852,503,2,-1.0108482648342075e-10,-9.146584985075812e-06
0.003879953593073857,503,2,-1.5513986273483875e-10,-3.1055889031517125e-06
0.0038899193462273054,503,2,-1.6403434424032241e-10,1.1999454622713124e-06
0.0038999674567536855,503,2,-1.3826542583523236e-10,2.525860708951777e-06
0.003909973892670431,503,2,-9.992904349626823e-11,3.4093848970129237e-06
0.003919971963033825,503,2,-7.819867678029036e-11,2.1342789190137434e-07
0.003929956999827754,503,2,-8.82161483669626e-11,-1.53144819742268e-08
0.003939982898708446,503,2,-8.977796042935852e-11,-5.78544404050696e-07
0.003949968640165373,503,2,-1.1344314912942936e-10,-3.1252779529311603e-06
0.0039599934159146475,503,2,-1.2533791794666572e-10,1.9223127776246685e-06
0.003969997519866244,503,2,-9.422700434245034e-11,-3.325151204380816e-08
0.003979982990551467,503,2,-1.1312169755689543e-10,-4.803047840562513e-07
0.003989934666993569,503,2,-7.326502830414707e-11,6.957895178516527e-06
0.003999913003680193,503,2,-5.1757993769147904e-11,-3.770888810927797e-08
0.004009970354351159,503,2,-4.699205527016816e-11,-2.0796916672116694e-07
0.004019979094106374,503,2,-3.0978639184119886e-11,1.6124394373595585e-06
0.004029950745734171,503,2,-2.6180192362552967e-11,3.2433078805960136e-07
0.004039942717751812,503,2,-2.5962131337485246e-11,-1.1512204204158771e-06
0.004049946997578974,503,2,-3.826853542594663e-11,1.949810361390192e-06
0.004059916768078634,503,2,-2.362127150627567e-11,2.3750972004410453e-06
0.004069938821230154,503,2,5.0432612560657574e-12,2.8205983877982455e-06
0.004079975100885102,503,2,2.049009568041841e-11,-2.03057819669894e-07
0.004089973857797665,503,2,-4.4212699992128785e-12,-3.764557158336679e-06
0.00409995801027166,503,2,2.4220930545503644e-11,8.530244569371348e-06
0.004109967524010925,503,2,1.1585241821120682e-10,5.785553684356515e-06
0.0041199969731230135,503,2,1.6297972091575282e-10,5.602267227122759e-06
0.004129920749545665,503,2,2.2123546922117165e-10,9.491141105488765e-06
0.004139947689710027,503,2,3.312262190937579e-10,6.483368115928201e-06
0.004149991383555522,503,2,3.1473294906684754e-10,-4.941227953414451e-06
0.004159965118920347,503,2,3.168153111612914e-10,6.989542862712028e-06
0.004169913432839005,503,2,3.476541996313585e-10,6.881138764347483e-07
0.004179968965147302,503,2,3.475997989064398e-10,-2.3718184121723773e-06
0.004189929669998917,503,2,3.99755175610353e-10,8.472435012341073e-06
0.004199950409495853,503,2,4.213691683985568e-10,-3.927446733831275e-06
0.004209930314805301,503,2,4.094081381826901e-10,-9.46155476633237e-07
0.004219913416186126,503,2,3.7433075769540943e-10,-4.28210104275184e-06
0.0042299515535647115,503,2,3.70862936775664e-10,-1.2152186864150538e-06
0.004239977093426184,503,2,3.4851431935962063e-10,-2.6890760363995625e-06
0.0042499370354624755,503,2,2.6796020454199253e-10,-1.2168525677980213e-05
0.0042599465285104434,503,2,1.8881968373156725e-10,-2.3217766300653864e-06
0.004269969327940862,503,2,1.3668668372043792e-10,-1.0768458066134912e-05
0.004279913423481409,503,2,3.785396634345341e-11,-6.932931500447381e-06
0.004289993038818147,503,2,-1.4364715583399271e-11,-4.149977306466823e-06
0.004299991225461763,503,2,-7.0400111630679e-12,3.741331594253605e-06
0.004309945624254763,503,2,1.1531436701818379e-11,-1.225402570748102e-06
0.004319998665508673,503,2,-3.6641877534005114e-11,-4.409908607727608e-06
0.0043299549856107445,503,2,-4.4289334597958887e-11,2.3506993262756293e-06
0.004339957874648214,503,2,-3.4750692283898695e-11,1.8547821583614343e-06
0.004349963519845792,503,2,-8.697389394277078e-12,4.398712599190668e-06
0.004359992726485439,503,2,1.0046644286355703e-10,1.3351872902522821e-05
0.004369938267809007,503,2,1.5461803939034843e-10,2.053636492915789e-06
0.004379977219591096,503,2,2.003437303479006e-10,5.480947229394295e-06
0.004389919285692072,503,2,1.850698531158715e-10,-7.092021850896302e-06
0.004399953226906091,503,2,1.0374714249587053e-10,-1.190946076556898e-05
0.004409987380974212,503,2,8.07028471175349e-11,9.68670544004846e-06
0.004419988878028486,503,2,1.3126426240246355e-10,-2.1895767753988063e-06
0.004429998865776309,503,2,1.1573107962597025e-10,-2.3366959399362397e-06
0.004439988422207526,503,2,8.838052582365002e-11,-3.4804329249737975e-06
0.004449973551717772,503,2,3.505529723852642e-11,-8.041605391251316e-06
0.004459977892248038,503,2,-2.6257800713647584e-11,2.8523238161937137e-06
0.004469970398405355,503,2,2.7650167601700796e-11,2.6442403312093576e-06
0.004479913604810073,503,2,1.9908287315911636e-11,-2.8941955223515947e-06
0.004489970078022335,503,2,5.595885162885917e-11,1.2257319310648995e-05
0.00449993741492928,503,2,1.6030070198935383e-10,4.046329839524354e-06
0.004509995120601538,503,2,1.99472041949524e-10,6.947164319370813e-06
0.004519912967104461,503,2,2.3635973943846294e-10,-4.951703759803472e-07
0.004529911878696883,503,2,2.4473509121843867e-10,3.9965442732853296e-06
0.004539943881176491,503,2,2.741951233647494e-10,1.2102046126616361e-06
0.004549950243808194,503,2,2.6282608719977666e-10,1.7544204883868098e-06
0.0045599603266357844,503,2,3.0992847521114355e-10,7.028236929829124e-06
0.004569913198020405,503,2,3.31507577736468e-10,-1.7126295966674032e-06
0.0045799854445137044,503,2,3.0530640405610344e-10,-4.0998050931939645e-06
0.004589936021758731,503,2,2.9020552490437233e-10,4.5143796065238995e-07
0.004599929223913603,503,2,2.8768259403841377e-10,-1.9559170997274222e-06
0.004609987356456362,503,2,2.2108039467991008e-10,-1.1080831482046527e-05
0.004619960686584727,503,2,1.692025204385342e-10,3.529192239226653e-06
0.004629938719398666,503,2,1.3272570996123204e-10,-9.966915220815942e-06
0.004639939110220124,503,2,1.2522975240681342e-10,3.760001098459002e-06
0.004649938085724427,503,2,1.382311804456408e-10,-2.942494106775162e-07
0.004659940641841529,503,2,8.439849710219997e-11,-1.3025003094524479e-05
0.004669916187389535,503,2,-2.925616427127553e-11,-4.0943577759855465e-06
0.004679938341115081,503,2,-7.49895463735391e-11,-8.532077726663978e-06
0.0046899614838623845,503,2,-1.5567083585628025e-10,-5.464595295656682e-06
0.004699974575675355,503,2,-1.5277556886978164e-10,2.8688646714347676e-06
0.004709931442857634,503,2,-1.5242142672726336e-10,-1.5755855962418241e-06
0.004719973741005133,503,2,-1.2339005853986883e-10,9.821468798520971e-06
0.004729923877967267,503,2,-6.148577529958192e-11,-2.268774827670489e-06
0.004739934695376945,503,2,-5.640999811393785e-11,5.097227113823322e-06
0.004749933087141692,503,2,7.136245393902912e-11,1.2896186760480433e-05
0.004759947686275642,503,2,1.4544582111268546e-10,-1.0347048639870737e-06
0.004769953864238596,503,2,1.4775434550263821e-10,-1.9574473095473888e-06
0.004779977760577283,503,2,9.962894462314163e-11,-5.05952661034037e-06
0.004789924831530022,503,2,3.705989090318362e-11,-8.133057365938834e-06
0.0047999474576260505,503,2,-4.009039310370397e-11,-8.576359309286907e-06
0.004809956384312096,503,2,-1.3271237091348374e-10,-9.458697903919067e-06
0.004819989335650662,503,2,-1.9484510224646175e-10,8.893053023845132e-07
0.00482997843143417,503,2,-2.363426166725164e-10,-6.0195744030488996e-06
0.0048399308876224,503,2,-2.775973524230576e-10,3.2724779355230993e-06
0.004849953462422451,503,2,-2.258657541427927e-10,6.161651183500538e-06
0.004859960406139481,503,2,-2.0571299064990752e-10,1.4929262013296807e-06
0.004869949922529651,503,2,-1.679912601628336e-10,6.6136560664953326e-06
0.0048799851623246345,503,2,-1.4882479863039466e-10,2.5958835717099227e-06
0.004889934406036768,503,2,-1.7489126630809986e-10,-5.932921233409161e-06
0.004899912160993665,503,2,-1.9596851609315164e-10,2.073250818634964e-06
0.004909912296382969,503,2,-1.9983477879390358e-10,-3.367219071626071e-06
0.004919952657889439,503,2,-2.0447668102989425e-10,2.826852933346391e-06
0.0049299272153804,503,2,-1.5412445758121625e-10,5.117524731063083e-06
0.004939973115714349,503,2,-1.679414882646015e-10,-5.696716187997275e-06
0.004949985571060847,503,2,-2.1308976777518291e-10,-1.3135738895705962e-06
0.004959954266574387,503,2,-2.3552185100130896e-10,1.1359211057881957e-07
0.004969996321362849,503,2,-1.702142260046589e-10,9.992880832587758e-06
0.004979992745778636,503,2,-1.2445627186030142e-10,-6.727471352999809e-08
0.004989910372996275,503,2,-8.233804419256318e-11,3.7766622248414095e-06
0.004999989828124606,503,2,-1.0768872854335768e-10,-5.69917853809887e-06
0.005009944894077283,503,2,-1.1667102510205763e-10,6.296704302063971e-07
0.005019922824595333,503,2,-9.067720314239326e-11,4.996978030247234e-07
0.005029950527708838,503,2,-7.439122110203603e-11,-6.924296669374996e-08
0.005039976457477679,503,2,-1.328934101807878e-10,-8.679801392741382e-06
0.005049998250612578,503,2,-1.8869202936459112e-10,-2.9555992894780836e-06
0.005059991522304214,503,2,-1.7968860715705348e-10,3.865084463400281e-06
0.005069992967342526,503,2,-1.5469182895015156e-10,1.3803657871874764e-06
0.005079932539354548,503,2,-1.0201654225092008e-10,4.715062715515694e-06
0.005089968797413039,503,2,-8.89308420334205e-11,3.244765358068058e-07
0.00509997393006848,503,2,-7.665508072724316e-11,-1.6473980123388188e-06
0.005109924458012398,503,2,-8.59250945338375e-11,2.439427916722803e-06
0.005119957649783202,503,2,-5.6330589279964395e-11,1.7038198699692586e-06
0.00512997841387228,503,2,-4.666650391819732e-11,-3.625276518703924e-07
0.0051399270957221185,503,2,-9.188370226961427e-12,3.737507131423845e-06
0.005149960929375548,503,2,-1.9265265266052694e-11,-2.4199948785441627e-06
0.005159992276789586,503,2,-5.7891928409984543e-11,-1.0568983028758083e-06
0.005169916244608909,503,2,-6.553066338806264e-11,1.7015223282568215e-06
0.005179957565851426,503,2,-4.889245694368388e-11,2.10514101477155e-06
0.005189934467174066,503,2,-2.044615228196495e-12,6.917164681485843e-06
0.005199924140091511,503,2,8.763913155518307e-11,9.663385732716634e-06
0.00520992989008597,503,2,1.4129039328572964e-10,-3.228124703470725e-06
0.005219967545234522,503,2,1.1632333509145468e-10,-1.2789616373742874e-06
0.005229983324760798,503,2,1.3085050689892782e-10,4.925856490700653e-06
0.005239996154702305,503,2,2.1498730310466347e-10,5.90401797845308e-06
0.00524992233447166,503,2,2.3914514770690526e-10,-6.254040733899568e-07
0.005259936029047533,503,2,2.4377801829993584e-10,3.3224142529375555e-06
0.005269935622512858,503,2,2.6561557598167975e-10,-5.240078384871616e-06
0.005279995732845253,503,2,2.127097158248503e-10,2.414411667928107e-06
0.005289953352829132,503,2,2.2033671306588467e-10,1.4503943761012827e-06
0.005299950756724726,503,2,2.736117749096913e-10,5.0846000956839e-06
0.005309988630281945,503,2,2.8967815889475957e-10,-3.5805618775752723e-06
0.005319932120904197,503,2,2.9378803091388464e-10,6.204675814164284e-06
0.005329921110000552,503,2,3.351622098957054e-10,-1.0166290932145383e-06
0.005339977678087957,503,2,2.729010935756241e-10,-5.869390940826946e-06
0.005349950290723728,503,2,2.2582112110197206e-10,-3.2369232390583313e-06
0.005359922885445993,503,2,2.1614646557878675e-10,-3.7908896811100767e-06
0.005369932044929237,503,2,1.9908561305489677e-10,2.613802261769438e-06
0.005379982071020151,503,2,2.26764157556291e-10,-9.932272091450756e-07
0.005389930430628704,503,2,1.7927153259430096e-10,-7.77568982629484e-06
0.005399915953963886,503,2,1.4073507723952425e-10,1.3601066697621622e-06
0.00540995240897122,503,2,1.409891650390105e-10,-1.7826697193135121e-06
0.005419997426825978,503,2,1.3110975390536855e-10,-2.433948506741501e-06
0.005429927408806169,503,2,9.177140162641743e-11,-2.6952467292520876e-06
0.0054399488331419105,503,2,4.9142503995788664e-11,-5.858637647904175e-06
0.0054499588509747746,503,2,3.845449795917771e-11,1.1720829389411103e-06
0.005459934600269969,503,2,6.376771118540112e-11,4.324042594650024e-06
0.005469983054246704,503,2,1.0050831416361756e-10,9.562171862653734e-08
0.005479992107511032,503,2,8.83357405134105e-11,-4.4383908176515163e-07
0.005489915044825474,503,2,8.68214106997586e-11,-6.840848424810586e-07
0.0054999398060892575,503,2,7.212161369166684e-11,-2.425191313826236e-06
0.0055099406078399004,503,2,6.152311025540112e-11,3.3186793968742467e-06
0.005519962846042148,503,2,6.127854509359306e-11,-3.1975179077825544e-06
0.005529956365017607,503,2,1.764031007630068e-11,-8.397561603590287e-07
0.00553994993223088,503,2,2.212649272648251e-11,3.3961337023644123e-06
0.005549941792256843,503,2,3.564220899851032e-11,-6.513593350632174e-06
0.005559926319748035,503,2,-4.4907756936122135e-11,-2.6304392585774217e-06
0.0055699993223433854,503,2,-3.804070922738649e-11,4.954797566125713e-06
0.0055799367227345985,503,2,9.019180086509964e-12,3.068978613962603e-06
0.005589923606788196,503,2,1.7221817920954642e-11,-3.2822960191608574e-06
0.005599997659012918,503,2,-1.860848596879763e-11,-5.212476301252877e-06
0.005609979846263005,503,2,-3.512980867109448e-11,4.502201441873577e-06
0.00561997684948334,503,2,-1.8463310686767548e-11,3.4934164389044398e-06
0.005629917804818383,503,2,-3.868233745996677e-13,-9.903473097427895e-07
0.005639987215473223,503,2,7.62316998491913e-13,4.4163720958056985e-07
0.005649922620070556,503,2,-6.9310324327286e-12,2.3450131683561137e-06
0.005659941866124589,503,2,3.475534177450333e-11,5.454772508795003e-06
0.005669980815420188,503,2,6.341266785906632e-11,8.981770821536728e-07
0.0056799894199280115,503,2,6.768025112258583e-11,-2.815918681564611e-06
0.005689949831025863,503,2,8.124239232294042e-11,4.626597926576936e-06
0.0056999597423187534,503,2,9.946931887813975e-11,2.9103733245605667e-06
0.00570993265189657,503,2,1.4185304395878485e-10,-1.3718890989888877e-06
0.0057199731076332085,503,2,1.358972423906463e-10,1.8545105828771113e-06
0.005729986159079065,503,2,1.0955831601650842e-10,-5.15846156456945e-06
0.005739979822075205,503,2,6.578271646215542e-11,-2.894041686685167e-06
0.0057499882563363395,503,2,5.614423710109554e-11,7.255438504161216e-07
0.005759971067453863,503,2,7.319557781651768e-11,8.663560044641638e-07
0.005769914705944676,503,2,4.5939026921131985e-11,-5.321652429779444e-06
0.005779915093104964,503,2,3.3597746372616635e-11,2.22097313468117e-06
0.005789954024491221,503,2,9.580881073149213e-11,9.153725484156716e-06
0.0057999718380413465,503,2,1.3825045535289973e-10,7.265376272581892e-07
0.005809948238187934,503,2,1.4686206019880058e-10,-4.775406212298439e-06
0.005819966433161139,503,2,7.417304311463554e-11,-4.248308331289419e-06
0.005829963475515406,503,2,6.164990604807669e-11,-3.400701205358292e-08
0.005839957829216385,503,2,5.439629351339584e-11,-6.160817098699312e-07
0.005849923008973904,503,2,7.626421909500949e-11,6.872328596863042e-06
0.0058599676883578,503,2,1.52476419625621e-10,5.310894161669744e-06
0.005869950859385353,503,2,1.4248943584766125e-10,-7.918444085430743e-07
0.005879961945706078,503,2,1.533516584185002e-10,-3.952211396610061e-06
0.00588998548226972,503,2,1.1785844912269241e-10,1.4011284490411668e-06
0.005899948289989567,503,2,1.1080717337677332e-10,-3.225223352679163e-06
0.005909950491986365,503,2,1.237056266850786e-10,4.775297918979682e-06
0.005919914076724146,503,2,1.5910793199417608e-10,8.342169662001186e-07
0.005929943778315587,503,2,1.5920847783908718e-10,3.126143780785018e-06
0.005939981904542898,503,2,1.777801126544152e-10,1.1431372365158787e-06
0.005949924079854558,503,2,1.401043576647508e-10,-6.8316999192186145e-06
0.005959985841299361,503,2,1.0568460192160323e-10,1.3767393267083428e-08
0.0059699449641224854,503,2,6.135003762942751e-11,-4.985826453030029e-06
0.005979984692646613,503,2,1.7891292301536567e-11,-5.6220764159675696e-06
0.00598992123451152,503,2,-6.303919480368239e-11,-4.396086243710351e-06
0.00599996277322531,503,2,-4.76842697187625e-11,1.606582626850761e-06
0.006009989736834148,503,2,-3.51611426894382e-11,1.9710122818039633e-06
0.006019995101636493,503,2,-1.1489580493767392e-11,1.4314218939326384e-06
0.00602998434103226,503,2,1.767353417375672e-11,3.6089994777110945e-06
0.006039916868491363,503,2,2.986149619593016e-11,-2.3006206306755428e-06
0.006049959602064085,503,2,-2.538255307520332e-11,-5.08590416825605e-06
0.006059964207571949,503,2,-7.439452765608189e-11,-4.574941038060221e-06
0.006069980697623138,503,2,-9.13725581843858e-11,-1.6904488572277998e-06
0.0060799429193211935,503,2,-1.0109809611512496e-10,3.316801222008614e-06
0.006089984857841491,503,2,-9.852817614893351e-11,-4.964059469481086e-06
0.006099920010855152,503,2,-1.3238004987451042e-10,1.3162247747347533e-06
0.00610995507224741,503,2,-1.2352548106633302e-10,-2.6443833381906146e-06
0.006119989798624146,503,2,-1.222397277496378e-10,8.271306960599967e-07
0.006129956824465247,503,2,-1.514014512006979e-10,-2.160193860345494e-06
0.006139974559611953,503,2,-1.1106212946041644e-10,9.275015565690659e-06
0.006149928902030539,503,2,-6.706853661716172e-11,-2.711692598245108e-08
0.006159949720726873,503,2,-6.378044862476932e-11,3.664025137434246e-06
0.006169920194382267,503,2,-4.9939366884692044e-11,4.4542461845320513e-07
0.00617995039611183,503,2,-4.56313288766725e-11,-7.992164260985091e-07
0.006189968331930112,503,2,-5.101774133497517e-11,-4.716429754580975e-06
0.006199999582343959,503,2,-1.0534433049967336e-10,4.1188113636706977e-07
0.006209947124787719,503,2,-8.294924059048571e-11,5.1304849573163835e-06
0.006219984412369792,503,2,-7.563366425194476e-11,1.770878232540407e-06
0.006229980641453494,503,2,-4.3329715453100347e-11,2.6713120773180776e-06
0.006239915929178187,503,2,5.069616083555633e-12,5.322353858527862e-06
0.006249993171169993,503,2,3.3140843079357437e-11,1.658675276405841e-06
0.00625991445930508,503,2,2.1285794477648698e-11,-6.911015490440597e-08
0.006269940141280217,503,2,3.76843465706328e-11,-2.732865297144782e-06
0.006279936463845391,503,2,-1.0658490203287635e-11,-5.1395746056837055e-06
0.006289987798605394,503,2,-1.5489549637949846e-11,3.865493589411129e-06
0.006299936830776426,503,2,3.3685411411004006e-11,1.4387869144150134e-06
0.006309955716888128,503,2,2.3366955126531207e-11,-3.5059064361075976e-06
0.006319992844598638,503,2,2.5259229590227604e-12,-1.5432913631208134e-06
0.006329950354656333,503,2,-3.2242623691390235e-12,-5.403686563432153e-06
0.006339957149845124,503,2,-4.549378359246887e-11,-1.3229636078582185e-06
0.006349917350689544,503,2,-1.8099268267731208e-11,1.8376848116008482e-06
0.006359982470923128,503,2,-2.458032436175161e-11,-1.2785286673394625e-06
0.006369979550279927,503,2,2.1849177164517865e-11,5.750418142325131e-06
0.0063799427695577565,503,2,3.991272170673731e-11,-2.7197803584289026e-06
0.006389964103290544,503,2,1.0334181479778877e-11,1.0886887602534756e-07
0.0063999688223133466,503,2,7.506983928629279e-12,-3.482721577102721e-06
0.006409933629444125,503,2,-3.9918864858080015e-11,-4.899677030073546e-07
0.006419997156433056,503,2,4.536630057348171e-12,4.624716297522979e-06
0.006429923597443223,503,2,8.389899732098718e-11,6.861159277948836e-06
0.006439980430426857,503,2,1.1072587568558551e-10,8.50788155246085e-07
0.006449920631947405,503,2,1.0931015448896686e-10,-1.5285552980304207e-06
0.006459925437463352,503,2,8.913907151784681e-11,6.562874261817342e-06
0.0064699528531214304,503,2,1.6176387819943086e-10,4.5432628095476435e-06
0.006479970872838756,503,2,1.6957875623015373e-10,-3.1449203421463068e-06
0.006489933050048966,503,2,6.67504312425155e-11,-1.0809328458538658e-05
0.006499971049803978,503,2,3.0398687209207565e-13,-5.318912194018921e-07
0.006509924435970957,503,2,3.450330148137672e-11,7.006432259371032e-07
0.006519919271301669,503,2,-1.5435358599213587e-11,-6.6654681761812995e-06
0.006529938861540502,503,2,-2.8001274416052156e-11,1.882748478843066e-06
0.006539944941295382,503,2,-1.716946162948576e-11,1.7921421569810914e-06
0.006549932124492426,503,2,-2.4642275838211822e-11,1.6475896476575436e-06
0.0065599346390226455,503,2,-4.590350356888719e-12,2.4745158714381543e-06
0.006569941910771063,503,2,2.1904252311045238e-11,2.0997880822992698e-07
0.006579954726835413,503,2,1.7613794250188024e-11,-1.945549877934577e-06
0.006589954448355206,503,2,1.6566243344260897e-11,-1.7386378133865676e-06
0.006599924073090174,503,2,-2.0869745394709653e-11,-3.2969017191158967e-06
0.006609938559825719,503,2,-4.7874402000798856e-11,-1.8323793846697356e-06
0.006619969101457463,503,2,-4.483896689172842e-11,3.0263928868790035e-06
0.006629929881483166,503,2,-1.3789384203919167e-11,-2.78808584922019e-06
0.006639916828671859,503,2,-2.8898263333656442e-11,3.4560976585606973e-06
0.006649911804091403,503,2,8.796294351716167e-12,1.0735976620317167e-06
0.006659988970872415,503,2,-1.6974958425778063e-11,-2.1416876601343393e-06
0.006669975679227844,503,2,8.128902299779354e-12,3.956495002510607e-06
0.006679979842963847,503,2,1.6088260528613696e-11,-1.7782571193336594e-06
0.006689969714266142,503,2,1.3751282717164022e-11,-3.5510082523892983e-06
0.006699995039321218,503,2,-3.3869684586784976e-11,1.882123027929783e-06
0.006709925788049587,503,2,-2.061086721246042e-11,2.2212513695052394e-07
0.00671993306940999,503,2,-2.935616807735731e-11,-3.0766634385448466e-06
0.006729953260986388,503,2,-4.716850074978576e-11,-6.613213967554543e-07
0.006739970069871312,503,2,-7.257341560321681e-11,2.82280464093676e-07
0.006749972881198917,503,2,-2.915472180937899e-11,3.668422442093533e-06
0.0067599827951529004,503,2,5.961845259893218e-12,5.725926327138087e-06
0.00676999230626954,503,2,1.6597911038422813e-11,-4.54090399956697e-06
0.006779931045841631,503,2,-1.8697977030965932e-11,-1.295831833170169e-06
0.006789969339644652,503,2,-5.170748221379419e-12,9.966852045351082e-07
0.0067999960668701075,503,2,-1.0506021678319944e-11,-2.154545268237551e-06
0.006809995009576674,503,2,-1.8085084694676687e-11,2.2851040426263847e-06
0.006819984127792944,503,2,-1.8023977075213693e-11,-1.4399340241624814e-06
0.006829942142773709,503,2,8.9815208188218e-12,3.9897749239126146e-06
0.00683992479492637,503,2,8.195022758268264e-12,-2.0495238507722835e-07
0.006849967984618561,503,2,6.693073834454554e-11,9.125921446306862e-06
0.006859982919947598,503,2,9.976310394819575e-11,-1.4366854122760397e-06
0.00686999445024317,503,2,9.624288468433671e-11,1.0297894262878415e-06
0.006879948473019759,503,2,1.2879422311637412e-10,2.4352084849743605e-06
0.006889917705454959,503,2,1.2179564840263937e-10,-1.9193851700793907e-06
0.006899918176873109,503,2,1.1241051228481143e-10,-1.9497025750825348e-06
0.00690998910762306,503,2,1.2796231799121053e-10,7.034021496821197e-06
0.006919977001462202,503,2,2.1331016628677144e-10,7.243731447892365e-06
0.006929928977989079,503,2,2.3962013944508077e-10,-1.0572125768021357e-06
0.006939939121703786,503,2,2.0827113653964775e-10,-1.7438569721583974e-06
0.006949978615812636,503,2,1.794151962312637e-10,-5.360039896470936e-06
0.006959982938863077,503,2,1.5018480105445414e-10,-3.610356196712128e-06
0.00696993198649158,503,2,1.0072823336128409e-10,-6.372149802036375e-06
0.006979968268856902,503,2,2.3276051220236086e-11,-3.073576887308027e-06
0.006989957631337206,503,2,3.534996647074247e-11,-2.23147573724658e-07
0.006999921255710294,503,2,-1.5087323466836215e-11,-8.75373368647292e-06
0.007009938406314257,503,2,-6.273334429308789e-11,-2.9585092495287846e-07
0.007019931339764348,503,2,-1.743059233598075e-11,8.249320160080842e-06
0.0070299490324546,503,2,6.980651094399604e-11,8.825927372779763e-06
0.0070399894856379664,503,2,1.2455025831764437e-10,-2.785532354901421e-06
0.00704998561284428,503,2,5.498518666814949e-11,-7.95385189733544e-06
0.0070599314214313084,503,2,1.2665332920890754e-11,-2.1091322542354796e-06
0.0070699888064780165,503,2,-2.8562677573053426e-11,-6.482205718860712e-06
0.00707996850933647,503,2,-4.276856681255907e-11,1.4765434814129064e-06
0.007089923577128194,503,2,-5.851098383878378e-11,-4.335396326105023e-07
0.007099950974420575,503,2,-5.806274034059731e-11,-1.8398481967385472e-06
0.007109953696705379,503,2,-8.22019606322696e-11,-2.11895897339609e-06
0.007119960735343054,503,2,-1.0742523008966634e-10,-3.7289860858076692e-06
0.007129922177433195,503,2,-1.0883651159146755e-10,-1.4037476926964665e-06
0.0071399526986644975,503,2,-1.0565763753193506e-10,4.122004522766343e-06
0.00714999608633104,503,2,-6.021129981153325e-11,1.4511696180396355e-06
0.00715998588242417,503,2,-6.217596541079485e-11,1.4482449556263433e-06
0.007169987769420124,503,2,-5.1573459456709186e-11,-2.299172305320063e-06
0.00717992051263835,503,2,-7.301461711681342e-11,-2.4198962291777093e-06
0.007189943330576465,503,2,-9.832301326386e-11,5.60492268375512e-07
0.007199929617999025,503,2,-1.0621624270109529e-10,2.930636270603859e-07
0.0072099733293646,503,2,-1.0262149526385608e-10,5.747989215015847e-07
0.007219973862114793,503,2,-1.1082816860286593e-10,-3.704783210156659e-06
0.007229986255511472,503,2,-1.2044002977557554e-10,5.101135849699956e-06
0.007239939879449357,503,2,-4.3885909090660624e-11,5.864024935242629e-06
0.0072499888321659834,503,2,1.1510026872579848e-11,4.863341048044756e-06
0.007259951275355309,503,2,5.2090764566522585e-11,1.5565453652943706e-06
0.0072699808830086286,503,2,-8.429966204530782e-12,-1.4624592679313153e-05
0.00727998241644575,503,2,-1.1948271871375959e-10,-3.508940788987669e-06
0.007289918961943171,503,2,-1.1548146149398578e-10,7.705980159949943e-07
0.007299991426820916,503,2,-1.1613175331761695e-10,4.000200086506922e-06
0.007309943975890922,503,2,-6.852063682176782e-11,5.040183569171575e-06
0.0073199831732110145,503,2,-5.217743324534806e-12,8.05875641951559e-06
0.0073299798848572035,503,2,8.363311040273237e-11,9.776869335231808e-06
0.00733999729061161,503,2,1.402521557754082e-10,3.4724990954915214e-07
0.007349933007510087,503,2,1.5032115707221258e-10,2.6831693082651764e-06
0.007359991781789826,503,2,2.1839842989510505e-10,6.764587527796628e-06
0.007369976607936769,503,2,2.640967772298214e-10,1.8098430007162936e-06
0.007379921737340566,503,2,2.5403558966287767e-10,1.2092053313095263e-06
0.007389938203483179,503,2,2.965578186123717e-10,2.8177803743645313e-06
0.007399918947176416,503,2,2.949345921296736e-10,-4.605869650897709e-06
0.007409966894378495,503,2,2.714474268123812e-10,-4.0333650513924013e-07
0.007419930336260066,503,2,2.5518497342622796e-10,-4.3498255549168086e-06
0.007429943469089849,503,2,2.2247600663842862e-10,-2.1430491061874557e-06
0.007439957360402822,503,2,1.9411535259647146e-10,-4.5647009238453107e-07
0.007449991610439264,503,2,1.7806377119994722e-10,-2.780231221910512e-06
0.007459945264136783,503,2,1.7583917320525364e-10,2.590585848786381e-06
0.007469965289607259,503,2,2.197605574553725e-10,3.167811848911982e-06
0.007479968236930811,503,2,2.2788804649020848e-10,-3.86260438506314e-06
0.0074899472824245875,503,2,1.85793871928982e-10,-3.6032792198742447e-06
0.007499927262415824,503,2,1.4841910133626263e-10,1.7071215002717466e-07
0.007509990595784646,503,2,1.6553070861645316e-10,5.053698017259967e-06
0.007519955298102691,503,2,2.0374484585773288e-10,-5.589184638443712e-07
0.0075299385531997064,503,2,1.71201898083249e-10,-3.0570311360667013e-06
0.007539939831432424,503,2,1.5157364425071843e-10,2.1926201662914035e-06
0.007549928577512889,503,2,1.5700951063108478e-10,-3.6539380512401465e-06
0.007559913530641911,503,2,1.2722469064173738e-10,-2.6036069542823004e-06
0.007569945819074044,503,2,1.1004921328939253e-10,-6.30025452141858e-07
0.007579936681663815,503,2,1.112493859173661e-10,1.109978167129766e-06
0.0075899551437865805,503,2,1.2118297707810425e-10,2.4669327314957856e-06
0.007599919124325865,503,2,1.480362316698446e-10,6.049636108451661e-07
0.00760994299832809,503,2,1.3847803886381498e-10,-3.179706253297887e-07
0.007619971311463703,503,2,1.3975524699365392e-10,1.4098658173283818e-06
0.00762994367523308,503,2,1.7913585182273775e-10,4.077408148117634e-06
0.007639939471901827,503,2,1.8684666952485576e-10,-2.678340303624571e-06
0.007649947591854573,503,2,1.7307974123332388e-10,3.0247213278489227e-06
0.007659938454179666,503,2,2.0348167856893643e-10,-5.136526734617064e-06
0.00766992407906114,503,2,1.0361147481435448e-10,-1.0240570495700929e-05
0.007679965514677916,503,2,5.802725367109953e-12,-8.431319508894752e-06
0.007689918763680668,503,2,-1.9190967897292192e-11,6.799567924264949e-07
0.007699942696630244,503,2,-2.382272707721685e-11,-1.928163530472149e-06
0.0077099324046619,503,2,-1.3445758510765866e-11,4.584385916717171e-06
0.007719967090889942,503,2,3.24419198014897e-11,2.2348939270888657e-06
0.007729968695914817,503,2,5.352467656013075e-11,2.2248042463868245e-07
0.0077399551151876925,503,2,2.2861297644226076e-11,-2.5432648337875285e-06
0.0077499883530554245,503,2,4.222032386331072e-11,3.0553666321431194e-06
0.007759962495695265,503,2,6.613009633302117e-11,-1.3071233107009306e-07
0.0077699520338017315,503,2,6.541868674713098e-11,2.62136411738334e-06
0.0077799408352057205,503,2,1.2070585866550895e-10,4.7468054293065e-06
0.007789977068226982,503,2,1.1129871726190386e-10,-3.448401293834613e-06
0.00779996152378533,503,2,1.4515961565766565e-10,4.761299267609653e-06
0.007809987647364741,503,2,1.5252668870424104e-10,-7.266277725515025e-06
0.007819948049467583,503,2,5.2206858504167774e-11,-1.051242517280393e-05
0.007829991531495573,503,2,5.684680433291358e-12,-1.937923943165498e-06
0.007839987594380234,503,2,-1.5065498178101452e-11,-3.767358592421388e-06
0.007849973100140057,503,2,-2.865022940273454e-11,5.276523937225441e-07
0.00785995978623916,503,2,-1.789982396127669e-11,1.9517033222303526e-06
0.007869951411755392,503,2,-2.6425088480250557e-11,-5.53682831100355e-06
0.007879977965168683,503,2,-6.247050894665672e-11,-5.773217741644743e-07
0.007889911186727496,503,2,-5.891346432222246e-11,5.532981366684897e-07
0.007899993245311035,503,2,-6.506777108990461e-11,4.521103887100697e-09
0.00790993341943276,503,2,-3.109731829575449e-11,3.1720462200166e-06
0.007919981077959683,503,2,-2.0940958166176014e-12,4.188172969321613e-06
0.007929947111314254,503,2,5.454319944594397e-11,5.214237001283095e-06
0.00793997206952037,503,2,8.255843554757033e-11,4.961099351163956e-06
0.007949995462996032,503,2,1.2642381901652167e-10,3.693399379181561e-07
0.00795992987484983,503,2,1.0131683722548713e-10,-4.198730212734425e-06
0.007969920709021281,503,2,5.045282917797144e-11,-4.749447910123994e-06
0.007979997262565321,503,2,1.5305128726493864e-11,-3.4200902287451207e-06
0.007989950705612271,503,2,-3.74178450963052e-11,-6.180583471349088e-06
0.00799995957119621,503,2,-9.73242229291603e-11,-5.839233783944131e-06
0.008000049102938512,503,2,-9.784620446721791e-11,-5.830128364470166e-06
0.0,504,1,0.0,0.0
9.989999999999974e-06,504,1,2.0789085748908508e-19,-1.0966840478455742e-14
1.9979999999999985e-05,504,1,-1.458006443490365e-14,-1.2058797307923363e-08
2.996999999999993e-05,504,1,-1.1378538736863902e-12,1.7445605168808775e-08
3.995999999982653e-05,504,1,1.0047706414807232e-11,2.020552283564514e-06
4.99499995869668e-05,504,1,2.554390608566196e-11,1.5808013176243918e-07
5.9939949594887284e-05,504,1,1.0029863516060247e-11,-2.1203620084175867e-06
6.992943033724811e-05,504,1,-1.3556771392527942e-11,-2.1806337134888665e-06
7.99102264454703e-05,504,1,-6.95690192939794e-12,2.062121879364831e-06
8.999867411661217e-05,504,1,1.8083848031232377e-11,-2.662449451740212e-07
9.996765282363734e-05,504,1,2.03461780674027e-11,3.385661317967248e-08
0.00010993878595740294,504,1,1.8219777351061433e-11,-1.2673427108311763e-06
0.00011999041312778416,504,1,1.4213465853504109e-11,6.09973341697545e-07
0.0001299449383418888,504,1,3.209644387021284e-11,3.461184927583405e-06
0.00013994093718666133,504,1,3.3267728805438544e-11,-4.059096527397887e-06
0.00014994107731792187,504,1,1.6073364766445476e-12,-3.006889394314982e-07
0.00015991628940019868,504,1,2.233634845551051e-11,1.999252559364839e-06
0.00016999114436967613,504,1,3.619663575625933e-11,7.765214896857109e-07
0.00017994288874474196,504,1,3.8124466081377976e-11,-5.360331391951467e-07
0.00018994368999829023,504,1,4.175428727339688e-11,1.2733251655572264e-06
0.00019991672636384466,504,1,2.8841784754755906e-11,-6.362468438297908e-06
0.00020999902786400542,504,1,-5.311799937889831e-11,-4.7491736788196626e-06
0.00021997742469151297,504,1,-6.982955763306493e-11,3.046426159114546e-07
0.0002299412673028418,504,1,-5.6402329140313847e-11,-6.502713779943381e-07
0.00023994038197849295,504,1,-6.755206975934437e-11,-3.2369581492996957e-06
0.000249979408802032,504,1,-8.319162911584735e-11,1.6170517729841016e-06
0.00025997760205296314,504,1,-7.532484271060734e-11,3.3793974203027988e-06
0.00026994047687294405,504,1,-3.89647858249631e-11,1.3446830766927764e-06
0.000279940377661343,504,1,-4.370103935571589e-12,5.438280005889973e-06
0.0002899171921228336,504,1,4.8944010736656773e-11,3.117247769135467e-06
0.00029994883246123273,504,1,8.850074238584598e-11,5.863386504878498e-06
0.00030993468393218085,504,1,1.6201252995830208e-10,7.771837064851628e-06
0.0003199401888848346,504,1,2.055243530091756e-10,7.43476043285618e-07
0.0003299837147017973,504,1,1.910750215751325e-10,-2.0299332641471324e-06
0.0003399824946225943,504,1,1.8337248446371871e-10,-1.1738088499246846e-06
0.00034998130253528954,504,1,1.784749145923635e-10,-2.5440781716845606e-06
0.0003599392373724834,504,1,1.5627825603563425e-10,3.289925660510118e-06
0.00036994979185261896,504,1,2.2156957688810588e-10,7.44480125902669e-06
0.00037996773626411065,504,1,2.9015647002800043e-10,8.41378600124898e-06
0.00038993845631998217,504,1,3.393189940553438e-10,2.3508337094746423e-06
0.0003999172946923639,504,1,3.7829579023829283e-10,2.365602568756009e-06
0.00040999872028145597,504,1,3.7467674926847496e-10,-3.234692633857783e-06
0.0004199548776521353,504,1,3.5229321246178324e-10,1.5818136833156693e-06
0.00042993066865616497,504,1,3.482299646953075e-10,-3.9320885080740275e-06
0.00043997339272910024,504,1,2.9280717757164566e-10,-5.308357191646795e-06
0.00044994914081072777,504,1,2.617319543935358e-10,-3.0467817773993655e-06
0.00045995451118858755,504,1,2.590005175885376e-10,2.454592099965236e-06
0.00046999149644892223,504,1,2.45037836074897e-10,-5.270122916956055e-07
0.0004799391218430586,504,1,2.5398761343256563e-10,-2.2844016869041917e-06
0.000489988494036519,504,1,2.352484520817877e-10,1.4224101151927293e-06
0.000499943020442317,504,1,2.645274095666756e-10,3.1860743156739146e-06
0.0005099624776485783,504,1,2.913712453870941e-10,-2.0791078226833903e-06
0.0005199413734900338,504,1,2.0997590834107471e-10,-1.4319180071664661e-05
0.000529989712798049,504,1,5.241392535582936e-11,-1.2061551442482665e-05
0.0005399383777245362,504,1,1.766073012387636e-12,1.3240895495592042e-06
0.0005499579831984126,504,1,3.6187921564307204e-11,5.791858634918157e-07
0.0005599762955612779,504,1,-2.3042960057152295e-11,-1.233926073934688e-05
0.0005699231784678594,504,1,-1.1171770527123719e-10,-5.496500059765097e-06
0.0005799938953701229,504,1,-1.9730632434774542e-10,-4.3216452796923654e-06
0.0005899310793806982,504,1,-2.105850647355297e-10,1.5625099579752444e-06
0.0005999659284024729,504,1,-1.4039245209472253e-10,4.388112758197879e-06
0.000609943251318685,504,1,-9.574135256721039e-11,8.119789752597528e-06
0.0006199233236204224,504,1,-1.6702549883436748e-11,6.079954180809866e-06
0.0006299331046201206,504,1,1.7696679817449663e-11,-2.447059264096274e-06
0.0006399776651607039,504,1,-5.215992581294104e-11,-9.805978641058699e-06
0.0006499948876300045,504,1,-1.5743527740359037e-10,-6.8321862604636685e-06
0.0006599160003705074,504,1,-1.8570593551415557e-10,-3.405529937272611e-06
0.0006699576057563944,504,1,-2.3172509235984396e-10,-4.98428490081082e-06
0.0006799211757989686,504,1,-2.7102312677229146e-10,-1.0445910423317883e-06
0.0006899905273309824,504,1,-2.517021254745363e-10,2.044495954756087e-07
0.0006999813053312869,504,1,-2.6178680051633027e-10,-1.9306774285549055e-06
0.0007099627426447686,504,1,-2.738205688191807e-10,-1.1865054383997098e-06
0.0007199888342083505,504,1,-3.017539750854053e-10,-1.229271039765445e-06
0.000729950800000866,504,1,-2.678420030322146e-10,6.349279201511848e-06
0.0007399099293326919,504,1,-2.278903736657972e-10,-6.123333545909881e-07
0.0007499787321743916,504,1,-2.777775205694915e-10,-4.708320315835457e-06
0.0007599121948682989,504,1,-3.037102883977059e-10,1.4407638782021337e-06
0.000769998599325241,504,1,-2.899866664477597e-10,1.247459490150149e-07
0.0007799133407966841,504,1,-3.2251034329434545e-10,-7.0645292742366195e-06
0.0007899164980803509,504,1,-4.0236360085915213e-10,-5.104851233950214e-06
0.0007999620760097976,504,1,-3.8385123791800316e-10,6.485485270824043e-06
0.0008099510866692575,504,1,-3.5874184970297734e-10,-1.184698134426565e-06
0.0008199263709300147,504,1,-3.7854541108840603e-10,1.6528621794575926e-06
0.0008299938563031341,504,1,-4.0427339621296795e-10,1.125650227778996e-06
0.0008399425258272241,504,1,-3.111645325627223e-10,1.2016024872107955e-05
0.0008499783200037693,504,1,-2.0862433521451774e-10,5.334660934608326e-06
0.0008599246122307817,504,1,-1.564642818655199e-10,1.0082227695829005e-05
0.0008699613161949773,504,1,-1.0597774461245995e-10,1.5736694585766209e-06
0.0008799430792557039,504,1,-1.4172087880001032e-10,-5.196558822473385e-06
0.000889914613174657,504,1,-1.4415877625201072e-10,5.069767458315555e-06
0.000899940938460233,504,1,-7.03217224035102e-11,5.04615510327211e-06
0.0009099566132113925,504,1,-1.9670669159830255e-11,7.740895375807355e-06
0.0009199996984748391,504,1,7.954590882741728e-11,1.0493119884102953e-05
0.0009299583251180663,504,1,1.1451150761670505e-10,-3.966517723441587e-06
0.0009399714833654413,504,1,-1.4084211173628208e-11,-1.4136687651489233e-05
0.0009499416496498944,504,1,-1.0467373203013747e-10,-4.947789861861618e-06
0.0009599399966234764,504,1,-9.07375068500858e-11,3.3032327688697904e-06
0.0009699435846053626,504,1,-6.795777594901641e-11,2.673394167984622e-06
0.0009799404226288715,504,1,-6.440237474987075e-11,6.823050482940296e-07
0.0009899704638186059,504,1,-4.718492274419922e-11,5.199521284526831e-06
0.0009999965726488068,504,1,-3.698906415536274e-12,2.1151613465164587e-06
0.0010099574320871526,504,1,2.1977098553548416e-12,4.0772871101601993e-07
0.0010199842522080644,504,1,-3.257528768214543e-11,-5.139813723076259e-06
0.0010299282517230385,504,1,-6.077205290378179e-11,-3.9750579541308895e-06
0.001039952928274145,504,1,-6.11777495626391e-11,5.063958427031778e-06
0.0010499456281726552,504,1,-1.9715109654815403e-11,3.5459566722351177e-06
0.0010599673841890206,504,1,-1.1038725238521254e-12,2.7046932664642753e-06
0.0010699381905818913,504,1,1.045682756286052e-11,-2.088358554169778e-06
0.0010799265402712044,504,1,-3.036928439167875e-11,-4.335982332626109e-06
0.0010899215470765433,504,1,-6.36809178824593e-11,-5.937198883643191e-07
0.0010999966318489694,504,1,-7.737913450926183e-11,-2.89333755576493e-06
0.001109995511524942,504,1,-1.2854912489703883e-10,-3.030173895635091e-06
0.0011199200024236623,504,1,-1.1769802132727497e-10,2.333518916389221e-06
0.0011299760781678528,504,1,-1.0354780331891026e-10,1.692501197192442e-06
0.0011399879746241996,504,1,-8.195129097579671e-11,2.054529193884491e-06
0.0011499254065114345,504,1,-6.808648031666868e-11,3.631751458066379e-06
0.00115996149636992,504,1,-6.979488827129601e-11,-4.107569074651707e-06
0.001169926916304428,504,1,-1.2070195560036844e-10,-5.129936013203995e-06
0.001179977029286354,504,1,-1.340702940563109e-10,1.5513417420121023e-06
0.0011899368801656781,504,1,-8.467260385708558e-11,4.43841008707091e-06
0.0011999190343896702,504,1,-6.633441241130523e-11,-4.235611053005073e-07
0.0012099127896993515,504,1,-5.849289175713151e-11,3.492061873743013e-06
0.001219999754372062,504,1,-4.02269023789452e-11,3.5129533009214953e-06
0.0012299240607925048,504,1,2.0853263187688587e-11,1.7966888867793074e-06
0.0012399300916896981,504,1,-1.9693762608505956e-11,-7.032322173916583e-06
0.001249908852816136,504,1,-5.1245389269522325e-11,-1.935264815011717e-06
0.001259969570289194,504,1,-7.194240346072227e-11,-2.3921677720917245e-06
0.001269997367040202,504,1,-1.5392022725146557e-10,-1.0611247782454925e-05
0.0012799150102057472,504,1,-2.1801047313854119e-10,-1.7327016266980959e-06
0.001289907700240844,504,1,-2.1717637367966005e-10,1.632971184467591e-06
0.0012999968930746224,504,1,-1.739644304939213e-10,6.0294905531721454e-06
0.00130996081967101,504,1,-1.0242049877884308e-10,8.282867006575989e-06
0.0013199129566355417,504,1,-2.1844260422862125e-11,5.755544140770286e-06
0.0013299895470651804,504,1,1.0239601721596155e-11,-2.026387066145219e-06
0.0013399971095359408,504,1,-1.777941514716566e-11,-6.252645284310354e-07
0.0013499303694762272,504,1,-2.8311458835942813e-11,1.5944833956504922e-06
0.0013599919905867561,504,1,-4.138460411086961e-12,2.0903920138204413e-06
0.0013699851505381473,504,1,-1.5347773243544905e-11,-4.406637467611885e-06
0.0013799748265174655,504,1,-5.819044481634853e-11,-5.733674233135422e-06
0.0013899123059433515,504,1,-1.096533767174575e-10,-9.481794590038284e-07
0.0013999942451156462,504,1,-1.0524339291218855e-10,7.663760502318873e-07
0.0014099338649546564,504,1,-7.129322985780081e-11,6.713019684800869e-06
0.0014199880585482523,504,1,2.7785112799688216e-11,1.1678504721390759e-05
0.0014299410224153921,504,1,1.8029216322970035e-10,1.6254204923571436e-05
0.0014399647378862453,504,1,2.7229014550827997e-10,9.719527691159913e-07
0.0014499809452065196,504,1,2.1781403067873525e-10,-1.020104137228195e-05
0.001459944908936736,504,1,1.3095226173979904e-10,-3.972400012958177e-06
0.0014699512338979617,504,1,1.1020249298477952e-10,-3.0634907276253995e-06
0.0014799235030007497,504,1,6.120825397362088e-11,-6.7780169886177966e-06
0.0014899366173026151,504,1,-1.4513356218459313e-11,-4.4628612826391745e-06
0.001499990420126971,504,1,-5.242915464569089e-11,-2.833718958745665e-06
0.0015099575319327033,504,1,-3.9378157649255265e-11,6.39813389169408e-06
0.0015199765164080198,504,1,2.991305754020178e-11,3.994792895256616e-06
0.0015299491666946959,504,1,5.978682487777463e-11,1.751688419957681e-06
0.0015399987513572432,504,1,6.097939967780958e-11,9.704011880162788e-08
0.001549974901527717,504,1,3.8349779410163385e-11,-3.1979604427911923e-06
0.001559979856524952,504,1,2.7338116186516152e-11,-9.627309159321307e-07
0.0015699594351443944,504,1,-3.43460873840183e-12,-6.06894924889273e-06
0.001579918773549063,504,1,-4.6136394860147516e-11,4.324097360730583e-08
0.0015899439769683828,504,1,8.521125478924582e-12,6.411072595136069e-06
0.0015999543075729818,504,1,4.6089943784231294e-11,4.61970615106555e-06
0.0016099164701122103,504,1,5.071200610895293e-11,-6.329651998537855e-06
0.0016199934375123123,504,1,-7.148700061814298e-12,1.4503614659496823e-06
0.0016299767194849271,504,1,1.5386063820579943e-10,2.2606136461100768e-05
0.0016399320316245294,504,1,2.791168244814057e-10,2.0170309058542557e-06
0.0016499685899983411,504,1,2.1006516085494227e-10,-1.4112915826758332e-05
0.0016599434567047308,504,1,1.0140299132967956e-10,-7.307691065272515e-06
0.0016699831303536646,504,1,9.763923450511406e-11,5.085980475438845e-06
0.0016799338482886494,504,1,1.8109231807191917e-10,7.782984146831318e-06
0.0016899761201780224,504,1,1.6532614400514985e-10,-9.647564624348792e-06
0.00169992928424783,504,1,3.790325851949362e-11,-1.3104854061363191e-05
0.0017099755055905552,504,1,-6.74324690938626e-11,-8.750789392497627e-06
0.0017199843801098905,504,1,-1.383541271514092e-10,-8.061940472980922e-07
0.0017299320636266187,504,1,-1.4010939745403574e-10,-2.0442069866843937e-06
0.0017399753388256676,504,1,-8.711565678020164e-11,1.127682339652214e-05
0.0017499882378221576,504,1,-6.448925882917471e-11,-4.737771154617043e-06
0.0017599367238823038,504,1,-1.2622686671403226e-10,-1.142923903002524e-05
0.0017699212396846728,504,1,-2.653109284255829e-10,-1.168510674687262e-05
0.0017799940536531063,504,1,-2.719110419036584e-10,9.422020286864452e-06
0.0017899421800572132,504,1,-1.4748663293933208e-10,1.1425348147131587e-05
0.0017999695895979386,504,1,-1.176208961500315e-10,-8.433819133568665e-06
0.0018099469624085097,504,1,-1.9174959373880417e-10,-5.779655717463861e-06
0.0018199691083681014,504,1,-2.4828272858474056e-10,-4.788207746575512e-06
0.0018299171679675677,504,1,-3.177277601987879e-10,-6.833019753710312e-06
0.0018399400320049208,504,1,-3.514749750738091e-10,-1.4530831917713982e-06
0.0018499899711646014,504,1,-2.907772508493607e-10,9.94879304822005e-06
0.0018599223412782957,504,1,-2.2588381044916141e-10,-3.2069408195667393e-06
0.00186996112418816,504,1,-3.7416870946074235e-10,-2.4356364494160232e-05
0.0018799348770303093,504,1,-5.288921121535377e-10,-2.2774237712352985e-06
0.0018899777973552358,504,1,-4.683942725308932e-10,1.2640528267049422e-05
0.0018999384412200213,504,1,-3.5260246230533045e-10,8.92259697216069e-06
0.0019099731120282661,504,1,-3.343545867970249e-10,-6.275807036937309e-06
0.0019199545157963268,504,1,-3.6205844425886674e-10,-3.411942074427188e-07
0.001929936960045592,504,1,-4.001456958132406e-10,-4.430232596219774e-06
0.0019399585878920463,504,1,-4.211733965495583e-10,-5.129608197651514e-07
0.0019499597434269062,504,1,-3.7193648245385103e-10,7.326910288929511e-06
0.001959911501671131,504,1,-3.611762783720996e-10,-1.786522073166097e-06
0.001969983977620256,504,1,-3.7336067363255283e-10,-1.173578368041106e-06
0.0019799540554424335,504,1,-3.9416929435194406e-10,-3.8070378088894685e-06
0.0019899863872632397,504,1,-3.86398863826251e-10,5.4983646949891e-06
0.0019999703538813034,504,1,-3.880025935146334e-10,-3.5733427715678445e-06
0.0020099469732676833,504,1,-4.2946680239852597e-10,-6.198010645885876e-06
0.0020199909790062837,504,1,-4.3301362457015503e-10,3.847798987710593e-06
0.002029966872477179,504,1,-4.226546458874431e-10,1.857641091618234e-06
0.0020399606461028257,504,1,-4.596368579867197e-10,-1.390111231380775e-05
0.0020499637944735856,504,1,-6.263265022317084e-10,-1.1263468266298204e-05
0.002059965218332684,504,1,-6.238090320990694e-10,7.664230212200973e-06
0.0020699561710697525,504,1,-5.340990170985894e-10,7.102455956531362e-06
0.0020799201752331837,504,1,-4.855953973649486e-10,5.859234230021215e-07
0.0020899953148975584,504,1,-4.3049852691242675e-10,9.527938764630761e-06
0.002099958728119006,504,1,-3.744613133094721e-10,2.233702876885957e-06
0.002109925032315064,504,1,-3.144127238408966e-10,1.0062877527694525e-05
0.0021199536060964004,504,1,-2.1777403355257294e-10,1.0111940657808738e-05
0.002129985021832349,504,1,-1.3202093627793723e-10,5.6752596897836904e-06
0.002139970783585738,504,1,-8.02785361312384e-11,7.286267752232289e-06
0.00214996623596746,504,1,-1.7704961797287923e-11,1.9368154337007226e-06
0.002159951286584308,504,1,-6.207575628943237e-12,4.018675977324193e-06
0.002169946304954317,504,1,2.2681205143340122e-11,1.6231694799362373e-06
0.002179943703760136,504,1,5.2393488903819526e-11,4.2511203328654545e-06
0.002189966126711361,504,1,1.144891608648418e-10,6.570649359272096e-06
0.002199914040111689,504,1,1.4967830537761999e-10,-3.219834054268844e-06
0.0022099518420849945,504,1,3.359460118469997e-11,-1.5778351866335694e-05
0.0022199795458454877,504,1,-8.878548371561734e-11,-6.7412887496121066e-06
0.0022299464288808683,504,1,-8.319124964508698e-11,2.9860082345622985e-06
0.0022399737534004424,504,1,-6.088610189213407e-11,2.2827045221829323e-06
0.0022499780068809625,504,1,-4.7302001596508884e-11,-2.291521242703265e-06
0.0022599422814206815,504,1,-7.151075440353996e-11,-4.160434781463884e-06
0.0022699932041969294,504,1,-1.5497737724482364e-10,-1.2222903773118077e-05
0.002279952059043025,504,1,-2.3185819404821992e-10,1.4706236277639562e-06
0.002289964359032452,504,1,-1.7977911250464782e-10,8.171322352368282e-06
0.0022999640222200143,504,1,-3.120124867870557e-11,1.6697848772451174e-05
0.002309991084289151,504,1,7.073196534061125e-11,6.825956486933293e-06
0.002319917579662434,504,1,1.1545147761016109e-10,-3.875517907481196e-06
0.0023299731467054303,504,1,1.1833068708137046e-10,2.17533805746406e-06
0.0023399462295683525,504,1,1.3851890342286605e-10,6.064534683958636e-06
0.0023499603114730673,504,1,2.2138433253081737e-10,7.602271749451717e-06
0.0023599678377285343,504,1,2.6730081516268545e-10,1.5036886800712246e-06
0.002369916117142363,504,1,2.740890757409962e-10,-4.252494577215715e-06
0.0023799909620431724,504,1,1.8775366196932975e-10,-1.1300448591655687e-05
0.0023899964261327646,504,1,7.840213202407232e-11,-7.590805226109776e-06
0.002399919542293609,504,1,6.352330114661297e-11,1.5514045003106602e-06
0.002409967486389045,504,1,7.0200236027965e-11,-5.0092956549729895e-06
0.0024199444124620006,504,1,2.3229559584147185e-11,-3.835119167572287e-06
0.0024299537780780815,504,1,1.0855332451209726e-11,2.09953442427413e-06
0.002439912383324009,504,1,3.0760114158638824e-11,-8.743847045022957e-07
0.0024499348022887285,504,1,-1.837432355043995e-11,-3.125364568645761e-06
0.0024599363281703726,504,1,-9.775771599146834e-12,1.4944478530232175e-06
0.0024699639710001366,504,1,-9.506036362667272e-12,3.2278193637866326e-06
0.0024799783935041467,504,1,3.616964053162726e-11,1.731609024363534e-06
0.0024899589937178272,504,1,6.819517729854461e-11,6.465688977032313e-07
0.002499980759365974,504,1,1.5072566184390476e-11,-7.233723551935967e-06
0.0025099259281406287,504,1,-1.4927791678964004e-11,3.731265512285642e-06
0.002519968243326099,504,1,-1.2099444503358174e-11,-1.335343009625789e-06
0.0025299626932118757,504,1,4.211911752328317e-11,5.403843233053873e-06
0.0025399921288444347,504,1,6.670801578969611e-11,1.3397570430839778e-07
0.0025499517793088357,504,1,2.8560270559527213e-11,-3.1466127231594143e-06
0.002559945931782428,504,1,5.970821234286302e-11,8.240262597963843e-06
0.0025699875608820484,504,1,1.1471186931320452e-10,1.9193074705659008e-06
0.0025799634407477146,504,1,8.87319328629003e-11,-5.279400711238891e-06
0.002589997635988605,504,1,3.020409312945254e-11,-5.5913817010866396e-06
0.0025999538586885173,504,1,-5.794830015685461e-12,-2.128187171518414e-06
0.0026099321790062882,504,1,-3.050743200270524e-11,-2.612940317558987e-06
0.0026199814028189197,504,1,-3.165825760925527e-11,1.443535758580139e-06
0.00262996368374016,504,1,-2.9763028111827244e-11,3.740210425817736e-07
0.002639926869237403,504,1,1.2552604795716422e-12,3.60621079631418e-06
0.0026499809017479343,504,1,2.2020370708884362e-11,3.906229175537623e-06
0.002659931608901232,504,1,8.902082077470231e-11,7.539194593952914e-06
0.0026699302075297296,504,1,1.5065747463455367e-10,3.271874742999392e-06
0.002679925834619242,504,1,1.4365441551833199e-10,-4.5506398342679e-06
0.0026899210349086685,504,1,9.325623535181194e-11,-7.395077588123744e-06
0.002699986691880266,504,1,-1.0315691521340297e-11,-7.644237455292635e-06
0.002709917997818696,504,1,-5.696726863700001e-11,-1.2548945040047332e-06
0.0027199801589531977,504,1,-4.5422573742657374e-11,-1.6863792238752673e-06
0.0027299574274404588,504,1,-1.2893732681204268e-10,-9.789612834237849e-06
0.00273998197206768,504,1,-1.3500921085577659e-10,7.579148559644366e-06
0.002749927030553463,504,1,-2.7607375156698264e-11,1.37767865062699e-05
0.0027599892595476377,504,1,7.628469487973538e-11,4.552081258518692e-06
0.002769931172893359,504,1,1.3838593589265047e-10,5.0567110429777795e-06
0.0027799815756795964,504,1,1.3850918840219444e-10,2.78062296743542e-07
0.0027899435449372386,504,1,1.1874174123547763e-10,-4.9014657292900665e-06
0.0027999291500746316,504,1,7.96194125237651e-11,-1.93802884271288e-06
0.002809998311228338,504,1,8.650184065336886e-11,-8.788015085081646e-08
0.002819983901517645,504,1,3.355758534346145e-11,-7.559526267658656e-06
0.0028299259032926296,504,1,1.5292604805232238e-11,-1.9584457000565436e-07
0.002839966537431897,504,1,-4.3328218701836835e-12,-2.923402977236811e-06
0.002849980464035849,504,1,-3.864414140452416e-11,-2.948743041963908e-07
0.002859972413267654,504,1,-2.881780981922079e-13,7.125938176422153e-06
0.0028699750694906262,504,1,4.684593272345284e-11,7.631898676918603e-07
0.0028799306231424926,504,1,3.221478440181436e-11,-3.7803917991019453e-06
0.0028899371846635375,504,1,2.6948194980976623e-11,4.915834019514342e-06
0.0028999362412962023,504,1,8.152014086591308e-11,-2.725743868947639e-07
0.0029099914865070857,504,1,3.310854807206539e-11,-4.619526060123391e-06
0.0029199124163380085,504,1,5.329083859393187e-12,-1.7200909736558856e-06
0.002929978411528775,504,1,4.3441951726571e-11,6.341792199826557e-06
0.0029399364732871085,504,1,7.091266238966397e-11,8.478649301812968e-07
0.002949914339342507,504,1,8.073738365013813e-11,-1.9870070492311598e-06
0.0029599423294730132,504,1,3.5116508926945475e-11,-3.944659037434517e-06
0.0029699733014386183,504,1,5.023558233283108e-11,3.899796544137857e-06
0.0029799317744709313,504,1,9.665222886357655e-11,3.5872746877996242e-06
0.002989931702368663,504,1,7.182298096650337e-11,-6.600931944183985e-06
0.0029999586887304325,504,1,8.232767729533536e-11,5.200180843822899e-06
0.0030099220723408715,504,1,1.188911907495211e-10,2.30141541024409e-06
0.0030199777646953765,504,1,7.679025954877589e-11,-4.989496273172245e-06
0.003029972238821202,504,1,5.681104803305576e-11,-2.4762668111785735e-06
0.003039965562187682,504,1,1.10133445806594e-11,-5.609263400041531e-06
0.0030499652233629258,504,1,-4.448005408008021e-11,-3.825661474804454e-06
0.00305993983183672,504,1,-9.251589721908076e-11,-3.5948000378094314e-06
0.003069944723646831,504,1,-9.986067565714114e-11,1.5735200136757221e-06
0.0030799673093918466,504,1,-7.820549484155621e-11,3.0688407272050355e-06
0.003089951570591246,504,1,9.302150467006137e-12,7.2717614616382015e-06
0.003099996618402475,504,1,2.4222222812849293e-11,-1.255994758031509e-06
0.0031099435813257727,504,1,-4.287322009726129e-12,-4.716455970979981e-06
0.00311994486892057,504,1,-8.282505674958151e-11,-4.156556490109153e-06
0.003129939561414013,504,1,-1.0516247851103267e-10,-2.783789685045779e-06
0.003139914600232997,504,1,-1.0497429588454156e-10,1.816070917592949e-06
0.0031499577257448827,504,1,-1.1704637062223905e-10,-6.479029700245942e-06
0.003159963763595011,504,1,-1.3863006294805415e-10,2.1767710456366274e-06
0.0031699744740670078,504,1,-1.4802028679638483e-10,-3.510118594826639e-06
0.0031799145826637574,504,1,-1.5243149369012455e-10,3.499096350445541e-06
0.0031899890966117523,504,1,-9.872127462430763e-11,3.036237558429189e-06
0.0031999109287082564,504,1,-6.741314687600192e-11,2.5251260976633105e-06
0.003209961215371861,504,1,-4.674239607974388e-11,1.5881783122298487e-06
0.003219913694989662,504,1,-2.0439546024675695e-11,4.6228667062164774e-06
0.0032299520060444955,504,1,2.321337038064565e-12,-3.854166288341787e-06
0.0032399747253086747,504,1,-4.236094302753884e-11,-4.321542186463967e-07
0.003249912405336842,504,1,-1.1372926702495935e-11,1.8828099775936025e-06
0.0032599562104979477,504,1,-2.5477970915736142e-11,-2.5901222845403638e-06
0.0032699760401257586,504,1,-4.211989890440075e-11,-7.977968040084882e-07
0.003279933369739025,504,1,-6.323593981349268e-11,-2.301360606055125e-06
0.0032899357981529846,504,1,-8.609670992094053e-11,-4.982978669132443e-07
0.0032999780149059513,504,1,-8.381745313410611e-11,1.9789848504370156e-07
0.0033099648376778332,504,1,-9.050498328886216e-11,2.234170161097282e-06
0.003319982639241931,504,1,-5.4104667665847653e-11,5.2321539649180515e-06
0.0033299546666600175,504,1,-1.7952015870755563e-11,3.0979841501022065e-06
0.003339942535206861,504,1,2.7950980858179944e-11,5.805462600760869e-06
0.0033499322210104668,504,1,1.2166966273800318e-10,1.1723218825976378e-05
0.003359951789036946,504,1,1.6694411607989595e-10,-3.91950817701936e-06
0.00336997548022929,504,1,8.8362769761662e-11,-7.432411514241011e-06
0.0033799476808980154,504,1,5.6263321474055573e-11,-8.93308484961608e-08
0.003389955635225697,504,1,4.1066679735993975e-11,-2.3108088579304464e-06
0.003399962869026109,504,1,8.085853913480359e-11,5.247762146276536e-06
0.003409959199319165,504,1,6.144220551550304e-11,-4.920524745211097e-06
0.0034199678444148994,504,1,4.477218420212904e-11,-3.2089213330976918e-06
0.0034299595271051883,504,1,-3.569546810301065e-11,-8.721617733131737e-06
0.0034399164707625703,504,1,-6.956862479685455e-11,4.5008670401802675e-06
0.0034499658485045172,504,1,-6.6339617989501914e-12,4.461151867696245e-06
0.003459987931280735,504,1,5.92827973990446e-11,5.806932888763328e-06
0.003469992485711434,504,1,7.458960021034926e-11,3.689348154756189e-07
0.003479987355730773,504,1,3.763705081892967e-11,-9.312373153491649e-06
0.003489935570127207,504,1,1.267826383131914e-11,3.499510104768011e-06
0.0034999158792296606,504,1,3.6458505799168095e-11,2.5533008133349355e-06
0.0035099864894568645,504,1,7.06387434744988e-11,1.5541166598631584e-06
0.003519966570310626,504,1,7.38258732897295e-11,1.7301957015991576e-06
0.0035299641631469847,504,1,7.828096158927534e-11,2.3558734448259067e-06
0.0035399674194764043,504,1,9.149382214856082e-11,-1.889505477636888e-06
0.0035499949278334983,504,1,1.6665477221364656e-10,1.4687991587103433e-05
0.0035599766551373557,504,1,2.4494864880395396e-10,7.963580133107939e-07
0.0035699609469584752,504,1,2.2550879039291965e-10,-1.9806385527787462e-06
0.0035799890543061,504,1,2.318733379063384e-10,-1.481629872679413e-07
0.0035899804680342086,504,1,2.1522493155897143e-10,-9.431806439752499e-07
0.003599979583983733,504,1,1.9421426858227953e-10,-5.04593865280345e-06
0.0036099222546385817,504,1,1.2369664866438627e-10,-7.4355746185333915e-06
0.003619949034292211,504,1,1.1210499938630312e-10,2.888609161852407e-06
0.0036299251144388633,504,1,1.0431175713848076e-10,-2.786797354062398e-06
0.0036399497495798404,504,1,1.1246422428046448e-10,2.3842812564289773e-06
0.0036499285714136675,504,1,1.1750604642416472e-10,-2.2294539059330987e-06
0.003659917996406141,504,1,1.2509804272391265e-10,2.6338951610860306e-06
0.0036699789923689843,504,1,1.1106118850167973e-10,-2.9439469925035544e-06
0.003679969699011824,504,1,1.1294985044444793e-10,2.9354027195616084e-06
0.003689957342833872,504,1,1.0611880252366112e-10,-9.09303679297313e-08
0.0036999599561408046,504,1,1.4309594180021484e-10,1.1791343114131436e-06
0.003709996021603432,504,1,1.4378487006442339e-10,-2.0051265776505067e-06
0.003719996489604073,504,1,1.5268966340660516e-10,4.716526389947351e-06
0.0037299894974872783,504,1,2.2477601882244696e-10,7.074013238128618e-06
0.0037399476849436443,504,1,2.3553341152720165e-10,-5.697292338457949e-06
0.003749914987442235,504,1,1.8152207510821906e-10,-1.4140697589259954e-06
0.0037599850074020204,504,1,1.8452569979754657e-10,-1.6520596061164738e-06
0.003769910128315143,504,1,1.736954358149594e-10,1.599882981300621e-06
0.0037799143296297828,504,1,1.5565862471929857e-10,-6.060908714300862e-06
0.003789986701866888,504,1,1.4179958278737518e-10,7.574249679676015e-07
0.0037999840002473618,504,1,1.5049734806353403e-10,1.7188708579252143e-06
0.0038099119143367452,504,1,1.7155031411533132e-10,-3.466367803212078e-06
0.0038199544167427744,504,1,8.719867692220506e-11,-6.0267645496381306e-06
0.003829973834453286,504,1,1.0301883884801175e-11,-1.1289596726582474e-05
0.0038399489531887013,504,1,-4.8558887223986314e-11,5.418209521934614e-06
0.0038499819668304947,504,1,4.9545056989694553e-11,5.969941942296497e-06
0.0038599323729447046,504,1,6.136866363829808e-11,-2.471683047289286e-06
0.0038699329794779852,504,1,2.933091118922026e-11,-6.461437563665129e-06
0.003879953593073857,504,1,4.6538060033505125e-12,8.266083814408368e-06
0.0038899193462273054,504,1,1.1774570483528242e-10,9.944728000355757e-06
0.0038999674567536855,504,1,1.8225158981668077e-10,2.4307926776434563e-06
0.003909973892670431,504,1,2.1722561384110103e-10,3.9206791122570195e-06
0.003919971963033825,504,1,2.2759706446562724e-10,-4.7676884390168706e-06
0.003929956999827754,504,1,1.9725794978833148e-10,4.568602231913577e-06
0.003939982898708446,504,1,2.3156542671366102e-10,-2.4898645660798024e-06
0.003949968640165373,504,1,2.0856766689938998e-10,-3.103685140282142e-06
0.0039599934159146475,504,1,1.6167729440093e-10,-8.480249449716037e-06
0.003969997519866244,504,1,5.564217959643121e-11,-4.4649870555892035e-06
0.003979982990551467,504,1,1.0544364139087616e-10,5.873125231314891e-06
0.003989934666993569,504,1,1.215074427945111e-10,-5.508902267137294e-07
0.003999913003680193,504,1,9.28207916581767e-11,-4.1010840641786395e-06
0.004009970354351159,504,1,9.319094691282305e-11,1.4700867301126186e-06
0.004019979094106374,504,1,1.0560576938385962e-10,6.992156349888701e-07
0.004029950745734171,504,1,1.22786118276794e-10,1.2292700465321715e-06
0.004039942717751812,504,1,6.628363816138841e-11,-1.0577968812097716e-05
0.004049946997578974,504,1,1.1190554933781225e-11,-2.2172040127360626e-06
0.004059916768078634,504,1,2.0435066003043163e-11,3.255289834837305e-06
0.004069938821230154,504,1,1.438393764956658e-11,-4.492510596115773e-06
0.004079975100885102,504,1,-3.958658662137559e-11,-3.4316186671712323e-06
0.004089973857797665,504,1,-8.324754213249013e-11,-3.195334404515471e-06
0.00409995801027166,504,1,-7.195581782960486e-11,6.86350706771699e-06
0.004109967524010925,504,1,2.4120583701666136e-11,8.59856909984913e-06
0.0041199969731230135,504,1,5.371631296219374e-11,-9.642290905971865e-07
0.004129920749545665,504,1,2.5252150778339272e-11,-2.2992580870351276e-06
0.004139947689710027,504,1,-1.5418112361274318e-11,-6.852325150186189e-06
0.004149991383555522,504,1,-6.937806846090216e-11,-2.091144627847097e-06
0.004159965118920347,504,1,-5.617842146439847e-11,7.87087632403427e-07
0.004169913432839005,504,1,-5.882450729728086e-11,7.833130923895482e-07
0.004179968965147302,504,1,-4.475349549905609e-11,-2.1074734114501226e-06
0.004189929669998917,504,1,-9.411577382573686e-11,-4.2378104305670905e-06
0.004199950409495853,504,1,-1.0323819879895111e-10,2.8130972548057187e-06
0.004209930314805301,504,1,-7.817012102450793e-11,-2.442789798329237e-06
0.004219913416186126,504,1,-1.6016401259319165e-10,-1.2079279453569569e-05
0.0042299515535647115,504,1,-2.204387841426951e-10,3.403668016321859e-07
0.004239977093426184,504,1,-1.7389528236973727e-10,6.913725109636282e-06
0.0042499370354624755,504,1,-1.2823254892153522e-10,1.5278124725348619e-06
0.0042599465285104434,504,1,-1.180847512531765e-10,4.302721083759842e-06
0.004269969327940862,504,1,-6.364837001158617e-11,4.147094924175643e-06
0.004279913423481409,504,1,-6.263272656387869e-11,-4.010645141994118e-06
0.004289993038818147,504,1,-7.8785265170253e-11,2.063596535817336e-06
0.004299991225461763,504,1,-3.7257144120056776e-11,4.025758953474234e-06
0.004309945624254763,504,1,-1.48554895564501e-11,-1.3198770364430956e-06
0.004319998665508673,504,1,-9.180157769215786e-11,-7.0993617110916285e-06
0.0043299549856107445,504,1,-1.0519774401628393e-10,1.298375869041024e-06
0.004339957874648214,504,1,-1.473843585695321e-10,-6.389089577563123e-06
0.004349963519845792,504,1,-1.6877742182425212e-10,-7.296665493344845e-07
0.004359992726485439,504,1,-1.8593901884769032e-10,2.489436067731887e-06
0.004369938267809007,504,1,-2.1610507693842836e-10,-7.266728882446283e-06
0.004379977219591096,504,1,-2.4571339868711115e-10,5.86865724594432e-06
0.004389919285692072,504,1,-1.4246502253996516e-10,9.16190192812305e-06
0.004399953226906091,504,1,-9.506627883043789e-11,9.559391284108543e-07
0.004409987380974212,504,1,-9.145400214376404e-11,-7.413895275476534e-08
0.004419988878028486,504,1,-8.54975224071666e-11,3.5160239224840684e-06
0.004429998865776309,504,1,-2.231669952391306e-12,3.5272951446063683e-06
0.004439988422207526,504,1,-4.3193194365561153e-11,-2.3107764375862594e-06
0.004449973551717772,504,1,-6.309071671264108e-11,-7.415019376288967e-07
0.004459977892248038,504,1,-2.0219318613742517e-11,5.435980186069278e-06
0.004469970398405355,504,1,2.5253210879036276e-11,-1.2811262475875829e-06
0.004479913604810073,504,1,-2.2745488069517324e-11,-6.181779067693238e-06
0.004489970078022335,504,1,-2.717282805421396e-11,4.135469868313257e-06
0.00449993741492928,504,1,2.129045482190191e-11,4.228537253125886e-06
0.004509995120601538,504,1,1.456901469243702e-11,-5.4410476109101324e-06
0.004519912967104461,504,1,-3.713882244340866e-11,-4.332766661008236e-06
0.004529911878696883,504,1,-4.66710439555023e-11,4.28956440839956e-06
0.004539943881176491,504,1,-1.8214395618810835e-11,3.059293822688103e-06
0.004549950243808194,504,1,-8.346649492575612e-12,-2.2074342938549485e-06
0.0045599603266357844,504,1,-4.577962778624261e-11,-1.0857751920889669e-06
0.004569913198020405,504,1,-5.1533040697874523e-11,-9.095958532490123e-07
0.0045799854445137044,504,1,-6.173048868813235e-11,-5.507330205212213e-06
0.004589936021758731,504,1,-1.4127575022144167e-10,-7.742104969121755e-06
0.004599929223913603,504,1,-1.4970953386296414e-10,5.979886888329844e-06
0.004609987356456362,504,1,-5.913257736909281e-11,8.213004812435143e-06
0.004619960686584727,504,1,-1.2174174767457255e-11,1.483915720662532e-06
0.004629938719398666,504,1,-4.625141603310611e-12,5.488185624846764e-07
0.004639939110220124,504,1,-2.1527801044831838e-11,-2.8481588761897214e-06
0.004649938085724427,504,1,1.5161325032209778e-11,7.909999311300764e-06
0.004659940641841529,504,1,9.486806735587415e-11,6.214283670494258e-06
0.004669916187389535,504,1,9.574222470536717e-11,-1.9898034804843867e-06
0.004679938341115081,504,1,1.1438246507792485e-10,1.4515302508566474e-07
0.0046899614838623845,504,1,2.635808189549102e-11,-1.311840428119826e-05
0.004699974575675355,504,1,-7.351531720618115e-11,-3.772871077278861e-06
0.004709931442857634,504,1,-8.514317823034973e-11,-2.1070958775848414e-06
0.004719973741005133,504,1,-7.88117461848997e-11,-6.519507799729318e-07
0.004729923877967267,504,1,-1.5724740503510345e-10,-1.0751908437356406e-05
0.004739934695376945,504,1,-2.0673296195994296e-10,-1.031925971006764e-06
0.004749933087141692,504,1,-1.6681994756859403e-10,8.473593010649427e-06
0.004759947686275642,504,1,-1.28628495597589e-10,5.028671301532395e-06
0.004769953864238596,504,1,-4.6723001180103575e-11,3.797904133573393e-06
0.004779977760577283,504,1,1.594527191422948e-11,1.1287633350592907e-05
0.004789924831530022,504,1,8.847283506258378e-11,1.6125860320126417e-06
0.0047999474576260505,504,1,6.282132968124174e-11,-6.232433102493218e-06
0.004809956384312096,504,1,2.4259753277425244e-12,1.1171641271928712e-06
0.004819989335650662,504,1,5.294528817510703e-11,1.7846159050538546e-07
0.00482997843143417,504,1,4.790877563371973e-11,-8.06120646346109e-07
0.0048399308876224,504,1,3.277063807761906e-12,-7.2686134895971755e-06
0.004849953462422451,504,1,-7.848423610502548e-11,-4.945006951695419e-06
0.004859960406139481,504,1,-1.1141349787327027e-10,-6.507692732110604e-06
0.004869949922529651,504,1,-1.385374651233012e-10,1.8905277295450107e-06
0.0048799851623246345,504,1,-8.258987437904149e-11,3.226096193631456e-06
0.004889934406036768,504,1,-8.152705982235548e-11,2.272946097371664e-06
0.004899912160993665,504,1,-6.741310103457882e-11,-1.935765629512698e-06
0.004909912296382969,504,1,-5.3162186946457274e-11,3.1585649235554847e-06
0.004919952657889439,504,1,-1.8907001337546258e-11,7.4323296315736975e-06
0.0049299272153804,504,1,7.34590108909122e-11,7.4494758168786035e-06
0.004939973115714349,504,1,1.2256368467537609e-10,4.259104347699265e-06
0.004949985571060847,504,1,1.1065304831878804e-10,-6.304434625403754e-06
0.004959954266574387,504,1,5.6822228769703694e-11,-2.1636823254178594e-06
0.004969996321362849,504,1,7.179638577181537e-11,7.788071719749823e-07
0.004979992745778636,504,1,9.593371459232962e-11,7.904867302954699e-06
0.004989910372996275,504,1,1.5409499875448083e-10,3.4992390839372334e-06
0.004999989828124606,504,1,1.4748546946334606e-10,-5.120474158237798e-06
0.005009944894077283,504,1,1.3838252531110022e-10,1.2989529402512856e-06
0.005019922824595333,504,1,1.2565726397740487e-10,-5.987691713768561e-07
0.005029950527708838,504,1,1.1098406825077987e-10,-1.4814568947037199e-06
0.005039976457477679,504,1,9.898231370386059e-11,-5.180897368645132e-06
0.005049998250612578,504,1,4.4046972419133556e-11,-3.3128301238083413e-06
0.005059991522304214,504,1,3.676484486110827e-12,-6.4280923824378e-06
0.005069992967342526,504,1,-3.355232812844223e-11,3.418056224446797e-06
0.005079932539354548,504,1,4.475620536497743e-11,5.1819922319285006e-06
0.005089968797413039,504,1,7.586592713369669e-11,3.594893737468574e-06
0.00509997393006848,504,1,6.656599288604539e-11,-2.5350486508868286e-06
0.005109924458012398,504,1,3.078186626796211e-11,-1.5829801420508272e-06
0.005119957649783202,504,1,1.0028873607967142e-10,1.1665298668417368e-05
0.00512997841387228,504,1,1.7333122740668803e-10,6.840148069148233e-06
0.0051399270957221185,504,1,1.8762841722812945e-10,-8.56571977940479e-06
0.005149960929375548,504,1,6.64634267032307e-11,-1.3235329938937612e-05
0.005159992276789586,504,1,-4.455434447775956e-11,-5.360755040380305e-06
0.005169916244608909,504,1,-4.794755303159096e-11,-1.240075366670812e-06
0.005179957565851426,504,1,-1.0734670740250406e-10,-7.291281070714861e-06
0.005189934467174066,504,1,-1.2996211481262565e-10,-1.6194203267261287e-07
0.005199924140091511,504,1,-1.0505256643667698e-10,2.6160845526118637e-06
0.00520992989008597,504,1,-1.6663960152448894e-10,-9.59758119045695e-06
0.005219967545234522,504,1,-2.1221342470799148e-10,1.5641025575968692e-06
0.005229983324760798,504,1,-9.940282161153854e-11,1.439816512305292e-05
0.005239996154702305,504,1,-1.4317503210575441e-11,4.248533381157049e-06
0.00524992233447166,504,1,-3.876600177073833e-11,-1.066195743038012e-05
0.005259936029047533,504,1,-1.424680676018112e-10,-6.240186975259299e-06
0.005269935622512858,504,1,-1.5387502404972618e-10,1.0859801152784954e-06
0.005279995732845253,504,1,-1.2418304831598727e-10,3.135917985841452e-06
0.005289953352829132,504,1,-1.581495088475571e-10,-4.1043376608485005e-06
0.005299950756724726,504,1,-1.5076117189773228e-10,-5.584111248180257e-06
0.005309988630281945,504,1,-2.0535113148158614e-10,-8.444417883279876e-06
0.005319932120904197,504,1,-3.52440638730059e-10,-1.5167589286657623e-05
0.005329921110000552,504,1,-4.244469352675034e-10,6.882230747032314e-07
0.005339977678087957,504,1,-3.5383538973803193e-10,1.4666856751999191e-05
0.005349950290723728,504,1,-2.81523973563383e-10,-4.46078804557104e-06
0.005359922885445993,504,1,-3.759873820163677e-10,-1.0185798301365345e-05
0.005369932044929237,504,1,-3.8214745669535e-10,6.868480710908731e-06
0.005379982071020151,504,1,-3.205476172853366e-10,6.883330722351477e-06
0.005389930430628704,504,1,-2.956931098120673e-10,-8.653268076419529e-06
0.005399915953963886,504,1,-3.5698058822736527e-10,2.2864183481519085e-06
0.00540995240897122,504,1,-3.2500537133648083e-10,1.759797178313427e-06
0.005419997426825978,504,1,-2.831895644023262e-10,4.415597034124197e-06
0.005429927408806169,504,1,-3.036401675476615e-10,-7.381863285971235e-06
0.0054399488331419105,504,1,-3.8126306327202083e-10,-7.885069099655695e-06
0.0054499588509747746,504,1,-3.7308466206489323e-10,1.0468379743500122e-05
0.005459934600269969,504,1,-2.6044906444546074e-10,6.839838543437615e-06
0.005469983054246704,504,1,-2.372159529489279e-10,2.0931891662329116e-06
0.005479992107511032,504,1,-2.1606280955390324e-10,1.9375879598548806e-06
0.005489915044825474,504,1,-2.2324740341273961e-10,-6.415832932482601e-06
0.0054999398060892575,504,1,-2.9134175261805444e-10,2.261024086708252e-09
0.0055099406078399004,504,1,-2.5056042828107243e-10,8.317599850704571e-06
0.005519962846042148,504,1,-1.9925225244700126e-10,-2.5250741145510514e-06
0.005529956365017607,504,1,-2.5210565531130617e-10,-7.3740460008187014e-06
0.00553994993223088,504,1,-2.869364669962239e-10,1.695788289346467e-06
0.005549941792256843,504,1,-2.596849794255689e-10,4.201384052437973e-06
0.005559926319748035,504,1,-2.4719464580873424e-10,1.1593463424969253e-06
0.0055699993223433854,504,1,-2.574544109599044e-10,-1.2366951605002896e-06
0.0055799367227345985,504,1,-1.7568828979317949e-10,9.196686440726687e-06
0.005589923606788196,504,1,-7.506564821639769e-11,1.3472249136836645e-05
0.005599997659012918,504,1,4.700781457882622e-12,1.2666654768955787e-06
0.005609979846263005,504,1,-7.39692200652192e-12,-2.483531097663416e-06
0.00561997684948334,504,1,-4.242549069216964e-11,-4.676865905578476e-06
0.005629917804818383,504,1,-5.663954670063315e-11,-3.767192797710095e-07
0.005639987215473223,504,1,-9.895214883958825e-11,-5.92484100375712e-06
0.005649922620070556,504,1,-8.907211470135512e-11,7.1714531885286315e-06
0.005659941866124589,504,1,-7.780721071709812e-11,-2.1302631475483835e-06
0.005669980815420188,504,1,-1.1560188193531808e-10,-8.545665573733707e-06
0.0056799894199280115,504,1,-1.7397118153285817e-10,8.560096294019104e-07
0.005689949831025863,504,1,-1.625256606712169e-10,1.6102461792288914e-06
0.0056999597423187534,504,1,-1.0139772545840714e-10,3.962453239303443e-06
0.00570993265189657,504,1,-6.657465517351257e-11,4.9290411299196535e-06
0.0057199731076332085,504,1,-5.520941904355728e-11,-4.363761016978884e-06
0.005729986159079065,504,1,-9.968967611381275e-11,-2.1738256565928538e-06
0.005739979822075205,504,1,-7.26829022180053e-11,1.0413914014240078e-05
0.0057499882563363395,504,1,2.132082369575366e-11,3.905607781786932e-06
0.005759971067453863,504,1,-4.109009597283225e-13,-7.96001647135336e-06
0.005769914705944676,504,1,-7.928340110454214e-11,-7.083761585091608e-06
0.005779915093104964,504,1,-1.1567645140240146e-10,2.6445654120466067e-06
0.005789954024491221,504,1,-1.0664102448355048e-10,5.858682998929193e-07
0.0057999718380413465,504,1,-9.255835222817996e-11,1.955619465933943e-06
0.005809948238187934,504,1,-5.32393545109235e-11,5.26429917052651e-06
0.005819966433161139,504,1,-7.348630377986259e-12,3.644890239573595e-06
0.005829963475515406,504,1,5.507094949605985e-12,5.04054055161518e-08
0.005839957829216385,504,1,2.354854612055099e-11,6.158897852825973e-07
0.005849923008973904,504,1,-1.810985333523525e-11,-1.8165226502928067e-06
0.0058599676883578,504,1,-2.6408773398759215e-11,-2.4642354399806443e-06
0.005869950859385353,504,1,3.7364590384941256e-12,6.825053993908536e-06
0.005879961945706078,504,1,5.74179739805435e-11,4.407641495354775e-06
0.00588998548226972,504,1,1.4910835339745e-11,-9.736824590322879e-06
0.005899948289989567,504,1,-5.019124971935023e-11,-1.6423894916295367e-06
0.005909950491986365,504,1,-4.274572020198969e-11,5.201428885659443e-07
0.005919914076724146,504,1,-5.824167572036193e-11,-5.259045768452042e-06
0.005929943778315587,504,1,-9.24730176025295e-11,-4.273214611869025e-06
0.005939981904542898,504,1,-1.5129110313984954e-10,-1.1640306712967785e-07
0.005949924079854558,504,1,-1.013746998977281e-10,4.82814521340913e-06
0.005959985841299361,504,1,-1.0462923423845564e-10,1.1247837870820288e-06
0.0059699449641224854,504,1,-6.099479734765663e-11,6.153075222947724e-06
0.005979984692646613,504,1,-2.637790545478901e-11,9.486295296512459e-08
0.00598992123451152,504,1,-7.754613513889547e-11,-6.958785270114176e-06
0.00599996277322531,504,1,-1.1270298651378332e-10,1.4611282686538551e-07
0.006009989736834148,504,1,-5.6908986564865546e-11,7.755553158905748e-06
0.006019995101636493,504,1,-6.00755399999376e-11,-8.47210774257423e-06
0.00602998434103226,504,1,-1.0439714107500129e-10,-2.8465959236861904e-06
0.006039916868491363,504,1,-1.237717603460583e-10,-5.729820290456544e-08
0.006049959602064085,504,1,-1.399438607141754e-10,-3.48439392056088e-06
0.006059964207571949,504,1,-1.8878486592049807e-10,-2.0545790898052196e-06
0.006069980697623138,504,1,-1.1665238442088235e-10,1.0015987166434037e-05
0.0060799429193211935,504,1,-4.893178435138798e-11,3.6040062803555095e-06
0.006089984857841491,504,1,-6.13959411129429e-11,-2.550523900107793e-06
0.006099920010855152,504,1,-9.583849813472704e-11,-4.2891348275286845e-06
0.00610995507224741,504,1,-1.1093861176857361e-10,-1.8968188523482699e-06
0.006119989798624146,504,1,-1.1659488476832786e-10,5.157567191660384e-06
0.006129956824465247,504,1,-5.070679076616042e-11,2.1496526135811322e-06
0.006139974559611953,504,1,-4.6617120853827804e-11,5.165750487090559e-09
0.006149928902030539,504,1,-6.249019909371271e-11,-1.5615645218292062e-06
0.006159949720726873,504,1,-3.175518073236745e-11,5.561793887942645e-06
0.006169920194382267,504,1,5.6613597848835116e-11,7.633425966865892e-06
0.00617995039611183,504,1,1.1388056817928353e-10,4.461145522646759e-06
0.006189968331930112,504,1,1.1363530438448881e-10,-5.490209630032439e-06
0.006199999582343959,504,1,3.4320064878470336e-11,-4.11511799969233e-06
0.006209947124787719,504,1,4.6645308782164766e-11,4.116587996871868e-06
0.006219984412369792,504,1,8.378859348492505e-11,1.053763444225364e-06
0.006229980641453494,504,1,3.5219405330636855e-11,-8.85673435280232e-06
0.006239915929178187,504,1,-2.9056094796907697e-11,-1.6402925364020216e-06
0.006249993171169993,504,1,-5.576438418900009e-11,-2.546648566831289e-06
0.00625991445930508,504,1,-8.936673791390057e-11,-9.362926376210723e-06
0.006269940141280217,504,1,-1.6556992511705128e-10,-3.702872825972481e-06
0.006279936463845391,504,1,-1.792574225110955e-10,4.201078213694753e-06
0.006289987798605394,504,1,-9.637211570827646e-11,6.195976195999542e-06
0.006299936830776426,504,1,-1.0056409932492506e-10,-5.3868490178521355e-06
0.006309955716888128,504,1,-1.6020929122388997e-10,-7.049002174448413e-06
0.006319992844598638,504,1,-2.1413234876119062e-10,-3.98524628980601e-06
0.006329950354656333,504,1,-2.403812969293715e-10,-1.2245039471836527e-06
0.006339957149845124,504,1,-2.590104329185252e-10,2.1207746986329212e-06
0.006349917350689544,504,1,-2.0083381164684157e-10,9.583978358485012e-06
0.006359982470923128,504,1,-1.399263595294834e-10,-2.1921774178979003e-06
0.006369979550279927,504,1,-2.096216744894522e-10,-9.351224159237503e-06
0.0063799427695577565,504,1,-2.3532428370716006e-10,8.590366662675208e-06
0.006389964103290544,504,1,-1.521778255442711e-10,6.206197087382792e-06
0.0063999688223133466,504,1,-1.1688041812853853e-10,-4.1619729448383325e-06
0.006409933629444125,504,1,-1.502412305710888e-10,1.777828117333069e-06
0.006419997156433056,504,1,-1.1321260757956252e-10,4.996404661894438e-06
0.006429923597443223,504,1,-4.957750826355394e-11,2.855568999593494e-06
0.006439980430426857,504,1,-1.03191615788336e-10,-8.943557167045979e-06
0.006449920631947405,504,1,-1.4850394687831309e-10,1.551377223907302e-06
0.006459925437463352,504,1,-9.76658284563577e-11,7.5185972338021045e-06
0.0064699528531214304,504,1,-3.0951248911368034e-11,-1.618195573566128e-06
0.006479970872838756,504,1,-1.1287308784092807e-10,-1.0590020677270218e-05
0.006489933050048966,504,1,-2.1046199484544214e-10,-7.650825065756706e-06
0.006499971049803978,504,1,-1.6204583761550542e-10,1.5011092194927578e-05
0.006509924435970957,504,1,-9.294146139866955e-11,6.178597518891049e-07
0.006519919271301669,504,1,-8.010942460656175e-11,2.712909165147881e-06
0.006529938861540502,504,1,-6.439444285801402e-11,-6.127829593749468e-07
0.006539944941295382,504,1,-6.187066846587754e-11,-4.156177996761379e-07
0.006549932124492426,504,1,-6.941089066277113e-11,-7.634854174431993e-07
0.0065599346390226455,504,1,-5.3246121105620444e-11,2.5702774122393635e-06
0.006569941910771063,504,1,8.804465065094717e-12,1.0129269480407821e-05
0.006579954726835413,504,1,6.755819343994072e-11,4.142727698996929e-06
0.006589954448355206,504,1,9.378011589877377e-11,-7.588291503490829e-07
0.006599924073090174,504,1,8.090137005034852e-11,-4.172462357732165e-06
0.006609938559825719,504,1,5.655613774848409e-11,1.6576605214035922e-06
0.006619969101457463,504,1,5.3470021365762364e-11,-8.901049088905211e-07
0.006629929881483166,504,1,8.038018507054484e-11,6.410308139914722e-06
0.006639916828671859,504,1,1.5795257953693e-10,2.7330796664726265e-07
0.006649911804091403,504,1,9.085289024059065e-11,-1.0915845176873162e-05
0.006659988970872415,504,1,-3.4057344945466304e-11,-7.448789966169045e-06
0.006669975679227844,504,1,-5.53331455955931e-11,-4.793046901596654e-07
0.006679979842963847,504,1,-3.505593857497521e-11,1.342522021663406e-06
0.006689969714266142,504,1,-8.024242512278139e-11,-5.31098578834821e-06
0.006699995039321218,504,1,-1.2499358323950173e-10,-4.9123437270703896e-06
0.006709925788049587,504,1,-1.3257150594114136e-10,9.857582213834704e-07
0.00671993306940999,504,1,-1.0902103862281106e-10,4.824309594197995e-06
0.006729953260986388,504,1,-6.379612473128679e-11,5.340121283947674e-06
0.006739970069871312,504,1,-3.94203490955826e-11,3.2636688127585245e-06
0.006749972881198917,504,1,-4.547130480849794e-12,1.2700783290076068e-06
0.0067599827951529004,504,1,-3.8624634801566905e-12,-2.609723643853812e-06
0.00676999230626954,504,1,-2.9198646955542985e-11,1.8352975046931341e-06
0.006779931045841631,504,1,1.9254635368482886e-11,5.281164131787364e-06
0.006789969339644652,504,1,6.987911081214344e-11,4.049987044563164e-06
0.0067999960668701075,504,1,8.297284624167868e-11,8.329750467439556e-07
0.006809995009576674,504,1,1.0330120335251113e-10,1.4148787988166323e-06
0.006819984127792944,504,1,1.0162928131836986e-10,-9.900069762314168e-07
0.006829942142773709,504,1,6.512261939423244e-11,-5.701440917049716e-06
0.00683992479492637,504,1,2.803785825778208e-11,-9.533121279464707e-07
0.006849967984618561,504,1,5.330463317854031e-11,5.026701856758464e-06
0.006859982919947598,504,1,2.226694369050785e-11,-7.5216887023832335e-06
0.00686999445024317,504,1,-5.983166490634254e-11,-3.496578377171211e-06
0.006879948473019759,504,1,-2.536778411302027e-12,7.098020018747597e-06
0.006889917705454959,504,1,7.899950319766361e-11,6.596686310159083e-06
0.006899918176873109,504,1,8.316556279836722e-11,-3.0647872865108283e-06
0.00690998910762306,504,1,6.001133953750001e-11,2.1203658680524207e-06
0.006919977001462202,504,1,1.1799595142759727e-10,6.765141235369476e-06
0.006929928977989079,504,1,1.4099718653673573e-10,-5.8079202203131786e-06
0.006939939121703786,504,1,8.707289236055472e-11,-2.0736333438964305e-06
0.006949978615812636,504,1,4.2940340220864796e-11,-3.4328226432012166e-06
0.006959982938863077,504,1,4.45835294888128e-11,4.405629912447584e-07
0.00696993198649158,504,1,5.1940130634609335e-11,1.246818315613074e-06
0.006979968268856902,504,1,3.670260129634762e-11,7.363098819129776e-07
0.006989957631337206,504,1,6.061881215327564e-11,-6.913962399268669e-07
0.006999921255710294,504,1,8.878578102545237e-12,-8.297321915984313e-06
0.007009938406314257,504,1,-6.280444152986905e-11,-2.3347647087890167e-07
0.007019931339764348,504,1,5.072845420807479e-12,1.0370100719137021e-05
0.0070299490324546,504,1,1.0016020256364681e-10,8.00245002633565e-06
0.0070399894856379664,504,1,1.1727235037791264e-10,-1.3869527868970444e-06
0.00704998561284428,504,1,1.326793789598594e-10,2.5892151738805564e-06
0.0070599314214313084,504,1,1.5142664738325418e-10,-2.989111514639653e-06
0.0070699888064780165,504,1,9.476144969758219e-11,-8.483961931912698e-06
0.00707996850933647,504,1,3.345589846893743e-11,2.1258672919244326e-06
0.007089923577128194,504,1,8.00115217492386e-11,4.2515620981564695e-06
0.007099950974420575,504,1,1.2449676432328447e-10,6.549279043532863e-06
0.007109953696705379,504,1,1.3758556558070822e-10,-3.520581765725783e-06
0.007119960735343054,504,1,1.467331272694719e-10,-2.0948381107555036e-07
0.007129922177433195,504,1,1.2853463967903465e-10,2.3426747014498872e-07
0.0071399526986644975,504,1,1.6781699528292958e-10,3.0554655897629956e-06
0.00714999608633104,504,1,1.2282008968553197e-10,-7.354986635621508e-06
0.00715998588242417,504,1,7.01651109277421e-11,-4.143370330278451e-06
0.007169987769420124,504,1,5.521708374517061e-11,-3.5085984765315104e-06
0.00717992051263835,504,1,3.865561990544031e-11,1.7641864972217647e-06
0.007189943330576465,504,1,1.673511335782143e-11,1.9706930040608306e-06
0.007199929617999025,504,1,3.515924829008727e-11,-5.511390974766162e-06
0.0072099733293646,504,1,-3.5818520238440612e-12,-9.59577848215487e-07
0.007219973862114793,504,1,-7.675377753819392e-12,4.438786359202418e-07
0.007229986255511472,504,1,-2.237052647040738e-11,-1.4442685942750444e-06
0.007239939879449357,504,1,-4.40521502332843e-12,4.313941947720057e-06
0.0072499888321659834,504,1,5.997326349222647e-11,8.43077326917463e-06
0.007259951275355309,504,1,1.4469015771617763e-10,5.090136578483895e-06
0.0072699808830086286,504,1,1.1765382548251005e-10,-3.7059627132629558e-06
0.00727998241644575,504,1,9.844988882554574e-11,-6.0936128813970925e-06
0.007289918961943171,504,1,8.385399620729325e-11,3.637549952362207e-06
0.007299991426820916,504,1,1.0897815552749548e-10,5.263183523104842e-07
0.007309943975890922,504,1,5.343161460325083e-11,-7.893211596693428e-06
0.0073199831732110145,504,1,-4.000081055911863e-11,-1.200672386522661e-05
0.0073299798848572035,504,1,-1.103738998137362e-10,-1.0082641929975988e-06
0.00733999729061161,504,1,-7.450769918521642e-11,4.695362189277574e-06
0.007349933007510087,504,1,-6.8457927510011895e-12,6.606132994635416e-06
0.007359991781789826,504,1,2.01676349524076e-11,-2.2882272232571665e-06
0.007369976607936769,504,1,2.8214125122926815e-11,3.5801935309720534e-06
0.007379921737340566,504,1,7.751478358146403e-11,9.272813996707985e-06
0.007389938203483179,504,1,1.7079712712637094e-10,5.38157307233833e-06
0.007399918947176416,504,1,1.7737293001643587e-10,-1.6349022986528183e-06
0.007409966894378495,504,1,1.4778864568213245e-10,-1.9878071399193065e-06
0.007419930336260066,504,1,1.1340740150827112e-10,-7.90857701127301e-06
0.007429943469089849,504,1,5.4310153176453414e-11,-1.2771548767789853e-06
0.007439957360402822,504,1,5.885381046138343e-11,1.2823582415388834e-06
0.007449991610439264,504,1,9.009967589082495e-11,7.085662915518043e-06
0.007459945264136783,504,1,1.4510674478944614e-10,3.881371418157364e-06
0.007469965289607259,504,1,1.7993247385485796e-10,2.2211918541681364e-06
0.007479968236930811,504,1,1.3943794173294712e-10,-6.1831981024162985e-06
0.0074899472824245875,504,1,1.225267730971171e-10,1.3525410534342974e-06
0.007499927262415824,504,1,1.1737341647554214e-10,-2.824203706230932e-06
0.007509990595784646,504,1,7.937612488394138e-11,-8.706293078658382e-07
0.007519955298102691,504,1,9.347837623727802e-11,2.768147894571804e-06
0.0075299385531997064,504,1,1.4280415197894653e-10,4.283267369009636e-06
0.007539939831432424,504,1,1.703014368099816e-10,1.754661139774516e-06
0.007549928577512889,504,1,1.547072812896226e-10,-6.4366340164490055e-06
0.007559913530641911,504,1,1.127621558622474e-10,-3.1216517829002477e-06
0.007569945819074044,504,1,1.2435028203902947e-10,8.322567923046975e-06
0.007579936681663815,504,1,2.4882079039447455e-10,7.49572845967772e-06
0.0075899551437865805,504,1,2.655321102749351e-10,-2.4208846547413287e-06
0.007599919124325865,504,1,1.8095989409291024e-10,-8.018436574414034e-06
0.00760994299832809,504,1,1.3326761180330274e-10,-2.140543689702068e-06
0.007619971311463703,504,1,1.4047542594891648e-10,9.162166186849063e-07
0.00762994367523308,504,1,1.0087200112739517e-10,-7.880196082887814e-06
0.007639939471901827,504,1,2.8761669539350155e-11,-5.53538935466058e-06
0.007649947591854573,504,1,-5.156868750517138e-12,-1.0034301961558967e-06
0.007659938454179666,504,1,7.844405419693166e-12,-4.7144238124463556e-07
0.00766992407906114,504,1,-1.645522124593332e-11,-2.803821886721014e-06
0.007679965514677916,504,1,-4.0148505335991635e-11,1.586074894477374e-06
0.007689918763680668,504,1,1.2648909392500626e-12,6.1165613232938565e-06
0.007699942696630244,504,1,6.029439914603503e-11,4.056934851892624e-06
0.0077099324046619,504,1,4.3280155511310784e-11,-5.4433662171615715e-06
0.007719967090889942,504,1,-1.636030214094094e-11,-8.209838954886806e-06
0.007729968695914817,504,1,-8.1578686258568e-11,-6.171570273161286e-07
0.0077399551151876925,504,1,-6.518843805382345e-11,3.1205252968291575e-06
0.0077499883530554245,504,1,-2.251387622067679e-11,6.338494746627177e-06
0.007759962495695265,504,1,7.620756625845593e-12,-2.8161199888687705e-06
0.0077699520338017315,504,1,-2.975658611794338e-11,-2.458004604521946e-06
0.0077799408352057205,504,1,-1.682094649454861e-11,3.513807793620316e-06
0.007789977068226982,504,1,-5.512441636037796e-11,-2.8315862071193187e-06
0.00779996152378533,504,1,-2.397770232080601e-11,2.3190724791066764e-06
0.007809987647364741,504,1,-2.8825640930197488e-11,9.687495071686314e-07
0.007819948049467583,504,1,-8.064987221757585e-11,-1.0181781613383123e-05
0.007829991531495573,504,1,-1.2752440592159425e-10,2.685687082448762e-07
0.007839987594380234,504,1,-1.072544320067717e-10,4.0706873407625466e-06
0.007849973100140057,504,1,-4.606428305746653e-11,5.2506135038710156e-06
0.00785995978623916,504,1,-5.85753640450009e-11,-3.8496430802004156e-06
0.007869951411755392,504,1,-8.190577815488803e-11,-2.737385899176381e-06
0.007879977965168683,504,1,-1.0971314996970802e-10,5.56934013351551e-08
0.007889911186727496,504,1,-8.090904270067785e-11,8.813083107739317e-07
0.007899993245311035,504,1,-1.0058581424187866e-10,7.994735161664934e-07
0.00790993341943276,504,1,-5.673463452442423e-11,6.447286252209139e-06
0.007919981077959683,504,1,6.6584444900796066e-12,5.3891315995313605e-06
0.007929947111314254,504,1,6.7097042169301374e-12,-5.170154813272099e-06
0.00793997206952037,504,1,-8.294924128928789e-11,-1.2996822335464842e-05
0.007949995462996032,504,1,-1.9773267459339102e-10,-6.508183110459642e-06
0.00795992987484983,504,1,-2.0563659054980755e-10,1.9108352553032226e-06
0.007969920709021281,504,1,-1.6354836115105455e-10,6.8288432139018695e-06
0.007979997262565321,504,1,-1.2529254608728606e-10,1.1325588196338388e-06
0.007989950705612271,504,1,-1.321373193536671e-10,-3.804244179755889e-06
0.00799995957119621,504,1,-1.586549107394174e-10,2.7309990168755682e-06
0.008000049102938512,504,1,-1.5839821297458437e-10,2.8670967526234215e-06
0.0,505,2,0.0,0.0
9.989999999999974e-06,505,2,1.0430436050217203e-19,7.723798398959273e-16
1.9979999999999985e-05,505,2,-2.672296318172628e-14,-2.1758473381979643e-08
2.996999999999993e-05,505,2,-1.9148016256894147e-12,-2.4390182695732676e-07
3.995999999982653e-05,505,2,2.8000649752546962e-12,1.556963102916642e-06
4.99499995869668e-05,505,2,2.253331450619169e-11,1.2438354757837722e-06
5.9939949594887284e-05,505,2,2.8997290386659712e-11,3.802879533498782e-07
6.992943033724811e-05,505,2,1.8710555739483257e-11,-2.046887045761836e-06
7.99102264454703e-05,505,2,-2.1948243478345274e-12,-2.764585024656041e-06
8.999867411661217e-05,505,2,-3.662006037932774e-11,-1.7139971322799319e-06
9.996765282363734e-05,505,2,-3.69478681587251e-11,-5.288845419948451e-07
0.00010993878595740294,505,2,-5.195323189718064e-11,-1.5236398355766845e-06
0.00011999041312778416,505,2,-4.785437504856144e-11,2.0728801483488324e-06
0.0001299449383418888,505,2,-3.000915560536597e-11,3.459589116155959e-07
0.00013994093718666133,505,2,-3.217626781131682e-11,9.978833855062152e-07
0.00014994107731792187,505,2,-1.5896565096401095e-11,1.1233818140443663e-06
0.00015991628940019868,505,2,-5.234908337520147e-12,3.804442446769807e-07
0.00016999114436967613,505,2,-2.5109875757872897e-11,-2.379147264142123e-06
0.00017994288874474196,505,2,-2.690455655334769e-11,1.7417034905847784e-06
0.00018994368999829023,505,2,-1.276746325443211e-11,-8.522864195642521e-08
0.00019991672636384466,505,2,-3.283700088303385e-11,-2.534963610967278e-06
0.00020999902786400542,505,2,-2.3903964989054408e-11,1.7918391729682126e-06
0.00021997742469151297,505,2,-2.3470517589445523e-13,2.442199607377571e-06
0.0002299412673028418,505,2,8.737041047887455e-12,9.719026610316428e-07
0.00023994038197849295,505,2,2.817395082500051e-11,1.7534064199464794e-06
0.000249979408802032,505,2,2.6956387941410835e-11,-2.318993255367996e-06
0.00025997760205296314,505,2,1.663067185507294e-11,9.37388564381525e-07
0.00026994047687294405,505,2,3.665475778296941e-11,1.674117309450468e-06
0.000279940377661343,505,2,5.1109910115517483e-11,1.7639365595401024e-06
0.0002899171921228336,505,2,6.301949705079992e-11,5.354174777427723e-07
0.00029994883246123273,505,2,7.568487754953132e-11,1.456067852068088e-06
0.00030993468393218085,505,2,6.95599060664999e-11,-5.496583374564601e-07
0.0003199401888848346,505,2,7.338182301798403e-11,1.2409696257265068e-06
0.0003299837147017973,505,2,7.62567274781203e-11,1.1059796123369381e-07
0.0003399824946225943,505,2,7.728453027945023e-11,-2.6151608554236816e-06
0.00034998130253528954,505,2,3.741688084924464e-11,-2.311631890017374e-06
0.0003599392373724834,505,2,1.7353885103428167e-11,-3.2366019392382483e-06
0.00036994979185261896,505,2,-4.096404872890079e-12,1.5870642156023962e-07
0.00037996773626411065,505,2,-1.8316523665363234e-11,-1.3344711561336098e-06
0.00038993845631998217,505,2,-4.1965893572828506e-11,-2.9648584237672304e-06
0.0003999172946923639,505,2,-6.394701836196642e-11,1.0772766866340433e-06
0.00040999872028145597,505,2,-4.389669696665136e-11,1.232720857002878e-06
0.0004199548776521353,505,2,-3.6944501403030116e-11,1.8290782571317443e-06
0.00042993066865616497,505,2,-2.1931344218982518e-11,1.3536187009610678e-06
0.00043997339272910024,505,2,8.625828685631136e-12,2.82367157589114e-06
0.00044994914081072777,505,2,2.172388731034279e-11,9.518698861898933e-07
0.00045995451118858755,505,2,2.8063225083595905e-11,-6.004225294731214e-07
0.00046999149644892223,505,2,3.180575516636497e-12,-3.359839051308988e-06
0.0004799391218430586,505,2,-2.0333686942833275e-11,-1.9338158243620285e-06
0.000489988494036519,505,2,-3.305427269192923e-11,-7.923750526828144e-07
0.000499943020442317,505,2,-3.967889238874482e-11,1.2150554214718223e-06
0.0005099624776485783,505,2,-3.174742667343686e-11,-9.099656478883666e-07
0.0005199413734900338,505,2,-5.5942317352605255e-11,-2.2133713059035998e-06
0.000529989712798049,505,2,-6.568698550001178e-11,-9.56472808733011e-08
0.0005399383777245362,505,2,-5.178021021896826e-11,2.650908999701773e-06
0.0005499579831984126,505,2,-2.4442819241732755e-11,5.00912277295873e-07
0.0005599762955612779,505,2,-2.6118863177799816e-11,1.439512482825922e-06
0.0005699231784678594,505,2,-4.461789219966733e-12,2.387316138774409e-06
0.0005799938953701229,505,2,2.2123645227236364e-11,1.08504219298311e-06
0.0005899310793806982,505,2,4.229326962498542e-11,1.925654464385307e-06
0.0005999659284024729,505,2,6.167823066857898e-11,2.9044618607976247e-06
0.000609943251318685,505,2,4.7859612049139374e-11,-1.6576348131902563e-06
0.0006199233236204224,505,2,6.70863393523592e-11,3.096049912332255e-06
0.0006299331046201206,505,2,7.797307190107045e-11,-2.664369872007466e-06
0.0006399776651607039,505,2,2.7157827636042908e-11,-4.442069980070684e-06
0.0006499948876300045,505,2,2.836756198527717e-11,6.448147172877228e-07
0.0006599160003705074,505,2,3.584677803852539e-11,1.0524414578716446e-06
0.0006699576057563944,505,2,3.888129730042139e-11,-1.2229871185764907e-06
0.0006799211757989686,505,2,2.3249317010077267e-11,-4.1174536513644e-07
0.0006899905273309824,505,2,2.016700969259121e-11,-1.9452854773116535e-06
0.0006999813053312869,505,2,-8.80524509328892e-12,-2.365519551350559e-06
0.0007099627426447686,505,2,-4.5955164923185924e-11,-6.00404578604552e-06
0.0007199888342083505,505,2,-7.429992866516907e-11,-1.4965960595803018e-06
0.000729950800000866,505,2,-8.314379573806538e-11,3.0696845054745125e-07
0.0007399099293326919,505,2,-7.413310644486751e-11,3.6262116548391177e-06
0.0007499787321743916,505,2,-3.278254257935647e-11,3.4673529764051025e-06
0.0007599121948682989,505,2,-5.285468335111633e-12,2.902641688007357e-06
0.000769998599325241,505,2,1.930109456998617e-11,3.7077793425266403e-06
0.0007799133407966841,505,2,5.123094767625603e-11,2.110631939666874e-06
0.0007899164980803509,505,2,7.988767817163371e-11,2.3973634644125497e-06
0.0007999620760097976,505,2,6.89711420842707e-11,-1.8716216747260983e-06
0.0008099510866692575,505,2,6.392000470589743e-11,1.6004996513663272e-06
0.0008199263709300147,505,2,1.026524203639155e-10,4.209778956876242e-06
0.0008299938563031341,505,2,1.2589946605048603e-10,1.5517934115472087e-07
0.0008399425258272241,505,2,1.3090621838065088e-10,-8.971785863121085e-07
0.0008499783200037693,505,2,1.1809956794651315e-10,-2.176700423295319e-06
0.0008599246122307817,505,2,9.721631914197046e-11,-2.536898997873571e-06
0.0008699613161949773,505,2,8.948517261523703e-11,4.981982133500651e-07
0.0008799430792557039,505,2,7.739105202227235e-11,-3.668097567910422e-06
0.000889914613174657,505,2,4.4758722329309424e-11,-1.1833856556897615e-06
0.000899940938460233,505,2,2.9293847390670334e-11,-4.364471081208521e-07
0.0009099566132113925,505,2,1.5243646260223358e-11,-2.8812362158348037e-06
0.0009199996984748391,505,2,-1.9897385246327084e-11,-1.042917565752255e-06
0.0009299583251180663,505,2,-1.8663629144352644e-11,-1.3109655948029264e-06
0.0009399714833654413,505,2,-4.8151855739459945e-11,-3.1261010887684293e-06
0.0009499416496498944,505,2,-8.36787415905662e-11,-8.591527735912763e-07
0.0009599399966234764,505,2,-7.940623986474939e-11,7.756455850382871e-07
0.0009699435846053626,505,2,-7.504463155528932e-11,3.586127115817739e-07
0.0009799404226288715,505,2,-5.3940729477058554e-11,5.953856828777582e-06
0.0009899704638186059,505,2,1.2975521697071858e-11,6.80058347934942e-06
0.0009999965726488068,505,2,6.541783010544197e-11,4.396927448802046e-06
0.0010099574320871526,505,2,7.64341997694048e-11,-3.1683948721328292e-06
0.0010199842522080644,505,2,5.972454713269347e-11,-2.0628708354841763e-06
0.0010299282517230385,505,2,3.2640793530774957e-11,-2.1569326165149505e-06
0.001039952928274145,505,2,3.6611790889837324e-11,3.4086648271758335e-06
0.0010499456281726552,505,2,6.084603982903789e-11,1.162553589589832e-06
0.0010599673841890206,505,2,7.019742765041782e-11,-1.7738766872055223e-07
0.0010699381905818913,505,2,9.067753503361892e-11,3.0556417952576354e-06
0.0010799265402712044,505,2,1.0690195205290999e-10,-1.348250298419118e-06
0.0010899215470765433,505,2,1.0024615966703395e-10,5.729007330713617e-07
0.0010999966318489694,505,2,1.1023059060585177e-10,3.8271591783212155e-07
0.001109995511524942,505,2,1.071902198078456e-10,-1.155578522760159e-06
0.0011199200024236623,505,2,9.371102677890484e-11,-6.977761590754028e-08
0.0011299760781678528,505,2,1.0224048742498403e-10,4.5259211883807993e-07
0.0011399879746241996,505,2,7.701173668906011e-11,-3.3553481225204185e-06
0.0011499254065114345,505,2,4.934088851876002e-11,-1.8825591552862342e-06
0.00115996149636992,505,2,1.7189399494185915e-11,-4.322802642675594e-06
0.001169926916304428,505,2,4.751063596903672e-12,1.7321310683340863e-06
0.001179977029286354,505,2,9.196842729920513e-12,4.319983941125649e-07
0.0011899368801656781,505,2,2.8658779857712244e-11,3.25494407266147e-06
0.0011999190343896702,505,2,7.426185361770034e-11,3.8836627704874616e-06
0.0012099127896993515,505,2,1.0788788578611121e-10,3.6803888132652673e-06
0.001219999754372062,505,2,1.6112007205032561e-10,5.567963997268888e-06
0.0012299240607925048,505,2,1.8488776549791149e-10,1.7799920518646317e-06
0.0012399300916896981,505,2,1.610291925437145e-10,-5.577775622489511e-06
0.001249908852816136,505,2,1.3690267673574074e-10,-3.2826396112461964e-07
0.001259969570289194,505,2,1.2969142459859058e-10,-3.2133176908200056e-06
0.001269997367040202,505,2,7.999866058562067e-11,-6.517575315445612e-06
0.0012799150102057472,505,2,4.292429408672715e-11,-1.4386514326503175e-06
0.001289907700240844,505,2,2.839104248057592e-11,-1.2995378300684202e-06
0.0012999968930746224,505,2,7.152778222217532e-12,-3.287947115404588e-06
0.00130996081967101,505,2,-6.0000092866113394e-12,-6.62799552741955e-07
0.0013199129566355417,505,2,-1.7939497916417534e-11,-4.0078095236983913e-07
0.0013299895470651804,505,2,-1.9098624292114178e-11,-7.56560715187149e-08
0.0013399971095359408,505,2,-8.044258963763403e-12,2.48026477672747e-06
0.0013499303694762272,505,2,2.3639329787078175e-11,1.5797015711638274e-06
0.0013599919905867561,505,2,3.6933684339978084e-11,-3.810598406921162e-07
0.0013699851505381473,505,2,2.042736455078783e-11,-1.7011163533364737e-07
0.0013799748265174655,505,2,2.2850943224217088e-11,-1.2364903023698304e-06
0.0013899123059433515,505,2,-2.259970381950256e-12,-2.4111520354752614e-06
0.0013999942451156462,505,2,-1.0151601913553415e-11,3.306713538819839e-07
0.0014099338649546564,505,2,-4.884022179063195e-12,-1.1169556071721765e-07
0.0014199880585482523,505,2,-1.881348080592254e-11,-8.354284694173097e-07
0.0014299410224153921,505,2,-3.036936614391069e-11,-1.7853501597386856e-06
0.0014399647378862453,505,2,-1.6339965811613608e-11,3.873556767397535e-06
0.0014499809452065196,505,2,1.627505937770767e-11,1.710183466840931e-06
0.001459944908936736,505,2,2.1022143098829108e-11,1.7523592357043816e-06
0.0014699512338979617,505,2,5.15839925943173e-11,4.3328992312408054e-06
0.0014799235030007497,505,2,7.580695441291988e-11,3.7838185151795045e-07
0.0014899366173026151,505,2,7.223816663053692e-11,-1.8689755058864943e-06
0.001499990420126971,505,2,4.725560023380337e-11,-2.6322392103761416e-06
0.0015099575319327033,505,2,2.117723413859842e-11,-3.868968600218015e-06
0.0015199765164080198,505,2,-2.2036871698437517e-11,-2.5248841274416733e-06
0.0015299491666946959,505,2,-2.7133892832505315e-11,1.05792338989108e-06
0.0015399987513572432,505,2,-3.1828345919409444e-11,-6.212137625971614e-07
0.001549974901527717,505,2,-3.834626543723049e-11,1.197332069324819e-06
0.001559979856524952,505,2,-1.990114703738342e-11,-1.0626659990853327e-07
0.0015699594351443944,505,2,-1.1484002657719396e-11,3.4575952889900896e-06
0.001579918773549063,505,2,1.1549636945342844e-11,-1.039636723598747e-06
0.0015899439769683828,505,2,9.410321490549737e-12,1.4917833822489929e-06
0.0015999543075729818,505,2,3.962543132702591e-11,4.4584453594009865e-06
0.0016099164701122103,505,2,8.167349682984071e-11,4.427065544265751e-06
0.0016199934375123123,505,2,9.308594928466381e-11,4.398931798821337e-07
0.0016299767194849271,505,2,8.734868079898371e-11,-4.272900206991892e-06
0.0016399320316245294,505,2,6.364355821053633e-11,1.0964328573948023e-06
0.0016499685899983411,505,2,6.341003876895969e-11,-1.5919753465487574e-06
0.0016599434567047308,505,2,3.401332641307284e-11,-1.6631743161577006e-06
0.0016699831303536646,505,2,1.8967763039341506e-11,-2.554783309349773e-06
0.0016799338482886494,505,2,-5.587558857982934e-12,-3.6920935639894736e-06
0.0016899761201780224,505,2,-3.186649260066628e-11,-8.247447245424144e-07
0.00169992928424783,505,2,-6.987283391683946e-11,-4.625459867846349e-06
0.0017099755055905552,505,2,-1.0062008804519044e-10,-2.748701174171142e-06
0.0017199843801098905,505,2,-1.1656471457452422e-10,-3.117656033335692e-08
0.0017299320636266187,505,2,-1.0194803667915356e-10,4.217324832467284e-06
0.0017399753388256676,505,2,-5.120907761759484e-11,2.3933720074698073e-06
0.0017499882378221576,505,2,-2.1001211830500282e-11,4.546211912703768e-06
0.0017599367238823038,505,2,2.17898078459745e-11,5.613076202504175e-06
0.0017699212396846728,505,2,7.482481847391042e-11,5.084809784339228e-06
0.0017799940536531063,505,2,1.1039043724264674e-10,3.361833021076066e-06
0.0017899421800572132,505,2,1.445224052601e-10,1.8108408084138716e-06
0.0017999695895979386,505,2,1.6923123034753677e-10,2.140923948679152e-07
0.0018099469624085097,505,2,1.7172435541157154e-10,1.4001126598661706e-06
0.0018199691083681014,505,2,2.00369695919282e-10,3.894756606281913e-06
0.0018299171679675677,505,2,1.999442610312258e-10,-4.536199863278134e-06
0.0018399400320049208,505,2,1.6685582458081123e-10,-4.980295225109899e-07
0.0018499899711646014,505,2,1.7064414543411545e-10,8.289746936673836e-07
0.0018599223412782957,505,2,1.6336483320354266e-10,-3.996440614162378e-06
0.00186996112418816,505,2,1.3778343507906028e-10,-1.7750897743917804e-06
0.0018799348770303093,505,2,1.4717219105995095e-10,2.6498814639785984e-06
0.0018899777973552358,505,2,1.7643514822968456e-10,8.283120163932178e-07
0.0018999384412200213,505,2,1.593695597311342e-10,-1.4122102300895278e-06
0.0019099731120282661,505,2,1.5926764396797903e-10,-1.0900507017019834e-06
0.0019199545157963268,505,2,1.7333537940210624e-10,1.3468904329627662e-06
0.001929936960045592,505,2,1.7471417106844963e-10,7.677530716732051e-07
0.0019399585878920463,505,2,1.640902668869357e-10,-2.457141564993215e-06
0.0019499597434269062,505,2,1.44546951312682e-10,-9.1262544144044e-07
0.001959911501671131,505,2,1.1619268900167363e-10,-3.6752502834414003e-06
0.001969983977620256,505,2,9.428346044024942e-11,-4.727895350220557e-07
0.0019799540554424335,505,2,7.379088678527261e-11,-2.277535508965478e-06
0.0019899863872632397,505,2,6.160511590604361e-11,-2.1046972124988406e-06
0.0019999703538813034,505,2,5.745235052132848e-11,2.477365857123104e-06
0.0020099469732676833,505,2,9.510521378406061e-11,4.660504387493658e-06
0.0020199909790062837,505,2,1.4674402924080062e-10,4.437986608707423e-06
0.002029966872477179,505,2,1.7016384841180097e-10,2.4616887764894457e-06
0.0020399606461028257,505,2,1.9987765273872223e-10,1.128524431126543e-06
0.0020499637944735856,505,2,1.7890746971730136e-10,-4.688615955483755e-06
0.002059965218332684,505,2,1.0574794401482812e-10,-8.742153899232719e-06
0.0020699561710697525,505,2,3.570821508319915e-11,-4.485517263619343e-06
0.0020799201752331837,505,2,-1.3280495874578902e-11,-5.7650092746275305e-06
0.0020899953148975584,505,2,-5.2705665246199494e-11,-4.159164882860944e-06
0.002099958728119006,505,2,-8.474594992060192e-11,-1.022006794818009e-06
0.002109925032315064,505,2,-8.884667710097789e-11,2.765956781947132e-07
0.0021199536060964004,505,2,-7.982064762050044e-11,6.471030389865184e-07
0.002129985021832349,505,2,-5.965791885868268e-11,5.2297073339091504e-06
0.002139970783585738,505,2,-2.6842898300423817e-11,2.3155345144632022e-06
0.00214996623596746,505,2,9.675123158217028e-12,4.3219322699572515e-06
0.002159951286584308,505,2,5.88471904093156e-11,3.3809062809364576e-06
0.002169946304954317,505,2,6.55414141436815e-11,-1.6626546361919736e-08
0.002179943703760136,505,2,4.954363444021129e-11,-3.565667150096097e-06
0.002189966126711361,505,2,9.98252747621436e-12,-1.1816952804055703e-06
0.002199914040111689,505,2,8.951466839632587e-12,-4.979970116281152e-07
0.0022099518420849945,505,2,-4.6571531726262005e-12,-1.983562106511183e-06
0.0022199795458454877,505,2,1.373043723802616e-11,3.874653864643918e-06
0.0022299464288808683,505,2,3.690739036206459e-11,-7.331055029147215e-07
0.0022399737534004424,505,2,1.3633131734595437e-11,-1.5089563470405132e-06
0.0022499780068809625,505,2,5.2190420174723926e-12,-2.17694550430636e-06
0.0022599422814206815,505,2,-2.581469031686016e-11,8.661021158040683e-07
0.0022699932041969294,505,2,-1.603599230908957e-11,-4.0369142562113325e-07
0.002279952059043025,505,2,-8.198720111293138e-12,9.76337488828305e-07
0.002289964359032452,505,2,-2.0273902482431032e-11,-1.2744264901165536e-06
0.0022999640222200143,505,2,-1.2482585423289598e-11,-1.834059053518189e-07
0.002309991084289151,505,2,-1.2533234498995102e-12,2.204638107308754e-06
0.002319917579662434,505,2,1.4031290813273597e-11,3.465125659185553e-07
0.0023299731467054303,505,2,1.4847582254859794e-11,2.1383646370831677e-06
0.0023399462295683525,505,2,1.9665814927511955e-11,-2.2804357992511903e-06
0.0023499603114730673,505,2,5.449208871303589e-12,-1.720494476990797e-06
0.0023599678377285343,505,2,-1.3906222619785764e-11,-2.8110324902241857e-06
0.002369916117142363,505,2,-3.7161893339408624e-11,2.08043952371062e-07
0.0023799909620431724,505,2,-3.8709119674447325e-11,2.2855885065675707e-06
0.0023899964261327646,505,2,-2.6172166455809497e-11,3.4746757210379897e-07
0.002399919542293609,505,2,-8.446605115611705e-12,6.358778066872794e-07
0.002409967486389045,505,2,1.7601695953400334e-11,2.135815066361957e-06
0.0024199444124620006,505,2,-8.746346837296094e-12,-4.206161554609622e-06
0.0024299537780780815,505,2,-2.714617738056198e-11,5.828610770697296e-07
0.002439912383324009,505,2,-2.2203950268654825e-11,-1.5589075308408695e-07
0.0024499348022887285,505,2,-3.395711084383166e-11,-2.6974523277267792e-06
0.0024599363281703726,505,2,-5.4782981948870745e-11,-3.5865859654600485e-07
0.0024699639710001366,505,2,-5.123367497411542e-11,1.4914420505551806e-06
0.0024799783935041467,505,2,-1.4201320873183745e-11,3.7080684434365185e-06
0.0024899589937178272,505,2,2.3103889665441644e-11,4.9171381205498355e-06
0.002499980759365974,505,2,6.39639570769709e-11,2.241727813268035e-06
0.0025099259281406287,505,2,8.215531339538125e-11,2.6048436456149737e-06
0.002519968243326099,505,2,9.630434777388152e-11,1.6992092165268868e-07
0.0025299626932118757,505,2,9.800572067953065e-11,-1.180715785073505e-07
0.0025399921288444347,505,2,8.367735183989272e-11,-3.7160765450350297e-06
0.0025499517793088357,505,2,2.3561108481226552e-11,-3.841974247659197e-06
0.002559945931782428,505,2,1.9513028343366636e-11,2.518104937843102e-06
0.0025699875608820484,505,2,1.218000870975344e-11,-3.083748193410951e-06
0.0025799634407477146,505,2,-2.534272852268665e-11,-4.197003964978574e-06
0.002589997635988605,505,2,-6.058528988079335e-11,-1.6195340453439844e-06
0.0025999538586885173,505,2,-5.352297938139016e-11,4.811517698710688e-07
0.0026099321790062882,505,2,-4.722704042073311e-11,3.127406616176831e-06
0.0026199814028189197,505,2,-1.7859653792212486e-11,2.6745683623374816e-07
0.00262996368374016,505,2,-1.4615768651241555e-11,-1.359450755800129e-06
0.002639926869237403,505,2,-2.408203325949686e-11,-7.897524750277718e-07
0.0026499809017479343,505,2,-2.1518379593921284e-11,1.5541549091002693e-06
0.002659931608901232,505,2,-6.706088792320054e-12,1.6733093816112543e-07
0.0026699302075297296,505,2,-1.6119765950850556e-11,7.139681823253863e-07
0.002679925834619242,505,2,6.066145431938674e-12,3.569048269147501e-06
0.0026899210349086685,505,2,4.252508253064851e-11,1.7801721875487786e-06
0.002699986691880266,505,2,4.430751245037915e-11,-4.0127859868288596e-08
0.002709917997818696,505,2,3.8828597565468e-11,-1.1666778777508213e-06
0.0027199801589531977,505,2,2.5258372881622993e-11,-1.186126726032688e-06
0.0027299574274404588,505,2,7.669768411957406e-12,-1.0434865718306208e-06
0.00273998197206768,505,2,1.4175927835935367e-11,2.2673547953599993e-06
0.002749927030553463,505,2,1.72004535123756e-11,3.7946374709108e-07
0.0027599892595476377,505,2,3.077305319423076e-11,3.730296879167483e-07
0.002769931172893359,505,2,4.322940685703557e-11,1.6632698290885983e-06
0.0027799815756795964,505,2,4.394594875446658e-11,5.046697271291357e-07
0.0027899435449372386,505,2,6.835169607841509e-11,-5.660837647525341e-07
0.0027999291500746316,505,2,3.367816112724814e-11,-1.5288807515001501e-06
0.002809998311228338,505,2,2.932670581463274e-11,-3.238350615719643e-07
0.002819983901517645,505,2,3.199804850473548e-11,-3.062530588016088e-07
0.0028299259032926296,505,2,3.9972191362262505e-11,1.3987513837188104e-06
0.002839966537431897,505,2,7.697561299035548e-11,3.986676530676192e-06
0.002849980464035849,505,2,1.1061681940165071e-10,2.144397635628348e-06
0.002859972413267654,505,2,1.0177063321437823e-10,1.003649822639563e-06
0.0028699750694906262,505,2,1.3006575956103208e-10,1.7380225734164867e-06
0.0028799306231424926,505,2,1.3772942161760504e-10,-6.627240715095795e-07
0.0028899371846635375,505,2,1.2959501995027465e-10,2.869926988613436e-06
0.0028999362412962023,505,2,1.5303747775052747e-10,-1.3885202249791506e-06
0.0029099914865070857,505,2,1.2784613281625846e-10,-2.490491987527932e-06
0.0029199124163380085,505,2,8.221810118982193e-11,-5.435527000552387e-06
0.002929978411528775,505,2,2.4524790645562636e-11,-5.787717302613293e-06
0.0029399364732871085,505,2,-1.6736195410224294e-11,-3.4593041019492787e-06
0.002949914339342507,505,2,-4.4581966350071495e-11,-1.8302149082938257e-06
0.0029599423294730132,505,2,-4.732611040644835e-11,1.174730194453133e-06
0.0029699733014386183,505,2,-4.7158492680278354e-11,-9.454544536297016e-07
0.0029799317744709313,505,2,-5.186582788724256e-11,3.9315227695624344e-07
0.002989931702368663,505,2,-4.067782964766196e-11,9.012792415719062e-07
0.0029999586887304325,505,2,-3.4125296921485963e-11,-2.1029534014171958e-07
0.0030099220723408715,505,2,-1.935912276771162e-11,8.61936933160834e-07
0.0030199777646953765,505,2,-2.2391170413302037e-11,-1.032106263787469e-07
0.003029972238821202,505,2,-2.101844683678267e-11,2.064484297237268e-06
0.003039965562187682,505,2,4.95740146659986e-12,2.2627191357260656e-06
0.0030499652233629258,505,2,1.3464257771320272e-11,-3.132819449414015e-06
0.00305993983183672,505,2,-2.102740330895683e-11,-2.086678290089128e-06
0.003069944723646831,505,2,-2.8203302737119743e-11,3.7484367652051986e-06
0.0030799673093918466,505,2,6.25482864558425e-12,3.185069466060675e-06
0.003089951570591246,505,2,2.3919579089372008e-11,-7.960789906169552e-07
0.003099996618402475,505,2,2.95230894920462e-11,3.37610901811336e-06
0.0031099435813257727,505,2,4.109710123007351e-11,-1.9372758681135416e-06
0.00311994486892057,505,2,5.204819532994825e-12,-3.4213268851335243e-06
0.003129939561414013,505,2,-1.127611459067479e-11,1.9605232013386598e-06
0.003139914600232997,505,2,-1.3868249115685542e-11,-1.8070365294109436e-06
0.0031499577257448827,505,2,-3.660981498558808e-11,1.1349425435569493e-07
0.003159963763595011,505,2,-3.668675670057738e-11,-2.58031144154125e-06
0.0031699744740670078,505,2,-3.1580593080394494e-11,4.08843799759584e-06
0.0031799145826637574,505,2,-2.493687875754192e-11,-2.2520875050946465e-06
0.0031899890966117523,505,2,-4.586688312008735e-11,-1.0566007612178296e-06
0.0031999109287082564,505,2,-3.179468928399655e-11,1.968572524879697e-06
0.003209961215371861,505,2,-3.751386196107942e-11,-1.985826436526339e-06
0.003219913694989662,505,2,-2.1749872580322394e-11,3.6788775282514674e-06
0.0032299520060444955,505,2,-1.3148994280144698e-11,-8.624857437133926e-07
0.0032399747253086747,505,2,-1.530569190472445e-11,1.3063700994297989e-06
0.003249912405336842,505,2,-2.3509680025624686e-11,-1.9315983542933512e-06
0.0032599562104979477,505,2,-2.566968236957694e-11,2.0593407730196134e-06
0.0032699760401257586,505,2,4.014196213967003e-12,2.0441889810873803e-06
0.003279933369739025,505,2,2.796122741574288e-11,3.0147908279820612e-06
0.0032899357981529846,505,2,3.8077253825232935e-11,1.505678274282829e-07
0.0032999780149059513,505,2,1.7794317160437032e-11,-3.4579794325750868e-06
0.0033099648376778332,505,2,-1.6802745001650546e-11,-1.0643522387887572e-06
0.003319982639241931,505,2,-4.564871664534693e-11,-2.7375844623700463e-06
0.0033299546666600175,505,2,-4.522063071696054e-11,-3.938170034523125e-07
0.003339942535206861,505,2,-3.12567659709257e-11,3.095375741835049e-06
0.0033499322210104668,505,2,-3.440245926471957e-11,-3.839721509329985e-06
0.003359951789036946,505,2,-4.281828960405604e-11,2.6602859756752473e-06
0.00336997548022929,505,2,-2.5044964752530142e-11,3.509977484182636e-06
0.0033799476808980154,505,2,1.4133662251355258e-11,5.221292142143508e-06
0.003389955635225697,505,2,4.4736692584608885e-11,1.632819041419431e-06
0.003399962869026109,505,2,6.227384210242323e-11,-1.907846761128873e-08
0.003409959199319165,505,2,8.1841354297675e-11,3.2377337744887713e-06
0.0034199678444148994,505,2,9.174899497099449e-11,6.518602760907655e-07
0.0034299595271051883,505,2,9.491239677604079e-11,-1.0333375154436553e-06
0.0034399164707625703,505,2,8.952246924450943e-11,-1.3852035378181249e-06
0.0034499658485045172,505,2,7.577304270009943e-11,-3.191741200225806e-07
0.003459987931280735,505,2,8.92515699137098e-11,3.494765640876807e-06
0.003469992485711434,505,2,1.1839787211352561e-10,-2.839384777852949e-07
0.003479987355730773,505,2,1.0786344471140456e-10,-1.352709223873677e-06
0.003489935570127207,505,2,8.835494278759421e-11,-3.770706329564444e-06
0.0034999158792296606,505,2,5.691847310856403e-11,-1.2168854553740172e-06
0.0035099864894568645,505,2,4.650620099661213e-11,-2.8450700283455532e-06
0.003519966570310626,505,2,3.876977514391143e-11,3.1374519325333416e-06
0.0035299641631469847,505,2,6.265219341049753e-11,2.403127608768818e-06
0.0035399674194764043,505,2,7.90016435516655e-11,2.5291514778452706e-06
0.0035499949278334983,505,2,1.1205078297236559e-10,3.553493066937863e-06
0.0035599766551373557,505,2,1.5434003415446462e-10,1.5085495099764756e-06
0.0035699609469584752,505,2,1.6144236469862409e-10,1.943273695015346e-06
0.0035799890543061,505,2,1.7913978336343188e-10,2.258896047824255e-06
0.0035899804680342086,505,2,1.8188152674632413e-10,-7.128818609522525e-07
0.003599979583983733,505,2,1.6429432554004864e-10,-5.514990397581521e-06
0.0036099222546385817,505,2,1.1938428046978037e-10,-2.1219955048668027e-06
0.003619949034292211,505,2,8.42619411541728e-11,-5.130136582431888e-06
0.0036299251144388633,505,2,4.639656855324331e-11,-1.8960305286919166e-06
0.0036399497495798404,505,2,4.6630104783012974e-12,-4.773704308624893e-06
0.0036499285714136675,505,2,-3.5781712996006015e-11,-3.809415788980086e-06
0.003659917996406141,505,2,-4.6650631043173346e-11,-1.213143029310526e-06
0.0036699789923689843,505,2,-6.108634829601447e-11,2.2625564048972535e-06
0.003679969699011824,505,2,-3.724744030563106e-11,1.8201758015257141e-06
0.003689957342833872,505,2,-3.391804673631921e-11,3.209429959016852e-07
0.0036999599561408046,505,2,-2.264520132690259e-11,2.4690223086043517e-06
0.003709996021603432,505,2,2.137604019640982e-11,1.4273744453618953e-06
0.003719996489604073,505,2,2.393373844787215e-11,4.888823847692958e-07
0.0037299894974872783,505,2,4.31740449936672e-11,1.4993368087357073e-06
0.0037399476849436443,505,2,5.1859527285815724e-11,1.4722682421808297e-06
0.003749914987442235,505,2,3.178006454187827e-11,-3.7546226630547075e-06
0.0037599850074020204,505,2,1.743853759311742e-11,-3.840128661846548e-08
0.003769910128315143,505,2,1.7612306619087074e-11,-7.532670192600399e-07
0.0037799143296297828,505,2,2.741632315188822e-11,6.302562313431626e-07
0.003789986701866888,505,2,4.118113075074698e-11,1.4377731215042822e-06
0.0037999840002473618,505,2,6.348944038960056e-11,1.7133658115620065e-06
0.0038099119143367452,505,2,6.209983127565218e-11,-1.7010607809009315e-06
0.0038199544167427744,505,2,4.8003923637507644e-11,-1.9664946784292425e-06
0.003829973834453286,505,2,1.918985656550144e-11,-1.613496831587291e-06
0.0038399489531887013,505,2,-2.9224811488187414e-12,-5.270847929533806e-06
0.0038499819668304947,505,2,-4.2023514872866754e-11,-7.09566524259575e-07
0.0038599323729447046,505,2,-5.187917361532796e-11,-1.91624523102063e-06
0.0038699329794779852,505,2,-4.845285180767197e-11,-7.486083114516262e-07
0.003879953593073857,505,2,-3.495020780422474e-11,4.057443216964884e-06
0.0038899193462273054,505,2,-1.4079943647151154e-11,4.246718801392824e-06
0.0038999674567536855,505,2,2.1473212732608482e-11,5.755658845918443e-07
0.003909973892670431,505,2,2.5615011313246067e-11,3.0352738750183406e-07
0.003919971963033825,505,2,3.086633008021533e-11,4.684971990909226e-07
0.003929956999827754,505,2,2.1545077110189312e-11,-1.748719113070507e-06
0.003939982898708446,505,2,1.2302279075277704e-11,-1.3808945659166127e-07
0.003949968640165373,505,2,1.0221339545563686e-12,-9.962980683231315e-07
0.0039599934159146475,505,2,-2.966531807562531e-11,-2.922072548622312e-06
0.003969997519866244,505,2,-3.330341674465532e-11,2.221581963557373e-06
0.003979982990551467,505,2,-1.6222164179843184e-11,3.4131186832375704e-06
0.003989934666993569,505,2,-7.683322387539815e-13,-2.4359325936362808e-06
0.003999913003680193,505,2,-8.93847338132676e-12,2.503765381911549e-06
0.004009970354351159,505,2,4.6631858056510496e-12,-6.481281242531889e-07
0.004019979094106374,505,2,1.448966320937036e-11,2.5630737068293996e-06
0.004029950745734171,505,2,6.524881857554584e-11,5.414643737045033e-06
0.004039942717751812,505,2,6.740459188389223e-11,-1.9056583061560772e-06
0.004049946997578974,505,2,6.836764329985019e-11,1.8365263705910628e-06
0.004059916768078634,505,2,1.1639417018773817e-10,5.0890066342207385e-06
0.004069938821230154,505,2,1.2966419702943295e-10,-1.0113474335771144e-06
0.004079975100885102,505,2,1.1133129745926002e-10,-1.03514983273989e-06
0.004089973857797665,505,2,9.116385464992376e-11,-1.270612161818896e-06
0.00409995801027166,505,2,9.034667527386335e-11,-1.8051817440856155e-06
0.004109967524010925,505,2,5.1503134554733727e-11,-4.89322971107542e-06
0.0041199969731230135,505,2,-1.026338207672263e-11,-4.285414769267248e-06
0.004129920749545665,505,2,-5.479727135106873e-11,-5.665473662763709e-06
0.004139947689710027,505,2,-9.728819104205089e-11,-2.2230263247297044e-06
0.004149991383555522,505,2,-1.0669711477243654e-10,-2.1178342399230665e-06
0.004159965118920347,505,2,-1.0122209598047301e-10,4.8419896387930095e-06
0.004169913432839005,505,2,-6.576940494276614e-11,1.9208739264753305e-06
0.004179968965147302,505,2,-4.729208856198058e-11,3.127147445214362e-06
0.004189929669998917,505,2,-6.823198352962187e-12,3.190529187735436e-06
0.004199950409495853,505,2,1.7850051940224826e-11,1.1943529841934586e-06
0.004209930314805301,505,2,2.0839873829571346e-11,9.599132625298656e-07
0.004219913416186126,505,2,1.8478918289071894e-11,-1.6339475738397224e-06
0.0042299515535647115,505,2,1.3619929011717794e-11,1.0516645214120324e-06
0.004239977093426184,505,2,2.9549150158122506e-11,1.4790907865158687e-06
0.0042499370354624755,505,2,3.625453623158073e-11,2.2806966684663088e-07
0.0042599465285104434,505,2,4.204916517858517e-11,8.034302691195538e-07
0.004269969327940862,505,2,3.9635588177023466e-11,-6.831874918011849e-07
0.004279913423481409,505,2,2.5716477727963805e-11,-1.825412573569496e-06
0.004289993038818147,505,2,2.3634387805534672e-11,-2.8213588678174806e-06
0.004299991225461763,505,2,1.6783844042497168e-12,1.4902775524738843e-07
0.004309945624254763,505,2,-2.428394884979653e-12,2.2032694757534443e-06
0.004319998665508673,505,2,-9.933964472721957e-12,-5.070344427315909e-06
0.0043299549856107445,505,2,-4.121654814832862e-11,-3.0474138840164144e-06
0.004339957874648214,505,2,-5.467030671349243e-11,3.417635853208978e-06
0.004349963519845792,505,2,-3.302759814295957e-11,-1.734327275015879e-06
0.004359992726485439,505,2,-5.380178335113203e-11,-8.581525905437815e-07
0.004369938267809007,505,2,-5.1960186296022646e-11,6.660200436714447e-07
0.004379977219591096,505,2,-4.6772244573822287e-11,-6.842889224978332e-07
0.004389919285692072,505,2,-3.948172438804484e-11,2.204761864521565e-06
0.004399953226906091,505,2,-1.8804629198121317e-11,-5.98263351081485e-08
0.004409987380974212,505,2,-2.8745372190070047e-11,-5.703994889194597e-07
0.004419988878028486,505,2,-2.386728310919007e-11,2.997818716710121e-06
0.004429998865776309,505,2,6.9261112687138415e-12,8.880353841167477e-07
0.004439988422207526,505,2,1.707561293019322e-11,1.1002736988174888e-06
0.004449973551717772,505,2,4.951517835140762e-12,6.63934856259818e-08
0.004459977892248038,505,2,1.3458465334816407e-11,2.918431041276648e-07
0.004469970398405355,505,2,4.816701538627255e-12,-1.4882275564676029e-06
0.004479913604810073,505,2,1.4545765970763627e-11,-2.821835678457063e-07
0.004489970078022335,505,2,1.2414031011920984e-11,2.899818519197517e-07
0.00449993741492928,505,2,-3.1454217451953783e-12,-2.1932206927255393e-06
0.004509995120601538,505,2,-3.351114490797311e-11,-1.0087897255317557e-06
0.004519912967104461,505,2,-2.4853092681760786e-11,1.1617304604416567e-06
0.004529911878696883,505,2,-1.5164781860064883e-11,1.6405750735692948e-06
0.004539943881176491,505,2,-1.3807406081786698e-11,2.587957760480375e-06
0.004549950243808194,505,2,3.7843700944489595e-11,2.144775134632626e-06
0.0045599603266357844,505,2,5.1026701212221774e-11,3.654731676183687e-07
0.004569913198020405,505,2,3.748121804312871e-11,-5.184914053657508e-07
0.0045799854445137044,505,2,1.4570072528167924e-11,-3.0908438614085654e-06
0.004589936021758731,505,2,-1.5262120485871975e-12,-1.5269576328358347e-06
0.004599929223913603,505,2,-4.274240693774882e-12,1.7477683835753766e-06
0.004609987356456362,505,2,2.974875782589233e-11,4.220836677615303e-06
0.004619960686584727,505,2,4.254521093202202e-11,1.0915068812678008e-06
0.004629938719398666,505,2,6.916098647420784e-11,-3.8975838695387566e-07
0.004639939110220124,505,2,9.72650098212801e-11,3.1881607220896058e-06
0.004649938085724427,505,2,9.828903215278314e-11,-9.189271110709996e-07
0.004659940641841529,505,2,1.0213386923306131e-10,1.5289127568984817e-06
0.004669916187389535,505,2,1.2469016128586943e-10,1.8845406252465668e-06
0.004679938341115081,505,2,1.3421074127539182e-10,3.0292262735986952e-06
0.0046899614838623845,505,2,1.3565611252321e-10,-3.9262829108765995e-06
0.004699974575675355,505,2,1.0753903261048921e-10,-4.6596608006821416e-07
0.004709931442857634,505,2,1.0440708382217483e-10,2.0491578811565603e-07
0.004719973741005133,505,2,8.675422311549318e-11,-2.8075624138035327e-06
0.004729923877967267,505,2,5.856698441242822e-11,-2.3589471571661136e-06
0.004739934695376945,505,2,3.3858187968257604e-11,-2.2956040458543825e-06
0.004749933087141692,505,2,5.2225863235021586e-11,4.016628879277562e-06
0.004759947686275642,505,2,6.188357706588161e-11,-5.243838064328266e-07
0.004769953864238596,505,2,6.598805911959583e-11,7.722550255939709e-07
0.004779977760577283,505,2,1.053822344193817e-10,5.66668244919577e-06
0.004789924831530022,505,2,1.2692313375301098e-10,-6.654048931853396e-07
0.0047999474576260505,505,2,1.0543861378616015e-10,-3.7579661695819055e-06
0.004809956384312096,505,2,8.608649793587437e-11,-2.060879497334245e-06
0.004819989335650662,505,2,5.4332701667847774e-11,-3.1133535609573215e-06
0.00482997843143417,505,2,5.440629547156053e-11,-1.1317378534325684e-07
0.0048399308876224,505,2,5.093974322082284e-11,2.583725342564236e-06
0.004849953462422451,505,2,6.49003280621624e-11,-5.184546651437749e-07
0.004859960406139481,505,2,4.385382309467754e-11,-1.8627699615858528e-06
0.004869949922529651,505,2,1.9367749766092154e-11,-4.365928020222398e-06
0.0048799851623246345,505,2,7.381283245687094e-12,2.505663311169748e-06
0.004889934406036768,505,2,1.5205766390533258e-11,-2.0709766352655645e-06
0.004899912160993665,505,2,-8.303175736621956e-12,-1.5427591870120771e-06
0.004909912296382969,505,2,-2.318755462631099e-11,-2.319005210638103e-06
0.004919952657889439,505,2,-5.028405489162768e-11,-1.123450734275e-06
0.0049299272153804,505,2,-5.570361409691998e-11,1.1635617872055026e-06
0.004939973115714349,505,2,-4.475727735912874e-11,-1.0270418762670097e-07
0.004949985571060847,505,2,-4.374727089000955e-11,1.3648842255298277e-06
0.004959954266574387,505,2,-8.993203527946585e-12,3.375797967448968e-06
0.004969996321362849,505,2,1.179108738385945e-11,1.5968743937166963e-06
0.004979992745778636,505,2,4.534952813273885e-11,3.664291469362979e-06
0.004989910372996275,505,2,4.852855882052175e-11,-3.656663849757602e-06
0.004999989828124606,505,2,1.5038419302189582e-11,-2.6664036575363426e-06
0.005009944894077283,505,2,-6.287814478548519e-12,-4.293187716719604e-07
0.005019922824595333,505,2,1.3214346615910994e-11,2.0271076512368147e-06
0.005029950527708838,505,2,2.241260647430391e-11,4.5999231129689733e-07
0.005039976457477679,505,2,3.147995007233401e-11,1.5528148983035006e-06
0.005049998250612578,505,2,4.141672193284514e-11,1.4319980992660852e-06
0.005059991522304214,505,2,2.65156463546873e-11,-4.265488481147717e-06
0.005069992967342526,505,2,-1.674955881906368e-12,-1.853652029738806e-06
0.005079932539354548,505,2,-3.6345533445066554e-11,-4.249457480898222e-07
0.005089968797413039,505,2,-3.187286582923911e-11,-7.178068225366374e-07
0.00509997393006848,505,2,-2.719981496585292e-11,2.5845760930898187e-06
0.005109924458012398,505,2,-7.482556164198362e-12,3.0395205348199283e-06
0.005119957649783202,505,2,2.3988081411920135e-11,-8.917454499268729e-07
0.00512997841387228,505,2,2.356221500123489e-11,4.005853283306493e-06
0.0051399270957221185,505,2,5.1885894859033874e-11,9.70437365035992e-07
0.005149960929375548,505,2,6.766820080550298e-11,7.734954773214175e-07
0.005159992276789586,505,2,7.818838593137462e-11,1.9079358154483472e-07
0.005169916244608909,505,2,4.847876336545637e-11,-3.804015169195374e-06
0.005179957565851426,505,2,9.865277990811537e-12,-3.700647445627203e-06
0.005189934467174066,505,2,-1.909018366766358e-11,-7.106523634697881e-07
0.005199924140091511,505,2,-4.944592586937635e-12,5.143195812573609e-07
0.00520992989008597,505,2,-1.8138381933447334e-11,2.848313511716327e-07
0.005219967545234522,505,2,2.5412585264469965e-11,5.539979382795934e-06
0.005229983324760798,505,2,8.462749506157538e-11,5.440474717843813e-06
0.005239996154702305,505,2,1.0842358133815629e-10,1.6045416115217925e-06
0.00524992233447166,505,2,9.561648080426291e-11,-2.947946855624828e-06
0.005259936029047533,505,2,7.900346578380932e-11,4.3678486150167117e-07
0.005269935622512858,505,2,6.810607377269028e-11,-1.8247230081924748e-06
0.005279995732845253,505,2,5.4016157371376394e-11,-1.4164278604456015e-06
0.005289953352829132,505,2,1.149211646255411e-12,-6.768722419225881e-06
0.005299950756724726,505,2,-4.4778623331135714e-11,-1.4775511363307459e-06
0.005309988630281945,505,2,-4.68607385934025e-11,3.192745318125745e-07
0.005319932120904197,505,2,-4.622602153557293e-11,-1.83413508363095e-06
0.005329921110000552,505,2,-3.840278127711038e-11,3.4778850991346033e-06
0.005339977678087957,505,2,-1.3747297005324783e-11,1.401891600139038e-06
0.005349950290723728,505,2,1.2196376077318067e-12,1.2225712964220037e-06
0.005359922885445993,505,2,2.859189284393519e-11,1.6667162791028645e-06
0.005369932044929237,505,2,7.042721441430757e-11,3.557440705681536e-06
0.005379982071020151,505,2,8.091732583189858e-11,1.3660529028514112e-06
0.005389930430628704,505,2,8.793718382052625e-11,5.0406338381048243e-08
0.005399915953963886,505,2,8.61618613371036e-11,-1.946149672749087e-06
0.00540995240897122,505,2,8.844802238435878e-11,2.984553288287728e-06
0.005419997426825978,505,2,1.168679230470547e-10,2.8529617849271105e-06
0.005429927408806169,505,2,1.2933592962078872e-10,-8.341907138109672e-07
0.0054399488331419105,505,2,1.191263945737116e-10,-4.788340431383098e-07
0.0054499588509747746,505,2,1.1728274697042152e-10,-7.399426635301687e-07
0.005459934600269969,505,2,8.463640688494882e-11,-4.60793006362703e-06
0.005469983054246704,505,2,4.917053779928109e-11,-2.3229715984118826e-06
0.005479992107511032,505,2,2.4402926565320754e-11,-2.0917405996190297e-06
0.005489915044825474,505,2,7.979598102073049e-12,-7.688228755853288e-07
0.0054999398060892575,505,2,1.0985589828359796e-11,1.0561695763522394e-06
0.0055099406078399004,505,2,1.7824130199410333e-11,2.634554499558739e-07
0.005519962846042148,505,2,3.178030877197015e-11,-7.323508915968446e-08
0.005529956365017607,505,2,2.6448084018270302e-11,2.39733180171231e-06
0.00553994993223088,505,2,1.8843491586431442e-11,-3.828223157920085e-06
0.005549941792256843,505,2,-6.243679378751404e-12,-3.367485359284661e-06
0.005559926319748035,505,2,-8.202510732809899e-13,3.820037839163959e-06
0.0055699993223433854,505,2,1.1587825302950027e-11,-1.806576165219731e-06
0.0055799367227345985,505,2,8.081173016629133e-12,4.749583435437188e-07
0.005589923606788196,505,2,-6.454340727380043e-13,-1.2542266957238368e-06
0.005599997659012918,505,2,-7.283269470246536e-12,1.2142070690002171e-06
0.005609979846263005,505,2,-1.862612782448634e-11,-7.6751164401756e-07
0.00561997684948334,505,2,-3.34843691809179e-12,2.7461806018092005e-07
0.005629917804818383,505,2,-1.0725762658136788e-12,2.640952955490494e-07
0.005639987215473223,505,2,-1.5886981224381806e-11,-1.5129048923923083e-06
0.005649922620070556,505,2,-7.621462094176373e-12,1.7864442015680382e-06
0.005659941866124589,505,2,1.8723390003875877e-12,5.362680902676331e-07
0.005669980815420188,505,2,-5.253507701275293e-12,-1.3919723837046982e-06
0.0056799894199280115,505,2,6.788324056653883e-15,7.633052663269524e-07
0.005689949831025863,505,2,-6.344389627675371e-12,1.0722581096495043e-06
0.0056999597423187534,505,2,1.2803413854330667e-11,3.0090297477303185e-06
0.00570993265189657,505,2,5.299861613110399e-11,3.0594416607909736e-06
0.0057199731076332085,505,2,4.70645529689897e-11,-3.1140214409308697e-06
0.005729986159079065,505,2,1.5043530664064515e-11,-3.2182418623627473e-06
0.005739979822075205,505,2,1.5754935028843616e-11,2.464791851342074e-06
0.0057499882563363395,505,2,1.068825884799362e-11,-3.886976698230793e-06
0.005759971067453863,505,2,-3.1792536454893416e-11,-2.8950369504732176e-06
0.005769914705944676,505,2,-4.6669575561207794e-11,1.4028320626524593e-06
0.005779915093104964,505,2,-4.8917961651214923e-11,-1.2892409506637392e-06
0.005789954024491221,505,2,-1.2608565613022454e-11,5.57408334532104e-06
0.0057999718380413465,505,2,1.5948057212669935e-11,-1.153210610338462e-08
0.005809948238187934,505,2,1.3656113583292205e-11,-8.526154322563428e-07
0.005819966433161139,505,2,2.1508395474270463e-11,2.7032014389138936e-06
0.005829963475515406,505,2,2.3249985887008242e-11,-2.5885532164426905e-06
0.005839957829216385,505,2,6.2143944233161025e-12,-5.513318530048217e-07
0.005849923008973904,505,2,5.601688790558487e-12,2.363416004166896e-06
0.0058599676883578,505,2,1.517010057475827e-11,-1.180869240668958e-06
0.005869950859385353,505,2,4.5465831247711464e-12,-2.1341533531227252e-06
0.005879961945706078,505,2,-7.215083700851457e-13,1.282759041931758e-06
0.00588998548226972,505,2,-2.091554352130244e-11,-4.041508284036155e-06
0.005899948289989567,505,2,-2.6165180129966367e-11,1.2812566648479073e-06
0.005909950491986365,505,2,5.150552862898464e-12,4.301071082235541e-06
0.005919914076724146,505,2,2.6948333897768104e-11,9.23798385121799e-07
0.005929943778315587,505,2,3.197665490549525e-11,-1.7683337641405394e-06
0.005939981904542898,505,2,4.144795847548432e-11,2.625855452575987e-06
0.005949924079854558,505,2,4.5609925707654035e-11,8.558978860095934e-07
0.005959985841299361,505,2,4.990302612871249e-11,7.03000135326981e-07
0.0059699449641224854,505,2,6.360445337598572e-11,2.9570036214066064e-06
0.005979984692646613,505,2,1.0256325565856546e-10,2.758998357166309e-06
0.00598992123451152,505,2,1.166002732192438e-10,-7.118354473090172e-07
0.00599996277322531,505,2,7.842708677174544e-11,-6.304223759134864e-06
0.006009989736834148,505,2,3.046737663455748e-11,-1.2121270520637495e-06
0.006019995101636493,505,2,3.382377117646697e-11,-1.1954806067304702e-07
0.00602998434103226,505,2,3.8936105262264015e-11,1.713809277263667e-06
0.006039916868491363,505,2,5.776148637626384e-11,1.0588768626640377e-06
0.006049959602064085,505,2,5.668198075074911e-11,-1.16521747281495e-06
0.006059964207571949,505,2,4.7257226987683625e-11,5.6757548594355e-07
0.006069980697623138,505,2,5.2890998259038464e-11,1.7104535132705934e-07
0.0060799429193211935,505,2,5.5907942585507265e-11,-1.6234677148452281e-06
0.006089984857841491,505,2,2.277857827896355e-11,-2.5817521130955257e-06
0.006099920010855152,505,2,1.867898239579194e-11,1.7892975252564725e-06
0.00610995507224741,505,2,1.8409024477738676e-11,-2.0081659286574904e-06
0.006119989798624146,505,2,-4.2909203844100174e-12,-2.528557199843462e-06
0.006129956824465247,505,2,-2.6044788377639996e-11,-8.815935259587349e-07
0.006139974559611953,505,2,-4.471482601868805e-11,-4.98750189537045e-06
0.006149928902030539,505,2,-7.17994203672988e-11,2.376021446370835e-06
0.006159949720726873,505,2,-5.4424167424596396e-11,1.4430070444243492e-06
0.006169920194382267,505,2,-4.872253042084604e-11,8.637264401478717e-07
0.00617995039611183,505,2,-2.8131559456027734e-11,1.1007916135841178e-06
0.006189968331930112,505,2,-1.1204947848064044e-12,4.341146287112352e-06
0.006199999582343959,505,2,3.0964237431895295e-11,2.039196783432118e-06
0.006209947124787719,505,2,3.7018872108750224e-11,4.920591338830604e-07
0.006219984412369792,505,2,5.5564555059384006e-11,1.3461271510806228e-06
0.006229980641453494,505,2,6.33543831850584e-11,-3.8931614187998065e-07
0.006239915929178187,505,2,6.368915325208617e-11,-2.746452345547823e-07
0.006249993171169993,505,2,2.75334052568044e-11,-2.3599158280318555e-06
0.00625991445930508,505,2,3.546563318360379e-12,-3.142581470022554e-06
0.006269940141280217,505,2,-1.497534176064753e-11,7.878282913126311e-07
0.006279936463845391,505,2,-3.0799773576153195e-11,-4.668915959848974e-06
0.006289987798605394,505,2,-4.756359101539052e-11,-1.0047075060942712e-06
0.006299936830776426,505,2,-5.340237088730863e-11,2.560601385370731e-06
0.006309955716888128,505,2,-2.0422514201268562e-11,5.107630996703527e-06
0.006319992844598638,505,2,1.47552578777532e-11,2.8958880609053494e-06
0.006329950354656333,505,2,4.60264499243016e-11,2.2003733176623186e-06
0.006339957149845124,505,2,5.859969647926174e-11,1.3191513624222218e-06
0.006349917350689544,505,2,7.194904291492679e-11,2.959779192068801e-06
0.006359982470923128,505,2,9.537994003682099e-11,-1.1982118675660236e-06
0.006369979550279927,505,2,6.941857374034074e-11,-4.245703676408752e-06
0.0063799427695577565,505,2,3.513901989478027e-11,-1.4112630479790056e-06
0.006389964103290544,505,2,6.830724747224244e-11,5.3824870970275995e-06
0.0063999688223133466,505,2,1.0234525793311692e-10,3.836076096552787e-06
0.006409933629444125,505,2,1.4405921097140287e-10,2.4231647116623733e-06
0.006419997156433056,505,2,1.6267524543948138e-10,2.8481421132653395e-07
0.006429923597443223,505,2,1.883379463127853e-10,3.6066098274556424e-06
0.006439980430426857,505,2,2.0854435738785603e-10,3.2986880683649744e-06
0.006449920631947405,505,2,2.179084910154368e-10,-2.3083722355821124e-06
0.006459925437463352,505,2,1.705896049555367e-10,-6.699465686210715e-06
0.0064699528531214304,505,2,1.086743410918297e-10,-5.243856925685186e-06
0.006479970872838756,505,2,7.256265650601749e-11,-4.450541804534858e-06
0.006489933050048966,505,2,-1.4246588256978596e-11,-7.995044356778891e-06
0.006499971049803978,505,2,-4.4598703107857386e-11,8.528610615510246e-07
0.006509924435970957,505,2,-1.8976732396580858e-11,3.925610885469055e-06
0.006519919271301669,505,2,-1.171702562787467e-11,-9.567512880837015e-07
0.006529938861540502,505,2,-1.7900933163626613e-11,-5.649424629217137e-07
0.006539944941295382,505,2,2.38326263766824e-12,3.3806705454220154e-06
0.006549932124492426,505,2,3.6576931177742305e-11,2.3747048752270628e-06
0.0065599346390226455,505,2,5.420569738510614e-11,8.970348387843385e-07
0.006569941910771063,505,2,4.5824833694080216e-11,-1.8507824453006805e-06
0.006579954726835413,505,2,2.945095518708794e-11,-2.3878387244019583e-06
0.006589954448355206,505,2,1.8906216486981728e-11,1.8348333341577927e-07
0.006599924073090174,505,2,3.764391273164706e-11,1.8562258282672772e-06
0.006609938559825719,505,2,5.8110193967251004e-11,8.414972900716577e-07
0.006619969101457463,505,2,5.5157933078018185e-11,-6.526246434657157e-07
0.006629929881483166,505,2,3.725853109754439e-11,-1.2852627918058523e-06
0.006639916828671859,505,2,4.758014711925997e-11,1.451775755834106e-06
0.006649911804091403,505,2,2.348077899846064e-11,-6.173440000534214e-06
0.006659988970872415,505,2,-3.69834098834851e-11,-3.1726921484453996e-06
0.006669975679227844,505,2,-2.9159644368033496e-11,9.549270996167536e-07
0.006679979842963847,505,2,-2.929677190066974e-11,1.5986075222532148e-06
0.006689969714266142,505,2,-3.517399647709322e-11,-2.5557060745751148e-06
0.006699995039321218,505,2,-1.7616908117102704e-11,4.320887828909714e-06
0.006709925788049587,505,2,-1.3799866163796606e-12,1.0899495206384557e-07
0.00671993306940999,505,2,2.40219194515089e-11,3.3852036184223167e-06
0.006729953260986388,505,2,4.525145763912511e-11,1.0112257133043645e-06
0.006739970069871312,505,2,4.83392858898328e-11,3.490702013553282e-07
0.006749972881198917,505,2,5.6038157473790634e-11,-4.3667453447637783e-07
0.0067599827951529004,505,2,1.653649125184925e-11,-3.194256465333112e-06
0.00676999230626954,505,2,-5.879978861176091e-12,-9.760467985509003e-07
0.006779931045841631,505,2,9.303725385858153e-12,6.075005560268742e-07
0.006789969339644652,505,2,-5.5758479684955104e-12,-1.8759941765224969e-06
0.0067999960668701075,505,2,-2.259745102611209e-11,-3.813233497573787e-07
0.006809995009576674,505,2,-2.0464698065803986e-11,9.154711642089808e-07
0.006819984127792944,505,2,-2.4704942655171815e-11,-7.796312428975938e-07
0.006829942142773709,505,2,-1.6172485121610194e-11,1.8990863017154247e-06
0.00683992479492637,505,2,1.2444501194301357e-11,2.5497892095494024e-06
0.006849967984618561,505,2,-1.6400352514982447e-11,-5.031155059509462e-06
0.006859982919947598,505,2,-4.025146052207549e-11,4.013099281358068e-08
0.00686999445024317,505,2,-4.8563300523139525e-11,-1.5455175408907174e-07
0.006879948473019759,505,2,-5.634257182138833e-11,4.9523049328037416e-08
0.006889917705454959,505,2,-3.303446163060238e-11,1.927549046154553e-06
0.006899918176873109,505,2,-3.173627373598674e-11,-3.86241899505424e-07
0.00690998910762306,505,2,-1.4420473091833897e-11,2.758779493461372e-06
0.006919977001462202,505,2,2.6650145596392497e-11,2.573630814711736e-06
0.006929928977989079,505,2,3.086169846848436e-11,1.4854459095964279e-06
0.006939939121703786,505,2,1.616418617337266e-11,-2.732495448382055e-06
0.006949978615812636,505,2,-1.1978024715217003e-11,-8.986089100604389e-07
0.006959982938863077,505,2,-8.312644690198982e-12,-1.56130265965837e-07
0.00696993198649158,505,2,-2.3088911001617777e-12,1.2702438937032406e-06
0.006979968268856902,505,2,6.46173360553269e-14,3.209876005771939e-06
0.006989957631337206,505,2,4.633162562111119e-11,4.816136809665528e-06
0.006999921255710294,505,2,7.576847386790941e-11,-3.0198628298006014e-07
0.007009938406314257,505,2,5.049761164472135e-11,-4.295163878662023e-07
0.007019931339764348,505,2,5.826961901880747e-11,1.5461081148693268e-06
0.0070299490324546,505,2,6.583531156884631e-11,-2.4958787052387077e-06
0.0070399894856379664,505,2,4.4494507921442926e-11,-2.1434583116208827e-06
0.00704998561284428,505,2,2.3708311830971144e-11,-3.9101893167803325e-08
0.0070599314214313084,505,2,3.948186040925419e-11,1.4307914928402e-06
0.0070699888064780165,505,2,2.396448947524937e-11,-2.229029365530266e-06
0.00707996850933647,505,2,8.872779114453284e-13,-1.4749417926451791e-06
0.007089923577128194,505,2,-1.471152666327649e-11,-2.8572949897220923e-06
0.007099950974420575,505,2,-2.2816367772779278e-11,3.333558752371957e-07
0.007109953696705379,505,2,-2.0800985805809072e-11,2.4150288157054334e-06
0.007119960735343054,505,2,1.5976994822022304e-11,3.893401825827425e-06
0.007129922177433195,505,2,3.288126401906072e-11,-9.373186598549132e-07
0.0071399526986644975,505,2,3.748849087596042e-11,2.5173142556011996e-06
0.00714999608633104,505,2,5.0565425848714555e-11,-1.966322372703999e-07
0.00715998588242417,505,2,4.6051023287131646e-11,-1.196797147495765e-08
0.007169987769420124,505,2,3.4729819078407854e-11,-1.8371660063243311e-06
0.00717992051263835,505,2,1.6007980201075537e-11,-2.0593129783641473e-06
0.007189943330576465,505,2,8.037293276936825e-12,3.282149176010371e-07
0.007199929617999025,505,2,8.4630464156001e-12,-7.69150711010802e-07
0.0072099733293646,505,2,3.147479059475251e-12,6.386700369120923e-07
0.007219973862114793,505,2,1.0697144450615148e-11,1.821086234032876e-07
0.007229986255511472,505,2,2.35516445890949e-11,6.475686270268621e-07
0.007239939879449357,505,2,1.464981873536427e-11,-1.0464187094882949e-06
0.0072499888321659834,505,2,1.4369568750361881e-11,-5.819546978046847e-07
0.007259951275355309,505,2,-5.793358929520251e-12,7.834959639962946e-07
0.0072699808830086286,505,2,2.3604576722360447e-11,1.7789311849703004e-06
0.00727998241644575,505,2,2.754745613918312e-11,4.446575452288215e-07
0.007289918961943171,505,2,1.2889393529451787e-11,-2.6093903161272802e-06
0.007299991426820916,505,2,-8.005352327722663e-12,-3.623450418599461e-07
0.007309943975890922,505,2,-6.637502483914108e-12,1.121585053304175e-06
0.0073199831732110145,505,2,-1.144320137202949e-11,-2.8833741430589477e-06
0.0073299798848572035,505,2,-2.4638496492397654e-11,1.3345499424999296e-06
0.00733999729061161,505,2,-2.0102183587901857e-11,-7.517234561701946e-07
0.007349933007510087,505,2,-2.0015800513339607e-11,-1.5588895093121558e-06
0.007359991781789826,505,2,-3.5889784355958975e-11,1.147622730957032e-06
0.007369976607936769,505,2,-1.5076502288898126e-11,1.1030647739662669e-07
0.007379921737340566,505,2,-4.008559356133846e-12,4.26315729806781e-06
0.007389938203483179,505,2,2.9766562804456575e-11,-1.1102432888598912e-06
0.007399918947176416,505,2,2.854815535665011e-11,-1.205060403131064e-07
0.007409966894378495,505,2,4.2576149176338715e-12,-2.2741207248433426e-06
0.007419930336260066,505,2,-1.0975996177345132e-11,-1.8955923348634718e-06
0.007429943469089849,505,2,-5.525273774208313e-12,1.5617324176375735e-06
0.007439957360402822,505,2,-1.5607453450163433e-11,-1.0459115688810083e-06
0.007449991610439264,505,2,-3.2377986796799105e-11,-2.416598176714635e-06
0.007459945264136783,505,2,-3.530516311361898e-11,6.115657460066537e-07
0.007469965289607259,505,2,-2.2505737220000028e-11,2.36846328249829e-06
0.007479968236930811,505,2,-2.131969998965858e-11,-1.6950762560252741e-06
0.0074899472824245875,505,2,-3.402948097292683e-11,2.102169739504056e-06
0.007499927262415824,505,2,-1.9492092811920986e-11,-1.2024815084776819e-06
0.007509990595784646,505,2,-4.194722507143841e-11,-2.5194524512217598e-06
0.007519955298102691,505,2,-3.9645797604050126e-11,3.4172009331923103e-07
0.0075299385531997064,505,2,-2.441186070038906e-11,1.95561054094906e-06
0.007539939831432424,505,2,-4.891776925784535e-11,-3.0473110020634575e-06
0.007549928577512889,505,2,-2.7892498518657625e-11,2.3275625613550233e-06
0.007559913530641911,505,2,-9.482489291849416e-12,2.0480210307510793e-06
0.007569945819074044,505,2,-2.000491544201224e-11,-2.634358262643133e-07
0.007579936681663815,505,2,-5.382709789299015e-12,4.7223875493385137e-07
0.0075899551437865805,505,2,1.3319653782096412e-11,2.5563220471189196e-06
0.007599919124325865,505,2,1.951067757536922e-12,-2.3734538475150835e-06
0.00760994299832809,505,2,1.9157658688324485e-12,-9.81678413891629e-07
0.007619971311463703,505,2,-8.833524905900498e-12,-1.5548354632688444e-06
0.00762994367523308,505,2,-2.980512238653487e-11,-2.056117740678598e-06
0.007639939471901827,505,2,-4.7851478791345993e-11,-1.7379570751430151e-06
0.007649947591854573,505,2,-5.72572947340783e-11,-1.4944333940336563e-06
0.007659938454179666,505,2,-5.960732835392905e-11,5.939205015570437e-07
0.00766992407906114,505,2,-2.988552340440955e-11,4.538448596158595e-06
0.007679965514677916,505,2,7.289869242651549e-12,1.3783900871811028e-06
0.007689918763680668,505,2,-4.075085163298455e-12,-2.270729275055672e-06
0.007699942696630244,505,2,2.091741388524646e-12,2.2456400492476547e-06
0.0077099324046619,505,2,1.4114933606655439e-11,1.1622330784999413e-06
0.007719967090889942,505,2,6.158827784650536e-12,-1.9440079084692696e-07
0.007729968695914817,505,2,1.2343010539194734e-11,-5.817669967399242e-07
0.0077399551151876925,505,2,1.6705877207577515e-11,9.048842442849203e-07
0.0077499883530554245,505,2,1.4677793906812573e-11,6.258310005537171e-07
0.007759962495695265,505,2,1.3937237843939014e-11,8.722303623982797e-08
0.0077699520338017315,505,2,2.0039119299282144e-11,-1.78412738922884e-06
0.0077799408352057205,505,2,6.775633834025591e-12,3.1063477789333716e-07
0.007789977068226982,505,2,-7.904186269299834e-12,-1.2528244161258417e-06
0.00779996152378533,505,2,-8.373421821387579e-12,4.39773680582789e-07
0.007809987647364741,505,2,-2.9015040660024575e-11,-4.057401456092347e-06
0.007819948049467583,505,2,-3.9972400282938946e-11,4.2920287815495506e-07
0.007829991531495573,505,2,-2.2430029988192228e-11,1.9310429504315607e-06
0.007839987594380234,505,2,-1.0514549492530485e-11,1.0530950937948091e-06
0.007849973100140057,505,2,-1.9316854736053327e-12,1.764754985283945e-06
0.00785995978623916,505,2,1.6618803416610295e-12,3.3306898594709367e-07
0.007869951411755392,505,2,-3.005281689907283e-12,-2.4349956392333283e-06
0.007879977965168683,505,2,-2.8012212913135638e-11,-2.8331706478645913e-06
0.007889911186727496,505,2,-4.8135623449331296e-11,-9.947600404514034e-08
0.007899993245311035,505,2,-2.950971753537383e-11,3.1674596765451923e-06
0.00790993341943276,505,2,-6.77530590056138e-12,2.87026816311875e-06
0.007919981077959683,505,2,-6.06982278566863e-13,-1.4590913749445988e-06
0.007929947111314254,505,2,3.5935417341196717e-12,1.6932792367141403e-06
0.00793997206952037,505,2,2.1579696593576093e-11,5.46301215612055e-07
0.007949995462996032,505,2,2.5141526386544388e-11,1.2975135179338348e-06
0.00795992987484983,505,2,4.252700845148354e-11,2.34716423114234e-06
0.007969920709021281,505,2,5.957505289531039e-11,1.7089043342632948e-06
0.007979997262565321,505,2,9.076549640330651e-11,2.3293001905067e-06
0.007989950705612271,505,2,9.284605115305765e-11,-2.4949663868234495e-07
0.00799995957119621,505,2,1.0059788634433128e-10,2.5009539338372022e-06
0.008000049102938512,505,2,1.0082245753334149e-10,2.5082875564352847e-06
0.0,506,1,0.0,0.0
9.989999999999974e-06,506,1,0.0,-3.091882882191188e-39
1.9979999999999985e-05,506,1,0.0,1.9840930638742896e-25
2.996999999999993e-05,506,1,-7.21261253943596e-19,1.1890613577184101e-15
3.995999999982653e-05,506,1,1.127012182549752e-16,9.811753980469342e-11
4.99499995869668e-05,506,1,1.069613886086605e-13,4.998469594190446e-08
5.9939949594887284e-05,506,1,1.990435083051709e-12,2.7400164583513825e-07
6.992943033724811e-05,506,1,4.451278938642731e-12,3.2631753503487015e-07
7.99102264454703e-05,506,1,2.1364254135077668e-11,4.284637257573332e-06
8.999867411661217e-05,506,1,8.770115600183762e-11,6.699912934338137e-06
9.996765282363734e-05,506,1,1.8347485884269877e-10,1.5510305767962862e-05
0.00010993878595740294,506,1,3.882424559116136e-10,2.292808602100127e-05
0.00011999041312778416,506,1,5.796587485587491e-10,1.635366236835134e-05
0.0001299449383418888,506,1,7.976942231012322e-10,3.199379120125134e-05
0.00013994093718666133,506,1,1.1078728964086662e-09,1.913244174603368e-05
0.00014994107731792187,506,1,1.2302305745329775e-09,5.887019425554474e-07
0.00015991628940019868,506,1,1.0525699779241821e-09,-2.2089761343185854e-05
0.00016999114436967613,506,1,9.509495503904882e-10,-9.651964578333283e-06
0.00017994288874474196,506,1,8.63273983276857e-10,-3.015557776923916e-06
0.00018994368999829023,506,1,9.364211802724814e-10,1.3993485211800764e-05
0.00019991672636384466,506,1,1.0797694260521358e-09,1.857268583024818e-05
0.00020999902786400542,506,1,1.2457337396095498e-09,7.478061531770996e-06
0.00021997742469151297,506,1,1.2397763891146122e-09,-9.561065745455899e-06
0.0002299412673028418,506,1,1.1063297633285814e-09,-1.2535808790292702e-05
0.00023994038197849295,506,1,1.0107726144751564e-09,-1.3158043196598301e-05
0.000249979408802032,506,1,8.590600008118816e-10,-5.355074549490135e-06
0.00025997760205296314,506,1,8.836477476149298e-10,3.464838457534203e-07
0.00026994047687294405,506,1,8.932897169430559e-10,9.544322669974292e-07
0.000279940377661343,506,1,9.021159605866183e-10,4.454952849536342e-06
0.0002899171921228336,506,1,8.667733753066678e-10,-1.3943650144176978e-05
0.00029994883246123273,506,1,6.937210639681795e-10,-1.8715258862218864e-05
0.00030993468393218085,506,1,6.350936055131212e-10,-1.4026659762231275e-06
0.0003199401888848346,506,1,5.755023753388391e-10,-1.045379026762272e-05
0.0003299837147017973,506,1,3.818903000971899e-10,-2.175261735272438e-05
0.0003399824946225943,506,1,3.4895456880310234e-10,8.148544883457287e-06
0.00034998130253528954,506,1,3.8407083334410187e-10,1.384497358952741e-06
0.0003599392373724834,506,1,5.382458462832866e-10,2.9270621867832913e-05
0.00036994979185261896,506,1,8.326779505063973e-10,3.3782331762155504e-05
0.00037996773626411065,506,1,1.0821505302635072e-09,1.2470399640002183e-06
0.00038993845631998217,506,1,1.103570468264281e-09,-1.4871830970319966e-06
0.0003999172946923639,506,1,9.981255247940295e-10,-4.5722987684349015e-06
0.00040999872028145597,506,1,9.905568582888665e-10,-4.0049991412161035e-06
0.0004199548776521353,506,1,9.294738094017515e-10,-9.477689706174908e-06
0.00042993066865616497,506,1,8.196269896782685e-10,-1.0212986659638434e-05
0.00043997339272910024,506,1,6.957370155624774e-10,-1.676886467605332e-05
0.00044994914081072777,506,1,6.184330153117038e-10,-3.2340727790236556e-08
0.00045995451118858755,506,1,5.879975959088748e-10,1.0659216012842698e-05
0.00046999149644892223,506,1,5.631218134396126e-10,-1.3242996292526241e-05
0.0004799391218430586,506,1,4.135718918513913e-10,-1.021517939658878e-05
0.000489988494036519,506,1,4.6195827758339155e-10,5.087930884883907e-06
0.000499943020442317,506,1,5.178000888169309e-10,1.1166204385276018e-05
0.0005099624776485783,506,1,6.089235537239807e-10,1.5867248327194883e-06
0.0005199413734900338,506,1,5.850931489537826e-10,-1.8654375225829467e-05
0.000529989712798049,506,1,3.6144407826534965e-10,-1.4647187176530796e-05
0.0005399383777245362,506,1,3.62974371120471e-10,1.0825545215920052e-05
0.0005499579831984126,506,1,5.09285202550085e-10,1.60786279457259e-05
0.0005599762955612779,506,1,6.669755672698271e-10,8.385602419475058e-06
0.0005699231784678594,506,1,7.776298584104125e-10,9.419308659608383e-06
0.0005799938953701229,506,1,6.999751252468063e-10,-8.417292552326261e-06
0.0005899310793806982,506,1,6.148921192064022e-10,-8.469142658562578e-06
0.0005999659284024729,506,1,6.88696617350563e-10,1.5619718992831988e-05
0.000609943251318685,506,1,9.120860151003437e-10,5.873098296693691e-06
0.0006199233236204224,506,1,8.381297774676024e-10,-1.1766114614175649e-05
0.0006299331046201206,506,1,5.807288937349721e-10,-2.6409268051016954e-05
0.0006399776651607039,506,1,4.66757223527593e-10,3.995545426627167e-06
0.0006499948876300045,506,1,5.913622437534751e-10,1.036726181019576e-05
0.0006599160003705074,506,1,5.288575286792156e-10,-2.043441777345445e-05
0.0006699576057563944,506,1,2.27416140111895e-10,-3.2354208417684216e-05
0.0006799211757989686,506,1,-1.03425489865667e-10,-2.7039174487666906e-05
0.0006899905273309824,506,1,-4.5313685096199014e-10,-3.126756972193778e-05
0.0006999813053312869,506,1,-7.370245209763985e-10,-4.1724552478250576e-05
0.0007099627426447686,506,1,-1.1724395690144562e-09,-1.431497295800721e-05
0.0007199888342083505,506,1,-1.2234516835366678e-09,-1.5915326127324825e-05
0.000729950800000866,506,1,-1.3427244151137667e-09,-1.3029849280671302e-05
0.0007399099293326919,506,1,-1.286710431091235e-09,2.0666806740454735e-05
0.0007499787321743916,506,1,-9.50337682744366e-10,3.152482620276398e-05
0.0007599121948682989,506,1,-7.322064221654452e-10,2.9723041721746446e-05
0.000769998599325241,506,1,-3.488651873454092e-10,1.930730993802976e-05
0.0007799133407966841,506,1,-2.2608181647927193e-10,1.8343626821015757e-05
0.0007899164980803509,506,1,-2.1521832358051122e-10,-1.2658503659168652e-06
0.0007999620760097976,506,1,-1.1508732703814639e-10,-6.216363409583536e-07
0.0008099510866692575,506,1,-1.545605784980216e-10,-4.622777369026054e-06
0.0008199263709300147,506,1,-2.2572545190695324e-10,-3.521858758841201e-06
0.0008299938563031341,506,1,-2.2142935835267412e-10,4.974945758962068e-07
0.0008399425258272241,506,1,-2.373234095069568e-10,-1.1852954792584969e-05
0.0008499783200037693,506,1,-3.791536336502125e-10,3.7531242376431795e-07
0.0008599246122307817,506,1,-3.547711575976485e-10,3.457290407016256e-07
0.0008699613161949773,506,1,-1.4353381483516478e-10,2.1353099209156512e-05
0.0008799430792557039,506,1,-6.911561174084539e-11,-6.052382258092681e-06
0.000889914613174657,506,1,-2.861037575234914e-10,-2.6936824193801723e-05
0.000899940938460233,506,1,-4.4978851095802005e-10,-8.939998197107779e-06
0.0009099566132113925,506,1,-5.93814402817793e-10,-1.4532802774427922e-05
0.0009199996984748391,506,1,-7.7863981577592e-10,-1.4592250514214311e-05
0.0009299583251180663,506,1,-7.798514982687457e-10,8.118145659784248e-06
0.0009399714833654413,506,1,-7.984175939646312e-10,-1.5724699015257082e-05
0.0009499416496498944,506,1,-8.278222474356636e-10,8.833495648119527e-06
0.0009599399966234764,506,1,-7.452427580668025e-10,7.240345438343232e-06
0.0009699435846053626,506,1,-6.685517731613015e-10,1.2214882113448233e-05
0.0009799404226288715,506,1,-4.961901879720504e-10,9.115679504512197e-06
0.0009899704638186059,506,1,-4.996394869476991e-10,-1.1325245399318451e-05
0.0009999965726488068,506,1,-6.051183994494906e-10,-1.1656738837545477e-05
0.0010099574320871526,506,1,-7.49010260027639e-10,-1.9292702784334814e-05
0.0010199842522080644,506,1,-8.50980119802559e-10,-7.206527951386654e-06
0.0010299282517230385,506,1,-9.618934357844898e-10,-8.788944646065389e-06
0.001039952928274145,506,1,-9.532843404233024e-10,1.4448391860377718e-05
0.0010499456281726552,506,1,-8.764990448371044e-10,3.102935807353102e-06
0.0010599673841890206,506,1,-7.549978446216279e-10,1.7143101003758154e-05
0.0010699381905818913,506,1,-6.670609539854628e-10,-3.171198968254796e-06
0.0010799265402712044,506,1,-7.453536893759036e-10,-7.106382280838708e-06
0.0010899215470765433,506,1,-7.86241757072561e-10,3.852434229442703e-06
0.0010999966318489694,506,1,-9.458028821714577e-10,-2.6762998082172085e-05
0.001109995511524942,506,1,-1.0814027706779669e-09,6.421153122271317e-07
0.0011199200024236623,506,1,-1.080391125859351e-09,7.242375820067093e-06
0.0011299760781678528,506,1,-1.0099870948062666e-09,-4.701059431122534e-06
0.0011399879746241996,506,1,-8.395262211728764e-10,2.491628081427444e-05
0.0011499254065114345,506,1,-6.775811180043321e-10,2.061917164027094e-05
0.00115996149636992,506,1,-4.4143944763965574e-10,1.7897890076445933e-05
0.001169926916304428,506,1,-2.5496018704510937e-10,2.3164130404134536e-05
0.001179977029286354,506,1,-7.96078303328872e-11,1.1288961764596706e-05
0.0011899368801656781,506,1,-6.52594904181872e-11,-1.6617097221949262e-05
0.0011999190343896702,506,1,-1.4069860751007298e-10,1.1032375479419487e-06
0.0012099127896993515,506,1,-5.528591051013666e-11,1.0938179105277751e-05
0.001219999754372062,506,1,1.645754918851039e-10,3.0033136577456432e-05
0.0012299240607925048,506,1,4.5138452290909166e-10,2.7300281408557114e-05
0.0012399300916896981,506,1,5.45034417260209e-10,-3.1696590374608036e-06
0.001249908852816136,506,1,4.3427717780212996e-10,-1.9802232159443767e-05
0.001259969570289194,506,1,5.183641072482962e-10,1.135316270725606e-05
0.001269997367040202,506,1,6.064663245482923e-10,6.781415308257377e-06
0.0012799150102057472,506,1,7.208823674310265e-10,1.2480642745504866e-05
0.001289907700240844,506,1,7.841397362819239e-10,3.7907659667518745e-07
0.0012999968930746224,506,1,6.921256203338638e-10,-1.1820805713491644e-05
0.00130996081967101,506,1,7.107091547898072e-10,-4.941540015495488e-07
0.0013199129566355417,506,1,6.644773472704274e-10,-2.281763210487675e-06
0.0013299895470651804,506,1,7.862443552953047e-10,1.1614031772640143e-05
0.0013399971095359408,506,1,6.618642310142529e-10,-2.6017448972570634e-05
0.0013499303694762272,506,1,5.974732973213599e-10,1.4245925441802587e-05
0.0013599919905867561,506,1,8.794736865276544e-10,3.55406422977711e-05
0.0013699851505381473,506,1,1.239480202482534e-09,2.0326027672802616e-05
0.0013799748265174655,506,1,1.3024525286411959e-09,-2.664088699949607e-06
0.0013899123059433515,506,1,1.2513886957983317e-09,-5.1549235641004665e-06
0.0013999942451156462,506,1,1.1584164498380388e-09,3.2874505692670475e-07
0.0014099338649546564,506,1,1.1458687776777043e-09,-9.759215784888031e-06
0.0014199880585482523,506,1,1.0985818018290397e-09,-1.6372979125461873e-05
0.0014299410224153921,506,1,7.128406353185872e-10,-4.2268471640107e-05
0.0014399647378862453,506,1,6.133847835731299e-10,2.9874178512773186e-06
0.0014499809452065196,506,1,7.000527097200421e-10,1.5957420611667494e-05
0.001459944908936736,506,1,8.427431353319334e-10,2.8176394564094487e-05
0.0014699512338979617,506,1,9.95228167056202e-10,-2.3854410722140562e-05
0.0014799235030007497,506,1,6.68100018642939e-10,-1.992975625423471e-05
0.0014899366173026151,506,1,4.3509738440194605e-10,-3.185195327337631e-05
0.001499990420126971,506,1,2.1202986168399821e-10,-1.5977909793490896e-05
0.0015099575319327033,506,1,1.6777185365134014e-10,-5.661897189590537e-06
0.0015199765164080198,506,1,-1.0755063362455678e-11,-2.5935775826602114e-05
0.0015299491666946959,506,1,-2.891329275588732e-10,-1.78960615715984e-05
0.0015399987513572432,506,1,-1.7148660709363122e-10,3.357115861010729e-05
0.001549974901527717,506,1,2.0904813131659067e-10,3.637391932354711e-05
0.001559979856524952,506,1,5.131708953455433e-10,7.87615066963343e-06
0.0015699594351443944,506,1,5.11178957056526e-10,5.854283407102923e-06
0.001579918773549063,506,1,5.4498363565127e-10,5.114494625063637e-06
0.0015899439769683828,506,1,5.36170457541741e-10,-9.068784724175494e-06
0.0015999543075729818,506,1,5.24308157350681e-10,-6.604157019474144e-06
0.0016099164701122103,506,1,3.2080002713987114e-10,-2.022260636896922e-05
0.0016199934375123123,506,1,1.2307684085448206e-10,-8.366722095864976e-06
0.0016299767194849271,506,1,1.9651487830653753e-10,1.891989403968175e-05
0.0016399320316245294,506,1,2.6135753545137746e-10,-3.975391206889611e-06
0.0016499685899983411,506,1,2.0086838270450772e-10,4.492713987738761e-06
0.0016599434567047308,506,1,3.2565799472100206e-10,1.1990460886290855e-05
0.0016699831303536646,506,1,3.556443558337359e-10,-1.1324744794274921e-05
0.0016799338482886494,506,1,3.32536160542487e-10,1.2172049113690075e-05
0.0016899761201780224,506,1,4.5016601547958075e-10,1.3552198089850087e-05
0.00169992928424783,506,1,4.074687674256296e-10,5.62370259249434e-07
0.0017099755055905552,506,1,5.171230077297051e-10,1.3066210553830393e-05
0.0017199843801098905,506,1,6.347878647913374e-10,1.4602720004922715e-05
0.0017299320636266187,506,1,7.105883107606387e-10,-1.028231086791509e-05
0.0017399753388256676,506,1,5.174980598991894e-10,-2.364249411165864e-05
0.0017499882378221576,506,1,2.5217852892102035e-10,-3.028119112863381e-05
0.0017599367238823038,506,1,-1.4463591340690404e-10,-3.508649479661008e-05
0.0017699212396846728,506,1,-2.42486847952586e-10,-8.562347067281317e-06
0.0017799940536531063,506,1,-3.09698864736833e-10,-9.48563824354487e-06
0.0017899421800572132,506,1,-3.9449890852603377e-10,1.0943340361335707e-05
0.0017999695895979386,506,1,-1.895349866196962e-10,2.3053615483437095e-05
0.0018099469624085097,506,1,-1.4602138081857858e-11,2.28882939135866e-05
0.0018199691083681014,506,1,1.071337950434893e-10,-3.548126928820672e-06
0.0018299171679675677,506,1,2.4431486362636197e-10,1.0547863415755199e-06
0.0018399400320049208,506,1,2.1773535581575125e-10,-8.697361964571382e-06
0.0018499899711646014,506,1,1.6177716400099404e-10,-3.6091864488163594e-06
0.0018599223412782957,506,1,1.8523219803822792e-10,1.882449229356764e-06
0.00186996112418816,506,1,1.1233074222093213e-10,-1.880423744562293e-05
0.0018799348770303093,506,1,2.43743222093289e-11,-8.933718984194261e-06
0.0018899777973552358,506,1,2.9419281672433246e-11,1.634575747200273e-05
0.0018999384412200213,506,1,1.2479224112608273e-10,-2.4427538440896512e-06
0.0019099731120282661,506,1,1.957736242440462e-10,8.728970994020813e-06
0.0019199545157963268,506,1,2.472048854511202e-10,-1.1937321687638391e-05
0.001929936960045592,506,1,8.81562808914023e-11,-2.5015169240583113e-05
0.0019399585878920463,506,1,8.930074580398482e-12,-6.88840548579428e-06
0.0019499597434269062,506,1,-1.7565711501152414e-10,-1.2896622629515742e-05
0.001959911501671131,506,1,-1.7635175340096287e-10,-1.3427950436017966e-06
0.001969983977620256,506,1,-1.928667572633077e-10,-9.306074763206634e-07
0.0019799540554424335,506,1,-1.513113828772116e-10,2.149161187348092e-06
0.0019899863872632397,506,1,-1.7079985015772538e-10,6.096984055625754e-06
0.0019999703538813034,506,1,-1.2306276609155788e-10,-7.689502959151717e-06
0.0020099469732676833,506,1,-2.936578686060185e-10,-1.7982400778872483e-05
0.0020199909790062837,506,1,-5.545058588694635e-10,-2.8452424595870607e-05
0.002029966872477179,506,1,-5.178101243463994e-10,2.5850173693636735e-05
0.0020399606461028257,506,1,-3.866640839807103e-10,-1.1034185627423199e-05
0.0020499637944735856,506,1,-5.009561569754395e-10,-1.0375349400293388e-05
0.002059965218332684,506,1,-4.5419683809559317e-10,3.6775204103278725e-05
0.0020699561710697525,506,1,-5.1967575171097584e-11,2.4543493200718247e-05
0.0020799201752331837,506,1,8.402821758104399e-12,-1.4878229105241142e-06
0.0020899953148975584,506,1,4.389077685178916e-11,4.760450696833507e-08
0.002099958728119006,506,1,-6.58233834895233e-11,-1.4989326946355814e-05
0.002109925032315064,506,1,-1.2130844137702075e-10,1.0403618444065899e-05
0.0021199536060964004,506,1,3.506243036592604e-11,7.378752814063416e-06
0.002129985021832349,506,1,-3.7757619151076354e-11,-1.0242334831128685e-05
0.002139970783585738,506,1,-7.564840065248725e-11,-6.409175758198549e-06
0.00214996623596746,506,1,-1.5053662013118755e-10,9.545252087794776e-06
0.002159951286584308,506,1,-1.0594306233852079e-10,-7.313547761483852e-06
0.002169946304954317,506,1,-3.224210064795238e-10,-1.7726287555794307e-05
0.002179943703760136,506,1,-4.0676947373570124e-10,3.877372029864601e-06
0.002189966126711361,506,1,-2.973941172610103e-10,1.0733305577066005e-05
0.002199914040111689,506,1,-1.7004895464530314e-10,6.7268444675361305e-06
0.0022099518420849945,506,1,-3.854176926374397e-10,-2.6113668702476556e-05
0.0022199795458454877,506,1,-4.970445215606516e-10,1.0715495952884346e-05
0.0022299464288808683,506,1,-3.814226104691164e-10,1.742576766022852e-06
0.0022399737534004424,506,1,-1.9106584515899512e-10,2.852219159310554e-05
0.0022499780068809625,506,1,-9.977532978543423e-11,7.0037829488223124e-06
0.0022599422814206815,506,1,-4.8332627224074e-11,-6.3368905189598035e-06
0.0022699932041969294,506,1,-1.559122202444117e-10,-5.257446451474145e-06
0.002279952059043025,506,1,-1.7685293396722883e-10,-1.8402974579778686e-06
0.002289964359032452,506,1,-7.914706972739566e-11,1.5286425062321918e-05
0.0022999640222200143,506,1,9.533800663653994e-11,2.390922721560995e-05
0.002309991084289151,506,1,2.7397717219858437e-10,2.9923151936839254e-06
0.002319917579662434,506,1,1.3554585277740483e-10,-1.3547418409975975e-05
0.0023299731467054303,506,1,2.699184625309787e-10,3.97333166730629e-05
0.0023399462295683525,506,1,6.754140013736929e-10,1.5309477189306975e-05
0.0023499603114730673,506,1,5.896142364850973e-10,-4.6061241201489356e-05
0.0023599678377285343,506,1,2.014846938092383e-10,-1.6457193291907757e-05
0.002369916117142363,506,1,3.16104361139903e-10,2.2967494595044213e-05
0.0023799909620431724,506,1,5.740619962491022e-10,2.080059663070455e-05
0.0023899964261327646,506,1,6.167813654085687e-10,-1.6468992289686568e-05
0.002399919542293609,506,1,6.966195569931601e-10,2.5061767109424427e-05
0.002409967486389045,506,1,7.902580712550373e-10,-3.2289374558014394e-06
0.0024199444124620006,506,1,8.399183285033254e-10,-8.858815011558718e-07
0.0024299537780780815,506,1,8.042835070123553e-10,-4.638073689611222e-06
0.002439912383324009,506,1,8.495138713017031e-10,2.122564239659397e-05
0.0024499348022887285,506,1,1.1221466748349097e-09,1.8061983473746657e-05
0.0024599363281703726,506,1,1.1097540014436575e-09,-2.267904902250595e-06
0.0024699639710001366,506,1,9.244157983137418e-10,-2.973485610702209e-05
0.0024799783935041467,506,1,6.570950695487679e-10,-1.5056675025770794e-05
0.0024899589937178272,506,1,6.462861563597639e-10,3.235368362677904e-06
0.002499980759365974,506,1,7.431390421108221e-10,1.4595932842878523e-05
0.0025099259281406287,506,1,7.682816864588841e-10,-3.2611066143606315e-06
0.002519968243326099,506,1,8.18722818114395e-10,3.902317813622713e-06
0.0025299626932118757,506,1,8.776089485104031e-10,8.680248798187407e-06
0.0025399921288444347,506,1,9.272217359198269e-10,1.175361898642091e-06
0.0025499517793088357,506,1,9.423010171290074e-10,-1.693204123792702e-05
0.002559945931782428,506,1,7.00375434260276e-10,-2.9144311629480946e-05
0.0025699875608820484,506,1,3.78588382143858e-10,-3.0102420205790903e-05
0.0025799634407477146,506,1,3.096133639758343e-10,-6.361486547042106e-06
0.002589997635988605,506,1,3.0139000152803e-10,1.9758039028650032e-05
0.0025999538586885173,506,1,7.008623426186893e-10,1.8647454147931175e-05
0.0026099321790062882,506,1,8.069055936828662e-10,-2.169493058534755e-07
0.0026199814028189197,506,1,1.0002137089253906e-09,3.120305398285339e-05
0.00262996368374016,506,1,1.0633514382163238e-09,-4.153512650234559e-06
0.002639926869237403,506,1,9.661307430819193e-10,-1.0280482968721971e-05
0.0026499809017479343,506,1,8.565441066924612e-10,-1.0322719645017298e-05
0.002659931608901232,506,1,6.32530476598009e-10,-1.8995261591658874e-05
0.0026699302075297296,506,1,5.862821887515977e-10,1.8028521949764453e-06
0.002679925834619242,506,1,5.498128725067166e-10,-9.091783006454079e-07
0.0026899210349086685,506,1,6.828330853560758e-10,1.8157899807511035e-05
0.002699986691880266,506,1,9.117520573540059e-10,8.067785880999656e-06
0.002709917997818696,506,1,9.143209190931373e-10,-1.2234632864899231e-05
0.0027199801589531977,506,1,6.216841449594541e-10,-2.1235569770794438e-05
0.0027299574274404588,506,1,4.705578421049749e-10,-1.6688603689862802e-05
0.00273998197206768,506,1,1.6827338133001382e-10,-2.7318002860335366e-05
0.002749927030553463,506,1,1.4555482355666503e-10,7.0272121625303274e-06
0.0027599892595476377,506,1,2.7252343790691027e-10,4.765501112807824e-06
0.002769931172893359,506,1,1.5807849404571642e-10,-1.4651674852456109e-05
0.0027799815756795964,506,1,1.0730262461800287e-10,-1.2261834581982906e-06
0.0027899435449372386,506,1,1.8064122811951345e-10,9.656006006079562e-06
0.0027999291500746316,506,1,3.0522767781718306e-10,1.1592343574007291e-05
0.002809998311228338,506,1,1.8590321494966306e-10,-2.4795971440227937e-05
0.002819983901517645,506,1,-3.329930070832682e-11,-2.5065599047663367e-05
0.0028299259032926296,506,1,-1.3324022869517908e-11,2.395817897055119e-05
0.002839966537431897,506,1,1.805565516486274e-10,1.1104197692402007e-05
0.002849980464035849,506,1,1.2058951715707394e-10,-2.0421049054461515e-05
0.002859972413267654,506,1,1.8090409753223334e-12,3.3215368481775975e-06
0.0028699750694906262,506,1,7.225983199691014e-11,1.4232847636685975e-05
0.0028799306231424926,506,1,2.3738933607399247e-10,6.3533845869323535e-06
0.0028899371846635375,506,1,1.4162589743343764e-10,-1.8893279338960678e-05
0.0028999362412962023,506,1,-2.149148145967847e-10,-3.8019258151923696e-05
0.0029099914865070857,506,1,-4.567689470769823e-10,-9.90929959063247e-06
0.0029199124163380085,506,1,-3.989925852351537e-10,3.402264353408874e-05
0.002929978411528775,506,1,4.5716742305186185e-11,3.664027967209549e-05
0.0029399364732871085,506,1,3.3300648220177726e-10,5.42456756608134e-06
0.002949914339342507,506,1,1.2009871921489653e-10,-1.8366652421566987e-05
0.0029599423294730132,506,1,-1.7254003030888685e-10,-2.9978338498604096e-05
0.0029699733014386183,506,1,-2.1507581181010092e-10,1.3416776403651909e-05
0.0029799317744709313,506,1,-1.006271497537895e-10,7.471059212227349e-06
0.002989931702368663,506,1,-9.564924501698576e-11,-9.059007903031158e-06
0.0029999586887304325,506,1,-1.1269271053198986e-10,-7.741241590530912e-06
0.0030099220723408715,506,1,-3.88075798623397e-10,-4.874465218235313e-05
0.0030199777646953765,506,1,-7.520283302319954e-10,-1.0541277942255345e-05
0.003029972238821202,506,1,-7.685165026231997e-10,1.9137170367833356e-06
0.003039965562187682,506,1,-8.280073513227022e-10,-2.4166373298134536e-05
0.0030499652233629258,506,1,-7.551193621569742e-10,4.232387896396794e-05
0.00305993983183672,506,1,-3.2428693496854813e-10,3.5227480646493614e-05
0.003069944723646831,506,1,-1.7872865030142942e-10,-3.5191407949941578e-06
0.0030799673093918466,506,1,-2.8204448163341876e-10,-9.416584995716737e-06
0.003089951570591246,506,1,-8.79566508060585e-11,2.0726329889531048e-05
0.003099996618402475,506,1,5.826331898933963e-11,1.3971077890653771e-05
0.0031099435813257727,506,1,7.065483791534233e-11,-1.2376418138101974e-05
0.00311994486892057,506,1,-2.504254377227766e-10,-2.524675533011056e-05
0.003129939561414013,506,1,-3.2892593279801937e-10,7.75258798252354e-06
0.003139914600232997,506,1,-1.9758311777806083e-10,1.0383493257923315e-07
0.0031499577257448827,506,1,-2.5499804185723555e-10,-3.6375140544109286e-07
0.003159963763595011,506,1,-1.3102487066781084e-10,2.4355190065938892e-05
0.0031699744740670078,506,1,-9.547603688691642e-11,-1.9757389291585534e-05
0.0031799145826637574,506,1,-2.3025526450104082e-10,4.285554937644154e-06
0.0031899890966117523,506,1,-4.878098416877122e-12,3.081562613097e-05
0.0031999109287082564,506,1,1.0699046839858463e-10,-1.119980644642693e-05
0.003209961215371861,506,1,-8.14184612267445e-11,7.569172595200957e-06
0.003219913694989662,506,1,5.013532352705701e-11,-1.2817892851402224e-05
0.0032299520060444955,506,1,-1.8171104699831635e-10,-1.4039821539829633e-05
0.0032399747253086747,506,1,-1.532502545800355e-10,2.73351353565765e-05
0.003249912405336842,506,1,6.855449962859996e-11,1.5718290204858043e-05
0.0032599562104979477,506,1,3.0575122513630125e-10,3.601887288862474e-05
0.0032699760401257586,506,1,4.03969823331617e-10,-1.3410348208675593e-05
0.003279933369739025,506,1,2.2862004715058489e-10,-9.029836562757243e-06
0.0032899357981529846,506,1,1.5805155651419246e-10,-4.696704865803092e-06
0.0032999780149059513,506,1,1.3513001128625341e-10,-1.0494713503804431e-05
0.0033099648376778332,506,1,1.9228632441254463e-11,-2.939793952566605e-05
0.003319982639241931,506,1,-2.7012764393220695e-10,-1.5248177165028132e-05
0.0033299546666600175,506,1,-2.9943152377126346e-10,1.4660465785590326e-05
0.003339942535206861,506,1,-9.041660713264601e-11,1.895885003183606e-05
0.0033499322210104668,506,1,8.97168591308789e-11,1.9607308140989765e-05
0.003359951789036946,506,1,1.6158181069299762e-10,-1.6098544029827244e-05
0.00336997548022929,506,1,3.259816555188339e-11,-1.9545485451577527e-05
0.0033799476808980154,506,1,-5.0176266766151516e-11,-1.838590873692869e-05
0.003389955635225697,506,1,-3.696343254112037e-10,-1.276179219407425e-05
0.003399962869026109,506,1,-3.1401982156261505e-10,3.0347287814085078e-05
0.003409959199319165,506,1,1.1390941560154399e-10,2.7458582102318774e-05
0.0034199678444148994,506,1,1.2326927672548212e-10,-1.0314641288478033e-05
0.0034299595271051883,506,1,5.419523434963881e-11,3.3206897908366617e-06
0.0034399164707625703,506,1,2.888280536878548e-10,2.6198607204208635e-05
0.0034499658485045172,506,1,5.062219236257417e-10,3.7094186527975026e-08
0.003459987931280735,506,1,3.3237785441637166e-10,-1.178574238100416e-05
0.003469992485711434,506,1,3.0682708982033836e-10,6.627778089851599e-06
0.003479987355730773,506,1,2.5982453031692614e-10,-1.7485940790540333e-05
0.003489935570127207,506,1,1.3751228653507394e-10,-1.0466647412846197e-05
0.0034999158792296606,506,1,2.4493675393467523e-10,2.9834559540760364e-05
0.0035099864894568645,506,1,4.137485509978227e-10,-1.0581570168449739e-05
0.003519966570310626,506,1,2.788915095203878e-10,-2.9737865177327516e-06
0.0035299641631469847,506,1,2.2640809052292975e-10,1.577368359290121e-06
0.0035399674194764043,506,1,1.4328855105985182e-10,-2.8440551098740663e-05
0.0035499949278334983,506,1,-2.1735528444972942e-11,1.3430427395738631e-05
0.0035599766551373557,506,1,4.5318140041929363e-13,5.25031614267979e-07
0.0035699609469584752,506,1,1.709863594452182e-10,5.04101251858069e-06
0.0035799890543061,506,1,2.1535546249388214e-10,3.922743360695868e-06
0.0035899804680342086,506,1,2.517006359230528e-10,1.3837648316906287e-05
0.003599979583983733,506,1,4.955280519918501e-10,3.378040957213724e-05
0.0036099222546385817,506,1,7.108981200408602e-10,1.549430513475558e-05
0.003619949034292211,506,1,8.035874092105595e-10,3.5419753218607353e-06
0.0036299251144388633,506,1,9.159057769010073e-10,8.922025425128766e-06
0.0036399497495798404,506,1,9.75765060958145e-10,-8.590799586351283e-06
0.0036499285714136675,506,1,7.252412147188574e-10,-2.3844870536866847e-05
0.003659917996406141,506,1,5.246351868596363e-10,2.951435986775497e-06
0.0036699789923689843,506,1,5.308948145533424e-10,-5.352205512537678e-07
0.003679969699011824,506,1,4.978987471711868e-10,-2.559052085654434e-06
0.003689957342833872,506,1,4.568064037692237e-10,-1.6518115700109304e-05
0.0036999599561408046,506,1,5.339994333763802e-10,3.314715683255809e-05
0.003709996021603432,506,1,6.796948957018509e-10,-1.0124708073044886e-06
0.003719996489604073,506,1,6.651980606187764e-10,-1.9093095491584666e-06
0.0037299894974872783,506,1,7.994562029319343e-10,1.5017488515522287e-05
0.0037399476849436443,506,1,8.652365793916693e-10,6.199130650808016e-06
0.003749914987442235,506,1,8.165122518845466e-10,-1.4051855268398805e-05
0.0037599850074020204,506,1,7.210313408549554e-10,7.711675062416212e-09
0.003769910128315143,506,1,6.598599746511914e-10,-9.689164206724832e-06
0.0037799143296297828,506,1,6.956293363296511e-10,1.1245572575369067e-05
0.003789986701866888,506,1,7.442503428459592e-10,1.12456019528695e-05
0.0037999840002473618,506,1,7.231049023448399e-10,-1.1208199713674816e-05
0.0038099119143367452,506,1,5.308426618572538e-10,-1.2284732320511083e-05
0.0038199544167427744,506,1,6.515156065944254e-10,3.2528210659715784e-05
0.003829973834453286,506,1,9.909671514668798e-10,2.476221188091321e-05
0.0038399489531887013,506,1,1.1938270826854886e-09,2.2566585331451616e-05
0.0038499819668304947,506,1,1.3179308099633144e-09,-3.0644184977335343e-06
0.0038599323729447046,506,1,1.240378453462289e-09,-2.474551599523922e-05
0.0038699329794779852,506,1,8.793492794105593e-10,-3.2198154841511784e-05
0.003879953593073857,506,1,6.22507722486973e-10,-1.8621240826202645e-05
0.0038899193462273054,506,1,4.305834817522206e-10,-6.17774336983401e-06
0.0038999674567536855,506,1,5.107594219935048e-10,-5.073365275345965e-06
0.003909973892670431,506,1,3.1008927538342043e-10,-1.7821817507191612e-05
0.003919971963033825,506,1,1.8342976901733845e-10,-6.897416820177832e-07
0.003929956999827754,506,1,2.2527897143161352e-10,6.786502268651962e-06
0.003939982898708446,506,1,3.407270855603384e-10,1.6277621816718213e-05
0.003949968640165373,506,1,2.5836493392240585e-10,-2.1841926216861762e-05
0.0039599934159146475,506,1,5.85244351827721e-11,-1.5620473202077392e-05
0.003969997519866244,506,1,-8.53504898135467e-11,-1.2690724224495575e-05
0.003979982990551467,506,1,-2.667277672991161e-10,-1.9455350019237372e-05
0.003989934666993569,506,1,-2.961616863022713e-10,-2.6160658213592036e-06
0.003999913003680193,506,1,-4.1548825097024154e-10,-1.998282020732045e-05
0.004009970354351159,506,1,-7.215422619960299e-10,-3.309447010116373e-05
0.004019979094106374,506,1,-7.604329404349463e-10,4.502542277927402e-06
0.004029950745734171,506,1,-6.830104369265306e-10,1.3891155427020463e-05
0.004039942717751812,506,1,-5.247151268406542e-10,3.2752689942044944e-05
0.004049946997578974,506,1,-1.0914408717804451e-10,1.9986842181574094e-05
0.004059916768078634,506,1,-1.641964426379747e-11,-4.499389217871297e-06
0.004069938821230154,506,1,-4.518773024628263e-11,2.023487530417034e-05
0.004079975100885102,506,1,2.03293116202752e-10,2.08445767387877e-05
0.004089973857797665,506,1,2.0259274445905153e-10,-1.2779411005248154e-05
0.00409995801027166,506,1,1.200079495638e-10,-1.416549618857288e-05
0.004109967524010925,506,1,-5.693868005276164e-11,-2.2311881000297573e-05
0.0041199969731230135,506,1,-2.1311200130499913e-10,-6.520397490605845e-06
0.004129920749545665,506,1,-3.685233731454211e-10,-1.658095905925777e-05
0.004139947689710027,506,1,-4.3028140481745183e-10,8.70624689491839e-06
0.004149991383555522,506,1,-3.19116464195087e-10,7.631373432070987e-06
0.004159965118920347,506,1,-3.1449925584079165e-10,-4.197795199912049e-06
0.004169913432839005,506,1,-2.335002870766051e-10,1.2523337339476193e-05
0.004179968965147302,506,1,-1.721699677436795e-10,1.1517390209742073e-05
0.004189929669998917,506,1,-7.671670874384367e-11,2.3443747300788687e-05
0.004199950409495853,506,1,1.3617431109184648e-10,1.3286168890958017e-05
0.004209930314805301,506,1,1.0412712349533535e-10,-5.085238211299803e-06
0.004219913416186126,506,1,-1.3926755307655655e-11,-8.837406803074987e-06
0.0042299515535647115,506,1,-8.188657056641961e-11,-6.635051710279782e-07
0.004239977093426184,506,1,-2.2811998489057897e-11,1.4559061122271233e-05
0.0042499370354624755,506,1,-1.6371291525392202e-10,-3.8711707205374424e-05
0.0042599465285104434,506,1,-3.9316807767103817e-10,-2.8600174096782283e-06
0.004269969327940862,506,1,-4.1988142328061953e-10,-1.3778985350806905e-05
0.004279913423481409,506,1,-6.410424373536625e-10,-1.1417523612118619e-05
0.004289993038818147,506,1,-5.269998194074293e-10,1.638116868485362e-05
0.004299991225461763,506,1,-5.301314465468404e-10,-1.2673404677185363e-05
0.004309945624254763,506,1,-5.466191494175177e-10,1.3860105347304752e-05
0.004319998665508673,506,1,-4.859130416997204e-10,-7.957414059400758e-06
0.0043299549856107445,506,1,-6.014494965774137e-10,8.750099147365742e-06
0.004339957874648214,506,1,-4.2403979950644496e-10,1.5093947777829186e-05
0.004349963519845792,506,1,-3.6386259956424293e-10,-4.176468012928591e-06
0.004359992726485439,506,1,-3.21745393416545e-10,3.079084894025419e-06
0.004369938267809007,506,1,-1.9129223055874714e-10,2.4578291278720688e-05
0.004379977219591096,506,1,-2.963820201157892e-11,-1.3113828585542553e-06
0.004389919285692072,506,1,3.8365402146828915e-11,9.009404341932259e-06
0.004399953226906091,506,1,8.03071702155456e-11,1.6660453203143355e-06
0.004409987380974212,506,1,-8.462775741139607e-12,-3.5886429316638394e-05
0.004419988878028486,506,1,-3.258830753264264e-10,-1.023327686799913e-05
0.004429998865776309,506,1,-2.5725688690170527e-10,2.096618634332692e-05
0.004439988422207526,506,1,-8.590289641931584e-11,-9.469833368025427e-06
0.004449973551717772,506,1,-3.1005026104925803e-10,-1.913460778396603e-05
0.004459977892248038,506,1,-3.5636731379334885e-10,1.433178127868695e-05
0.004469970398405355,506,1,-3.0903742277985427e-10,-7.64812084476374e-06
0.004479913604810073,506,1,-3.1049301499128784e-10,1.1493105769033729e-05
0.004489970078022335,506,1,-2.1208482764416704e-10,2.1311444559080073e-07
0.00449993741492928,506,1,-1.6603946290833524e-10,-5.9278143034746655e-06
0.004509995120601538,506,1,-1.4421997297213999e-10,-5.140557703259274e-06
0.004519912967104461,506,1,-2.650200894436906e-10,-4.366774744690716e-06
0.004529911878696883,506,1,-4.260254533601886e-11,4.417287585495311e-05
0.004539943881176491,506,1,3.5366549063597993e-10,1.7424006657482116e-05
0.004549950243808194,506,1,3.5522186888609273e-10,1.4383196274558863e-06
0.0045599603266357844,506,1,5.831588453453831e-10,4.3246542261135557e-05
0.004569913198020405,506,1,7.827192712188389e-10,-1.1103023620062658e-05
0.0045799854445137044,506,1,6.352942459325882e-10,4.385980613141882e-06
0.004589936021758731,506,1,5.834059354033514e-10,-2.136851669035794e-05
0.004599929223913603,506,1,3.005371552581334e-10,-1.2566077732784064e-05
0.004609987356456362,506,1,2.6371236523499105e-10,-6.097646144787028e-06
0.004619960686584727,506,1,2.7992185286659997e-10,-1.6256978496442809e-06
0.004629938719398666,506,1,1.8702611920439123e-10,-8.852519543387644e-06
0.004639939110220124,506,1,3.5550871588852547e-10,4.076958085433985e-05
0.004649938085724427,506,1,6.133954736591669e-10,5.931493253674702e-06
0.004659940641841529,506,1,5.179926297091506e-10,-6.960068358069504e-06
0.004669916187389535,506,1,3.7386825534453877e-10,6.649087627236261e-06
0.004679938341115081,506,1,4.653571814969748e-10,8.30586629957386e-06
0.0046899614838623845,506,1,4.057946300676591e-10,-5.590087335242966e-06
0.004699974575675355,506,1,3.616751719858304e-10,-1.4290157421548155e-06
0.004709931442857634,506,1,3.7890630629765806e-10,-4.828705592679894e-06
0.004719973741005133,506,1,4.4025844914446675e-10,1.2774350341332452e-05
0.004729923877967267,506,1,5.686766775881612e-10,2.7650449995079984e-05
0.004739934695376945,506,1,6.469953270275104e-10,-8.277150378321885e-06
0.004749933087141692,506,1,5.609740168658413e-10,-6.906277933232952e-06
0.004759947686275642,506,1,6.208895147651199e-10,-8.55780031547293e-07
0.004769953864238596,506,1,5.147201772012696e-10,-1.622343452678532e-05
0.004779977760577283,506,1,5.20826664009654e-10,1.2614259592119703e-05
0.004789924831530022,506,1,5.096833817593482e-10,5.487486350597148e-06
0.0047999474576260505,506,1,5.372627888977914e-10,-2.719637415271592e-08
0.004809956384312096,506,1,4.4346101497303196e-10,-1.0321870422408397e-05
0.004819989335650662,506,1,6.521599010012735e-10,2.661763852518373e-05
0.00482997843143417,506,1,7.671015979036618e-10,-2.7416464832286103e-06
0.0048399308876224,506,1,7.506383146506525e-10,-6.196631397323293e-06
0.004849953462422451,506,1,6.199248233858029e-10,-8.976022308926357e-06
0.004859960406139481,506,1,5.314232498827587e-10,-1.4658339222650696e-05
0.004869949922529651,506,1,4.477068745319487e-10,-1.0009504236518918e-05
0.0048799851623246345,506,1,4.1590141584574997e-10,2.2383693512512126e-05
0.004889934406036768,506,1,6.132811554939084e-10,9.471810226285848e-06
0.004899912160993665,506,1,6.016127076900616e-10,1.6338213696259762e-06
0.004909912296382969,506,1,7.952681717912462e-10,2.110221766227216e-05
0.004919952657889439,506,1,1.0978150137745473e-09,1.8565879745024993e-05
0.0049299272153804,506,1,1.1559106489750763e-09,-5.791763991680465e-06
0.004939973115714349,506,1,9.968337284325805e-10,-2.100864767262678e-06
0.004949985571060847,506,1,1.161901917218791e-09,2.8515941103757214e-05
0.004959954266574387,506,1,1.0340131879965294e-09,-4.2260702740992695e-05
0.004969996321362849,506,1,7.342806075255886e-10,-1.1547009042767176e-05
0.004979992745778636,506,1,6.754118548863255e-10,-2.034118230379023e-05
0.004989910372996275,506,1,7.208950363639052e-10,2.0782614547007472e-05
0.004999989828124606,506,1,8.690084628354075e-10,7.193808429561965e-06
0.005009944894077283,506,1,1.0454001379986232e-09,2.0881111726350765e-05
0.005019922824595333,506,1,1.0415614016646773e-09,-1.0629044115528785e-05
0.005029950527708838,506,1,7.93573508745286e-10,-1.8949399702650194e-05
0.005039976457477679,506,1,7.203885616274196e-10,-1.4083163407306587e-05
0.005049998250612578,506,1,5.353816567645221e-10,-1.6540738622117246e-05
0.005059991522304214,506,1,4.190990707653283e-10,9.164870334088526e-06
0.005069992967342526,506,1,3.9473033005673545e-10,-3.164060226704124e-05
0.005079932539354548,506,1,1.221254631338022e-10,-3.6332925903437285e-06
0.005089968797413039,506,1,3.2674467526170453e-10,2.989910313938582e-05
0.00509997393006848,506,1,4.530823533622309e-10,-1.3695944533459459e-05
0.005109924458012398,506,1,4.180289311414063e-10,1.3832902884258758e-06
0.005119957649783202,506,1,4.780763216615265e-10,5.248675687047344e-06
0.00512997841387228,506,1,5.181661095623072e-10,-1.2979718991473765e-05
0.0051399270957221185,506,1,3.737041449437871e-10,-1.5241461217334329e-05
0.005149960929375548,506,1,3.199942391556468e-10,4.762706064143085e-06
0.005159992276789586,506,1,3.1282353699501684e-10,-8.835533722773015e-06
0.005169916244608909,506,1,6.370453822279176e-11,-4.662386756681958e-05
0.005179957565851426,506,1,-2.5236913688828956e-10,-1.02373226615049e-05
0.005189934467174066,506,1,-2.265902928668438e-10,1.5928139157350696e-05
0.005199924140091511,506,1,-4.755417147072762e-11,1.5681433448599957e-05
0.00520992989008597,506,1,5.925060761865559e-11,3.780125818059199e-07
0.005219967545234522,506,1,4.8493614308146735e-11,1.349469254904867e-05
0.005229983324760798,506,1,1.903599554479589e-10,1.692020905447178e-05
0.005239996154702305,506,1,3.643144912121574e-10,7.101371872181295e-06
0.00524992233447166,506,1,3.5352124109129274e-10,-6.183361984324343e-06
0.005259936029047533,506,1,3.702147478908954e-10,3.1959166635342484e-06
0.005269935622512858,506,1,1.5735669922772324e-10,-3.791390860291566e-05
0.005279995732845253,506,1,-1.6536641333466713e-10,-1.2709327286045125e-05
0.005289953352829132,506,1,-9.820293445209115e-11,1.0406865152579048e-05
0.005299950756724726,506,1,-1.6523835996858603e-11,8.273926220242478e-06
0.005309988630281945,506,1,-6.090350993793022e-11,-6.731720449404399e-06
0.005319932120904197,506,1,-9.291987331600595e-11,1.5191834027886153e-05
0.005329921110000552,506,1,2.54919439735747e-10,3.3444681997840675e-05
0.005339977678087957,506,1,3.5112830740158615e-10,-8.046493941551991e-06
0.005349950290723728,506,1,9.928454601411803e-11,-3.0724422570849175e-05
0.005359922885445993,506,1,-1.548208725672047e-10,-3.1244457836809847e-06
0.005369932044929237,506,1,-1.688098438670045e-10,8.178045018958358e-09
0.005379982071020151,506,1,-1.4571856136625792e-10,7.703660147073688e-06
0.005389930430628704,506,1,-1.1719038395675407e-10,-1.031609241564091e-05
0.005399915953963886,506,1,-2.2220343178159163e-10,-1.2071013243408757e-06
0.00540995240897122,506,1,-1.2576041952574426e-10,7.1119081806320095e-06
0.005419997426825978,506,1,-1.4909870698475304e-10,-2.1112359233355082e-06
0.005429927408806169,506,1,-1.1240733926381563e-10,2.6340967508364788e-05
0.0054399488331419105,506,1,6.866507326956878e-11,-4.29814458540595e-06
0.0054499588509747746,506,1,-1.1075759307400577e-10,-2.0034840275906518e-05
0.005459934600269969,506,1,-3.1170141374405307e-10,2.0445201953656067e-07
0.005469983054246704,506,1,-7.637412760663873e-11,2.645991356647892e-05
0.005479992107511032,506,1,-6.684604112643447e-11,-2.571095981863253e-05
0.005489915044825474,506,1,-3.2396187863131375e-10,-1.693666043331432e-05
0.0054999398060892575,506,1,-4.152428404752696e-10,1.9827296148244855e-06
0.0055099406078399004,506,1,-3.5405312411754904e-10,-6.387869375346078e-06
0.005519962846042148,506,1,-4.986471385526732e-10,-6.902186438034752e-06
0.005529956365017607,506,1,-5.251106603715175e-10,-1.4177695701889093e-06
0.00553994993223088,506,1,-5.943235579891932e-10,-8.853109030870776e-06
0.005549941792256843,506,1,-5.341564686053676e-10,2.0341619638236663e-05
0.005559926319748035,506,1,-4.2331331553999616e-10,4.792860349184247e-06
0.0055699993223433854,506,1,-3.733400941020669e-10,9.956333269944828e-06
0.0055799367227345985,506,1,-2.620642275726065e-10,1.217088369097341e-05
0.005589923606788196,506,1,-3.2445626710464996e-10,-2.0809377959285502e-05
0.005599997659012918,506,1,-4.524498047663445e-10,6.880173831186331e-06
0.005609979846263005,506,1,-4.5652320270025726e-10,-9.19239374817804e-06
0.00561997684948334,506,1,-5.32977112896275e-10,2.7988305080495213e-06
0.005629917804818383,506,1,-5.171112653186277e-10,5.358186487974814e-06
0.005639987215473223,506,1,-3.4999486426001374e-10,1.4266990276063166e-05
0.005649922620070556,506,1,-2.1728056530048931e-10,1.74313237855106e-05
0.005659941866124589,506,1,-1.810544467401094e-11,2.1007793014130027e-05
0.005669980815420188,506,1,4.1276354259687085e-11,9.480124560923286e-07
0.0056799894199280115,506,1,9.512613298126996e-11,3.3923990003237314e-06
0.005689949831025863,506,1,1.0281827007683826e-10,1.9400801518076882e-06
0.0056999597423187534,506,1,-7.97490078006713e-12,-2.62625508705705e-05
0.00570993265189657,506,1,-3.073747242348594e-10,-2.641552648025014e-05
0.0057199731076332085,506,1,-4.97434904311903e-10,-1.0194887121103835e-06
0.005729986159079065,506,1,-4.6269620061536416e-10,-3.0156553273291697e-06
0.005739979822075205,506,1,-3.2121157348066924e-10,2.6456793437800927e-05
0.0057499882563363395,506,1,-2.975222279521637e-11,2.2521589477353388e-05
0.005759971067453863,506,1,1.2076919388866136e-10,1.6153547400454913e-05
0.005769914705944676,506,1,1.5706600925840814e-10,-1.8597807638520703e-05
0.005779915093104964,506,1,-4.4846267928639694e-11,-6.513242040553924e-06
0.005789954024491221,506,1,9.303733434280515e-11,3.569509285022976e-05
0.0057999718380413465,506,1,4.934685780815174e-10,4.058184932073661e-05
0.005809948238187934,506,1,6.443729373308567e-10,-1.3365693785238886e-05
0.005819966433161139,506,1,3.645800078743115e-10,-3.244162601340195e-05
0.005829963475515406,506,1,2.0845197843980478e-10,-1.920799927501715e-06
0.005839957829216385,506,1,1.5314450819762078e-10,9.55903085658738e-07
0.005849923008973904,506,1,1.6085848538885386e-10,3.5849272180810132e-06
0.0058599676883578,506,1,3.049607392631609e-10,2.0710770348472685e-05
0.005869950859385353,506,1,4.503372150849974e-10,8.632121650628544e-06
0.005879961945706078,506,1,3.0279549507751977e-10,-2.2320326433650228e-05
0.00588998548226972,506,1,2.058789112274066e-10,3.538635369171317e-06
0.005899948289989567,506,1,5.137092369287774e-10,5.0797918624057026e-05
0.005909950491986365,506,1,6.27666951875539e-10,-5.499218051444044e-06
0.005919914076724146,506,1,4.317629662093683e-10,-4.011917693141909e-05
0.005929943778315587,506,1,1.060599744117372e-10,-2.3827633430867357e-05
0.005939981904542898,506,1,-1.6378992320561725e-10,-2.4233732656697704e-05
0.005949924079854558,506,1,-2.1163801381890505e-10,2.3344954060228185e-05
0.005959985841299361,506,1,3.3632743406751854e-11,7.535840232317237e-06
0.0059699449641224854,506,1,5.986819036495015e-11,1.9073726142404546e-06
0.005979984692646613,506,1,1.1205050044579658e-10,2.1301099892345743e-05
0.00598992123451152,506,1,2.085022592926063e-10,1.8028788694751663e-05
0.00599996277322531,506,1,3.6232383516119214e-10,1.4727709506619224e-05
0.006009989736834148,506,1,5.840112141673712e-10,1.8063860372188878e-05
0.006019995101636493,506,1,7.174278295765043e-10,4.126574730034527e-06
0.00602998434103226,506,1,7.423663101898165e-10,-1.1245182816796429e-06
0.006039916868491363,506,1,6.958288300952064e-10,-1.2075008646403318e-05
0.006049959602064085,506,1,5.183949801812904e-10,-3.550365029347802e-05
0.006059964207571949,506,1,2.293868316356805e-10,-1.537157573050507e-05
0.006069980697623138,506,1,1.076183159328146e-10,8.051335452882724e-06
0.0060799429193211935,506,1,4.2652806320529697e-10,3.771966883794886e-05
0.006089984857841491,506,1,6.650967444685505e-10,4.5318027730445465e-07
0.006099920010855152,506,1,6.196776015176495e-10,1.4646507901644457e-05
0.00610995507224741,506,1,7.909711935788163e-10,5.024965047839558e-06
0.006119989798624146,506,1,5.765058377548099e-10,-3.8081350035162886e-05
0.006129956824465247,506,1,3.8260950553885146e-10,-3.850523469794975e-06
0.006139974559611953,506,1,5.051556608250325e-10,2.9497904459496738e-05
0.006149928902030539,506,1,5.935536991446525e-10,-2.0881245686499295e-05
0.006159949720726873,506,1,3.092786173546785e-10,-1.6645220788633064e-05
0.006169920194382267,506,1,4.3899179855610217e-10,2.0722823980023897e-05
0.00617995039611183,506,1,4.155637747157606e-10,-1.345432749824682e-05
0.006189968331930112,506,1,2.9531054524956384e-10,-2.729516175062341e-05
0.006199999582343959,506,1,-1.3370173716723558e-11,-2.6095632292791326e-05
0.006209947124787719,506,1,-2.3118541732080477e-10,-1.4578305522816581e-05
0.006219984412369792,506,1,-1.2320544725669916e-10,2.998143567711775e-05
0.006229980641453494,506,1,1.83620042110979e-10,2.4882279139267632e-05
0.006239915929178187,506,1,4.815553322814343e-10,2.666155334546394e-05
0.006249993171169993,506,1,5.383203863797143e-10,-1.8263284029651494e-05
0.00625991445930508,506,1,2.833032940660336e-10,-3.0070501977591535e-05
0.006269940141280217,506,1,8.447015757946863e-11,-1.2071863296832241e-05
0.006279936463845391,506,1,7.742365777545956e-11,1.0108723777772083e-05
0.006289987798605394,506,1,9.992974016053856e-11,-5.34401765742154e-07
0.006299936830776426,506,1,7.974324524833684e-11,-4.556250828367803e-06
0.006309955716888128,506,1,1.0604988971158258e-10,4.911935841400705e-08
0.006319992844598638,506,1,1.0266017469061438e-10,-1.442885748895173e-05
0.006329950354656333,506,1,-3.3458094154731325e-11,1.0216634035588312e-05
0.006339957149845124,506,1,3.0629847927114544e-10,2.5861408422062082e-05
0.006349917350689544,506,1,4.6473199047575487e-10,1.468722139864008e-05
0.006359982470923128,506,1,4.5192952487348517e-10,-8.260850388908114e-06
0.006369979550279927,506,1,4.5835328228050583e-10,1.369536842374397e-05
0.0063799427695577565,506,1,5.039937871865922e-10,-5.431320029947173e-06
0.006389964103290544,506,1,2.6398202596857016e-10,-4.5372796091625034e-05
0.0063999688223133466,506,1,7.075293648471014e-11,5.341848806517113e-06
0.006409933629444125,506,1,1.9838419624321655e-10,-1.3928683670900999e-05
0.006419997156433056,506,1,6.077974846195835e-11,-1.3924587123473331e-05
0.006429923597443223,506,1,8.45857520183967e-12,1.1107468309290436e-05
0.006439980430426857,506,1,1.9684108187917172e-10,9.340948363127655e-06
0.006449920631947405,506,1,3.3775438751447023e-10,1.2471495281581382e-05
0.006459925437463352,506,1,3.6016945804689886e-10,6.28562859283921e-06
0.0064699528531214304,506,1,4.4811239739319774e-10,9.368152362271287e-06
0.006479970872838756,506,1,3.5523575634786384e-10,-1.122940849990206e-05
0.006489933050048966,506,1,3.2074254317987254e-10,8.691677751693216e-06
0.006499971049803978,506,1,4.1039881232921614e-10,-1.0452662537685509e-05
0.006509924435970957,506,1,2.728125424948224e-10,2.3233902179398136e-06
0.006519919271301669,506,1,2.0164181162351456e-10,-1.9385381872266683e-05
0.006529938861540502,506,1,3.745531852507062e-11,-1.3197174514650509e-06
0.006539944941295382,506,1,-4.590316016055455e-12,1.1261494721803711e-05
0.006549932124492426,506,1,-3.686416337285473e-11,-1.0502357187081035e-05
0.0065599346390226455,506,1,-1.7528564125692176e-11,3.0617419697662185e-05
0.006569941910771063,506,1,2.373464770429888e-10,5.131119804914486e-06
0.006579954726835413,506,1,2.336650118288711e-10,-2.691717616853939e-06
0.006589954448355206,506,1,1.6820283140907725e-10,4.9160763626598936e-08
0.006599924073090174,506,1,6.309434895850493e-11,-9.60441125963385e-06
0.006609938559825719,506,1,-4.719203054388435e-11,-1.0449981628746219e-05
0.006619969101457463,506,1,-1.2053913284216253e-10,-1.5817873804804122e-05
0.006629929881483166,506,1,-2.3295713313814977e-10,1.596686627733379e-06
0.006639916828671859,506,1,-1.0758793023770908e-10,1.5146766936091627e-05
0.006649911804091403,506,1,-1.7386525215363387e-10,-1.0085807517046241e-05
0.006659988970872415,506,1,-2.755643088414494e-10,8.0951190428169e-06
0.006669975679227844,506,1,-1.684588772823457e-10,1.082173085295568e-05
0.006679979842963847,506,1,3.1129502635015606e-11,1.4090778837683171e-05
0.006689969714266142,506,1,3.27411739048352e-11,-6.005360288607875e-06
0.006699995039321218,506,1,-1.1499738341569761e-11,1.0761933971759063e-05
0.006709925788049587,506,1,2.9674764080538695e-10,4.0951966819746666e-05
0.00671993306940999,506,1,4.924751460388079e-10,-6.5455042785045325e-06
0.006729953260986388,506,1,4.047238434274559e-10,-2.5865635067567894e-05
0.006739970069871312,506,1,2.649014155910718e-10,8.63226752778612e-06
0.006749972881198917,506,1,2.4942986287761063e-10,-2.561859871014205e-05
0.0067599827951529004,506,1,-1.2149365228243707e-11,-1.9996074469674774e-05
0.00676999230626954,506,1,-1.5002168704989855e-10,5.5866723079472935e-06
0.006779931045841631,506,1,-1.2067506241313685e-10,-5.251621471025203e-06
0.006789969339644652,506,1,-1.6269564897303803e-10,5.222268158883159e-07
0.0067999960668701075,506,1,-1.9715214516170784e-11,2.276764668829312e-05
0.006809995009576674,506,1,1.325225876589966e-10,7.402275561743665e-06
0.006819984127792944,506,1,1.1287842938019477e-10,-1.988238230099526e-05
0.006829942142773709,506,1,-2.217285388995726e-11,5.020191441773569e-06
0.00683992479492637,506,1,-8.708738809913162e-12,-6.2015048188091004e-06
0.006849967984618561,506,1,-2.3995104460241418e-11,-3.4103123407597247e-06
0.006859982919947598,506,1,-5.0217618320866375e-11,4.368471606411295e-06
0.00686999445024317,506,1,-9.19494708437236e-11,-3.3293938452527705e-05
0.006879948473019759,506,1,-4.077940113963319e-10,-1.6233477798457963e-05
0.006889917705454959,506,1,-4.5822179227522935e-10,1.4763278956053671e-05
0.006899918176873109,506,1,-2.6888450551605577e-10,1.009199164311858e-05
0.00690998910762306,506,1,-2.2566074547616087e-10,-7.130012522421625e-06
0.006919977001462202,506,1,-2.1644992020671499e-10,-3.6583558558449247e-06
0.006929928977989079,506,1,-4.2551086792716155e-10,-2.733206683976086e-05
0.006939939121703786,506,1,-4.3036904528362516e-10,1.6459281445765916e-05
0.006949978615812636,506,1,-3.614138852626428e-10,1.1565789330703069e-05
0.006959982938863077,506,1,-2.5740082789621845e-10,-4.330480474407095e-06
0.00696993198649158,506,1,-3.192846892941198e-10,7.887884807461498e-06
0.006979968268856902,506,1,-2.1644387869254969e-10,8.821919452374483e-06
0.006989957631337206,506,1,-3.208980276840218e-10,-9.040730219178617e-06
0.006999921255710294,506,1,-2.2727393852584995e-10,2.7215160825377893e-05
0.007009938406314257,506,1,-4.32051396745931e-11,1.823735742542752e-05
0.007019931339764348,506,1,-9.974164838913071e-11,2.3572946241667836e-06
0.0070299490324546,506,1,7.645465736955092e-11,1.3674735183211162e-05
0.0070399894856379664,506,1,1.1830325203863925e-10,-2.2150238998541738e-07
0.00704998561284428,506,1,1.334158808365385e-11,-1.66700294443739e-05
0.0070599314214313084,506,1,-1.3070797558084998e-10,-1.1120336283504395e-05
0.0070699888064780165,506,1,-3.4729355705307113e-10,-2.2563121084506754e-05
0.00707996850933647,506,1,-4.716078605501733e-10,-1.2399233476761973e-07
0.007089923577128194,506,1,-4.305296690545145e-10,5.454431041005195e-07
0.007099950974420575,506,1,-2.9744002243012124e-10,1.956158349203374e-05
0.007109953696705379,506,1,-2.704485047280593e-10,-1.1973616125426911e-05
0.007119960735343054,506,1,-2.256699294262328e-10,1.2505019326015943e-05
0.007129922177433195,506,1,-2.1755610400522985e-10,-8.51067025596508e-06
0.0071399526986644975,506,1,-3.251550129262565e-10,-1.1146994072230854e-05
0.00714999608633104,506,1,-3.400089074807034e-10,1.6812149327534442e-05
0.00715998588242417,506,1,-1.7195959714556863e-10,1.650067472475092e-05
0.007169987769420124,506,1,3.204662546309569e-11,1.1518828928347696e-05
0.00717992051263835,506,1,1.4198178411103804e-10,-8.03608315391724e-07
0.007189943330576465,506,1,-3.7812900922397363e-11,-2.7009609855965788e-05
0.007199929617999025,506,1,-3.1136810538822985e-10,-1.9427940622679385e-05
0.0072099733293646,506,1,-3.6375452922750577e-10,4.9065094214206795e-06
0.007219973862114793,506,1,-3.0471664404952564e-10,2.5006868366039825e-06
0.007229986255511472,506,1,-3.4186465485308326e-10,-1.4267900936018596e-05
0.007239939879449357,506,1,-4.3100682639081483e-10,3.3408242205434924e-06
0.0072499888321659834,506,1,-3.530433983253436e-10,-6.177026989920287e-06
0.007259951275355309,506,1,-5.258199709885886e-10,-1.0273165064633716e-05
0.0072699808830086286,506,1,-5.47571660896734e-10,-1.7080948456066336e-06
0.00727998241644575,506,1,-5.119134848490179e-10,1.055452275164348e-05
0.007289918961943171,506,1,-3.6093864329229996e-10,1.89472355299862e-05
0.007299991426820916,506,1,-1.9440624510661084e-10,1.995248020372764e-05
0.007309943975890922,506,1,-5.862751793710001e-11,3.938449848028824e-06
0.0073199831732110145,506,1,-2.1959770568459407e-11,-2.4383551027740147e-06
0.0073299798848572035,506,1,-8.637069692230806e-11,8.230755460985131e-06
0.00733999729061161,506,1,1.6849706436093312e-11,6.233529653731917e-06
0.007349933007510087,506,1,1.46558079123802e-10,9.750579308159812e-06
0.007359991781789826,506,1,1.7127090729233561e-10,-5.3578465765702354e-06
0.007369976607936769,506,1,3.240694715819759e-11,-1.2666485539589156e-05
0.007379921737340566,506,1,1.9656409690506078e-11,7.590853329464409e-06
0.007389938203483179,506,1,1.5477124124848977e-10,1.1980963007390821e-05
0.007399918947176416,506,1,1.9889259960384286e-10,9.660323005444317e-07
0.007409966894378495,506,1,3.0812364912343577e-10,1.1950055606613219e-05
0.007419930336260066,506,1,1.9518145616038645e-10,-2.1211832667081265e-05
0.007429943469089849,506,1,-1.0340119639238064e-10,-1.8972038986153628e-05
0.007439957360402822,506,1,-1.055482273860105e-10,8.342167325675609e-06
0.007449991610439264,506,1,-7.232054513030603e-11,-1.0688396382102505e-05
0.007459945264136783,506,1,-3.665100252567112e-10,-2.915391887749197e-05
0.007469965289607259,506,1,-4.767598984090003e-10,-1.1237883072029442e-07
0.007479968236930811,506,1,-3.275763760638865e-10,3.681350731135624e-05
0.0074899472824245875,506,1,-1.5322146539340775e-11,1.9025289772905962e-05
0.007499927262415824,506,1,1.2909648106250722e-10,7.163972117696371e-06
0.007509990595784646,506,1,1.2796059730984675e-10,-6.148066452105194e-06
0.007519955298102691,506,1,1.6412595776620385e-10,1.193730853632502e-05
0.0075299385531997064,506,1,2.616774909996139e-10,-1.0190771123991249e-05
0.007539939831432424,506,1,-7.36805712860648e-11,-2.974814612022314e-05
0.007549928577512889,506,1,-3.211500538413133e-10,-2.314155722205058e-05
0.007559913530641911,506,1,-4.504650262406837e-10,-7.664939004420335e-06
0.007569945819074044,506,1,-3.485186827126291e-10,2.69855643850736e-05
0.007579936681663815,506,1,-5.2936121740405906e-11,2.8060387157004263e-05
0.0075899551437865805,506,1,2.040709417081579e-10,2.7806205493863256e-05
0.007599919124325865,506,1,2.0350058097545736e-10,-3.0872839191620205e-05
0.00760994299832809,506,1,-1.0471424258087383e-10,-3.754611351107495e-05
0.007619971311463703,506,1,-3.3988706231915417e-10,4.961348353205164e-06
0.00762994367523308,506,1,-1.0285994333773698e-10,2.757024732452651e-05
0.007639939471901827,506,1,2.6241804639587254e-11,-2.8800520776653404e-06
0.007649947591854573,506,1,-2.6591298300612283e-10,-4.4550966068854225e-05
0.007659938454179666,506,1,-5.000707437998277e-10,8.118102753754824e-06
0.00766992407906114,506,1,-3.0680756298599916e-10,3.0081032791215434e-05
0.007679965514677916,506,1,-2.2894193452749941e-10,-8.552099309992733e-06
0.007689918763680668,506,1,-2.647849825497154e-10,-1.260121020395244e-05
0.007699942696630244,506,1,-3.1066863159347414e-10,5.0767765361059425e-06
0.0077099324046619,506,1,-3.002672904942226e-10,5.207606543794485e-06
0.007719967090889942,506,1,-1.5381640677739214e-10,8.035424789831769e-06
0.007729968695914817,506,1,4.248347888225259e-11,3.3635475619436805e-05
0.0077399551151876925,506,1,2.3625491090026165e-10,5.757625509361652e-06
0.0077499883530554245,506,1,3.032319780145127e-10,-8.557492428937219e-06
0.007759962495695265,506,1,1.6491517203716726e-10,-1.7966049702111686e-05
0.0077699520338017315,506,1,-7.797292710354097e-11,-1.7516464701064494e-05
0.0077799408352057205,506,1,-1.2326741200298929e-10,-3.993001669186369e-06
0.007789977068226982,506,1,-1.183478452052251e-10,2.057621595114023e-05
0.00779996152378533,506,1,-1.053361171686791e-10,-1.013695676503612e-05
0.007809987647364741,506,1,-2.417216170330653e-10,3.483143818650003e-07
0.007819948049467583,506,1,-2.0311655240936056e-10,-1.0079473682811368e-05
0.007829991531495573,506,1,-3.2494466638091673e-10,-5.024676694775909e-06
0.007839987594380234,506,1,-1.829774071675648e-10,1.4810094608186386e-05
0.007849973100140057,506,1,-7.44096272649345e-11,6.799510649718732e-06
0.00785995978623916,506,1,-1.0148570685258888e-10,-1.1522249754536418e-05
0.007869951411755392,506,1,-1.777004548909052e-10,1.2153414407092833e-05
0.007879977965168683,506,1,-1.562359714798984e-10,-1.4261765600209753e-05
0.007889911186727496,506,1,-1.6400571016167974e-10,1.1316463191468618e-05
0.007899993245311035,506,1,-6.919894568018016e-11,1.2980849480731527e-06
0.00790993341943276,506,1,-8.719543923553769e-11,-7.2736026009642685e-06
0.007919981077959683,506,1,-1.4626830559696668e-10,-1.4876229290361476e-06
0.007929947111314254,506,1,-1.972914037459125e-10,-1.499802368859493e-05
0.00793997206952037,506,1,-2.7658390670736387e-10,1.1733570695060536e-06
0.007949995462996032,506,1,-1.488290829958867e-10,1.7813755130630105e-05
0.00795992987484983,506,1,-3.9927718324271524e-11,7.270034490552968e-06
0.007969920709021281,506,1,1.5196853028397411e-10,9.556805445343208e-06
0.007979997262565321,506,1,1.5219426504595561e-10,-2.3115665881423553e-06
0.007989950705612271,506,1,1.6439510888749243e-10,-2.289111467934646e-06
0.00799995957119621,506,1,1.460432787361534e-10,-7.342145919353449e-06
0.008000049102938512,506,1,1.4538964548909455e-10,-7.3005906575940305e-06
0.0,507,2,0.0,0.0
9.989999999999974e-06,507,2,0.0,-1.343696090223994e-41
1.9979999999999985e-05,507,2,0.0,8.175724726654395e-28
2.996999999999993e-05,507,2,-3.6140555828443935e-20,-6.691445237349168e-19
3.995999999982653e-05,507,2,-4.211140814226644e-20,-7.150226411373602e-14
4.99499995869668e-05,507,2,-1.447480450502593e-16,-8.095683216684246e-11
5.9939949594887284e-05,507,2,-9.690114091313136e-15,-2.76814992282437e-09
6.992943033724811e-05,507,2,-7.688934389508772e-14,-1.1141000906544907e-08
7.99102264454703e-05,507,2,-2.28147712891037e-13,-1.9497859399947304e-08
8.999867411661217e-05,507,2,-4.651742444108478e-13,-2.4668854356826864e-08
9.996765282363734e-05,507,2,-7.208212902043762e-13,-2.7530828922150974e-08
0.00010993878595740294,507,2,-9.656492304318002e-13,-2.3789123657080857e-08
0.00011999041312778416,507,2,-1.3224405148676781e-12,-3.4032878189205196e-08
0.0001299449383418888,507,2,-1.6261254136789479e-12,-4.113997473242925e-08
0.00013994093718666133,507,2,-1.6909589833755443e-12,4.5917176949572536e-08
0.00014994107731792187,507,2,-1.1245312351897336e-12,2.4405924538284385e-08
0.00015991628940019868,507,2,-1.1561003979264231e-12,2.2053668335964005e-09
0.00016999114436967613,507,2,-9.914766532805844e-13,2.5796180802561963e-08
0.00017994288874474196,507,2,-7.151238984204903e-13,9.212312301887238e-09
0.00018994368999829023,507,2,-1.1637400167766054e-12,-1.086389223026174e-08
0.00019991672636384466,507,2,-1.0669260427535266e-12,-2.113509328660612e-08
0.00020999902786400542,507,2,-1.3811258968695413e-12,-2.1453338716614923e-08
0.00021997742469151297,507,2,-1.6752575694194334e-12,-2.8701222787308467e-08
0.0002299412673028418,507,2,-1.6229875296215049e-12,4.514701723579151e-08
0.00023994038197849295,507,2,-1.1463165078646074e-12,2.6994588800399733e-08
0.000249979408802032,507,2,-9.031000499369171e-13,1.600603155571534e-08
0.00025997760205296314,507,2,-6.610291230728626e-13,5.59512902398307e-08
0.00026994047687294405,507,2,-3.908311366123481e-14,5.1500885361877025e-09
0.000279940377661343,507,2,-2.0293430046700877e-13,-2.1668141891861836e-08
0.0002899171921228336,507,2,-1.2144261782315183e-13,8.287007280394221e-08
0.00029994883246123273,507,2,7.720217694295872e-13,4.821950277955622e-08
0.00030993468393218085,507,2,1.1819106281239604e-12,4.257288521714031e-08
0.0003199401888848346,507,2,2.0644999110860235e-12,1.2028763368698847e-07
0.0003299837147017973,507,2,2.7315056005906488e-12,-1.1928867560406786e-08
0.0003399824946225943,507,2,2.7336951113025995e-12,5.030109412329509e-09
0.00034998130253528954,507,2,2.9494502594250424e-12,2.3530628889822935e-08
0.0003599392373724834,507,2,2.761756355697904e-12,-8.469044243675228e-09
0.00036994979185261896,507,2,2.887257194027558e-12,-1.4782214202702093e-08
0.00037996773626411065,507,2,2.5842399097505343e-12,8.32540267281523e-09
0.00038993845631998217,507,2,2.6234877521558896e-12,1.2089216929606073e-08
0.0003999172946923639,507,2,2.4163198030886454e-12,4.864550406935564e-08
0.00040999872028145597,507,2,2.5753389196108496e-12,-4.5340528664894464e-08
0.0004199548776521353,507,2,2.23505926155612e-12,-4.9957734615802e-09
0.00042993066865616497,507,2,2.350008286789362e-12,-8.213283997360321e-09
0.00043997339272910024,507,2,2.1551440052182272e-12,-6.693471926028094e-09
0.00044994914081072777,507,2,2.2652630673211747e-12,4.431598787241198e-08
0.00045995451118858755,507,2,2.2324530546798333e-12,-1.4862617025990232e-08
0.00046999149644892223,507,2,2.5548484506159063e-12,6.593937351695445e-08
0.0004799391218430586,507,2,2.8966106501094246e-12,-1.0806770478488659e-09
0.000489988494036519,507,2,3.3058495956699626e-12,4.055320823592723e-08
0.000499943020442317,507,2,3.6379396182653753e-12,4.211740937953845e-08
0.0005099624776485783,507,2,3.8962300081418506e-12,3.4852194991108476e-08
0.0005199413734900338,507,2,3.6419225365899545e-12,-5.572778477569429e-08
0.000529989712798049,507,2,3.401998251147478e-12,6.242150657476131e-09
0.0005399383777245362,507,2,3.28522078247781e-12,-3.8555439618725984e-08
0.0005499579831984126,507,2,3.4608715260211077e-12,1.605271027216304e-09
0.0005599762955612779,507,2,3.466893588074775e-12,-1.8145176583495015e-08
0.0005699231784678594,507,2,3.444407858433675e-12,2.5122468161331568e-08
0.0005799938953701229,507,2,3.426740614626434e-12,4.8156027387946665e-08
0.0005899310793806982,507,2,4.20858423252294e-12,8.969540588044111e-08
0.0005999659284024729,507,2,4.3706382710597715e-12,8.466597978262769e-10
0.000609943251318685,507,2,4.391656370430087e-12,-7.30440865570614e-08
0.0006199233236204224,507,2,4.345970191523257e-12,3.670656534282557e-08
0.0006299331046201206,507,2,4.260901744282397e-12,3.6324589891556514e-08
0.0006399776651607039,507,2,3.985490201210105e-12,-8.804860168742934e-08
0.0006499948876300045,507,2,3.35251151926258e-12,-3.787704982993745e-09
0.0006599160003705074,507,2,2.890619330269545e-12,-9.146228030498804e-08
0.0006699576057563944,507,2,2.3480370412213257e-12,-1.5839156652930342e-08
0.0006799211757989686,507,2,2.146599616266974e-12,1.396806414977192e-08
0.0006899905273309824,507,2,2.7711442014233083e-12,7.506257038158992e-08
0.0006999813053312869,507,2,2.829260866657902e-12,1.483835715410109e-08
0.0007099627426447686,507,2,3.001941604368133e-12,4.148180815510827e-08
0.0007199888342083505,507,2,3.461398377126168e-12,1.830401052949071e-08
0.000729950800000866,507,2,3.063659852000386e-12,-7.369533849832521e-08
0.0007399099293326919,507,2,2.774313891885558e-12,-1.4675085091564455e-08
0.0007499787321743916,507,2,1.8164696126649147e-12,-2.141190533280768e-07
0.0007599121948682989,507,2,3.1061570450344276e-13,-1.0242760258016848e-07
0.000769998599325241,507,2,-7.211277371955722e-13,-5.6435506823326875e-09
0.0007799133407966841,507,2,-8.473007621315632e-13,-4.980657077741091e-08
0.0007899164980803509,507,2,-1.4249397221519598e-12,-4.8983441774952396e-08
0.0007999620760097976,507,2,-1.8625869618350832e-12,-2.914500762951633e-08
0.0008099510866692575,507,2,-1.8646159411688044e-12,-1.9221236338684555e-09
0.0008199263709300147,507,2,-1.8740138733625445e-12,-2.212342746499285e-08
0.0008299938563031341,507,2,-2.2323555933748563e-12,2.1360523835833867e-09
0.0008399425258272241,507,2,-1.6707010361478088e-12,4.31245300580585e-08
0.0008499783200037693,507,2,-2.0883447305019816e-12,-4.469951590813093e-08
0.0008599246122307817,507,2,-2.2639055750504553e-12,-3.559434342409462e-08
0.0008699613161949773,507,2,-2.838665844471697e-12,-2.6048248502608118e-08
0.0008799430792557039,507,2,-2.9105619595300278e-12,-1.70156974621527e-08
0.000889914613174657,507,2,-3.090568383657332e-12,4.0434138814937626e-08
0.000899940938460233,507,2,-2.1803956065991384e-12,1.1258340875536232e-07
0.0009099566132113925,507,2,-1.6413035191394212e-12,1.9629728509329425e-08
0.0009199996984748391,507,2,-1.6045288887438425e-12,-3.3065089555250893e-10
0.0009299583251180663,507,2,-1.9605978605399934e-12,-7.034957777429796e-08
0.0009399714833654413,507,2,-2.0161809926575787e-12,5.586728669959573e-08
0.0009499416496498944,507,2,-1.7416012376070868e-12,-6.109462208359062e-08
0.0009599399966234764,507,2,-2.330839953215854e-12,3.936750481159379e-09
0.0009699435846053626,507,2,-2.9114348871215126e-12,-1.2502319352014624e-07
0.0009799404226288715,507,2,-4.05070660343496e-12,-9.823476754267091e-08
0.0009899704638186059,507,2,-4.773497867599161e-12,-1.0255844978823703e-08
0.0009999965726488068,507,2,-4.848210224058544e-12,-4.6606573489427205e-08
0.0010099574320871526,507,2,-5.251346664846414e-12,1.0150190909996581e-08
0.0010199842522080644,507,2,-5.615102347559999e-12,-1.0097876851355991e-07
0.0010299282517230385,507,2,-5.612188191691343e-12,6.839346014531067e-08
0.001039952928274145,507,2,-5.305779486808126e-12,3.8187682904755604e-08
0.0010499456281726552,507,2,-4.7263629320096765e-12,5.527338897692857e-08
0.0010599673841890206,507,2,-4.546897292679415e-12,-7.141249258602045e-09
0.0010699381905818913,507,2,-4.00025809867274e-12,9.464486472321454e-08
0.0010799265402712044,507,2,-3.278721803605389e-12,-5.536533023708934e-09
0.0010899215470765433,507,2,-3.1113022407934054e-12,6.456100848373225e-09
0.0010999966318489694,507,2,-2.981876086297113e-12,1.4773799739131732e-08
0.001109995511524942,507,2,-2.5117967582626146e-12,9.869534467465968e-08
0.0011199200024236623,507,2,-1.3121703227561739e-12,4.7581745071800796e-08
0.0011299760781678528,507,2,-8.12828611655627e-13,3.110840260389658e-08
0.0011399879746241996,507,2,-8.71287522670141e-13,3.1011410300818554e-08
0.0011499254065114345,507,2,-6.073279376778027e-13,-3.916162227834974e-09
0.00115996149636992,507,2,-8.384158794880409e-13,2.2479773931216585e-08
0.001169926916304428,507,2,-4.846267332918417e-13,2.707700272330804e-08
0.001179977029286354,507,2,1.6931740535184366e-13,9.316431359707167e-08
0.0011899368801656781,507,2,7.407134496419717e-13,6.068639413214783e-08
0.0011999190343896702,507,2,1.7357980389143528e-12,8.978746279808547e-08
0.0012099127896993515,507,2,2.853041062542182e-12,7.820188963059138e-08
0.001219999754372062,507,2,3.340603604829427e-12,6.948217157187742e-08
0.0012299240607925048,507,2,3.885045503891366e-12,8.797007522431954e-08
0.0012399300916896981,507,2,4.645729039366806e-12,2.9097553894130712e-08
0.001249908852816136,507,2,4.765771022990136e-12,-7.38130619543087e-08
0.001259969570289194,507,2,4.393327417357221e-12,6.899326276954554e-09
0.001269997367040202,507,2,4.297920370565245e-12,-1.5117998614089245e-07
0.0012799150102057472,507,2,3.780975851147821e-12,4.9641687982493465e-09
0.001289907700240844,507,2,3.447859565127581e-12,-7.415982891667561e-08
0.0012999968930746224,507,2,3.3002124931501634e-12,2.9173029103546355e-08
0.00130996081967101,507,2,3.41587632271133e-12,-3.6064644770572585e-08
0.0013199129566355417,507,2,3.3620371060977348e-12,5.510559170085472e-08
0.0013299895470651804,507,2,4.0858323465558545e-12,1.934197563224771e-08
0.0013399971095359408,507,2,3.4511485296872656e-12,-1.2213166367125439e-08
0.0013499303694762272,507,2,3.56020576992226e-12,2.035240659337134e-08
0.0013599919905867561,507,2,3.3224309906726684e-12,-5.842185413044987e-08
0.0013699851505381473,507,2,3.789791173751649e-12,6.96588479814908e-08
0.0013799748265174655,507,2,3.9333495533181665e-12,-5.142950185166306e-08
0.0013899123059433515,507,2,3.5080406749653974e-12,4.1783507878472015e-08
0.0013999942451156462,507,2,4.160548367279767e-12,-2.960631206860853e-08
0.0014099338649546564,507,2,4.330732268701927e-12,5.945956343955672e-08
0.0014199880585482523,507,2,4.367045374137953e-12,1.535027871479855e-08
0.0014299410224153921,507,2,4.602508597086356e-12,-1.2846855051984463e-08
0.0014399647378862453,507,2,4.199594092483194e-12,2.695601480917631e-08
0.0014499809452065196,507,2,4.595915194369107e-12,-3.509901179421515e-08
0.001459944908936736,507,2,4.268254877955093e-12,1.473710098398584e-08
0.0014699512338979617,507,2,4.269734248102527e-12,1.2610574640081751e-08
0.0014799235030007497,507,2,4.2642600503472756e-12,-5.02703175753183e-08
0.0014899366173026151,507,2,3.8268041452425416e-12,-4.336365377888285e-08
0.001499990420126971,507,2,4.527275676200447e-12,8.501533810267858e-08
0.0015099575319327033,507,2,4.847564544395379e-12,-2.4392583286569902e-08
0.0015199765164080198,507,2,5.451635123383254e-12,1.2242374447524185e-07
0.0015299491666946959,507,2,6.65306847445437e-12,5.137058578519316e-08
0.0015399987513572432,507,2,5.340462069490797e-12,-1.8048609085052902e-07
0.001549974901527717,507,2,4.584342928599765e-12,-7.966637072601146e-08
0.001559979856524952,507,2,4.520882396875448e-12,-6.350843034796938e-08
0.0015699594351443944,507,2,3.923568257400631e-12,-5.577638209630642e-08
0.001579918773549063,507,2,3.999982313215443e-12,9.075038273631542e-08
0.0015899439769683828,507,2,4.170369534732196e-12,2.836097479086419e-08
0.0015999543075729818,507,2,4.082819069303524e-12,-2.5793360336479054e-08
0.0016099164701122103,507,2,4.610656097738745e-12,-1.2379802849515897e-08
0.0016199934375123123,507,2,4.90537555609689e-12,1.4880416843165989e-08
0.0016299767194849271,507,2,4.523244880185557e-12,-3.1227538666023236e-08
0.0016399320316245294,507,2,4.389949805717408e-12,-3.293541939175526e-08
0.0016499685899983411,507,2,4.1898418430194855e-12,-2.781221697389924e-09
0.0016599434567047308,507,2,3.675356866723531e-12,-5.658621721194024e-08
0.0016699831303536646,507,2,3.808457899495991e-12,-1.3276657440108863e-08
0.0016799338482886494,507,2,3.822360556191137e-12,4.6517859009220786e-09
0.0016899761201780224,507,2,3.23224522776229e-12,-3.867432018730965e-08
0.00169992928424783,507,2,3.101161542867119e-12,-7.07813978956251e-09
0.0017099755055905552,507,2,2.605442320631436e-12,1.5251147345018978e-08
0.0017199843801098905,507,2,3.2874789452101358e-12,5.121298163324184e-09
0.0017299320636266187,507,2,2.922155769582383e-12,-4.755704814674022e-08
0.0017399753388256676,507,2,3.1690496581082694e-12,2.240576407741557e-08
0.0017499882378221576,507,2,2.944590006396554e-12,-2.357173933820178e-08
0.0017599367238823038,507,2,3.063489786419302e-12,4.832213185146372e-09
0.0017699212396846728,507,2,2.7087793305331873e-12,-8.390598722762821e-08
0.0017799940536531063,507,2,2.587006794224113e-12,3.6375114031983458e-09
0.0017899421800572132,507,2,2.4220045965279904e-12,1.0711015074882368e-08
0.0017999695895979386,507,2,2.5408534512358838e-12,2.398342946463572e-08
0.0018099469624085097,507,2,1.905315433827241e-12,-7.630666631897043e-08
0.0018199691083681014,507,2,2.3217709086689395e-12,-2.4046563074087146e-09
0.0018299171679675677,507,2,1.721685651567511e-12,-1.0897538732512757e-07
0.0018399400320049208,507,2,9.169676463501893e-13,-1.0839315786603798e-07
0.0018499899711646014,507,2,-1.3847953613346266e-14,-2.1185001419787852e-08
0.0018599223412782957,507,2,-6.764463392639614e-13,-1.1598596794115679e-07
0.00186996112418816,507,2,-6.06364528968101e-13,8.474602543329102e-08
0.0018799348770303093,507,2,2.9526182117756844e-13,1.1450897316467312e-07
0.0018899777973552358,507,2,4.705247032521205e-13,-3.6098312604718186e-08
0.0018999384412200213,507,2,4.886590315196634e-13,5.7196758579403095e-08
0.0019099731120282661,507,2,9.49033574640444e-13,4.927774244212202e-08
0.0019199545157963268,507,2,7.184711928452962e-13,-9.384166166533092e-08
0.001929936960045592,507,2,3.6915155448517117e-13,-3.097481310332384e-08
0.0019399585878920463,507,2,-5.611615298416368e-15,-5.996673668740016e-08
0.0019499597434269062,507,2,-3.2343957495476784e-13,-2.001012804585256e-08
0.001959911501671131,507,2,-8.974127423979055e-13,-1.1853912060266758e-07
0.001969983977620256,507,2,-1.1055187916774204e-12,8.033590842559946e-08
0.0019799540554424335,507,2,-6.357680292054697e-13,-1.451321512968562e-08
0.0019899863872632397,507,2,-4.544901374735691e-13,-2.6383794857198772e-08
0.0019999703538813034,507,2,-4.410392813762251e-13,2.4732935394178313e-08
0.0020099469732676833,507,2,3.30432973734765e-13,1.0754971904725075e-07
0.0020199909790062837,507,2,1.1798164153948394e-12,5.358685695178167e-08
0.002029966872477179,507,2,5.87815307022334e-13,-1.426726639608411e-07
0.0020399606461028257,507,2,1.0730022623997755e-13,5.4630911322517406e-08
0.0020499637944735856,507,2,1.7755957464158246e-13,-2.6036533096185366e-08
0.002059965218332684,507,2,-1.1457326955937892e-13,-5.3874986361002186e-08
0.0020699561710697525,507,2,-5.445989838631063e-13,9.886370515646559e-10
0.0020799201752331837,507,2,-6.661935644791932e-14,4.578314239875314e-08
0.0020899953148975584,507,2,-2.308189616273982e-13,-1.0787043244753214e-08
0.002099958728119006,507,2,2.2209648738711653e-13,6.195285855159494e-08
0.002109925032315064,507,2,4.580968783018773e-13,-4.786184493177359e-08
0.0021199536060964004,507,2,3.1310116005683463e-13,3.618395075233316e-08
0.002129985021832349,507,2,1.0651004089253869e-12,1.1923945497649413e-08
0.002139970783585738,507,2,1.229647778727954e-12,7.373389937503916e-08
0.00214996623596746,507,2,8.44543822354181e-13,-1.3645046870180977e-07
0.002159951286584308,507,2,3.6661602064987173e-13,2.5810770978851316e-08
0.002169946304954317,507,2,5.785819126726639e-13,-4.823728222413948e-09
0.002179943703760136,507,2,6.664483799418146e-13,2.5031732076019608e-08
0.002189966126711361,507,2,1.146847451938748e-12,5.6794369027168834e-08
0.002199914040111689,507,2,1.6434356342635912e-12,1.2257136548093905e-07
0.0022099518420849945,507,2,2.957697348282139e-12,1.161477311550918e-07
0.0022199795458454877,507,2,3.792807859146922e-12,4.6222303984322366e-08
0.0022299464288808683,507,2,4.488436848958783e-12,-7.363765236467756e-09
0.0022399737534004424,507,2,4.3608956498195745e-12,6.261541116159286e-08
0.0022499780068809625,507,2,5.2163550997911775e-12,6.819014504444443e-08
0.0022599422814206815,507,2,5.547881647694473e-12,7.104671795321593e-08
0.0022699932041969294,507,2,5.452719823716991e-12,-1.010809123624945e-07
0.002279952059043025,507,2,5.424954764720485e-12,5.945101178017609e-08
0.002289964359032452,507,2,4.920525399350166e-12,-8.071723811564624e-08
0.0022999640222200143,507,2,4.909792156984529e-12,6.974971156203935e-09
0.002309991084289151,507,2,4.812540180953876e-12,-2.7819040959720098e-08
0.002319917579662434,507,2,4.110640623597667e-12,-5.925416703828068e-08
0.0023299731467054303,507,2,3.6279762661683545e-12,-4.554611870988268e-08
0.0023399462295683525,507,2,3.3445469226696563e-12,-1.5127014585392118e-08
0.0023499603114730673,507,2,3.3813564334584864e-12,1.1695176493908832e-09
0.0023599678377285343,507,2,3.9433628786650094e-12,1.2201231025521508e-08
0.002369916117142363,507,2,3.662851570445866e-12,-7.53403779363282e-08
0.0023799909620431724,507,2,3.080499275261682e-12,-9.017827540258594e-08
0.0023899964261327646,507,2,2.693572580218383e-12,6.27041953915608e-08
0.002399919542293609,507,2,3.0680682553031616e-12,-3.467554789138294e-08
0.002409967486389045,507,2,3.004528885140246e-12,3.150906136006881e-08
0.0024199444124620006,507,2,3.038835760006415e-12,-4.4974675983411316e-08
0.0024299537780780815,507,2,2.3083282630737115e-12,-1.0863386885884285e-07
0.002439912383324009,507,2,2.4765701559640755e-12,1.1535711869070653e-07
0.0024499348022887285,507,2,3.3936480754160855e-12,-1.9928724781514973e-09
0.0024599363281703726,507,2,2.390407070893062e-12,-8.917843457439956e-08
0.0024699639710001366,507,2,2.618428589321606e-12,6.295043981918713e-08
0.0024799783935041467,507,2,2.88647110372443e-12,-1.4551162969000941e-08
0.0024899589937178272,507,2,2.7192537314886045e-12,1.7455001888322386e-08
0.002499980759365974,507,2,2.555338090716561e-12,-1.0255225982302996e-07
0.0025099259281406287,507,2,1.541738866394748e-12,-8.720627991953833e-08
0.002519968243326099,507,2,1.3744334844710874e-12,6.3146504691857785e-09
0.0025299626932118757,507,2,1.5892416616169612e-12,2.3167618573571858e-08
0.0025399921288444347,507,2,9.71165224180801e-13,-6.435379509839301e-08
0.0025499517793088357,507,2,-4.3404165283132673e-13,-1.5570828820754556e-07
0.002559945931782428,507,2,-3.3625708757679083e-13,5.945350178837572e-08
0.0025699875608820484,507,2,6.523239352927267e-13,3.152169952835848e-08
0.0025799634407477146,507,2,3.0258819538539483e-13,-5.31036197098933e-08
0.002589997635988605,507,2,2.4508098052074614e-13,5.525785518045723e-08
0.0025999538586885173,507,2,4.598215945070987e-13,-4.3171787034168574e-08
0.0026099321790062882,507,2,-2.5251972762506945e-13,-8.723069019889174e-08
0.0026199814028189197,507,2,-8.616286022611764e-13,-4.6149663590622225e-08
0.00262996368374016,507,2,-1.1361858968301735e-12,-2.8086736214572028e-08
0.002639926869237403,507,2,-1.3460170376563847e-12,1.0561032687261829e-08
0.0026499809017479343,507,2,-1.1025010059863489e-12,7.544956825977778e-09
0.002659931608901232,507,2,-1.141238675047738e-12,-5.3355655948994496e-08
0.0026699302075297296,507,2,-1.9110238344983424e-12,-1.17797137599851e-08
0.002679925834619242,507,2,-2.3207171086265133e-12,-5.0086453762254735e-08
0.0026899210349086685,507,2,-2.5304763665310513e-12,3.1750775675298826e-08
0.002699986691880266,507,2,-2.7358681362122978e-12,-9.284639795881233e-08
0.002709917997818696,507,2,-2.9200344585752136e-12,1.210175193944174e-07
0.0027199801589531977,507,2,-2.590448212855842e-12,4.7737609643050405e-08
0.0027299574274404588,507,2,-1.975358544881807e-12,1.1171375920160376e-07
0.00273998197206768,507,2,-1.165095026817273e-12,5.8873929731362296e-08
0.002749927030553463,507,2,-2.9096287189575337e-13,4.239131690120246e-08
0.0027599892595476377,507,2,1.725283886702721e-14,3.6526379643131435e-08
0.002769931172893359,507,2,-1.5264272661065677e-13,4.089121073691526e-08
0.0027799815756795964,507,2,1.6587955781102032e-13,2.8304894261754754e-08
0.0027899435449372386,507,2,-1.397193976565442e-13,-5.90626034191466e-08
0.0027999291500746316,507,2,4.583824673185053e-15,7.231563855375489e-08
0.002809998311228338,507,2,-8.348325557325925e-14,-7.692483061649824e-08
0.002819983901517645,507,2,1.6006253956399362e-13,1.7679974334550153e-07
0.0028299259032926296,507,2,6.155853550428997e-13,-5.290720817008321e-08
0.002839966537431897,507,2,1.0988333944058357e-12,4.7739742659036466e-08
0.002849980464035849,507,2,9.747991971183635e-13,-5.073035852509733e-09
0.002859972413267654,507,2,1.2621421343771057e-12,4.0021477465401745e-08
0.0028699750694906262,507,2,2.2224219060657142e-12,3.880070509332256e-08
0.0028799306231424926,507,2,2.1619408262858915e-12,5.031381888898068e-08
0.0028899371846635375,507,2,3.1444483383205254e-12,1.088760375189679e-07
0.0028999362412962023,507,2,4.3020882876617685e-12,9.147336038628495e-08
0.0029099914865070857,507,2,4.836393763772706e-12,-2.8982254041132194e-08
0.0029199124163380085,507,2,3.9311132203189575e-12,-8.324499151113329e-08
0.002929978411528775,507,2,2.6406045115800504e-12,-2.3266548591915903e-07
0.0029399364732871085,507,2,1.0669886605111853e-12,-2.435519425025845e-08
0.002949914339342507,507,2,7.861526642345684e-13,-4.848040685567767e-08
0.0029599423294730132,507,2,3.1495310781051375e-13,-1.037840480222485e-09
0.0029699733014386183,507,2,-1.0902484291882772e-13,-4.3385261050410406e-08
0.0029799317744709313,507,2,3.550259959877577e-13,2.0293746905153398e-08
0.002989931702368663,507,2,-6.779948848981317e-14,-4.296216277177578e-08
0.0029999586887304325,507,2,-4.9181040235333e-13,-8.984395372113596e-08
0.0030099220723408715,507,2,-6.02173035556524e-13,8.118956129621324e-08
0.0030199777646953765,507,2,-3.874355001114182e-13,2.0425589553063617e-09
0.003029972238821202,507,2,-4.921030463073757e-13,-3.779646562396266e-08
0.003039965562187682,507,2,-2.0360053788450122e-13,2.699957896146188e-08
0.0030499652233629258,507,2,-7.790524156364069e-13,-8.499731474209682e-08
0.00305993983183672,507,2,-1.7988204242119776e-12,-8.835310016941378e-08
0.003069944723646831,507,2,-2.852527262520773e-12,-1.018364405580563e-07
0.0030799673093918466,507,2,-3.5868193113438966e-12,-4.410455034520311e-08
0.003089951570591246,507,2,-3.861136880871623e-12,3.3276766099599175e-09
0.003099996618402475,507,2,-3.605292617114733e-12,-8.517312188871529e-09
0.0031099435813257727,507,2,-4.366684975171424e-12,6.391100185187959e-08
0.00311994486892057,507,2,-3.0594936272756914e-12,1.542390563047391e-07
0.003129939561414013,507,2,-1.446890370915884e-12,9.20353102062954e-08
0.003139914600232997,507,2,-1.3585027759432976e-12,-2.4241029572547035e-08
0.0031499577257448827,507,2,-1.341224441384558e-12,2.007303770423796e-08
0.003159963763595011,507,2,-1.6079584008451902e-12,9.010844737034063e-09
0.0031699744740670078,507,2,-5.51889044074418e-13,1.1323974780097501e-07
0.0031799145826637574,507,2,-5.666968867638119e-13,-1.059808129588724e-07
0.0031899890966117523,507,2,-9.943696782183055e-13,-1.4285078231424109e-08
0.0031999109287082564,507,2,-8.234219495893659e-13,6.204845945378956e-08
0.003209961215371861,507,2,-8.300189742194977e-13,-3.1749743986675405e-08
0.003219913694989662,507,2,-5.705809631197101e-13,4.2687285706222156e-08
0.0032299520060444955,507,2,8.904190081928613e-14,8.840597154335939e-08
0.0032399747253086747,507,2,3.608128539326315e-13,6.423395364218987e-09
0.003249912405336842,507,2,5.935581226420824e-13,2.4985206709127183e-08
0.0032599562104979477,507,2,4.4146829678774584e-13,-6.291378779402224e-08
0.0032699760401257586,507,2,-5.345316068028003e-13,-1.208981278422172e-07
0.003279933369739025,507,2,-1.5427208596425872e-12,-8.78526376507649e-08
0.0032899357981529846,507,2,-1.9785409950483744e-12,-6.620700118697975e-08
0.0032999780149059513,507,2,-2.3214295467678995e-12,-8.128512629657081e-08
0.0033099648376778332,507,2,-2.601690658395083e-12,-2.786228356366216e-08
0.003319982639241931,507,2,-2.720711196199352e-12,1.145138517344435e-08
0.0033299546666600175,507,2,-2.9841973428196137e-12,-7.593461290311687e-09
0.003339942535206861,507,2,-3.1421865074061426e-12,-2.22047679687698e-08
0.0033499322210104668,507,2,-3.1948437569868427e-12,-1.87065101187045e-08
0.003359951789036946,507,2,-3.0554752131884246e-12,5.6131097473169356e-08
0.00336997548022929,507,2,-2.8240211699740976e-12,-1.2418397171698459e-08
0.0033799476808980154,507,2,-2.788056888799377e-12,6.580833178393419e-08
0.003389955635225697,507,2,-2.7699874991597684e-12,-8.26492669303569e-08
0.003399962869026109,507,2,-3.378312655409993e-12,-3.006600507449164e-08
0.003409959199319165,507,2,-3.636107647783757e-12,1.0795148885911487e-08
0.0034199678444148994,507,2,-4.219830681986923e-12,-9.540487930226327e-08
0.0034299595271051883,507,2,-4.131263477489519e-12,5.339426120687385e-08
0.0034399164707625703,507,2,-3.709690099508013e-12,9.61771551288848e-09
0.0034499658485045172,507,2,-3.5031308794033404e-12,2.22081662226703e-08
0.003459987931280735,507,2,-3.3383798337523424e-12,9.894521132980394e-08
0.003469992485711434,507,2,-2.9127134066989112e-12,-3.13414428576575e-08
0.003479987355730773,507,2,-2.7630376632842486e-12,8.292908731943882e-08
0.003489935570127207,507,2,-2.171158918455974e-12,-2.3391707959508068e-08
0.0034999158792296606,507,2,-2.1303569150115244e-12,4.543319831462611e-08
0.0035099864894568645,507,2,-2.1528539169670866e-12,-4.203731956975432e-08
0.003519966570310626,507,2,-2.584300241048631e-12,3.679145135770945e-08
0.0035299641631469847,507,2,-1.9882767273696113e-12,3.41076581977795e-08
0.0035399674194764043,507,2,-2.129838972999003e-12,-2.505006625047601e-08
0.0035499949278334983,507,2,-1.8704568669207673e-12,2.9486570490844244e-08
0.0035599766551373557,507,2,-1.4146413583599046e-12,5.084772053409736e-08
0.0035699609469584752,507,2,-9.256870401434e-13,3.120568703440796e-08
0.0035799890543061,507,2,-8.512139222107383e-13,1.1364183205575529e-09
0.0035899804680342086,507,2,-7.289529775986729e-13,1.8255576585135547e-08
0.003599979583983733,507,2,-1.473446898549841e-12,-1.5321094948284042e-08
0.0036099222546385817,507,2,-1.730121586631956e-12,-7.34413159175773e-08
0.003619949034292211,507,2,-1.6547033671244398e-12,4.296044640167418e-08
0.0036299251144388633,507,2,-1.2651106714550416e-12,-7.260202311565322e-08
0.0036399497495798404,507,2,-1.2956068780756863e-12,-6.245811134952817e-08
0.0036499285714136675,507,2,-1.8208888160612844e-12,-3.3934709597893686e-08
0.003659917996406141,507,2,-1.4873684991368523e-12,9.120030214360142e-08
0.0036699789923689843,507,2,-8.591482322935998e-13,8.074903856680749e-09
0.003679969699011824,507,2,-1.101022767898449e-12,-8.790783070922181e-08
0.003689957342833872,507,2,-9.116631501636125e-13,8.107347069380433e-08
0.0036999599561408046,507,2,-5.236405969274408e-13,5.4626398959811695e-08
0.003709996021603432,507,2,-6.46005296087523e-13,1.8099528542592225e-08
0.003719996489604073,507,2,-6.292768013197906e-13,-3.898238398747367e-09
0.0037299894974872783,507,2,-9.416017804060681e-13,-9.833624348143388e-08
0.0037399476849436443,507,2,-9.695535898386533e-13,6.928287707430592e-08
0.003749914987442235,507,2,-7.65054418606784e-13,-1.775533418901798e-08
0.0037599850074020204,507,2,-1.1077365661847551e-12,-1.572463649568423e-08
0.003769910128315143,507,2,-6.861140311226113e-13,7.148149661073688e-08
0.0037799143296297828,507,2,-5.074310468474808e-13,-1.480399846633118e-08
0.003789986701866888,507,2,-1.7765292953083114e-13,1.5457245094996352e-08
0.0037999840002473618,507,2,-3.875026486483118e-13,-6.664955565227615e-08
0.0038099119143367452,507,2,-1.3243523658501783e-12,-1.3005128640664054e-07
0.0038199544167427744,507,2,-2.1683552289185294e-12,-5.039695788466858e-08
0.003829973834453286,507,2,-2.728874970366361e-12,-8.110643012759766e-08
0.0038399489531887013,507,2,-3.421125319816895e-12,-2.7069425589942853e-08
0.0038499819668304947,507,2,-3.7981325949740154e-12,-2.4630820300020062e-08
0.0038599323729447046,507,2,-3.992062729647403e-12,-3.7469607611084754e-08
0.0038699329794779852,507,2,-3.694147814931785e-12,1.095843198128943e-08
0.003879953593073857,507,2,-3.303852197112647e-12,6.844019734275619e-08
0.0038899193462273054,507,2,-2.3840393465520814e-12,5.656639212592296e-09
0.0038999674567536855,507,2,-3.3496464066015696e-12,-7.608369595457631e-08
0.003909973892670431,507,2,-3.3298405045523996e-12,4.721169405419445e-08
0.003919971963033825,507,2,-3.2186445446655873e-12,-5.414612125331786e-08
0.003929956999827754,507,2,-3.56960079933409e-12,3.7871250413434865e-08
0.003939982898708446,507,2,-2.9139736218943197e-12,1.757958763282108e-08
0.003949968640165373,507,2,-3.2260703973873545e-12,-1.2833333840056582e-08
0.0039599934159146475,507,2,-3.1800142251718014e-12,6.34381732700362e-08
0.003969997519866244,507,2,-2.477248066713191e-12,2.3344951638470945e-08
0.003979982990551467,507,2,-1.954642588940041e-12,7.232236640120071e-08
0.003989934666993569,507,2,-1.837099105177491e-12,1.2945016891752203e-08
0.003999913003680193,507,2,-7.78216079444727e-13,1.4019161117748147e-07
0.004009970354351159,507,2,2.122359794894525e-13,1.3568707782352085e-08
0.004019979094106374,507,2,-2.82000438091954e-13,-9.825837954391403e-08
0.004029950745734171,507,2,-5.267811062576247e-13,3.8681062075607286e-08
0.004039942717751812,507,2,-8.412823694246233e-13,-3.82826192135699e-08
0.004049946997578974,507,2,-1.543293648732509e-12,-1.4959718785956255e-07
0.004059916768078634,507,2,-1.6040081775688586e-12,7.170199542438915e-08
0.004069938821230154,507,2,-1.3942186570829393e-12,-5.917402901012281e-09
0.004079975100885102,507,2,-1.5825881390422146e-12,-5.491687526948397e-08
0.004089973857797665,507,2,-1.633130059680056e-12,9.948369453227635e-08
0.00409995801027166,507,2,-7.117799933980228e-13,3.5464484099412275e-08
0.004109967524010925,507,2,-8.194326124491124e-13,-4.313415397083631e-08
0.0041199969731230135,507,2,-9.45346567275988e-13,5.93109604762887e-08
0.004129920749545665,507,2,-5.784616526288786e-13,9.713745802164553e-08
0.004139947689710027,507,2,-1.5513860066929987e-13,-1.6237870409385735e-08
0.004149991383555522,507,2,6.931444079729537e-14,5.308997221356582e-08
0.004159965118920347,507,2,8.671355801914866e-14,-8.092953462934815e-08
0.004169913432839005,507,2,-3.99720441614888e-13,2.24748490373905e-08
0.004179968965147302,507,2,-1.3744148539814125e-13,2.9344578544865385e-08
0.004189929669998917,507,2,-2.8524682886988534e-13,-7.824409087309192e-08
0.004199950409495853,507,2,-6.743100645727456e-13,3.4516514535454235e-08
0.004209930314805301,507,2,-6.855409320186308e-13,-1.463958321235026e-08
0.004219913416186126,507,2,-7.950017529598057e-13,3.307484930381577e-08
0.0042299515535647115,507,2,-1.0104467548864137e-12,-5.851578499527221e-09
0.004239977093426184,507,2,-1.1213519906193552e-12,-7.821161003562782e-09
0.0042499370354624755,507,2,-1.2048461763057659e-12,-7.09959463440768e-09
0.0042599465285104434,507,2,-8.351590157829915e-13,-5.65779356698215e-09
0.004269969327940862,507,2,-1.3060427915480462e-12,4.895617466971203e-09
0.004279913423481409,507,2,-1.3686821129715388e-12,1.8356421382925703e-09
0.004289993038818147,507,2,-1.839624814277635e-12,-7.770789478556139e-08
0.004299991225461763,507,2,-2.2199928845059497e-12,2.5392743463470424e-08
0.004309945624254763,507,2,-1.1417471836543255e-12,9.516260891795358e-08
0.004319998665508673,507,2,-1.2301568370589244e-12,3.3767427742859013e-10
0.0043299549856107445,507,2,-1.2747199061818697e-12,4.152175631100263e-09
0.004339957874648214,507,2,-1.4633269537777955e-12,-3.410401661074758e-08
0.004349963519845792,507,2,-1.2526310138058987e-12,1.569045260385593e-08
0.004359992726485439,507,2,-6.918032062633924e-13,6.444678821160288e-08
0.004369938267809007,507,2,-5.299254772110152e-13,-5.591349916400645e-08
0.004379977219591096,507,2,-8.570319628265323e-13,-1.4125081104765513e-09
0.004389919285692072,507,2,-4.529865387957119e-13,1.0629237724886498e-07
0.004399953226906091,507,2,2.443253051590509e-13,5.13320783102067e-09
0.004409987380974212,507,2,9.60248961712185e-13,1.9367121650848418e-07
0.004419988878028486,507,2,1.9315505395627692e-12,1.822136806630542e-08
0.004429998865776309,507,2,2.180212482311107e-12,7.31654100638579e-08
0.004439988422207526,507,2,1.6574066405883499e-12,-4.8233685712162355e-08
0.004449973551717772,507,2,2.3185614457746514e-12,1.6124511992288149e-07
0.004459977892248038,507,2,3.2500387641819662e-12,1.3213487679020197e-07
0.004469970398405355,507,2,4.155761037858807e-12,4.92189802803189e-08
0.004479913604810073,507,2,4.114668443985813e-12,7.916969091414927e-08
0.004489970078022335,507,2,5.30984284488709e-12,4.4031642998376697e-08
0.00449993741492928,507,2,5.005804317337759e-12,-6.910369321211363e-08
0.004509995120601538,507,2,4.579417130467752e-12,-1.6109403810915524e-08
0.004519912967104461,507,2,4.344699533682158e-12,-4.250790341941979e-08
0.004529911878696883,507,2,3.1490423909165486e-12,-1.322394365399493e-07
0.004539943881176491,507,2,2.7425724689054184e-12,2.119390939830934e-08
0.004549950243808194,507,2,2.446057882610729e-12,-9.639456366450361e-08
0.0045599603266357844,507,2,1.526176405440777e-12,-5.788940127260389e-08
0.004569913198020405,507,2,1.5850760069454402e-12,1.686068595851964e-08
0.0045799854445137044,507,2,1.5303941992253663e-12,-1.3963685763229705e-10
0.004589936021758731,507,2,8.33803339550911e-13,-4.504110429071062e-08
0.004599929223913603,507,2,1.0336049524546686e-12,4.043797674491145e-08
0.004609987356456362,507,2,1.461213364322973e-12,1.1070954042402548e-08
0.004619960686584727,507,2,6.689103686062215e-13,-9.14354797432182e-08
0.004629938719398666,507,2,1.6379661493996583e-12,1.324297185800738e-07
0.004639939110220124,507,2,1.515278997078534e-12,-9.516270249587677e-08
0.004649938085724427,507,2,9.312340530859622e-13,4.130433134408307e-08
0.004659940641841529,507,2,9.383013080567623e-13,3.0322677702088185e-10
0.004669916187389535,507,2,8.823210426625025e-13,2.6675991054991854e-08
0.004679938341115081,507,2,6.136542628599697e-13,-9.049023379226195e-08
0.0046899614838623845,507,2,2.770398424700393e-13,5.559762378259947e-08
0.004699974575675355,507,2,1.0656871520360817e-12,7.069337620846383e-08
0.004709931442857634,507,2,9.31573179243538e-13,-8.16221928656713e-08
0.004719973741005133,507,2,5.331859272535633e-13,8.567296469474961e-08
0.004729923877967267,507,2,2.2011384012033547e-13,-6.725994394773949e-08
0.004739934695376945,507,2,2.913678811229995e-13,9.661576683139828e-08
0.004749933087141692,507,2,1.6400039781100959e-12,6.768948186686163e-08
0.004759947686275642,507,2,2.0217310034350297e-12,-2.9502932596958686e-09
0.004769953864238596,507,2,1.92632516779429e-12,-5.590866920812676e-08
0.004779977760577283,507,2,1.866074798295838e-12,8.36610242194169e-09
0.004789924831530022,507,2,1.6942020491256412e-12,1.6545112363486325e-08
0.0047999474576260505,507,2,1.3147300114300302e-12,-2.641029249982052e-08
0.004809956384312096,507,2,1.809549612677929e-12,7.263050805228488e-08
0.004819989335650662,507,2,2.371914440912567e-12,1.8322060479913915e-08
0.00482997843143417,507,2,2.153163665904469e-12,-3.775207617351395e-08
0.0048399308876224,507,2,2.617577268693573e-12,1.0398562795554955e-07
0.004849953462422451,507,2,3.1132468446341518e-12,6.536823152214488e-09
0.004859960406139481,507,2,3.385614224985878e-12,2.4427313019548258e-08
0.004869949922529651,507,2,3.5837424904210167e-12,2.2608757879738484e-08
0.0048799851623246345,507,2,3.5456389326703154e-12,-4.2439887854017755e-09
0.004889934406036768,507,2,3.6028555415421894e-12,9.633323899693735e-08
0.004899912160993665,507,2,4.348495821849337e-12,-1.2286531181349147e-08
0.004909912296382969,507,2,4.1102325379467565e-12,-1.10357589476473e-07
0.004919952657889439,507,2,3.778394466572054e-12,4.950406723436274e-09
0.0049299272153804,507,2,4.624257171741153e-12,8.97787016396201e-08
0.004939973115714349,507,2,4.686405029825572e-12,-4.1905609386196085e-10
0.004949985571060847,507,2,4.339222905802616e-12,-9.17860636107104e-09
0.004959954266574387,507,2,4.084838315064011e-12,9.622901753214563e-09
0.004969996321362849,507,2,4.6296627928619615e-12,-3.5623937237605485e-09
0.004979992745778636,507,2,4.482995033273105e-12,-2.472015872556632e-08
0.004989910372996275,507,2,4.509053070159141e-12,-2.6651092610574523e-08
0.004999989828124606,507,2,4.638260898101631e-12,2.7180367876550315e-08
0.005009944894077283,507,2,4.3769160599835114e-12,-3.7969163161656605e-08
0.005019922824595333,507,2,3.9410901224020355e-12,5.5164749518388234e-08
0.005029950527708838,507,2,4.261365618276071e-12,7.465150692054223e-09
0.005039976457477679,507,2,4.355033953337437e-12,4.070308808057366e-08
0.005049998250612578,507,2,4.676854815930992e-12,5.824592316100441e-08
0.005059991522304214,507,2,5.348292596226521e-12,4.849044055177387e-09
0.005069992967342526,507,2,5.4966385801820695e-12,-3.514153221195748e-08
0.005079932539354548,507,2,5.23546461158518e-12,3.34624479791934e-08
0.005089968797413039,507,2,5.523108222670308e-12,4.5029191403367363e-08
0.00509997393006848,507,2,5.0907533727436046e-12,-1.1052754284035515e-07
0.005109924458012398,507,2,4.0399195473721184e-12,-1.3556438671624704e-07
0.005119957649783202,507,2,3.1297852874431352e-12,-1.157410715792867e-07
0.00512997841387228,507,2,2.819002994428857e-12,3.296001743063881e-08
0.0051399270957221185,507,2,2.542250349596892e-12,-7.141232899465777e-08
0.005149960929375548,507,2,1.939732060869968e-12,7.833873105766997e-09
0.005159992276789586,507,2,2.765634716275474e-12,8.113358967998252e-08
0.005169916244608909,507,2,2.888722220413184e-12,-7.296880288887309e-08
0.005179957565851426,507,2,3.5868325158199207e-12,4.53321534754636e-08
0.005189934467174066,507,2,3.6377779179816785e-12,5.09552294802873e-09
0.005199924140091511,507,2,3.729207128646758e-12,-3.037236701031176e-08
0.00520992989008597,507,2,3.169549366889568e-12,-2.3338892637947417e-08
0.005219967545234522,507,2,3.662016756795909e-12,4.0592753824952865e-08
0.005229983324760798,507,2,3.5579683171454947e-12,7.999001883085555e-08
0.005239996154702305,507,2,4.556981097943733e-12,-9.694805402915563e-09
0.00524992233447166,507,2,4.262301266327959e-12,-5.0074623059170875e-08
0.005259936029047533,507,2,3.917663516186422e-12,6.16573236911222e-09
0.005269935622512858,507,2,4.4006155802147305e-12,6.917641803827479e-08
0.005279995732845253,507,2,4.585631509658027e-12,-6.8298331434846205e-09
0.005289953352829132,507,2,4.618664449512625e-12,-3.307526000306815e-08
0.005299950756724726,507,2,3.8164285032465765e-12,-4.868323799644969e-09
0.005309988630281945,507,2,3.875520770865422e-12,-6.480305446421308e-08
0.005319932120904197,507,2,3.397665873286883e-12,6.876064759242517e-09
0.005329921110000552,507,2,3.2940240060630194e-12,-2.9471465157193677e-08
0.005339977678087957,507,2,3.4679596434133986e-12,1.353840273221607e-08
0.005349950290723728,507,2,3.392515990894608e-12,3.650128055365798e-08
0.005359922885445993,507,2,3.69508683226898e-12,-2.1726584420456163e-09
0.005369932044929237,507,2,3.853768842807187e-12,1.1472325761596736e-07
0.005379982071020151,507,2,3.6296412788327723e-12,-1.5491898855413133e-07
0.005389930430628704,507,2,3.3176594880623272e-12,3.8161978244133365e-08
0.005399915953963886,507,2,2.4603656921052056e-12,-1.5828612352775107e-07
0.00540995240897122,507,2,2.0634773983230865e-12,2.824291477077079e-08
0.005419997426825978,507,2,1.8133104457400016e-12,1.4934133707456e-08
0.005429927408806169,507,2,1.1668145926386586e-12,-1.0604332661978688e-07
0.0054399488331419105,507,2,6.327744470573495e-13,-4.159082844790163e-08
0.0054499588509747746,507,2,1.8738999656423472e-13,4.396857888888661e-08
0.005459934600269969,507,2,1.0916039093322304e-12,3.268929614497207e-08
0.005469983054246704,507,2,1.2265845290728342e-12,5.828003180052832e-08
0.005479992107511032,507,2,1.2263347518680622e-12,-4.140346168690634e-08
0.005489915044825474,507,2,1.1942766620207015e-12,3.9105649107806784e-08
0.0054999398060892575,507,2,1.5815431739769448e-12,-1.6571936267695264e-08
0.0055099406078399004,507,2,1.9096794339688557e-12,1.0868903988370954e-07
0.005519962846042148,507,2,2.1916585571119668e-12,-5.277181272522746e-08
0.005529956365017607,507,2,2.579991682601546e-12,-2.4892324639036456e-08
0.00553994993223088,507,2,1.7995468599963337e-12,-8.338800058446671e-08
0.005549941792256843,507,2,1.2968743925775177e-12,-5.244326586884007e-08
0.005559926319748035,507,2,1.1415216556264049e-12,2.1185639076382046e-08
0.0055699993223433854,507,2,1.2781367041069208e-12,-4.510712209304657e-08
0.0055799367227345985,507,2,4.4365615790303175e-13,-8.038470718230162e-08
0.005589923606788196,507,2,6.064090024329965e-13,9.620219502959326e-08
0.005599997659012918,507,2,5.146766141121391e-13,-4.6886631785425514e-08
0.005609979846263005,507,2,6.57233799040936e-13,1.020628442455207e-07
0.00561997684948334,507,2,1.4090545145400307e-12,-1.8014424563173037e-08
0.005629917804818383,507,2,7.778511602868745e-13,-8.103292759714664e-08
0.005639987215473223,507,2,1.2196498998739373e-12,5.328103550028551e-08
0.005649922620070556,507,2,1.2668457015569453e-12,1.4307939777413736e-08
0.005659941866124589,507,2,1.6633578771350997e-12,2.0716980464463575e-08
0.005669980815420188,507,2,1.7727243962041908e-12,5.143268380636279e-09
0.0056799894199280115,507,2,1.335015656846899e-12,-5.8389939605607566e-08
0.005689949831025863,507,2,1.861070373059947e-12,1.4270118059434012e-07
0.0056999597423187534,507,2,2.7755836018967888e-12,7.972475418727143e-08
0.00570993265189657,507,2,3.5997256552757135e-12,6.233335353433844e-08
0.0057199731076332085,507,2,4.557010142385857e-12,6.59162907603282e-08
0.005729986159079065,507,2,4.035527143674683e-12,-1.2887368970593283e-07
0.005739979822075205,507,2,4.144393682488416e-12,5.4798808102329843e-08
0.0057499882563363395,507,2,3.979758620635369e-12,-5.198300076503237e-08
0.005759971067453863,507,2,4.17569948997631e-12,2.3578753199915425e-08
0.005769914705944676,507,2,4.4860685418736444e-12,3.552754204716457e-08
0.005779915093104964,507,2,4.2189804650428196e-12,-3.779092072608847e-08
0.005789954024491221,507,2,3.893305028886194e-12,2.5539847348099443e-08
0.0057999718380413465,507,2,3.833241331367395e-12,7.182495376234499e-09
0.005809948238187934,507,2,4.754138069004189e-12,6.010973273296027e-08
0.005819966433161139,507,2,4.716956781902282e-12,6.436631228012857e-10
0.005829963475515406,507,2,5.865371661533661e-12,1.610273825392028e-07
0.005839957829216385,507,2,6.5979128627616235e-12,-2.8944681207399015e-08
0.005849923008973904,507,2,5.652998258571813e-12,-8.523456346276603e-08
0.0058599676883578,507,2,6.11733609595785e-12,6.701809018849758e-08
0.005869950859385353,507,2,5.510433180990013e-12,-8.638902157520612e-08
0.005879961945706078,507,2,4.8701856282073845e-12,-1.5776521658517062e-08
0.00588998548226972,507,2,5.575089435244651e-12,7.903826593214092e-08
0.005899948289989567,507,2,4.9385662863310996e-12,-1.2363914941859733e-07
0.005909950491986365,507,2,4.414172722006296e-12,3.17889703449481e-08
0.005919914076724146,507,2,4.521351937731297e-12,9.213596552370973e-10
0.005929943778315587,507,2,4.320059443502352e-12,-9.898187758317079e-08
0.005939981904542898,507,2,4.132744284628348e-12,8.080855509740026e-08
0.005949924079854558,507,2,4.958099932085748e-12,-8.135082163462926e-09
0.005959985841299361,507,2,4.244637872391343e-12,-7.168595070328188e-08
0.0059699449641224854,507,2,4.221453873246603e-12,1.6236419486670428e-08
0.005979984692646613,507,2,4.213254273291694e-12,-9.940999787239058e-09
0.00598992123451152,507,2,3.3609177435876087e-12,-4.0348230673226126e-08
0.00599996277322531,507,2,3.092464048475485e-12,3.1924035637231896e-10
0.006009989736834148,507,2,3.2292544219764124e-12,-6.769137989026675e-08
0.006019995101636493,507,2,3.0065603514685795e-12,-8.73694699921046e-09
0.00602998434103226,507,2,2.5202761224003313e-12,-4.8316648931789885e-08
0.006039916868491363,507,2,2.819574014066952e-12,-3.304368839662786e-08
0.006049959602064085,507,2,2.597044681620602e-12,3.477837670629036e-08
0.006059964207571949,507,2,3.2937429943065592e-12,4.1192482619356596e-08
0.006069980697623138,507,2,3.3427249550118705e-12,2.876169288845709e-08
0.0060799429193211935,507,2,2.958273441012313e-12,-9.003141654417846e-08
0.006089984857841491,507,2,2.6126460609856423e-12,-6.593163087015297e-08
0.006099920010855152,507,2,1.917438099911643e-12,-5.1676818657586665e-08
0.00610995507224741,507,2,1.245154589193774e-12,-2.67397420317117e-08
0.006119989798624146,507,2,1.5448196305206952e-12,5.970795867449308e-08
0.006129956824465247,507,2,2.1140771149835344e-12,5.084643855957083e-08
0.006139974559611953,507,2,1.7881322579751783e-12,2.1390419796540883e-08
0.006149928902030539,507,2,2.5933983138381642e-12,4.4508298713274996e-08
0.006159949720726873,507,2,2.9216720841233478e-12,-2.2231360335966954e-08
0.006169920194382267,507,2,2.802210891086676e-12,1.778598934798481e-09
0.00617995039611183,507,2,3.819914996101319e-12,1.516888911146097e-07
0.006189968331930112,507,2,4.386835899150999e-12,1.354936912667526e-09
0.006199999582343959,507,2,4.039256105004533e-12,-4.425969639051952e-08
0.006209947124787719,507,2,4.0231819501765765e-12,-1.418440567779733e-08
0.006219984412369792,507,2,3.0307520557977357e-12,-5.6362831540868186e-08
0.006229980641453494,507,2,2.7657844001262647e-12,-2.2829808321578327e-08
0.006239915929178187,507,2,2.428297167023693e-12,-1.0098264668911838e-08
0.006249993171169993,507,2,2.704956137211472e-12,-1.1568292768160404e-08
0.00625991445930508,507,2,2.154710387876704e-12,-1.423219599949732e-07
0.006269940141280217,507,2,1.7295623305874325e-12,6.022183160481198e-08
0.006279936463845391,507,2,1.6688405003270775e-12,-2.601517917755203e-09
0.006289987798605394,507,2,1.3605268518032871e-12,-1.111867919956211e-08
0.006299936830776426,507,2,1.7298548212285147e-12,-1.7643612681972343e-09
0.006309955716888128,507,2,1.899671754943639e-12,-1.44902051468776e-08
0.006319992844598638,507,2,1.866976156124681e-12,5.3863878177184965e-08
0.006329950354656333,507,2,2.297461451870864e-12,-4.894720323500579e-08
0.006339957149845124,507,2,1.2707897842679258e-12,-8.075427329612417e-08
0.006349917350689544,507,2,1.1315863873302668e-12,8.856090472075806e-09
0.006359982470923128,507,2,9.129787121858605e-13,1.0329818334042784e-08
0.006369979550279927,507,2,8.232929565300153e-13,-2.8903211268804796e-08
0.0063799427695577565,507,2,2.4204105068851583e-13,-2.6534401550981634e-08
0.006389964103290544,507,2,7.194656832172392e-13,7.419217518123133e-08
0.0063999688223133466,507,2,9.006562187472236e-13,-3.3665489063139376e-08
0.006409933629444125,507,2,1.4308464478320154e-12,6.040210681623748e-08
0.006419997156433056,507,2,1.327945459918915e-12,2.6701738320422663e-09
0.006429923597443223,507,2,2.1491374814545816e-12,8.05578880269664e-08
0.006439980430426857,507,2,1.9566670535881535e-12,-7.902754045607807e-08
0.006449920631947405,507,2,1.3845387848905079e-12,-3.672864602385917e-08
0.006459925437463352,507,2,1.8293805606443164e-12,1.1133154348419438e-07
0.0064699528531214304,507,2,2.068474843583976e-12,2.4602342774127095e-08
0.006479970872838756,507,2,2.0723971473838167e-12,-4.835288902604873e-08
0.006489933050048966,507,2,1.827216736841766e-12,-1.5905801786786355e-08
0.006499971049803978,507,2,1.7929806059555932e-12,-1.225505530388915e-09
0.006509924435970957,507,2,1.7683879305625924e-12,3.175327994986432e-08
0.006519919271301669,507,2,2.289236539606876e-12,-1.1497738872101593e-08
0.006529938861540502,507,2,1.6238735347101723e-12,1.4130982613214105e-08
0.006539944941295382,507,2,1.9585581799839226e-12,4.002345219134007e-08
0.006549932124492426,507,2,2.380798416383803e-12,6.87673765709107e-08
0.0065599346390226455,507,2,2.1276437609082845e-12,-6.523939466429596e-08
0.006569941910771063,507,2,1.3702668048897002e-12,-6.792537137617627e-08
0.006579954726835413,507,2,1.2244728156901108e-12,-1.7746035307908414e-08
0.006589954448355206,507,2,1.4137684409328151e-12,3.36227495845165e-09
0.006599924073090174,507,2,9.709934073590988e-13,-6.055777157509823e-08
0.006609938559825719,507,2,1.4943014342698547e-12,1.1379378543618923e-07
0.006619969101457463,507,2,2.0492929606596852e-12,-3.222354577614439e-08
0.006629929881483166,507,2,1.7095217546720938e-12,-1.4927273439546695e-07
0.006639916828671859,507,2,1.1503204979336945e-12,7.184694462980534e-08
0.006649911804091403,507,2,1.7981095593284119e-12,4.953415419506335e-08
0.006659988970872415,507,2,2.1149321722974145e-12,1.538311480975274e-08
0.006669975679227844,507,2,2.041883696231157e-12,-4.7558830429395016e-08
0.006679979842963847,507,2,1.6255762984022044e-12,-6.478573438828406e-08
0.006689969714266142,507,2,1.4332384621252678e-12,-6.794392638787006e-09
0.006699995039321218,507,2,1.5382914158296434e-12,4.913250045701645e-08
0.006709925788049587,507,2,1.1994152704044485e-12,-3.235170636939344e-08
0.00671993306940999,507,2,1.0330328291326433e-12,-3.881876916439486e-08
0.006729953260986388,507,2,6.980026797913787e-13,-7.604124653906585e-08
0.006739970069871312,507,2,5.350257632831296e-13,5.683140366641304e-08
0.006749972881198917,507,2,3.98288895794689e-13,-2.7024158688604416e-08
0.0067599827951529004,507,2,4.961854893091914e-13,-1.6963896509736287e-08
0.00676999230626954,507,2,1.3265329200357447e-13,-1.0253497340073636e-07
0.006779931045841631,507,2,-3.505352875192012e-13,-2.5390342606179672e-09
0.006789969339644652,507,2,-1.811410834171831e-13,-2.856486472357922e-08
0.0067999960668701075,507,2,-9.968902195704385e-13,-1.3916638763600275e-07
0.006809995009576674,507,2,-1.2228561948650026e-12,1.0992479149152246e-10
0.006819984127792944,507,2,-1.7207442847726791e-12,-6.3759502122451295e-09
0.006829942142773709,507,2,-1.518056463005327e-12,-2.0215404572532236e-08
0.00683992479492637,507,2,-1.953678727279471e-12,1.9824524577494174e-08
0.006849967984618561,507,2,-2.1331079594395937e-12,-7.988999232988458e-08
0.006859982919947598,507,2,-2.3085678232611945e-12,-7.152603842541794e-09
0.00686999445024317,507,2,-1.95605247358668e-12,6.18253594986129e-08
0.006879948473019759,507,2,-1.670895586063266e-12,-6.052322809591004e-09
0.006889917705454959,507,2,-2.0501222865949354e-12,-5.301651945233132e-08
0.006899918176873109,507,2,-2.3320488691313613e-12,3.9848086275107164e-08
0.00690998910762306,507,2,-1.886543682773703e-12,3.955922697751468e-08
0.006919977001462202,507,2,-1.2430503962989519e-12,4.699298618293657e-08
0.006929928977989079,507,2,-1.105661337158048e-12,-3.247244478865596e-08
0.006939939121703786,507,2,-1.5051938153856767e-12,-2.799072925524504e-08
0.006949978615812636,507,2,-1.1395626382495116e-12,9.990104298668312e-08
0.006959982938863077,507,2,-4.2035187722104517e-13,8.19975665145023e-09
0.00696993198649158,507,2,-6.172383804970479e-13,-1.0094483637868024e-07
0.006979968268856902,507,2,-1.007651297132788e-12,9.738597461783627e-08
0.006989957631337206,507,2,-6.265070215817192e-14,3.544678550682079e-08
0.006999921255710294,507,2,-3.213585454464379e-13,-1.8676681701190745e-08
0.007009938406314257,507,2,-9.80283945516006e-13,-3.1600447397694964e-08
0.007019931339764348,507,2,-1.4017070568351142e-12,-3.1363651786797675e-08
0.0070299490324546,507,2,-1.7816790692803692e-12,-3.3362925977442615e-08
0.0070399894856379664,507,2,-1.6814757153652254e-12,-2.2109006195258907e-08
0.00704998561284428,507,2,-1.7803006214145347e-12,3.167403911374933e-08
0.0070599314214313084,507,2,-1.8873085941826552e-12,4.078052651124153e-08
0.0070699888064780165,507,2,-1.1113587670584166e-12,1.3362163298058505e-07
0.00707996850933647,507,2,-5.952934221004633e-13,-2.458779382874532e-08
0.007089923577128194,507,2,-8.359517234251407e-13,-2.3687451028431283e-08
0.007099950974420575,507,2,-1.1435155936306146e-12,-4.136174291957673e-08
0.007109953696705379,507,2,-1.1213722906109691e-12,-2.61577571963878e-08
0.007119960735343054,507,2,-1.4692997795003049e-12,-8.40564720883119e-08
0.007129922177433195,507,2,-2.4513199426584066e-12,-9.825879672409332e-08
0.0071399526986644975,507,2,-2.691001232559524e-12,4.9692163717196536e-09
0.00714999608633104,507,2,-3.2359117443409605e-12,-1.905206528304837e-08
0.00715998588242417,507,2,-3.27560290081514e-12,7.055829448487927e-09
0.007169987769420124,507,2,-3.404458316041243e-12,-1.495227547332334e-08
0.00717992051263835,507,2,-4.179882650701269e-12,-1.4376573390095793e-08
0.007189943330576465,507,2,-3.4798773529355533e-12,3.147093108335497e-08
0.007199929617999025,507,2,-3.6348037007007984e-12,1.1086485285360936e-08
0.0072099733293646,507,2,-4.043854082751234e-12,-3.15820330443195e-08
0.007219973862114793,507,2,-4.4237234201919634e-12,-6.225515022939554e-08
0.007229986255511472,507,2,-3.8307778548366764e-12,1.5125382024638867e-07
0.007239939879449357,507,2,-3.149608773472774e-12,-4.845531995090191e-08
0.0072499888321659834,507,2,-3.853309646129448e-12,-5.6379424830110825e-08
0.007259951275355309,507,2,-3.968850294441953e-12,2.120468217681193e-08
0.0072699808830086286,507,2,-4.005931449120484e-12,-1.5774631628717728e-08
0.00727998241644575,507,2,-3.808742022298587e-12,1.321406184473517e-08
0.007289918961943171,507,2,-3.682646372975295e-12,-2.9174453464175798e-08
0.007299991426820916,507,2,-4.775248286489771e-12,-9.319615579261864e-08
0.007309943975890922,507,2,-4.547085054896349e-12,9.748189788716388e-08
0.0073199831732110145,507,2,-4.280679584130025e-12,-4.9275073243926215e-08
0.0073299798848572035,507,2,-4.423807886952738e-12,6.617729810670658e-08
0.00733999729061161,507,2,-3.946972907675219e-12,-1.1139007494165298e-09
0.007349933007510087,507,2,-3.836894481130883e-12,-3.881382815151824e-08
0.007359991781789826,507,2,-3.833160339771044e-12,-4.245668233648914e-09
0.007369976607936769,507,2,-3.283066496478004e-12,1.1501815280756666e-07
0.007379921737340566,507,2,-3.3530934512261343e-12,-5.702497636876809e-08
0.007389938203483179,507,2,-3.0295382206986824e-12,1.1390768947516783e-07
0.007399918947176416,507,2,-2.876642885146232e-12,-6.165140092884158e-09
0.007409966894378495,507,2,-2.4671260975324015e-12,1.087461408144641e-07
0.007419930336260066,507,2,-1.6195450572807895e-12,5.870820071751659e-08
0.007429943469089849,507,2,-1.1256754128005989e-12,5.5656491484978865e-08
0.007439957360402822,507,2,-7.458028233886266e-13,1.8198854312423407e-08
0.007449991610439264,507,2,-1.0543922641459771e-12,-2.6091196814181927e-08
0.007459945264136783,507,2,-1.093524362993101e-12,-1.6984995243607415e-08
0.007469965289607259,507,2,-9.670718917234155e-13,6.997868692848463e-08
0.007479968236930811,507,2,-4.32756617135344e-13,7.702751339544456e-09
0.0074899472824245875,507,2,-5.566656686929912e-13,1.8623236841541768e-09
0.007499927262415824,507,2,-1.0293673872270245e-12,-2.0787572788116826e-08
0.007509990595784646,507,2,-1.0510893777527716e-12,-3.6599639874346224e-08
0.007519955298102691,507,2,-1.3259907749037887e-12,-1.5205011472119168e-08
0.0075299385531997064,507,2,-9.364309881584572e-13,1.757324541440397e-08
0.007539939831432424,507,2,-1.6659490064014086e-12,-9.22839960004751e-09
0.007549928577512889,507,2,-1.6765548325654053e-12,-3.75256704876481e-08
0.007559913530641911,507,2,-1.5176427405619108e-12,2.883172860873584e-08
0.007569945819074044,507,2,-1.0624369877263704e-12,8.874768142597134e-09
0.007579936681663815,507,2,-8.835391338506528e-13,3.3261061571643324e-08
0.0075899551437865805,507,2,-9.374132024818956e-13,5.5219459005328986e-08
0.007599919124325865,507,2,-4.685550789051453e-13,-2.6089051141653385e-08
0.00760994299832809,507,2,-5.70134176956956e-13,3.7094696203610056e-08
0.007619971311463703,507,2,7.301740795654342e-14,-1.0435688424514922e-09
0.00762994367523308,507,2,2.4936207477154956e-13,9.528240285921336e-08
0.007639939471901827,507,2,1.7191401365077193e-13,-5.97521050971217e-08
0.007649947591854573,507,2,1.3531062663559024e-13,-3.795245173687789e-09
0.007659938454179666,507,2,5.442884929248619e-13,8.919547400676464e-08
0.00766992407906114,507,2,-1.964258139144524e-13,-1.3411476662561483e-07
0.007679965514677916,507,2,-5.989128061660587e-13,5.405184910767247e-08
0.007689918763680668,507,2,-9.495805156729473e-14,2.5039539219839924e-08
0.007699942696630244,507,2,-1.6127763966704897e-13,-6.478158565137448e-08
0.0077099324046619,507,2,-4.759161357240299e-13,-1.2181447982262394e-08
0.007719967090889942,507,2,-1.0411876405264e-12,-9.068768414000061e-08
0.007729968695914817,507,2,-1.9445548390432878e-12,-8.777691051786718e-08
0.0077399551151876925,507,2,-2.6911658326605158e-12,-6.489304760215475e-08
0.0077499883530554245,507,2,-1.9901345010159017e-12,7.534372048478843e-08
0.007759962495695265,507,2,-1.6816573090647213e-12,-9.21494264227718e-09
0.0077699520338017315,507,2,-1.4468213394247488e-12,8.93311461469537e-08
0.0077799408352057205,507,2,-9.177371421132102e-13,-4.803674874542807e-09
0.007789977068226982,507,2,-1.1349492529735003e-12,3.500404355261111e-09
0.00779996152378533,507,2,-7.549559969419282e-13,1.4420442728813043e-07
0.007809987647364741,507,2,-1.6773679952061978e-13,5.5377729957228894e-08
0.007819948049467583,507,2,1.2599486383751382e-13,2.5280323778797964e-08
0.007829991531495573,507,2,-5.112458494608207e-13,-7.300533765020045e-08
0.007839987594380234,507,2,-6.082134502730595e-13,4.843354289851831e-08
0.007849973100140057,507,2,-4.296624286489136e-13,-2.5998267913496242e-08
0.00785995978623916,507,2,-1.0432281644956758e-12,-7.359450493460429e-09
0.007869951411755392,507,2,-7.492634273166109e-13,4.5317543051481834e-09
0.007879977965168683,507,2,-7.938603303236013e-13,1.2070413592246698e-08
0.007889911186727496,507,2,-6.137209042358861e-13,-5.547978754183447e-08
0.007899993245311035,507,2,-1.2322410446348724e-12,1.3269857372655292e-08
0.00790993341943276,507,2,-7.046263766419866e-13,6.017823839243874e-08
0.007919981077959683,507,2,-4.990401121024245e-13,-8.039521895431001e-09
0.007929947111314254,507,2,-1.5706864401368289e-13,7.968121504275949e-08
0.00793997206952037,507,2,-1.6494943835972227e-13,-1.240217787912279e-07
0.007949995462996032,507,2,-4.073389252989704e-13,4.136405476473648e-08
0.00795992987484983,507,2,-4.568556904310794e-13,-5.057976296130029e-08
0.007969920709021281,507,2,-9.563426367653778e-13,-7.008770424449251e-08
0.007979997262565321,507,2,-1.4204760228443214e-12,-2.9281992941498913e-09
0.007989950705612271,507,2,-9.221633962118328e-13,6.13195911547404e-08
0.00799995957119621,507,2,-2.416258967064791e-13,-1.730873880334549e-08
0.008000049102938512,507,2,-2.433725351831667e-13,-1.9508816506697002e-08
