time_s,friction_energy_J,total_contact_energy_J,nonfriction_contact_energy_J,sum_absolute_nonfriction_contact_energy_J
0.0,0.0,0.0,0.0,0.0
1.98e-06,0.0,-4.116400199999999e-90,-4.116400199999999e-90,4.116400199999999e-90
3.96e-06,0.0004771,2.005158028462591,2.004680928462591,2.004680928462591
5.94e-06,0.004513,6.7831269741,6.7786139741,6.7786139741
7.919999e-06,0.10009,8.2977814,8.1976914,8.1976914
9.989963e-06,0.3279,9.08413,8.75623,8.75623
1.196955e-05,0.617,8.971589999999999,8.35459,8.35459
1.394732e-05,0.8967000000000154,8.448300000000087,7.5516000000000725,7.5516000000000725
1.592083e-05,1.134300000004645,8.2205600000284,7.086260000023755,7.086260000023755
1.797873e-05,1.3391000004506,8.077780002836999,6.738680002386399,6.738680002386399
1.994695e-05,1.50060001287,7.868540081040002,6.367940068170001,6.367940068170001
2.192641e-05,1.6577001722,7.8845010587,6.2268008864999995,6.2268008864999995
2.399641e-05,1.844601373,7.712507961599999,5.8679065885999995,5.8679065885999995
2.597641e-05,2.03800634,7.4284334140000015,5.3904270740000015,5.3904270740000015
2.795641e-05,2.26502108,7.19389746,4.928876379999999,4.928876379999999
2.993641e-05,2.53706371,7.050565680000001,4.513501970000001,4.513501970000001
3.191601e-05,2.8364648,6.981375999999999,4.144911199999999,4.144911199999999
3.398312e-05,3.162334,7.125079999999998,3.9627459999999983,3.9627459999999983
3.596208e-05,3.478352,7.452969999999999,3.9746179999999987,3.9746179999999987
3.794202e-05,3.78983,7.823090000000002,4.033260000000002,4.033260000000002
3.99218e-05,4.08186,8.24414,4.16228,4.16228
4.199115e-05,4.3573900000000005,8.71443,4.35704,4.35704
4.396843e-05,4.5894699999999995,9.067950000000002,4.478480000000002,4.478480000000002
4.594505e-05,4.79045,9.3094,4.518949999999999,4.518949999999999
4.791857e-05,4.9626,9.542890000000003,4.580290000000003,4.580290000000003
4.997681e-05,5.1190999999999995,9.815689999999996,4.696589999999996,4.696589999999996
5.193936e-05,5.26615,10.113800000000001,4.847650000000001,4.847650000000001
5.398376e-05,5.436929999999999,10.489559999999994,5.052629999999994,5.052629999999994
5.593241e-05,5.63071,10.87536000000001,5.24465000000001,5.24465000000001
5.796371e-05,5.86845,11.373620000000003,5.505170000000003,5.505170000000003
5.999084e-05,6.117900000000001,11.926139999999995,5.808239999999995,5.808239999999995
6.19278e-05,6.3398,12.426389999999996,6.086589999999997,6.086589999999997
6.396709e-05,6.5432999999999995,12.821729999999992,6.278429999999992,6.278429999999992
6.594601e-05,6.731199999999999,13.007130000000002,6.275930000000002,6.275930000000002
6.792632e-05,6.934399999999999,12.998399999999998,6.063999999999998,6.063999999999998
6.990995e-05,7.1638,12.8832,5.7194,5.7194
7.196941e-05,7.427700000000001,12.731400000000004,5.303700000000004,5.303700000000004
7.393249e-05,7.682,12.705900000000005,5.023900000000005,5.023900000000005
7.598026e-05,7.9317,12.812100000000001,4.880400000000002,4.880400000000002
7.793598e-05,8.1499,12.962600000000002,4.812700000000002,4.812700000000002
7.997968e-05,8.3599,13.145400000000004,4.785500000000003,4.785500000000003
8.193129e-05,8.545,13.346099999999996,4.801099999999997,4.801099999999997
8.396636e-05,8.7279,13.557399999999994,4.829499999999994,4.829499999999994
8.599514e-05,8.904200000000001,13.776899999999998,4.8726999999999965,4.8726999999999965
8.792964e-05,9.0684,14.017499999999995,4.949099999999995,4.949099999999995
8.994664e-05,9.2338,14.322300000000011,5.0885000000000105,5.0885000000000105
9.196019e-05,9.3912,14.575399999999995,5.184199999999995,5.184199999999995
9.391146e-05,9.5264,14.711100000000004,5.184700000000003,5.184700000000003
9.595458e-05,9.655899999999999,14.749100000000002,5.093200000000003,5.093200000000003
9.799412e-05,9.7706,14.7006,4.93,4.93
9.994644e-05,9.8681,14.61310000000002,4.7450000000000205,4.7450000000000205
0.0001019877,9.9597,14.577599999999993,4.617899999999993,4.617899999999993
0.000103942,10.0411,14.4671,4.426,4.426
0.0001059849,10.1258,14.425100000000002,4.299300000000002,4.299300000000002
0.0001079411,10.2105,14.361999999999979,4.151499999999979,4.151499999999979
0.0001099875,10.2959,14.2986,4.0027,4.0027
0.0001119393,10.3769,14.127799999999997,3.7508999999999975,3.7508999999999975
0.0001139761,10.471499999999999,14.159000000000011,3.6875000000000115,3.6875000000000115
0.0001159214,10.5716,14.191399999999996,3.619799999999997,3.619799999999997
0.0001179536,10.686,14.12709999999999,3.44109999999999,3.44109999999999
0.0001199841,10.8056,14.261399999999998,3.4557999999999973,3.4557999999999973
0.000121924,10.9125,14.497299999999987,3.584799999999986,3.584799999999986
0.0001239608,11.0138,14.537000000000013,3.5232000000000143,3.5232000000000143
0.0001259133,11.101,14.671000000000008,3.5700000000000083,3.5700000000000083
0.0001279562,11.1852,14.696999999999965,3.5117999999999654,3.5117999999999654
0.0001299344,11.2536,14.824999999999989,3.5713999999999873,3.5713999999999873
0.0001319996,11.3113,14.752000000000024,3.4407000000000245,3.4407000000000245
0.0001339604,11.3533,14.677000000000028,3.323700000000028,3.323700000000028
0.0001359166,11.3917,14.497000000000039,3.1053000000000397,3.1053000000000397
0.0001379624,11.4299,14.413000000000046,2.9831000000000474,2.9831000000000474
0.0001399306,11.4687,14.41899999999999,2.9502999999999906,2.9502999999999906
0.0001419931,11.5139,14.125000000000005,2.6111000000000053,2.6111000000000053
0.0001439681,11.5594,14.03600000000001,2.4766000000000106,2.4766000000000106
0.0001459408,11.606000000000002,13.937999999999988,2.3319999999999874,2.3319999999999874
0.0001479901,11.655,13.769,2.114,2.114
0.0001499478,11.701,13.58400000000001,1.883000000000011,1.883000000000011
0.0001519906,11.75,13.513999999999989,1.763999999999988,1.763999999999988
0.000153952,11.8,13.442999999999994,1.6429999999999934,1.6429999999999934
0.000155999,11.856,13.282000000000007,1.4260000000000066,1.4260000000000066
0.0001579532,11.907,13.286000000000005,1.379000000000005,1.379000000000005
0.0001599935,11.956000000000001,13.11599999999996,1.1599999999999595,1.1599999999999595
0.0001619436,11.999,13.046000000000022,1.0470000000000226,1.0470000000000226
0.0001639823,12.038,12.957000000000027,0.919000000000028,0.919000000000028
0.0001659442,12.072,12.879000000000005,0.8070000000000055,0.8070000000000055
0.0001679135,12.102,12.915000000000006,0.8130000000000053,0.8130000000000053
0.0001699665,12.131,12.83500000000004,0.7040000000000399,0.7040000000000399
0.0001719217,12.157,12.855000000000011,0.6980000000000115,0.6980000000000115
0.0001739605,12.18,12.908999999999983,0.7289999999999826,0.7289999999999826
0.0001759145,12.203,12.846000000000046,0.643000000000046,0.643000000000046
0.0001779548,12.225,12.869999999999989,0.6449999999999887,0.6449999999999887
0.0001799922,12.248000000000001,12.915000000000045,0.6670000000000451,0.6670000000000451
0.0001819405,12.272,12.873999999999995,0.6019999999999963,0.6019999999999963
0.000183984,12.298,12.910999999999996,0.612999999999996,0.612999999999996
0.0001859446,12.322,13.035000000000046,0.7130000000000454,0.7130000000000454
0.00018799,12.342,12.972999999999995,0.6309999999999958,0.6309999999999958
0.0001899471,12.361,13.002999999999993,0.6419999999999941,0.6419999999999941
0.0001919111,12.378,13.069999999999993,0.6919999999999944,0.6919999999999944
0.0001939597,12.397,13.119999999999994,0.7229999999999934,0.7229999999999934
0.0001959124,12.414,13.168999999999993,0.7549999999999935,0.7549999999999935
0.0001979532,12.434,13.12,0.6859999999999995,0.7639999999999989
0.0001999998,12.453,13.149000000000001,0.6960000000000002,0.7739999999999996
0.0002019597,12.472999999999999,13.189,0.7160000000000002,0.7939999999999996
0.0002039204,12.494,13.245000000000003,0.751000000000003,0.8290000000000024
0.0002059703,12.52,13.259,0.7390000000000005,0.817
0.0002079314,12.549,13.295000000000002,0.746000000000002,0.8240000000000014
0.0002099813,12.583,13.328,0.7449999999999997,0.8229999999999991
0.0002119404,12.619,13.328,0.7089999999999996,0.786999999999999
0.0002139869,12.658,13.344,0.6859999999999997,0.7639999999999991
0.0002159435,12.697,13.358,0.6610000000000007,0.7390000000000001
0.000217989,12.74,13.375,0.6350000000000002,0.7129999999999996
0.0002199462,12.783999999999999,13.407999999999998,0.6239999999999979,0.7019999999999973
0.0002219927,12.831,13.449,0.6180000000000001,0.6959999999999995
0.0002239499,12.878,13.474999999999998,0.596999999999998,0.6749999999999974
0.0002259999,12.93,13.506,0.5760000000000005,0.6539999999999999
0.0002279686,12.982,13.555999999999997,0.5739999999999985,0.6519999999999979
0.0002299496,13.038,13.606,0.5680000000000001,0.6459999999999995
0.0002319296,13.096,13.638000000000002,0.542000000000002,0.6200000000000014
0.0002339981,13.158,13.678,0.52,0.5979999999999994
0.0002359733,13.216999999999999,13.740000000000002,0.5230000000000015,0.6010000000000009
0.0002379494,13.276,13.792999999999997,0.5169999999999977,0.5949999999999971
0.0002399234,13.334,13.841999999999999,0.5079999999999982,0.5859999999999976
0.0002419805,13.394,13.886999999999997,0.4929999999999981,0.5709999999999975
0.000243945,13.449,13.924000000000003,0.4750000000000023,0.5530000000000017
0.0002459987,13.504,13.955,0.45100000000000007,0.5289999999999995
0.0002479641,13.554,14.019999999999998,0.46599999999999797,0.5439999999999974
0.0002499303,13.604,14.088999999999999,0.4849999999999981,0.5629999999999975
0.000251987,13.657,14.188000000000002,0.5310000000000028,0.6090000000000022
0.0002539542,13.709,14.287999999999998,0.5789999999999988,0.6569999999999983
0.0002559198,13.763,14.395,0.6320000000000006,0.71
0.0002579843,13.828,14.566999999999998,0.7389999999999985,0.816999999999998
0.0002599645,13.904,14.741,0.8370000000000006,0.915
0.0002619428,13.991,14.911999999999997,0.9209999999999976,0.998999999999997
0.0002639135,14.091,15.078999999999999,0.9879999999999991,1.0659999999999985
0.0002659662,14.204,15.165,0.9609999999999985,1.038999999999998
0.0002679243,14.309,15.188000000000002,0.8790000000000018,0.9570000000000012
0.0002699702,14.41,15.212999999999997,0.8029999999999977,0.8809999999999971
0.0002719433,14.501,15.230999999999998,0.7299999999999982,0.8079999999999976
0.0002739166,14.584,15.250000000000002,0.6660000000000021,0.7440000000000015
0.0002759762,14.667,15.275999999999998,0.6089999999999982,0.6869999999999976
0.0002779415,14.746,15.318000000000001,0.5720000000000005,0.6499999999999999
0.000279996,14.83,15.405999999999999,0.5759999999999992,0.6539999999999986
0.0002819738,14.913,15.480999999999998,0.5679999999999983,0.6459999999999977
0.0002839569,14.994,15.561999999999998,0.5679999999999987,0.6459999999999981
0.0002859375,15.072,15.633999999999997,0.5619999999999976,0.639999999999997
0.0002879137,15.146999999999998,15.703,0.556,0.6339999999999995
0.0002899753,15.221,15.794999999999998,0.5739999999999981,0.6519999999999975
0.0002919429,15.291,15.857000000000003,0.5660000000000025,0.6440000000000019
0.0002939924,15.362,15.926999999999996,0.5649999999999968,0.6429999999999962
0.0002959551,15.428,15.996000000000002,0.5680000000000023,0.6460000000000017
0.0002979159,15.492999999999999,16.066999999999997,0.5739999999999981,0.6519999999999975
0.0002999647,15.559000000000001,16.151000000000003,0.5920000000000014,0.6700000000000008
0.000301915,15.622,16.237,0.6149999999999975,0.692999999999997
0.0003039761,15.684999999999999,16.293,0.6080000000000014,0.6860000000000008
0.000305948,15.74,16.363999999999997,0.6239999999999979,0.7019999999999973
0.0003079259,15.79,16.439999999999998,0.6499999999999968,0.7279999999999962
0.000309989,15.835,16.486,0.6510000000000016,0.729000000000001
0.0003119584,15.873000000000001,16.552999999999997,0.679999999999997,0.7579999999999965
0.0003139267,15.908,16.609,0.7010000000000014,0.7790000000000008
0.0003159923,15.948,16.669,0.7210000000000001,0.7989999999999995
0.0003179785,15.992,16.743000000000002,0.7510000000000003,0.8289999999999997
0.0003199539,16.04,16.814,0.7740000000000009,0.8520000000000003
0.0003219219,16.091,16.904999999999994,0.8139999999999956,0.891999999999995
0.0003239692,16.149,16.945,0.7960000000000003,0.8739999999999997
0.0003259345,16.206,17.006,0.8000000000000025,0.8780000000000019
0.0003279876,16.269,17.052,0.7829999999999995,0.8609999999999989
0.0003299518,16.334,17.112000000000005,0.7780000000000049,0.8560000000000043
0.0003319179,16.4,17.122,0.7220000000000013,0.8000000000000007
0.000333975,16.466,17.145999999999997,0.6799999999999962,0.7579999999999956
0.0003359384,16.525,17.137999999999998,0.6130000000000004,0.6909999999999998
0.000337995,16.586,17.163999999999998,0.5779999999999985,0.6559999999999979
0.0003399777,16.645,17.189000000000007,0.5440000000000058,0.6220000000000052
0.0003419532,16.703,17.213,0.5100000000000016,0.588000000000001
0.0003439246,16.759999999999998,17.282999999999998,0.522999999999997,0.6009999999999964
0.0003459788,16.817,17.339,0.5219999999999967,0.5999999999999961
0.0003479397,16.871,17.404000000000003,0.5330000000000057,0.6110000000000051
0.0003499894,16.925,17.476000000000006,0.5510000000000055,0.6290000000000049
0.0003519514,16.974,17.534,0.5599999999999987,0.6379999999999981
0.0003539119,17.021,17.594,0.5730000000000004,0.6509999999999998
0.0003559542,17.069,17.673000000000005,0.6040000000000045,0.6820000000000039
0.0003579876,17.115000000000002,17.723999999999997,0.6089999999999947,0.6869999999999941
0.0003599237,17.155,17.748,0.5930000000000017,0.6710000000000012
0.0003619399,17.195,17.79200000000001,0.5970000000000102,0.6750000000000096
0.0003639515,17.233,17.798000000000002,0.5650000000000004,0.6429999999999998
0.0003659751,17.269,17.854999999999997,0.5859999999999959,0.6639999999999953
0.0003679479,17.301000000000002,17.888000000000012,0.5870000000000104,0.6650000000000098
0.0003699166,17.332,17.934999999999995,0.6029999999999962,0.6809999999999956
0.0003719605,17.364,17.966,0.6019999999999994,0.6799999999999988
0.0003739801,17.397,18.029999999999998,0.6329999999999973,0.7109999999999967
0.0003759999,17.433,18.086999999999996,0.6539999999999955,0.7319999999999949
0.0003779576,17.469,18.144,0.6749999999999972,0.7529999999999966
0.0003799204,17.506999999999998,18.191000000000003,0.684000000000001,0.7620000000000005
0.0003819723,17.546,18.266999999999996,0.7209999999999956,0.798999999999995
0.0003839344,17.582,18.305,0.7229999999999999,0.8009999999999993
0.0003859857,17.619,18.383999999999997,0.764999999999997,0.8429999999999964
0.0003879475,17.653,18.417,0.7640000000000011,0.8420000000000005
0.0003899989,17.688,18.48800000000001,0.8000000000000105,0.8780000000000099
0.0003919617,17.719,18.523,0.8040000000000003,0.8819999999999997
0.0003939214,17.752,18.59200000000001,0.8400000000000096,0.918000000000009
0.000395968,17.787,18.649,0.8619999999999992,0.9399999999999986
0.0003979327,17.823999999999998,18.822000000000006,0.9980000000000064,1.0760000000000058
0.000399989,17.857,18.974999999999994,1.1179999999999959,1.1959999999999953
0.0004019547,17.883,19.031,1.1479999999999988,1.2259999999999982
0.0004039238,17.906,19.147,1.2409999999999988,1.3189999999999982
0.000405982,17.931,19.157999999999994,1.2269999999999959,1.3049999999999953
0.0004079486,17.957,19.070999999999998,1.1139999999999999,1.1919999999999993
0.0004099127,17.984,19.017000000000003,1.0330000000000013,1.1110000000000007
0.0004119658,18.011,18.897,0.8859999999999992,0.9639999999999986
0.0004139297,18.034,18.803000000000004,0.7690000000000063,0.8470000000000057
0.0004159843,18.056,18.761999999999997,0.7059999999999969,0.7839999999999963
0.0004179548,18.076,18.73000000000001,0.6540000000000097,0.7320000000000091
0.0004199282,18.096,18.699999999999996,0.6039999999999974,0.6819999999999968
0.0004219114,18.119,18.6834,0.5644,0.6423999999999994
0.0004239741,18.147,18.6904,0.5434000000000001,0.6213999999999995
0.0004259357,18.176000000000002,18.7059,0.5298999999999996,0.607899999999999
0.0004279784,18.208,18.734799999999996,0.526799999999997,0.6047999999999965
0.0004299254,18.240000000000002,18.761699999999998,0.5216999999999965,0.5996999999999959
0.0004319576,18.274,18.755499999999998,0.4814999999999987,0.5594999999999981
0.0004339909,18.308,18.774229999999996,0.4662299999999977,0.5442299999999971
0.0004359552,18.34,18.786799999999996,0.4467999999999961,0.5247999999999955
0.0004379206,18.373,18.777100000000004,0.404100000000005,0.4821000000000044
0.0004399739,18.406,18.766,0.3600000000000003,0.4379999999999997
0.0004419405,18.439,18.777299999999997,0.3382999999999976,0.416299999999997
0.0004439918,18.472,18.778799999999997,0.3067999999999991,0.3847999999999985
0.0004459484,18.503,18.7697,0.26669999999999927,0.3446999999999987
0.000447993,18.534,18.78780000000001,0.2538000000000107,0.3318000000000101
0.0004499461,18.561999999999998,18.7672,0.2052000000000005,0.2831999999999999
0.0004519847,18.589,18.7766,0.18759999999999888,0.2655999999999983
0.0004539325,18.612000000000002,18.775799999999997,0.1637999999999975,0.2417999999999969
0.0004559824,18.634,18.779799999999998,0.1457999999999986,0.223799999999998
0.0004579609,18.655,18.7947,0.1396999999999986,0.217699999999998
0.0004599333,18.675,18.835499999999996,0.1604999999999981,0.2384999999999975
0.0004619782,18.695999999999998,18.906000000000006,0.2100000000000044,0.2880000000000038
0.0004639294,18.716,18.954,0.23800000000000043,0.31599999999999984
0.000465969,18.734,19.016999999999996,0.2829999999999977,0.3609999999999971
0.0004679259,18.75,19.034999999999997,0.28499999999999837,0.36299999999999777
0.000469988,18.765,19.024000000000004,0.2590000000000048,0.3370000000000042
0.0004719447,18.779,19.009999999999998,0.23099999999999987,0.3089999999999993
0.0004739927,18.791,18.991,0.20000000000000018,0.2779999999999996
0.000475953,18.8,18.979,0.1789999999999985,0.2569999999999979
0.0004779123,18.809,18.964,0.15499999999999758,0.232999999999997
0.0004799579,18.82,18.951000000000004,0.13100000000000556,0.20900000000000496
0.0004819311,18.83,18.946000000000005,0.11600000000000499,0.1940000000000044
0.0004839957,18.843,18.951999999999998,0.10899999999999821,0.1869999999999976
0.0004859693,18.856,18.951999999999998,0.09600000000000009,0.1739999999999995
0.0004879406,18.869,18.974999999999998,0.1059999999999981,0.1839999999999975
0.000489919,18.881999999999998,18.991999999999997,0.10999999999999854,0.18799999999999795
0.0004919685,18.896,19.011000000000006,0.11500000000000643,0.19300000000000583
0.0004939331,18.909,19.026000000000003,0.11700000000000532,0.19500000000000473
0.0004959903,18.924,19.046999999999997,0.12299999999999756,0.20099999999999696
0.0004979622,18.936999999999998,19.061999999999998,0.12499999999999822,0.20299999999999763
0.0004999321,18.951,19.072999999999997,0.12199999999999722,0.19999999999999662
0.0005019916,18.964,19.081999999999997,0.11799999999999766,0.19599999999999707
0.0005039845,18.976,19.083999999999996,0.10799999999999788,0.18599999999999728
0.0005059717,18.987000000000002,19.083999999999996,0.09699999999999775,0.17499999999999716
0.0005079507,18.998,19.081999999999997,0.08399999999999697,0.16199999999999637
0.0005099259,19.008,19.08,0.07199999999999829,0.1499999999999977
0.000511986,19.018,19.067,0.04900000000000038,0.12699999999999978
0.0005139533,19.027,19.075000000000006,0.04800000000000626,0.12600000000000566
0.0005159995,19.035,19.074000000000005,0.03900000000000592,0.11700000000000532
0.0005179676,19.041,19.064999999999998,0.02400000000000002,0.10199999999999942
0.0005199384,19.046,19.078000000000003,0.03200000000000447,0.11000000000000387
0.0005219962,19.051,19.073,0.02200000000000113,0.10000000000000053
0.0005239624,19.055,19.089,0.03399999999999803,0.11199999999999743
0.0005259262,19.06,19.097000000000005,0.03700000000000525,0.11500000000000465
0.0005279782,19.064,19.107,0.04299999999999837,0.12099999999999778
0.0005299395,19.068,19.106,0.03799999999999937,0.11599999999999877
0.0005319927,19.073,19.130000000000003,0.057000000000004825,0.13500000000000423
0.0005339558,19.078,19.151000000000003,0.07300000000000484,0.15100000000000424
0.0005359194,19.085,19.180000000000007,0.09500000000000508,0.17300000000000448
0.0005379739,19.096,19.217000000000006,0.12100000000000666,0.19900000000000606
0.0005399382,19.11,19.253000000000004,0.14300000000000335,0.22100000000000275
0.0005419898,19.127,19.277,0.15000000000000124,0.22800000000000065
0.0005439523,19.144,19.320999999999998,0.17699999999999871,0.2549999999999981
0.0005459155,19.161,19.364999999999995,0.2039999999999944,0.2819999999999938
0.0005479688,19.177,19.398999999999997,0.22199999999999687,0.29999999999999627
0.0005499299,19.193,19.415,0.22199999999999864,0.29999999999999805
0.0005519776,19.21,19.436999999999998,0.22699999999999765,0.30499999999999705
0.0005539412,19.227,19.448999999999998,0.22200000000000042,0.2999999999999998
0.0005559906,19.247,19.482999999999997,0.23599999999999977,0.31399999999999917
0.0005579479,19.267,19.492,0.22500000000000053,0.30299999999999994
0.0005599984,19.288,19.525,0.2369999999999992,0.3149999999999986
0.0005619506,19.307,19.542000000000005,0.23500000000000565,0.31300000000000505
0.0005639938,19.323999999999998,19.546999999999997,0.22299999999999986,0.30099999999999927
0.00056596,19.34,19.545999999999996,0.20599999999999685,0.28399999999999626
0.0005679255,19.355999999999998,19.530999999999995,0.17499999999999627,0.2529999999999957
0.0005699871,19.373,19.508,0.1349999999999989,0.2129999999999983
0.000571958,19.392,19.500000000000007,0.10800000000000498,0.18600000000000438
0.0005739288,19.41,19.485,0.07500000000000018,0.15299999999999958
0.00057599,19.428,19.483,0.055000000000000604,0.133
0.0005779678,19.445,19.491,0.04600000000000026,0.12399999999999967
0.0005799477,19.462,19.505,0.04299999999999837,0.12099999999999778
0.0005819227,19.479,19.512999999999998,0.03399999999999981,0.11199999999999921
0.0005839848,19.496,19.540000000000003,0.04400000000000315,0.12200000000000255
0.0005859638,19.512,19.527,0.01499999999999968,0.09299999999999908
0.0005879387,19.526,19.536,0.010000000000000675,0.08800000000000008
0.0005899993,19.538,19.568999999999996,0.030999999999996142,0.10899999999999554
0.0005919691,19.549,19.576000000000004,0.027000000000003688,0.10500000000000309
0.0005939388,19.558,19.587,0.029000000000000803,0.1070000000000002
0.0005959951,19.569,19.637999999999998,0.0689999999999964,0.1469999999999958
0.0005979546,19.578,19.655,0.07700000000000085,0.15500000000000025
0.0005999133,19.585,19.711000000000002,0.1260000000000021,0.2040000000000015
0.000601958,19.591,19.749999999999996,0.15899999999999626,0.23699999999999566
0.0006039121,19.595,19.765,0.17000000000000082,0.24800000000000022
0.0006059606,19.601,19.795,0.19399999999999995,0.27199999999999935
0.0006079202,19.607,19.820999999999998,0.21399999999999952,0.2919999999999989
0.0006099686,19.618,19.845,0.22699999999999942,0.3049999999999988
0.000611927,19.632,19.869,0.2369999999999992,0.3149999999999986
0.0006139729,19.653,19.893,0.2400000000000011,0.3180000000000005
0.0006159298,19.678,19.937999999999995,0.2599999999999971,0.3379999999999965
0.0006179759,19.709,19.971000000000004,0.2620000000000031,0.3400000000000025
0.0006199341,19.742,19.986,0.24400000000000066,0.32200000000000006
0.0006219844,19.78,20.026,0.24599999999999955,0.32399999999999896
0.000623955,19.819,20.061,0.242,0.3199999999999994
0.0006259208,19.858999999999998,20.110999999999997,0.251999999999998,0.3299999999999974
0.0006279762,19.9,20.126999999999995,0.22699999999999765,0.30499999999999705
0.0006299404,19.94,20.157000000000004,0.2170000000000032,0.2950000000000026
0.0006319917,19.980999999999998,20.165,0.1839999999999984,0.2619999999999978
0.0006339512,20.019,20.189000000000004,0.17000000000000437,0.24800000000000377
0.0006359968,20.057,20.180999999999997,0.12399999999999967,0.20199999999999907
0.0006379595,20.091,20.192,0.10099999999999998,0.17899999999999938
0.0006399286,20.123,20.213000000000005,0.0900000000000043,0.1680000000000037
0.0006419871,20.156,20.218,0.06200000000000028,0.13999999999999968
0.0006439457,20.187,20.235,0.04800000000000093,0.12600000000000033
0.0006459969,20.218,20.2563,0.038300000000000445,0.11629999999999985
0.0006479637,20.248,20.289100000000005,0.04110000000000458,0.11910000000000398
0.0006499299,20.278,20.314999999999998,0.036999999999998145,0.11499999999999755
0.0006519862,20.31,20.345699999999997,0.03569999999999762,0.11369999999999703
0.0006539558,20.341,20.3687,0.02770000000000028,0.10569999999999968
0.0006559219,20.371,20.4047,0.03370000000000051,0.11169999999999991
0.0006579766,20.404,20.455399999999997,0.05140000000000011,0.12939999999999952
0.0006599367,20.438,20.4957,0.057699999999997864,0.13569999999999727
0.0006619775,20.478,20.548,0.06999999999999762,0.14799999999999702
0.0006639251,20.52,20.607999999999997,0.08799999999999653,0.16599999999999593
0.0006659701,20.568,20.659999999999997,0.09199999999999608,0.1699999999999955
0.0006679341,20.613,20.716,0.10300000000000242,0.18100000000000183
0.0006699814,20.659,20.753999999999998,0.09499999999999797,0.17299999999999738
0.0006719441,20.701999999999998,20.798,0.0959999999999992,0.1739999999999986
0.0006739929,20.746,20.840999999999998,0.09499999999999797,0.17299999999999738
0.0006759367,20.787,20.873,0.08600000000000119,0.1640000000000006
0.0006779644,20.831,20.927,0.09599999999999742,0.17399999999999682
0.0006799896,20.875,20.971000000000004,0.0960000000000063,0.1740000000000057
0.0006819306,20.918,21.015000000000008,0.09700000000000575,0.17500000000000515
0.0006839699,20.962,21.064000000000004,0.10200000000000298,0.18000000000000238
0.0006859154,21.006,21.107,0.10100000000000176,0.17900000000000116
0.0006879427,21.058,21.168999999999997,0.11099999999999977,0.18899999999999917
0.0006899643,21.098,21.248999999999988,0.15099999999999003,0.22899999999998943
0.0006919764,21.148,21.32399999999999,0.1759999999999904,0.2539999999999898
0.0006939851,21.198,21.40599999999999,0.20799999999999041,0.2859999999999898
0.0006959912,21.248,21.486,0.23800000000000043,0.31599999999999984
0.0006979945,21.288,21.59399999999999,0.30599999999999117,0.38399999999999057
0.0006999971,21.328,21.68399999999999,0.3559999999999901,0.4339999999999895
0.0007019142,21.358,21.749,0.3909999999999991,0.46899999999999853
0.0007039214,21.387999999999998,21.810000000000006,0.4220000000000068,0.5000000000000062
0.0007059257,21.408,21.833000000000006,0.42500000000000515,0.5030000000000046
0.0007079494,21.428,21.843,0.41500000000000004,0.49299999999999944
0.0007099973,21.458,21.850000000000005,0.3920000000000057,0.4700000000000051
0.0007119536,21.478,21.835000000000004,0.35700000000000376,0.43500000000000316
0.0007139169,21.498,21.807000000000002,0.30900000000000016,0.38699999999999957
0.0007159744,21.528,21.79699999999999,0.26899999999999213,0.34699999999999154
0.0007179367,21.548,21.774,0.22600000000000176,0.30400000000000116
0.0007199641,21.568,21.774000000000004,0.20600000000000396,0.28400000000000336
0.0007219896,21.588,21.753,0.16500000000000004,0.24299999999999944
0.0007239313,21.618,21.757999999999992,0.13999999999999257,0.21799999999999198
0.0007259735,21.637999999999998,21.758999999999993,0.12099999999999245,0.19899999999999185
0.0007279202,21.658,21.760000000000005,0.10200000000000475,0.18000000000000416
0.0007299493,21.678,21.764000000000003,0.08600000000000474,0.16400000000000414
0.0007319726,21.698,21.759999999999998,0.06200000000000028,0.13999999999999968
0.0007339902,21.708,21.77299999999999,0.06499999999999151,0.1429999999999909
0.0007359155,21.718,21.773000000000007,0.05500000000000771,0.1330000000000071
0.0007379254,21.728,21.761,0.032999999999998586,0.11099999999999799
0.0007399344,21.738,21.76899999999999,0.030999999999990813,0.10899999999999022
0.0007419729,21.748,21.763999999999992,0.01599999999999202,0.09399999999999142
0.0007439412,21.758,21.760999999999992,0.00299999999999212,0.08099999999999152
0.0007459748,21.768,21.75899999999999,-0.009000000000010111,0.07099999999999174
0.0007479988,21.778,21.762000000000008,-0.015999999999993797,0.07800000000000384
0.000749967,21.778,21.766000000000005,-0.011999999999994237,0.07400000000000428
0.0007519462,21.788,21.761,-0.027000000000000135,0.06899999999999995
0.0007539251,21.788,21.77599999999999,-0.012000000000008448,0.07399999999999007
0.0007559945,21.798,21.78199999999999,-0.016000000000008008,0.07799999999998963
0.0007579728,21.798,21.791000000000004,-0.006999999999993456,0.07100000000000595
0.00075995,21.808,21.798000000000002,-0.009999999999998899,0.0680000000000005
0.0007619242,21.808,21.823000000000008,0.015000000000006786,0.09300000000000619
0.0007639619,21.818,21.851000000000006,0.033000000000003915,0.11100000000000332
0.0007659165,21.838,21.932999999999993,0.09499999999999087,0.17299999999999027
0.000767977,21.858,21.987000000000002,0.12900000000000045,0.20699999999999985
0.0007699478,21.887999999999998,22.041,0.15300000000000136,0.23100000000000076
0.0007719166,21.918,22.088,0.17000000000000082,0.24800000000000022
0.0007739722,21.958,22.142000000000003,0.18400000000000194,0.26200000000000134
0.0007759448,21.998,22.202000000000005,0.20400000000000507,0.28200000000000447
0.0007779194,22.038,22.243,0.20499999999999918,0.2829999999999986
0.0007799809,22.078,22.299000000000007,0.22100000000000453,0.29900000000000393
0.000781954,22.118,22.341000000000005,0.2230000000000052,0.3010000000000046
0.000783922,22.148,22.371,0.2229999999999981,0.3009999999999975
0.0007859742,22.178,22.403,0.22499999999999876,0.30299999999999816
0.0007879411,22.208,22.440000000000005,0.23200000000000554,0.31000000000000494
0.0007899958,22.238,22.455000000000002,0.21700000000000141,0.2950000000000008
0.0007919551,22.258,22.489999999999988,0.23199999999998955,0.30999999999998895
0.0007939195,22.278,22.517000000000003,0.2390000000000052,0.3170000000000046
0.0007959732,22.298,22.541000000000004,0.24300000000000477,0.32100000000000417
0.000797938,22.308,22.556000000000004,0.24800000000000733,0.32600000000000673
0.0007999931,22.318,22.565999999999992,0.24799999999999134,0.32599999999999074
0.0008019603,22.328,22.571999999999992,0.24399999999999178,0.3219999999999912
0.000803929,22.328,22.577000000000005,0.249000000000005,0.3270000000000044
0.0008059915,22.338,22.582000000000008,0.244000000000006,0.3220000000000054
0.0008079608,22.358,22.59299999999999,0.23499999999999144,0.31299999999999084
0.0008099303,22.368,22.612999999999992,0.244999999999993,0.3229999999999924
0.0008119983,22.387999999999998,22.64199999999999,0.25399999999999157,0.33199999999999097
0.0008139753,22.398,22.683999999999997,0.28599999999999515,0.36399999999999455
0.0008159524,22.418,22.703000000000003,0.2850000000000046,0.363000000000004
0.000817929,22.428,22.731000000000005,0.30300000000000527,0.38100000000000467
0.0008199897,22.448,22.761000000000003,0.31300000000000505,0.39100000000000446
0.0008219556,22.468,22.779,0.31100000000000083,0.38900000000000023
0.0008239177,22.488,22.805,0.3169999999999993,0.3949999999999987
0.000825971,22.498,22.84400000000001,0.34600000000000986,0.42400000000000926
0.0008279374,22.518,22.844000000000005,0.32600000000000495,0.40400000000000436
0.0008299932,22.528,22.839,0.31100000000000083,0.38900000000000023
0.0008319651,22.548,22.849000000000004,0.3010000000000046,0.379000000000004
0.0008339369,22.558,22.856000000000005,0.29800000000000626,0.37600000000000566
0.0008359939,22.568,22.866,0.29799999999999915,0.37599999999999856
0.000837959,22.578,22.9,0.32200000000000006,0.39999999999999947
0.0008399337,22.598,22.952000000000005,0.3540000000000054,0.4320000000000048
0.0008419994,22.618,22.984,0.36600000000000055,0.44399999999999995
0.0008439775,22.637999999999998,23.024,0.3860000000000001,0.4639999999999995
0.0008459409,22.658,23.074999999999996,0.4169999999999954,0.4949999999999948
0.0008479891,22.678,23.102000000000004,0.4240000000000057,0.5020000000000051
0.0008499495,22.708,23.132999999999992,0.4249999999999927,0.5029999999999921
0.0008519973,22.738,23.176799999999997,0.4387999999999961,0.5167999999999955
0.000853942,22.768,23.1769,0.40890000000000004,0.48689999999999944
0.0008559959,22.798,23.2007,0.40270000000000206,0.48070000000000146
0.0008579722,22.838,23.2295,0.39149999999999974,0.46949999999999914
0.0008599415,22.878,23.268330000000006,0.3903300000000067,0.46833000000000613
0.0008619965,22.918,23.310519999999997,0.39251999999999665,0.47051999999999605
0.0008639674,22.958,23.316899999999997,0.35889999999999933,0.43689999999999873
0.0008659357,22.998,23.36220000000001,0.36420000000001007,0.4422000000000095
0.0008679898,23.028,23.368100000000005,0.34010000000000584,0.41810000000000525
0.0008699503,23.058,23.362000000000002,0.30400000000000116,0.38200000000000056
0.0008719955,23.078,23.351300000000002,0.2732999999999999,0.3512999999999993
0.0008739477,23.098,23.343100000000007,0.2451000000000052,0.3231000000000046
0.0008759853,23.118,23.3187,0.20070000000000032,0.2786999999999997
0.0008779325,23.137999999999998,23.313799999999993,0.17579999999999618,0.2537999999999956
0.0008799668,23.148,23.2664,0.11840000000000028,0.19639999999999969
0.0008819997,23.158,23.2605,0.10250000000000004,0.18049999999999944
0.0008839427,23.168,23.2587,0.09070000000000089,0.1687000000000003
0.0008859723,23.178,23.2474,0.06939999999999902,0.14739999999999842
0.0008879123,23.188,23.259,0.07100000000000062,0.14900000000000002
0.0008899483,23.208,23.271,0.0630000000000015,0.1410000000000009
0.0008919942,23.218,23.296999999999997,0.07899999999999618,0.1569999999999956
0.000893949,23.228,23.294,0.06599999999999984,0.14399999999999924
0.0008959908,23.248,23.328999999999997,0.08099999999999685,0.15899999999999626
0.0008979309,23.258,23.35700000000001,0.09900000000000997,0.17700000000000937
0.0008999786,23.278,23.366,0.08800000000000185,0.16600000000000126
0.000901934,23.298,23.409,0.11099999999999977,0.18899999999999917
0.0009039789,23.318,23.46,0.14199999999999857,0.21999999999999797
0.0009059487,23.338,23.502000000000002,0.1640000000000006,0.242
0.0009079192,23.358,23.549,0.19099999999999984,0.26899999999999924
0.0009099871,23.378,23.596,0.21800000000000086,0.29600000000000026
0.0009119608,23.408,23.652,0.24400000000000066,0.32200000000000006
0.0009139158,23.428,23.707,0.2790000000000008,0.3570000000000002
0.0009159589,23.458,23.806999999999995,0.34899999999999753,0.42699999999999694
0.0009179194,23.488,23.88500000000001,0.39700000000000824,0.47500000000000764
0.0009199798,23.528,23.9533,0.4252999999999991,0.5032999999999985
0.0009219345,23.558,24.0258,0.4678000000000013,0.5458000000000007
0.0009239849,23.588,24.106999999999996,0.5189999999999957,0.5969999999999951
0.0009259429,23.618,24.145600000000005,0.5276000000000058,0.6056000000000052
0.000927984,23.648,24.1769,0.5288999999999993,0.6068999999999987
0.0009299295,23.678,24.249499999999998,0.5714999999999977,0.6494999999999971
0.0009319573,23.708,24.267400000000002,0.559400000000001,0.6374000000000004
0.0009339919,23.738,24.2939,0.5558999999999985,0.6338999999999979
0.0009359536,23.758,24.32184,0.5638399999999999,0.6418399999999993
0.0009379185,23.788,24.33439,0.5463899999999997,0.6243899999999991
0.0009399749,23.808,24.341549999999998,0.5335500000000009,0.6115500000000003
0.0009419418,23.828,24.34141,0.5134099999999995,0.5914099999999989
0.0009439862,23.838,24.352099999999993,0.5140999999999911,0.5920999999999905
0.0009459342,23.848,24.3328,0.484799999999999,0.5627999999999984
0.0009479681,23.868,24.3171,0.4491000000000005,0.5270999999999999
0.0009499123,23.878,24.312500000000007,0.4345000000000061,0.5125000000000055
0.0009519689,23.898,24.2957,0.3976999999999995,0.4756999999999989
0.0009539415,23.918,24.27735,0.35935000000000006,0.43734999999999946
0.0009559107,23.938,24.285149999999994,0.34714999999999474,0.42514999999999414
0.0009579708,23.948,24.26407,0.31607000000000074,0.39407000000000014
0.0009599391,23.968,24.26506999999999,0.29706999999999173,0.37506999999999113
0.0009619882,23.978,24.26008999999999,0.2820899999999904,0.3600899999999898
0.0009639475,23.988,24.24193,0.25392999999999954,0.33192999999999895
0.0009659967,23.998,24.24709999999999,0.24909999999999055,0.32709999999998995
0.0009679557,24.008,24.2198,0.2118000000000011,0.2898000000000005
0.0009699128,24.018,24.22379999999999,0.2057999999999902,0.2837999999999896
0.0009719578,24.028,24.207000000000004,0.1790000000000047,0.2570000000000041
0.0009739135,24.038,24.1936,0.15560000000000063,0.23360000000000003
0.0009759575,24.048,24.1911,0.14310000000000134,0.22110000000000074
0.000977914,24.058,24.19460000000001,0.1366000000000076,0.214600000000007
0.0009799696,24.068,24.204999999999995,0.13699999999999424,0.21499999999999364
0.0009819276,24.078,24.178800000000003,0.10080000000000044,0.17879999999999985
0.000983977,24.098,24.1769,0.07889999999999997,0.15689999999999937
0.0009859373,24.108,24.177800000000005,0.06980000000000519,0.1478000000000046
0.0009879914,24.118,24.178980000000003,0.06098000000000514,0.13898000000000454
0.0009899651,24.128,24.16429,0.036290000000000155,0.11428999999999956
0.0009919303,24.137999999999998,24.186620000000005,0.04862000000000588,0.12662000000000528
0.000993987,24.148,24.17834,0.030339999999998035,0.10833999999999744
0.0009959502,24.168,24.204390000000004,0.03639000000000525,0.11439000000000465
0.0009979993,24.178,24.22889999999999,0.05089999999999062,0.12889999999999002
0.0009999551,24.188,24.242700000000006,0.054700000000004856,0.13270000000000426
0.001001996,24.198,24.273800000000005,0.07580000000000542,0.15380000000000482
0.001003948,24.218,24.305600000000005,0.08760000000000456,0.16560000000000397
0.001005998,24.228,24.334200000000003,0.10620000000000385,0.18420000000000325
0.001007978,24.248,24.362000000000002,0.11399999999999988,0.19199999999999928
0.001009958,24.268,24.41169999999999,0.14369999999999106,0.22169999999999046
0.001011939,24.288,24.444400000000005,0.15640000000000587,0.23440000000000527
0.001013982,24.318,24.4708,0.15280000000000005,0.23079999999999945
0.001015939,24.338,24.506100000000004,0.16810000000000525,0.24610000000000465
0.00101798,24.368,24.54699999999999,0.1789999999999905,0.2569999999999899
0.001019933,24.398,24.564,0.16599999999999948,0.24399999999999888
0.00102199,24.418,24.61699999999999,0.19899999999999007,0.2769999999999895
0.001023964,24.448,24.654,0.2060000000000004,0.2839999999999998
0.001025939,24.478,24.71699999999999,0.23899999999998922,0.3169999999999886
0.001027927,24.508,24.752000000000002,0.24400000000000066,0.32200000000000006
0.001029998,24.538,24.804000000000002,0.2660000000000009,0.3440000000000003
0.001031972,24.578,24.852,0.274,0.3519999999999994
0.001033932,24.608,24.918000000000006,0.31000000000000494,0.38800000000000434
0.001035981,24.648,24.980000000000004,0.3320000000000052,0.4100000000000046
0.001037933,24.688,25.029000000000003,0.3410000000000055,0.4190000000000049
0.00103997,24.728,25.08499999999999,0.35699999999998955,0.43499999999998895
0.001041916,24.778,25.130000000000006,0.35200000000000653,0.43000000000000593
0.001043948,24.818,25.16599999999999,0.347999999999991,0.4259999999999904
0.001045912,24.868,25.217000000000006,0.3490000000000064,0.4270000000000058
0.001047978,24.918,25.284,0.36600000000000055,0.44399999999999995
0.001049949,24.968,25.363,0.39500000000000046,0.47299999999999986
0.001051921,25.028,25.449000000000005,0.4210000000000056,0.499000000000005
0.001053985,25.078,25.51899999999999,0.44099999999999095,0.5189999999999904
0.001055957,25.128,25.563000000000006,0.4350000000000067,0.5130000000000061
0.001057922,25.178,25.593000000000004,0.41500000000000536,0.49300000000000477
0.00105998,25.228,25.609000000000005,0.38100000000000467,0.45900000000000407
0.001061945,25.268,25.621000000000006,0.353000000000006,0.4310000000000054
0.001063997,25.308,25.63299999999999,0.3249999999999913,0.4029999999999907
0.001065956,25.348,25.618000000000002,0.27000000000000046,0.34799999999999986
0.001067911,25.378,25.615000000000002,0.237000000000001,0.3150000000000004
0.001069951,25.398,25.623999999999988,0.22599999999998932,0.3039999999999887
0.001071988,25.428,25.621000000000006,0.19300000000000583,0.27100000000000524
0.00107394,25.448,25.611,0.16300000000000114,0.24100000000000055
0.001075987,25.468,25.623999999999988,0.1559999999999908,0.23399999999999022
0.001077941,25.488,25.632000000000005,0.14400000000000457,0.22200000000000397
0.001079915,25.508,25.619,0.11099999999999977,0.18899999999999917
0.001081983,25.518,25.616999999999997,0.09899999999999931,0.17699999999999871
0.001083958,25.538,25.628000000000007,0.09000000000000608,0.16800000000000548
0.001085929,25.548,25.633000000000006,0.08500000000000707,0.16300000000000647
0.001087973,25.558,25.628999999999998,0.07100000000000062,0.14900000000000002
0.001089927,25.568,25.644000000000005,0.07600000000000495,0.15400000000000436
0.00109197,25.588,25.652000000000008,0.06400000000000627,0.14200000000000568
0.001093924,25.598,25.67299999999999,0.0749999999999913,0.1529999999999907
0.001095963,25.618,25.678,0.060000000000001386,0.1380000000000008
0.00109793,25.628,25.704000000000004,0.07600000000000495,0.15400000000000436
0.001099918,25.637999999999998,25.71199999999999,0.07399999999999185,0.15199999999999125
0.001101959,25.648,25.721000000000004,0.07300000000000484,0.15100000000000424
0.001103994,25.658,25.729000000000006,0.07100000000000595,0.14900000000000535
0.001105948,25.668,25.74599999999999,0.07799999999999141,0.1559999999999908
0.001107998,25.678,25.741999999999997,0.06399999999999917,0.14199999999999857
0.001109955,25.688,25.746,0.05799999999999894,0.13599999999999834
0.001111995,25.698,25.76499999999999,0.0669999999999904,0.1449999999999898
0.001113943,25.708,25.762,0.05400000000000116,0.13200000000000056
0.001115977,25.728,25.773,0.04499999999999904,0.12299999999999844
0.001117929,25.738,25.792000000000005,0.05400000000000471,0.13200000000000411
0.001119972,25.748,25.80799999999999,0.05999999999998895,0.13799999999998835
0.001121922,25.768,25.81899999999999,0.050999999999990386,0.1289999999999898
0.001123956,25.778,25.821000000000005,0.04300000000000548,0.12100000000000488
0.001125986,25.788,25.818000000000005,0.030000000000005578,0.10800000000000498
0.001127933,25.798,25.811999999999998,0.014000000000000234,0.09199999999999964
0.001129993,25.798,25.816000000000003,0.01800000000000157,0.09600000000000097
0.001131957,25.808,25.820000000000007,0.012000000000006672,0.09000000000000608
0.001133915,25.808,25.828000000000003,0.02000000000000579,0.0980000000000052
0.001135976,25.818,25.83499999999999,0.01699999999998969,0.0949999999999891
0.001137949,25.818,25.847,0.029000000000000803,0.1070000000000002
0.00113999,25.828,25.854,0.025999999999998913,0.10399999999999832
0.001141935,25.828,25.864000000000004,0.036000000000005805,0.11400000000000521
0.001143974,25.838,25.867999999999988,0.02999999999998959,0.107999999999989
0.001145923,25.838,25.845,0.007000000000000561,0.08499999999999996
0.001147957,25.848,25.845,-0.0029999999999992255,0.07500000000000018
0.001149913,25.848,25.85700000000001,0.009000000000010111,0.08700000000000951
0.001151965,25.848,25.85199999999999,0.003999999999991566,0.08199999999999097
0.001153922,25.848,25.834,-0.014000000000000234,0.06399999999999917
0.001155962,25.858,25.834,-0.02400000000000002,0.06599999999999984
0.001157998,25.858,25.842,-0.016000000000000902,0.0619999999999985
0.001159943,25.858,25.841000000000005,-0.01699999999999502,0.07900000000000507
0.001161975,25.858,25.83999999999999,-0.018000000000008676,0.0799999999999903
0.001163937,25.858,25.82899999999999,-0.029000000000009685,0.09099999999999131
0.001165985,25.868,25.834000000000003,-0.03399999999999448,0.09600000000000453
0.001167931,25.868,25.814,-0.05399999999999938,0.0959999999999992
0.001169979,25.868,25.811999999999998,-0.05600000000000005,0.09799999999999986
0.00117195,25.868,25.82799999999999,-0.040000000000010694,0.10199999999999232
0.001173914,25.868,25.834,-0.03399999999999981,0.07599999999999962
0.001175974,25.868,25.871000000000002,0.003000000000001002,0.0810000000000004
0.001177949,25.878,25.92000000000001,0.04200000000001136,0.12000000000001076
0.001179924,25.887999999999998,25.938,0.04999999999999982,0.12799999999999923
0.001181994,25.898,25.987000000000002,0.0890000000000013,0.1670000000000007
0.00118396,25.908,26.052999999999997,0.1449999999999969,0.2229999999999963
0.001185978,25.918,26.073000000000004,0.1550000000000038,0.2330000000000032
0.001187955,25.928,26.101,0.17300000000000093,0.25100000000000033
0.001189917,25.948,26.145,0.19700000000000006,0.27499999999999947
0.001191968,25.968,26.182000000000002,0.21400000000000308,0.2920000000000025
0.001193913,25.988,26.23699999999999,0.24899999999999078,0.3269999999999902
0.001195959,26.018,26.265,0.24700000000000077,0.3250000000000002
0.001197913,26.048,26.335000000000008,0.2870000000000106,0.36500000000001
0.00119995,26.078,26.391000000000005,0.31300000000000505,0.39100000000000446
0.00120198,26.118,26.447000000000003,0.3290000000000015,0.4070000000000009
0.001203916,26.158,26.53799999999999,0.37999999999998924,0.45799999999998864
0.001205948,26.208,26.623,0.4150000000000018,0.4930000000000012
0.00120799,26.268,26.714,0.4460000000000006,0.524
0.001209954,26.328,26.808000000000007,0.48000000000000487,0.5580000000000043
0.001211987,26.387999999999998,26.872,0.4840000000000009,0.5620000000000003
0.001213929,26.458,26.954,0.49600000000000133,0.5740000000000007
0.001215952,26.518,27.049,0.5309999999999997,0.6089999999999991
0.001217968,26.588,27.11499999999998,0.5269999999999806,0.60499999999998
0.001219994,26.668,27.131999999999998,0.46399999999999775,0.5419999999999972
0.001221919,26.738,27.19500000000001,0.4570000000000105,0.5350000000000099
0.001223996,26.828,27.248000000000005,0.42000000000000437,0.4980000000000038
0.001225933,26.918,27.327000000000012,0.40900000000001224,0.48700000000001165
0.001227962,27.008,27.378,0.3700000000000001,0.4479999999999995
0.001229991,27.098,27.445,0.3470000000000022,0.4250000000000016
0.001231928,27.178,27.514,0.3359999999999994,0.4139999999999988
0.001233982,27.268,27.58,0.3119999999999985,0.3899999999999979
0.001235949,27.348,27.639,0.29100000000000126,0.36900000000000066
0.001237965,27.438000000000002,27.7,0.2619999999999978,0.3399999999999972
0.001239913,27.518,27.761,0.24299999999999944,0.32099999999999884
0.00124195,27.598,27.837,0.23900000000000166,0.31700000000000106
0.001243932,27.678,27.9,0.22199999999999864,0.29999999999999805
0.001245912,27.748,27.957,0.20900000000000052,0.2869999999999999
0.001247983,27.818,28.01,0.19200000000000106,0.27000000000000046
0.00124996,27.878,28.076,0.19800000000000129,0.2760000000000007
0.001251934,27.938000000000002,28.135,0.19700000000000006,0.27499999999999947
0.001253998,27.988,28.197,0.20900000000000052,0.2869999999999999
0.001255977,28.028000000000002,28.243,0.2149999999999972,0.2929999999999966
0.001257951,28.068,28.279,0.2109999999999994,0.2889999999999988
0.00125997,28.108,28.392000000000007,0.2840000000000069,0.3620000000000063
0.001261921,28.138,28.317,0.17899999999999938,0.2569999999999988
0.001263972,28.168,28.431999999999995,0.2639999999999967,0.3419999999999961
0.001265935,28.188000000000002,28.346,0.15799999999999859,0.235999999999998
0.001267997,28.208000000000002,28.3658,0.15779999999999905,0.23579999999999846
0.001269969,28.228,28.3882,0.16020000000000056,0.23819999999999997
0.001271938,28.238,28.4011,0.1631000000000009,0.24110000000000031
0.001273998,28.258,28.4284,0.17040000000000166,0.24840000000000106
0.001275963,28.268,28.45,0.1819999999999995,0.2599999999999989
0.001277973,28.278000000000002,28.57350000000001,0.29550000000000853,0.37350000000000794
0.001279997,28.278000000000002,28.4947,0.21670000000000034,0.29469999999999974
0.001281951,28.288,28.5259,0.23790000000000067,0.31590000000000007
0.001283916,28.298000000000002,28.5427,0.24469999999999903,0.32269999999999843
0.001285965,28.298000000000002,28.5717,0.27369999999999894,0.35169999999999835
0.001287938,28.308,28.5989,0.2909000000000015,0.3689000000000009
0.001289996,28.318,28.6222,0.3041999999999989,0.3821999999999983
0.001291962,28.328,28.74030000000001,0.4123000000000099,0.4903000000000093
0.001293924,28.348,28.6698,0.32180000000000053,0.39979999999999993
0.001295971,28.368000000000002,28.691399999999998,0.3233999999999968,0.4013999999999962
0.001297926,28.388,28.7283,0.34030000000000005,0.41829999999999945
0.001299968,28.408,28.758,0.34999999999999876,0.42799999999999816
0.001301926,28.438000000000002,28.880799999999994,0.4427999999999921,0.5207999999999915
0.001303976,28.448,28.7905,0.342500000000002,0.42050000000000143
0.001305926,28.468,28.807499999999997,0.33949999999999836,0.41749999999999776
0.00130796,28.488,28.8098,0.32180000000000053,0.39979999999999993
0.001309914,28.498,28.817,0.31899999999999995,0.39699999999999935
0.001311958,28.518,28.8308,0.3128000000000002,0.3907999999999996
0.001313963,28.528000000000002,28.8477,0.3196999999999983,0.3976999999999977
0.001315996,28.548000000000002,28.8542,0.3061999999999978,0.3841999999999972
0.001317961,28.558,28.8653,0.30730000000000235,0.38530000000000175
0.001319916,28.578,28.8703,0.2923000000000018,0.3703000000000012
0.001321937,28.598,28.895300000000002,0.29730000000000434,0.37530000000000374
0.001323977,28.618000000000002,28.9162,0.2981999999999987,0.3761999999999981
0.00132593,28.648,28.9314,0.2834000000000012,0.3614000000000006
0.00132796,28.678,28.959200000000003,0.2812000000000028,0.3592000000000022
0.001329978,28.708000000000002,29.084000000000007,0.37600000000000566,0.45400000000000507
0.001331935,28.748,29.0099,0.261899999999998,0.3398999999999974
0.001333988,28.778000000000002,29.0421,0.2641,0.3420999999999994
0.001335947,28.818,29.0695,0.25150000000000095,0.32950000000000035
0.001337968,28.858,29.1042,0.2461999999999991,0.3241999999999985
0.001339932,28.888,29.1421,0.25409999999999844,0.33209999999999784
0.00134198,28.928,29.188399999999998,0.26039999999999797,0.33839999999999737
0.001343939,28.958000000000002,29.2258,0.2677999999999985,0.3457999999999979
0.001345991,28.988,29.277600000000003,0.2896000000000045,0.3676000000000039
0.001347958,29.028000000000002,29.3123,0.2842999999999991,0.3622999999999985
0.001349924,29.058,29.3456,0.2876000000000021,0.3656000000000015
0.001351979,29.088,29.3819,0.2939000000000016,0.371900000000001
0.001353937,29.118000000000002,29.42254,0.30454000000000025,0.38253999999999966
0.00135599,29.148,29.4481,0.30010000000000137,0.37810000000000077
0.001357949,29.178,29.4834,0.30539999999999967,0.3833999999999991
0.001359915,29.198,29.5032,0.30520000000000014,0.38319999999999954
0.001361969,29.228,29.529,0.30099999999999927,0.37899999999999867
0.001363936,29.248,29.654999999999994,0.4069999999999938,0.4849999999999932
0.001365982,29.278000000000002,29.585,0.3069999999999995,0.3849999999999989
0.001367946,29.298000000000002,29.601,0.30299999999999816,0.38099999999999756
0.001369998,29.328,29.628999999999998,0.30099999999999927,0.37899999999999867
0.001371962,29.358,29.654999999999998,0.29699999999999793,0.37499999999999734
0.001373927,29.378,29.77700000000001,0.39900000000001246,0.47700000000001186
0.001375997,29.418,29.71,0.2920000000000025,0.3700000000000019
0.00137797,29.448,29.726000000000003,0.27800000000000313,0.35600000000000254
0.001379919,29.468,29.744,0.2760000000000007,0.3540000000000001
0.001381953,29.508,29.762,0.2540000000000022,0.3320000000000016
0.001383996,29.538,29.784000000000002,0.2460000000000031,0.3240000000000025
0.001385944,29.568,29.812,0.24400000000000066,0.32200000000000006
0.001387969,29.588,29.93000000000001,0.3420000000000103,0.4200000000000097
0.001389974,29.618000000000002,29.857,0.2389999999999981,0.3169999999999975
0.001391996,29.648,29.893,0.24500000000000188,0.3230000000000013
0.001393933,29.688000000000002,29.936,0.24799999999999844,0.32599999999999785
0.001395926,29.718,29.978,0.26000000000000245,0.33800000000000185
0.001397935,29.758,29.902,0.1440000000000028,0.2220000000000022
0.001399969,29.798000000000002,29.949,0.1510000000000007,0.2290000000000001
0.001401936,29.828,30.003,0.1750000000000016,0.253000000000001
0.001403974,29.868000000000002,30.049,0.18099999999999827,0.2589999999999977
0.001405982,29.898,30.1,0.20200000000000262,0.280000000000002
0.00140795,29.928,30.222999999999995,0.2949999999999955,0.3729999999999949
0.001409916,29.948,30.156,0.2079999999999993,0.2859999999999987
0.001411967,29.958000000000002,30.17,0.21200000000000063,0.29000000000000004
0.001413985,29.978,30.188000000000002,0.21000000000000174,0.28800000000000114
0.001415938,29.988,30.195999999999998,0.2079999999999993,0.2859999999999987
0.001417977,30.008,30.205,0.19700000000000006,0.27499999999999947
0.001419933,30.018,30.212,0.19399999999999995,0.27199999999999935
0.001421962,30.038,30.223,0.1849999999999996,0.262999999999999
0.001423921,30.048000000000002,30.237000000000002,0.18900000000000095,0.26700000000000035
0.001425969,30.068,30.253,0.1849999999999996,0.262999999999999
0.001427926,30.088,30.290000000000003,0.20200000000000262,0.280000000000002
0.001429951,30.118000000000002,30.323,0.20499999999999918,0.2829999999999986
0.001431979,30.138,30.44900000000001,0.31100000000000794,0.38900000000000734
0.001433928,30.168,30.375,0.20700000000000163,0.28500000000000103
0.001435962,30.198,30.395,0.19700000000000006,0.27499999999999947
0.001437985,30.218,30.419,0.2010000000000014,0.2790000000000008
0.001439936,30.238,30.442999999999998,0.20499999999999918,0.2829999999999986
0.001441966,30.258,30.468000000000004,0.2100000000000053,0.2880000000000047
0.001443923,30.278000000000002,30.497999999999998,0.2199999999999962,0.2979999999999956
0.001445984,30.308,30.635999999999992,0.3279999999999932,0.4059999999999926
0.001447972,30.338,30.572,0.2339999999999991,0.3119999999999985
0.00144998,30.358,30.592,0.2339999999999991,0.3119999999999985
0.001451929,30.388,30.694999999999997,0.30699999999999594,0.38499999999999535
0.001453966,30.408,30.621,0.2129999999999983,0.2909999999999977
0.001455924,30.438000000000002,30.655,0.21699999999999964,0.29499999999999904
0.00145794,30.468,30.707,0.23900000000000166,0.31700000000000106
0.001459918,30.498,30.755,0.2569999999999988,0.3349999999999982
0.001461965,30.538,30.815,0.2770000000000019,0.3550000000000013
0.001463912,30.578,30.86,0.2820000000000009,0.3600000000000003
0.001465946,30.618000000000002,30.988999999999994,0.37099999999999245,0.44899999999999185
0.001467997,30.658,30.918,0.2599999999999989,0.3379999999999983
0.001469956,30.698,30.937,0.23900000000000166,0.31700000000000106
0.001471913,30.738,30.957,0.21900000000000208,0.2970000000000015
0.001473931,30.788,30.97,0.1819999999999995,0.2599999999999989
0.001475943,30.828,30.994,0.16600000000000126,0.24400000000000066
0.001477985,30.868000000000002,31.019,0.15099999999999714,0.22899999999999654
0.001479939,30.898,31.033,0.13500000000000245,0.21300000000000185
0.001481964,30.938000000000002,31.052,0.1139999999999981,0.1919999999999975
0.001483937,30.968,31.068,0.10000000000000231,0.1780000000000017
0.00148597,31.008,31.086000000000002,0.07800000000000384,0.15600000000000325
0.001487921,31.038,31.104,0.06599999999999984,0.14399999999999924
0.001489952,31.078,31.225999999999996,0.14799999999999702,0.22599999999999643
0.00149193,31.108,31.129,0.021000000000001684,0.09900000000000109
0.001493964,31.138,31.136,-0.002000000000001556,0.07599999999999785
0.001495935,31.168,31.142,-0.025999999999998913,0.06799999999999873
0.001497979,31.198,31.153,-0.04500000000000082,0.08700000000000063
0.001499992,31.238,31.165,-0.07299999999999951,0.11499999999999932
0.001501928,31.268,31.182,-0.08600000000000119,0.128000000000001
0.001503958,31.298000000000002,31.204,-0.0940000000000003,0.13600000000000012
0.001505984,31.328,31.237000000000002,-0.09099999999999664,0.13299999999999645
0.001507979,31.358,31.255000000000003,-0.1029999999999971,0.1449999999999969
0.001509913,31.388,31.371999999999993,-0.016000000000008008,0.25799999999999645
0.001511984,31.418,31.284,-0.13399999999999945,0.17599999999999927
0.001513961,31.438000000000002,31.294999999999998,-0.14300000000000335,0.18500000000000316
0.001515927,31.458000000000002,31.294999999999998,-0.16300000000000292,0.20500000000000274
0.001517919,31.488,31.304,-0.18400000000000016,0.22599999999999998
0.001519957,31.508,31.325,-0.18299999999999894,0.22499999999999876
0.001521936,31.528000000000002,31.332,-0.19600000000000062,0.23800000000000043
0.001523919,31.548000000000002,31.357000000000003,-0.19099999999999806,0.23299999999999788
0.001525994,31.568,31.376,-0.19199999999999928,0.2339999999999991
0.001527934,31.588,31.392,-0.19600000000000062,0.23800000000000043
0.001529995,31.598,31.397,-0.20099999999999962,0.24299999999999944
0.001531962,31.618000000000002,31.409000000000002,-0.20899999999999874,0.25099999999999856
0.001533915,31.638,31.51899999999999,-0.11900000000000954,0.360999999999998
0.001535926,31.658,31.418,-0.2400000000000011,0.2820000000000009
0.001537955,31.678,31.432000000000002,-0.24599999999999778,0.2879999999999976
0.001539985,31.698,31.442,-0.25599999999999934,0.29799999999999915
0.001541915,31.708000000000002,31.447,-0.2610000000000019,0.3030000000000017
0.001543977,31.728,31.456000000000003,-0.2719999999999976,0.3139999999999974
0.001545992,31.738,31.456,-0.28199999999999914,0.32399999999999896
0.001547945,31.748,31.463,-0.28499999999999925,0.32699999999999907
0.001549988,31.768,31.474,-0.2939999999999996,0.3359999999999994
0.001551981,31.778000000000002,31.486,-0.2920000000000007,0.3340000000000005
0.001553998,31.788,31.501,-0.28699999999999815,0.32899999999999796
0.001555965,31.788,31.516000000000002,-0.2719999999999976,0.3139999999999974
0.001557928,31.798000000000002,31.526,-0.27200000000000113,0.31400000000000095
0.001559982,31.808,31.537999999999997,-0.27000000000000224,0.31200000000000205
0.00156199,31.818,31.558,-0.2600000000000007,0.3020000000000005
0.001563942,31.828,31.572,-0.25599999999999934,0.29799999999999915
0.001565911,31.838,31.596,-0.242,0.2839999999999998
0.001567967,31.848,31.616999999999997,-0.23100000000000076,0.2730000000000006
0.001569915,31.868000000000002,31.624,-0.24400000000000244,0.28600000000000225
0.001571931,31.878,31.633,-0.2450000000000001,0.2869999999999999
0.001573983,31.888,31.635,-0.2529999999999992,0.29499999999999904
0.001575957,31.908,31.637,-0.2709999999999999,0.3129999999999997
0.001577929,31.918,31.648,-0.2699999999999987,0.3119999999999985
0.001579942,31.928,31.66,-0.2679999999999998,0.3099999999999996
0.00158198,31.948,31.679,-0.269000000000001,0.31100000000000083
0.001583951,31.958000000000002,31.783999999999995,-0.1740000000000057,0.41599999999999415
0.001585919,31.968,31.695999999999998,-0.27200000000000113,0.31400000000000095
0.001587933,31.978,31.711,-0.2670000000000021,0.30900000000000194
0.001589957,31.988,31.719,-0.26899999999999746,0.3109999999999973
0.00159192,31.998,31.720999999999997,-0.2770000000000037,0.3190000000000035
0.001593972,32.018,31.730999999999998,-0.2870000000000017,0.3290000000000015
0.001595933,32.028,31.733,-0.2950000000000008,0.33700000000000063
0.001597935,32.038,31.738,-0.2999999999999998,0.34199999999999964
0.001599987,32.048,31.737000000000002,-0.31099999999999905,0.35299999999999887
0.001601948,32.058,31.743,-0.3150000000000004,0.3570000000000002
0.001603994,32.068,31.756,-0.3120000000000003,0.3540000000000001
0.001605928,32.077999999999996,31.763,-0.31499999999999684,0.35699999999999665
0.00160798,32.098,31.779,-0.3189999999999982,0.360999999999998
0.00160995,32.108,31.796,-0.3120000000000003,0.3540000000000001
0.001611917,32.128,31.816000000000003,-0.3119999999999967,0.35399999999999654
0.001613955,32.147999999999996,31.945,-0.20299999999999851,0.24499999999999833
0.001615987,32.168,32.0844,-0.08359999999999967,0.1255999999999995
0.001617936,32.178,32.225300000000004,0.047300000000000786,0.1253000000000002
0.001619975,32.208,32.5366,0.3285999999999989,0.4065999999999983
0.001621928,32.217999999999996,32.5754,0.3573999999999993,0.4353999999999987
0.001623949,32.248,32.553,0.3050000000000006,0.383
0.001625997,32.298,32.647000000000006,0.3490000000000011,0.4270000000000005
0.001627961,32.348,32.585,0.23700000000000276,0.31500000000000217
0.00162992,32.388,32.432,0.04400000000000137,0.12200000000000077
0.00163195,32.438,32.395,-0.04299999999999837,0.08499999999999819
0.001633979,32.467999999999996,32.397000000000006,-0.07099999999999707,0.11299999999999688
0.001635939,32.498,32.396,-0.10200000000000298,0.1440000000000028
0.001637996,32.528,32.44,-0.08800000000000363,0.13000000000000345
0.001639952,32.548,32.492,-0.0560000000000036,0.09800000000000342
0.001641969,32.577999999999996,32.518,-0.05999999999999783,0.10199999999999765
0.001643923,32.598,32.54,-0.05799999999999894,0.09999999999999876
0.001645965,32.628,32.561,-0.06699999999999928,0.1089999999999991
0.001647924,32.647999999999996,32.67800000000001,0.03000000000000913,0.21200000000000774
0.001649941,32.668,32.603,-0.06499999999999684,0.10699999999999665
0.001651965,32.698,32.652,-0.04599999999999849,0.0879999999999983
0.001653919,32.728,32.705,-0.0229999999999988,0.06499999999999861
0.001655959,32.757999999999996,32.748999999999995,-0.008999999999999453,0.06899999999999995
0.00165798,32.788,32.89399999999999,0.10599999999999188,0.18399999999999128
0.00165992,32.818,32.842,0.023999999999998245,0.10199999999999765
0.001661955,32.838,32.873999999999995,0.0359999999999987,0.1139999999999981
0.001663991,32.868,32.900999999999996,0.032999999999998586,0.11099999999999799
0.001665936,32.888,32.922,0.03399999999999981,0.11199999999999921
0.00166796,32.918,32.945,0.02700000000000191,0.10500000000000131
0.001669986,32.938,32.971000000000004,0.032999999999998586,0.11099999999999799
0.001671925,32.967999999999996,32.994,0.02600000000000069,0.10400000000000009
0.001673966,32.988,33.027,0.039000000000002366,0.11700000000000177
0.001675998,33.007999999999996,33.057,0.04900000000000038,0.12699999999999978
0.00167795,33.028,33.069,0.040999999999997705,0.11899999999999711
0.001679988,33.058,33.101,0.0430000000000037,0.1210000000000031
0.001681923,33.068,33.123000000000005,0.055000000000000604,0.133
0.001683927,33.098,33.145,0.04700000000000504,0.12500000000000444
0.001685945,33.118,33.176,0.057999999999997165,0.13599999999999657
0.001687974,33.138,33.231,0.09300000000000086,0.17100000000000026
0.001689913,33.158,33.269999999999996,0.11199999999999921,0.18999999999999861
0.001691945,33.188,33.311,0.12299999999999844,0.20099999999999785
0.001693957,33.217999999999996,33.446,0.22799999999999532,0.3059999999999947
0.001695981,33.248,33.36,0.11199999999999921,0.18999999999999861
0.001697914,33.278,33.373999999999995,0.09599999999999742,0.17399999999999682
0.001699919,33.308,33.39,0.08200000000000163,0.16000000000000103
0.001701992,33.348,33.384,0.03600000000000225,0.11400000000000166
0.001703917,33.378,33.384,0.0060000000000011156,0.08400000000000052
0.001705938,33.418,33.386,-0.03199999999999559,0.0739999999999954
0.001707962,33.448,33.387,-0.060999999999999055,0.10299999999999887
0.00170995,33.478,33.392,-0.08599999999999763,0.12799999999999745
0.001711963,33.507999999999996,33.403999999999996,-0.10399999999999832,0.14599999999999813
0.001713922,33.538,33.416,-0.121999999999999,0.1639999999999988
0.001715981,33.558,33.447,-0.11099999999999977,0.15299999999999958
0.001717982,33.588,33.484,-0.10399999999999832,0.14599999999999813
0.001719928,33.618,33.506,-0.11200000000000099,0.1540000000000008
0.001721985,33.647999999999996,33.537,-0.11099999999999977,0.15299999999999958
0.001723949,33.668,33.565,-0.10300000000000065,0.14500000000000046
0.001725919,33.698,33.616,-0.08199999999999985,0.12399999999999967
0.001727995,33.738,33.694,-0.043999999999999595,0.08599999999999941
0.001729919,33.778,33.745000000000005,-0.03300000000000036,0.07500000000000018
0.001731975,33.827999999999996,33.788,-0.04000000000000181,0.08200000000000163
0.001733953,33.878,33.928999999999995,0.050999999999995715,0.19099999999999273
0.001735983,33.928,33.863,-0.06500000000000039,0.1070000000000002
0.001737926,33.978,33.897000000000006,-0.08099999999999863,0.12299999999999844
0.001739987,34.028,33.973,-0.05500000000000238,0.0970000000000022
0.001741963,34.088,34.048,-0.03999999999999826,0.08199999999999807
0.001743927,34.158,34.184,0.025999999999997137,0.2159999999999913
0.00174593,34.238,34.111999999999995,-0.12600000000000033,0.16800000000000015
0.001747977,34.308,34.11,-0.1979999999999995,0.23999999999999932
0.001749944,34.368,34.108999999999995,-0.259000000000003,0.3010000000000028
0.001751978,34.418,34.143,-0.2749999999999977,0.3169999999999975
0.001753946,34.467999999999996,34.176,-0.2920000000000007,0.3340000000000005
0.001755938,34.507999999999996,34.226,-0.28199999999999914,0.32399999999999896
0.001757982,34.558,34.305,-0.2529999999999992,0.29499999999999904
0.001759941,34.618,34.416000000000004,-0.2019999999999973,0.2439999999999971
0.001761982,34.668,34.545,-0.12300000000000022,0.16500000000000004
0.001763919,34.728,34.666,-0.06200000000000028,0.10400000000000009
0.001765963,34.778,34.8,0.0219999999999958,0.0999999999999952
0.001767915,34.827999999999996,35.00299999999999,0.1749999999999945,0.2529999999999939
0.001769954,34.888,34.994,0.10599999999999898,0.1839999999999984
0.001771992,34.938,35.067,0.12899999999999867,0.20699999999999807
0.001773931,34.978,35.159,0.18099999999999827,0.2589999999999977
0.001775949,35.028,35.235,0.20699999999999807,0.2849999999999975
0.001777915,35.068,35.301,0.23300000000000143,0.31100000000000083
0.00177996,35.098,35.371,0.27300000000000413,0.35100000000000353
0.001781961,35.138,35.541000000000025,0.40300000000002445,0.48100000000002385
0.001783992,35.168,35.505,0.3370000000000042,0.4150000000000036
0.001785955,35.198,35.554,0.355999999999999,0.4339999999999984
0.001787986,35.238,35.620000000000005,0.38200000000000234,0.46000000000000174
0.001789969,35.268,35.652,0.38400000000000123,0.46200000000000063
0.001791916,35.308,35.666,0.35800000000000143,0.43600000000000083
0.001793983,35.338,35.67100000000001,0.33300000000000285,0.41100000000000225
0.001795953,35.368,35.671,0.30299999999999816,0.38099999999999756
0.00179793,35.397999999999996,35.662,0.26400000000000023,0.34199999999999964
0.001799973,35.428,35.665,0.2369999999999992,0.3149999999999986
0.001801934,35.458,35.674,0.21599999999999842,0.2939999999999978
0.001803993,35.498,35.68,0.1819999999999995,0.2599999999999989
0.001805959,35.528,35.682,0.15399999999999725,0.23199999999999665
0.001807967,35.558,35.69,0.13200000000000234,0.21000000000000174
0.001809986,35.588,35.676,0.0879999999999983,0.1659999999999977
0.001811948,35.608,35.681,0.07300000000000129,0.1510000000000007
0.001813926,35.628,35.683,0.055000000000000604,0.133
0.001815945,35.647999999999996,35.682,0.03399999999999981,0.11199999999999921
0.00181796,35.668,35.687,0.019000000000002792,0.0970000000000022
0.00181993,35.688,35.712,0.023999999999998245,0.10199999999999765
0.00182199,35.717999999999996,35.845299999999995,0.12729999999999553,0.20529999999999493
0.001823971,35.738,35.788,0.0500000000000016,0.128000000000001
0.001825977,35.768,35.822500000000005,0.05450000000000177,0.13250000000000117
0.001827936,35.788,35.86,0.07200000000000006,0.14999999999999947
0.001829981,35.818,35.891999999999996,0.07399999999999896,0.15199999999999836
0.001831934,35.838,35.9338,0.09579999999999789,0.1737999999999973
0.001833955,35.868,35.968599999999995,0.10059999999999736,0.17859999999999676
0.001835991,35.888,36.0116,0.1236000000000006,0.2016
0.001837935,35.918,36.0321,0.11410000000000142,0.19210000000000083
0.001839965,35.948,36.064,0.11600000000000055,0.19399999999999995
0.001841989,35.978,36.09157,0.11356999999999662,0.19156999999999602
0.001843921,35.998,36.1221,0.12409999999999943,0.20209999999999884
0.001845948,36.028,36.144999999999996,0.11699999999999822,0.19499999999999762
0.001847915,36.048,36.1799,0.13189999999999902,0.20989999999999842
0.001849943,36.088,36.2238,0.1358000000000006,0.2138
0.001851959,36.118,36.2666,0.14859999999999918,0.22659999999999858
0.001853918,36.158,36.3091,0.1510999999999969,0.2290999999999963
0.001855973,36.188,36.43469999999999,0.24669999999999437,0.32469999999999377
0.001857937,36.228,36.45900000000002,0.2310000000000203,0.3090000000000197
0.001859934,36.257999999999996,36.376599999999996,0.11860000000000159,0.196600000000001
0.001861967,36.298,36.4041,0.10609999999999875,0.18409999999999815
0.001863925,36.338,36.4334,0.09539999999999882,0.17339999999999822
0.00186597,36.388,36.4816,0.09359999999999946,0.17159999999999886
0.001867965,36.438,36.5285,0.09049999999999958,0.16849999999999898
0.00186999,36.488,36.5793,0.09130000000000127,0.16930000000000067
0.001871946,36.548,36.6267,0.07869999999999866,0.15669999999999806
0.00187399,36.598,36.6751,0.07710000000000239,0.1551000000000018
0.001875941,36.647999999999996,36.7115,0.06350000000000211,0.1415000000000015
0.001877955,36.708,36.8592,0.15119999999999667,0.22919999999999607
0.001879984,36.768,36.8112,0.04319999999999968,0.12119999999999909
0.001881934,36.827999999999996,36.8501,0.022100000000002673,0.10010000000000208
0.001883967,36.888,36.8979,0.009899999999999132,0.08789999999999853
0.00188597,36.948,36.9386,-0.00939999999999852,0.06860000000000088
0.001887984,36.998,36.9925,-0.0055000000000005045,0.0724999999999989
0.001889941,37.058,37.041610000000006,-0.016389999999996796,0.06161000000000261
0.001891989,37.108,37.10313,-0.004869999999999486,0.07312999999999992
0.001893985,37.168,37.148089999999996,-0.01990999999999854,0.061909999999998355
0.001895989,37.217999999999996,37.20349,-0.014510000000000467,0.06348999999999894
0.001897954,37.268,37.342299999999994,0.0742999999999947,0.16769999999999374
0.001899939,37.308,37.39099999999999,0.08299999999999574,0.16099999999999515
0.001901924,37.348,37.3298,-0.018199999999999328,0.06019999999999914
0.001903928,37.397999999999996,37.3938,-0.0041999999999999815,0.07379999999999942
0.00190598,37.448,37.4875,0.0395000000000012,0.1175000000000006
0.001907962,37.498,37.5824,0.08439999999999959,0.162399999999999
0.001909936,37.548,37.6759,0.12789999999999768,0.20589999999999709
0.001911958,37.608,37.753,0.14500000000000046,0.22299999999999986
0.001913992,37.668,37.822,0.1540000000000008,0.2320000000000002
0.00191596,37.717999999999996,37.875,0.15700000000000092,0.23500000000000032
0.001917927,37.757999999999996,37.908,0.15000000000000302,0.22800000000000242
0.001919936,37.808,37.927,0.11900000000000066,0.19700000000000006
0.001921931,37.838,37.948,0.11000000000000032,0.18799999999999972
0.001923972,37.868,37.949,0.08099999999999685,0.15899999999999626
0.001925929,37.888,37.945,0.056999999999999496,0.1349999999999989
0.001927962,37.897999999999996,38.035,0.13699999999999424,0.21499999999999364
0.001929966,37.918,37.928,0.010000000000002451,0.08800000000000185
0.001931997,37.938,37.918,-0.020000000000002238,0.06200000000000205
0.001933963,37.948,37.92,-0.027999999999997804,0.06999999999999762
0.001935929,37.967999999999996,37.935,-0.03299999999999681,0.07499999999999662
0.001937931,37.978,37.947,-0.03100000000000147,0.07300000000000129
0.001939953,37.988,37.958,-0.03000000000000025,0.07200000000000006
0.00194192,37.998,37.967,-0.03100000000000147,0.07300000000000129
0.001943986,38.007999999999996,37.971000000000004,-0.036999999999998145,0.07899999999999796
0.001945946,38.018,37.968,-0.04999999999999982,0.09199999999999964
0.001947945,38.028,37.966,-0.06200000000000028,0.10400000000000009
0.001949981,38.038,37.952,-0.08600000000000119,0.128000000000001
0.001951954,38.038,37.948,-0.08999999999999897,0.13199999999999878
0.001953927,38.048,37.941,-0.10699999999999843,0.14899999999999824
0.001955915,38.058,37.933,-0.12499999999999911,0.16699999999999893
0.001957936,38.068,37.945,-0.12300000000000022,0.16500000000000004
0.001959914,38.077999999999996,37.956,-0.121999999999999,0.1639999999999988
0.001961976,38.098,38.07599999999999,-0.022000000000004682,0.26399999999999313
0.001963998,38.118,37.988,-0.13000000000000167,0.17200000000000149
0.001965928,38.128,37.997,-0.13099999999999934,0.17299999999999915
0.001967977,38.147999999999996,38.01,-0.1380000000000008,0.1800000000000006
0.001969953,38.168,38.016,-0.15200000000000014,0.19399999999999995
0.001971925,38.178,38.022999999999996,-0.15500000000000025,0.19700000000000006
0.001973925,38.188,38.025000000000006,-0.16299999999999937,0.20499999999999918
0.001975941,38.198,38.009,-0.18899999999999917,0.23099999999999898
0.001977994,38.208,37.998000000000005,-0.20999999999999996,0.2519999999999998
0.001979955,38.217999999999996,37.998000000000005,-0.21999999999999797,0.2619999999999978
0.001981946,38.228,37.997,-0.23100000000000076,0.2730000000000006
0.001983961,38.248,38.009,-0.23899999999999988,0.2809999999999997
0.001985924,38.257999999999996,38.019,-0.23899999999999988,0.2809999999999997
0.001987985,38.268,38.04,-0.22800000000000065,0.27000000000000046
0.001989921,38.278,38.061,-0.21700000000000141,0.25900000000000123
0.001991922,38.298,38.08,-0.21799999999999908,0.2599999999999989
0.001993953,38.308,38.095,-0.21300000000000008,0.2549999999999999
0.001995917,38.318,38.103,-0.21499999999999897,0.2569999999999988
0.001997991,38.327999999999996,38.111999999999995,-0.2160000000000002,0.258
0.001999998,38.338,38.116,-0.22200000000000042,0.26400000000000023
0.002001923,38.348,38.127,-0.22099999999999564,0.26299999999999546
0.002003962,38.368,38.141,-0.22700000000000298,0.2690000000000028
0.002005955,38.378,38.164,-0.2140000000000013,0.2560000000000011
0.002007945,38.388,38.184,-0.2040000000000033,0.2460000000000031
0.002009985,38.408,38.199,-0.2090000000000023,0.2510000000000021
0.002011945,38.418,38.213,-0.2049999999999974,0.24699999999999722
0.002013999,38.428,38.228,-0.1999999999999984,0.24199999999999822
0.002015945,38.438,38.247,-0.1910000000000016,0.23300000000000143
0.002017941,38.448,38.277,-0.17100000000000204,0.21300000000000185
0.002019962,38.467999999999996,38.306,-0.16199999999999815,0.20399999999999796
0.002021914,38.478,38.342,-0.1360000000000019,0.1780000000000017
0.002023959,38.498,38.391999999999996,-0.10600000000000076,0.14800000000000058
0.002025981,38.528,38.44,-0.08800000000000008,0.1299999999999999
0.002027987,38.548,38.487,-0.060999999999999055,0.10299999999999887
0.002029934,38.577999999999996,38.519,-0.05900000000000016,0.10099999999999998
0.002031977,38.598,38.552,-0.04599999999999849,0.0879999999999983
0.002033926,38.628,38.582,-0.04599999999999849,0.0879999999999983
0.002035924,38.658,38.608000000000004,-0.04999999999999982,0.09199999999999964
0.002037955,38.678,38.638999999999996,-0.03900000000000059,0.0810000000000004
0.002039987,38.708,38.669,-0.03900000000000059,0.0810000000000004
0.002041953,38.738,38.697,-0.04099999999999948,0.0829999999999993
0.002043938,38.757999999999996,38.714,-0.043999999999999595,0.08599999999999941
0.002045916,38.778,38.728,-0.04999999999999982,0.09199999999999964
0.002047983,38.808,38.74,-0.06799999999999695,0.10999999999999677
0.002049963,38.827999999999996,38.745000000000005,-0.08299999999999752,0.12499999999999734
0.00205198,38.848,38.746,-0.10199999999999587,0.1439999999999957
0.002053917,38.868,38.748999999999995,-0.11900000000000244,0.16100000000000225
0.002055966,38.888,38.734,-0.15399999999999903,0.19599999999999884
0.002057934,38.897999999999996,38.725,-0.17299999999999738,0.2149999999999972
0.002059959,38.918,38.72,-0.1979999999999995,0.23999999999999932
0.002061968,38.928,38.706,-0.22200000000000042,0.26400000000000023
0.002063916,38.938,38.7,-0.23799999999999866,0.2799999999999985
0.002065976,38.948,38.697,-0.25100000000000033,0.29300000000000015
0.002067947,38.958,38.78999999999999,-0.16800000000000548,0.4099999999999939
0.002069943,38.958,38.77799999999999,-0.18000000000000593,0.4219999999999944
0.002071958,38.967999999999996,38.669,-0.2989999999999986,0.3409999999999984
0.002073925,38.978,38.661,-0.3169999999999993,0.3589999999999991
0.002075958,38.988,38.663,-0.3249999999999984,0.3669999999999982
0.002077931,38.998,38.657,-0.3410000000000002,0.383
0.002079934,39.007999999999996,38.665,-0.3429999999999991,0.3849999999999989
0.002081987,39.018,38.683,-0.33499999999999996,0.3769999999999998
0.002083945,39.038,38.689,-0.3489999999999993,0.3909999999999991
0.002085949,39.048,38.704,-0.3440000000000003,0.3860000000000001
0.002087951,39.058,38.711,-0.3470000000000004,0.38900000000000023
0.002089981,39.068,38.723,-0.3450000000000015,0.38700000000000134
0.002091919,39.088,38.729,-0.3590000000000009,0.4010000000000007
0.002093945,39.098,38.8,-0.2979999999999974,0.3399999999999972
0.002095966,39.118,38.933,-0.18500000000000139,0.2270000000000012
0.002097995,39.138,38.933,-0.20500000000000096,0.24700000000000077
0.002099941,39.158,38.971999999999994,-0.18600000000000616,0.4279999999999946
0.002101976,39.168,38.934,-0.23400000000000087,0.4759999999999893
0.002103991,39.178,38.825,-0.35300000000000065,0.39500000000000046
0.002105991,39.188,38.825,-0.3630000000000022,0.405000000000002
0.002107938,39.198,38.841,-0.35699999999999843,0.39899999999999824
0.002109992,39.208,38.841,-0.367,0.4089999999999998
0.002111958,39.208,38.843999999999994,-0.36400000000000343,0.40600000000000325
0.002113935,39.217999999999996,38.849000000000004,-0.3689999999999989,0.4109999999999987
0.002115924,39.217999999999996,38.857,-0.36099999999999977,0.4029999999999996
0.002117969,39.228,38.867000000000004,-0.36099999999999977,0.4029999999999996
0.002119931,39.238,38.885999999999996,-0.3519999999999994,0.39399999999999924
0.002121921,39.248,39.019999999999996,-0.22800000000000775,0.4699999999999962
0.002123933,39.257999999999996,38.955,-0.3029999999999964,0.3449999999999962
0.002125982,39.278,38.988,-0.2900000000000018,0.3320000000000016
0.002127962,39.288,39.013999999999996,-0.274,0.31599999999999984
0.002129939,39.308,39.022,-0.2860000000000005,0.3280000000000003
0.002131955,39.327999999999996,39.048,-0.2799999999999967,0.3219999999999965
0.002133979,39.348,39.076,-0.2719999999999976,0.3139999999999974
0.002135946,39.368,39.099999999999994,-0.26800000000000335,0.31000000000000316
0.002137917,39.378,39.111000000000004,-0.26699999999999857,0.3089999999999984
0.002139929,39.397999999999996,39.226,-0.17200000000000326,0.4139999999999917
0.002141931,39.418,39.168,-0.2499999999999991,0.2919999999999989
0.00214397,39.448,39.2,-0.24800000000000022,0.29000000000000004
0.002145943,39.467999999999996,39.221000000000004,-0.246999999999999,0.2889999999999988
0.00214797,39.498,39.245999999999995,-0.25200000000000156,0.29400000000000137
0.00214997,39.528,39.287,-0.24100000000000232,0.28300000000000214
0.002151915,39.558,39.329,-0.22899999999999832,0.27099999999999813
0.002153954,39.588,39.355000000000004,-0.23299999999999965,0.27499999999999947
0.002155985,39.608,39.479,-0.129000000000004,0.37099999999999245
0.002157992,39.628,39.388999999999996,-0.23899999999999988,0.2809999999999997
0.002159921,39.647999999999996,39.394999999999996,-0.2529999999999992,0.29499999999999904
0.002161938,39.668,39.385999999999996,-0.28199999999999914,0.32399999999999896
0.002163967,39.678,39.394,-0.2840000000000016,0.3260000000000014
0.002165983,39.688,39.397999999999996,-0.2900000000000018,0.3320000000000016
0.002167913,39.698,39.412,-0.2860000000000005,0.3280000000000003
0.002169944,39.717999999999996,39.52199999999999,-0.19600000000000417,0.4379999999999926
0.002171979,39.728,39.439,-0.2890000000000006,0.3310000000000004
0.00217392,39.738,39.449,-0.2890000000000006,0.3310000000000004
0.002175919,39.748,39.444,-0.30400000000000116,0.346000000000001
0.002177948,39.757999999999996,39.443,-0.3150000000000004,0.3570000000000002
0.002179916,39.768,39.54000000000002,-0.22799999999997578,0.47000000000002107
0.002181965,39.788,39.462,-0.3259999999999996,0.36799999999999944
0.002183969,39.798,39.493,-0.3049999999999988,0.34699999999999864
0.002185985,39.808,39.525000000000006,-0.2829999999999968,0.3249999999999966
0.002187933,39.818,39.538000000000004,-0.2799999999999967,0.3219999999999965
0.002189985,39.827999999999996,39.537,-0.2909999999999995,0.3329999999999993
0.002191948,39.838,39.533,-0.3049999999999988,0.34699999999999864
0.00219396,39.848,39.525,-0.3229999999999995,0.3649999999999993
0.002195969,39.858,39.519999999999996,-0.3380000000000001,0.3799999999999999
0.002197924,39.868,39.522,-0.34600000000000275,0.38800000000000257
0.002199967,39.868,39.527,-0.3410000000000002,0.383
0.002201958,39.878,39.62900000000002,-0.24899999999997657,0.49100000000002186
0.002203963,39.888,39.539,-0.34900000000000286,0.3910000000000027
0.002205989,39.888,39.54,-0.34800000000000164,0.39000000000000146
0.002207937,39.897999999999996,39.555,-0.3429999999999991,0.3849999999999989
0.002209976,39.908,39.575,-0.3329999999999975,0.37499999999999734
0.002211951,39.908,39.604,-0.30400000000000116,0.346000000000001
0.002213924,39.918,39.736999999999995,-0.1810000000000036,0.42299999999999205
0.002215993,39.928,39.652,-0.2759999999999989,0.31799999999999873
0.002217974,39.938,39.653999999999996,-0.2840000000000016,0.3260000000000014
0.00221999,39.948,39.647999999999996,-0.2999999999999998,0.34199999999999964
0.002221942,39.967999999999996,39.74199999999999,-0.2260000000000053,0.46799999999999375
0.002223969,39.978,39.626000000000005,-0.3519999999999994,0.39399999999999924
0.002225918,39.988,39.625,-0.36299999999999866,0.4049999999999985
0.002227971,39.998,39.621,-0.376999999999998,0.4189999999999978
0.002229984,40.007999999999996,39.616,-0.39199999999999857,0.4339999999999984
0.002231936,40.018,39.718999999999994,-0.2990000000000057,0.5409999999999942
0.002233989,40.028,39.620000000000005,-0.40800000000000036,0.4500000000000002
0.002235914,40.028,39.620999999999995,-0.4070000000000027,0.4490000000000025
0.002237995,40.028,39.626,-0.4020000000000037,0.4440000000000035
0.00223994,40.038,39.73499999999999,-0.30300000000000704,0.5449999999999955
0.002241991,40.038,39.638000000000005,-0.3999999999999977,0.4419999999999975
0.002243915,40.038,39.644999999999996,-0.3929999999999998,0.4349999999999996
0.002245937,40.048,39.653999999999996,-0.39400000000000457,0.4360000000000044
0.002247915,40.058,39.653,-0.40500000000000025,0.44700000000000006
0.002249983,40.058,39.76299999999999,-0.29500000000000437,0.5369999999999928
0.002251997,40.068,39.671,-0.39700000000000113,0.43900000000000095
0.002253926,40.068,39.674,-0.394000000000001,0.43600000000000083
0.002255965,40.077999999999996,39.778999999999996,-0.29900000000000215,0.5409999999999906
0.002257938,40.077999999999996,39.679,-0.39899999999999647,0.4409999999999963
0.002259911,40.088,39.678,-0.40999999999999925,0.45199999999999907
0.002261974,40.098,39.695,-0.4029999999999978,0.4449999999999976
0.002263938,40.108,39.809999999999995,-0.2980000000000045,0.5399999999999929
0.00226593,40.108,39.72,-0.3880000000000008,0.4300000000000006
0.002267944,40.118,39.745,-0.3730000000000038,0.4150000000000036
0.002269912,40.118,39.775000000000006,-0.3429999999999991,0.3849999999999989
0.002271945,40.128,39.795,-0.3329999999999975,0.37499999999999734
0.002273952,40.138,39.819,-0.3190000000000017,0.36100000000000154
0.00227592,40.147999999999996,39.84,-0.30799999999999894,0.34999999999999876
0.002277978,40.158,39.906,-0.25200000000000156,0.29400000000000137
0.002279916,40.168,39.95,-0.21799999999999553,0.25999999999999535
0.002281972,40.188,39.966,-0.22200000000000042,0.26400000000000023
0.002283925,40.208,39.962,-0.24599999999999778,0.2879999999999976
0.00228599,40.217999999999996,39.968999999999994,-0.24900000000000144,0.29100000000000126
0.002287957,40.238,39.983999999999995,-0.25400000000000045,0.29600000000000026
0.002289918,40.257999999999996,40.021,-0.23699999999999743,0.27899999999999725
0.002291959,40.278,40.068,-0.21000000000000352,0.25200000000000333
0.002293935,40.308,40.21600000000002,-0.09199999999997654,0.33400000000002183
0.00229594,40.338,40.152,-0.18599999999999905,0.22799999999999887
0.002297982,40.368,40.187,-0.1810000000000036,0.22300000000000342
0.002299925,40.408,40.321,-0.08700000000000241,0.32899999999999086
0.002301928,40.438,40.268,-0.17000000000000082,0.21200000000000063
0.002303959,40.467999999999996,40.315,-0.1529999999999978,0.19499999999999762
0.002305993,40.498,40.365,-0.13299999999999823,0.17499999999999805
0.002307997,40.528,40.42,-0.10799999999999965,0.14999999999999947
0.002309941,40.558,40.462,-0.0959999999999992,0.137999999999999
0.002311978,40.588,40.509,-0.07899999999999974,0.12099999999999955
0.002313979,40.618,40.545,-0.07300000000000306,0.11500000000000288
0.002315957,40.638,40.569,-0.06899999999999817,0.11099999999999799
0.002317983,40.668,40.598,-0.0699999999999994,0.11199999999999921
0.002319914,40.688,40.622,-0.06600000000000161,0.10800000000000143
0.002321915,40.698,40.652,-0.04599999999999849,0.0879999999999983
0.002323982,40.717999999999996,40.681,-0.0370000000000017,0.07900000000000151
0.002325983,40.738,40.711,-0.027000000000000135,0.06899999999999995
0.002327988,40.757999999999996,40.739000000000004,-0.018999999999997463,0.06099999999999728
0.002329913,40.768,40.760000000000005,-0.00799999999999823,0.07000000000000117
0.002331935,40.798,40.792,-0.005999999999999339,0.07200000000000006
0.002333961,40.818,40.813,-0.00500000000000167,0.07299999999999773
0.002335981,40.838,40.827,-0.011000000000001897,0.0669999999999975
0.002337998,40.868,40.845,-0.023000000000002352,0.06500000000000217
0.002339923,40.897999999999996,40.86,-0.03799999999999937,0.07999999999999918
0.002341934,40.918,40.861000000000004,-0.05699999999999772,0.09899999999999753
0.002343942,40.938,40.870999999999995,-0.06700000000000284,0.10900000000000265
0.00234597,40.967999999999996,40.878,-0.08999999999999897,0.13199999999999878
0.00234799,40.988,40.88,-0.1079999999999961,0.14999999999999591
0.002349982,41.007999999999996,40.983999999999995,-0.024000000000003574,0.265999999999992
0.002351984,41.038,40.916,-0.121999999999999,0.1639999999999988
0.002353913,41.058,41.081999999999994,0.023999999999994692,0.21799999999999375
0.00235593,41.088,41.034,-0.05400000000000116,0.09600000000000097
0.002357944,41.118,41.097,-0.020999999999999908,0.06299999999999972
0.002359941,41.158,41.141999999999996,-0.016000000000000902,0.0619999999999985
0.002361946,41.198,41.166,-0.03199999999999914,0.07399999999999896
0.002363986,41.238,41.203,-0.034999999999999254,0.07699999999999907
0.002365935,41.288,41.239000000000004,-0.0489999999999986,0.09099999999999842
0.002367945,41.338,41.257000000000005,-0.08099999999999863,0.12299999999999844
0.002369945,41.388,41.257,-0.1310000000000029,0.1730000000000027
0.002371974,41.438,41.275000000000006,-0.16299999999999937,0.20499999999999918
0.002373922,41.478,41.302,-0.17600000000000104,0.21800000000000086
0.002375944,41.528,41.347,-0.18100000000000005,0.22299999999999986
0.00237795,41.568,41.4,-0.16800000000000193,0.21000000000000174
0.002379992,41.618,41.458,-0.1600000000000028,0.20200000000000262
0.002381952,41.658,41.477000000000004,-0.18100000000000005,0.22299999999999986
0.00238397,41.688,41.480000000000004,-0.20800000000000107,0.2500000000000009
0.002385956,41.717999999999996,41.495000000000005,-0.2229999999999981,0.2649999999999979
0.002387978,41.748,41.524,-0.2239999999999993,0.2659999999999991
0.002389918,41.778,41.551,-0.22699999999999942,0.26899999999999924
0.002391922,41.818,41.569,-0.24900000000000144,0.29100000000000126
0.002393975,41.848,41.605000000000004,-0.24299999999999766,0.2849999999999975
0.002395974,41.888,41.649,-0.23899999999999988,0.2809999999999997
0.002397989,41.918,41.687,-0.2309999999999972,0.272999999999997
0.002399927,41.958,41.726,-0.23200000000000198,0.2740000000000018
0.002401961,41.988,41.768,-0.21999999999999797,0.2619999999999978
0.002403981,42.018,41.816,-0.20200000000000085,0.24400000000000066
0.002405984,42.058,41.861999999999995,-0.19600000000000062,0.23800000000000043
0.002407949,42.088,41.91,-0.1780000000000035,0.2200000000000033
0.002409985,42.128,41.958999999999996,-0.16900000000000315,0.21100000000000296
0.002411988,42.168,41.996,-0.17199999999999616,0.21399999999999597
0.002413974,42.198,42.049,-0.14900000000000002,0.19099999999999984
0.00241593,42.228,42.084,-0.14399999999999746,0.18599999999999728
0.002417965,42.268,42.224,-0.04400000000000315,0.2859999999999916
0.002419979,42.298,42.245999999999995,-0.05200000000000582,0.29399999999999427
0.002421916,42.327999999999996,42.173,-0.1549999999999967,0.1969999999999965
0.002423968,42.358,42.204,-0.15399999999999903,0.19599999999999884
0.002425926,42.388,42.242,-0.14600000000000346,0.18800000000000328
0.002427916,42.428,42.288,-0.13999999999999968,0.1819999999999995
0.002429989,42.458,42.346000000000004,-0.11200000000000099,0.1540000000000008
0.002431915,42.498,42.396,-0.10199999999999942,0.14399999999999924
0.002433939,42.528,42.449,-0.07900000000000329,0.1210000000000031
0.002435956,42.568,42.5,-0.0680000000000005,0.11000000000000032
0.002437921,42.608,42.546,-0.06200000000000028,0.10400000000000009
0.002439973,42.649,42.68900000000002,0.04000000000002579,0.20000000000001883
0.002441921,42.690000000000005,42.73100000000002,0.0410000000000208,0.11900000000002375
0.002443928,42.731,42.770000000000024,0.03900000000002368,0.11900000000002198
0.00244597,42.772999999999996,42.819000000000024,0.046000000000024244,0.10800000000002186
0.002447929,42.804,42.97300000000002,0.16900000000001913,0.18300000000001493
0.002449971,42.858,43.23800000000001,0.3800000000000088,0.3800000000000088
0.002451961,42.904,43.20099999999998,0.29699999999998195,0.29699999999998195
0.002453961,42.964,43.25799999999998,0.2939999999999827,0.2939999999999827
0.002455993,43.025,43.329999999999984,0.3049999999999855,0.3049999999999855
0.00245796,43.1,43.43999999999998,0.3399999999999821,0.3399999999999821
0.002459974,43.186,43.734,0.548,0.548
0.002461944,43.263,43.69800000000001,0.43500000000001116,0.43500000000001116
0.002463946,43.352,43.75600000000001,0.4040000000000106,0.4040000000000106
0.002465916,43.43,43.918,0.48800000000000043,0.48800000000000043
0.002467974,43.522,43.99399999999997,0.471999999999972,0.471999999999972
0.002469927,43.603,44.077999999999996,0.4749999999999943,0.4749999999999943
0.002471997,43.698,44.36400000000002,0.6660000000000164,0.6660000000000164
0.002473988,43.785,44.32600000000002,0.5410000000000244,0.5410000000000244
0.002475979,43.876,44.46199999999999,0.5859999999999896,0.5859999999999896
0.002477939,43.958999999999996,44.70399999999998,0.7449999999999823,0.7449999999999823
0.002479928,44.057,44.937,0.879999999999999,0.879999999999999
0.002481917,44.161,44.955999999999996,0.7949999999999946,0.7949999999999946
0.002483985,44.271,45.08300000000002,0.8120000000000163,0.8120000000000163
0.002485951,44.373,45.408,1.035000000000001,1.035000000000001
0.002487948,44.47,45.531299999999995,1.0612999999999948,1.0612999999999948
0.002489943,44.572,45.75870000000001,1.1867000000000125,1.2093000000000096
0.002491917,44.676,46.087999999999994,1.4119999999999955,1.4559999999999924
0.00249398,44.778999999999996,46.20540000000002,1.4264000000000197,1.4956000000000147
0.002495964,44.882,46.52439999999997,1.642399999999971,1.7335999999999716
0.002497951,44.992000000000004,46.939400000000006,1.9474000000000053,2.068600000000007
0.002499979,45.114000000000004,47.155500000000025,2.0415000000000223,2.190500000000023
0.002501933,45.247,47.46710000000001,2.220100000000013,2.405899999999999
0.002503975,45.408,48.0743,2.6663000000000032,2.897699999999997
0.002505979,45.582,48.586200000000005,3.0042000000000044,3.251799999999996
0.002507972,45.793,49.109700000000004,3.3167000000000018,3.5772999999999984
0.002509998,46.022999999999996,49.6432,3.6202000000000023,3.853799999999998
0.002511932,46.262,50.05829999999998,3.79629999999998,4.039699999999974
0.002513948,46.525,50.381000000000014,3.8560000000000176,4.094000000000017
0.002515926,46.797,50.6015,3.8045000000000035,4.0615000000000085
0.002517973,47.062,51.01010000000004,3.9481000000000357,4.227900000000044
0.002519971,47.294,51.02820000000004,3.7342000000000413,3.997800000000038
0.002521993,47.516000000000005,51.03969999999998,3.5236999999999794,3.8042999999999862
0.002523997,47.723,51.05440000000001,3.331400000000012,3.6426000000000114
0.002525946,47.899,51.253400000000006,3.3544000000000063,3.707599999999993
0.002527989,48.071000000000005,50.95699999999999,2.8859999999999832,3.271999999999993
0.002529933,48.225,51.06999999999998,2.84499999999998,3.244999999999986
0.002531959,48.386,51.08099999999998,2.6949999999999816,3.132999999999984
0.002533989,48.528000000000006,51.112999999999985,2.5849999999999813,2.998999999999983
0.002535981,48.669999999999995,51.04099999999996,2.370999999999964,2.788999999999956
0.002537958,48.801,51.15400000000001,2.3530000000000113,2.8050000000000095
0.002539998,48.931,51.171000000000014,2.2400000000000135,2.718000000000008
0.002541918,49.042,51.27399999999998,2.231999999999977,2.7439999999999776
0.002543923,49.153999999999996,51.28899999999997,2.134999999999975,2.6569999999999805
0.002545932,49.259,51.405,2.146,2.676000000000001
0.002547979,49.348,51.528,2.1799999999999997,2.6839999999999904
0.002549928,49.440000000000005,51.65199999999999,2.2119999999999838,2.707999999999993
0.002551923,49.519,51.670999999999985,2.151999999999984,2.629999999999993
0.002553999,49.608999999999995,51.88799999999998,2.2789999999999795,2.762999999999974
0.00255597,49.694,51.99699999999997,2.3029999999999715,2.8089999999999717
0.002557937,49.78,52.10100000000002,2.3210000000000175,2.8590000000000284
0.002559968,49.861,52.30899999999998,2.4479999999999844,3.009999999999982
0.002561937,49.925999999999995,52.31299999999998,2.3869999999999836,2.9609999999999816
0.002563953,50.004000000000005,52.63100000000002,2.62700000000002,3.205000000000023
0.002565952,50.072,52.547,2.474999999999998,3.0410000000000004
0.002567983,50.153000000000006,52.77299999999996,2.6199999999999584,3.1739999999999604
0.002569929,50.223,52.69200000000002,2.4690000000000225,3.005000000000024
0.002571941,50.306000000000004,52.71000000000002,2.4040000000000186,2.944000000000025
0.002573938,50.38,52.82199999999999,2.4419999999999886,2.97799999999999
0.002575931,50.47,52.948000000000015,2.4780000000000175,3.002000000000004
0.002577977,50.563,53.163,2.599999999999998,3.134000000000004
0.002579933,50.646,53.09099999999997,2.4449999999999745,2.942999999999979
0.002581958,50.742,53.208,2.4659999999999984,2.9700000000000033
0.002583913,50.823,53.32700000000002,2.50400000000002,2.990000000000024
0.002585955,50.910000000000004,53.63199999999998,2.7219999999999756,3.237999999999981
0.00258797,50.977,53.63400000000001,2.657000000000008,3.1890000000000045
0.002589955,51.047000000000004,53.54700000000001,2.500000000000009,3.0460000000000154
0.002591942,51.102000000000004,53.754999999999995,2.652999999999995,3.2030000000000065
0.002593965,51.161,53.666000000000004,2.505000000000006,3.073000000000004
0.002595994,51.208000000000006,53.673,2.464999999999999,3.0390000000000112
0.002597992,51.256,53.573999999999984,2.3179999999999827,2.9099999999999815
0.002599974,51.319,53.57800000000001,2.2590000000000074,2.883000000000017
0.002601984,51.375,53.47699999999999,2.101999999999988,2.7479999999999887
0.002603926,51.439,53.47899999999996,2.0399999999999583,2.7219999999999605
0.002605928,51.494,53.376,1.8819999999999961,2.5899999999999945
0.002607991,51.545,53.269,1.7239999999999984,2.466000000000003
0.002609989,51.590999999999994,53.27799999999997,1.6869999999999727,2.4309999999999725
0.002611938,51.634,53.28299999999997,1.648999999999976,2.4029999999999667
0.002613995,51.666999999999994,53.391999999999996,1.7249999999999996,2.4609999999999896
0.00261596,51.706,53.19099999999998,1.48499999999998,2.2429999999999755
0.00261799,51.742000000000004,53.20999999999998,1.4679999999999787,2.2079999999999735
0.002619987,51.769999999999996,53.11800000000001,1.3480000000000096,2.0720000000000134
0.002621941,51.812,53.12400000000001,1.3120000000000118,2.044000000000011
0.002623912,51.862,53.12900000000001,1.2670000000000101,2.0090000000000146
0.002625919,51.92,52.94499999999999,1.0249999999999932,1.7549999999999972
0.002627919,51.974000000000004,53.06200000000002,1.0880000000000187,1.7840000000000167
0.00262996,52.045,52.98200000000002,0.9370000000000207,1.6130000000000226
0.002631927,52.119,53.00600000000002,0.8870000000000235,1.5350000000000197
0.002633945,52.194,53.02500000000003,0.8310000000000262,1.4610000000000216
0.002635918,52.257000000000005,53.05199999999999,0.794999999999991,1.3709999999999987
0.002637944,52.329,53.087000000000025,0.758000000000024,1.2840000000000202
0.002639936,52.397,53.01,0.6129999999999995,1.1129999999999995
0.002641927,52.461000000000006,53.138,0.6769999999999943,1.140999999999993
0.00264398,52.526,53.049,0.5229999999999979,0.9850000000000012
0.002645983,52.585,52.965,0.38000000000000433,0.8300000000000072
0.002647958,52.641999999999996,52.98300000000003,0.3410000000000366,0.7750000000000341
0.002649936,52.692,53.09799999999997,0.4059999999999686,0.8299999999999752
0.002651968,52.74,52.90699999999998,0.16699999999998205,0.592999999999984
0.002653999,52.784,52.92200000000001,0.1380000000000141,0.5540000000000109
0.002655992,52.825,53.03599999999997,0.2109999999999701,0.6189999999999856
0.002657959,52.86,53.04400000000003,0.18400000000002947,0.5960000000000356
0.002659919,52.891999999999996,53.04799999999998,0.15599999999998104,0.5799999999999734
0.002661972,52.917,52.86399999999999,-0.05300000000000793,0.358999999999984
0.002663982,52.936,52.97000000000001,0.034000000000011354,0.45400000000001306
0.002665942,52.953,52.87799999999999,-0.07500000000000817,0.3489999999999842
0.002667987,52.967999999999996,52.99000000000001,0.0220000000000109,0.4420000000000126
0.002669986,52.980999999999995,52.91200000000002,-0.06899999999997775,0.3470000000000333
0.002671979,52.994,52.833999999999996,-0.16000000000000547,0.23400000000001775
0.002673915,53.015,52.874000000000024,-0.14099999999997515,0.21300000000004182
0.002675968,53.027,53.10299999999998,0.07599999999997742,0.36999999999998856
0.002677993,53.048,53.03799999999999,-0.010000000000010445,0.25399999999998535
0.002679997,53.069,53.16700000000001,0.09800000000000608,0.3440000000000154
0.002681934,53.089,53.09600000000002,0.007000000000019213,0.23500000000001364
0.002683956,53.12,53.121000000000016,0.0010000000000172093,0.23900000000001675
0.00268598,53.14,53.14100000000002,0.0010000000000172093,0.23900000000001675
0.002687967,53.16,53.05800000000002,-0.10199999999997722,0.27999999999999936
0.002689931,53.18,53.081000000000024,-0.0989999999999771,0.27699999999999925
0.002691945,53.19,53.19799999999999,0.00799999999999379,0.23199999999998333
0.002693999,53.199999999999996,53.30699999999998,0.10699999999998333,0.3329999999999824
0.002695929,53.211,53.22499999999999,0.013999999999985135,0.2239999999999931
0.00269798,53.230999999999995,53.228999999999985,-0.0020000000000131024,0.23999999999999133
0.002699994,53.241,53.23699999999999,-0.004000000000008441,0.24199999999998667
0.002701951,53.251000000000005,53.23099999999999,-0.020000000000013785,0.257999999999992
0.002703922,53.260999999999996,53.438,0.17700000000000315,0.4610000000000092
0.002705985,53.281000000000006,53.23999999999999,-0.04100000000001458,0.2789999999999928
0.002707923,53.291,53.243999999999986,-0.04700000000001481,0.28499999999999304
0.002709921,53.301,53.258999999999986,-0.04200000000001225,0.2799999999999905
0.002711966,53.321,53.36700000000001,0.04600000000001003,0.39200000000001367
0.002713927,53.340999999999994,53.47999999999998,0.13899999999998514,0.49899999999997036
0.002715925,53.361000000000004,53.289999999999985,-0.07100000000001572,0.30899999999999395
0.002717964,53.370999999999995,53.30299999999999,-0.0680000000000085,0.3059999999999867
0.002719926,53.391000000000005,53.41299999999998,0.0219999999999807,0.41599999999998616
0.00272196,53.400999999999996,53.31799999999999,-0.08300000000000907,0.3209999999999873
0.002723933,53.411,53.322999999999986,-0.08800000000001162,0.32599999999998985
0.002725946,53.431,53.42599999999998,-0.0050000000000203215,0.4429999999999872
0.002727997,53.441,53.32399999999999,-0.11700000000000799,0.3549999999999862
0.002729957,53.461,53.329999999999984,-0.131000000000018,0.3689999999999962
0.002731936,53.480999999999995,53.34599999999999,-0.13500000000000867,0.3729999999999869
0.002733947,53.510999999999996,53.37599999999999,-0.13500000000000867,0.3729999999999869
0.002735978,53.531000000000006,53.377999999999986,-0.15300000000001646,0.3909999999999947
0.002737925,53.551,53.39699999999999,-0.15400000000000702,0.39199999999998525
0.002739945,53.56099999999999,53.41499999999999,-0.14600000000000435,0.3839999999999826
0.00274194,53.571,53.43799999999999,-0.13300000000001333,0.37099999999999156
0.002743967,53.590999999999994,53.46299999999999,-0.12800000000001077,0.365999999999989
0.002745924,53.601,53.48099999999999,-0.1200000000000152,0.35799999999999343
0.002747933,53.620999999999995,53.606999999999985,-0.014000000000013557,0.4519999999999804
0.002749913,53.641000000000005,53.64600000000001,0.005000000000006111,0.4330000000000176
0.002751934,53.661,53.65299999999999,-0.008000000000006224,0.24599999999998445
0.002753915,53.691,53.74399999999999,0.05299999999999372,0.1849999999999845
0.002755983,53.730999999999995,53.801999999999985,0.0709999999999873,0.16699999999999093
0.002757984,53.771,53.889999999999986,0.11899999999998911,0.11899999999998911
0.002759991,53.801,54.067999999999984,0.26699999999998525,0.26699999999998525
0.002761945,53.840999999999994,53.953999999999986,0.11299999999998889,0.12499999999998934
0.002763998,53.870999999999995,53.94599999999999,0.07499999999999218,0.16299999999998604
0.002765942,53.900999999999996,53.92299999999999,0.021999999999987807,0.21599999999999042
0.00276792,53.931,53.90799999999999,-0.023000000000013898,0.2609999999999921
0.002769935,53.971000000000004,53.93199999999999,-0.039000000000012136,0.27699999999999037
0.002771993,54.001000000000005,53.94899999999999,-0.05200000000001026,0.2899999999999885
0.002773963,54.031000000000006,53.975999999999985,-0.05500000000001748,0.2929999999999957
0.002775958,54.051,53.99199999999999,-0.05900000000000816,0.2969999999999864
0.002777969,54.090999999999994,54.01599999999999,-0.0750000000000064,0.3129999999999846
0.002779934,54.120999999999995,54.13800000000001,0.01700000000001367,0.42100000000001003
0.002781987,54.161,54.26799999999998,0.10699999999998155,0.5309999999999739
0.002783985,54.20099999999999,54.093999999999994,-0.10700000000000287,0.3449999999999811
0.002785964,54.230999999999995,54.11099999999999,-0.1200000000000081,0.35799999999998633
0.002787968,54.271,54.12399999999999,-0.14700000000000912,0.38499999999998735
0.002789923,54.291,54.133999999999986,-0.15700000000001424,0.39499999999999247
0.002791944,54.321,54.15399999999999,-0.16700000000001225,0.4049999999999905
0.002793925,54.340999999999994,54.15399999999999,-0.18700000000000827,0.4249999999999865
0.002795929,54.361000000000004,54.15299999999999,-0.20800000000000907,0.4459999999999873
0.002797966,54.370999999999995,54.16099999999999,-0.2100000000000115,0.44799999999998974
0.002799912,54.381,54.264999999999986,-0.11600000000001032,0.5539999999999772
0.002801961,54.391000000000005,54.264999999999986,-0.12600000000001543,0.5639999999999823
0.002803949,54.400999999999996,54.16299999999999,-0.2380000000000102,0.47599999999998843
0.002805974,54.411,54.17499999999999,-0.23600000000000776,0.473999999999986
0.00280792,54.411,54.17499999999999,-0.23600000000000776,0.473999999999986
0.002809962,54.42100000000001,54.38099999999998,-0.040000000000024016,0.6779999999999795
0.002811962,54.431,54.19399999999999,-0.23700000000001253,0.47499999999999076
0.002813987,54.45099999999999,54.207999999999984,-0.24300000000001276,0.480999999999991
0.002815937,54.461,54.32000000000001,-0.14099999999999469,0.5790000000000184
0.002817982,54.480999999999995,54.22599999999999,-0.2550000000000061,0.49299999999998434
0.002819935,54.491,54.23599999999999,-0.2550000000000061,0.49299999999998434
0.002821927,54.510999999999996,54.23099999999999,-0.2800000000000118,0.51799999999999
0.00282395,54.521,54.24199999999999,-0.279000000000007,0.5169999999999852
0.002825994,54.531000000000006,54.24399999999999,-0.2870000000000097,0.5249999999999879
0.002827924,54.541,54.26399999999999,-0.2770000000000117,0.5149999999999899
0.002829943,54.551,54.383999999999986,-0.16700000000001225,0.6049999999999791
0.002831982,54.571,54.326999999999984,-0.24400000000001754,0.48199999999999577
0.002833947,54.581,54.38299999999999,-0.19800000000001106,0.4359999999999893
0.002835999,54.601,54.539999999999985,-0.06100000000001771,0.49899999999998457
0.002837984,54.620999999999995,54.49699999999999,-0.12400000000000588,0.3619999999999841
0.002839912,54.641000000000005,54.643999999999984,0.00299999999998235,0.4349999999999845
0.002841955,54.650999999999996,54.60099999999999,-0.050000000000007816,0.28799999999998604
0.002843924,54.67100000000001,54.64899999999999,-0.02200000000001623,0.25999999999999446
0.00284592,54.70099999999999,54.694999999999986,-0.0060000000000108855,0.24399999999998911
0.002847985,54.721000000000004,54.72599999999999,0.0049999999999919,0.23299999999998633
0.002849914,54.730999999999995,54.75199999999999,0.020999999999990138,0.2169999999999881
0.002851958,54.751000000000005,54.75699999999999,0.005999999999989569,0.23199999999998866
0.002853973,54.771,54.755999999999986,-0.015000000000011227,0.25299999999998946
0.002855955,54.781000000000006,54.73699999999999,-0.044000000000014694,0.2819999999999929
0.002857964,54.801,54.94299999999998,0.14199999999997814,0.49599999999997735
0.002859988,54.81099999999999,54.76299999999999,-0.04800000000000537,0.2859999999999836
0.00286192,54.831,54.75399999999999,-0.07700000000000884,0.31499999999998707
0.002863989,54.851,54.73999999999999,-0.11100000000001486,0.3489999999999931
0.002865987,54.870999999999995,54.74299999999999,-0.12800000000001077,0.365999999999989
0.002867997,54.891000000000005,54.75399999999999,-0.1370000000000111,0.37499999999998934
0.002869919,54.911,54.86799999999998,-0.043000000000017025,0.4809999999999839
0.002871988,54.92100000000001,54.78799999999999,-0.13300000000001333,0.37099999999999156
0.00287398,54.941,54.81499999999998,-0.12600000000001543,0.36399999999999366
0.002875917,54.961,55.03899999999997,0.07799999999997098,0.5599999999999845
0.002877978,54.980999999999995,54.85899999999999,-0.12200000000001054,0.3599999999999888
0.002879951,55.001000000000005,54.87999999999999,-0.12100000000001288,0.3589999999999911
0.002881945,55.021,54.89499999999999,-0.12600000000000833,0.36399999999998656
0.002883934,55.041,55.012999999999984,-0.028000000000016456,0.4659999999999833
0.00288598,55.071,54.93699999999999,-0.134000000000011,0.37199999999998923
0.002887951,55.090999999999994,54.96199999999999,-0.12900000000000844,0.36699999999998667
0.002889943,55.120999999999995,55.079999999999984,-0.04100000000001458,0.47899999999998144
0.002891935,55.141000000000005,55.10599999999998,-0.03500000000002146,0.4729999999999883
0.002893983,55.162,55.02999999999999,-0.1320000000000121,0.3679999999999879
0.002895947,55.183,55.04199999999999,-0.14100000000001423,0.3749999999999911
0.002897942,55.20399999999999,55.049000000000014,-0.15499999999998337,0.3870000000000182
0.002899923,55.225,55.048000000000016,-0.1769999999999854,0.4070000000000178
0.002901942,55.245999999999995,55.051000000000016,-0.19499999999998074,0.42300000000001425
0.00290392,55.268,55.042000000000044,-0.22599999999995646,0.4500000000000455
0.002905959,55.290000000000006,55.15300000000004,-0.13699999999996137,0.5570000000000412
0.002907942,55.312,55.07099999999999,-0.24100000000000854,0.45699999999998475
0.002909958,55.345,55.082999999999984,-0.26200000000001644,0.4719999999999924
0.002911921,55.368,55.07400000000001,-0.2939999999999916,0.4980000000000242
0.00291397,55.382000000000005,55.06399999999999,-0.3180000000000085,0.5139999999999851
0.002915955,55.396,55.162000000000006,-0.23399999999999288,0.6220000000000159
0.002917919,55.411,55.17300000000004,-0.23799999999996047,0.6160000000000387
0.002919999,55.426,55.19500000000001,-0.23099999999999454,0.599000000000018
0.002921986,55.443,55.20700000000001,-0.23599999999999355,0.5900000000000141
0.00292395,55.458999999999996,55.22499999999999,-0.23400000000001064,0.5759999999999774
0.002925924,55.475,55.23600000000001,-0.23899999999999189,0.569000000000015
0.002927952,55.491,55.23800000000004,-0.25299999999995926,0.5710000000000388
0.002929932,55.507,55.250000000000014,-0.25699999999998546,0.5630000000000077
0.002931988,55.533,55.265000000000015,-0.26799999999998825,0.56200000000001
0.002933978,55.549,55.29199999999998,-0.257000000000021,0.5389999999999855
0.002935939,55.57599999999999,55.30700000000001,-0.2689999999999877,0.5370000000000097
0.002937999,55.602000000000004,55.320000000000036,-0.2819999999999645,0.5380000000000429
0.002939965,55.617999999999995,55.32600000000001,-0.29199999999999093,0.536000000000012
0.002941964,55.643,55.34000000000002,-0.30299999999998306,0.5370000000000061
0.002943945,55.668,55.56399999999997,-0.10400000000002585,0.7279999999999678
0.002945973,55.692,55.48800000000001,-0.20399999999999352,0.6200000000000045
0.002947937,55.714000000000006,55.399000000000015,-0.31499999999998884,0.5270000000000099
0.002949921,55.737,55.414000000000016,-0.3229999999999844,0.5290000000000052
0.002951934,55.759,55.53000000000004,-0.22899999999996545,0.631000000000034
0.002953978,55.771,55.44700000000004,-0.32399999999996254,0.5220000000000411
0.002955936,55.782,55.55500000000001,-0.22699999999999143,0.6230000000000029
0.00295797,55.803000000000004,55.47500000000001,-0.3279999999999941,0.5220000000000145
0.002959994,55.813,55.48200000000001,-0.3309999999999871,0.5250000000000075
0.002961958,55.824,55.59000000000003,-0.23399999999996624,0.6260000000000332
0.002963989,55.834,55.52500000000001,-0.3089999999999904,0.5010000000000119
0.002965952,55.854,55.70600000000001,-0.14799999999998903,0.5399999999999991
0.002967917,55.874,55.68700000000001,-0.1869999999999905,0.379000000000012
0.002969993,55.904,55.76000000000001,-0.14399999999999125,0.33600000000001273
0.00297194,55.924,55.82400000000001,-0.09999999999998721,0.2920000000000087
0.002973986,55.954,55.95600000000001,0.0020000000000095497,0.39000000000000057
0.002975919,55.984,55.87600000000001,-0.10799999999998988,0.30000000000001137
0.002977977,56.004,55.89200000000001,-0.11199999999998766,0.30400000000000915
0.002979983,56.024,55.88500000000001,-0.1389999999999887,0.3310000000000102
0.002981957,56.044000000000004,55.982000000000006,-0.06199999999999761,0.45400000000000773
0.002983924,56.064,55.878000000000014,-0.18599999999998573,0.3780000000000072
0.002985922,56.084,55.87900000000001,-0.2049999999999912,0.3970000000000127
0.002987922,56.094,55.89400000000001,-0.19999999999998863,0.3920000000000101
0.002989961,56.114,56.047000000000004,-0.06699999999999307,0.4590000000000032
0.002991926,56.134,56.036000000000016,-0.09799999999998477,0.29000000000000625
0.002993925,56.164,56.067000000000014,-0.0969999999999871,0.2890000000000086
0.002995984,56.194,56.14600000000003,-0.0479999999999734,0.44000000000004036
0.002997913,56.214,56.00500000000001,-0.20899999999998897,0.40100000000001046
0.002999969,56.224000000000004,55.97800000000001,-0.2459999999999951,0.4380000000000166
0.003001935,56.244,56.06800000000003,-0.1759999999999664,0.5680000000000334
0.003003999,56.254,55.969000000000015,-0.2849999999999824,0.47700000000000387
0.003005914,56.274,55.96500000000001,-0.3089999999999904,0.5010000000000119
0.003007953,56.284,56.154000000000025,-0.12999999999997414,0.7220000000000297
0.003009911,56.294000000000004,55.933000000000014,-0.36099999999999,0.5530000000000115
0.003011928,56.304,55.93200000000001,-0.3719999999999928,0.5640000000000143
0.003013985,56.314,55.93100000000001,-0.38299999999998846,0.57500000000001
0.003015982,56.324,55.93700000000001,-0.38699999999998624,0.5790000000000077
0.00301795,56.334,56.147000000000034,-0.1869999999999692,0.7790000000000248
0.003019998,56.344,55.95600000000001,-0.387999999999991,0.5800000000000125
0.003021977,56.354,55.95600000000001,-0.39799999999998903,0.5900000000000105
0.003023978,56.364,55.966000000000015,-0.3979999999999819,0.5900000000000034
0.003025938,56.374,55.978000000000016,-0.3959999999999866,0.5880000000000081
0.003027991,56.384,55.99000000000001,-0.39399999999999125,0.5860000000000127
0.003029976,56.394,56.00800000000001,-0.3859999999999886,0.5780000000000101
0.003031959,56.404,56.12500000000001,-0.27899999999999636,0.6710000000000065
0.003033916,56.414,56.04900000000001,-0.3649999999999949,0.5570000000000164
0.003035983,56.434,56.306999999999995,-0.12700000000000244,0.7190000000000012
0.003037918,56.454,56.183000000000014,-0.2709999999999866,0.46300000000000807
0.003039962,56.474000000000004,56.36200000000003,-0.11199999999997345,0.5040000000000404
0.003041968,56.504,56.32300000000001,-0.18099999999999028,0.37300000000001177
0.003043923,56.534,56.464000000000006,-0.06999999999999318,0.4620000000000033
0.003045978,56.564,56.390000000000015,-0.17399999999998528,0.36600000000000676
0.003047976,56.594,56.51500000000001,-0.07899999999999352,0.47100000000000364
0.003049979,56.624,56.44000000000001,-0.1839999999999904,0.3760000000000119
0.003051934,56.654,56.47200000000001,-0.18199999999999505,0.37400000000001654
0.003053999,56.674,56.500000000000014,-0.17399999999998528,0.36600000000000676
0.003055959,56.704,56.524000000000015,-0.1799999999999855,0.372000000000007
0.003057946,56.734,56.64500000000003,-0.08899999999997021,0.4810000000000372
0.003059948,56.754,56.57200000000002,-0.18199999999998084,0.37400000000000233
0.003061918,56.784,56.71000000000001,-0.07399999999999096,0.4660000000000011
0.003063975,56.804,56.640000000000015,-0.16399999999998727,0.35600000000000875
0.003065947,56.834,56.68400000000001,-0.14999999999999147,0.34200000000001296
0.003067936,56.864,56.851000000000006,-0.012999999999991019,0.40500000000000114
0.003069984,56.904,56.820000000000014,-0.08399999999998897,0.27600000000001046
0.003071954,56.944,56.986000000000004,0.04200000000000159,0.3500000000000085
0.00307395,56.994,56.93400000000001,-0.05999999999998806,0.25200000000000955
0.003075923,57.044000000000004,56.99300000000001,-0.05099999999999483,0.24300000000001631
0.003077935,57.104,57.05400000000001,-0.04999999999999005,0.24200000000001154
0.003079994,57.164,57.15100000000001,-0.012999999999991019,0.2050000000000125
0.003081959,57.224000000000004,57.23400000000001,0.010000000000005116,0.18200000000001637
0.003083996,57.294000000000004,57.31600000000001,0.02200000000000557,0.17000000000001592
0.003085999,57.354,57.39800000000001,0.04400000000001114,0.14800000000001035
0.003087953,57.414,57.47600000000001,0.06200000000001182,0.13000000000000966
0.003089999,57.474000000000004,57.53800000000001,0.06400000000000716,0.12800000000001432
0.003091989,57.534,57.59000000000001,0.056000000000011596,0.1360000000000099
0.003093979,57.594,57.63300000000001,0.03900000000000858,0.1530000000000129
0.003095977,57.654,57.76800000000001,0.11400000000000432,0.2780000000000058
0.003097926,57.714,57.70900000000002,-0.004999999999981242,0.19700000000000273
0.003099937,57.774,57.75500000000001,-0.018999999999991246,0.21100000000001273
0.003101942,57.824999999999996,57.795000000000016,-0.029999999999981597,0.2200000000000042
0.003103981,57.885999999999996,57.82700000000001,-0.05899999999998684,0.24700000000001054
0.003105941,57.927,57.95700000000001,0.030000000000008242,0.35600000000000165
0.003107988,57.967999999999996,57.90200000000001,-0.06599999999999007,0.25000000000001243
0.003109962,58.009,58.034000000000034,0.02500000000003766,0.3570000000000313
0.003111935,58.04,57.97200000000001,-0.06799999999999073,0.24800000000001177
0.003113943,58.08,58.01600000000001,-0.06399999999998585,0.24400000000000688
0.003115979,58.111,58.04700000000001,-0.06399999999998762,0.24200000000000976
0.003117953,58.141,58.07500000000001,-0.06599999999999007,0.2440000000000122
0.003119949,58.171,58.205000000000005,0.03400000000000425,0.3440000000000065
0.003121977,58.190999999999995,58.12200000000001,-0.06899999999999018,0.24700000000001232
0.003123933,58.221,58.235999999999976,0.014999999999977476,0.36299999999997645
0.003125978,58.241,58.257999999999974,0.016999999999972815,0.3609999999999811
0.003127984,58.271,58.278999999999975,0.007999999999972474,0.36999999999998145
0.003129992,58.291,58.404,0.11300000000000487,0.46499999999999453
0.003131938,58.321,58.22499999999999,-0.09600000000001252,0.27400000000003466
0.003133956,58.351,58.22799999999998,-0.12300000000002242,0.30100000000004457
0.003135924,58.381,58.24599999999998,-0.13500000000001577,0.3130000000000379
0.003137997,58.411,58.249999999999986,-0.16100000000001202,0.33900000000003416
0.00313995,58.441,58.26899999999998,-0.1720000000000219,0.35000000000004405
0.003141922,58.461,58.39399999999998,-0.06700000000002504,0.4450000000000358
0.003143998,58.491,58.317999999999984,-0.17300000000001958,0.3510000000000417
0.003145915,58.510999999999996,58.34999999999998,-0.16100000000001913,0.33900000000004127
0.003147958,58.531000000000006,58.36699999999998,-0.16400000000001924,0.3420000000000414
0.003149929,58.551,58.389999999999986,-0.16100000000001202,0.33900000000003416
0.003151979,58.571,58.42999999999998,-0.1410000000000231,0.31900000000004525
0.00315394,58.601,58.576,-0.02500000000000213,0.40300000000006975
0.003155927,58.620999999999995,58.51599999999998,-0.10500000000002174,0.2830000000000439
0.003157973,58.641000000000005,58.665999999999976,0.02499999999997371,0.35300000000003706
0.003159925,58.67100000000001,58.73299999999998,0.06199999999997985,0.3160000000000309
0.003161974,58.70099999999999,58.67699999999998,-0.024000000000018673,0.2020000000000408
0.003163956,58.730999999999995,58.71199999999998,-0.019000000000016115,0.19700000000003826
0.003165976,58.760999999999996,58.761999999999986,0.0009999999999870113,0.17700000000003513
0.003167931,58.801,58.804999999999986,0.003999999999987125,0.17400000000003502
0.003169943,58.840999999999994,58.881999999999984,0.04099999999998616,0.13700000000003598
0.003171918,58.891000000000005,58.92899999999998,0.03799999999997894,0.1400000000000432
0.003173933,58.941,58.97099999999999,0.02999999999999048,0.14800000000003166
0.003175998,58.980999999999995,59.01799999999998,0.03699999999998127,0.14100000000004087
0.003177922,59.021,59.060999999999986,0.03999999999998849,0.13800000000003365
0.00318,59.06100000000001,59.12099999999998,0.059999999999977405,0.11800000000004474
0.003181924,59.101,59.17799999999998,0.07699999999998042,0.10100000000004172
0.003183961,59.141000000000005,59.250999999999976,0.10999999999997456,0.13000000000003098
0.003185992,59.17100000000001,59.28299999999999,0.11199999999998411,0.13200000000004053
0.003187981,59.211,59.30299999999998,0.09199999999998099,0.1120000000000374
0.003189971,59.241,59.31299999999998,0.07199999999997786,0.10600000000004428
0.003191989,59.281000000000006,59.31199999999998,0.030999999999981043,0.1470000000000411
0.003193953,59.31100000000001,59.30999999999998,-0.0010000000000225384,0.17900000000004468
0.003195983,59.331,59.32199999999999,-0.009000000000011,0.18700000000003314
0.00319796,59.361000000000004,59.34099999999998,-0.02000000000002089,0.19800000000004303
0.003199958,59.381,59.35799999999998,-0.023000000000013898,0.20100000000003604
0.003201919,59.400999999999996,59.366999999999976,-0.03400000000002379,0.21200000000004593
0.003203974,59.42100000000001,59.386999999999986,-0.034000000000016684,0.21200000000003882
0.003205969,59.441,59.40699999999998,-0.034000000000016684,0.21200000000003882
0.003207942,59.45099999999999,59.42499999999998,-0.026000000000014012,0.20400000000003615
0.003209966,59.471000000000004,59.441999999999986,-0.029000000000014126,0.20700000000003627
0.003211918,59.491,59.47399999999998,-0.017000000000020776,0.19500000000004292
0.003213987,59.521,59.505999999999986,-0.015000000000011227,0.19300000000003337
0.003215948,59.541,59.53899999999999,-0.0020000000000131024,0.18000000000003524
0.003217925,59.56100000000001,59.66399999999997,0.10299999999996956,0.2750000000000412
0.00321996,59.581,59.585999999999984,0.004999999999984794,0.17300000000003735
0.003221965,59.601,59.714999999999975,0.11399999999997235,0.2640000000000384
0.003223939,59.611000000000004,59.624999999999986,0.013999999999985135,0.164000000000037
0.003225945,59.631,59.649999999999984,0.018999999999987693,0.15900000000003445
0.003227984,59.641000000000005,59.67299999999998,0.03199999999997871,0.14600000000004343
0.003229938,59.661,59.69399999999999,0.03299999999999059,0.14500000000003155
0.003231919,59.67100000000001,59.72499999999998,0.05399999999997718,0.12400000000004496
0.003233984,59.691,59.75499999999998,0.0639999999999823,0.11400000000003985
0.003235995,59.721000000000004,59.77599999999998,0.05499999999998195,0.12300000000004019
0.003237952,59.751000000000005,59.80399999999999,0.05299999999998661,0.12500000000003553
0.003239985,59.781000000000006,59.825999999999986,0.04499999999998394,0.1330000000000382
0.00324196,59.81100000000001,59.94199999999998,0.13099999999997536,0.2470000000000354
0.003243954,59.851,59.86499999999998,0.01399999999997803,0.1640000000000441
0.003245995,59.891000000000005,59.884999999999984,-0.006000000000017991,0.18400000000004013
0.003247956,59.931,59.91599999999998,-0.015000000000018332,0.19300000000004047
0.003249971,59.980999999999995,59.960999999999984,-0.020000000000013785,0.19800000000003593
0.003251971,60.021,59.987999999999985,-0.03300000000001191,0.21100000000003405
0.003253931,60.071,60.01799999999998,-0.05300000000002214,0.23100000000004428
0.003255976,60.120999999999995,60.05299999999998,-0.0680000000000156,0.24600000000003774
0.003257932,60.17100000000001,60.088999999999984,-0.0820000000000185,0.26000000000004064
0.003259926,60.211,60.12099999999998,-0.09000000000002117,0.2680000000000433
0.00326197,60.251000000000005,60.250999999999976,-2.4868995751603507e-14,0.37800000000003564
0.00326394,60.291,60.17699999999998,-0.11400000000002208,0.2920000000000442
0.003265922,60.321,60.311999999999976,-0.00900000000002521,0.387000000000036
0.003267998,60.351,60.25199999999998,-0.09900000000002152,0.27700000000004366
0.003269942,60.370999999999995,60.29099999999998,-0.08000000000001606,0.2580000000000382
0.003271911,60.400999999999996,60.412000000000006,0.011000000000006338,0.3670000000000613
0.003273971,60.431,60.440000000000005,0.009000000000003894,0.3490000000000073
0.003275962,60.45099999999999,60.547000000000004,0.09600000000000719,0.46199999999999264
0.00327794,60.481,60.45600000000003,-0.02499999999996838,0.36300000000003685
0.003279982,60.511,60.56900000000003,0.05800000000003003,0.48000000000002707
0.00328193,60.550999999999995,60.583999999999996,0.032999999999999474,0.46500000000000163
0.003283915,60.601000000000006,60.72800000000002,0.12700000000001843,0.551000000000025
0.003285978,60.650999999999996,60.86899999999999,0.21799999999999464,0.6199999999999815
0.003287989,60.70099999999999,60.904000000000046,0.20300000000004914,0.6150000000000411
0.003289942,60.771,60.94700000000002,0.17600000000001614,0.6020000000000181
0.003291928,60.821,60.99400000000002,0.17300000000002136,0.5850000000000133
0.003293917,60.881,61.03899999999999,0.15799999999998704,0.5599999999999881
0.003295972,60.941,61.18800000000002,0.24700000000001232,0.6510000000000087
0.003297933,60.991,61.13800000000005,0.14700000000004465,0.531000000000045
0.003299921,61.051,61.19800000000002,0.14700000000002156,0.5110000000000117
0.003301966,61.101,61.35799999999998,0.2569999999999837,0.5809999999999818
0.003303972,61.152,61.40500000000004,0.2530000000000392,0.5630000000000415
0.003305937,61.193,61.35399999999999,0.16099999999999604,0.4529999999999834
0.003307952,61.234,61.190999999999995,-0.04300000000000814,0.2829999999999746
0.003309923,61.274,61.334999999999994,0.06099999999999639,0.3309999999999924
0.003311925,61.305,61.38199999999999,0.07699999999999285,0.31299999999999706
0.003313988,61.336,61.316,-0.01999999999999602,0.2079999999999984
0.00331596,61.367000000000004,61.25600000000001,-0.11099999999999355,0.13100000000002865
0.003317951,61.408,61.49100000000002,0.0830000000000215,0.301000000000025
0.003319922,61.449,61.53000000000005,0.08100000000005281,0.30100000000005167
0.003321946,61.489999999999995,61.47500000000003,-0.014999999999968594,0.19500000000002515
0.003323912,61.541000000000004,61.52700000000003,-0.013999999999972701,0.19200000000003037
0.003325932,61.582,61.485000000000035,-0.09699999999996578,0.11700000000000088
0.003327927,61.623000000000005,61.534000000000034,-0.08899999999996666,0.10900000000000176
0.003329945,61.664,61.56800000000003,-0.09599999999996633,0.11600000000000144
0.003331972,61.695,61.59400000000004,-0.10099999999996356,0.12099999999999866
0.003333976,61.725,61.70400000000003,-0.020999999999972374,0.2409999999999961
0.003335933,61.756,61.60200000000003,-0.1539999999999715,0.1740000000000066
0.003337913,61.787,61.711,-0.07599999999999874,0.2419999999999991
0.003339971,61.807,61.735,-0.07200000000000095,0.23800000000000132
0.003341935,61.827999999999996,61.757,-0.07099999999999795,0.23499999999999943
0.003343968,61.848,61.788,-0.060000000000002274,0.22400000000000375
0.003345936,61.868,61.910999999999994,0.042999999999992156,0.32099999999999795
0.003347962,61.888999999999996,61.836,-0.05299999999999905,0.21500000000000163
0.003349929,61.919,61.854,-0.0649999999999995,0.2270000000000021
0.003351954,61.949,61.877,-0.0719999999999974,0.23399999999999999
0.00335393,61.97,61.899,-0.07099999999999618,0.23099999999999632
0.003355955,62.0,62.02800000000003,0.02800000000002889,0.3320000000000167
0.003357918,62.031,61.839000000000006,-0.19199999999999307,0.21200000000002817
0.00335993,62.061,61.842000000000006,-0.2189999999999941,0.2390000000000292
0.003361977,62.081999999999994,61.830000000000005,-0.25199999999999,0.2720000000000251
0.00336396,62.102,61.818000000000005,-0.2839999999999936,0.3040000000000287
0.003365932,62.111999999999995,62.007,-0.10499999999999865,0.525000000000011
0.003367963,62.132,61.913000000000025,-0.21899999999997455,0.37500000000003375
0.003369938,62.153,61.90200000000002,-0.2509999999999746,0.40500000000003133
0.003371924,62.163000000000004,61.90200000000003,-0.2609999999999726,0.41500000000002935
0.003373965,62.183,61.90500000000003,-0.2779999999999685,0.43200000000002525
0.003375933,62.193000000000005,61.90900000000003,-0.2839999999999758,0.4380000000000326
0.003377937,62.213,61.91500000000003,-0.2979999999999716,0.4520000000000284
0.003379987,62.223,61.91800000000003,-0.3049999999999695,0.4590000000000263
0.003381925,62.233000000000004,61.92300000000003,-0.3099999999999721,0.46400000000002883
0.003383979,62.243,61.93500000000003,-0.30799999999996963,0.4620000000000264
0.003385991,62.253,61.94200000000003,-0.31099999999996975,0.4650000000000265
0.003387941,62.253,61.95100000000002,-0.3019999999999765,0.45600000000003327
0.003389996,62.263000000000005,61.95200000000003,-0.31099999999997685,0.4650000000000336
0.003391963,62.273,62.062000000000026,-0.21099999999997543,0.5650000000000208
0.003393943,62.283,61.96500000000003,-0.31799999999996764,0.4720000000000244
0.003395929,62.293,61.96400000000003,-0.3289999999999704,0.4830000000000272
0.003397973,62.303000000000004,61.96900000000002,-0.3339999999999801,0.48800000000003685
0.003399926,62.313,61.976000000000035,-0.336999999999966,0.49100000000002275
0.003401971,62.323,61.97900000000003,-0.343999999999971,0.49800000000002775
0.003403956,62.333,61.99100000000003,-0.34199999999996855,0.4960000000000253
0.00340599,62.333,62.105000000000054,-0.22799999999994291,0.5820000000000451
0.003407986,62.343,62.01000000000003,-0.3329999999999682,0.48700000000002497
0.003409934,62.343,62.02800000000003,-0.31499999999997463,0.4690000000000314
0.003411967,62.353,62.04500000000003,-0.30799999999996963,0.4620000000000264
0.003413946,62.353,62.266999999999996,-0.08600000000000385,0.639999999999981
0.003415921,62.363,62.19499999999999,-0.1680000000000046,0.5219999999999931
0.003417958,62.373000000000005,62.223,-0.1500000000000039,0.5039999999999925
0.003419933,62.373000000000005,62.23299999999999,-0.140000000000013,0.49400000000000155
0.003421946,62.393,62.254999999999995,-0.13800000000000523,0.4719999999999942
0.003423994,62.403,62.252000000000024,-0.15099999999997493,0.48500000000004206
0.003425988,62.413,62.161,-0.25199999999999534,0.386000000000017
0.003427934,62.433,62.168,-0.26500000000000057,0.3990000000000222
0.00342997,62.443,62.207,-0.2359999999999971,0.37000000000001876
0.00343196,62.463,62.24,-0.22299999999999898,0.35700000000002063
0.003433932,62.483,62.355999999999995,-0.12700000000000244,0.46100000000001273
0.003435988,62.493,62.251000000000005,-0.24199999999999733,0.376000000000019
0.003437937,62.513,62.251,-0.26200000000000045,0.3960000000000221
0.003439983,62.523,62.35399999999999,-0.16900000000001114,0.5030000000000214
0.003441963,62.533,62.262,-0.2710000000000008,0.40500000000002245
0.003443976,62.543,62.278999999999996,-0.2640000000000029,0.39800000000002456
0.003445928,62.563,62.400999999999996,-0.16200000000000614,0.4960000000000164
0.003447982,62.583,62.338,-0.24499999999999744,0.3790000000000191
0.003449942,62.603,62.362,-0.24099999999999966,0.3750000000000213
0.00345199,62.623,62.48100000000002,-0.1419999999999746,0.4760000000000417
0.003453949,62.643,62.391,-0.25200000000000244,0.3860000000000241
0.003455961,62.663,62.397999999999996,-0.26500000000000057,0.3990000000000222
0.003457984,62.683,62.50299999999999,-0.18000000000000682,0.5140000000000171
0.003459969,62.693,62.407000000000004,-0.28599999999999426,0.4200000000000159
0.003461993,62.713,62.419999999999995,-0.29300000000000637,0.427000000000028
0.003463958,62.723,62.424,-0.2989999999999995,0.43300000000002115
0.003465931,62.743,62.437,-0.3060000000000045,0.44000000000002615
0.003467965,62.753,62.459,-0.29399999999999693,0.4280000000000186
0.003469991,62.773,62.476,-0.29700000000000415,0.4310000000000258
0.003471959,62.793,62.69700000000002,-0.09599999999998232,0.6300000000000168
0.003473923,62.813,62.61000000000002,-0.2029999999999781,0.5170000000000208
0.003475999,62.833,62.73700000000002,-0.09599999999997877,0.6100000000000101
0.003477963,62.854,62.574,-0.27999999999999936,0.4120000000000221
0.003479959,62.874,62.613,-0.261000000000001,0.3930000000000238
0.003481912,62.905,62.75400000000002,-0.15099999999998204,0.46100000000002694
0.00348397,62.927,62.89600000000004,-0.030999999999954397,0.5370000000000434
0.003485968,62.969,62.94800000000004,-0.020999999999956387,0.5030000000000445
0.00348795,63.001,62.89700000000002,-0.10399999999997966,0.38200000000002454
0.003489921,63.024,62.932000000000016,-0.09199999999998631,0.36400000000003097
0.00349198,63.05800000000001,62.97100000000002,-0.08699999999998553,0.35100000000003106
0.00349396,63.092,63.005000000000024,-0.08699999999997488,0.34300000000001774
0.003495934,63.126999999999995,63.14200000000002,0.015000000000018332,0.43100000000001515
0.00349795,63.153000000000006,63.19399999999999,0.04099999999998616,0.4329999999999572
0.003499919,63.190000000000005,63.14499999999999,-0.04500000000001414,0.3049999999999695
0.003501928,63.227999999999994,63.19600000000002,-0.03199999999997871,0.27599999999998914
0.003503971,63.268,63.254000000000026,-0.013999999999972701,0.23799999999998356
0.003505961,63.32,63.599999999999945,0.2799999999999443,0.4599999999999511
0.00350792,63.353,63.44099999999996,0.08799999999995656,0.2259999999999618
0.00350997,63.399,63.58499999999999,0.18599999999998218,0.2959999999999816
0.003511957,63.446,63.61500000000001,0.16900000000001114,0.2790000000000106
0.003513996,63.495,63.74299999999998,0.24799999999998157,0.3619999999999717
0.003515991,63.555,63.857,0.3019999999999996,0.4480000000000004
0.003517937,63.606,63.774000000000036,0.1680000000000348,0.34000000000003183
0.003519944,63.660000000000004,63.898,0.23800000000000132,0.4219999999999988
0.003522,63.726,64.11599999999999,0.3899999999999828,0.5979999999999954
0.003523991,63.793,64.13199999999996,0.3389999999999649,0.5749999999999549
0.003525959,63.849000000000004,64.14000000000001,0.2910000000000146,0.5510000000000197
0.003527926,63.915,64.25200000000001,0.3370000000000086,0.6330000000000151
0.003529914,63.980999999999995,64.36,0.37900000000000134,0.6990000000000087
0.003531979,64.057,64.47900000000006,0.42200000000005744,0.7640000000000562
0.00353394,64.142,64.714,0.5719999999999938,0.9239999999999835
0.003535978,64.227,64.731,0.5039999999999889,0.881999999999989
0.003537946,64.312,64.85399999999998,0.5419999999999767,0.9339999999999868
0.003539937,64.409,64.86500000000007,0.45600000000006524,0.8860000000000721
0.00354196,64.497,64.97100000000003,0.47400000000003395,0.9320000000000324
0.003543912,64.576,65.175,0.5989999999999966,1.0889999999999915
0.003545928,64.668,65.07,0.4019999999999957,0.942000000000002
0.003547986,64.752,65.27799999999999,0.5259999999999909,1.0699999999999878
0.003549991,64.838,65.47999999999999,0.6419999999999817,1.2019999999999698
0.003551963,64.926,65.69200000000002,0.7660000000000196,1.3420000000000272
0.00355392,65.007,65.92099999999998,0.9139999999999784,1.4519999999999893
0.003555974,65.094,65.97099999999998,0.8769999999999847,1.354999999999979
0.003557963,65.19200000000001,66.21200000000002,1.0200000000000244,1.4560000000000315
0.003559929,65.292,66.359,1.066999999999993,1.448999999999998
0.003561983,65.40599999999999,66.499,1.092999999999991,1.4549999999999859
0.00356399,65.52799999999999,66.74499999999998,1.2169999999999774,1.5469999999999757
0.003565968,65.639,66.88499999999996,1.245999999999972,1.5559999999999743
0.003567994,65.758,67.15599999999995,1.397999999999957,1.6459999999999617
0.003569968,65.87299999999999,67.25099999999996,1.3779999999999646,1.5159999999999556
0.003571951,65.995,67.42500000000004,1.430000000000037,1.5200000000000404
0.003573923,66.104,67.48900000000003,1.3850000000000389,1.4270000000000405
0.003575943,66.21,67.54399999999998,1.3339999999999854,1.365999999999982
0.003577916,66.304,67.60599999999998,1.3019999999999836,1.3019999999999836
0.003579966,66.41,67.86,1.4499999999999957,1.4499999999999957
0.003581996,66.5,68.10500000000002,1.6050000000000164,1.6050000000000164
0.003583953,66.57,68.13999999999993,1.5699999999999399,1.5699999999999399
0.003585999,66.67,68.174,1.504000000000012,1.504000000000012
0.003587953,66.73,68.18800000000002,1.458000000000018,1.458000000000018
0.003589985,66.8,68.30699999999999,1.5069999999999872,1.5069999999999872
0.003591941,66.87,68.333,1.4630000000000045,1.4630000000000045
0.003593941,66.94,68.45599999999995,1.5159999999999432,1.523999999999953
0.003595969,67.02,68.37200000000001,1.3520000000000127,1.4080000000000101
0.003597989,67.08,68.48600000000003,1.4060000000000308,1.4940000000000389
0.003599998,67.14,68.49999999999997,1.3599999999999763,1.4799999999999809
0.00360197,67.19,68.52799999999998,1.3379999999999779,1.441999999999977
0.003603925,67.25,68.55999999999997,1.3099999999999792,1.4099999999999735
0.003605933,67.31,68.69699999999995,1.3869999999999436,1.4729999999999421
0.003607956,67.38000000000001,68.92599999999999,1.5459999999999834,1.6339999999999915
0.003609939,67.45,69.04300000000006,1.5930000000000728,1.707000000000063
0.003611948,67.61,67.08800000000002,-0.5219999999999771,3.362000000000023
0.003613914,67.67,67.09699999999997,-0.5730000000000359,3.352999999999966
0.003615961,67.75,67.11899999999997,-0.6310000000000375,3.3109999999999697
0.003617951,67.82000000000001,67.33300000000001,-0.48699999999998944,3.4870000000000143
0.003619982,67.89,67.24599999999998,-0.644000000000009,3.3639999999999866
0.003621952,67.97,67.26199999999999,-0.7080000000000144,3.307999999999991
0.003623964,68.05,67.44900000000001,-0.6009999999999902,3.301000000000011
